time,open,high,low,close
2026-06-26 04:00,4019.400,4020.900,4016.000,4016.200
2026-06-26 04:05,4016.200,4018.600,4013.800,4016.400
2026-06-26 04:10,4016.700,4024.700,4016.600,4023.400
2026-06-26 04:15,4023.400,4027.600,4021.600,4024.900
2026-06-26 04:20,4024.500,4025.800,4023.000,4023.000
2026-06-26 04:25,4023.100,4023.800,4021.200,4022.500
2026-06-26 04:30,4022.600,4023.600,4019.800,4020.100
2026-06-26 04:35,4019.800,4020.300,4017.300,4018.500
2026-06-26 04:40,4018.500,4023.400,4016.900,4023.100
2026-06-26 04:45,4023.600,4025.100,4022.200,4024.200
2026-06-26 04:50,4024.800,4030.200,4024.200,4029.600
2026-06-26 04:55,4029.100,4030.000,4026.000,4026.800
2026-06-26 05:00,4026.400,4028.300,4024.900,4025.700
2026-06-26 05:05,4025.900,4027.600,4021.700,4027.500
2026-06-26 05:10,4027.500,4030.500,4026.900,4030.500
2026-06-26 05:15,4030.800,4034.600,4028.900,4030.100
2026-06-26 05:20,4030.000,4030.000,4027.000,4028.400
2026-06-26 05:25,4028.600,4033.900,4028.600,4032.100
2026-06-26 05:30,4031.900,4037.100,4030.200,4031.800
2026-06-26 05:35,4032.200,4034.000,4027.500,4029.000
2026-06-26 05:40,4028.900,4032.200,4026.300,4026.500
2026-06-26 05:45,4027.300,4027.600,4021.100,4026.900
2026-06-26 05:50,4026.600,4030.700,4025.900,4030.300
2026-06-26 05:55,4030.100,4030.200,4021.800,4023.200
2026-06-26 06:00,4023.200,4025.800,4022.100,4022.900
2026-06-26 06:05,4023.200,4027.000,4023.200,4024.100
2026-06-26 06:10,4024.200,4025.100,4022.400,4025.000
2026-06-26 06:15,4025.700,4027.000,4023.900,4024.100
2026-06-26 06:20,4024.200,4040.800,4023.900,4038.400
2026-06-26 06:25,4038.800,4040.600,4035.900,4039.600
2026-06-26 06:30,4039.800,4044.000,4038.200,4038.800
2026-06-26 06:35,4039.600,4040.800,4036.700,4038.700
2026-06-26 06:40,4039.300,4042.200,4036.200,4040.900
2026-06-26 06:45,4041.000,4044.000,4039.100,4039.400
2026-06-26 06:50,4038.800,4041.000,4037.400,4039.100
2026-06-26 06:55,4038.900,4049.000,4038.600,4047.200
2026-06-26 07:00,4047.800,4049.700,4042.500,4045.200
2026-06-26 07:05,4045.200,4048.100,4043.700,4044.900
2026-06-26 07:10,4045.200,4045.400,4042.500,4043.500
2026-06-26 07:15,4043.100,4047.200,4042.600,4046.900
2026-06-26 07:20,4046.600,4046.800,4043.100,4045.000
2026-06-26 07:25,4045.100,4055.500,4045.100,4053.700
2026-06-26 07:30,4053.200,4054.500,4052.400,4053.000
2026-06-26 07:35,4053.400,4053.500,4049.500,4051.800
2026-06-26 07:40,4051.900,4051.900,4046.400,4046.400
2026-06-26 07:45,4046.700,4047.100,4043.600,4044.300
2026-06-26 07:50,4043.600,4045.700,4042.800,4045.400
2026-06-26 07:55,4045.400,4047.300,4045.000,4046.400
2026-06-26 08:00,4046.100,4048.600,4041.200,4041.700
2026-06-26 08:05,4042.200,4046.800,4041.200,4045.700
2026-06-26 08:10,4045.100,4046.500,4043.500,4046.400
2026-06-26 08:15,4046.400,4050.000,4045.500,4048.200
2026-06-26 08:20,4047.300,4049.500,4045.600,4046.100
2026-06-26 08:25,4046.500,4051.100,4045.900,4050.800
2026-06-26 08:30,4051.000,4051.200,4047.900,4049.600
2026-06-26 08:35,4049.700,4049.700,4047.400,4048.500
2026-06-26 08:40,4048.800,4051.600,4047.800,4050.600
2026-06-26 08:45,4050.800,4053.000,4048.100,4048.800
2026-06-26 08:50,4048.700,4049.500,4047.200,4048.000
2026-06-26 08:55,4047.800,4047.800,4045.000,4046.100
2026-06-26 09:00,4045.800,4050.000,4044.600,4049.800
2026-06-26 09:05,4049.300,4055.200,4049.300,4054.000
2026-06-26 09:10,4054.200,4057.000,4052.700,4054.700
2026-06-26 09:15,4055.100,4062.700,4050.000,4061.800
2026-06-26 09:20,4061.900,4064.600,4058.200,4063.300
2026-06-26 09:25,4063.700,4066.400,4062.100,4063.600
2026-06-26 09:30,4063.400,4064.900,4060.500,4063.600
2026-06-26 09:35,4063.800,4069.700,4063.800,4067.100
2026-06-26 09:40,4066.700,4068.900,4062.700,4063.200
2026-06-26 09:45,4063.600,4065.000,4060.800,4062.100
2026-06-26 09:50,4062.700,4069.300,4062.000,4066.000
2026-06-26 09:55,4065.600,4066.100,4062.400,4062.800
2026-06-26 10:00,4062.300,4064.200,4059.700,4062.700
2026-06-26 10:05,4063.400,4066.400,4062.200,4065.000
2026-06-26 10:10,4065.400,4067.700,4065.300,4066.400
2026-06-26 10:15,4066.700,4066.800,4060.000,4060.000
2026-06-26 10:20,4060.200,4061.500,4057.500,4059.500
2026-06-26 10:25,4060.100,4063.900,4058.900,4063.300
2026-06-26 10:30,4063.300,4069.500,4062.600,4069.100
2026-06-26 10:35,4069.200,4069.200,4064.100,4064.100
2026-06-26 10:40,4064.700,4065.900,4062.000,4063.600
2026-06-26 10:45,4063.300,4065.500,4062.500,4064.200
2026-06-26 10:50,4063.900,4069.800,4063.600,4068.200
2026-06-26 10:55,4068.400,4070.800,4066.800,4069.800
2026-06-26 11:00,4070.000,4071.000,4066.600,4068.500
2026-06-26 11:05,4067.800,4070.000,4067.100,4068.000
2026-06-26 11:10,4068.200,4068.300,4062.400,4062.700
2026-06-26 11:15,4062.600,4069.500,4061.500,4068.300
2026-06-26 11:20,4068.400,4069.200,4066.600,4067.300
2026-06-26 11:25,4067.500,4068.900,4066.000,4068.100
2026-06-26 11:30,4068.400,4071.500,4068.100,4069.700
2026-06-26 11:35,4068.200,4068.900,4063.600,4063.600
2026-06-26 11:40,4063.700,4065.500,4061.400,4061.900
2026-06-26 11:45,4062.000,4063.600,4060.600,4060.900
2026-06-26 11:50,4061.200,4061.300,4057.600,4059.100
2026-06-26 11:55,4059.500,4062.500,4059.500,4061.000
2026-06-26 12:00,4061.100,4061.100,4058.400,4060.400
2026-06-26 12:05,4059.700,4063.100,4059.700,4063.000
2026-06-26 12:10,4063.100,4065.900,4062.600,4064.000
2026-06-26 12:15,4063.800,4066.500,4058.800,4059.100
2026-06-26 12:20,4059.300,4061.900,4056.800,4059.100
2026-06-26 12:25,4059.100,4062.500,4059.000,4061.400
2026-06-26 12:30,4061.100,4064.000,4057.700,4060.100
2026-06-26 12:35,4059.700,4061.000,4057.900,4059.100
2026-06-26 12:40,4059.100,4059.100,4050.600,4055.100
2026-06-26 12:45,4054.800,4059.200,4054.000,4059.000
2026-06-26 12:50,4059.000,4063.800,4058.400,4060.600
2026-06-26 12:55,4060.800,4076.700,4060.800,4074.000
2026-06-26 13:00,4074.100,4081.300,4065.000,4067.200
2026-06-26 13:05,4067.000,4068.100,4058.000,4059.600
2026-06-26 13:10,4059.700,4065.700,4058.400,4065.100
2026-06-26 13:15,4065.300,4068.000,4057.700,4065.200
2026-06-26 13:20,4065.400,4073.200,4064.200,4072.100
2026-06-26 13:25,4071.800,4073.600,4068.000,4071.900
2026-06-26 13:30,4071.200,4071.800,4062.600,4065.400
2026-06-26 13:35,4065.600,4066.200,4059.400,4061.500
2026-06-26 13:40,4062.300,4077.300,4062.300,4077.300
2026-06-26 13:45,4077.300,4080.400,4073.000,4076.500
2026-06-26 13:50,4077.100,4084.500,4075.600,4078.700
2026-06-26 13:55,4079.800,4093.100,4078.900,4088.700
2026-06-26 14:00,4088.600,4094.900,4083.000,4093.000
2026-06-26 14:05,4092.600,4095.200,4087.500,4094.900
2026-06-26 14:10,4094.900,4101.000,4092.400,4097.800
2026-06-26 14:15,4097.900,4108.700,4096.800,4104.300
2026-06-26 14:20,4104.000,4108.100,4102.900,4104.400
2026-06-26 14:25,4104.400,4106.800,4099.400,4099.700
2026-06-26 14:30,4099.900,4100.500,4094.900,4095.400
2026-06-26 14:35,4095.700,4097.000,4091.300,4094.500
2026-06-26 14:40,4094.400,4099.200,4091.400,4097.700
2026-06-26 14:45,4098.000,4106.800,4098.000,4103.500
2026-06-26 14:50,4103.700,4103.900,4099.100,4103.200
2026-06-26 14:55,4103.100,4106.500,4095.600,4095.700
2026-06-26 15:00,4095.900,4098.300,4094.300,4094.300
2026-06-26 15:05,4094.500,4096.200,4090.700,4096.000
2026-06-26 15:10,4096.000,4097.500,4092.500,4094.300
2026-06-26 15:15,4094.200,4099.800,4093.000,4097.000
2026-06-26 15:20,4097.200,4099.100,4095.300,4097.300
2026-06-26 15:25,4096.700,4099.900,4095.600,4099.100
2026-06-26 15:30,4099.600,4103.900,4097.000,4097.000
2026-06-26 15:35,4097.200,4109.300,4096.600,4106.700
2026-06-26 15:40,4106.800,4110.700,4106.300,4110.200
2026-06-26 15:45,4110.500,4111.500,4106.000,4110.100
2026-06-26 15:50,4110.600,4110.900,4098.500,4101.700
2026-06-26 15:55,4101.500,4107.500,4101.000,4106.300
2026-06-26 16:00,4106.100,4108.400,4105.100,4106.900
2026-06-26 16:05,4106.600,4106.600,4103.600,4104.400
2026-06-26 16:10,4104.600,4107.700,4103.600,4106.800
2026-06-26 16:15,4106.600,4109.200,4104.800,4105.700
2026-06-26 16:20,4106.000,4106.000,4098.500,4101.300
2026-06-26 16:25,4100.800,4103.900,4099.900,4102.300
2026-06-26 16:30,4102.500,4108.600,4102.500,4103.500
2026-06-26 16:35,4103.600,4104.100,4099.400,4100.000
2026-06-26 16:40,4100.200,4101.300,4097.400,4099.600
2026-06-26 16:45,4099.500,4101.900,4098.800,4098.800
2026-06-26 16:50,4099.300,4100.500,4098.000,4100.500
2026-06-26 16:55,4100.600,4100.900,4098.800,4099.900
2026-06-26 17:00,4100.200,4100.700,4098.600,4099.600
2026-06-26 17:05,4099.800,4103.400,4099.300,4102.000
2026-06-26 17:10,4102.200,4102.500,4097.700,4098.400
2026-06-26 17:15,4098.700,4099.400,4096.500,4096.800
2026-06-26 17:20,4096.900,4100.300,4095.300,4099.900
2026-06-26 17:25,4099.700,4099.800,4095.500,4096.700
2026-06-26 17:30,4096.800,4098.400,4091.000,4093.000
2026-06-26 17:35,4093.200,4094.000,4089.400,4090.700
2026-06-26 17:40,4091.000,4092.700,4089.100,4091.600
2026-06-26 17:45,4091.800,4092.600,4089.200,4091.200
2026-06-26 17:50,4091.200,4091.900,4089.400,4090.400
2026-06-26 17:55,4090.100,4090.700,4088.700,4089.600
2026-06-26 18:00,4089.900,4091.800,4087.300,4091.400
2026-06-26 18:05,4090.900,4094.000,4090.000,4092.200
2026-06-26 18:10,4092.300,4092.900,4090.600,4091.600
2026-06-26 18:15,4091.500,4091.700,4088.400,4089.100
2026-06-26 18:20,4089.100,4089.400,4086.000,4086.700
2026-06-26 18:25,4086.800,4088.700,4086.600,4088.300
2026-06-26 18:30,4088.400,4090.300,4088.400,4089.300
2026-06-26 18:35,4089.200,4089.400,4087.500,4088.400
2026-06-26 18:40,4088.900,4088.900,4086.500,4087.500
2026-06-26 18:45,4087.200,4087.200,4082.100,4084.200
2026-06-26 18:50,4084.400,4085.600,4083.300,4085.100
2026-06-26 18:55,4085.400,4086.200,4081.900,4082.200
2026-06-26 19:00,4082.000,4083.200,4079.500,4080.200
2026-06-26 19:05,4080.300,4082.200,4079.000,4081.400
2026-06-26 19:10,4081.300,4084.500,4080.700,4084.000
2026-06-26 19:15,4084.400,4084.400,4081.800,4082.800
2026-06-26 19:20,4082.600,4082.600,4079.100,4080.100
2026-06-26 19:25,4080.600,4082.300,4079.800,4080.800
2026-06-26 19:30,4080.700,4084.700,4079.900,4084.600
2026-06-26 19:35,4084.700,4085.600,4082.500,4083.000
2026-06-26 19:40,4082.800,4084.800,4082.400,4083.200
2026-06-26 19:45,4083.000,4084.700,4081.600,4084.700
2026-06-26 19:50,4084.700,4088.800,4084.500,4087.700
2026-06-26 19:55,4087.800,4089.000,4085.700,4086.200
2026-06-26 20:00,4086.400,4087.200,4085.200,4085.800
2026-06-26 20:05,4085.900,4085.900,4080.300,4080.300
2026-06-26 20:10,4080.800,4082.600,4079.000,4082.400
2026-06-26 20:15,4081.600,4082.800,4080.500,4082.100
2026-06-26 20:20,4082.400,4085.700,4081.600,4085.700
2026-06-26 20:25,4085.900,4087.100,4085.500,4086.600
2026-06-26 20:30,4086.400,4086.400,4081.300,4084.700
2026-06-26 20:35,4083.500,4084.600,4081.900,4083.800
2026-06-26 20:40,4084.100,4085.300,4083.300,4085.300
2026-06-26 20:45,4085.000,4090.500,4084.600,4089.900
2026-06-26 20:50,4089.900,4096.400,4087.700,4095.800
2026-06-26 20:55,4095.300,4104.400,4094.500,4096.300
2026-06-28 22:10,4089.800,4092.400,4083.800,4083.800
2026-06-28 22:15,4084.100,4084.300,4067.100,4074.400
2026-06-28 22:20,4073.600,4076.700,4069.800,4074.000
2026-06-28 22:25,4073.700,4075.600,4070.600,4071.300
2026-06-28 22:30,4070.900,4076.900,4070.200,4071.200
2026-06-28 22:35,4071.100,4075.900,4069.600,4075.100
2026-06-28 22:40,4075.600,4079.600,4075.600,4077.700
2026-06-28 22:45,4077.500,4083.200,4077.400,4083.200
2026-06-28 22:50,4082.600,4083.000,4076.200,4079.000
2026-06-28 22:55,4078.700,4083.500,4078.400,4080.800
2026-06-28 23:00,4080.200,4084.300,4079.600,4082.100
2026-06-28 23:05,4082.200,4084.800,4080.100,4084.100
2026-06-28 23:10,4083.800,4083.800,4079.500,4079.900
2026-06-28 23:15,4079.400,4079.400,4073.400,4074.200
2026-06-28 23:20,4074.400,4075.000,4070.000,4071.700
2026-06-28 23:25,4071.600,4072.600,4069.200,4071.200
2026-06-28 23:30,4069.900,4071.700,4065.900,4070.000
2026-06-28 23:35,4070.500,4076.600,4069.900,4075.200
2026-06-28 23:40,4075.000,4077.200,4074.400,4077.200
2026-06-28 23:45,4077.100,4079.800,4075.600,4076.600
2026-06-28 23:50,4076.600,4080.400,4075.300,4078.900
2026-06-28 23:55,4078.700,4079.500,4076.700,4076.700
2026-06-29 00:00,4076.300,4079.000,4071.500,4076.600
2026-06-29 00:05,4076.400,4076.600,4068.100,4072.200
2026-06-29 00:10,4071.600,4075.300,4070.900,4073.500
2026-06-29 00:15,4073.200,4076.600,4071.500,4072.400
2026-06-29 00:20,4071.500,4072.800,4064.600,4067.000
2026-06-29 00:25,4067.000,4067.200,4062.600,4062.600
2026-06-29 00:30,4062.800,4069.400,4062.800,4068.700
2026-06-29 00:35,4067.900,4075.600,4067.700,4074.700
2026-06-29 00:40,4075.000,4083.800,4075.000,4083.300
2026-06-29 00:45,4083.500,4083.500,4077.100,4080.300
2026-06-29 00:50,4080.400,4083.900,4078.700,4083.900
2026-06-29 00:55,4083.800,4088.700,4082.000,4083.900
2026-06-29 01:00,4083.700,4083.900,4072.300,4078.800
2026-06-29 01:05,4077.500,4088.600,4074.200,4075.800
2026-06-29 01:10,4076.500,4078.300,4068.000,4069.500
2026-06-29 01:15,4069.200,4075.300,4069.100,4071.000
2026-06-29 01:20,4072.900,4077.300,4072.000,4076.700
2026-06-29 01:25,4075.900,4080.600,4073.600,4074.300
2026-06-29 01:30,4073.300,4074.800,4070.100,4074.300
2026-06-29 01:35,4075.000,4079.000,4074.500,4075.900
2026-06-29 01:40,4076.600,4081.000,4076.400,4077.500
2026-06-29 01:45,4078.400,4078.400,4069.200,4075.100
2026-06-29 01:50,4074.800,4075.700,4071.100,4075.400
2026-06-29 01:55,4076.100,4077.800,4074.000,4075.800
2026-06-29 02:00,4075.400,4085.500,4073.700,4080.400
2026-06-29 02:05,4080.200,4081.500,4074.200,4076.400
2026-06-29 02:10,4076.500,4081.200,4074.900,4076.000
2026-06-29 02:15,4075.600,4083.600,4074.900,4082.300
2026-06-29 02:20,4083.200,4084.700,4079.800,4082.000
2026-06-29 02:25,4082.600,4085.300,4081.600,4083.300
2026-06-29 02:30,4083.400,4086.500,4081.700,4083.600
2026-06-29 02:35,4082.700,4083.100,4074.200,4075.200
2026-06-29 02:40,4074.300,4077.800,4073.200,4074.700
2026-06-29 02:45,4075.500,4084.000,4073.600,4082.100
2026-06-29 02:50,4081.700,4084.300,4078.700,4082.500
2026-06-29 02:55,4082.200,4083.300,4079.700,4080.800
2026-06-29 03:00,4081.100,4082.300,4079.900,4080.500
2026-06-29 03:05,4081.000,4085.000,4080.300,4084.500
2026-06-29 03:10,4083.900,4085.300,4080.200,4083.800
2026-06-29 03:15,4083.500,4086.400,4082.300,4083.700
2026-06-29 03:20,4084.100,4090.400,4083.900,4088.400
2026-06-29 03:25,4087.700,4087.900,4085.900,4087.000
2026-06-29 03:30,4087.400,4088.500,4082.500,4084.300
2026-06-29 03:35,4083.900,4083.900,4080.100,4081.300
2026-06-29 03:40,4081.500,4086.100,4080.000,4082.500
2026-06-29 03:45,4081.400,4082.600,4081.000,4082.000
2026-06-29 03:50,4082.200,4086.000,4081.300,4084.500
2026-06-29 03:55,4084.300,4084.300,4082.500,4083.200
2026-06-29 04:00,4082.800,4083.200,4079.500,4082.000
2026-06-29 04:05,4081.800,4082.500,4079.500,4080.600
2026-06-29 04:10,4080.300,4081.200,4078.500,4079.600
2026-06-29 04:15,4079.600,4079.800,4076.500,4078.700
2026-06-29 04:20,4078.600,4079.000,4076.500,4077.900
2026-06-29 04:25,4078.300,4080.800,4078.300,4079.700
2026-06-29 04:30,4079.600,4079.700,4074.600,4075.200
2026-06-29 04:35,4075.700,4075.900,4069.000,4069.000
2026-06-29 04:40,4069.300,4071.900,4066.900,4071.400
2026-06-29 04:45,4071.400,4072.000,4069.800,4071.000
2026-06-29 04:50,4071.000,4072.000,4068.100,4068.100
2026-06-29 04:55,4068.100,4068.300,4063.500,4065.700
2026-06-29 05:00,4065.500,4068.800,4061.100,4068.600
2026-06-29 05:05,4068.500,4071.700,4064.900,4066.500
2026-06-29 05:10,4066.900,4070.300,4066.700,4069.900
2026-06-29 05:15,4069.800,4071.300,4067.800,4068.400
2026-06-29 05:20,4068.600,4070.600,4063.200,4065.000
2026-06-29 05:25,4064.500,4066.900,4061.900,4063.700
2026-06-29 05:30,4063.500,4064.500,4054.100,4059.500
2026-06-29 05:35,4059.600,4059.700,4053.800,4058.400
2026-06-29 05:40,4058.400,4066.000,4057.400,4064.600
2026-06-29 05:45,4065.300,4067.500,4063.500,4064.100
2026-06-29 05:50,4064.200,4069.900,4061.200,4068.000
2026-06-29 05:55,4067.700,4071.400,4066.500,4069.000
2026-06-29 06:00,4068.600,4075.000,4068.100,4073.200
2026-06-29 06:05,4073.200,4078.500,4071.800,4076.300
2026-06-29 06:10,4075.600,4076.900,4071.700,4073.900
2026-06-29 06:15,4073.700,4074.700,4071.800,4074.700
2026-06-29 06:20,4074.100,4074.600,4071.700,4072.700
2026-06-29 06:25,4072.900,4077.800,4070.600,4075.500
2026-06-29 06:30,4075.400,4076.000,4070.000,4071.700
2026-06-29 06:35,4071.800,4074.700,4069.600,4073.800
2026-06-29 06:40,4074.100,4076.500,4073.500,4076.000
2026-06-29 06:45,4076.100,4079.500,4074.600,4077.800
2026-06-29 06:50,4077.700,4079.600,4076.900,4078.100
2026-06-29 06:55,4077.900,4078.900,4076.400,4077.000
2026-06-29 07:00,4077.500,4077.600,4072.800,4075.000
2026-06-29 07:05,4075.300,4075.300,4072.400,4074.200
2026-06-29 07:10,4074.200,4075.900,4070.700,4073.600
2026-06-29 07:15,4074.000,4077.300,4072.900,4075.000
2026-06-29 07:20,4075.200,4077.100,4073.000,4077.100
2026-06-29 07:25,4076.900,4081.100,4075.300,4080.600
2026-06-29 07:30,4080.900,4080.900,4077.500,4077.800
2026-06-29 07:35,4077.300,4078.200,4076.000,4077.700
2026-06-29 07:40,4078.000,4079.500,4075.700,4077.100
2026-06-29 07:45,4077.000,4079.100,4075.400,4077.500
2026-06-29 07:50,4077.800,4083.200,4077.600,4078.800
2026-06-29 07:55,4079.200,4080.800,4075.900,4076.300
2026-06-29 08:00,4075.700,4078.700,4074.900,4077.100
2026-06-29 08:05,4077.500,4080.600,4076.600,4078.100
2026-06-29 08:10,4078.000,4078.900,4076.500,4078.500
2026-06-29 08:15,4078.400,4080.000,4076.300,4078.300
2026-06-29 08:20,4077.900,4077.900,4075.100,4076.800
2026-06-29 08:25,4077.100,4078.100,4074.400,4075.500
2026-06-29 08:30,4075.300,4081.000,4075.300,4078.200
2026-06-29 08:35,4077.800,4078.400,4074.800,4076.600
2026-06-29 08:40,4076.800,4076.800,4068.800,4069.900
2026-06-29 08:45,4069.600,4071.500,4067.400,4069.300
2026-06-29 08:50,4069.500,4069.800,4065.600,4066.000
2026-06-29 08:55,4065.700,4066.700,4057.500,4060.900
2026-06-29 09:00,4061.300,4064.500,4059.200,4063.300
2026-06-29 09:05,4063.600,4069.400,4063.200,4066.900
2026-06-29 09:10,4067.000,4067.900,4062.500,4064.500
2026-06-29 09:15,4063.700,4067.500,4063.000,4065.700
2026-06-29 09:20,4065.700,4065.700,4060.800,4062.100
2026-06-29 09:25,4061.800,4062.900,4059.300,4061.200
2026-06-29 09:30,4061.600,4064.700,4055.600,4059.600
2026-06-29 09:35,4059.400,4059.600,4055.000,4057.400
2026-06-29 09:40,4057.400,4058.400,4054.400,4057.600
2026-06-29 09:45,4057.500,4058.300,4051.300,4054.300
2026-06-29 09:50,4053.700,4053.700,4046.400,4048.200
2026-06-29 09:55,4048.300,4050.700,4038.100,4045.800
2026-06-29 10:00,4046.500,4047.900,4041.500,4044.000
2026-06-29 10:05,4043.900,4046.800,4043.800,4046.300
2026-06-29 10:10,4046.400,4053.900,4046.400,4053.200
2026-06-29 10:15,4052.400,4052.800,4047.100,4049.800
2026-06-29 10:20,4049.800,4052.700,4048.800,4052.000
2026-06-29 10:25,4051.500,4053.100,4050.800,4051.400
2026-06-29 10:30,4051.800,4052.700,4046.100,4047.900
2026-06-29 10:35,4047.800,4052.800,4045.900,4052.400
2026-06-29 10:40,4052.500,4053.000,4047.700,4049.200
2026-06-29 10:45,4048.800,4049.700,4046.800,4049.400
2026-06-29 10:50,4049.100,4052.700,4048.300,4052.700
2026-06-29 10:55,4052.200,4052.500,4049.800,4051.100
2026-06-29 11:00,4051.700,4053.000,4049.700,4050.800
2026-06-29 11:05,4051.000,4052.200,4049.700,4051.500
2026-06-29 11:10,4051.100,4051.100,4046.900,4049.000
2026-06-29 11:15,4049.000,4050.500,4047.500,4047.900
2026-06-29 11:20,4047.500,4048.800,4043.500,4043.500
2026-06-29 11:25,4043.400,4046.200,4041.500,4046.200
2026-06-29 11:30,4046.400,4052.900,4044.100,4049.700
2026-06-29 11:35,4049.700,4050.000,4046.100,4046.800
2026-06-29 11:40,4046.600,4050.900,4046.500,4049.200
2026-06-29 11:45,4049.800,4052.400,4049.100,4049.400
2026-06-29 11:50,4049.900,4053.100,4049.800,4052.400
2026-06-29 11:55,4052.500,4056.700,4051.600,4053.300
2026-06-29 12:00,4053.500,4062.400,4052.500,4059.900
2026-06-29 12:05,4060.300,4062.700,4058.500,4062.400
2026-06-29 12:10,4062.600,4067.000,4061.700,4061.800
2026-06-29 12:15,4062.200,4064.200,4057.600,4057.600
2026-06-29 12:20,4058.100,4060.100,4052.000,4053.800
2026-06-29 12:25,4053.700,4055.300,4051.800,4052.500
2026-06-29 12:30,4052.600,4058.400,4051.800,4057.400
2026-06-29 12:35,4057.900,4061.500,4057.600,4059.100
2026-06-29 12:40,4059.400,4060.900,4055.600,4058.900
2026-06-29 12:45,4059.000,4061.300,4056.500,4057.500
2026-06-29 12:50,4057.900,4062.300,4057.900,4058.700
2026-06-29 12:55,4058.500,4059.500,4056.400,4057.800
2026-06-29 13:00,4057.800,4066.200,4057.700,4065.000
2026-06-29 13:05,4065.100,4065.900,4060.000,4060.400
2026-06-29 13:10,4060.300,4064.100,4058.800,4061.400
2026-06-29 13:15,4061.400,4064.000,4060.300,4063.500
2026-06-29 13:20,4063.200,4063.500,4057.400,4058.100
2026-06-29 13:25,4057.900,4057.900,4052.000,4052.000
2026-06-29 13:30,4052.300,4058.800,4050.600,4057.300
2026-06-29 13:35,4057.200,4058.200,4048.100,4050.500
2026-06-29 13:40,4050.100,4056.200,4049.300,4052.600
2026-06-29 13:45,4052.400,4054.500,4047.300,4049.300
2026-06-29 13:50,4048.500,4050.500,4044.400,4046.100
2026-06-29 13:55,4046.100,4047.600,4042.200,4046.400
2026-06-29 14:00,4046.600,4049.600,4036.200,4041.400
2026-06-29 14:05,4041.000,4042.100,4028.200,4029.800
2026-06-29 14:10,4029.900,4031.800,4021.600,4022.800
2026-06-29 14:15,4022.300,4033.000,4012.000,4031.400
2026-06-29 14:20,4031.800,4034.800,4029.300,4034.400
2026-06-29 14:25,4034.400,4042.600,4034.300,4038.900
2026-06-29 14:30,4038.800,4042.400,4037.600,4040.500
2026-06-29 14:35,4040.900,4042.000,4035.600,4038.100
2026-06-29 14:40,4037.700,4038.300,4034.100,4034.900
2026-06-29 14:45,4035.300,4037.800,4031.900,4033.900
2026-06-29 14:50,4033.400,4041.400,4033.100,4040.300
2026-06-29 14:55,4040.400,4044.700,4037.700,4039.500
2026-06-29 15:00,4039.900,4040.300,4035.000,4035.800
2026-06-29 15:05,4035.100,4039.000,4034.600,4037.200
2026-06-29 15:10,4037.400,4038.400,4033.100,4035.400
2026-06-29 15:15,4035.700,4041.700,4035.200,4036.100
2026-06-29 15:20,4036.300,4036.400,4030.500,4032.000
2026-06-29 15:25,4032.300,4038.900,4031.600,4038.400
2026-06-29 15:30,4038.600,4040.900,4037.100,4037.600
2026-06-29 15:35,4037.200,4039.100,4031.500,4036.900
2026-06-29 15:40,4037.000,4037.800,4035.600,4037.200
2026-06-29 15:45,4037.000,4042.000,4036.400,4041.200
2026-06-29 15:50,4041.100,4044.100,4040.000,4042.800
2026-06-29 15:55,4042.500,4045.000,4041.300,4041.500
2026-06-29 16:00,4041.500,4043.300,4040.000,4040.700
2026-06-29 16:05,4040.600,4042.100,4038.700,4041.800
2026-06-29 16:10,4041.600,4042.100,4037.900,4038.400
2026-06-29 16:15,4038.200,4040.200,4036.300,4040.000
2026-06-29 16:20,4039.600,4041.200,4039.200,4040.600
2026-06-29 16:25,4040.100,4040.200,4037.800,4038.200
2026-06-29 16:30,4038.300,4039.000,4033.000,4033.700
2026-06-29 16:35,4034.100,4036.200,4033.800,4035.700
2026-06-29 16:40,4035.500,4036.700,4034.000,4035.700
2026-06-29 16:45,4035.600,4040.500,4035.300,4040.500
2026-06-29 16:50,4040.700,4042.500,4039.800,4040.400
2026-06-29 16:55,4040.000,4041.100,4038.000,4038.400
2026-06-29 17:00,4038.500,4040.400,4037.800,4039.600
2026-06-29 17:05,4040.200,4046.400,4040.200,4045.000
2026-06-29 17:10,4045.000,4046.700,4042.300,4043.600
2026-06-29 17:15,4043.400,4045.300,4042.900,4044.800
2026-06-29 17:20,4044.900,4044.900,4041.200,4041.800
2026-06-29 17:25,4041.300,4041.700,4036.900,4038.300
2026-06-29 17:30,4038.500,4038.700,4035.200,4038.100
2026-06-29 17:35,4038.000,4038.900,4036.700,4038.300
2026-06-29 17:40,4038.000,4038.900,4036.200,4036.300
2026-06-29 17:45,4036.700,4036.900,4034.900,4035.500
2026-06-29 17:50,4036.200,4037.100,4034.000,4035.800
2026-06-29 17:55,4035.800,4036.300,4033.800,4035.300
2026-06-29 18:00,4035.700,4038.700,4035.000,4038.200
2026-06-29 18:05,4038.200,4038.200,4036.500,4037.100
2026-06-29 18:10,4037.400,4039.100,4037.400,4038.700
2026-06-29 18:15,4038.500,4040.000,4037.200,4039.500
2026-06-29 18:20,4039.200,4039.900,4038.500,4039.500
2026-06-29 18:25,4039.000,4039.000,4034.800,4035.700
2026-06-29 18:30,4035.700,4036.100,4034.500,4035.100
2026-06-29 18:35,4035.100,4035.600,4034.200,4035.300
2026-06-29 18:40,4035.200,4035.900,4033.900,4035.300
2026-06-29 18:45,4035.400,4035.600,4030.000,4030.000
2026-06-29 18:50,4030.400,4032.400,4030.000,4032.000
2026-06-29 18:55,4031.900,4031.900,4026.100,4027.800
2026-06-29 19:00,4027.700,4029.100,4024.200,4024.300
2026-06-29 19:05,4024.200,4026.200,4023.900,4026.100
2026-06-29 19:10,4025.900,4026.400,4022.200,4022.300
2026-06-29 19:15,4022.200,4023.400,4019.200,4023.400
2026-06-29 19:20,4023.100,4027.000,4022.900,4026.100
2026-06-29 19:25,4026.100,4031.500,4026.100,4031.500
2026-06-29 19:30,4031.500,4034.400,4031.100,4032.000
2026-06-29 19:35,4032.200,4033.500,4031.200,4031.600
2026-06-29 19:40,4031.700,4033.000,4030.900,4032.500
2026-06-29 19:45,4032.600,4033.000,4029.300,4029.400
2026-06-29 19:50,4029.600,4029.900,4027.500,4028.300
2026-06-29 19:55,4028.200,4031.500,4027.100,4030.400
2026-06-29 20:00,4030.600,4030.600,4028.700,4030.000
2026-06-29 20:05,4029.600,4030.300,4027.200,4028.800
2026-06-29 20:10,4029.000,4029.400,4028.200,4028.800
2026-06-29 20:15,4029.000,4031.200,4029.000,4031.200
2026-06-29 20:20,4031.200,4031.500,4030.500,4031.000
2026-06-29 20:25,4030.900,4032.500,4030.800,4032.500
2026-06-29 20:30,4032.500,4032.500,4030.700,4031.600
2026-06-29 20:35,4031.400,4031.400,4029.300,4029.400
2026-06-29 20:40,4029.400,4030.200,4029.200,4030.200
2026-06-29 20:45,4030.000,4030.500,4029.000,4029.300
2026-06-29 20:50,4029.300,4031.800,4029.100,4031.200
2026-06-29 20:55,4031.200,4031.900,4030.300,4030.500
2026-06-29 22:00,4032.500,4035.200,4031.100,4032.900
2026-06-29 22:05,4033.000,4035.500,4030.700,4035.500
2026-06-29 22:10,4035.300,4036.500,4032.000,4032.000
2026-06-29 22:15,4032.800,4034.200,4031.900,4033.900
2026-06-29 22:20,4034.300,4034.800,4031.400,4031.600
2026-06-29 22:25,4031.500,4031.500,4029.500,4029.900
2026-06-29 22:30,4029.800,4029.800,4027.300,4028.100
2026-06-29 22:35,4027.700,4028.500,4026.200,4026.700
2026-06-29 22:40,4026.400,4028.700,4024.300,4024.300
2026-06-29 22:45,4024.200,4028.600,4023.500,4028.300
2026-06-29 22:50,4028.300,4030.800,4027.300,4029.800
2026-06-29 22:55,4030.000,4031.300,4027.000,4028.400
2026-06-29 23:00,4029.000,4032.700,4028.200,4032.100
2026-06-29 23:05,4032.100,4035.600,4031.700,4033.200
2026-06-29 23:10,4034.200,4035.400,4033.900,4035.100
2026-06-29 23:15,4034.800,4036.700,4034.500,4035.000
2026-06-29 23:20,4035.600,4035.700,4032.200,4032.600
2026-06-29 23:25,4032.300,4032.500,4030.000,4031.100
2026-06-29 23:30,4030.600,4035.600,4029.800,4033.100
2026-06-29 23:35,4033.100,4034.000,4032.600,4033.100
2026-06-29 23:40,4032.700,4032.700,4027.400,4029.200
2026-06-29 23:45,4029.000,4031.200,4027.600,4030.000
2026-06-29 23:50,4031.500,4032.100,4029.400,4029.600
2026-06-29 23:55,4028.800,4029.800,4028.000,4029.400
2026-06-30 00:00,4028.600,4028.900,4021.200,4022.100
2026-06-30 00:05,4022.000,4022.000,4017.100,4018.200
2026-06-30 00:10,4018.600,4027.500,4018.600,4024.700
2026-06-30 00:15,4024.000,4025.200,4018.300,4020.000
2026-06-30 00:20,4019.900,4023.100,4019.400,4021.900
2026-06-30 00:25,4022.400,4022.600,4017.700,4019.600
2026-06-30 00:30,4020.400,4020.400,4014.200,4015.900
2026-06-30 00:35,4015.400,4016.100,4008.000,4009.100
2026-06-30 00:40,4009.200,4011.200,4004.200,4005.000
2026-06-30 00:45,4005.600,4007.600,4003.900,4005.700
2026-06-30 00:50,4006.300,4007.200,4004.000,4005.500
2026-06-30 00:55,4005.200,4005.200,3992.600,4001.300
2026-06-30 01:00,4000.500,4000.800,3988.800,3993.400
2026-06-30 01:05,3992.500,3993.000,3955.400,3976.900
2026-06-30 01:10,3978.000,3983.000,3968.000,3971.700
2026-06-30 01:15,3971.600,3984.800,3963.600,3983.900
2026-06-30 01:20,3983.800,3988.800,3979.900,3983.500
2026-06-30 01:25,3983.900,3994.200,3981.700,3992.100
2026-06-30 01:30,3992.100,3993.100,3987.900,3989.200
2026-06-30 01:35,3989.700,3990.500,3983.300,3984.100
2026-06-30 01:40,3985.000,3986.300,3979.400,3982.500
2026-06-30 01:45,3981.800,3986.900,3974.500,3976.100
2026-06-30 01:50,3976.100,3980.100,3974.900,3976.800
2026-06-30 01:55,3977.300,3983.200,3975.600,3982.700
2026-06-30 02:00,3982.400,3986.800,3979.700,3982.700
2026-06-30 02:05,3982.800,3984.400,3971.900,3972.300
2026-06-30 02:10,3972.100,3973.700,3965.500,3971.000
2026-06-30 02:15,3971.300,3975.400,3969.400,3974.200
2026-06-30 02:20,3973.900,3977.600,3969.300,3976.700
2026-06-30 02:25,3976.300,3979.000,3973.500,3975.500
2026-06-30 02:30,3975.000,3976.500,3969.700,3971.600
2026-06-30 02:35,3972.300,3976.100,3967.400,3976.100
2026-06-30 02:40,3975.500,3977.000,3970.200,3972.600
2026-06-30 02:45,3973.000,3977.600,3972.500,3976.800
2026-06-30 02:50,3977.100,3983.800,3976.300,3979.500
2026-06-30 02:55,3979.700,3980.200,3972.800,3975.800
2026-06-30 03:00,3976.100,3982.800,3976.000,3981.400
2026-06-30 03:05,3981.300,3982.100,3978.600,3980.500
2026-06-30 03:10,3980.600,3982.900,3978.900,3979.800
2026-06-30 03:15,3979.300,3984.200,3979.200,3983.000
2026-06-30 03:20,3982.800,3984.200,3978.200,3979.300
2026-06-30 03:25,3978.500,3981.200,3976.200,3979.100
2026-06-30 03:30,3979.100,3980.000,3973.100,3974.000
2026-06-30 03:35,3974.000,3979.000,3974.000,3977.900
2026-06-30 03:40,3977.700,3978.300,3975.400,3976.400
2026-06-30 03:45,3977.100,3981.500,3977.000,3981.000
2026-06-30 03:50,3981.600,3983.200,3980.000,3980.500
2026-06-30 03:55,3979.600,3984.000,3979.000,3983.800
2026-06-30 04:00,3982.500,3988.100,3982.100,3984.800
2026-06-30 04:05,3984.000,3984.600,3981.300,3982.100
2026-06-30 04:10,3982.500,3986.600,3981.500,3985.800
2026-06-30 04:15,3986.000,3988.500,3985.200,3987.700
2026-06-30 04:20,3988.000,3990.900,3987.900,3990.600
2026-06-30 04:25,3990.700,3997.100,3990.700,3995.800
2026-06-30 04:30,3995.800,4010.100,3995.800,4009.500
2026-06-30 04:35,4010.000,4011.600,4005.900,4006.300
2026-06-30 04:40,4005.800,4006.500,4000.700,4002.200
2026-06-30 04:45,4002.200,4003.600,3997.200,4002.800
2026-06-30 04:50,4002.700,4005.000,4001.800,4001.900
2026-06-30 04:55,4001.700,4002.400,3999.200,3999.200
2026-06-30 05:00,3999.700,4002.400,3997.800,4001.900
2026-06-30 05:05,4001.100,4004.300,3999.600,4001.200
2026-06-30 05:10,4001.900,4001.900,3997.800,3998.800
2026-06-30 05:15,3998.700,3999.200,3994.400,3994.400
2026-06-30 05:20,3994.700,3999.500,3993.300,3999.000
2026-06-30 05:25,3999.000,4001.300,3992.900,3996.200
2026-06-30 05:30,3996.300,3996.500,3989.500,3990.500
2026-06-30 05:35,3990.700,3996.100,3988.600,3995.700
2026-06-30 05:40,3995.600,3998.600,3992.500,3992.500
2026-06-30 05:45,3992.700,3995.300,3991.300,3993.400
2026-06-30 05:50,3993.000,3995.300,3989.800,3994.000
2026-06-30 05:55,3994.200,3994.400,3990.700,3991.100
2026-06-30 06:00,3991.500,4000.000,3991.500,3998.100
2026-06-30 06:05,3997.900,4003.400,3997.900,4000.700
2026-06-30 06:10,4000.400,4001.200,3998.500,4001.200
2026-06-30 06:15,4000.900,4001.600,3997.400,4000.200
2026-06-30 06:20,4000.100,4017.000,3999.200,4013.500
2026-06-30 06:25,4013.300,4027.100,4010.600,4025.500
2026-06-30 06:30,4025.300,4045.100,4024.200,4044.100
2026-06-30 06:35,4043.900,4047.800,4035.100,4035.800
2026-06-30 06:40,4035.700,4042.500,4035.100,4039.100
2026-06-30 06:45,4038.300,4047.500,4037.100,4045.600
2026-06-30 06:50,4045.300,4046.000,4040.400,4041.100
2026-06-30 06:55,4041.100,4046.200,4040.600,4043.500
2026-06-30 07:00,4043.700,4043.900,4038.900,4040.500
2026-06-30 07:05,4041.000,4044.000,4038.000,4041.900
2026-06-30 07:10,4041.600,4041.600,4037.500,4039.300
2026-06-30 07:15,4040.000,4044.500,4039.400,4043.200
2026-06-30 07:20,4043.100,4046.100,4040.900,4044.700
2026-06-30 07:25,4045.100,4048.700,4042.300,4042.300
2026-06-30 07:30,4042.700,4045.900,4040.100,4045.500
2026-06-30 07:35,4045.500,4046.300,4041.400,4045.400
2026-06-30 07:40,4044.000,4044.400,4041.700,4042.800
2026-06-30 07:45,4042.600,4045.000,4040.800,4042.300
2026-06-30 07:50,4041.200,4044.500,4039.600,4043.900
2026-06-30 07:55,4044.200,4047.200,4043.700,4046.300
2026-06-30 08:00,4046.400,4050.600,4045.600,4049.700
2026-06-30 08:05,4049.700,4051.800,4040.200,4041.500
2026-06-30 08:10,4041.300,4041.900,4035.400,4038.000
2026-06-30 08:15,4038.200,4038.200,4034.500,4035.900
2026-06-30 08:20,4035.800,4039.700,4033.900,4035.000
2026-06-30 08:25,4034.900,4040.400,4034.800,4039.900
2026-06-30 08:30,4040.000,4040.700,4037.100,4037.200
2026-06-30 08:35,4036.900,4037.200,4032.300,4033.100
2026-06-30 08:40,4033.000,4033.400,4029.200,4031.600
2026-06-30 08:45,4031.700,4033.500,4030.600,4032.400
2026-06-30 08:50,4032.600,4033.700,4027.200,4030.300
2026-06-30 08:55,4030.600,4031.100,4028.100,4029.000
2026-06-30 09:00,4029.000,4033.000,4028.300,4033.000
2026-06-30 09:05,4033.200,4035.700,4032.700,4032.700
2026-06-30 09:10,4032.800,4034.000,4030.800,4032.400
2026-06-30 09:15,4032.200,4033.300,4031.200,4031.900
2026-06-30 09:20,4032.300,4037.000,4031.900,4032.800
2026-06-30 09:25,4033.200,4034.100,4029.700,4031.200
2026-06-30 09:30,4031.500,4032.700,4026.700,4027.700
2026-06-30 09:35,4027.000,4030.900,4025.900,4029.600
2026-06-30 09:40,4029.900,4032.600,4029.500,4032.600
2026-06-30 09:45,4032.700,4034.400,4032.400,4032.900
2026-06-30 09:50,4032.800,4037.300,4032.300,4036.300
2026-06-30 09:55,4035.800,4038.000,4034.300,4038.000
2026-06-30 10:00,4038.100,4040.400,4037.400,4038.700
2026-06-30 10:05,4038.700,4040.700,4036.000,4038.500
2026-06-30 10:10,4038.400,4040.000,4035.500,4039.800
2026-06-30 10:15,4040.100,4041.300,4038.100,4038.100
2026-06-30 10:20,4038.200,4040.100,4038.100,4039.700
2026-06-30 10:25,4040.000,4042.400,4039.200,4042.400
2026-06-30 10:30,4042.000,4042.100,4039.100,4040.900
2026-06-30 10:35,4040.100,4042.900,4040.000,4041.800
2026-06-30 10:40,4041.500,4044.000,4040.800,4041.700
2026-06-30 10:45,4042.100,4044.000,4040.100,4042.400
2026-06-30 10:50,4042.600,4043.800,4042.100,4043.100
2026-06-30 10:55,4042.900,4045.500,4042.900,4043.900
2026-06-30 11:00,4043.900,4044.200,4039.300,4042.500
2026-06-30 11:05,4042.700,4046.000,4042.700,4045.200
2026-06-30 11:10,4045.000,4048.000,4045.000,4047.600
2026-06-30 11:15,4047.800,4048.800,4044.100,4044.500
2026-06-30 11:20,4044.700,4048.000,4044.300,4045.300
2026-06-30 11:25,4045.000,4048.500,4043.800,4046.200
2026-06-30 11:30,4046.000,4047.600,4043.400,4044.600
2026-06-30 11:35,4045.000,4045.700,4042.100,4045.600
2026-06-30 11:40,4045.300,4049.400,4044.200,4049.100
2026-06-30 11:45,4048.800,4051.400,4045.200,4046.500
2026-06-30 11:50,4046.900,4046.900,4043.400,4045.500
2026-06-30 11:55,4045.800,4048.200,4044.600,4047.500
2026-06-30 12:00,4048.000,4048.200,4043.900,4045.400
2026-06-30 12:05,4045.600,4045.900,4042.200,4042.200
2026-06-30 12:10,4042.300,4042.300,4039.900,4040.100
2026-06-30 12:15,4040.200,4042.300,4038.500,4040.200
2026-06-30 12:20,4039.400,4040.400,4031.200,4031.700
2026-06-30 12:25,4031.400,4032.400,4028.700,4030.800
2026-06-30 12:30,4030.800,4035.700,4028.100,4029.800
2026-06-30 12:35,4029.900,4032.000,4026.200,4032.000
2026-06-30 12:40,4032.000,4033.500,4029.600,4032.400
2026-06-30 12:45,4032.100,4032.100,4027.400,4028.900
2026-06-30 12:50,4028.700,4029.800,4026.100,4027.900
2026-06-30 12:55,4028.100,4028.500,4022.100,4023.900
2026-06-30 13:00,4023.700,4031.800,4022.900,4030.000
2026-06-30 13:05,4029.100,4038.300,4028.900,4037.100
2026-06-30 13:10,4037.000,4039.700,4036.000,4037.400
2026-06-30 13:15,4037.600,4044.500,4035.800,4044.000
2026-06-30 13:20,4043.700,4047.500,4033.000,4033.700
2026-06-30 13:25,4033.400,4038.200,4033.400,4038.200
2026-06-30 13:30,4038.000,4041.700,4033.500,4035.300
2026-06-30 13:35,4036.200,4037.600,4027.200,4028.100
2026-06-30 13:40,4028.000,4040.900,4027.800,4039.300
2026-06-30 13:45,4039.500,4042.300,4036.500,4038.500
2026-06-30 13:50,4038.500,4047.000,4038.500,4043.000
2026-06-30 13:55,4043.000,4046.700,4041.300,4043.900
2026-06-30 14:00,4044.400,4045.800,4039.500,4040.400
2026-06-30 14:05,4040.800,4059.900,4039.800,4058.000
2026-06-30 14:10,4057.500,4064.700,4051.600,4058.000
2026-06-30 14:15,4057.900,4064.700,4057.700,4063.700
2026-06-30 14:20,4063.800,4078.100,4062.500,4077.300
2026-06-30 14:25,4077.600,4077.600,4068.100,4068.800
2026-06-30 14:30,4069.000,4073.300,4066.000,4066.500
2026-06-30 14:35,4066.400,4068.300,4059.200,4063.900
2026-06-30 14:40,4064.000,4068.500,4062.800,4065.400
2026-06-30 14:45,4065.800,4065.800,4058.000,4058.800
2026-06-30 14:50,4058.600,4061.900,4056.400,4057.800
2026-06-30 14:55,4058.200,4059.200,4051.800,4052.000
2026-06-30 15:00,4052.100,4054.300,4048.600,4049.400
2026-06-30 15:05,4049.300,4053.000,4046.600,4049.700
2026-06-30 15:10,4049.400,4051.800,4046.600,4050.600
2026-06-30 15:15,4050.400,4050.400,4040.300,4041.600
2026-06-30 15:20,4041.400,4043.400,4036.400,4041.800
2026-06-30 15:25,4041.700,4045.100,4041.200,4042.700
2026-06-30 15:30,4043.200,4045.600,4041.400,4044.000
2026-06-30 15:35,4044.400,4045.500,4041.800,4045.200
2026-06-30 15:40,4045.100,4045.100,4040.700,4043.700
2026-06-30 15:45,4043.500,4049.300,4043.500,4048.000
2026-06-30 15:50,4047.000,4048.500,4045.700,4048.200
2026-06-30 15:55,4048.500,4049.000,4043.200,4044.200
2026-06-30 16:00,4043.800,4045.000,4040.800,4041.600
2026-06-30 16:05,4042.100,4043.600,4040.100,4041.500
2026-06-30 16:10,4041.600,4044.700,4041.200,4044.500
2026-06-30 16:15,4044.600,4045.700,4042.300,4044.300
2026-06-30 16:20,4044.700,4046.100,4043.500,4043.800
2026-06-30 16:25,4044.000,4045.400,4043.200,4044.500
2026-06-30 16:30,4044.000,4045.900,4043.400,4045.300
2026-06-30 16:35,4045.400,4045.600,4041.900,4044.600
2026-06-30 16:40,4044.500,4046.800,4042.700,4045.800
2026-06-30 16:45,4045.700,4048.500,4045.600,4046.100
2026-06-30 16:50,4045.800,4046.500,4044.500,4046.100
2026-06-30 16:55,4045.900,4045.900,4040.300,4040.300
2026-06-30 17:00,4040.800,4042.500,4039.000,4041.300
2026-06-30 17:05,4041.200,4041.400,4035.400,4037.000
2026-06-30 17:10,4036.900,4037.900,4034.900,4037.600
2026-06-30 17:15,4037.500,4042.800,4037.500,4041.300
2026-06-30 17:20,4041.000,4041.500,4037.500,4038.500
2026-06-30 17:25,4038.100,4040.900,4036.100,4040.000
2026-06-30 17:30,4040.100,4043.100,4039.800,4042.600
2026-06-30 17:35,4042.000,4043.300,4040.500,4041.700
2026-06-30 17:40,4041.600,4044.600,4040.800,4044.000
2026-06-30 17:45,4043.900,4045.800,4043.800,4044.400
2026-06-30 17:50,4044.800,4047.100,4044.600,4046.300
2026-06-30 17:55,4046.000,4046.300,4044.600,4045.500
2026-06-30 18:00,4045.900,4047.000,4045.500,4046.400
2026-06-30 18:05,4047.000,4048.700,4046.400,4047.700
2026-06-30 18:10,4047.600,4048.200,4046.800,4047.200
2026-06-30 18:15,4047.000,4047.100,4045.100,4047.100
2026-06-30 18:20,4046.900,4047.800,4045.900,4046.400
2026-06-30 18:25,4046.400,4047.100,4045.200,4046.200
2026-06-30 18:30,4046.500,4046.600,4044.100,4044.800
2026-06-30 18:35,4045.100,4046.300,4044.500,4044.500
2026-06-30 18:40,4044.800,4046.100,4042.800,4045.700
2026-06-30 18:45,4045.600,4046.500,4043.800,4046.300
2026-06-30 18:50,4046.500,4047.400,4045.400,4046.800
2026-06-30 18:55,4046.600,4046.600,4043.300,4043.600
2026-06-30 19:00,4043.000,4044.200,4041.300,4041.500
2026-06-30 19:05,4041.600,4042.300,4039.300,4039.800
2026-06-30 19:10,4040.100,4041.300,4038.500,4039.200
2026-06-30 19:15,4038.700,4040.100,4038.100,4038.700
2026-06-30 19:20,4038.600,4039.200,4036.200,4036.700
2026-06-30 19:25,4036.800,4037.300,4035.600,4035.600
2026-06-30 19:30,4036.000,4038.200,4035.300,4036.800
2026-06-30 19:35,4036.600,4037.200,4035.400,4036.600
2026-06-30 19:40,4036.600,4037.400,4035.600,4036.900
2026-06-30 19:45,4036.800,4037.300,4034.500,4035.100
2026-06-30 19:50,4034.900,4035.400,4030.200,4030.900
2026-06-30 19:55,4031.200,4033.200,4029.100,4030.200
2026-06-30 20:00,4030.200,4033.600,4028.300,4032.500
2026-06-30 20:05,4032.500,4035.000,4032.000,4034.100
2026-06-30 20:10,4034.100,4035.100,4033.900,4034.600
2026-06-30 20:15,4034.800,4036.000,4032.500,4032.500
2026-06-30 20:20,4032.500,4032.700,4030.400,4030.400
2026-06-30 20:25,4030.100,4030.300,4027.100,4027.400
2026-06-30 20:30,4027.400,4028.600,4025.900,4026.200
2026-06-30 20:35,4026.000,4026.100,4024.500,4025.000
2026-06-30 20:40,4025.300,4026.800,4025.000,4025.800
2026-06-30 20:45,4025.700,4026.300,4024.700,4025.300
2026-06-30 20:50,4025.500,4026.000,4024.500,4025.400
2026-06-30 20:55,4024.900,4025.400,4020.600,4021.800
2026-06-30 22:00,4025.000,4028.200,4022.100,4027.100
2026-06-30 22:05,4027.300,4030.200,4027.300,4030.100
2026-06-30 22:10,4030.400,4030.400,4026.900,4027.500
2026-06-30 22:15,4028.000,4029.700,4025.600,4027.900
2026-06-30 22:20,4027.700,4027.700,4025.200,4026.400
2026-06-30 22:25,4026.000,4028.000,4025.400,4027.200
2026-06-30 22:30,4026.600,4028.800,4026.600,4028.200
2026-06-30 22:35,4028.400,4030.000,4028.300,4029.500
2026-06-30 22:40,4029.500,4032.000,4027.300,4027.300
2026-06-30 22:45,4027.100,4029.500,4025.700,4026.200
2026-06-30 22:50,4026.100,4026.300,4024.200,4025.000
2026-06-30 22:55,4025.300,4026.400,4024.900,4026.400
2026-06-30 23:00,4026.500,4027.000,4024.300,4025.600
2026-06-30 23:05,4026.100,4031.800,4026.000,4030.300
2026-06-30 23:10,4030.500,4031.300,4027.200,4027.400
2026-06-30 23:15,4027.900,4028.500,4025.300,4025.300
2026-06-30 23:20,4025.400,4025.400,4021.500,4023.100
2026-06-30 23:25,4023.100,4024.800,4021.300,4024.400
2026-06-30 23:30,4024.300,4025.800,4022.500,4024.600
2026-06-30 23:35,4023.300,4024.100,4022.100,4023.600
2026-06-30 23:40,4023.300,4023.800,4022.300,4023.200
2026-06-30 23:45,4022.700,4023.200,4018.400,4020.300
2026-06-30 23:50,4020.000,4021.800,4018.800,4020.500
2026-06-30 23:55,4020.100,4020.600,4018.000,4018.900
2026-07-01 00:00,4018.900,4021.000,4018.200,4019.700
2026-07-01 00:05,4019.000,4020.600,4018.200,4019.800
2026-07-01 00:10,4021.000,4022.700,4020.100,4021.600
2026-07-01 00:15,4021.700,4022.100,4014.600,4015.600
2026-07-01 00:20,4015.400,4019.600,4014.700,4018.400
2026-07-01 00:25,4017.800,4019.200,4013.000,4015.000
2026-07-01 00:30,4015.000,4018.700,4014.000,4016.100
2026-07-01 00:35,4016.500,4018.100,4014.000,4014.000
2026-07-01 00:40,4014.200,4014.400,4008.400,4009.500
2026-07-01 00:45,4009.400,4010.300,4008.000,4008.700
2026-07-01 00:50,4009.300,4011.600,4006.000,4007.100
2026-07-01 00:55,4007.000,4012.900,4006.900,4010.200
2026-07-01 01:00,4010.500,4013.200,4002.800,4003.200
2026-07-01 01:05,4003.200,4004.000,3995.500,3998.400
2026-07-01 01:10,3998.100,3998.600,3991.600,3997.500
2026-07-01 01:15,3996.800,3997.600,3988.600,3994.800
2026-07-01 01:20,3994.500,3999.000,3993.700,3996.200
2026-07-01 01:25,3997.300,3998.900,3994.400,3998.600
2026-07-01 01:30,3998.500,4001.600,3989.600,3992.600
2026-07-01 01:35,3992.900,3993.900,3988.300,3988.300
2026-07-01 01:40,3988.600,3993.100,3987.300,3992.000
2026-07-01 01:45,3991.800,3994.800,3986.700,3991.800
2026-07-01 01:50,3991.900,3993.200,3986.700,3988.900
2026-07-01 01:55,3988.700,3991.900,3988.500,3990.800
2026-07-01 02:00,3990.400,3992.700,3987.300,3987.500
2026-07-01 02:05,3987.400,3987.800,3983.000,3985.500
2026-07-01 02:10,3985.600,3989.800,3984.800,3989.400
2026-07-01 02:15,3989.400,3993.600,3988.800,3993.300
2026-07-01 02:20,3993.600,3995.100,3992.400,3994.500
2026-07-01 02:25,3994.500,3996.000,3993.000,3993.700
2026-07-01 02:30,3993.600,3997.800,3991.500,3994.500
2026-07-01 02:35,3994.800,3999.000,3994.600,3996.600
2026-07-01 02:40,3996.900,3996.900,3993.700,3995.900
2026-07-01 02:45,3996.400,3998.400,3994.900,3995.400
2026-07-01 02:50,3995.300,3998.000,3992.800,3993.200
2026-07-01 02:55,3993.600,3994.100,3991.200,3991.900
2026-07-01 03:00,3991.800,3995.600,3991.400,3994.900
2026-07-01 03:05,3994.200,3998.100,3994.000,3997.900
2026-07-01 03:10,3997.800,3998.500,3996.100,3996.400
2026-07-01 03:15,3996.300,3999.900,3996.300,3997.000
2026-07-01 03:20,3996.800,3996.800,3993.400,3995.500
2026-07-01 03:25,3996.000,3996.000,3993.200,3994.100
2026-07-01 03:30,3994.500,3994.500,3989.100,3989.700
2026-07-01 03:35,3989.800,3994.200,3989.800,3994.200
2026-07-01 03:40,3994.100,3995.300,3990.200,3990.200
2026-07-01 03:45,3990.400,3992.200,3989.300,3990.400
2026-07-01 03:50,3990.000,3991.300,3989.800,3990.400
2026-07-01 03:55,3990.600,3993.100,3990.300,3992.900
2026-07-01 04:00,3993.400,3993.900,3987.800,3988.600
2026-07-01 04:05,3988.500,3990.400,3988.300,3988.300
2026-07-01 04:10,3988.300,3989.300,3987.000,3989.000
2026-07-01 04:15,3988.600,3989.200,3987.300,3988.800
2026-07-01 04:20,3988.700,3989.900,3987.600,3989.600
2026-07-01 04:25,3989.600,3990.900,3988.900,3990.100
2026-07-01 04:30,3990.100,3993.500,3990.100,3990.600
2026-07-01 04:35,3990.400,3991.100,3987.000,3987.400
2026-07-01 04:40,3987.100,3987.700,3985.300,3987.700
2026-07-01 04:45,3987.500,3993.000,3987.100,3992.600
2026-07-01 04:50,3992.400,3994.200,3991.600,3993.000
2026-07-01 04:55,3993.700,3995.400,3989.200,3989.200
2026-07-01 05:00,3989.100,3989.600,3984.800,3986.400
2026-07-01 05:05,3986.100,3987.700,3985.300,3986.000
2026-07-01 05:10,3985.800,3985.800,3982.300,3984.800
2026-07-01 05:15,3984.500,3985.500,3982.600,3984.700
2026-07-01 05:20,3984.700,3988.000,3984.700,3987.500
2026-07-01 05:25,3987.600,3987.600,3985.500,3986.100
2026-07-01 05:30,3986.400,3991.700,3983.300,3989.000
2026-07-01 05:35,3990.000,3990.900,3986.300,3988.400
2026-07-01 05:40,3988.000,3988.300,3984.700,3987.600
2026-07-01 05:45,3986.400,3989.300,3986.300,3988.100
2026-07-01 05:50,3987.800,3990.600,3986.500,3987.500
2026-07-01 05:55,3987.700,3992.000,3986.500,3986.600
2026-07-01 06:00,3986.600,3990.300,3985.900,3987.800
2026-07-01 06:05,3987.700,3988.700,3977.200,3979.200
2026-07-01 06:10,3979.500,3981.700,3976.200,3978.000
2026-07-01 06:15,3978.300,3979.400,3975.900,3979.200
2026-07-01 06:20,3979.400,3982.600,3978.800,3982.100
2026-07-01 06:25,3981.900,3982.600,3980.000,3980.400
2026-07-01 06:30,3980.600,3981.300,3976.200,3978.000
2026-07-01 06:35,3977.800,3981.000,3977.000,3980.400
2026-07-01 06:40,3980.600,3986.600,3980.400,3984.700
2026-07-01 06:45,3984.800,3986.000,3981.800,3982.900
2026-07-01 06:50,3983.000,3986.600,3982.300,3986.000
2026-07-01 06:55,3986.200,3986.200,3983.800,3985.000
2026-07-01 07:00,3985.000,3986.700,3978.500,3979.300
2026-07-01 07:05,3979.000,3979.400,3973.300,3977.400
2026-07-01 07:10,3977.000,3977.400,3973.500,3974.500
2026-07-01 07:15,3974.100,3983.800,3973.000,3983.200
2026-07-01 07:20,3982.800,3984.900,3980.200,3980.500
2026-07-01 07:25,3980.500,3984.000,3976.900,3977.300
2026-07-01 07:30,3977.400,3978.100,3973.600,3975.900
2026-07-01 07:35,3976.400,3982.700,3976.100,3982.200
2026-07-01 07:40,3982.300,3984.500,3981.300,3984.200
2026-07-01 07:45,3984.000,3985.900,3982.100,3984.000
2026-07-01 07:50,3983.900,3988.000,3983.700,3984.000
2026-07-01 07:55,3984.000,3991.000,3983.800,3988.700
2026-07-01 08:00,3988.800,3989.300,3983.200,3984.600
2026-07-01 08:05,3984.500,3986.000,3982.900,3984.500
2026-07-01 08:10,3984.400,3987.500,3982.500,3987.500
2026-07-01 08:15,3987.500,3996.100,3987.300,3995.900
2026-07-01 08:20,3995.600,3997.700,3992.000,3992.300
2026-07-01 08:25,3992.600,3995.600,3991.800,3992.000
2026-07-01 08:30,3991.900,3992.800,3989.000,3991.200
2026-07-01 08:35,3990.900,3990.900,3985.800,3986.400
2026-07-01 08:40,3986.100,3992.000,3985.600,3990.200
2026-07-01 08:45,3990.100,3990.500,3987.700,3988.100
2026-07-01 08:50,3988.400,3990.800,3988.000,3990.400
2026-07-01 08:55,3990.400,3990.800,3984.500,3987.700
2026-07-01 09:00,3987.200,3989.200,3986.000,3988.600
2026-07-01 09:05,3988.300,3989.300,3985.900,3986.600
2026-07-01 09:10,3987.300,3990.800,3987.300,3989.100
2026-07-01 09:15,3989.000,3993.700,3988.900,3991.700
2026-07-01 09:20,3991.700,3992.700,3990.300,3990.600
2026-07-01 09:25,3990.700,3992.300,3990.300,3992.300
2026-07-01 09:30,3991.800,3994.700,3990.800,3993.400
2026-07-01 09:35,3993.400,3995.800,3992.800,3995.600
2026-07-01 09:40,3995.600,3995.700,3992.500,3994.700
2026-07-01 09:45,3995.100,3999.300,3995.100,3998.800
2026-07-01 09:50,3998.500,3998.700,3996.500,3998.500
2026-07-01 09:55,3998.300,3999.300,3996.900,3997.900
2026-07-01 10:00,3997.800,4002.900,3997.700,4001.400
2026-07-01 10:05,4001.300,4003.500,4000.600,4001.000
2026-07-01 10:10,4000.900,4001.300,3996.400,3997.600
2026-07-01 10:15,3997.800,3998.400,3995.200,3995.500
2026-07-01 10:20,3995.600,3998.600,3994.600,3998.600
2026-07-01 10:25,3998.600,4000.700,3996.600,4000.500
2026-07-01 10:30,4000.400,4005.400,4000.100,4004.500
2026-07-01 10:35,4004.600,4007.600,4002.300,4003.000
2026-07-01 10:40,4002.900,4003.300,4000.000,4000.400
2026-07-01 10:45,4000.800,4004.100,4000.200,4004.100
2026-07-01 10:50,4004.900,4007.700,4004.400,4007.200
2026-07-01 10:55,4007.300,4012.000,4007.300,4011.900
2026-07-01 11:00,4011.500,4021.700,4011.300,4020.200
2026-07-01 11:05,4020.200,4024.400,4020.000,4024.100
2026-07-01 11:10,4024.000,4033.000,4023.700,4029.800
2026-07-01 11:15,4029.700,4038.500,4028.700,4036.200
2026-07-01 11:20,4036.000,4039.700,4032.500,4037.800
2026-07-01 11:25,4038.100,4042.600,4035.300,4039.900
2026-07-01 11:30,4040.300,4042.100,4036.900,4038.200
2026-07-01 11:35,4038.300,4040.300,4037.600,4038.300
2026-07-01 11:40,4038.300,4045.800,4037.000,4043.100
2026-07-01 11:45,4043.300,4048.600,4042.700,4048.000
2026-07-01 11:50,4047.800,4049.400,4043.400,4046.000
2026-07-01 11:55,4046.100,4047.300,4043.900,4044.000
2026-07-01 12:00,4044.500,4047.800,4037.500,4037.600
2026-07-01 12:05,4037.800,4038.600,4035.400,4036.700
2026-07-01 12:10,4037.000,4038.300,4033.200,4036.000
2026-07-01 12:15,4036.000,4042.200,4035.800,4042.100
2026-07-01 12:20,4041.700,4044.000,4038.800,4043.100
2026-07-01 12:25,4043.200,4044.200,4039.300,4039.700
2026-07-01 12:30,4039.400,4047.200,4039.400,4042.800
2026-07-01 12:35,4042.900,4044.000,4037.600,4038.000
2026-07-01 12:40,4038.000,4044.900,4037.000,4040.100
2026-07-01 12:45,4040.500,4041.700,4038.600,4040.200
2026-07-01 12:50,4040.100,4043.000,4038.800,4039.800
2026-07-01 12:55,4039.800,4041.100,4036.700,4036.800
2026-07-01 13:00,4036.800,4039.100,4030.800,4035.900
2026-07-01 13:05,4036.100,4036.400,4026.600,4031.700
2026-07-01 13:10,4031.600,4036.300,4028.000,4034.600
2026-07-01 13:15,4035.000,4045.900,4035.000,4038.700
2026-07-01 13:20,4038.700,4061.000,4038.400,4057.600
2026-07-01 13:25,4057.400,4061.700,4052.000,4061.200
2026-07-01 13:30,4061.200,4068.700,4055.300,4062.500
2026-07-01 13:35,4062.800,4086.400,4061.200,4085.700
2026-07-01 13:40,4084.900,4116.000,4084.000,4113.300
2026-07-01 13:45,4113.100,4122.600,4099.600,4105.000
2026-07-01 13:50,4104.800,4113.100,4100.100,4102.300
2026-07-01 13:55,4102.800,4108.000,4100.500,4104.200
2026-07-01 14:00,4104.800,4116.400,4096.900,4100.200
2026-07-01 14:05,4100.000,4110.500,4100.000,4108.800
2026-07-01 14:10,4109.300,4114.500,4106.900,4107.400
2026-07-01 14:15,4107.600,4113.300,4103.900,4109.000
2026-07-01 14:20,4108.900,4120.800,4108.400,4119.100
2026-07-01 14:25,4119.500,4121.500,4110.300,4115.200
2026-07-01 14:30,4115.200,4126.200,4112.800,4125.200
2026-07-01 14:35,4125.300,4131.000,4120.300,4120.500
2026-07-01 14:40,4120.800,4121.500,4106.400,4107.100
2026-07-01 14:45,4107.800,4110.100,4101.500,4103.400
2026-07-01 14:50,4103.800,4105.800,4100.800,4103.900
2026-07-01 14:55,4103.700,4109.700,4103.600,4107.900
2026-07-01 15:00,4108.000,4108.800,4102.500,4104.300
2026-07-01 15:05,4104.300,4108.100,4097.800,4098.800
2026-07-01 15:10,4098.500,4100.600,4095.900,4099.500
2026-07-01 15:15,4099.200,4106.400,4099.200,4101.200
2026-07-01 15:20,4100.900,4104.600,4092.900,4095.200
2026-07-01 15:25,4095.200,4099.000,4093.300,4098.300
2026-07-01 15:30,4097.800,4097.800,4092.000,4092.500
2026-07-01 15:35,4092.300,4095.600,4090.800,4094.900
2026-07-01 15:40,4094.600,4097.000,4093.100,4096.700
2026-07-01 15:45,4096.400,4099.700,4095.700,4098.300
2026-07-01 15:50,4098.300,4102.600,4097.500,4098.400
2026-07-01 15:55,4098.100,4098.400,4093.800,4095.100
2026-07-01 16:00,4095.500,4101.400,4095.500,4099.600
2026-07-01 16:05,4099.500,4102.900,4098.300,4098.300
2026-07-01 16:10,4098.600,4099.100,4095.900,4097.000
2026-07-01 16:15,4096.600,4099.000,4095.500,4098.400
2026-07-01 16:20,4098.100,4099.500,4095.000,4096.100
2026-07-01 16:25,4096.200,4098.700,4095.800,4096.100
2026-07-01 16:30,4095.900,4097.400,4089.700,4090.600
2026-07-01 16:35,4091.000,4094.900,4090.900,4091.300
2026-07-01 16:40,4091.500,4091.800,4086.800,4088.100
2026-07-01 16:45,4088.700,4090.300,4086.700,4087.100
2026-07-01 16:50,4087.000,4088.600,4084.300,4087.000
2026-07-01 16:55,4087.100,4087.400,4084.000,4085.000
2026-07-01 17:00,4084.900,4087.600,4083.600,4085.400
2026-07-01 17:05,4085.000,4085.200,4081.600,4082.600
2026-07-01 17:10,4083.000,4085.700,4081.200,4085.000
2026-07-01 17:15,4085.300,4085.900,4081.600,4083.600
2026-07-01 17:20,4084.200,4085.500,4082.900,4083.800
2026-07-01 17:25,4084.200,4084.600,4081.500,4081.800
2026-07-01 17:30,4082.000,4085.800,4081.700,4084.500
2026-07-01 17:35,4084.300,4085.400,4083.700,4084.900
2026-07-01 17:40,4084.600,4087.300,4083.200,4084.800
2026-07-01 17:45,4084.700,4085.400,4084.000,4084.700
2026-07-01 17:50,4085.000,4086.500,4083.100,4083.900
2026-07-01 17:55,4083.800,4084.200,4081.000,4082.200
2026-07-01 18:00,4082.300,4084.400,4081.900,4084.400
2026-07-01 18:05,4083.900,4084.100,4081.600,4081.600
2026-07-01 18:10,4081.700,4084.700,4081.000,4082.700
2026-07-01 18:15,4082.800,4083.000,4078.800,4080.800
2026-07-01 18:20,4080.600,4080.900,4077.500,4078.800
2026-07-01 18:25,4079.500,4079.800,4074.600,4074.900
2026-07-01 18:30,4075.300,4079.900,4075.300,4078.600
2026-07-01 18:35,4078.300,4079.000,4076.800,4077.300
2026-07-01 18:40,4077.500,4077.500,4075.000,4076.400
2026-07-01 18:45,4076.500,4076.900,4074.300,4075.100
2026-07-01 18:50,4075.500,4076.000,4071.300,4072.200
2026-07-01 18:55,4072.000,4076.300,4071.900,4076.000
2026-07-01 19:00,4075.500,4080.000,4075.300,4079.900
2026-07-01 19:05,4079.700,4082.200,4078.100,4081.700
2026-07-01 19:10,4081.000,4081.000,4078.100,4079.200
2026-07-01 19:15,4079.200,4080.000,4075.100,4075.400
2026-07-01 19:20,4075.600,4076.300,4070.400,4070.400
2026-07-01 19:25,4070.300,4073.500,4070.300,4072.700
2026-07-01 19:30,4072.800,4073.400,4069.000,4070.200
2026-07-01 19:35,4070.400,4070.600,4069.000,4069.300
2026-07-01 19:40,4069.600,4069.600,4066.200,4067.600
2026-07-01 19:45,4067.400,4068.000,4064.400,4065.700
2026-07-01 19:50,4066.000,4066.400,4052.800,4055.500
2026-07-01 19:55,4055.700,4056.300,4048.400,4052.300
2026-07-01 20:00,4052.200,4053.600,4042.200,4043.800
2026-07-01 20:05,4043.500,4048.700,4042.100,4048.200
2026-07-01 20:10,4047.700,4050.300,4046.800,4049.200
2026-07-01 20:15,4049.200,4050.500,4048.000,4049.400
2026-07-01 20:20,4049.100,4051.500,4048.500,4051.000
2026-07-01 20:25,4051.100,4052.800,4050.700,4051.900
2026-07-01 20:30,4051.600,4052.600,4049.700,4049.900
2026-07-01 20:35,4049.700,4050.000,4047.900,4048.400
2026-07-01 20:40,4048.300,4049.100,4046.800,4047.500
2026-07-01 20:45,4047.500,4047.900,4045.200,4046.500
2026-07-01 20:50,4046.600,4049.500,4045.900,4045.900
2026-07-01 20:55,4046.200,4046.200,4043.800,4044.600
2026-07-01 22:00,4049.200,4051.900,4045.100,4051.900
2026-07-01 22:05,4051.100,4053.600,4047.700,4047.800
2026-07-01 22:10,4048.100,4050.100,4047.600,4049.200
2026-07-01 22:15,4049.400,4050.200,4047.400,4047.800
2026-07-01 22:20,4048.200,4051.800,4047.800,4051.000
2026-07-01 22:25,4050.600,4051.400,4049.800,4050.600
2026-07-01 22:30,4050.100,4051.000,4049.000,4050.200
2026-07-01 22:35,4050.300,4052.600,4049.400,4052.300
2026-07-01 22:40,4052.200,4053.000,4051.000,4052.000
2026-07-01 22:45,4052.300,4056.000,4052.000,4055.500
2026-07-01 22:50,4055.800,4056.700,4054.700,4055.000
2026-07-01 22:55,4054.500,4057.200,4054.500,4057.200
2026-07-01 23:00,4056.800,4057.100,4054.800,4055.500
2026-07-01 23:05,4055.200,4055.300,4053.400,4053.700
2026-07-01 23:10,4054.000,4054.800,4049.500,4049.600
2026-07-01 23:15,4050.100,4051.700,4048.300,4051.200
2026-07-01 23:20,4051.600,4051.700,4048.000,4048.000
2026-07-01 23:25,4048.400,4049.600,4046.100,4049.600
2026-07-01 23:30,4049.700,4052.900,4049.600,4051.500
2026-07-01 23:35,4050.900,4051.800,4047.300,4047.300
2026-07-01 23:40,4047.500,4048.700,4046.500,4048.000
2026-07-01 23:45,4048.000,4048.500,4045.500,4046.200
2026-07-01 23:50,4046.300,4049.400,4045.900,4048.600
2026-07-01 23:55,4049.000,4049.000,4047.300,4047.400
2026-07-02 00:00,4047.100,4048.400,4042.800,4045.200
2026-07-02 00:05,4045.500,4052.800,4045.100,4051.600
2026-07-02 00:10,4051.600,4058.900,4051.500,4057.400
2026-07-02 00:15,4056.000,4058.200,4052.100,4053.200
2026-07-02 00:20,4053.600,4059.000,4053.000,4058.900
2026-07-02 00:25,4058.600,4060.700,4056.300,4058.400
2026-07-02 00:30,4059.000,4059.400,4054.800,4057.300
2026-07-02 00:35,4057.100,4058.700,4054.400,4054.900
2026-07-02 00:40,4055.000,4055.000,4050.000,4050.900
2026-07-02 00:45,4051.400,4065.000,4051.400,4063.000
2026-07-02 00:50,4062.600,4064.900,4061.700,4062.400
2026-07-02 00:55,4063.200,4064.100,4060.800,4063.500
2026-07-02 01:00,4063.500,4080.500,4062.400,4077.200
2026-07-02 01:05,4076.700,4078.400,4072.400,4076.200
2026-07-02 01:10,4077.000,4080.000,4076.100,4076.900
2026-07-02 01:15,4077.300,4077.600,4071.400,4072.500
2026-07-02 01:20,4072.900,4073.100,4063.800,4064.200
2026-07-02 01:25,4064.300,4067.400,4062.200,4065.200
2026-07-02 01:30,4065.600,4066.800,4058.000,4059.800
2026-07-02 01:35,4060.300,4065.000,4058.700,4065.000
2026-07-02 01:40,4064.900,4067.500,4059.800,4059.800
2026-07-02 01:45,4059.500,4065.700,4057.000,4064.800
2026-07-02 01:50,4064.500,4067.400,4063.700,4066.600
2026-07-02 01:55,4066.600,4068.800,4061.300,4062.400
2026-07-02 02:00,4062.600,4063.300,4055.700,4059.200
2026-07-02 02:05,4059.600,4059.600,4054.500,4056.500
2026-07-02 02:10,4056.300,4060.600,4053.300,4060.500
2026-07-02 02:15,4060.600,4066.600,4060.200,4066.000
2026-07-02 02:20,4066.000,4067.000,4061.000,4063.000
2026-07-02 02:25,4063.000,4065.000,4062.500,4063.900
2026-07-02 02:30,4063.700,4066.100,4060.000,4062.600
2026-07-02 02:35,4062.200,4066.400,4061.700,4063.200
2026-07-02 02:40,4063.600,4069.400,4062.500,4068.300
2026-07-02 02:45,4068.500,4070.900,4066.500,4069.100
2026-07-02 02:50,4069.300,4071.400,4068.300,4070.000
2026-07-02 02:55,4069.600,4073.200,4069.100,4069.200
2026-07-02 03:00,4069.400,4071.800,4068.700,4068.700
2026-07-02 03:05,4069.000,4072.000,4067.800,4068.000
2026-07-02 03:10,4068.200,4071.000,4067.700,4069.900
2026-07-02 03:15,4069.900,4072.400,4069.900,4070.700
2026-07-02 03:20,4070.800,4074.300,4070.500,4074.000
2026-07-02 03:25,4073.600,4079.200,4073.000,4077.200
2026-07-02 03:30,4077.300,4078.900,4075.400,4076.100
2026-07-02 03:35,4075.900,4078.000,4073.800,4076.700
2026-07-02 03:40,4076.800,4080.000,4076.800,4078.000
2026-07-02 03:45,4078.200,4081.200,4075.000,4080.800
2026-07-02 03:50,4080.800,4084.900,4079.900,4084.000
2026-07-02 03:55,4084.100,4086.300,4082.300,4082.300
2026-07-02 04:00,4082.100,4084.700,4081.800,4083.200
2026-07-02 04:05,4083.400,4085.000,4082.700,4083.100
2026-07-02 04:10,4082.500,4083.100,4080.200,4082.400
2026-07-02 04:15,4082.500,4082.600,4078.400,4079.300
2026-07-02 04:20,4079.500,4079.600,4076.500,4076.500
2026-07-02 04:25,4076.700,4078.600,4076.200,4077.900
2026-07-02 04:30,4077.800,4078.700,4074.800,4075.600
2026-07-02 04:35,4075.100,4076.400,4074.500,4075.300
2026-07-02 04:40,4075.000,4076.100,4073.300,4075.400
2026-07-02 04:45,4075.200,4075.200,4073.600,4074.000
2026-07-02 04:50,4074.400,4077.100,4074.400,4075.200
2026-07-02 04:55,4075.000,4075.800,4072.700,4073.200
2026-07-02 05:00,4073.100,4073.400,4069.500,4071.200
2026-07-02 05:05,4071.200,4072.800,4069.700,4070.200
2026-07-02 05:10,4070.300,4071.000,4066.200,4067.500
2026-07-02 05:15,4067.600,4070.700,4066.700,4070.700
2026-07-02 05:20,4070.600,4074.600,4070.200,4073.500
2026-07-02 05:25,4073.300,4074.000,4069.300,4069.600
2026-07-02 05:30,4069.700,4074.100,4065.200,4067.100
2026-07-02 05:35,4067.900,4078.100,4067.300,4074.700
2026-07-02 05:40,4074.600,4076.000,4073.200,4074.000
2026-07-02 05:45,4073.700,4077.000,4072.200,4072.800
2026-07-02 05:50,4072.900,4077.100,4072.900,4076.300
2026-07-02 05:55,4076.000,4079.800,4074.600,4078.200
2026-07-02 06:00,4078.300,4088.100,4077.900,4082.600
2026-07-02 06:05,4082.800,4085.900,4080.600,4082.200
2026-07-02 06:10,4082.000,4084.400,4080.500,4080.900
2026-07-02 06:15,4081.000,4087.300,4079.700,4086.900
2026-07-02 06:20,4086.900,4092.500,4086.700,4090.700
2026-07-02 06:25,4090.600,4092.500,4086.600,4086.600
2026-07-02 06:30,4086.800,4089.700,4086.100,4088.600
2026-07-02 06:35,4088.700,4088.700,4084.100,4085.100
2026-07-02 06:40,4085.000,4085.300,4078.500,4080.700
2026-07-02 06:45,4080.600,4086.400,4079.300,4086.200
2026-07-02 06:50,4085.500,4087.600,4082.200,4085.400
2026-07-02 06:55,4085.200,4089.100,4084.800,4086.200
2026-07-02 07:00,4086.000,4086.200,4079.600,4082.000
2026-07-02 07:05,4082.100,4084.900,4080.100,4084.900
2026-07-02 07:10,4084.500,4086.900,4079.600,4080.100
2026-07-02 07:15,4079.800,4080.900,4077.100,4077.100
2026-07-02 07:20,4077.100,4079.600,4074.000,4074.300
2026-07-02 07:25,4074.000,4077.400,4073.500,4075.500
2026-07-02 07:30,4075.300,4077.200,4073.400,4076.400
2026-07-02 07:35,4076.600,4083.700,4075.900,4083.500
2026-07-02 07:40,4083.600,4088.200,4083.000,4086.800
2026-07-02 07:45,4086.800,4087.100,4079.800,4082.300
2026-07-02 07:50,4083.000,4083.000,4078.100,4079.200
2026-07-02 07:55,4078.800,4079.700,4076.100,4076.600
2026-07-02 08:00,4076.500,4079.200,4073.600,4078.600
2026-07-02 08:05,4078.300,4084.300,4078.200,4083.900
2026-07-02 08:10,4083.600,4086.600,4080.900,4081.900
2026-07-02 08:15,4082.400,4085.600,4080.900,4085.600
2026-07-02 08:20,4086.500,4090.200,4085.400,4087.700
2026-07-02 08:25,4087.700,4088.000,4085.600,4087.200
2026-07-02 08:30,4087.300,4087.900,4084.600,4086.300
2026-07-02 08:35,4085.700,4088.300,4084.400,4087.700
2026-07-02 08:40,4087.700,4090.400,4086.600,4087.600
2026-07-02 08:45,4087.900,4092.500,4085.700,4089.200
2026-07-02 08:50,4088.800,4091.300,4085.400,4090.800
2026-07-02 08:55,4091.100,4092.600,4088.300,4089.100
2026-07-02 09:00,4088.400,4089.500,4086.800,4088.200
2026-07-02 09:05,4087.900,4087.900,4082.000,4083.400
2026-07-02 09:10,4084.000,4085.100,4082.800,4085.000
2026-07-02 09:15,4084.700,4086.300,4081.900,4084.200
2026-07-02 09:20,4083.800,4084.400,4079.800,4080.100
2026-07-02 09:25,4080.100,4080.300,4078.500,4079.900
2026-07-02 09:30,4080.000,4080.600,4075.700,4078.200
2026-07-02 09:35,4078.100,4079.800,4077.300,4079.800
2026-07-02 09:40,4079.900,4084.300,4078.000,4081.500
2026-07-02 09:45,4081.600,4084.700,4080.500,4081.200
2026-07-02 09:50,4081.400,4082.900,4078.400,4078.400
2026-07-02 09:55,4077.900,4079.700,4076.900,4077.600
2026-07-02 10:00,4077.900,4079.100,4075.300,4076.600
2026-07-02 10:05,4076.100,4077.900,4075.500,4077.100
2026-07-02 10:10,4077.100,4078.700,4075.000,4075.800
2026-07-02 10:15,4075.700,4078.900,4074.500,4077.900
2026-07-02 10:20,4078.200,4080.700,4077.000,4079.600
2026-07-02 10:25,4079.700,4080.200,4078.000,4078.700
2026-07-02 10:30,4078.700,4079.100,4076.600,4078.600
2026-07-02 10:35,4078.200,4079.300,4075.800,4076.300
2026-07-02 10:40,4076.100,4081.600,4076.100,4077.200
2026-07-02 10:45,4077.000,4077.100,4074.200,4074.200
2026-07-02 10:50,4074.300,4077.000,4074.300,4076.200
2026-07-02 10:55,4076.100,4080.300,4074.900,4078.600
2026-07-02 11:00,4079.100,4079.400,4071.900,4072.200
2026-07-02 11:05,4072.100,4073.000,4069.700,4071.700
2026-07-02 11:10,4072.000,4075.700,4072.000,4075.700
2026-07-02 11:15,4075.800,4079.400,4074.900,4077.600
2026-07-02 11:20,4077.900,4077.900,4075.000,4076.500
2026-07-02 11:25,4076.100,4078.300,4074.900,4077.200
2026-07-02 11:30,4077.800,4079.200,4076.400,4077.200
2026-07-02 11:35,4077.400,4079.300,4075.400,4079.000
2026-07-02 11:40,4079.000,4083.800,4077.400,4083.300
2026-07-02 11:45,4083.500,4084.500,4080.400,4083.400
2026-07-02 11:50,4083.500,4084.300,4082.100,4082.700
2026-07-02 11:55,4082.600,4083.300,4077.500,4077.500
2026-07-02 12:00,4077.300,4079.000,4074.800,4078.800
2026-07-02 12:05,4079.100,4085.800,4079.000,4081.800
2026-07-02 12:10,4082.200,4083.300,4073.400,4076.300
2026-07-02 12:15,4076.600,4077.100,4074.100,4074.300
2026-07-02 12:20,4074.200,4081.100,4074.200,4079.200
2026-07-02 12:25,4079.900,4082.100,4074.900,4078.400
2026-07-02 12:30,4078.200,4141.400,4076.700,4140.000
2026-07-02 12:35,4140.500,4152.200,4137.100,4150.400
2026-07-02 12:40,4149.900,4154.200,4143.600,4145.500
2026-07-02 12:45,4145.700,4147.200,4133.100,4138.100
2026-07-02 12:50,4137.900,4143.900,4132.300,4133.000
2026-07-02 12:55,4133.600,4134.600,4124.700,4130.500
2026-07-02 13:00,4130.800,4143.200,4128.700,4140.100
2026-07-02 13:05,4140.100,4140.100,4128.700,4131.000
2026-07-02 13:10,4130.300,4139.500,4130.300,4137.200
2026-07-02 13:15,4136.800,4137.200,4127.500,4131.800
2026-07-02 13:20,4131.600,4133.300,4125.800,4126.700
2026-07-02 13:25,4126.700,4130.000,4121.700,4125.800
2026-07-02 13:30,4125.400,4142.800,4122.600,4141.300
2026-07-02 13:35,4140.900,4151.300,4139.600,4148.100
2026-07-02 13:40,4148.400,4151.000,4139.700,4147.100
2026-07-02 13:45,4147.600,4156.300,4146.700,4153.800
2026-07-02 13:50,4153.700,4157.100,4145.400,4146.600
2026-07-02 13:55,4146.600,4153.900,4145.400,4149.800
2026-07-02 14:00,4149.600,4151.600,4140.800,4143.300
2026-07-02 14:05,4143.600,4147.600,4140.700,4140.700
2026-07-02 14:10,4140.500,4144.000,4136.900,4141.300
2026-07-02 14:15,4141.400,4149.300,4139.700,4143.500
2026-07-02 14:20,4143.500,4143.500,4133.900,4136.000
2026-07-02 14:25,4136.300,4137.100,4127.000,4129.100
2026-07-02 14:30,4129.600,4138.800,4127.800,4132.700
2026-07-02 14:35,4132.800,4134.000,4129.500,4131.400
2026-07-02 14:40,4131.400,4133.800,4127.700,4131.500
2026-07-02 14:45,4131.900,4136.000,4129.000,4135.300
2026-07-02 14:50,4135.800,4139.400,4134.000,4137.100
2026-07-02 14:55,4137.500,4143.000,4137.100,4141.900
2026-07-02 15:00,4141.900,4144.700,4139.000,4140.200
2026-07-02 15:05,4140.500,4140.900,4127.800,4133.900
2026-07-02 15:10,4134.300,4144.000,4134.300,4139.900
2026-07-02 15:15,4139.700,4142.100,4133.600,4135.400
2026-07-02 15:20,4135.400,4144.600,4135.300,4142.800
2026-07-02 15:25,4142.700,4143.200,4135.200,4135.700
2026-07-02 15:30,4135.700,4144.100,4135.600,4143.200
2026-07-02 15:35,4143.400,4144.300,4140.300,4140.600
2026-07-02 15:40,4141.000,4141.900,4137.600,4138.500
2026-07-02 15:45,4138.300,4143.200,4138.300,4141.700
2026-07-02 15:50,4141.400,4141.500,4137.200,4141.500
2026-07-02 15:55,4141.500,4142.600,4138.400,4141.400
2026-07-02 16:00,4141.700,4143.200,4137.600,4139.500
2026-07-02 16:05,4139.400,4140.300,4134.600,4135.500
2026-07-02 16:10,4135.600,4139.000,4134.900,4136.400
2026-07-02 16:15,4136.500,4137.000,4133.600,4136.200
2026-07-02 16:20,4136.000,4136.700,4128.700,4129.500
2026-07-02 16:25,4130.000,4132.300,4127.800,4129.000
2026-07-02 16:30,4128.600,4128.900,4114.500,4115.800
2026-07-02 16:35,4116.100,4123.800,4113.000,4123.100
2026-07-02 16:40,4123.200,4129.600,4122.600,4127.500
2026-07-02 16:45,4127.700,4131.400,4126.900,4130.200
2026-07-02 16:50,4130.600,4133.900,4128.000,4130.700
2026-07-02 16:55,4130.700,4132.300,4128.800,4131.200
2026-07-02 17:00,4131.100,4132.600,4127.400,4129.100
2026-07-02 17:05,4128.800,4133.300,4126.500,4129.900
2026-07-02 17:10,4129.900,4131.600,4127.900,4131.400
2026-07-02 17:15,4131.400,4133.100,4129.200,4130.200
2026-07-02 17:20,4129.600,4130.700,4124.800,4127.900
2026-07-02 17:25,4128.100,4129.400,4124.300,4125.900
2026-07-02 17:30,4125.500,4127.600,4123.400,4125.200
2026-07-02 17:35,4124.600,4126.500,4121.200,4122.100
2026-07-02 17:40,4122.000,4122.500,4118.800,4120.400
2026-07-02 17:45,4120.000,4123.000,4119.100,4122.300
2026-07-02 17:50,4121.800,4123.200,4119.400,4122.500
2026-07-02 17:55,4122.200,4122.700,4118.500,4119.500
2026-07-02 18:00,4119.700,4127.400,4118.600,4127.400
2026-07-02 18:05,4126.900,4135.700,4126.800,4135.300
2026-07-02 18:10,4136.200,4137.000,4131.600,4131.900
2026-07-02 18:15,4132.800,4133.400,4128.700,4130.000
2026-07-02 18:20,4130.000,4131.400,4129.100,4131.100
2026-07-02 18:25,4131.800,4136.300,4131.800,4136.200
2026-07-02 18:30,4136.100,4140.600,4136.000,4138.300
2026-07-02 18:35,4138.400,4139.400,4137.200,4138.000
2026-07-02 18:40,4137.800,4138.200,4134.300,4134.700
2026-07-02 18:45,4134.400,4135.300,4133.000,4135.300
2026-07-02 18:50,4135.000,4137.500,4134.100,4134.500
2026-07-02 18:55,4134.200,4135.900,4133.900,4135.900
2026-07-02 19:00,4136.200,4137.500,4130.600,4130.700
2026-07-02 19:05,4131.400,4132.700,4128.900,4129.600
2026-07-02 19:10,4129.700,4130.100,4126.200,4127.700
2026-07-02 19:15,4127.400,4128.000,4124.900,4125.200
2026-07-02 19:20,4125.000,4125.400,4121.600,4122.000
2026-07-02 19:25,4121.900,4126.800,4121.300,4125.900
2026-07-02 19:30,4125.900,4127.900,4124.700,4126.800
2026-07-02 19:35,4126.600,4126.800,4124.400,4126.000
2026-07-02 19:40,4125.800,4127.200,4125.500,4126.600
2026-07-02 19:45,4126.700,4128.900,4125.700,4128.900
2026-07-02 19:50,4129.000,4136.900,4128.800,4136.900
2026-07-02 19:55,4137.000,4137.100,4132.800,4134.000
2026-07-02 20:00,4134.200,4134.500,4129.400,4133.300
2026-07-02 20:05,4133.400,4135.800,4133.000,4134.800
2026-07-02 20:10,4134.600,4134.600,4132.700,4133.000
2026-07-02 20:15,4132.900,4135.200,4132.200,4135.200
2026-07-02 20:20,4135.100,4138.300,4135.100,4136.400
2026-07-02 20:25,4136.600,4137.400,4136.200,4136.700
2026-07-02 20:30,4136.500,4138.000,4136.400,4136.400
2026-07-02 20:35,4136.500,4136.900,4134.800,4135.100
2026-07-02 20:40,4134.300,4135.700,4134.000,4134.200
2026-07-02 20:45,4133.800,4134.100,4132.500,4132.900
2026-07-02 20:50,4132.600,4134.900,4131.800,4134.500
2026-07-02 20:55,4134.500,4137.100,4134.500,4135.500
2026-07-02 22:00,4138.000,4139.500,4137.200,4138.400
2026-07-02 22:05,4138.000,4140.600,4137.200,4140.400
2026-07-02 22:10,4140.400,4141.100,4137.300,4137.800
2026-07-02 22:15,4137.400,4138.000,4136.200,4137.600
2026-07-02 22:20,4137.200,4138.000,4135.700,4136.200
2026-07-02 22:25,4136.200,4137.000,4135.100,4137.000
2026-07-02 22:30,4136.800,4138.100,4136.100,4138.100
2026-07-02 22:35,4138.700,4138.800,4137.200,4137.300
2026-07-02 22:40,4137.300,4137.300,4135.100,4135.900
2026-07-02 22:45,4136.000,4137.000,4135.500,4136.500
2026-07-02 22:50,4136.300,4136.400,4135.400,4136.100
2026-07-02 22:55,4136.200,4138.900,4136.200,4137.100
2026-07-02 23:00,4137.200,4139.200,4137.200,4137.700
2026-07-02 23:05,4137.900,4139.800,4136.900,4139.300
2026-07-02 23:10,4139.500,4139.700,4137.800,4138.200
2026-07-02 23:15,4137.600,4140.400,4137.000,4137.800
2026-07-02 23:20,4138.000,4140.000,4137.300,4139.700
2026-07-02 23:25,4139.800,4142.700,4139.800,4142.300
2026-07-02 23:30,4142.100,4149.100,4138.800,4138.800
2026-07-02 23:35,4139.800,4140.300,4134.200,4135.700
2026-07-02 23:40,4135.600,4139.500,4133.800,4137.600
2026-07-02 23:45,4137.900,4143.200,4137.600,4143.000
2026-07-02 23:50,4143.300,4143.800,4137.000,4141.400
2026-07-02 23:55,4141.100,4144.600,4138.000,4139.200
2026-07-03 00:00,4139.000,4145.500,4135.900,4144.600
2026-07-03 00:05,4145.400,4145.400,4137.900,4141.600
2026-07-03 00:10,4141.800,4150.600,4139.800,4147.500
2026-07-03 00:15,4147.500,4149.300,4144.800,4148.600
2026-07-03 00:20,4148.700,4153.900,4148.400,4151.500
2026-07-03 00:25,4151.400,4154.000,4149.700,4150.400
2026-07-03 00:30,4150.300,4151.300,4145.900,4147.500
2026-07-03 00:35,4147.500,4152.500,4147.000,4150.300
2026-07-03 00:40,4150.300,4151.800,4146.800,4149.500
2026-07-03 00:45,4148.500,4154.000,4147.500,4153.900
2026-07-03 00:50,4154.000,4161.100,4152.900,4159.800
2026-07-03 00:55,4159.900,4164.000,4159.700,4160.000
2026-07-03 01:00,4159.800,4174.500,4159.500,4174.500
2026-07-03 01:05,4173.900,4188.900,4171.900,4185.200
2026-07-03 01:10,4185.100,4192.000,4179.900,4188.700
2026-07-03 01:15,4188.700,4194.000,4186.100,4190.600
2026-07-03 01:20,4191.500,4206.700,4191.200,4204.200
2026-07-03 01:25,4204.200,4205.400,4198.400,4199.800
2026-07-03 01:30,4199.700,4206.000,4194.800,4205.200
2026-07-03 01:35,4205.200,4208.300,4196.900,4196.900
2026-07-03 01:40,4197.500,4197.500,4191.200,4192.200
2026-07-03 01:45,4192.200,4195.400,4188.700,4193.400
2026-07-03 01:50,4193.400,4194.000,4187.800,4192.300
2026-07-03 01:55,4192.000,4196.600,4191.500,4194.900
2026-07-03 02:00,4194.500,4196.800,4189.600,4192.100
2026-07-03 02:05,4191.700,4194.500,4191.000,4192.100
2026-07-03 02:10,4192.800,4194.400,4191.500,4192.600
2026-07-03 02:15,4192.200,4194.300,4189.300,4189.400
2026-07-03 02:20,4190.000,4193.700,4190.000,4191.400
2026-07-03 02:25,4191.000,4192.500,4189.600,4191.900
2026-07-03 02:30,4192.000,4196.000,4190.900,4193.400
2026-07-03 02:35,4193.600,4199.800,4192.500,4199.000
2026-07-03 02:40,4199.300,4199.900,4194.600,4196.500
2026-07-03 02:45,4196.800,4197.100,4192.000,4193.200
2026-07-03 02:50,4193.400,4199.000,4192.000,4196.700
2026-07-03 02:55,4196.800,4199.700,4195.200,4196.800
2026-07-03 03:00,4196.800,4197.500,4192.800,4195.100
2026-07-03 03:05,4194.700,4196.100,4193.500,4194.400
2026-07-03 03:10,4195.300,4196.900,4194.900,4195.700
2026-07-03 03:15,4196.200,4196.600,4194.500,4195.000
2026-07-03 03:20,4194.500,4196.300,4192.400,4193.300
2026-07-03 03:25,4193.000,4195.800,4192.900,4194.500
2026-07-03 03:30,4194.900,4196.000,4192.500,4194.800
2026-07-03 03:35,4195.000,4195.600,4192.200,4193.400
2026-07-03 03:40,4193.300,4195.200,4190.200,4190.600
2026-07-03 03:45,4190.500,4192.400,4189.300,4189.500
2026-07-03 03:50,4189.500,4190.900,4189.100,4189.500
2026-07-03 03:55,4189.600,4189.800,4188.400,4188.500
2026-07-05 22:00,4187.500,4199.700,4184.400,4191.800
2026-07-05 22:05,4191.900,4198.200,4190.400,4190.400
2026-07-05 22:10,4192.500,4195.000,4190.900,4192.700
2026-07-05 22:15,4193.500,4194.500,4187.300,4189.300
2026-07-05 22:20,4190.000,4195.400,4187.300,4194.900
2026-07-05 22:25,4193.900,4197.900,4192.100,4197.400
2026-07-05 22:30,4196.300,4200.400,4194.800,4198.100
2026-07-05 22:35,4198.100,4203.500,4197.400,4202.200
2026-07-05 22:40,4202.600,4202.700,4187.300,4200.100
2026-07-05 22:45,4200.200,4202.400,4187.300,4196.000
2026-07-05 22:50,4196.700,4199.400,4194.800,4197.200
2026-07-05 22:55,4197.900,4201.700,4196.800,4200.100
2026-07-05 23:00,4200.600,4203.500,4199.900,4201.700
2026-07-05 23:05,4201.800,4203.100,4187.300,4201.500
2026-07-05 23:10,4201.400,4202.700,4187.300,4199.600
2026-07-05 23:15,4199.500,4202.000,4198.500,4200.200
2026-07-05 23:20,4200.600,4203.500,4200.600,4201.900
2026-07-05 23:25,4201.600,4214.100,4201.600,4212.100
2026-07-05 23:30,4212.300,4213.700,4187.300,4206.700
2026-07-05 23:35,4206.800,4210.900,4187.300,4209.400
2026-07-05 23:40,4210.600,4211.100,4208.700,4208.700
2026-07-05 23:45,4208.300,4209.300,4189.800,4194.300
2026-07-05 23:50,4194.600,4196.400,4193.200,4194.600
2026-07-05 23:55,4194.600,4197.700,4187.300,4195.200
2026-07-06 00:00,4195.800,4197.500,4182.400,4187.600
2026-07-06 00:05,4188.000,4191.200,4183.500,4189.500
2026-07-06 00:10,4188.200,4189.800,4186.000,4186.900
2026-07-06 00:15,4187.300,4193.900,4186.800,4190.800
2026-07-06 00:20,4190.200,4191.300,4187.300,4188.400
2026-07-06 00:25,4190.000,4190.000,4183.000,4186.400
2026-07-06 00:30,4187.100,4194.000,4186.200,4193.000
2026-07-06 00:35,4191.800,4196.700,4190.000,4196.400
2026-07-06 00:40,4196.300,4199.600,4194.800,4197.600
2026-07-06 00:45,4198.200,4200.700,4187.300,4197.000
2026-07-06 00:50,4197.100,4197.200,4187.300,4194.600
2026-07-06 00:55,4195.500,4199.900,4186.000,4191.600
2026-07-06 01:00,4190.500,4204.400,4184.300,4199.000
2026-07-06 01:05,4198.800,4198.800,4188.000,4193.400
2026-07-06 01:10,4192.900,4201.300,4187.300,4200.600
2026-07-06 01:15,4200.600,4204.800,4187.300,4200.800
2026-07-06 01:20,4200.700,4202.000,4192.000,4195.600
2026-07-06 01:25,4196.300,4201.400,4195.000,4201.400
2026-07-06 01:30,4201.500,4209.500,4199.200,4209.500
2026-07-06 01:35,4209.900,4212.600,4187.300,4208.300
2026-07-06 01:40,4208.400,4212.700,4187.300,4209.900
2026-07-06 01:45,4209.100,4215.500,4206.300,4206.900
2026-07-06 01:50,4207.100,4207.300,4202.300,4203.400
2026-07-06 01:55,4202.600,4207.000,4197.700,4198.100
2026-07-06 02:00,4198.500,4200.100,4187.300,4187.300
2026-07-06 02:05,4197.300,4197.300,4190.900,4192.700
2026-07-06 02:10,4192.700,4194.300,4189.300,4193.200
2026-07-06 02:15,4193.100,4196.200,4191.200,4195.500
2026-07-06 02:20,4195.500,4198.600,4187.800,4190.400
2026-07-06 02:25,4190.500,4192.300,4187.300,4189.400
2026-07-06 02:30,4189.300,4190.600,4184.000,4186.400
2026-07-06 02:35,4185.800,4187.400,4180.300,4184.900
2026-07-06 02:40,4185.100,4187.600,4183.000,4183.700
2026-07-06 02:45,4184.800,4187.400,4184.500,4185.900
2026-07-06 02:50,4186.100,4187.400,4184.400,4187.300
2026-07-06 02:55,4185.300,4187.000,4181.900,4185.500
2026-07-06 03:00,4185.900,4187.900,4178.000,4182.200
2026-07-06 03:05,4182.800,4183.000,4177.600,4179.700
2026-07-06 03:10,4179.000,4183.900,4177.100,4178.400
2026-07-06 03:15,4178.100,4187.300,4176.100,4177.200
2026-07-06 03:20,4177.100,4178.200,4174.700,4174.800
2026-07-06 03:25,4174.900,4178.500,4174.100,4177.500
2026-07-06 03:30,4177.200,4179.400,4176.500,4177.400
2026-07-06 03:35,4178.000,4181.000,4177.300,4177.300
2026-07-06 03:40,4177.300,4187.300,4172.700,4174.500
2026-07-06 03:45,4174.500,4176.500,4174.500,4174.800
2026-07-06 03:50,4174.600,4176.000,4173.000,4174.500
2026-07-06 03:55,4174.700,4178.600,4174.100,4177.000
2026-07-06 04:00,4177.000,4178.400,4173.300,4175.000
2026-07-06 04:05,4174.800,4175.200,4172.500,4172.900
2026-07-06 04:10,4173.600,4175.900,4173.600,4175.400
2026-07-06 04:15,4175.000,4187.300,4174.800,4175.600
2026-07-06 04:20,4175.700,4175.700,4171.800,4175.000
2026-07-06 04:25,4174.600,4175.100,4172.800,4173.300
2026-07-06 04:30,4173.200,4174.600,4169.200,4171.900
2026-07-06 04:35,4171.400,4172.800,4170.000,4171.200
2026-07-06 04:40,4171.000,4187.300,4170.800,4172.100
2026-07-06 04:45,4171.800,4172.700,4170.000,4172.000
2026-07-06 04:50,4171.700,4172.800,4169.800,4170.100
2026-07-06 04:55,4171.000,4172.900,4169.900,4171.500
2026-07-06 05:00,4171.200,4187.300,4165.700,4166.100
2026-07-06 05:05,4165.800,4187.300,4163.600,4165.600
2026-07-06 05:10,4165.200,4167.700,4162.600,4163.500
2026-07-06 05:15,4163.700,4165.000,4162.400,4163.200
2026-07-06 05:20,4163.200,4164.100,4161.900,4163.500
2026-07-06 05:25,4163.100,4187.300,4163.100,4164.200
2026-07-06 05:30,4164.300,4187.300,4161.000,4168.300
2026-07-06 05:35,4168.100,4172.000,4165.000,4166.500
2026-07-06 05:40,4166.700,4169.400,4166.300,4167.000
2026-07-06 05:45,4166.600,4167.700,4164.100,4165.800
2026-07-06 05:50,4165.200,4187.300,4165.200,4167.700
2026-07-06 05:55,4167.800,4187.300,4156.400,4159.700
2026-07-06 06:00,4159.500,4162.600,4157.400,4158.200
2026-07-06 06:05,4158.000,4164.000,4156.800,4163.000
2026-07-06 06:10,4163.000,4164.100,4161.400,4163.700
2026-07-06 06:15,4163.500,4187.300,4160.000,4160.700
2026-07-06 06:20,4160.700,4187.300,4160.000,4164.300
2026-07-06 06:25,4165.000,4168.500,4164.000,4168.300
2026-07-06 06:30,4168.300,4171.200,4167.800,4169.800
2026-07-06 06:35,4168.600,4171.500,4166.200,4167.900
2026-07-06 06:40,4167.900,4187.300,4164.900,4167.400
2026-07-06 06:45,4167.700,4187.300,4165.900,4167.300
2026-07-06 06:50,4167.500,4167.600,4162.200,4163.200
2026-07-06 06:55,4163.400,4164.300,4160.500,4161.900
2026-07-06 07:00,4162.000,4165.000,4160.200,4164.700
2026-07-06 07:05,4164.400,4187.300,4159.600,4160.800
2026-07-06 07:10,4160.500,4187.300,4158.700,4162.400
2026-07-06 07:15,4162.900,4166.300,4161.800,4164.500
2026-07-06 07:20,4164.600,4167.600,4162.600,4166.100
2026-07-06 07:25,4165.700,4166.400,4163.100,4165.500
2026-07-06 07:30,4164.800,4187.300,4162.700,4168.500
2026-07-06 07:35,4168.300,4187.300,4167.000,4170.400
2026-07-06 07:40,4170.400,4176.100,4170.400,4175.300
2026-07-06 07:45,4175.500,4178.100,4174.200,4177.600
2026-07-06 07:50,4177.200,4177.500,4173.700,4175.600
2026-07-06 07:55,4176.000,4187.300,4174.800,4175.700
2026-07-06 08:00,4176.400,4187.300,4172.400,4172.600
2026-07-06 08:05,4172.400,4174.500,4171.700,4173.900
2026-07-06 08:10,4173.000,4173.100,4168.400,4169.400
2026-07-06 08:15,4169.600,4170.200,4164.300,4168.000
2026-07-06 08:20,4167.900,4187.300,4165.000,4166.300
2026-07-06 08:25,4166.300,4187.300,4165.700,4167.200
2026-07-06 08:30,4167.100,4167.400,4165.200,4165.600
2026-07-06 08:35,4165.800,4166.600,4160.800,4162.300
2026-07-06 08:40,4162.400,4164.800,4160.000,4160.400
2026-07-06 08:45,4160.500,4187.300,4158.100,4160.000
2026-07-06 08:50,4160.300,4187.300,4159.900,4163.600
2026-07-06 08:55,4163.600,4163.800,4161.600,4161.800
2026-07-06 09:00,4161.600,4162.000,4159.600,4160.100
2026-07-06 09:05,4160.300,4162.700,4159.300,4161.300
2026-07-06 09:10,4160.700,4187.300,4160.400,4161.300
2026-07-06 09:15,4161.100,4187.300,4157.500,4158.900
2026-07-06 09:20,4159.000,4160.500,4158.000,4158.600
2026-07-06 09:25,4158.300,4159.000,4153.400,4155.900
2026-07-06 09:30,4155.100,4155.100,4148.400,4149.400
2026-07-06 09:35,4149.700,4187.300,4148.700,4153.600
2026-07-06 09:40,4153.300,4187.300,4151.700,4151.900
2026-07-06 09:45,4151.300,4153.200,4151.100,4152.300
2026-07-06 09:50,4152.700,4155.800,4152.500,4154.400
2026-07-06 09:55,4155.200,4157.100,4154.200,4155.500
2026-07-06 10:00,4155.500,4187.300,4154.600,4156.400
2026-07-06 10:05,4155.800,4187.300,4154.700,4156.900
2026-07-06 10:10,4156.500,4161.000,4156.200,4160.400
2026-07-06 10:15,4160.500,4163.300,4159.800,4162.300
2026-07-06 10:20,4162.400,4163.100,4161.200,4162.700
2026-07-06 10:25,4162.800,4187.300,4160.700,4161.100
2026-07-06 10:30,4161.000,4187.300,4160.900,4166.800
2026-07-06 10:35,4166.300,4167.500,4164.800,4165.800
2026-07-06 10:40,4165.700,4168.200,4165.300,4166.800
2026-07-06 10:45,4166.900,4167.500,4165.500,4166.300
2026-07-06 10:50,4166.200,4187.300,4164.800,4165.700
2026-07-06 10:55,4165.400,4187.300,4164.700,4167.400
2026-07-06 11:00,4167.300,4168.700,4164.300,4164.900
2026-07-06 11:05,4164.900,4166.400,4164.300,4164.700
2026-07-06 11:10,4164.900,4167.600,4164.100,4167.300
2026-07-06 11:15,4167.400,4187.300,4166.000,4170.000
2026-07-06 11:20,4169.900,4187.300,4168.100,4169.000
2026-07-06 11:25,4169.500,4172.200,4167.400,4167.900
2026-07-06 11:30,4167.500,4171.200,4167.400,4169.900
2026-07-06 11:35,4169.700,4169.700,4166.800,4167.800
2026-07-06 11:40,4167.100,4187.300,4164.800,4165.700
2026-07-06 11:45,4166.200,4187.300,4164.300,4164.900
2026-07-06 11:50,4165.200,4167.500,4163.900,4167.500
2026-07-06 11:55,4167.500,4168.100,4166.200,4167.400
2026-07-06 12:00,4167.400,4170.900,4165.800,4168.400
2026-07-06 12:05,4168.800,4187.300,4168.600,4168.700
2026-07-06 12:10,4168.700,4187.300,4165.500,4168.000
2026-07-06 12:15,4168.200,4169.000,4167.300,4168.400
2026-07-06 12:20,4168.000,4169.800,4158.400,4158.700
2026-07-06 12:25,4158.900,4161.300,4156.600,4157.700
2026-07-06 12:30,4157.500,4187.300,4154.500,4155.300
2026-07-06 12:35,4155.200,4187.300,4150.400,4151.600
2026-07-06 12:40,4151.200,4151.900,4143.300,4144.900
2026-07-06 12:45,4145.100,4152.600,4144.900,4147.200
2026-07-06 12:50,4147.100,4152.100,4146.400,4151.400
2026-07-06 12:55,4151.600,4187.300,4151.200,4151.400
2026-07-06 13:00,4151.900,4158.800,4148.900,4156.900
2026-07-06 13:05,4156.200,4160.700,4154.600,4157.700
2026-07-06 13:10,4157.700,4160.500,4152.900,4153.600
2026-07-06 13:15,4153.400,4154.500,4150.700,4151.700
2026-07-06 13:20,4151.700,4187.300,4151.500,4158.900
2026-07-06 13:25,4158.900,4161.000,4154.800,4154.800
2026-07-06 13:30,4154.300,4162.600,4154.300,4161.200
2026-07-06 13:35,4161.300,4161.600,4156.200,4161.300
2026-07-06 13:40,4161.300,4162.600,4156.500,4161.500
2026-07-06 13:45,4161.500,4187.300,4153.700,4158.700
2026-07-06 13:50,4158.800,4160.900,4154.200,4158.200
2026-07-06 13:55,4157.700,4158.500,4147.100,4153.000
2026-07-06 14:00,4152.500,4159.500,4150.600,4152.700
2026-07-06 14:05,4153.400,4155.300,4145.800,4148.800
2026-07-06 14:10,4148.400,4187.300,4148.400,4152.500
2026-07-06 14:15,4153.300,4153.300,4146.900,4148.700
2026-07-06 14:20,4148.700,4151.200,4144.700,4144.900
2026-07-06 14:25,4145.300,4151.200,4145.100,4149.100
2026-07-06 14:30,4149.700,4153.700,4145.800,4153.400
2026-07-06 14:35,4153.200,4187.300,4148.400,4149.900
2026-07-06 14:40,4149.800,4151.400,4140.600,4142.600
2026-07-06 14:45,4142.200,4146.900,4141.100,4145.700
2026-07-06 14:50,4145.900,4149.000,4145.000,4147.600
2026-07-06 14:55,4148.000,4150.800,4146.500,4150.200
2026-07-06 15:00,4150.600,4187.300,4149.800,4156.500
2026-07-06 15:05,4156.600,4158.800,4154.500,4156.400
2026-07-06 15:10,4156.800,4157.000,4150.000,4151.400
2026-07-06 15:15,4151.600,4154.900,4151.600,4152.100
2026-07-06 15:20,4152.000,4187.300,4150.500,4155.700
2026-07-06 15:25,4155.700,4187.300,4155.400,4162.200
2026-07-06 15:30,4162.300,4164.000,4159.700,4162.200
2026-07-06 15:35,4162.200,4163.100,4158.900,4162.900
2026-07-06 15:40,4162.900,4162.900,4160.600,4161.600
2026-07-06 15:45,4162.100,4187.300,4158.500,4159.200
2026-07-06 15:50,4159.300,4187.300,4156.100,4157.600
2026-07-06 15:55,4157.500,4160.800,4156.500,4159.900
2026-07-06 16:00,4160.100,4160.200,4155.000,4155.800
2026-07-06 16:05,4155.200,4156.700,4155.200,4155.600
2026-07-06 16:10,4155.900,4187.300,4152.000,4152.000
2026-07-06 16:15,4152.300,4187.300,4152.100,4155.400
2026-07-06 16:20,4155.200,4157.400,4154.000,4157.400
2026-07-06 16:25,4157.200,4158.300,4155.800,4157.200
2026-07-06 16:30,4157.500,4160.400,4157.200,4159.400
2026-07-06 16:35,4158.800,4187.300,4158.500,4161.200
2026-07-06 16:40,4161.400,4187.300,4160.400,4161.400
2026-07-06 16:45,4161.200,4162.000,4160.600,4162.000
2026-07-06 16:50,4162.100,4167.500,4162.100,4166.100
2026-07-06 16:55,4166.200,4168.100,4164.600,4166.900
2026-07-06 17:00,4166.900,4187.300,4164.100,4164.600
2026-07-06 17:05,4165.000,4187.300,4164.800,4166.200
2026-07-06 17:10,4166.200,4167.400,4164.300,4165.400
2026-07-06 17:15,4165.500,4166.300,4162.800,4163.300
2026-07-06 17:20,4163.400,4170.500,4162.100,4168.800
2026-07-06 17:25,4168.900,4187.300,4166.100,4167.500
2026-07-06 17:30,4167.200,4187.300,4166.400,4170.000
2026-07-06 17:35,4169.600,4170.600,4168.000,4170.100
2026-07-06 17:40,4169.800,4171.000,4168.200,4168.400
2026-07-06 17:45,4168.000,4171.700,4167.600,4171.100
2026-07-06 17:50,4171.100,4187.300,4170.400,4171.200
2026-07-06 17:55,4170.800,4187.300,4170.700,4172.900
2026-07-06 18:00,4173.300,4173.800,4168.300,4169.300
2026-07-06 18:05,4169.300,4169.300,4167.200,4168.100
2026-07-06 18:10,4168.000,4170.200,4167.100,4170.000
2026-07-06 18:15,4170.200,4187.300,4170.200,4173.000
2026-07-06 18:20,4172.800,4187.300,4172.000,4173.500
2026-07-06 18:25,4173.700,4175.200,4173.100,4173.900
2026-07-06 18:30,4173.800,4176.100,4171.600,4175.900
2026-07-06 18:35,4175.500,4179.600,4175.500,4177.100
2026-07-06 18:40,4177.400,4187.300,4174.800,4176.300
2026-07-06 18:45,4175.800,4187.300,4175.700,4176.000
2026-07-06 18:50,4176.300,4176.600,4173.800,4174.700
2026-07-06 18:55,4174.600,4176.200,4174.300,4175.800
2026-07-06 19:00,4175.800,4177.400,4173.400,4173.400
2026-07-06 19:05,4173.400,4187.300,4171.700,4172.500
2026-07-06 19:10,4172.800,4187.300,4170.800,4171.200
2026-07-06 19:15,4171.100,4173.100,4170.500,4173.100
2026-07-06 19:20,4173.100,4174.500,4172.400,4174.000
2026-07-06 19:25,4174.000,4175.500,4173.500,4174.800
2026-07-06 19:30,4175.000,4187.300,4173.300,4173.900
2026-07-06 19:35,4174.000,4187.300,4171.500,4172.000
2026-07-06 19:40,4171.600,4173.100,4171.500,4173.100
2026-07-06 19:45,4173.100,4175.700,4173.000,4175.200
2026-07-06 19:50,4174.900,4176.700,4174.500,4175.600
2026-07-06 19:55,4175.100,4187.300,4172.800,4175.500
2026-07-06 20:00,4175.400,4187.300,4174.200,4174.600
2026-07-06 20:05,4174.300,4174.500,4172.900,4173.600
2026-07-06 20:10,4173.300,4173.500,4172.800,4172.800
2026-07-06 20:15,4172.700,4173.300,4172.600,4173.000
2026-07-06 20:20,4172.900,4187.300,4172.600,4173.500
2026-07-06 20:25,4173.700,4187.300,4173.500,4174.400
2026-07-06 20:30,4174.300,4176.200,4174.200,4176.200
2026-07-06 20:35,4175.900,4176.500,4175.200,4175.200
2026-07-06 20:40,4175.000,4176.000,4174.500,4175.000
2026-07-06 20:45,4174.600,4187.300,4174.600,4174.800
2026-07-06 20:50,4175.200,4187.300,4174.800,4176.000
2026-07-06 20:55,4175.800,4187.300,4175.300,4187.300
2026-07-06 22:00,4176.400,4179.000,4174.600,4175.800
2026-07-06 22:05,4175.500,4177.700,4175.500,4177.100
2026-07-06 22:10,4176.800,4177.400,4175.900,4177.400
2026-07-06 22:15,4177.700,4178.700,4177.700,4178.600
2026-07-06 22:20,4178.300,4178.300,4177.000,4177.000
2026-07-06 22:25,4176.500,4177.100,4176.300,4177.100
2026-07-06 22:30,4177.500,4179.500,4177.200,4179.500
2026-07-06 22:35,4179.500,4179.500,4177.300,4178.300
2026-07-06 22:40,4178.600,4179.000,4178.100,4178.300
2026-07-06 22:45,4178.300,4179.100,4177.000,4177.000
2026-07-06 22:50,4176.600,4176.600,4175.200,4175.600
2026-07-06 22:55,4175.500,4176.600,4175.200,4175.900
2026-07-06 23:00,4175.400,4176.400,4175.000,4176.200
2026-07-06 23:05,4176.200,4176.400,4174.000,4175.200
2026-07-06 23:10,4175.200,4176.600,4174.800,4176.600
2026-07-06 23:15,4176.400,4176.400,4174.800,4175.700
2026-07-06 23:20,4175.700,4175.700,4174.400,4175.000
2026-07-06 23:25,4174.900,4175.200,4174.000,4174.300
2026-07-06 23:30,4174.000,4176.400,4173.900,4175.900
2026-07-06 23:35,4175.500,4175.500,4174.000,4174.200
2026-07-06 23:40,4174.000,4174.000,4172.000,4173.000
2026-07-06 23:45,4173.100,4174.900,4172.400,4174.600
2026-07-06 23:50,4174.000,4174.800,4172.200,4172.800
2026-07-06 23:55,4172.300,4173.200,4168.000,4168.700
2026-07-07 00:00,4168.500,4169.000,4166.100,4168.200
2026-07-07 00:05,4168.200,4169.700,4167.400,4167.700
2026-07-07 00:10,4168.700,4169.700,4164.500,4167.600
2026-07-07 00:15,4168.000,4168.700,4163.400,4168.700
2026-07-07 00:20,4168.100,4172.200,4167.800,4169.800
2026-07-07 00:25,4170.100,4171.700,4168.700,4171.400
2026-07-07 00:30,4171.700,4174.500,4168.200,4168.300
2026-07-07 00:35,4168.400,4168.800,4162.300,4162.900
2026-07-07 00:40,4162.300,4163.000,4159.700,4161.600
2026-07-07 00:45,4160.800,4164.000,4159.300,4162.600
2026-07-07 00:50,4162.200,4165.000,4162.100,4164.900
2026-07-07 00:55,4164.800,4165.500,4156.100,4157.200
2026-07-07 01:00,4157.300,4160.100,4151.900,4159.200
2026-07-07 01:05,4159.100,4160.200,4150.900,4153.400
2026-07-07 01:10,4152.900,4154.800,4149.600,4153.700
2026-07-07 01:15,4153.300,4155.000,4146.600,4148.100
2026-07-07 01:20,4147.300,4148.800,4143.800,4145.000
2026-07-07 01:25,4144.900,4146.700,4137.600,4144.300
2026-07-07 01:30,4144.200,4152.400,4143.800,4151.200
2026-07-07 01:35,4151.200,4152.400,4149.600,4151.000
2026-07-07 01:40,4150.900,4154.400,4149.900,4153.900
2026-07-07 01:45,4154.400,4158.600,4154.100,4156.300
2026-07-07 01:50,4156.300,4157.100,4153.900,4156.100
2026-07-07 01:55,4156.400,4157.000,4152.500,4153.900
2026-07-07 02:00,4154.000,4155.000,4151.900,4153.000
2026-07-07 02:05,4153.200,4153.200,4149.500,4149.900
2026-07-07 02:10,4150.400,4156.500,4150.400,4154.000
2026-07-07 02:15,4154.300,4155.500,4152.600,4153.700
2026-07-07 02:20,4153.900,4155.300,4149.700,4155.200
2026-07-07 02:25,4155.500,4157.000,4152.300,4152.300
2026-07-07 02:30,4152.000,4152.500,4147.800,4150.200
2026-07-07 02:35,4150.400,4156.500,4150.100,4154.200
2026-07-07 02:40,4153.300,4154.700,4150.300,4150.600
2026-07-07 02:45,4151.200,4151.300,4145.600,4146.800
2026-07-07 02:50,4146.900,4148.500,4142.800,4144.700
2026-07-07 02:55,4144.500,4148.400,4143.400,4147.900
2026-07-07 03:00,4147.800,4150.800,4146.500,4150.800
2026-07-07 03:05,4150.500,4151.400,4148.800,4149.900
2026-07-07 03:10,4149.800,4149.900,4147.600,4148.200
2026-07-07 03:15,4147.800,4148.600,4145.600,4147.000
2026-07-07 03:20,4147.300,4148.900,4142.800,4143.300
2026-07-07 03:25,4143.700,4145.400,4140.100,4143.800
2026-07-07 03:30,4143.100,4145.100,4141.900,4145.100
2026-07-07 03:35,4144.900,4146.200,4143.100,4143.500
2026-07-07 03:40,4143.600,4144.400,4138.400,4140.400
2026-07-07 03:45,4140.500,4140.500,4135.200,4137.500
2026-07-07 03:50,4137.600,4139.300,4136.800,4139.000
2026-07-07 03:55,4139.200,4142.700,4137.800,4141.800
2026-07-07 04:00,4142.400,4145.200,4141.700,4144.200
2026-07-07 04:05,4144.200,4151.300,4144.000,4150.900
2026-07-07 04:10,4150.600,4152.400,4147.500,4147.600
2026-07-07 04:15,4147.700,4148.900,4142.300,4143.500
2026-07-07 04:20,4143.500,4145.700,4142.000,4144.000
2026-07-07 04:25,4144.400,4145.500,4142.300,4143.200
2026-07-07 04:30,4143.300,4143.300,4140.300,4141.600
2026-07-07 04:35,4141.600,4142.000,4140.300,4141.800
2026-07-07 04:40,4141.500,4142.800,4139.600,4139.600
2026-07-07 04:45,4139.900,4142.100,4139.900,4140.400
2026-07-07 04:50,4139.900,4141.100,4138.500,4138.900
2026-07-07 04:55,4138.700,4138.800,4136.800,4137.600
2026-07-07 05:00,4137.600,4139.200,4133.400,4139.200
2026-07-07 05:05,4139.600,4142.200,4135.800,4137.000
2026-07-07 05:10,4136.900,4138.200,4133.000,4133.100
2026-07-07 05:15,4133.100,4137.000,4132.100,4133.400
2026-07-07 05:20,4133.700,4137.900,4131.900,4137.200
2026-07-07 05:25,4137.800,4140.000,4136.400,4139.500
2026-07-07 05:30,4139.700,4140.000,4131.300,4133.800
2026-07-07 05:35,4133.800,4137.800,4130.400,4131.300
2026-07-07 05:40,4131.100,4133.500,4127.700,4133.500
2026-07-07 05:45,4133.700,4135.200,4131.600,4133.000
2026-07-07 05:50,4133.200,4137.100,4132.500,4136.200
2026-07-07 05:55,4136.600,4138.200,4134.600,4135.200
2026-07-07 06:00,4135.000,4140.800,4134.300,4138.100
2026-07-07 06:05,4137.300,4139.700,4134.000,4134.700
2026-07-07 06:10,4134.600,4135.300,4132.500,4135.100
2026-07-07 06:15,4135.000,4137.000,4134.500,4134.600
2026-07-07 06:20,4135.300,4139.500,4135.300,4139.500
2026-07-07 06:25,4139.600,4140.900,4137.900,4138.100
2026-07-07 06:30,4138.000,4141.000,4136.200,4139.700
2026-07-07 06:35,4139.800,4140.500,4138.600,4139.800
2026-07-07 06:40,4139.500,4143.900,4139.500,4143.800
2026-07-07 06:45,4143.800,4144.400,4139.700,4141.100
2026-07-07 06:50,4141.200,4142.500,4140.500,4140.500
2026-07-07 06:55,4140.300,4142.500,4140.200,4141.700
2026-07-07 07:00,4141.900,4142.600,4135.900,4138.400
2026-07-07 07:05,4138.200,4139.000,4135.800,4137.900
2026-07-07 07:10,4137.600,4141.500,4136.500,4140.700
2026-07-07 07:15,4140.700,4143.000,4139.800,4141.200
2026-07-07 07:20,4142.200,4143.400,4137.200,4138.000
2026-07-07 07:25,4138.500,4141.000,4138.200,4138.300
2026-07-07 07:30,4138.300,4139.700,4137.000,4139.000
2026-07-07 07:35,4139.100,4141.200,4138.400,4140.100
2026-07-07 07:40,4140.200,4142.400,4138.500,4141.400
2026-07-07 07:45,4141.100,4144.600,4137.900,4139.000
2026-07-07 07:50,4138.200,4139.400,4137.300,4138.100
2026-07-07 07:55,4137.700,4137.900,4135.400,4135.800
2026-07-07 08:00,4135.400,4141.600,4135.400,4139.500
2026-07-07 08:05,4139.200,4142.000,4138.700,4141.300
2026-07-07 08:10,4142.000,4150.900,4141.400,4148.500
2026-07-07 08:15,4148.600,4149.400,4145.800,4146.900
2026-07-07 08:20,4147.100,4149.000,4145.500,4147.700
2026-07-07 08:25,4147.600,4150.300,4147.600,4150.000
2026-07-07 08:30,4150.100,4150.700,4144.500,4145.800
2026-07-07 08:35,4145.900,4146.400,4139.200,4143.000
2026-07-07 08:40,4143.400,4144.500,4140.200,4142.100
2026-07-07 08:45,4142.100,4142.200,4138.900,4139.100
2026-07-07 08:50,4139.500,4139.800,4132.700,4135.300
2026-07-07 08:55,4134.800,4138.100,4133.600,4137.100
2026-07-07 09:00,4136.900,4138.900,4135.400,4138.900
2026-07-07 09:05,4138.800,4139.500,4137.000,4137.800
2026-07-07 09:10,4137.400,4140.100,4137.300,4138.700
2026-07-07 09:15,4138.500,4142.200,4138.500,4140.600
2026-07-07 09:20,4140.100,4140.100,4136.800,4138.100
2026-07-07 09:25,4138.200,4139.600,4130.600,4132.500
2026-07-07 09:30,4132.600,4139.100,4132.400,4138.300
2026-07-07 09:35,4138.500,4142.500,4137.400,4140.200
2026-07-07 09:40,4140.400,4144.600,4140.200,4143.700
2026-07-07 09:45,4143.700,4144.100,4138.500,4138.700
2026-07-07 09:50,4138.300,4141.200,4136.300,4141.200
2026-07-07 09:55,4140.700,4143.600,4140.600,4142.400
2026-07-07 10:00,4142.400,4145.100,4142.400,4143.400
2026-07-07 10:05,4143.900,4145.600,4143.200,4144.400
2026-07-07 10:10,4144.700,4146.400,4143.400,4143.600
2026-07-07 10:15,4144.000,4148.400,4143.200,4147.900
2026-07-07 10:20,4147.600,4148.900,4146.100,4148.900
2026-07-07 10:25,4148.600,4150.500,4147.400,4148.900
2026-07-07 10:30,4149.100,4149.100,4146.000,4147.300
2026-07-07 10:35,4147.100,4148.000,4146.700,4148.000
2026-07-07 10:40,4148.200,4148.900,4146.800,4147.200
2026-07-07 10:45,4147.200,4147.600,4145.000,4145.100
2026-07-07 10:50,4145.200,4147.100,4145.200,4147.100
2026-07-07 10:55,4146.900,4148.800,4145.500,4147.100
2026-07-07 11:00,4147.100,4147.400,4144.900,4145.400
2026-07-07 11:05,4145.400,4146.600,4143.000,4143.500
2026-07-07 11:10,4143.400,4145.300,4143.100,4144.100
2026-07-07 11:15,4144.300,4154.000,4144.300,4152.100
2026-07-07 11:20,4152.000,4155.700,4150.900,4155.700
2026-07-07 11:25,4155.400,4156.800,4153.800,4154.200
2026-07-07 11:30,4154.100,4155.100,4150.800,4154.300
2026-07-07 11:35,4154.300,4159.100,4153.700,4156.500
2026-07-07 11:40,4156.800,4160.500,4156.200,4159.600
2026-07-07 11:45,4159.500,4163.300,4158.400,4161.400
2026-07-07 11:50,4161.100,4164.600,4158.600,4162.200
2026-07-07 11:55,4162.600,4170.000,4162.300,4168.600
2026-07-07 12:00,4168.600,4171.500,4166.000,4170.700
2026-07-07 12:05,4170.600,4183.500,4169.700,4182.000
2026-07-07 12:10,4180.900,4186.700,4177.500,4185.200
2026-07-07 12:15,4185.400,4187.000,4180.300,4180.700
2026-07-07 12:20,4180.700,4182.300,4174.700,4175.700
2026-07-07 12:25,4175.500,4181.100,4174.500,4177.800
2026-07-07 12:30,4177.300,4180.000,4175.300,4175.300
2026-07-07 12:35,4175.600,4179.200,4173.800,4177.700
2026-07-07 12:40,4177.700,4179.000,4173.200,4178.000
2026-07-07 12:45,4177.800,4180.400,4175.900,4177.100
2026-07-07 12:50,4177.100,4181.900,4177.100,4178.600
2026-07-07 12:55,4178.700,4184.500,4178.500,4184.100
2026-07-07 13:00,4184.100,4190.600,4176.400,4177.200
2026-07-07 13:05,4177.500,4178.400,4173.000,4173.600
2026-07-07 13:10,4174.000,4182.900,4171.300,4182.600
2026-07-07 13:15,4182.500,4182.500,4179.200,4180.200
2026-07-07 13:20,4179.900,4183.900,4176.500,4177.200
2026-07-07 13:25,4177.100,4180.600,4175.500,4177.300
2026-07-07 13:30,4177.600,4182.600,4174.700,4180.500
2026-07-07 13:35,4180.400,4191.400,4179.600,4182.000
2026-07-07 13:40,4182.000,4192.400,4180.000,4189.400
2026-07-07 13:45,4189.400,4192.000,4182.400,4185.000
2026-07-07 13:50,4184.700,4186.000,4175.700,4177.400
2026-07-07 13:55,4177.100,4179.100,4167.300,4170.000
2026-07-07 14:00,4169.700,4175.100,4164.200,4165.800
2026-07-07 14:05,4165.600,4169.100,4162.800,4166.900
2026-07-07 14:10,4166.800,4168.000,4161.900,4163.300
2026-07-07 14:15,4162.900,4170.800,4162.400,4169.600
2026-07-07 14:20,4169.600,4170.000,4163.000,4163.200
2026-07-07 14:25,4163.200,4169.500,4162.000,4169.000
2026-07-07 14:30,4169.800,4170.800,4162.200,4162.200
2026-07-07 14:35,4162.200,4162.500,4158.000,4160.400
2026-07-07 14:40,4160.300,4163.800,4154.500,4163.400
2026-07-07 14:45,4163.200,4168.800,4163.000,4167.400
2026-07-07 14:50,4167.200,4168.500,4164.600,4164.800
2026-07-07 14:55,4164.700,4167.900,4164.700,4165.000
2026-07-07 15:00,4165.000,4165.400,4160.900,4162.300
2026-07-07 15:05,4162.700,4166.700,4160.500,4164.500
2026-07-07 15:10,4164.500,4166.500,4159.300,4159.600
2026-07-07 15:15,4159.700,4159.700,4152.600,4155.800
2026-07-07 15:20,4155.600,4157.800,4154.700,4156.200
2026-07-07 15:25,4156.100,4157.800,4152.700,4154.000
2026-07-07 15:30,4154.000,4157.300,4153.800,4154.900
2026-07-07 15:35,4154.200,4157.200,4153.000,4156.600
2026-07-07 15:40,4156.500,4159.300,4155.200,4157.500
2026-07-07 15:45,4157.300,4159.000,4153.000,4153.000
2026-07-07 15:50,4152.800,4154.300,4148.300,4149.000
2026-07-07 15:55,4148.900,4150.300,4146.900,4150.100
2026-07-07 16:00,4150.400,4152.200,4148.200,4150.400
2026-07-07 16:05,4151.100,4155.000,4150.400,4151.200
2026-07-07 16:10,4151.500,4154.000,4150.600,4152.400
2026-07-07 16:15,4152.200,4156.000,4152.100,4155.100
2026-07-07 16:20,4155.600,4157.600,4153.800,4155.800
2026-07-07 16:25,4156.000,4158.700,4155.200,4157.500
2026-07-07 16:30,4157.300,4158.100,4154.600,4154.800
2026-07-07 16:35,4154.500,4156.700,4153.700,4156.000
2026-07-07 16:40,4155.900,4156.700,4154.300,4154.700
2026-07-07 16:45,4154.900,4156.300,4152.200,4156.300
2026-07-07 16:50,4156.000,4158.300,4155.700,4156.300
2026-07-07 16:55,4155.900,4156.700,4154.500,4156.600
2026-07-07 17:00,4156.700,4157.500,4155.500,4157.400
2026-07-07 17:05,4157.500,4158.500,4156.700,4157.100
2026-07-07 17:10,4157.000,4157.000,4153.600,4154.400
2026-07-07 17:15,4154.200,4154.600,4151.800,4154.300
2026-07-07 17:20,4154.300,4157.500,4153.100,4156.600
2026-07-07 17:25,4156.900,4158.300,4155.300,4157.500
2026-07-07 17:30,4157.700,4159.800,4157.100,4157.600
2026-07-07 17:35,4157.500,4158.300,4156.100,4157.700
2026-07-07 17:40,4157.400,4159.300,4157.400,4158.000
2026-07-07 17:45,4158.700,4158.700,4156.700,4156.700
2026-07-07 17:50,4156.500,4156.500,4154.300,4154.900
2026-07-07 17:55,4155.300,4156.300,4155.000,4155.900
2026-07-07 18:00,4156.000,4156.500,4152.600,4153.600
2026-07-07 18:05,4153.900,4154.000,4152.700,4153.000
2026-07-07 18:10,4152.900,4154.300,4152.200,4153.800
2026-07-07 18:15,4153.700,4153.700,4151.300,4153.100
2026-07-07 18:20,4153.000,4155.800,4152.100,4154.400
2026-07-07 18:25,4154.500,4155.600,4152.900,4153.100
2026-07-07 18:30,4152.900,4153.400,4147.700,4150.500
2026-07-07 18:35,4150.500,4153.800,4150.500,4152.900
2026-07-07 18:40,4152.900,4153.200,4151.300,4153.000
2026-07-07 18:45,4153.700,4154.000,4143.500,4146.600
2026-07-07 18:50,4146.100,4148.000,4136.100,4138.100
2026-07-07 18:55,4138.000,4142.200,4136.700,4138.000
2026-07-07 19:00,4137.900,4138.700,4128.900,4132.000
2026-07-07 19:05,4132.500,4132.500,4118.500,4122.000
2026-07-07 19:10,4121.900,4122.400,4113.600,4116.600
2026-07-07 19:15,4116.100,4116.300,4102.700,4109.400
2026-07-07 19:20,4109.300,4113.600,4104.200,4112.300
2026-07-07 19:25,4112.200,4117.700,4108.900,4114.300
2026-07-07 19:30,4114.300,4124.300,4114.300,4123.200
2026-07-07 19:35,4123.500,4125.900,4120.400,4121.400
2026-07-07 19:40,4121.200,4122.700,4118.900,4120.000
2026-07-07 19:45,4120.300,4124.800,4119.200,4123.100
2026-07-07 19:50,4123.400,4126.800,4121.400,4126.600
2026-07-07 19:55,4126.400,4128.900,4124.600,4125.100
2026-07-07 20:00,4125.300,4126.500,4123.600,4126.100
2026-07-07 20:05,4125.900,4126.500,4123.800,4124.900
2026-07-07 20:10,4125.100,4126.700,4123.100,4123.700
2026-07-07 20:15,4124.000,4124.000,4118.400,4120.100
2026-07-07 20:20,4119.800,4119.800,4117.300,4119.100
2026-07-07 20:25,4119.700,4121.800,4119.500,4121.600
2026-07-07 20:30,4121.500,4121.800,4117.900,4117.900
2026-07-07 20:35,4118.000,4118.300,4115.400,4115.700
2026-07-07 20:40,4115.500,4117.900,4115.500,4116.300
2026-07-07 20:45,4116.400,4117.500,4115.600,4116.200
2026-07-07 20:50,4116.000,4116.900,4114.200,4116.100
2026-07-07 20:55,4116.000,4117.700,4114.800,4116.600
2026-07-07 22:00,4106.500,4116.500,4104.000,4115.300
2026-07-07 22:05,4115.900,4116.900,4111.300,4112.000
2026-07-07 22:10,4111.700,4115.100,4111.200,4114.500
2026-07-07 22:15,4114.700,4115.100,4112.000,4113.600
2026-07-07 22:20,4113.600,4114.200,4112.200,4113.100
2026-07-07 22:25,4113.100,4113.200,4110.400,4110.500
2026-07-07 22:30,4110.200,4111.500,4109.400,4110.400
2026-07-07 22:35,4110.900,4113.300,4110.800,4113.200
2026-07-07 22:40,4113.200,4113.400,4110.900,4112.000
2026-07-07 22:45,4111.800,4111.800,4108.000,4108.800
2026-07-07 22:50,4108.800,4111.200,4106.600,4108.600
2026-07-07 22:55,4108.700,4110.600,4106.600,4109.500
2026-07-07 23:00,4109.000,4112.800,4107.300,4112.500
2026-07-07 23:05,4111.600,4118.000,4111.500,4116.600
2026-07-07 23:10,4116.300,4118.900,4115.200,4116.600
2026-07-07 23:15,4116.400,4116.400,4112.200,4113.200
2026-07-07 23:20,4113.500,4115.200,4111.800,4114.900
2026-07-07 23:25,4113.900,4117.800,4113.300,4116.000
2026-07-07 23:30,4115.900,4116.300,4111.500,4112.700
2026-07-07 23:35,4112.300,4113.500,4111.700,4112.700
2026-07-07 23:40,4112.300,4114.700,4107.900,4109.200
2026-07-07 23:45,4108.800,4109.800,4106.300,4108.500
2026-07-07 23:50,4108.700,4112.000,4108.500,4108.800
2026-07-07 23:55,4108.600,4109.100,4106.300,4108.800
2026-07-08 00:00,4108.500,4112.800,4107.400,4112.700
2026-07-08 00:05,4113.000,4113.000,4108.400,4110.000
2026-07-08 00:10,4110.300,4114.400,4109.600,4110.300
2026-07-08 00:15,4111.500,4113.400,4109.100,4113.200
2026-07-08 00:20,4114.000,4116.400,4111.000,4116.400
2026-07-08 00:25,4116.200,4118.600,4114.500,4115.500
2026-07-08 00:30,4116.300,4120.400,4114.700,4120.200
2026-07-08 00:35,4120.300,4134.100,4118.200,4133.700
2026-07-08 00:40,4133.400,4137.100,4131.700,4134.200
2026-07-08 00:45,4134.500,4136.000,4130.900,4133.100
2026-07-08 00:50,4132.800,4132.800,4125.900,4126.500
2026-07-08 00:55,4126.200,4129.400,4122.100,4122.500
2026-07-08 01:00,4122.800,4129.000,4118.000,4119.200
2026-07-08 01:05,4118.900,4118.900,4109.500,4115.000
2026-07-08 01:10,4114.900,4122.500,4114.800,4119.400
2026-07-08 01:15,4119.400,4120.100,4115.100,4118.100
2026-07-08 01:20,4118.500,4121.000,4115.700,4116.600
2026-07-08 01:25,4117.300,4121.100,4113.000,4113.800
2026-07-08 01:30,4113.400,4116.600,4108.500,4109.200
2026-07-08 01:35,4109.000,4111.500,4106.800,4110.600
2026-07-08 01:40,4111.600,4116.100,4109.800,4114.100
2026-07-08 01:45,4113.500,4123.400,4112.800,4121.300
2026-07-08 01:50,4121.100,4123.800,4115.300,4120.100
2026-07-08 01:55,4120.100,4122.600,4118.000,4122.300
2026-07-08 02:00,4122.200,4122.300,4116.500,4119.300
2026-07-08 02:05,4119.300,4128.200,4119.000,4127.700
2026-07-08 02:10,4128.000,4129.400,4122.900,4123.300
2026-07-08 02:15,4123.700,4127.400,4123.500,4125.800
2026-07-08 02:20,4126.000,4132.700,4124.600,4130.800
2026-07-08 02:25,4130.100,4135.500,4129.400,4129.500
2026-07-08 02:30,4129.500,4131.800,4127.000,4129.800
2026-07-08 02:35,4129.700,4131.300,4127.700,4130.900
2026-07-08 02:40,4130.600,4131.100,4129.000,4131.100
2026-07-08 02:45,4131.100,4131.300,4126.500,4127.600
2026-07-08 02:50,4127.300,4128.100,4125.200,4126.800
2026-07-08 02:55,4125.000,4126.500,4124.000,4125.000
2026-07-08 03:00,4125.500,4140.000,4125.500,4136.400
2026-07-08 03:05,4136.700,4140.500,4132.900,4137.400
2026-07-08 03:10,4137.500,4141.500,4136.600,4138.900
2026-07-08 03:15,4138.700,4139.500,4135.700,4137.800
2026-07-08 03:20,4138.000,4140.300,4137.300,4139.700
2026-07-08 03:25,4139.200,4142.300,4138.500,4141.300
2026-07-08 03:30,4141.400,4142.300,4137.500,4139.100
2026-07-08 03:35,4139.100,4139.500,4137.000,4138.100
2026-07-08 03:40,4138.000,4138.200,4136.800,4138.200
2026-07-08 03:45,4137.500,4140.200,4137.200,4139.700
2026-07-08 03:50,4139.700,4139.800,4137.800,4138.500
2026-07-08 03:55,4137.500,4137.500,4133.600,4133.700
2026-07-08 04:00,4134.200,4135.900,4132.500,4133.800
2026-07-08 04:05,4133.500,4139.400,4133.500,4139.200
2026-07-08 04:10,4138.800,4138.800,4135.000,4135.200
2026-07-08 04:15,4135.000,4135.000,4131.400,4133.600
2026-07-08 04:20,4133.600,4137.800,4132.100,4136.400
2026-07-08 04:25,4136.200,4137.800,4135.100,4136.600
2026-07-08 04:30,4136.600,4139.100,4135.100,4136.700
2026-07-08 04:35,4137.300,4139.100,4135.500,4136.200
2026-07-08 04:40,4136.400,4136.600,4132.900,4136.000
2026-07-08 04:45,4136.000,4137.700,4135.100,4135.600
2026-07-08 04:50,4135.500,4137.000,4134.800,4134.800
2026-07-08 04:55,4134.600,4137.600,4134.200,4135.900
2026-07-08 05:00,4135.900,4139.000,4135.700,4138.900
2026-07-08 05:05,4139.100,4144.600,4138.600,4139.300
2026-07-08 05:10,4138.900,4139.300,4136.000,4136.400
2026-07-08 05:15,4136.300,4140.300,4136.300,4138.000
2026-07-08 05:20,4138.000,4138.300,4133.000,4134.700
2026-07-08 05:25,4134.500,4136.600,4132.400,4132.500
2026-07-08 05:30,4132.300,4138.700,4131.300,4138.600
2026-07-08 05:35,4137.900,4140.500,4136.500,4138.700
2026-07-08 05:40,4138.100,4142.000,4137.300,4138.500
2026-07-08 05:45,4139.300,4140.500,4135.900,4135.900
2026-07-08 05:50,4135.800,4137.400,4135.000,4137.000
2026-07-08 05:55,4136.800,4140.000,4136.800,4138.500
2026-07-08 06:00,4138.800,4139.900,4134.000,4134.000
2026-07-08 06:05,4133.700,4136.200,4132.900,4136.200
2026-07-08 06:10,4135.500,4142.100,4135.300,4141.400
2026-07-08 06:15,4141.800,4143.400,4139.500,4140.600
2026-07-08 06:20,4140.900,4144.700,4139.600,4143.100
2026-07-08 06:25,4142.900,4143.500,4140.500,4140.900
2026-07-08 06:30,4140.300,4140.500,4135.900,4137.000
2026-07-08 06:35,4137.100,4138.000,4135.200,4137.100
2026-07-08 06:40,4137.300,4139.100,4136.600,4137.700
2026-07-08 06:45,4137.400,4138.100,4134.900,4135.100
2026-07-08 06:50,4135.700,4137.600,4135.100,4136.000
2026-07-08 06:55,4136.100,4136.400,4133.900,4134.000
2026-07-08 07:00,4134.400,4135.800,4131.200,4131.300
2026-07-08 07:05,4131.400,4131.900,4128.400,4131.600
2026-07-08 07:10,4131.000,4131.500,4126.800,4129.000
2026-07-08 07:15,4128.900,4129.400,4125.400,4126.900
2026-07-08 07:20,4126.900,4130.700,4125.600,4130.700
2026-07-08 07:25,4130.500,4132.600,4128.700,4131.500
2026-07-08 07:30,4131.900,4137.500,4131.200,4135.300
2026-07-08 07:35,4135.000,4135.000,4129.000,4131.000
2026-07-08 07:40,4131.500,4138.900,4131.400,4138.900
2026-07-08 07:45,4138.900,4139.000,4135.400,4135.600
2026-07-08 07:50,4135.500,4136.500,4130.900,4130.900
2026-07-08 07:55,4131.100,4132.500,4130.000,4132.000
2026-07-08 08:00,4132.000,4132.300,4127.500,4127.900
2026-07-08 08:05,4128.000,4131.600,4127.900,4130.900
2026-07-08 08:10,4130.800,4132.500,4127.600,4128.700
2026-07-08 08:15,4129.000,4132.200,4091.300,4099.300
2026-07-08 08:20,4098.800,4108.400,4093.000,4095.600
2026-07-08 08:25,4095.900,4102.300,4090.900,4099.500
2026-07-08 08:30,4099.500,4102.800,4088.000,4093.700
2026-07-08 08:35,4093.400,4093.400,4077.500,4078.000
2026-07-08 08:40,4077.800,4078.900,4071.500,4077.000
2026-07-08 08:45,4076.400,4087.000,4075.500,4077.900
2026-07-08 08:50,4077.100,4079.700,4071.200,4073.600
2026-07-08 08:55,4074.000,4075.600,4062.200,4066.800
2026-07-08 09:00,4066.600,4067.000,4060.900,4065.900
2026-07-08 09:05,4066.100,4066.400,4060.400,4061.800
2026-07-08 09:10,4062.400,4066.600,4061.200,4066.300
2026-07-08 09:15,4065.700,4071.300,4064.100,4069.500
2026-07-08 09:20,4069.700,4070.600,4064.600,4066.700
2026-07-08 09:25,4067.200,4070.800,4065.100,4066.800
2026-07-08 09:30,4067.000,4067.800,4061.500,4067.200
2026-07-08 09:35,4066.800,4068.900,4061.100,4062.800
2026-07-08 09:40,4063.100,4064.600,4054.800,4058.800
2026-07-08 09:45,4058.600,4063.200,4057.400,4060.600
2026-07-08 09:50,4060.500,4060.500,4056.400,4058.200
2026-07-08 09:55,4057.800,4057.900,4051.600,4053.100
2026-07-08 10:00,4053.500,4058.300,4053.200,4057.100
2026-07-08 10:05,4056.600,4056.600,4050.000,4051.900
2026-07-08 10:10,4052.100,4055.300,4051.400,4054.500
2026-07-08 10:15,4054.600,4060.800,4053.400,4060.800
2026-07-08 10:20,4061.000,4066.100,4060.500,4062.800
2026-07-08 10:25,4062.800,4063.600,4059.300,4061.000
2026-07-08 10:30,4060.600,4067.100,4060.200,4065.100
2026-07-08 10:35,4064.800,4067.100,4062.000,4065.000
2026-07-08 10:40,4065.000,4068.700,4062.900,4067.500
2026-07-08 10:45,4067.800,4069.000,4064.100,4065.800
2026-07-08 10:50,4066.200,4067.800,4063.300,4066.800
2026-07-08 10:55,4066.600,4067.600,4062.900,4062.900
2026-07-08 11:00,4062.900,4067.200,4060.600,4064.200
2026-07-08 11:05,4063.700,4065.100,4059.000,4059.400
2026-07-08 11:10,4059.800,4062.400,4058.100,4060.800
2026-07-08 11:15,4060.400,4064.800,4060.300,4062.500
2026-07-08 11:20,4062.000,4064.400,4057.500,4060.300
2026-07-08 11:25,4060.200,4062.100,4058.900,4060.500
2026-07-08 11:30,4060.000,4060.900,4055.700,4057.600
2026-07-08 11:35,4057.900,4058.200,4051.500,4052.300
2026-07-08 11:40,4053.000,4076.300,4052.700,4074.500
2026-07-08 11:45,4074.500,4083.000,4070.800,4072.100
2026-07-08 11:50,4071.900,4074.000,4069.200,4072.800
2026-07-08 11:55,4072.500,4074.700,4069.700,4072.300
2026-07-08 12:00,4071.900,4076.300,4068.500,4075.100
2026-07-08 12:05,4074.700,4080.000,4074.000,4079.500
2026-07-08 12:10,4079.200,4083.600,4078.800,4081.800
2026-07-08 12:15,4082.200,4087.600,4078.700,4085.300
2026-07-08 12:20,4085.400,4086.600,4075.200,4077.500
2026-07-08 12:25,4076.900,4082.300,4076.900,4081.000
2026-07-08 12:30,4080.900,4084.200,4078.400,4083.600
2026-07-08 12:35,4083.300,4083.700,4077.900,4083.300
2026-07-08 12:40,4083.000,4088.700,4081.500,4088.400
2026-07-08 12:45,4088.500,4093.800,4086.700,4093.100
2026-07-08 12:50,4093.000,4096.800,4092.400,4094.600
2026-07-08 12:55,4094.200,4096.200,4081.100,4082.900
2026-07-08 13:00,4082.500,4090.500,4080.700,4089.800
2026-07-08 13:05,4089.900,4093.800,4082.900,4085.400
2026-07-08 13:10,4084.700,4086.900,4080.400,4082.900
2026-07-08 13:15,4082.800,4086.900,4082.400,4083.500
2026-07-08 13:20,4082.800,4086.900,4078.700,4082.200
2026-07-08 13:25,4082.000,4085.400,4075.800,4077.500
2026-07-08 13:30,4077.500,4090.900,4077.400,4088.500
2026-07-08 13:35,4087.100,4091.500,4083.600,4090.200
2026-07-08 13:40,4089.900,4091.200,4081.300,4084.200
2026-07-08 13:45,4083.900,4090.100,4080.200,4080.200
2026-07-08 13:50,4080.300,4084.400,4079.000,4080.600
2026-07-08 13:55,4080.700,4084.000,4079.600,4081.600
2026-07-08 14:00,4081.100,4082.000,4073.900,4077.000
2026-07-08 14:05,4077.100,4079.700,4071.700,4074.700
2026-07-08 14:10,4074.300,4075.600,4067.700,4068.300
2026-07-08 14:15,4068.200,4072.400,4062.000,4065.600
2026-07-08 14:20,4065.400,4073.000,4063.600,4070.900
2026-07-08 14:25,4071.500,4076.400,4069.600,4071.500
2026-07-08 14:30,4071.000,4072.400,4063.000,4066.000
2026-07-08 14:35,4066.000,4066.500,4052.900,4053.900
2026-07-08 14:40,4054.000,4060.200,4045.100,4046.800
2026-07-08 14:45,4046.800,4050.900,4044.000,4046.300
2026-07-08 14:50,4046.200,4057.100,4045.300,4055.200
2026-07-08 14:55,4055.000,4056.400,4051.000,4051.800
2026-07-08 15:00,4052.000,4052.500,4046.300,4048.200
2026-07-08 15:05,4048.000,4054.300,4047.800,4050.700
2026-07-08 15:10,4050.300,4053.100,4044.200,4044.600
2026-07-08 15:15,4044.500,4045.600,4038.100,4042.500
2026-07-08 15:20,4042.600,4046.700,4036.700,4037.000
2026-07-08 15:25,4037.100,4042.900,4036.900,4041.500
2026-07-08 15:30,4042.000,4042.900,4032.500,4035.800
2026-07-08 15:35,4035.600,4042.600,4034.700,4040.000
2026-07-08 15:40,4039.400,4044.300,4039.300,4042.900
2026-07-08 15:45,4042.800,4044.600,4039.800,4044.000
2026-07-08 15:50,4044.100,4048.600,4043.600,4044.900
2026-07-08 15:55,4044.600,4045.100,4040.600,4044.100
2026-07-08 16:00,4044.500,4047.500,4043.400,4046.400
2026-07-08 16:05,4046.800,4050.800,4046.400,4049.400
2026-07-08 16:10,4049.600,4053.500,4049.100,4049.900
2026-07-08 16:15,4050.000,4051.900,4048.000,4050.800
2026-07-08 16:20,4051.300,4052.400,4048.100,4048.600
2026-07-08 16:25,4048.600,4055.900,4048.600,4053.900
2026-07-08 16:30,4053.600,4057.500,4051.400,4052.000
2026-07-08 16:35,4051.700,4057.000,4049.500,4055.100
2026-07-08 16:40,4054.700,4068.300,4052.900,4066.600
2026-07-08 16:45,4066.400,4069.200,4063.300,4068.000
2026-07-08 16:50,4068.400,4073.000,4067.500,4072.200
2026-07-08 16:55,4072.500,4075.000,4071.300,4073.900
2026-07-08 17:00,4073.900,4074.100,4069.400,4071.000
2026-07-08 17:05,4070.900,4079.200,4070.700,4075.800
2026-07-08 17:10,4075.200,4080.700,4073.800,4075.000
2026-07-08 17:15,4075.200,4077.400,4073.500,4076.500
2026-07-08 17:20,4076.100,4081.000,4075.400,4079.600
2026-07-08 17:25,4079.600,4084.700,4079.600,4083.400
2026-07-08 17:30,4083.500,4086.900,4081.500,4083.000
2026-07-08 17:35,4082.900,4083.700,4080.100,4081.300
2026-07-08 17:40,4081.300,4081.800,4079.400,4080.500
2026-07-08 17:45,4080.300,4081.000,4077.500,4078.000
2026-07-08 17:50,4078.200,4080.500,4077.100,4078.000
2026-07-08 17:55,4078.000,4078.000,4074.700,4076.400
2026-07-08 18:00,4075.800,4085.500,4073.800,4079.600
2026-07-08 18:05,4080.000,4081.100,4076.800,4078.500
2026-07-08 18:10,4078.200,4086.400,4077.500,4085.700
2026-07-08 18:15,4086.000,4086.100,4080.900,4082.100
2026-07-08 18:20,4082.100,4082.100,4078.800,4080.000
2026-07-08 18:25,4079.800,4083.100,4078.000,4080.800
2026-07-08 18:30,4080.500,4082.000,4077.600,4080.300
2026-07-08 18:35,4080.400,4086.000,4079.600,4085.600
2026-07-08 18:40,4085.500,4090.000,4085.300,4089.900
2026-07-08 18:45,4089.800,4101.600,4089.000,4100.900
2026-07-08 18:50,4100.200,4101.500,4094.300,4095.700
2026-07-08 18:55,4095.700,4095.700,4092.100,4094.100
2026-07-08 19:00,4095.000,4101.000,4094.700,4097.200
2026-07-08 19:05,4097.600,4100.200,4096.700,4099.700
2026-07-08 19:10,4099.200,4100.500,4095.500,4097.800
2026-07-08 19:15,4097.300,4098.000,4094.800,4096.600
2026-07-08 19:20,4096.500,4097.800,4096.000,4097.200
2026-07-08 19:25,4097.300,4098.600,4095.100,4098.500
2026-07-08 19:30,4098.600,4101.400,4096.400,4097.200
2026-07-08 19:35,4096.800,4099.300,4096.500,4097.300
2026-07-08 19:40,4097.400,4097.500,4093.400,4094.100
2026-07-08 19:45,4093.900,4094.400,4088.500,4089.300
2026-07-08 19:50,4089.200,4093.500,4089.000,4092.900
2026-07-08 19:55,4093.300,4093.300,4090.000,4090.200
2026-07-08 20:00,4090.500,4090.500,4086.200,4089.400
2026-07-08 20:05,4089.400,4093.500,4088.700,4091.300
2026-07-08 20:10,4090.900,4091.700,4087.900,4089.200
2026-07-08 20:15,4089.000,4089.400,4085.600,4086.400
2026-07-08 20:20,4086.500,4086.700,4084.100,4085.400
2026-07-08 20:25,4085.500,4086.700,4084.500,4086.600
2026-07-08 20:30,4086.700,4088.600,4083.200,4083.800
2026-07-08 20:35,4083.900,4084.200,4081.400,4084.200
2026-07-08 20:40,4084.400,4085.900,4084.100,4085.100
2026-07-08 20:45,4084.700,4086.000,4084.200,4085.200
2026-07-08 20:50,4085.600,4089.700,4085.600,4089.500
2026-07-08 20:55,4089.800,4089.800,4082.400,4086.600
2026-07-08 22:00,4087.600,4089.200,4081.200,4082.900
2026-07-08 22:05,4083.500,4088.900,4082.800,4086.700
2026-07-08 22:10,4087.500,4088.400,4086.000,4086.300
2026-07-08 22:15,4086.100,4088.700,4084.700,4085.700
2026-07-08 22:20,4085.600,4085.600,4083.000,4083.900
2026-07-08 22:25,4084.700,4085.400,4082.700,4083.800
2026-07-08 22:30,4084.000,4087.000,4083.000,4086.400
2026-07-08 22:35,4085.900,4087.500,4084.600,4086.400
2026-07-08 22:40,4087.200,4088.800,4085.600,4086.000
2026-07-08 22:45,4085.700,4089.200,4085.500,4088.800
2026-07-08 22:50,4088.600,4089.600,4087.700,4087.800
2026-07-08 22:55,4088.100,4088.100,4085.700,4085.700
2026-07-08 23:00,4086.300,4086.300,4083.600,4084.300
2026-07-08 23:05,4085.200,4086.800,4085.000,4086.800
2026-07-08 23:10,4086.000,4086.800,4085.400,4086.500
2026-07-08 23:15,4086.300,4086.600,4085.000,4085.400
2026-07-08 23:20,4085.100,4085.700,4084.800,4085.100
2026-07-08 23:25,4085.500,4087.500,4085.500,4086.900
2026-07-08 23:30,4086.800,4086.800,4084.200,4085.000
2026-07-08 23:35,4084.900,4087.000,4084.900,4085.900
2026-07-08 23:40,4086.200,4086.300,4083.100,4084.900
2026-07-08 23:45,4084.900,4086.200,4081.100,4082.100
2026-07-08 23:50,4082.400,4086.800,4082.000,4085.300
2026-07-08 23:55,4085.000,4087.400,4084.600,4085.600
2026-07-09 00:00,4087.500,4091.000,4086.400,4090.300
2026-07-09 00:05,4090.100,4092.400,4086.700,4086.700
2026-07-09 00:10,4087.500,4097.000,4087.500,4096.800
2026-07-09 00:15,4096.900,4099.100,4092.300,4093.200
2026-07-09 00:20,4093.500,4094.600,4085.200,4087.000
2026-07-09 00:25,4087.300,4087.600,4083.600,4087.400
2026-07-09 00:30,4087.900,4091.000,4086.800,4088.100
2026-07-09 00:35,4088.200,4091.100,4085.900,4088.700
2026-07-09 00:40,4088.800,4089.200,4084.700,4086.600
2026-07-09 00:45,4086.100,4088.100,4084.500,4087.000
2026-07-09 00:50,4087.100,4087.100,4079.200,4079.800
2026-07-09 00:55,4079.800,4084.400,4079.800,4082.800
2026-07-09 01:00,4083.200,4088.200,4074.100,4076.600
2026-07-09 01:05,4076.800,4083.100,4076.100,4082.900
2026-07-09 01:10,4082.300,4085.700,4081.300,4083.200
2026-07-09 01:15,4083.500,4086.000,4081.700,4083.300
2026-07-09 01:20,4083.400,4085.100,4079.400,4081.500
2026-07-09 01:25,4081.700,4082.300,4075.900,4075.900
2026-07-09 01:30,4076.400,4082.200,4071.400,4080.500
2026-07-09 01:35,4080.700,4082.800,4079.600,4081.200
2026-07-09 01:40,4081.000,4084.400,4079.400,4082.200
2026-07-09 01:45,4081.800,4085.200,4081.500,4083.000
2026-07-09 01:50,4082.600,4083.400,4077.700,4078.300
2026-07-09 01:55,4078.200,4082.000,4077.900,4081.800
2026-07-09 02:00,4081.900,4085.100,4080.800,4084.200
2026-07-09 02:05,4083.200,4085.000,4082.800,4084.500
2026-07-09 02:10,4084.400,4089.000,4084.400,4088.000
2026-07-09 02:15,4087.400,4090.700,4086.200,4089.200
2026-07-09 02:20,4089.200,4089.500,4086.800,4088.500
2026-07-09 02:25,4088.100,4091.900,4088.100,4089.300
2026-07-09 02:30,4089.300,4090.600,4081.100,4081.400
2026-07-09 02:35,4081.500,4083.300,4079.200,4081.700
2026-07-09 02:40,4082.600,4083.600,4078.700,4079.700
2026-07-09 02:45,4079.800,4080.800,4077.200,4078.100
2026-07-09 02:50,4077.100,4077.200,4074.400,4075.800
2026-07-09 02:55,4076.700,4077.700,4073.100,4073.800
2026-07-09 03:00,4073.400,4076.300,4072.900,4075.600
2026-07-09 03:05,4075.500,4075.700,4068.200,4069.100
2026-07-09 03:10,4069.200,4069.900,4064.100,4067.900
2026-07-09 03:15,4067.600,4068.100,4063.400,4064.700
2026-07-09 03:20,4064.500,4068.400,4063.400,4067.800
2026-07-09 03:25,4068.400,4070.200,4066.400,4067.400
2026-07-09 03:30,4067.000,4072.600,4065.600,4071.900
2026-07-09 03:35,4071.900,4072.000,4068.700,4069.900
2026-07-09 03:40,4069.900,4071.000,4068.300,4071.000
2026-07-09 03:45,4071.300,4072.100,4070.200,4070.400
2026-07-09 03:50,4070.300,4072.800,4070.300,4071.900
2026-07-09 03:55,4072.100,4072.300,4070.900,4072.100
2026-07-09 04:00,4073.600,4073.600,4068.400,4070.400
2026-07-09 04:05,4070.600,4072.000,4070.100,4070.900
2026-07-09 04:10,4070.900,4073.100,4069.600,4069.600
2026-07-09 04:15,4069.600,4069.600,4066.500,4067.300
2026-07-09 04:20,4067.100,4070.200,4066.900,4068.900
2026-07-09 04:25,4069.200,4069.300,4067.500,4067.500
2026-07-09 04:30,4068.000,4073.500,4068.000,4072.700
2026-07-09 04:35,4072.400,4073.600,4070.800,4073.100
2026-07-09 04:40,4072.900,4072.900,4065.900,4067.400
2026-07-09 04:45,4067.200,4070.400,4065.900,4070.400
2026-07-09 04:50,4070.900,4072.000,4069.000,4071.700
2026-07-09 04:55,4072.200,4073.700,4071.300,4073.700
2026-07-09 05:00,4073.700,4081.300,4073.000,4075.900
2026-07-09 05:05,4076.000,4078.600,4075.700,4077.500
2026-07-09 05:10,4077.800,4085.300,4077.600,4082.900
2026-07-09 05:15,4083.100,4083.400,4077.200,4077.300
2026-07-09 05:20,4077.400,4079.000,4076.200,4078.200
2026-07-09 05:25,4077.400,4081.800,4077.200,4081.400
2026-07-09 05:30,4082.000,4083.000,4073.800,4080.300
2026-07-09 05:35,4080.800,4086.300,4078.700,4085.300
2026-07-09 05:40,4084.900,4085.900,4082.900,4085.000
2026-07-09 05:45,4085.300,4089.100,4083.400,4089.000
2026-07-09 05:50,4089.200,4092.300,4087.900,4088.900
2026-07-09 05:55,4088.900,4093.800,4088.200,4091.400
2026-07-09 06:00,4091.300,4109.300,4090.800,4102.400
2026-07-09 06:05,4102.500,4103.300,4097.800,4098.400
2026-07-09 06:10,4098.800,4102.100,4097.800,4101.500
2026-07-09 06:15,4101.300,4105.000,4101.000,4102.800
2026-07-09 06:20,4103.800,4110.800,4102.800,4107.700
2026-07-09 06:25,4107.400,4112.600,4107.300,4111.200
2026-07-09 06:30,4111.800,4116.700,4109.000,4113.700
2026-07-09 06:35,4113.700,4115.600,4108.000,4108.000
2026-07-09 06:40,4108.100,4112.700,4105.600,4112.500
2026-07-09 06:45,4112.300,4115.000,4112.000,4112.600
2026-07-09 06:50,4113.000,4114.900,4112.600,4113.300
2026-07-09 06:55,4113.100,4117.700,4112.700,4117.700
2026-07-09 07:00,4117.300,4119.900,4115.600,4115.800
2026-07-09 07:05,4115.700,4116.400,4112.600,4115.400
2026-07-09 07:10,4115.100,4116.100,4111.300,4111.300
2026-07-09 07:15,4111.400,4115.000,4111.400,4114.300
2026-07-09 07:20,4114.300,4115.700,4112.900,4115.400
2026-07-09 07:25,4115.600,4119.500,4114.500,4118.600
2026-07-09 07:30,4118.600,4119.200,4113.300,4116.600
2026-07-09 07:35,4116.400,4119.200,4115.800,4117.800
2026-07-09 07:40,4118.300,4120.900,4117.700,4118.900
2026-07-09 07:45,4118.600,4120.900,4116.000,4120.300
2026-07-09 07:50,4120.400,4121.000,4118.300,4118.300
2026-07-09 07:55,4118.000,4118.100,4114.200,4117.900
2026-07-09 08:00,4117.900,4119.200,4115.000,4117.400
2026-07-09 08:05,4117.100,4120.400,4116.500,4119.600
2026-07-09 08:10,4119.100,4119.600,4115.100,4117.800
2026-07-09 08:15,4118.000,4122.600,4117.600,4118.500
2026-07-09 08:20,4119.200,4127.400,4119.200,4125.200
2026-07-09 08:25,4125.000,4125.100,4123.400,4124.400
2026-07-09 08:30,4124.200,4126.000,4119.300,4119.900
2026-07-09 08:35,4120.000,4124.600,4120.000,4124.500
2026-07-09 08:40,4123.900,4124.500,4122.400,4122.900
2026-07-09 08:45,4123.100,4123.100,4116.800,4118.800
2026-07-09 08:50,4118.900,4120.200,4118.200,4119.000
2026-07-09 08:55,4119.000,4120.100,4117.000,4117.900
2026-07-09 09:00,4118.000,4118.300,4115.600,4117.800
2026-07-09 09:05,4117.700,4118.800,4115.200,4115.800
2026-07-09 09:10,4116.000,4118.600,4115.700,4117.500
2026-07-09 09:15,4117.700,4121.000,4116.900,4119.300
2026-07-09 09:20,4119.000,4121.400,4116.900,4117.000
2026-07-09 09:25,4116.800,4118.200,4116.500,4117.500
2026-07-09 09:30,4117.500,4119.500,4114.100,4115.300
2026-07-09 09:35,4115.800,4117.100,4115.000,4115.700
2026-07-09 09:40,4115.700,4115.700,4112.600,4113.300
2026-07-09 09:45,4113.100,4114.500,4112.600,4114.500
2026-07-09 09:50,4114.900,4115.700,4113.200,4115.100
2026-07-09 09:55,4115.300,4116.800,4114.400,4115.700
2026-07-09 10:00,4115.800,4119.200,4113.400,4119.100
2026-07-09 10:05,4119.000,4119.000,4114.500,4116.100
2026-07-09 10:10,4116.700,4117.200,4114.000,4114.500
2026-07-09 10:15,4114.600,4116.100,4114.100,4114.100
2026-07-09 10:20,4114.300,4115.300,4113.900,4114.400
2026-07-09 10:25,4114.100,4114.700,4113.400,4113.800
2026-07-09 10:30,4113.200,4114.600,4111.000,4113.800
2026-07-09 10:35,4113.500,4114.600,4112.700,4114.000
2026-07-09 10:40,4113.600,4113.700,4112.200,4112.800
2026-07-09 10:45,4112.800,4113.300,4108.700,4110.300
2026-07-09 10:50,4110.000,4110.300,4103.700,4106.500
2026-07-09 10:55,4106.400,4108.500,4102.800,4108.000
2026-07-09 11:00,4108.200,4113.300,4106.900,4112.300
2026-07-09 11:05,4112.300,4112.400,4109.700,4111.600
2026-07-09 11:10,4111.800,4114.600,4111.000,4113.600
2026-07-09 11:15,4114.500,4116.800,4113.500,4114.200
2026-07-09 11:20,4114.100,4114.700,4108.600,4109.400
2026-07-09 11:25,4109.500,4110.800,4108.300,4109.500
2026-07-09 11:30,4109.800,4112.000,4109.500,4110.400
2026-07-09 11:35,4110.600,4115.000,4108.200,4114.800
2026-07-09 11:40,4114.600,4119.400,4114.200,4116.000
2026-07-09 11:45,4116.000,4117.700,4114.600,4115.900
2026-07-09 11:50,4115.600,4117.800,4114.400,4117.000
2026-07-09 11:55,4117.200,4120.400,4116.700,4118.700
2026-07-09 12:00,4118.700,4119.800,4115.700,4117.600
2026-07-09 12:05,4117.500,4130.300,4115.900,4125.200
2026-07-09 12:10,4125.500,4127.000,4122.200,4122.600
2026-07-09 12:15,4122.800,4123.300,4117.300,4117.800
2026-07-09 12:20,4117.700,4118.600,4114.800,4116.300
2026-07-09 12:25,4116.200,4119.200,4114.900,4116.700
2026-07-09 12:30,4117.000,4126.000,4116.300,4125.700
2026-07-09 12:35,4125.700,4131.400,4124.800,4130.500
2026-07-09 12:40,4130.500,4132.400,4122.300,4122.500
2026-07-09 12:45,4122.900,4123.100,4120.500,4122.200
2026-07-09 12:50,4122.600,4124.500,4120.500,4121.200
2026-07-09 12:55,4121.400,4122.300,4116.800,4117.700
2026-07-09 13:00,4117.500,4124.400,4116.600,4121.500
2026-07-09 13:05,4121.800,4127.800,4121.000,4126.100
2026-07-09 13:10,4126.400,4131.000,4125.700,4130.600
2026-07-09 13:15,4130.700,4136.900,4129.100,4130.200
2026-07-09 13:20,4130.400,4135.400,4128.400,4135.300
2026-07-09 13:25,4135.400,4137.300,4133.200,4135.700
2026-07-09 13:30,4136.100,4139.200,4129.400,4135.500
2026-07-09 13:35,4135.000,4138.000,4132.100,4134.900
2026-07-09 13:40,4135.200,4139.600,4131.800,4137.300
2026-07-09 13:45,4137.300,4137.700,4131.300,4133.400
2026-07-09 13:50,4133.500,4136.700,4128.600,4128.600
2026-07-09 13:55,4128.700,4132.700,4127.600,4131.700
2026-07-09 14:00,4131.300,4145.000,4131.100,4141.400
2026-07-09 14:05,4141.300,4147.400,4135.600,4136.400
2026-07-09 14:10,4136.300,4136.900,4129.800,4131.800
2026-07-09 14:15,4132.100,4132.100,4125.500,4127.100
2026-07-09 14:20,4126.900,4133.300,4123.700,4132.900
2026-07-09 14:25,4133.000,4135.700,4131.200,4134.300
2026-07-09 14:30,4134.700,4135.100,4130.800,4134.500
2026-07-09 14:35,4134.500,4136.600,4131.100,4133.000
2026-07-09 14:40,4132.700,4134.600,4130.400,4133.900
2026-07-09 14:45,4134.100,4135.100,4128.500,4129.200
2026-07-09 14:50,4129.100,4134.000,4127.900,4134.000
2026-07-09 14:55,4133.700,4138.000,4132.700,4137.300
2026-07-09 15:00,4137.700,4138.400,4134.900,4136.200
2026-07-09 15:05,4136.700,4140.800,4135.100,4136.600
2026-07-09 15:10,4136.500,4137.200,4134.600,4135.300
2026-07-09 15:15,4135.100,4137.700,4134.800,4137.000
2026-07-09 15:20,4137.000,4140.500,4134.600,4139.700
2026-07-09 15:25,4139.300,4140.600,4136.900,4137.700
2026-07-09 15:30,4137.500,4138.500,4136.100,4137.000
2026-07-09 15:35,4136.900,4140.400,4136.600,4140.400
2026-07-09 15:40,4140.500,4141.300,4138.400,4139.900
2026-07-09 15:45,4140.200,4143.000,4138.500,4139.200
2026-07-09 15:50,4139.200,4141.500,4136.100,4137.200
2026-07-09 15:55,4137.300,4138.400,4136.200,4136.400
2026-07-09 16:00,4136.800,4139.500,4135.400,4135.800
2026-07-09 16:05,4135.900,4138.900,4135.600,4138.700
2026-07-09 16:10,4138.800,4141.400,4137.600,4140.200
2026-07-09 16:15,4140.100,4143.600,4139.100,4139.600
2026-07-09 16:20,4139.500,4141.500,4138.800,4140.500
2026-07-09 16:25,4140.500,4142.900,4138.800,4142.900
2026-07-09 16:30,4142.300,4148.400,4142.100,4145.000
2026-07-09 16:35,4144.400,4145.700,4141.200,4142.700
2026-07-09 16:40,4142.500,4144.000,4141.600,4143.700
2026-07-09 16:45,4143.300,4144.200,4140.700,4140.700
2026-07-09 16:50,4141.000,4143.500,4140.600,4143.200
2026-07-09 16:55,4142.900,4142.900,4137.700,4137.700
2026-07-09 17:00,4137.800,4138.500,4135.600,4138.200
2026-07-09 17:05,4138.000,4138.600,4136.300,4137.400
2026-07-09 17:10,4137.600,4138.000,4135.300,4137.200
2026-07-09 17:15,4136.800,4137.800,4134.500,4136.500
2026-07-09 17:20,4136.300,4138.500,4135.300,4138.000
2026-07-09 17:25,4138.000,4141.900,4135.900,4141.600
2026-07-09 17:30,4141.700,4144.000,4139.100,4139.800
2026-07-09 17:35,4139.700,4144.300,4139.500,4143.200
2026-07-09 17:40,4143.300,4143.800,4141.700,4142.000
2026-07-09 17:45,4141.900,4148.300,4141.800,4145.900
2026-07-09 17:50,4146.300,4147.500,4144.900,4145.300
2026-07-09 17:55,4145.200,4146.900,4144.000,4146.100
2026-07-09 18:00,4145.900,4146.500,4140.700,4141.200
2026-07-09 18:05,4141.200,4142.100,4139.400,4140.700
2026-07-09 18:10,4140.500,4140.500,4137.100,4138.700
2026-07-09 18:15,4138.400,4138.400,4136.400,4137.200
2026-07-09 18:20,4136.900,4137.100,4133.500,4134.500
2026-07-09 18:25,4134.400,4134.900,4132.700,4133.800
2026-07-09 18:30,4133.800,4134.800,4132.500,4133.600
2026-07-09 18:35,4134.100,4134.100,4131.100,4132.100
2026-07-09 18:40,4132.000,4135.200,4131.900,4135.200
2026-07-09 18:45,4135.200,4135.300,4133.400,4133.900
2026-07-09 18:50,4134.200,4134.200,4132.100,4133.700
2026-07-09 18:55,4133.700,4135.000,4132.600,4134.500
2026-07-09 19:00,4134.100,4136.900,4133.100,4134.500
2026-07-09 19:05,4134.400,4135.200,4133.000,4133.200
2026-07-09 19:10,4133.000,4134.100,4132.600,4134.100
2026-07-09 19:15,4134.300,4135.000,4133.100,4133.400
2026-07-09 19:20,4133.800,4134.000,4131.500,4131.600
2026-07-09 19:25,4131.400,4131.800,4130.300,4130.600
2026-07-09 19:30,4130.600,4131.400,4129.200,4130.500
2026-07-09 19:35,4130.300,4132.300,4129.800,4130.200
2026-07-09 19:40,4130.200,4131.200,4128.300,4130.000
2026-07-09 19:45,4130.200,4132.100,4129.800,4132.000
2026-07-09 19:50,4131.800,4133.400,4130.300,4131.300
2026-07-09 19:55,4131.700,4132.600,4130.200,4132.400
2026-07-09 20:00,4132.100,4133.900,4131.100,4132.000
2026-07-09 20:05,4131.800,4132.300,4131.200,4131.500
2026-07-09 20:10,4131.500,4131.600,4130.300,4131.200
2026-07-09 20:15,4131.200,4131.700,4130.700,4131.500
2026-07-09 20:20,4131.400,4132.300,4131.000,4131.300
2026-07-09 20:25,4131.400,4131.600,4130.000,4130.600
2026-07-09 20:30,4130.400,4133.600,4130.300,4133.300
2026-07-09 20:35,4133.500,4135.100,4133.100,4133.300
2026-07-09 20:40,4133.400,4134.400,4133.000,4133.900
2026-07-09 20:45,4133.500,4133.500,4132.300,4132.900
2026-07-09 20:50,4132.700,4133.400,4132.500,4133.400
2026-07-09 20:55,4133.000,4134.000,4132.400,4132.600
2026-07-09 22:00,4135.400,4135.500,4133.400,4134.200
2026-07-09 22:05,4134.200,4136.800,4131.600,4131.600
2026-07-09 22:10,4131.900,4133.000,4130.800,4132.800
2026-07-09 22:15,4132.500,4134.000,4132.400,4132.400
2026-07-09 22:20,4132.100,4132.800,4131.500,4132.800
2026-07-09 22:25,4132.600,4133.700,4131.600,4132.600
2026-07-09 22:30,4132.100,4133.100,4131.500,4132.200
2026-07-09 22:35,4132.100,4134.000,4131.800,4133.000
2026-07-09 22:40,4132.800,4133.300,4131.500,4132.700
2026-07-09 22:45,4133.000,4133.200,4131.000,4131.500
2026-07-09 22:50,4131.500,4132.200,4130.500,4132.000
2026-07-09 22:55,4131.900,4133.000,4130.700,4130.700
2026-07-09 23:00,4130.800,4132.200,4130.100,4132.200
2026-07-09 23:05,4132.300,4133.900,4131.900,4133.200
2026-07-09 23:10,4133.100,4133.700,4132.000,4133.000
2026-07-09 23:15,4133.300,4133.600,4133.300,4133.600
2026-07-09 23:20,4133.700,4134.200,4131.000,4131.400
2026-07-09 23:25,4131.500,4132.400,4130.300,4131.400
2026-07-09 23:30,4131.200,4131.500,4130.100,4131.000
2026-07-09 23:35,4131.200,4132.100,4131.200,4132.100
2026-07-09 23:40,4132.000,4132.300,4131.900,4132.000
2026-07-09 23:45,4132.000,4133.900,4130.900,4133.200
2026-07-09 23:50,4133.500,4133.700,4131.900,4132.200
2026-07-09 23:55,4132.100,4133.100,4132.100,4132.600
2026-07-10 00:00,4132.500,4134.600,4129.000,4133.100
2026-07-10 00:05,4133.000,4134.200,4130.300,4132.100
2026-07-10 00:10,4132.500,4132.500,4130.400,4131.900
2026-07-10 00:15,4132.400,4132.900,4130.000,4130.300
2026-07-10 00:20,4130.200,4131.500,4128.000,4128.500
2026-07-10 00:25,4128.100,4129.100,4125.800,4128.600
2026-07-10 00:30,4128.400,4128.400,4123.500,4124.800
2026-07-10 00:35,4125.200,4129.000,4124.900,4128.400
2026-07-10 00:40,4127.700,4133.000,4127.400,4132.400
2026-07-10 00:45,4132.000,4135.000,4131.300,4133.600
2026-07-10 00:50,4134.000,4136.400,4130.300,4131.900
2026-07-10 00:55,4132.000,4137.800,4132.000,4135.800
2026-07-10 01:00,4136.200,4140.800,4129.400,4131.400
2026-07-10 01:05,4131.400,4135.900,4128.100,4135.200
2026-07-10 01:10,4134.500,4136.000,4131.200,4134.000
2026-07-10 01:15,4134.500,4137.500,4132.800,4135.400
2026-07-10 01:20,4135.200,4135.400,4130.000,4132.100
2026-07-10 01:25,4132.200,4132.500,4129.900,4130.800
2026-07-10 01:30,4131.700,4133.200,4128.200,4129.000
2026-07-10 01:35,4129.200,4130.300,4118.600,4122.300
2026-07-10 01:40,4122.200,4123.600,4119.400,4121.100
2026-07-10 01:45,4121.400,4124.300,4118.300,4122.700
2026-07-10 01:50,4123.800,4126.800,4122.800,4125.400
2026-07-10 01:55,4125.800,4130.800,4125.000,4127.100
2026-07-10 02:00,4126.700,4128.600,4125.900,4128.400
2026-07-10 02:05,4127.200,4136.100,4127.200,4134.500
2026-07-10 02:10,4134.000,4138.600,4133.700,4134.700
2026-07-10 02:15,4134.800,4137.900,4133.500,4137.700
2026-07-10 02:20,4137.400,4137.600,4131.400,4133.700
2026-07-10 02:25,4133.900,4135.800,4133.800,4135.800
2026-07-10 02:30,4135.300,4138.400,4132.700,4132.700
2026-07-10 02:35,4132.700,4133.800,4131.200,4133.100
2026-07-10 02:40,4133.100,4136.200,4132.300,4135.300
2026-07-10 02:45,4135.200,4135.500,4133.300,4135.500
2026-07-10 02:50,4135.300,4138.900,4135.300,4137.700
2026-07-10 02:55,4137.300,4137.600,4135.100,4137.600
2026-07-10 03:00,4137.500,4141.900,4136.900,4139.300
2026-07-10 03:05,4139.400,4144.600,4138.100,4140.900
2026-07-10 03:10,4141.400,4141.600,4136.000,4136.400
2026-07-10 03:15,4136.600,4138.300,4135.300,4135.900
2026-07-10 03:20,4135.900,4135.900,4130.400,4131.800
2026-07-10 03:25,4132.100,4136.200,4132.000,4135.100
2026-07-10 03:30,4134.700,4137.500,4133.400,4137.000
2026-07-10 03:35,4137.300,4137.300,4132.100,4132.500
2026-07-10 03:40,4132.500,4133.100,4130.700,4131.100
2026-07-10 03:45,4130.800,4131.800,4130.100,4130.800
2026-07-10 03:50,4130.800,4131.500,4128.900,4129.900
2026-07-10 03:55,4130.200,4131.200,4129.000,4129.500
2026-07-10 04:00,4128.800,4129.200,4127.000,4129.100
2026-07-10 04:05,4129.800,4130.100,4127.100,4127.400
2026-07-10 04:10,4127.500,4130.400,4126.000,4130.100
2026-07-10 04:15,4130.000,4130.500,4128.600,4129.100
2026-07-10 04:20,4129.100,4129.500,4121.200,4123.500
2026-07-10 04:25,4123.100,4127.000,4121.600,4126.500
2026-07-10 04:30,4126.200,4127.400,4125.900,4127.000
2026-07-10 04:35,4126.900,4128.700,4126.900,4128.300
2026-07-10 04:40,4128.500,4128.800,4127.300,4128.200
2026-07-10 04:45,4128.200,4128.200,4125.700,4126.000
2026-07-10 04:50,4126.000,4126.300,4124.400,4126.000
2026-07-10 04:55,4125.800,4126.700,4123.600,4123.900
2026-07-10 05:00,4124.100,4124.500,4122.100,4123.600
2026-07-10 05:05,4123.600,4125.200,4122.100,4122.700
2026-07-10 05:10,4122.700,4123.500,4122.000,4122.800
2026-07-10 05:15,4123.100,4126.000,4123.100,4125.900
2026-07-10 05:20,4125.600,4125.800,4121.700,4123.200
2026-07-10 05:25,4123.400,4124.600,4122.300,4123.000
2026-07-10 05:30,4122.800,4124.100,4118.600,4121.800
2026-07-10 05:35,4121.900,4123.100,4117.700,4118.300
2026-07-10 05:40,4118.000,4123.000,4117.700,4122.800
2026-07-10 05:45,4122.300,4122.800,4117.000,4120.800
2026-07-10 05:50,4121.100,4123.900,4121.100,4123.600
2026-07-10 05:55,4123.400,4126.000,4122.200,4125.500
2026-07-10 06:00,4125.500,4128.100,4124.400,4126.600
2026-07-10 06:05,4126.600,4127.800,4125.200,4126.000
2026-07-10 06:10,4127.100,4127.200,4123.400,4123.800
2026-07-10 06:15,4123.700,4129.000,4122.500,4129.000
2026-07-10 06:20,4128.500,4128.500,4125.200,4126.800
2026-07-10 06:25,4127.000,4127.200,4123.300,4123.400
2026-07-10 06:30,4123.300,4125.100,4121.500,4123.000
2026-07-10 06:35,4122.900,4124.800,4122.600,4124.200
2026-07-10 06:40,4124.300,4124.300,4120.000,4120.600
2026-07-10 06:45,4120.200,4123.200,4120.100,4121.800
2026-07-10 06:50,4122.500,4123.200,4120.800,4122.700
2026-07-10 06:55,4122.500,4122.700,4120.200,4120.600
2026-07-10 07:00,4120.300,4121.900,4119.400,4121.300
2026-07-10 07:05,4121.300,4122.500,4118.300,4119.800
2026-07-10 07:10,4120.300,4121.500,4117.700,4120.200
2026-07-10 07:15,4120.400,4123.100,4117.500,4123.100
2026-07-10 07:20,4123.300,4124.400,4121.500,4123.000
2026-07-10 07:25,4122.800,4123.200,4121.000,4121.500
2026-07-10 07:30,4121.700,4123.500,4120.400,4121.700
2026-07-10 07:35,4122.500,4122.800,4119.100,4120.700
2026-07-10 07:40,4120.400,4120.400,4114.200,4115.600
2026-07-10 07:45,4116.000,4116.400,4113.000,4113.900
2026-07-10 07:50,4114.100,4117.200,4113.700,4116.500
2026-07-10 07:55,4116.900,4118.700,4114.500,4117.900
2026-07-10 08:00,4117.600,4118.300,4112.800,4114.000
2026-07-10 08:05,4113.900,4116.800,4113.600,4115.900
2026-07-10 08:10,4115.900,4116.300,4114.100,4116.300
2026-07-10 08:15,4116.400,4117.400,4115.000,4116.400
2026-07-10 08:20,4116.100,4117.800,4113.700,4114.000
2026-07-10 08:25,4114.000,4114.600,4111.800,4113.100
2026-07-10 08:30,4112.700,4114.300,4110.500,4110.700
2026-07-10 08:35,4111.000,4111.800,4108.200,4111.700
2026-07-10 08:40,4111.500,4111.500,4108.800,4110.600
2026-07-10 08:45,4110.400,4110.400,4103.300,4104.600
2026-07-10 08:50,4104.700,4107.500,4104.000,4105.900
2026-07-10 08:55,4105.700,4107.300,4104.600,4106.500
2026-07-10 09:00,4106.500,4109.200,4103.000,4107.200
2026-07-10 09:05,4107.200,4108.800,4107.100,4108.100
2026-07-10 09:10,4107.900,4110.000,4105.900,4109.600
2026-07-10 09:15,4109.500,4111.600,4109.100,4110.100
2026-07-10 09:20,4110.600,4111.200,4108.800,4111.200
2026-07-10 09:25,4111.200,4112.700,4109.500,4111.700
2026-07-10 09:30,4111.500,4111.900,4109.500,4111.000
2026-07-10 09:35,4110.900,4111.400,4107.600,4110.600
2026-07-10 09:40,4110.500,4113.200,4110.200,4112.000
2026-07-10 09:45,4112.100,4113.400,4111.500,4112.600
2026-07-10 09:50,4112.800,4113.800,4111.200,4113.700
2026-07-10 09:55,4113.700,4114.500,4112.400,4113.700
2026-07-10 10:00,4113.800,4117.600,4113.100,4117.600
2026-07-10 10:05,4117.400,4117.600,4114.700,4115.100
2026-07-10 10:10,4115.000,4117.100,4114.900,4115.500
2026-07-10 10:15,4115.600,4117.000,4115.300,4116.100
2026-07-10 10:20,4116.300,4121.800,4116.100,4120.100
2026-07-10 10:25,4120.300,4120.700,4116.800,4118.500
2026-07-10 10:30,4118.700,4119.700,4115.400,4115.700
2026-07-10 10:35,4115.700,4118.000,4115.500,4117.000
2026-07-10 10:40,4117.000,4118.300,4116.300,4118.300
2026-07-10 10:45,4118.400,4118.400,4116.000,4116.200
2026-07-10 10:50,4116.300,4117.800,4115.400,4117.500
2026-07-10 10:55,4117.300,4117.500,4113.200,4113.500
2026-07-10 11:00,4113.300,4117.100,4113.300,4115.900
2026-07-10 11:05,4115.800,4116.000,4113.400,4114.600
2026-07-10 11:10,4114.700,4116.800,4114.700,4115.100
2026-07-10 11:15,4115.600,4116.800,4115.300,4116.200
2026-07-10 11:20,4116.000,4116.900,4114.400,4116.400
2026-07-10 11:25,4116.800,4117.100,4108.600,4108.600
2026-07-10 11:30,4108.800,4112.000,4107.300,4108.100
2026-07-10 11:35,4108.000,4108.600,4104.500,4106.400
2026-07-10 11:40,4106.800,4116.100,4106.700,4115.500
2026-07-10 11:45,4115.200,4116.800,4114.500,4114.500
2026-07-10 11:50,4114.600,4116.900,4114.000,4114.000
2026-07-10 11:55,4114.000,4114.000,4110.800,4111.000
2026-07-10 12:00,4111.400,4112.800,4110.300,4111.600
2026-07-10 12:05,4110.800,4112.700,4109.800,4112.700
2026-07-10 12:10,4112.800,4127.000,4111.500,4123.600
2026-07-10 12:15,4123.900,4125.100,4116.700,4117.700
2026-07-10 12:20,4117.500,4119.400,4114.000,4115.700
2026-07-10 12:25,4115.500,4115.900,4111.500,4114.800
2026-07-10 12:30,4114.800,4115.600,4110.300,4110.600
2026-07-10 12:35,4110.800,4111.400,4106.000,4110.300
2026-07-10 12:40,4110.000,4111.100,4106.600,4106.700
2026-07-10 12:45,4106.700,4111.600,4106.400,4110.300
2026-07-10 12:50,4110.400,4113.600,4108.500,4109.000
2026-07-10 12:55,4109.000,4110.700,4107.700,4109.300
2026-07-10 13:00,4109.700,4114.000,4107.400,4109.300
2026-07-10 13:05,4109.300,4114.800,4108.700,4114.400
2026-07-10 13:10,4113.900,4114.200,4110.100,4113.000
2026-07-10 13:15,4113.200,4115.500,4109.100,4111.300
2026-07-10 13:20,4111.000,4111.700,4104.500,4105.300
2026-07-10 13:25,4105.500,4106.700,4093.700,4095.900
2026-07-10 13:30,4096.000,4105.500,4095.300,4098.600
2026-07-10 13:35,4098.400,4106.000,4096.100,4105.900
2026-07-10 13:40,4106.100,4111.200,4103.900,4107.200
2026-07-10 13:45,4107.200,4110.800,4105.900,4109.900
2026-07-10 13:50,4109.700,4114.300,4108.600,4111.500
2026-07-10 13:55,4111.200,4111.200,4106.500,4108.700
2026-07-10 14:00,4108.300,4110.700,4106.100,4109.500
2026-07-10 14:05,4109.800,4111.800,4108.200,4109.200
2026-07-10 14:10,4109.300,4112.200,4106.600,4108.800
2026-07-10 14:15,4108.800,4114.300,4106.100,4113.100
2026-07-10 14:20,4113.700,4116.600,4111.500,4111.900
2026-07-10 14:25,4111.500,4118.600,4109.300,4114.300
2026-07-10 14:30,4114.700,4116.800,4081.700,4098.800
2026-07-10 14:35,4099.400,4107.200,4097.000,4104.500
2026-07-10 14:40,4104.900,4111.000,4104.300,4108.500
2026-07-10 14:45,4108.200,4117.100,4107.800,4116.600
2026-07-10 14:50,4116.100,4116.400,4109.300,4110.500
2026-07-10 14:55,4110.500,4110.900,4100.700,4101.700
2026-07-10 15:00,4101.900,4108.100,4100.100,4106.000
2026-07-10 15:05,4106.500,4109.600,4105.100,4107.700
2026-07-10 15:10,4107.700,4110.000,4106.000,4106.100
2026-07-10 15:15,4106.900,4112.300,4106.900,4108.700
2026-07-10 15:20,4108.700,4116.000,4107.900,4114.600
2026-07-10 15:25,4114.300,4117.000,4109.500,4111.400
2026-07-10 15:30,4111.500,4113.000,4110.600,4112.500
2026-07-10 15:35,4112.700,4115.500,4110.700,4115.200
2026-07-10 15:40,4115.000,4116.100,4112.900,4115.300
2026-07-10 15:45,4115.600,4119.700,4115.000,4119.000
2026-07-10 15:50,4119.200,4121.200,4117.500,4119.600
2026-07-10 15:55,4119.800,4122.700,4118.600,4122.100
2026-07-10 16:00,4122.400,4124.000,4120.400,4120.400
2026-07-10 16:05,4120.500,4121.500,4118.200,4120.600
2026-07-10 16:10,4120.700,4121.900,4116.900,4119.400
2026-07-10 16:15,4119.500,4122.500,4119.500,4120.200
2026-07-10 16:20,4119.800,4120.400,4116.200,4120.000
2026-07-10 16:25,4120.100,4123.600,4120.000,4123.600
2026-07-10 16:30,4123.500,4124.800,4121.900,4121.900
2026-07-10 16:35,4122.100,4123.600,4121.100,4121.600
2026-07-10 16:40,4121.600,4122.900,4118.000,4118.300
2026-07-10 16:45,4118.600,4119.100,4116.700,4116.900
2026-07-10 16:50,4116.900,4118.400,4115.000,4115.300
2026-07-10 16:55,4115.400,4116.000,4113.300,4113.600
2026-07-10 17:00,4113.400,4114.400,4111.800,4112.200
2026-07-10 17:05,4111.800,4114.600,4111.300,4112.900
2026-07-10 17:10,4113.000,4114.500,4111.600,4112.700
2026-07-10 17:15,4113.000,4115.400,4112.900,4113.500
2026-07-10 17:20,4114.000,4115.800,4113.800,4114.600
2026-07-10 17:25,4114.400,4115.000,4112.800,4114.400
2026-07-10 17:30,4114.400,4115.800,4113.600,4114.200
2026-07-10 17:35,4114.000,4114.300,4112.400,4112.700
2026-07-10 17:40,4113.000,4114.200,4112.100,4112.800
2026-07-10 17:45,4112.700,4113.500,4111.700,4112.300
2026-07-10 17:50,4112.300,4114.100,4112.200,4112.700
2026-07-10 17:55,4112.700,4112.700,4109.400,4109.600
2026-07-10 18:00,4109.800,4111.800,4108.900,4111.800
2026-07-10 18:05,4111.800,4112.900,4110.800,4112.300
2026-07-10 18:10,4112.600,4114.300,4112.100,4113.800
2026-07-10 18:15,4113.900,4113.900,4111.000,4112.300
2026-07-10 18:20,4112.000,4113.400,4111.400,4111.400
2026-07-10 18:25,4111.600,4114.800,4111.400,4111.800
2026-07-10 18:30,4112.000,4112.500,4110.100,4112.200
2026-07-10 18:35,4111.900,4112.200,4108.300,4108.600
2026-07-10 18:40,4108.500,4109.400,4107.100,4107.700
2026-07-10 18:45,4107.700,4108.800,4106.800,4108.800
2026-07-10 18:50,4109.000,4110.000,4108.300,4110.000
2026-07-10 18:55,4109.800,4110.200,4108.900,4109.700
2026-07-10 19:00,4109.700,4109.700,4106.300,4106.400
2026-07-10 19:05,4106.700,4111.100,4106.300,4109.900
2026-07-10 19:10,4109.700,4110.400,4107.400,4110.200
2026-07-10 19:15,4110.200,4111.500,4109.800,4111.400
2026-07-10 19:20,4111.300,4111.900,4110.300,4110.300
2026-07-10 19:25,4110.400,4111.200,4110.300,4110.300
2026-07-10 19:30,4110.100,4111.200,4109.000,4109.800
2026-07-10 19:35,4109.900,4111.400,4109.400,4110.600
2026-07-10 19:40,4110.600,4112.000,4110.200,4110.900
2026-07-10 19:45,4111.100,4113.600,4110.800,4113.300
2026-07-10 19:50,4113.400,4114.300,4112.700,4114.000
2026-07-10 19:55,4114.000,4117.000,4113.600,4116.600
2026-07-10 20:00,4116.400,4123.400,4116.300,4122.000
2026-07-10 20:05,4121.700,4121.700,4119.100,4119.800
2026-07-10 20:10,4120.100,4120.800,4119.300,4120.400
2026-07-10 20:15,4120.200,4120.700,4119.000,4120.500
2026-07-10 20:20,4120.500,4121.200,4120.100,4120.600
2026-07-10 20:25,4120.300,4120.600,4119.000,4119.600
2026-07-10 20:30,4119.700,4120.300,4118.800,4120.200
2026-07-10 20:35,4120.300,4120.300,4119.200,4119.900
2026-07-10 20:40,4120.000,4120.900,4119.500,4120.300
2026-07-10 20:45,4120.000,4122.100,4120.000,4122.000
2026-07-10 20:50,4121.900,4128.200,4121.400,4127.400
2026-07-10 20:55,4127.300,4129.000,4113.700,4113.700
2026-07-12 22:10,4097.900,4102.200,4088.400,4089.000
2026-07-12 22:15,4089.400,4096.000,4088.800,4093.900
2026-07-12 22:20,4093.200,4095.500,4089.900,4089.900
2026-07-12 22:25,4090.000,4093.600,4087.400,4091.500
2026-07-12 22:30,4091.600,4094.200,4090.200,4090.700
2026-07-12 22:35,4090.900,4092.000,4088.200,4089.700
2026-07-12 22:40,4089.700,4090.000,4085.400,4085.600
2026-07-12 22:45,4086.400,4087.100,4076.800,4085.900
2026-07-12 22:50,4085.600,4088.800,4084.200,4085.100
2026-07-12 22:55,4084.700,4087.100,4082.700,4084.300
2026-07-12 23:00,4084.000,4084.100,4075.800,4077.700
2026-07-12 23:05,4078.400,4080.900,4077.700,4078.200
2026-07-12 23:10,4079.600,4080.000,4076.800,4078.200
2026-07-12 23:15,4078.200,4079.700,4077.400,4077.500
2026-07-12 23:20,4077.400,4080.500,4076.600,4080.000
2026-07-12 23:25,4080.000,4083.400,4079.200,4082.300
2026-07-12 23:30,4082.300,4082.500,4080.200,4080.200
2026-07-12 23:35,4080.800,4085.300,4079.300,4085.200
2026-07-12 23:40,4085.400,4087.300,4084.400,4085.800
2026-07-12 23:45,4085.700,4087.100,4083.700,4086.200
2026-07-12 23:50,4086.500,4091.400,4086.000,4088.700
2026-07-12 23:55,4088.600,4093.300,4088.000,4092.900
2026-07-13 00:00,4093.100,4095.000,4089.000,4092.300
2026-07-13 00:05,4092.600,4099.000,4091.900,4096.800
2026-07-13 00:10,4097.500,4099.700,4094.200,4095.400
2026-07-13 00:15,4095.800,4096.100,4088.200,4090.300
2026-07-13 00:20,4090.600,4091.900,4088.400,4090.900
2026-07-13 00:25,4090.600,4090.900,4082.800,4083.100
2026-07-13 00:30,4082.800,4083.600,4069.400,4071.000
2026-07-13 00:35,4070.400,4078.500,4070.200,4077.900
2026-07-13 00:40,4077.400,4082.000,4076.400,4081.900
2026-07-13 00:45,4082.000,4085.400,4077.200,4077.700
2026-07-13 00:50,4077.400,4083.200,4077.400,4083.200
2026-07-13 00:55,4082.100,4086.200,4081.300,4082.100
2026-07-13 01:00,4082.900,4084.900,4074.000,4080.000
2026-07-13 01:05,4080.000,4089.900,4079.000,4086.500
2026-07-13 01:10,4086.000,4089.300,4085.300,4088.500
2026-07-13 01:15,4088.200,4091.100,4081.300,4082.100
2026-07-13 01:20,4082.300,4084.600,4079.400,4082.600
2026-07-13 01:25,4083.100,4088.900,4082.900,4087.700
2026-07-13 01:30,4087.700,4098.300,4086.000,4093.500
2026-07-13 01:35,4092.700,4097.200,4090.600,4096.600
2026-07-13 01:40,4096.200,4096.200,4091.400,4092.500
2026-07-13 01:45,4093.900,4095.700,4091.200,4094.400
2026-07-13 01:50,4094.900,4096.800,4082.600,4082.600
2026-07-13 01:55,4082.600,4084.200,4075.300,4080.200
2026-07-13 02:00,4080.500,4082.500,4077.900,4078.500
2026-07-13 02:05,4078.900,4081.800,4078.000,4081.100
2026-07-13 02:10,4081.500,4083.000,4078.300,4080.500
2026-07-13 02:15,4080.000,4082.300,4078.800,4081.000
2026-07-13 02:20,4081.500,4082.300,4077.000,4078.600
2026-07-13 02:25,4078.600,4079.300,4074.600,4075.500
2026-07-13 02:30,4075.400,4082.000,4072.600,4081.700
2026-07-13 02:35,4082.000,4085.500,4082.000,4083.400
2026-07-13 02:40,4083.000,4083.000,4079.200,4080.700
2026-07-13 02:45,4080.100,4080.900,4076.200,4077.300
2026-07-13 02:50,4077.900,4079.000,4077.000,4078.800
2026-07-13 02:55,4078.900,4080.000,4076.800,4076.800
2026-07-13 03:00,4076.500,4077.200,4071.500,4072.100
2026-07-13 03:05,4071.900,4072.700,4066.300,4069.300
2026-07-13 03:10,4069.100,4069.600,4060.700,4065.800
2026-07-13 03:15,4066.200,4068.800,4065.800,4067.500
2026-07-13 03:20,4067.700,4069.800,4066.200,4069.300
2026-07-13 03:25,4069.100,4070.300,4066.600,4069.900
2026-07-13 03:30,4069.500,4070.300,4065.600,4065.600
2026-07-13 03:35,4065.600,4068.200,4064.500,4067.400
2026-07-13 03:40,4067.200,4068.000,4065.100,4065.100
2026-07-13 03:45,4065.400,4068.600,4065.300,4067.800
2026-07-13 03:50,4068.100,4068.800,4066.200,4067.200
2026-07-13 03:55,4067.500,4067.900,4066.000,4067.400
2026-07-13 04:00,4068.100,4068.100,4064.000,4064.600
2026-07-13 04:05,4065.400,4066.200,4063.000,4064.000
2026-07-13 04:10,4063.600,4064.800,4060.000,4061.700
2026-07-13 04:15,4062.200,4065.600,4057.800,4065.100
2026-07-13 04:20,4065.000,4065.300,4063.700,4065.000
2026-07-13 04:25,4064.800,4065.000,4061.200,4063.100
2026-07-13 04:30,4063.100,4065.300,4061.600,4063.700
2026-07-13 04:35,4063.500,4065.000,4062.700,4064.300
2026-07-13 04:40,4064.400,4064.400,4060.800,4062.000
2026-07-13 04:45,4062.100,4062.800,4060.100,4060.900
2026-07-13 04:50,4060.700,4062.800,4060.400,4062.400
2026-07-13 04:55,4062.400,4067.100,4062.400,4066.300
2026-07-13 05:00,4066.400,4068.100,4062.600,4068.000
2026-07-13 05:05,4067.200,4078.800,4067.000,4078.400
2026-07-13 05:10,4078.300,4080.900,4075.900,4077.300
2026-07-13 05:15,4077.600,4077.700,4071.700,4073.400
2026-07-13 05:20,4073.400,4074.200,4068.000,4068.900
2026-07-13 05:25,4069.100,4071.400,4065.100,4065.800
2026-07-13 05:30,4065.700,4070.400,4059.500,4070.100
2026-07-13 05:35,4069.700,4073.300,4069.500,4071.000
2026-07-13 05:40,4070.900,4073.100,4068.100,4070.900
2026-07-13 05:45,4070.500,4070.700,4066.800,4070.600
2026-07-13 05:50,4070.600,4072.200,4065.300,4066.400
2026-07-13 05:55,4065.900,4066.900,4060.700,4061.800
2026-07-13 06:00,4061.900,4064.300,4056.600,4058.800
2026-07-13 06:05,4059.400,4062.000,4052.000,4060.800
2026-07-13 06:10,4060.700,4060.900,4056.800,4058.600
2026-07-13 06:15,4058.700,4062.000,4058.600,4061.100
2026-07-13 06:20,4061.600,4064.700,4061.200,4063.100
2026-07-13 06:25,4062.700,4069.100,4062.700,4068.900
2026-07-13 06:30,4069.000,4070.000,4066.400,4067.400
2026-07-13 06:35,4067.300,4071.400,4066.900,4069.800
2026-07-13 06:40,4070.600,4071.000,4067.100,4068.000
2026-07-13 06:45,4067.900,4068.500,4064.100,4064.400
2026-07-13 06:50,4064.700,4065.600,4060.500,4061.900
2026-07-13 06:55,4061.700,4063.700,4059.700,4063.000
2026-07-13 07:00,4063.400,4064.400,4056.500,4061.800
2026-07-13 07:05,4061.300,4068.300,4059.200,4066.100
2026-07-13 07:10,4066.300,4069.300,4062.300,4063.400
2026-07-13 07:15,4063.700,4065.900,4063.700,4065.600
2026-07-13 07:20,4064.900,4066.900,4063.700,4065.000
2026-07-13 07:25,4064.900,4067.100,4064.200,4067.100
2026-07-13 07:30,4066.600,4068.300,4063.800,4067.800
2026-07-13 07:35,4067.600,4071.000,4067.200,4068.400
2026-07-13 07:40,4068.300,4069.700,4065.000,4065.000
2026-07-13 07:45,4065.700,4067.500,4064.800,4065.200
2026-07-13 07:50,4065.100,4069.900,4064.000,4069.300
2026-07-13 07:55,4069.500,4073.200,4068.700,4072.800
2026-07-13 08:00,4072.800,4075.700,4071.400,4073.200
2026-07-13 08:05,4073.600,4079.700,4072.900,4079.300
2026-07-13 08:10,4079.400,4083.600,4077.900,4082.300
2026-07-13 08:15,4082.200,4086.800,4081.800,4083.600
2026-07-13 08:20,4083.600,4089.100,4083.300,4087.000
2026-07-13 08:25,4086.600,4087.800,4082.300,4082.600
2026-07-13 08:30,4082.300,4084.000,4079.500,4081.000
2026-07-13 08:35,4080.800,4083.400,4079.900,4083.300
2026-07-13 08:40,4082.900,4084.800,4081.400,4084.600
2026-07-13 08:45,4084.000,4085.000,4080.900,4084.500
2026-07-13 08:50,4084.900,4087.200,4084.100,4086.400
2026-07-13 08:55,4086.500,4086.600,4082.500,4083.100
2026-07-13 09:00,4082.800,4084.400,4081.000,4082.800
2026-07-13 09:05,4083.400,4084.000,4082.300,4082.300
2026-07-13 09:10,4082.000,4083.200,4081.000,4082.900
2026-07-13 09:15,4082.900,4082.900,4080.000,4081.600
2026-07-13 09:20,4081.200,4083.400,4081.100,4082.700
2026-07-13 09:25,4082.900,4085.000,4079.200,4081.000
2026-07-13 09:30,4080.700,4082.000,4078.400,4080.000
2026-07-13 09:35,4080.000,4080.000,4077.700,4078.000
2026-07-13 09:40,4078.100,4081.700,4077.800,4080.800
2026-07-13 09:45,4080.800,4082.000,4079.800,4081.000
2026-07-13 09:50,4081.200,4081.200,4078.100,4079.300
2026-07-13 09:55,4079.400,4080.100,4076.000,4076.300
2026-07-13 10:00,4076.200,4078.400,4075.800,4078.300
2026-07-13 10:05,4078.100,4078.400,4076.300,4077.100
2026-07-13 10:10,4077.100,4077.400,4074.700,4075.600
2026-07-13 10:15,4075.500,4077.200,4074.000,4076.100
2026-07-13 10:20,4076.500,4076.900,4074.300,4075.600
2026-07-13 10:25,4075.200,4075.600,4071.500,4073.000
2026-07-13 10:30,4072.900,4075.500,4072.800,4074.300
2026-07-13 10:35,4074.500,4076.300,4074.000,4074.600
2026-07-13 10:40,4074.600,4074.600,4055.000,4060.700
2026-07-13 10:45,4060.400,4062.800,4056.400,4062.800
2026-07-13 10:50,4062.300,4066.600,4060.000,4066.400
2026-07-13 10:55,4066.500,4069.600,4066.400,4068.400
2026-07-13 11:00,4068.400,4072.100,4066.000,4071.100
2026-07-13 11:05,4071.300,4075.800,4071.000,4073.100
2026-07-13 11:10,4072.700,4073.700,4070.300,4071.700
2026-07-13 11:15,4071.900,4072.900,4068.900,4069.300
2026-07-13 11:20,4069.400,4069.600,4066.100,4066.800
2026-07-13 11:25,4066.600,4071.500,4066.200,4070.600
2026-07-13 11:30,4070.300,4075.800,4069.700,4075.600
2026-07-13 11:35,4075.800,4076.700,4071.000,4071.700
2026-07-13 11:40,4072.100,4075.000,4072.100,4072.800
2026-07-13 11:45,4073.200,4073.400,4068.400,4070.800
2026-07-13 11:50,4070.600,4070.800,4062.600,4064.200
2026-07-13 11:55,4064.200,4065.600,4063.100,4064.000
2026-07-13 12:00,4064.000,4068.500,4064.000,4065.700
2026-07-13 12:05,4066.300,4067.600,4062.600,4063.800
2026-07-13 12:10,4063.800,4068.100,4061.100,4064.000
2026-07-13 12:15,4063.600,4068.700,4063.600,4067.100
2026-07-13 12:20,4067.100,4070.000,4063.000,4069.900
2026-07-13 12:25,4069.800,4071.300,4066.300,4066.900
2026-07-13 12:30,4066.700,4070.800,4066.400,4070.800
2026-07-13 12:35,4070.500,4071.300,4067.400,4068.800
2026-07-13 12:40,4068.400,4071.800,4068.200,4070.500
2026-07-13 12:45,4070.700,4074.500,4070.700,4073.400
2026-07-13 12:50,4073.100,4074.800,4072.200,4073.700
2026-07-13 12:55,4073.900,4075.200,4071.400,4075.200
2026-07-13 13:00,4075.300,4075.500,4067.100,4070.900
2026-07-13 13:05,4070.500,4072.800,4068.500,4071.200
2026-07-13 13:10,4071.200,4071.200,4066.700,4069.600
2026-07-13 13:15,4069.600,4069.600,4066.200,4068.500
2026-07-13 13:20,4068.800,4070.600,4068.200,4069.800
2026-07-13 13:25,4069.800,4073.600,4069.000,4069.700
2026-07-13 13:30,4070.200,4071.800,4064.200,4066.000
2026-07-13 13:35,4066.200,4069.000,4061.500,4062.200
2026-07-13 13:40,4061.900,4066.300,4059.000,4062.600
2026-07-13 13:45,4062.100,4065.800,4057.400,4058.300
2026-07-13 13:50,4058.500,4060.100,4049.900,4059.400
2026-07-13 13:55,4058.400,4060.700,4049.000,4050.900
2026-07-13 14:00,4050.500,4054.500,4045.300,4047.300
2026-07-13 14:05,4047.800,4048.500,4036.000,4045.300
2026-07-13 14:10,4045.100,4047.200,4041.300,4043.400
2026-07-13 14:15,4043.200,4044.800,4014.600,4028.800
2026-07-13 14:20,4029.300,4029.500,4009.000,4028.400
2026-07-13 14:25,4028.200,4036.200,4022.200,4024.300
2026-07-13 14:30,4023.900,4024.500,4012.000,4017.300
2026-07-13 14:35,4017.400,4017.500,4010.700,4015.100
2026-07-13 14:40,4014.800,4015.100,4005.800,4012.500
2026-07-13 14:45,4012.400,4016.500,4008.400,4013.500
2026-07-13 14:50,4013.600,4018.000,4011.200,4016.500
2026-07-13 14:55,4016.300,4022.600,4015.900,4022.400
2026-07-13 15:00,4022.400,4024.900,4018.500,4018.900
2026-07-13 15:05,4019.300,4021.400,4017.700,4021.400
2026-07-13 15:10,4021.400,4024.000,4020.900,4021.600
2026-07-13 15:15,4022.100,4026.800,4020.400,4026.300
2026-07-13 15:20,4026.100,4027.500,4022.600,4023.800
2026-07-13 15:25,4023.200,4025.800,4020.300,4023.500
2026-07-13 15:30,4024.100,4025.000,4021.300,4022.200
2026-07-13 15:35,4022.400,4024.100,4020.500,4023.000
2026-07-13 15:40,4022.600,4023.500,4019.600,4020.500
2026-07-13 15:45,4020.600,4022.400,4018.100,4020.800
2026-07-13 15:50,4021.400,4021.900,4017.500,4020.700
2026-07-13 15:55,4020.600,4023.500,4019.900,4023.300
2026-07-13 16:00,4023.100,4025.500,4021.000,4023.300
2026-07-13 16:05,4023.400,4024.100,4020.700,4022.600
2026-07-13 16:10,4022.600,4023.700,4019.900,4021.300
2026-07-13 16:15,4021.100,4021.400,4018.200,4019.100
2026-07-13 16:20,4018.900,4020.100,4016.800,4016.900
2026-07-13 16:25,4016.900,4018.000,4007.600,4011.400
2026-07-13 16:30,4011.400,4012.000,3999.000,4002.000
2026-07-13 16:35,4002.200,4004.600,3997.400,4003.700
2026-07-13 16:40,4003.600,4007.900,4002.000,4007.600
2026-07-13 16:45,4007.500,4010.400,4004.200,4005.500
2026-07-13 16:50,4005.500,4006.000,3998.600,3999.000
2026-07-13 16:55,3998.300,4000.500,3992.900,4000.300
2026-07-13 17:00,4000.500,4004.300,3999.200,4001.700
2026-07-13 17:05,4001.700,4006.200,4000.300,4005.500
2026-07-13 17:10,4005.300,4006.000,4003.900,4004.900
2026-07-13 17:15,4004.900,4008.900,4004.100,4008.500
2026-07-13 17:20,4008.100,4009.300,4004.900,4005.900
2026-07-13 17:25,4006.100,4007.100,4003.900,4006.300
2026-07-13 17:30,4006.400,4008.500,4005.200,4007.100
2026-07-13 17:35,4007.500,4007.500,4004.400,4005.100
2026-07-13 17:40,4004.800,4006.200,4003.500,4004.300
2026-07-13 17:45,4005.300,4006.700,4001.500,4002.900
2026-07-13 17:50,4003.100,4003.700,4000.300,4001.600
2026-07-13 17:55,4002.000,4002.700,3999.400,4000.600
2026-07-13 18:00,4000.700,4002.400,3997.600,3997.900
2026-07-13 18:05,3997.700,4001.900,3997.700,3998.600
2026-07-13 18:10,3998.900,4001.200,3996.300,4000.800
2026-07-13 18:15,4001.000,4001.600,3993.600,3995.400
2026-07-13 18:20,3995.400,4002.000,3993.600,4001.900
2026-07-13 18:25,4001.600,4003.900,4001.300,4002.300
2026-07-13 18:30,4002.500,4005.600,4000.900,4003.800
2026-07-13 18:35,4004.100,4007.300,4004.000,4006.100
2026-07-13 18:40,4006.100,4008.000,4005.100,4007.400
2026-07-13 18:45,4007.400,4009.400,4005.300,4009.200
2026-07-13 18:50,4008.900,4012.700,4007.800,4011.000
2026-07-13 18:55,4010.900,4012.200,4005.400,4008.500
2026-07-13 19:00,4008.800,4011.600,4005.300,4011.600
2026-07-13 19:05,4011.100,4011.500,4006.300,4007.700
2026-07-13 19:10,4007.200,4007.200,4004.800,4005.500
2026-07-13 19:15,4005.400,4006.800,4004.900,4006.400
2026-07-13 19:20,4006.100,4007.400,4003.900,4007.200
2026-07-13 19:25,4007.400,4007.800,4005.100,4005.400
2026-07-13 19:30,4005.200,4007.500,4004.900,4006.100
2026-07-13 19:35,4006.300,4006.300,4000.500,4002.300
2026-07-13 19:40,4002.300,4006.700,4002.200,4006.700
2026-07-13 19:45,4006.200,4006.700,4004.200,4004.700
2026-07-13 19:50,4004.400,4008.600,4004.300,4007.600
2026-07-13 19:55,4007.600,4009.900,4007.200,4009.300
2026-07-13 20:00,4009.400,4012.000,4008.200,4012.000
2026-07-13 20:05,4011.700,4013.600,4009.000,4009.700
2026-07-13 20:10,4010.100,4010.300,4005.800,4005.800
2026-07-13 20:15,4006.300,4007.300,4002.800,4006.800
2026-07-13 20:20,4006.700,4007.000,4005.200,4005.700
2026-07-13 20:25,4005.500,4007.600,4005.500,4007.600
2026-07-13 20:30,4007.300,4007.600,4004.300,4005.700
2026-07-13 20:35,4006.300,4006.300,4004.100,4006.100
2026-07-13 20:40,4006.400,4007.700,4005.800,4007.000
2026-07-13 20:45,4007.000,4007.800,4005.800,4006.400
2026-07-13 20:50,4006.400,4008.000,4005.000,4008.000
2026-07-13 20:55,4008.200,4009.400,4007.600,4008.700
2026-07-13 22:00,4005.900,4015.500,4005.800,4008.200
2026-07-13 22:05,4008.500,4012.500,4008.300,4008.700
2026-07-13 22:10,4009.000,4011.300,4008.700,4011.000
2026-07-13 22:15,4011.000,4012.800,4010.800,4012.000
2026-07-13 22:20,4011.500,4012.000,4010.900,4010.900
2026-07-13 22:25,4011.400,4011.600,4010.900,4011.100
2026-07-13 22:30,4011.000,4011.200,4010.000,4010.800
2026-07-13 22:35,4011.300,4012.500,4009.600,4010.200
2026-07-13 22:40,4010.000,4011.100,4009.900,4010.900
2026-07-13 22:45,4010.300,4012.500,4009.900,4010.600
2026-07-13 22:50,4010.400,4010.900,4008.600,4009.900
2026-07-13 22:55,4009.600,4009.600,4007.400,4007.400
2026-07-13 23:00,4007.700,4009.900,4007.000,4008.000
2026-07-13 23:05,4007.900,4009.900,4007.300,4009.100
2026-07-13 23:10,4008.300,4008.400,4006.200,4007.300
2026-07-13 23:15,4007.300,4007.300,4005.000,4006.200
2026-07-13 23:20,4006.400,4007.500,4004.300,4006.100
2026-07-13 23:25,4006.400,4007.000,4003.900,4004.300
2026-07-13 23:30,4004.000,4004.200,4000.000,4001.500
2026-07-13 23:35,4001.900,4003.000,4000.600,4002.800
2026-07-13 23:40,4003.000,4004.100,4002.000,4002.500
2026-07-13 23:45,4001.700,4005.900,3999.100,4004.400
2026-07-13 23:50,4004.400,4007.500,4002.600,4006.200
2026-07-13 23:55,4005.600,4008.900,4005.400,4007.900
2026-07-14 00:00,4008.600,4011.800,4000.000,4001.300
2026-07-14 00:05,4001.000,4002.000,3990.400,4001.800
2026-07-14 00:10,4002.000,4005.700,3997.900,4002.700
2026-07-14 00:15,4002.000,4002.700,3994.300,3994.900
2026-07-14 00:20,3994.400,3997.000,3992.600,3997.000
2026-07-14 00:25,3997.000,4003.800,3995.700,4001.800
2026-07-14 00:30,4002.500,4013.300,4001.400,4012.200
2026-07-14 00:35,4011.700,4014.300,4009.000,4009.000
2026-07-14 00:40,4010.400,4013.000,4006.000,4009.800
2026-07-14 00:45,4010.400,4013.900,4007.800,4009.500
2026-07-14 00:50,4009.600,4012.900,4009.600,4011.500
2026-07-14 00:55,4011.100,4014.100,4010.100,4011.600
2026-07-14 01:00,4010.800,4010.900,3998.600,4005.100
2026-07-14 01:05,4005.700,4006.400,3998.800,4001.100
2026-07-14 01:10,4001.400,4005.600,3999.700,4001.800
2026-07-14 01:15,4001.900,4011.600,4001.800,4009.800
2026-07-14 01:20,4009.400,4010.000,4003.800,4004.100
2026-07-14 01:25,4003.900,4006.200,4002.500,4004.400
2026-07-14 01:30,4004.100,4010.400,4003.000,4005.300
2026-07-14 01:35,4005.000,4005.300,3999.800,4004.100
2026-07-14 01:40,4004.100,4009.100,4001.700,4008.600
2026-07-14 01:45,4008.500,4010.400,4005.700,4009.400
2026-07-14 01:50,4009.500,4012.200,4006.500,4010.700
2026-07-14 01:55,4011.200,4019.000,4009.000,4017.000
2026-07-14 02:00,4017.500,4017.800,4012.700,4016.000
2026-07-14 02:05,4016.500,4020.200,4014.800,4018.300
2026-07-14 02:10,4018.300,4024.300,4017.900,4023.500
2026-07-14 02:15,4022.800,4025.500,4021.600,4024.300
2026-07-14 02:20,4024.500,4024.700,4020.500,4021.300
2026-07-14 02:25,4021.200,4024.500,4020.200,4024.200
2026-07-14 02:30,4024.400,4025.700,4019.800,4020.600
2026-07-14 02:35,4020.800,4022.000,4019.200,4020.500
2026-07-14 02:40,4020.600,4023.000,4017.400,4017.800
2026-07-14 02:45,4017.700,4019.600,4016.600,4016.800
2026-07-14 02:50,4016.500,4018.100,4015.900,4017.800
2026-07-14 02:55,4017.300,4020.800,4017.300,4019.200
2026-07-14 03:00,4019.100,4023.400,4018.600,4021.100
2026-07-14 03:05,4021.400,4023.500,4019.900,4020.500
2026-07-14 03:10,4020.000,4022.200,4018.500,4020.900
2026-07-14 03:15,4020.200,4022.100,4018.500,4019.800
2026-07-14 03:20,4019.700,4023.100,4017.500,4022.900
2026-07-14 03:25,4022.200,4025.300,4021.600,4024.000
2026-07-14 03:30,4024.600,4025.700,4021.100,4021.600
2026-07-14 03:35,4021.400,4024.300,4021.100,4022.100
2026-07-14 03:40,4021.800,4022.600,4020.200,4021.900
2026-07-14 03:45,4022.100,4023.300,4021.500,4023.100
2026-07-14 03:50,4022.100,4024.600,4021.800,4024.200
2026-07-14 03:55,4024.300,4024.300,4021.100,4022.600
2026-07-14 04:00,4023.700,4025.400,4022.500,4023.300
2026-07-14 04:05,4023.800,4024.000,4021.600,4021.600
2026-07-14 04:10,4021.900,4022.700,4019.900,4022.200
2026-07-14 04:15,4022.300,4022.900,4020.800,4021.900
2026-07-14 04:20,4021.600,4022.700,4020.300,4022.000
2026-07-14 04:25,4022.100,4023.800,4021.900,4022.200
2026-07-14 04:30,4022.300,4029.400,4022.100,4028.000
2026-07-14 04:35,4028.400,4029.700,4027.500,4027.900
2026-07-14 04:40,4028.300,4028.800,4026.900,4027.000
2026-07-14 04:45,4026.900,4027.300,4024.400,4024.400
2026-07-14 04:50,4024.200,4026.400,4022.400,4026.000
2026-07-14 04:55,4026.300,4027.900,4024.100,4026.700
2026-07-14 05:00,4027.200,4029.400,4026.400,4026.400
2026-07-14 05:05,4026.600,4029.900,4026.200,4029.500
2026-07-14 05:10,4029.300,4030.600,4029.100,4029.700
2026-07-14 05:15,4029.800,4030.600,4026.600,4027.800
2026-07-14 05:20,4027.700,4028.900,4027.000,4027.400
2026-07-14 05:25,4027.100,4029.900,4026.500,4029.200
2026-07-14 05:30,4029.300,4036.700,4029.000,4034.800
2026-07-14 05:35,4035.200,4037.400,4033.600,4034.300
2026-07-14 05:40,4034.000,4040.400,4034.000,4038.400
2026-07-14 05:45,4038.500,4039.300,4035.900,4037.700
2026-07-14 05:50,4036.700,4037.600,4035.300,4037.200
2026-07-14 05:55,4037.200,4038.500,4036.600,4037.800
2026-07-14 06:00,4037.700,4038.300,4035.400,4036.100
2026-07-14 06:05,4036.200,4038.400,4034.700,4038.400
2026-07-14 06:10,4038.100,4039.500,4036.700,4037.300
2026-07-14 06:15,4036.600,4037.300,4034.400,4034.800
2026-07-14 06:20,4034.100,4035.100,4032.600,4033.800
2026-07-14 06:25,4033.900,4033.900,4029.100,4029.400
2026-07-14 06:30,4029.400,4032.500,4029.000,4031.600
2026-07-14 06:35,4032.100,4032.600,4029.100,4030.400
2026-07-14 06:40,4030.400,4031.900,4028.000,4031.500
2026-07-14 06:45,4031.900,4032.600,4029.800,4030.800
2026-07-14 06:50,4030.900,4033.500,4029.800,4030.100
2026-07-14 06:55,4030.200,4031.800,4029.600,4030.400
2026-07-14 07:00,4030.600,4032.200,4027.200,4032.000
2026-07-14 07:05,4032.200,4035.200,4032.200,4035.100
2026-07-14 07:10,4035.200,4035.200,4030.800,4031.100
2026-07-14 07:15,4031.100,4034.300,4031.100,4033.100
2026-07-14 07:20,4033.500,4036.400,4032.600,4034.900
2026-07-14 07:25,4035.200,4036.000,4032.600,4033.100
2026-07-14 07:30,4033.100,4033.100,4029.400,4032.400
2026-07-14 07:35,4032.400,4036.100,4031.600,4033.000
2026-07-14 07:40,4033.200,4033.200,4029.500,4029.900
2026-07-14 07:45,4030.100,4030.700,4028.600,4029.700
2026-07-14 07:50,4030.100,4033.000,4028.300,4031.900
2026-07-14 07:55,4031.700,4032.400,4026.500,4027.300
2026-07-14 08:00,4027.300,4029.100,4023.500,4025.400
2026-07-14 08:05,4025.500,4026.500,4020.800,4022.700
2026-07-14 08:10,4022.800,4024.600,4022.800,4023.800
2026-07-14 08:15,4024.300,4027.400,4024.000,4025.900
2026-07-14 08:20,4025.600,4027.500,4024.900,4025.900
2026-07-14 08:25,4026.300,4030.100,4025.900,4028.500
2026-07-14 08:30,4028.300,4031.100,4025.400,4026.600
2026-07-14 08:35,4026.400,4027.500,4025.400,4025.800
2026-07-14 08:40,4025.500,4029.200,4025.300,4025.900
2026-07-14 08:45,4026.200,4027.600,4025.100,4025.900
2026-07-14 08:50,4026.100,4027.200,4024.000,4026.100
2026-07-14 08:55,4026.200,4026.600,4022.400,4022.600
2026-07-14 09:00,4022.400,4027.000,4020.400,4026.400
2026-07-14 09:05,4026.900,4028.900,4025.000,4027.900
2026-07-14 09:10,4028.000,4031.200,4026.500,4027.700
2026-07-14 09:15,4027.600,4027.600,4024.900,4026.900
2026-07-14 09:20,4026.900,4028.500,4023.800,4025.000
2026-07-14 09:25,4025.100,4025.700,4021.500,4022.400
2026-07-14 09:30,4022.200,4024.000,4020.100,4020.900
2026-07-14 09:35,4020.500,4023.200,4020.400,4022.800
2026-07-14 09:40,4022.700,4024.900,4022.700,4024.300
2026-07-14 09:45,4023.700,4030.900,4023.300,4029.900
2026-07-14 09:50,4030.200,4030.800,4027.500,4027.800
2026-07-14 09:55,4028.100,4028.800,4026.300,4028.700
2026-07-14 10:00,4028.600,4029.500,4025.100,4026.600
2026-07-14 10:05,4026.400,4027.100,4024.500,4025.100
2026-07-14 10:10,4025.100,4026.400,4023.700,4025.000
2026-07-14 10:15,4025.100,4027.100,4024.100,4025.900
2026-07-14 10:20,4025.700,4025.900,4023.400,4024.900
2026-07-14 10:25,4024.400,4025.100,4022.200,4025.100
2026-07-14 10:30,4024.800,4026.000,4022.000,4022.700
2026-07-14 10:35,4022.700,4026.200,4021.900,4025.600
2026-07-14 10:40,4025.800,4026.700,4024.800,4025.900
2026-07-14 10:45,4025.500,4028.800,4024.700,4028.300
2026-07-14 10:50,4028.400,4028.400,4025.800,4026.700
2026-07-14 10:55,4026.700,4029.600,4026.300,4028.200
2026-07-14 11:00,4028.200,4029.300,4026.200,4026.900
2026-07-14 11:05,4027.400,4028.100,4022.100,4023.000
2026-07-14 11:10,4023.200,4030.700,4023.100,4030.100
2026-07-14 11:15,4029.400,4030.900,4027.500,4029.700
2026-07-14 11:20,4029.400,4035.300,4029.400,4035.100
2026-07-14 11:25,4035.100,4035.300,4031.900,4032.300
2026-07-14 11:30,4032.000,4036.300,4031.600,4034.900
2026-07-14 11:35,4035.100,4037.700,4034.400,4035.800
2026-07-14 11:40,4035.700,4037.100,4034.200,4035.200
2026-07-14 11:45,4035.200,4037.800,4032.900,4035.900
2026-07-14 11:50,4035.400,4036.700,4033.600,4036.100
2026-07-14 11:55,4037.000,4039.000,4035.600,4038.100
2026-07-14 12:00,4038.500,4042.900,4035.800,4036.600
2026-07-14 12:05,4036.600,4037.700,4031.900,4032.500
2026-07-14 12:10,4033.000,4035.000,4031.700,4032.400
2026-07-14 12:15,4032.600,4035.500,4031.500,4033.900
2026-07-14 12:20,4033.700,4035.400,4029.800,4035.400
2026-07-14 12:25,4035.100,4037.600,4031.300,4036.000
2026-07-14 12:30,4036.100,4112.500,4036.000,4104.200
2026-07-14 12:35,4104.000,4108.900,4089.900,4095.200
2026-07-14 12:40,4095.600,4102.700,4092.200,4101.100
2026-07-14 12:45,4101.300,4103.300,4090.100,4092.900
2026-07-14 12:50,4092.600,4092.800,4080.000,4081.000
2026-07-14 12:55,4081.200,4084.900,4076.200,4083.900
2026-07-14 13:00,4084.000,4091.400,4079.600,4080.200
2026-07-14 13:05,4080.100,4087.800,4078.200,4084.600
2026-07-14 13:10,4085.100,4087.800,4079.500,4082.200
2026-07-14 13:15,4082.200,4087.800,4081.500,4083.700
2026-07-14 13:20,4083.100,4093.600,4079.100,4091.100
2026-07-14 13:25,4091.200,4093.200,4088.000,4089.100
2026-07-14 13:30,4089.200,4092.400,4083.300,4088.200
2026-07-14 13:35,4088.000,4096.400,4086.000,4093.900
2026-07-14 13:40,4094.400,4096.300,4090.200,4095.400
2026-07-14 13:45,4095.100,4095.100,4087.700,4090.500
2026-07-14 13:50,4090.600,4092.700,4081.600,4084.200
2026-07-14 13:55,4084.200,4086.400,4082.000,4084.000
2026-07-14 14:00,4084.000,4087.800,4080.700,4081.300
2026-07-14 14:05,4081.600,4088.900,4080.000,4087.300
2026-07-14 14:10,4087.600,4092.700,4084.800,4089.800
2026-07-14 14:15,4089.600,4089.600,4077.900,4080.700
2026-07-14 14:20,4080.400,4092.500,4080.300,4086.300
2026-07-14 14:25,4086.400,4087.200,4081.200,4084.200
2026-07-14 14:30,4084.500,4098.400,4080.400,4087.600
2026-07-14 14:35,4088.100,4089.000,4082.200,4087.100
2026-07-14 14:40,4087.000,4090.400,4086.100,4086.700
2026-07-14 14:45,4087.400,4090.400,4086.700,4086.700
2026-07-14 14:50,4086.600,4091.500,4085.500,4090.400
2026-07-14 14:55,4090.500,4095.200,4089.000,4093.000
2026-07-14 15:00,4093.000,4100.900,4086.100,4096.000
2026-07-14 15:05,4096.300,4108.700,4093.800,4103.800
2026-07-14 15:10,4104.300,4105.300,4096.900,4097.900
2026-07-14 15:15,4097.700,4098.800,4093.200,4094.400
2026-07-14 15:20,4094.100,4098.700,4092.600,4094.700
2026-07-14 15:25,4094.400,4094.400,4089.600,4092.200
2026-07-14 15:30,4092.000,4094.300,4087.500,4088.700
2026-07-14 15:35,4088.400,4089.600,4083.000,4083.300
2026-07-14 15:40,4083.300,4084.400,4073.500,4081.000
2026-07-14 15:45,4080.700,4083.500,4077.800,4078.300
2026-07-14 15:50,4078.400,4079.200,4072.600,4073.700
2026-07-14 15:55,4073.500,4075.000,4071.300,4073.100
2026-07-14 16:00,4073.200,4073.800,4068.900,4070.200
2026-07-14 16:05,4070.800,4070.800,4063.400,4067.100
2026-07-14 16:10,4068.200,4071.900,4068.200,4070.100
2026-07-14 16:15,4069.700,4072.300,4067.700,4069.800
2026-07-14 16:20,4070.200,4070.900,4064.900,4067.800
2026-07-14 16:25,4067.600,4069.400,4065.400,4066.100
2026-07-14 16:30,4066.200,4069.900,4065.600,4066.900
2026-07-14 16:35,4067.300,4068.500,4064.100,4067.000
2026-07-14 16:40,4067.100,4069.900,4066.000,4067.800
2026-07-14 16:45,4067.700,4069.100,4064.400,4066.900
2026-07-14 16:50,4066.300,4068.200,4065.200,4067.000
2026-07-14 16:55,4067.400,4069.200,4066.600,4068.300
2026-07-14 17:00,4068.800,4071.700,4066.600,4067.200
2026-07-14 17:05,4067.500,4067.900,4063.500,4066.600
2026-07-14 17:10,4066.300,4066.800,4061.800,4063.500
2026-07-14 17:15,4063.200,4064.000,4061.100,4063.900
2026-07-14 17:20,4063.700,4068.300,4063.200,4067.700
2026-07-14 17:25,4067.700,4071.000,4067.100,4069.700
2026-07-14 17:30,4069.600,4072.200,4068.500,4068.900
2026-07-14 17:35,4068.600,4069.700,4067.600,4068.900
2026-07-14 17:40,4068.600,4069.600,4066.300,4066.700
2026-07-14 17:45,4066.800,4068.900,4065.000,4068.500
2026-07-14 17:50,4068.600,4070.300,4068.600,4070.100
2026-07-14 17:55,4069.800,4070.600,4069.200,4070.100
2026-07-14 18:00,4069.500,4069.600,4066.500,4068.900
2026-07-14 18:05,4068.300,4069.100,4067.000,4067.300
2026-07-14 18:10,4067.300,4068.600,4066.700,4068.500
2026-07-14 18:15,4068.400,4070.200,4067.700,4069.700
2026-07-14 18:20,4069.500,4069.500,4063.800,4064.100
2026-07-14 18:25,4063.800,4066.000,4063.500,4065.400
2026-07-14 18:30,4065.100,4066.500,4061.800,4063.400
2026-07-14 18:35,4063.200,4063.500,4058.300,4059.500
2026-07-14 18:40,4059.100,4061.100,4049.200,4053.100
2026-07-14 18:45,4052.700,4057.200,4051.100,4056.000
2026-07-14 18:50,4056.100,4058.400,4053.200,4058.300
2026-07-14 18:55,4058.700,4061.300,4057.800,4060.700
2026-07-14 19:00,4060.300,4061.500,4059.100,4059.400
2026-07-14 19:05,4059.600,4061.800,4059.100,4061.200
2026-07-14 19:10,4061.200,4064.100,4059.900,4063.300
2026-07-14 19:15,4063.200,4063.900,4061.800,4063.000
2026-07-14 19:20,4063.000,4063.000,4058.800,4059.300
2026-07-14 19:25,4059.000,4060.000,4057.800,4058.100
2026-07-14 19:30,4058.300,4058.300,4054.200,4057.000
2026-07-14 19:35,4056.900,4058.800,4056.400,4057.500
2026-07-14 19:40,4057.500,4059.600,4056.800,4059.000
2026-07-14 19:45,4059.500,4061.200,4058.400,4058.900
2026-07-14 19:50,4058.700,4063.500,4058.000,4062.000
2026-07-14 19:55,4062.200,4063.500,4060.800,4062.100
2026-07-14 20:00,4062.100,4063.100,4060.500,4061.200
2026-07-14 20:05,4061.200,4062.200,4061.100,4061.200
2026-07-14 20:10,4061.100,4062.200,4060.400,4060.500
2026-07-14 20:15,4060.500,4060.900,4059.100,4059.100
2026-07-14 20:20,4059.200,4060.600,4058.700,4060.400
2026-07-14 20:25,4059.800,4060.600,4059.300,4059.400
2026-07-14 20:30,4059.800,4060.000,4057.600,4057.900
2026-07-14 20:35,4057.700,4058.500,4056.200,4056.600
2026-07-14 20:40,4056.600,4058.000,4056.000,4057.100
2026-07-14 20:45,4056.700,4056.700,4055.500,4056.400
2026-07-14 20:50,4056.700,4059.300,4056.700,4058.500
2026-07-14 20:55,4058.400,4059.500,4057.700,4058.300
2026-07-14 22:00,4059.800,4060.000,4057.300,4058.600
2026-07-14 22:05,4058.600,4058.900,4057.100,4057.500
2026-07-14 22:10,4057.600,4057.600,4054.800,4056.900
2026-07-14 22:15,4056.600,4057.100,4054.800,4056.100
2026-07-14 22:20,4056.100,4058.000,4055.500,4056.300
2026-07-14 22:25,4056.300,4058.000,4055.600,4058.000
2026-07-14 22:30,4057.500,4058.900,4057.500,4058.500
2026-07-14 22:35,4058.400,4058.900,4056.000,4056.600
2026-07-14 22:40,4057.100,4058.200,4054.800,4056.600
2026-07-14 22:45,4056.800,4056.900,4054.400,4055.300
2026-07-14 22:50,4055.600,4056.400,4054.600,4055.500
2026-07-14 22:55,4055.200,4055.700,4054.300,4055.100
2026-07-14 23:00,4054.800,4056.500,4054.000,4055.000
2026-07-14 23:05,4055.100,4055.800,4054.400,4055.600
2026-07-14 23:10,4055.300,4055.300,4053.100,4053.800
2026-07-14 23:15,4054.200,4054.600,4052.700,4054.200
2026-07-14 23:20,4054.200,4056.500,4054.100,4056.000
2026-07-14 23:25,4055.600,4060.000,4055.200,4059.900
2026-07-14 23:30,4060.000,4061.100,4057.500,4060.800
2026-07-14 23:35,4061.000,4062.400,4059.000,4059.700
2026-07-14 23:40,4059.700,4061.500,4059.700,4061.000
2026-07-14 23:45,4061.000,4061.500,4058.500,4058.700
2026-07-14 23:50,4058.900,4060.000,4058.500,4059.800
2026-07-14 23:55,4060.500,4060.500,4058.200,4058.800
2026-07-15 00:00,4059.000,4062.600,4057.100,4060.800
2026-07-15 00:05,4061.100,4061.800,4058.800,4060.000
2026-07-15 00:10,4060.000,4061.400,4057.300,4057.300
2026-07-15 00:15,4057.700,4062.200,4057.500,4058.600
2026-07-15 00:20,4058.200,4062.900,4058.000,4062.100
2026-07-15 00:25,4062.000,4064.900,4061.300,4064.700
2026-07-15 00:30,4065.000,4065.200,4061.700,4062.900
2026-07-15 00:35,4062.500,4062.500,4058.700,4060.500
2026-07-15 00:40,4060.800,4061.000,4059.300,4060.900
2026-07-15 00:45,4060.700,4063.300,4060.500,4061.500
2026-07-15 00:50,4061.100,4064.300,4061.000,4064.200
2026-07-15 00:55,4064.400,4067.200,4063.600,4065.100
2026-07-15 01:00,4066.300,4068.600,4061.900,4064.500
2026-07-15 01:05,4064.100,4068.200,4061.300,4063.100
2026-07-15 01:10,4063.100,4066.000,4061.500,4062.300
2026-07-15 01:15,4062.000,4063.500,4060.000,4061.900
2026-07-15 01:20,4061.900,4062.200,4059.000,4060.400
2026-07-15 01:25,4060.600,4063.100,4060.300,4061.000
2026-07-15 01:30,4061.000,4061.200,4053.200,4057.000
2026-07-15 01:35,4056.900,4056.900,4051.400,4052.400
2026-07-15 01:40,4052.600,4052.600,4042.500,4044.800
2026-07-15 01:45,4045.400,4048.600,4043.800,4048.000
2026-07-15 01:50,4047.300,4047.500,4043.800,4046.900
2026-07-15 01:55,4047.100,4047.100,4041.200,4042.900
2026-07-15 02:00,4043.000,4046.300,4039.600,4045.300
2026-07-15 02:05,4045.000,4048.200,4044.400,4046.900
2026-07-15 02:10,4047.100,4048.200,4041.700,4043.200
2026-07-15 02:15,4042.200,4042.900,4035.400,4036.600
2026-07-15 02:20,4036.400,4038.800,4035.300,4037.900
2026-07-15 02:25,4037.300,4039.700,4036.100,4039.200
2026-07-15 02:30,4039.300,4042.500,4038.700,4042.300
2026-07-15 02:35,4042.000,4044.200,4042.000,4044.100
2026-07-15 02:40,4044.400,4048.300,4043.500,4048.200
2026-07-15 02:45,4048.100,4048.400,4045.200,4046.300
2026-07-15 02:50,4046.000,4046.100,4040.800,4041.400
2026-07-15 02:55,4041.400,4045.600,4041.400,4041.700
2026-07-15 03:00,4041.300,4046.200,4040.800,4045.800
2026-07-15 03:05,4045.700,4046.600,4042.200,4043.000
2026-07-15 03:10,4042.800,4043.500,4038.900,4040.500
2026-07-15 03:15,4040.000,4041.300,4037.800,4038.400
2026-07-15 03:20,4038.400,4039.500,4036.600,4037.400
2026-07-15 03:25,4037.200,4038.700,4036.200,4036.600
2026-07-15 03:30,4036.800,4040.100,4033.900,4039.200
2026-07-15 03:35,4039.700,4042.000,4038.500,4038.700
2026-07-15 03:40,4038.500,4038.600,4034.300,4035.500
2026-07-15 03:45,4035.300,4038.200,4035.300,4038.200
2026-07-15 03:50,4038.400,4039.600,4037.100,4037.700
2026-07-15 03:55,4037.300,4038.200,4036.800,4037.900
2026-07-15 04:00,4036.900,4039.300,4036.500,4037.400
2026-07-15 04:05,4037.200,4038.600,4036.000,4038.600
2026-07-15 04:10,4038.200,4039.200,4037.300,4037.400
2026-07-15 04:15,4037.400,4040.200,4036.800,4040.000
2026-07-15 04:20,4040.000,4040.100,4038.600,4039.300
2026-07-15 04:25,4039.500,4041.200,4039.200,4039.900
2026-07-15 04:30,4039.900,4041.300,4038.000,4038.000
2026-07-15 04:35,4037.500,4039.300,4036.700,4037.200
2026-07-15 04:40,4037.400,4038.100,4034.200,4036.100
2026-07-15 04:45,4036.600,4040.600,4036.600,4038.100
2026-07-15 04:50,4038.100,4040.500,4038.100,4039.000
2026-07-15 04:55,4038.600,4039.500,4038.000,4039.100
2026-07-15 05:00,4039.500,4042.200,4037.800,4037.800
2026-07-15 05:05,4038.000,4039.200,4035.200,4037.200
2026-07-15 05:10,4037.500,4037.600,4031.100,4032.200
2026-07-15 05:15,4032.500,4034.900,4031.800,4034.000
2026-07-15 05:20,4033.700,4035.100,4032.600,4033.600
2026-07-15 05:25,4033.500,4033.500,4030.800,4031.300
2026-07-15 05:30,4031.500,4035.400,4028.000,4034.400
2026-07-15 05:35,4034.400,4038.400,4033.200,4037.700
2026-07-15 05:40,4037.700,4044.700,4035.500,4035.500
2026-07-15 05:45,4036.000,4036.300,4033.400,4035.400
2026-07-15 05:50,4035.000,4036.100,4034.200,4035.900
2026-07-15 05:55,4036.400,4041.900,4034.700,4041.000
2026-07-15 06:00,4040.900,4041.700,4037.000,4037.700
2026-07-15 06:05,4038.000,4038.000,4033.900,4035.700
2026-07-15 06:10,4035.700,4036.100,4033.000,4033.600
2026-07-15 06:15,4033.600,4033.900,4029.400,4032.300
2026-07-15 06:20,4032.300,4033.200,4027.100,4032.200
2026-07-15 06:25,4032.800,4034.500,4031.500,4032.500
2026-07-15 06:30,4032.400,4034.400,4028.800,4034.400
2026-07-15 06:35,4033.800,4037.000,4033.400,4035.100
2026-07-15 06:40,4034.700,4039.200,4034.300,4038.700
2026-07-15 06:45,4038.400,4038.400,4035.800,4036.100
2026-07-15 06:50,4036.700,4040.000,4036.300,4038.000
2026-07-15 06:55,4038.400,4039.200,4036.900,4038.000
2026-07-15 07:00,4038.200,4040.600,4035.500,4038.700
2026-07-15 07:05,4038.600,4038.800,4035.100,4035.500
2026-07-15 07:10,4035.700,4037.000,4034.100,4035.800
2026-07-15 07:15,4035.500,4036.100,4034.100,4035.400
2026-07-15 07:20,4035.600,4035.600,4031.400,4032.300
2026-07-15 07:25,4032.100,4032.300,4025.800,4029.800
2026-07-15 07:30,4029.800,4033.000,4027.600,4029.500
2026-07-15 07:35,4029.500,4029.500,4025.700,4026.400
2026-07-15 07:40,4026.300,4028.600,4025.600,4028.600
2026-07-15 07:45,4029.000,4032.300,4027.300,4030.800
2026-07-15 07:50,4030.700,4031.800,4028.400,4031.500
2026-07-15 07:55,4031.400,4032.700,4029.500,4030.700
2026-07-15 08:00,4030.700,4031.900,4026.400,4030.900
2026-07-15 08:05,4031.200,4031.800,4027.900,4028.500
2026-07-15 08:10,4028.100,4029.400,4023.300,4023.800
2026-07-15 08:15,4023.700,4031.400,4023.700,4029.800
2026-07-15 08:20,4030.000,4031.000,4028.600,4030.000
2026-07-15 08:25,4030.500,4033.200,4028.700,4032.700
2026-07-15 08:30,4032.600,4035.500,4032.000,4034.200
2026-07-15 08:35,4034.400,4034.800,4030.800,4032.600
2026-07-15 08:40,4032.600,4035.000,4032.500,4035.000
2026-07-15 08:45,4034.900,4036.500,4033.600,4035.700
2026-07-15 08:50,4035.700,4037.400,4035.000,4036.900
2026-07-15 08:55,4036.700,4039.500,4035.900,4037.700
2026-07-15 09:00,4037.700,4040.600,4037.100,4039.800
2026-07-15 09:05,4039.400,4040.700,4036.200,4038.300
2026-07-15 09:10,4038.600,4039.300,4035.700,4036.300
2026-07-15 09:15,4036.700,4037.400,4035.100,4037.400
2026-07-15 09:20,4037.000,4038.700,4035.300,4035.800
2026-07-15 09:25,4035.300,4035.300,4032.900,4033.500
2026-07-15 09:30,4033.200,4035.800,4032.600,4032.600
2026-07-15 09:35,4032.800,4033.800,4031.500,4032.400
2026-07-15 09:40,4032.800,4033.900,4032.500,4033.400
2026-07-15 09:45,4033.000,4035.300,4032.400,4034.200
2026-07-15 09:50,4034.500,4034.600,4032.900,4034.500
2026-07-15 09:55,4034.700,4036.400,4032.100,4036.300
2026-07-15 10:00,4036.400,4037.500,4034.900,4036.600
2026-07-15 10:05,4036.200,4039.200,4034.900,4036.500
2026-07-15 10:10,4037.000,4042.400,4035.600,4040.200
2026-07-15 10:15,4040.100,4040.100,4038.000,4038.100
2026-07-15 10:20,4038.700,4041.500,4035.000,4035.300
2026-07-15 10:25,4035.400,4036.000,4032.100,4034.600
2026-07-15 10:30,4034.600,4037.200,4034.300,4036.400
2026-07-15 10:35,4036.100,4040.000,4035.900,4039.900
2026-07-15 10:40,4039.200,4039.500,4036.400,4037.200
2026-07-15 10:45,4036.800,4037.300,4033.100,4034.800
2026-07-15 10:50,4034.500,4035.200,4033.700,4034.900
2026-07-15 10:55,4034.600,4034.800,4033.300,4034.300
2026-07-15 11:00,4033.900,4037.500,4033.900,4035.300
2026-07-15 11:05,4034.600,4037.600,4034.600,4037.400
2026-07-15 11:10,4037.100,4039.000,4036.200,4036.200
2026-07-15 11:15,4036.600,4036.600,4033.700,4035.300
2026-07-15 11:20,4035.200,4036.300,4034.600,4036.300
2026-07-15 11:25,4036.300,4037.500,4034.700,4036.800
2026-07-15 11:30,4036.600,4039.600,4035.400,4039.100
2026-07-15 11:35,4039.400,4041.700,4038.200,4041.500
2026-07-15 11:40,4041.400,4045.500,4041.300,4043.800
2026-07-15 11:45,4043.800,4045.000,4041.700,4042.700
2026-07-15 11:50,4042.700,4046.500,4041.800,4042.500
2026-07-15 11:55,4042.700,4045.500,4042.100,4044.500
2026-07-15 12:00,4044.900,4048.700,4044.300,4047.100
2026-07-15 12:05,4047.000,4047.000,4043.200,4043.600
2026-07-15 12:10,4043.800,4045.200,4041.800,4044.100
2026-07-15 12:15,4044.500,4046.800,4044.500,4045.700
2026-07-15 12:20,4045.900,4047.200,4044.200,4045.800
2026-07-15 12:25,4045.800,4046.500,4043.500,4045.300
2026-07-15 12:30,4045.100,4061.400,4045.100,4060.700
2026-07-15 12:35,4061.000,4073.000,4060.300,4070.300
2026-07-15 12:40,4070.500,4070.600,4063.700,4069.800
2026-07-15 12:45,4070.100,4072.300,4067.600,4071.000
2026-07-15 12:50,4070.500,4073.600,4068.800,4070.300
2026-07-15 12:55,4070.500,4078.200,4068.000,4074.600
2026-07-15 13:00,4074.700,4080.000,4071.600,4079.100
2026-07-15 13:05,4079.000,4080.700,4075.700,4075.700
2026-07-15 13:10,4075.500,4076.500,4067.700,4067.700
2026-07-15 13:15,4067.800,4072.600,4067.200,4072.000
2026-07-15 13:20,4071.700,4071.700,4067.200,4068.100
2026-07-15 13:25,4068.000,4068.000,4060.500,4062.100
2026-07-15 13:30,4062.200,4067.900,4061.900,4066.900
2026-07-15 13:35,4066.600,4069.200,4064.000,4068.000
2026-07-15 13:40,4067.400,4069.700,4064.600,4067.700
2026-07-15 13:45,4068.000,4068.700,4061.700,4063.500
2026-07-15 13:50,4063.500,4067.400,4061.800,4065.800
2026-07-15 13:55,4065.600,4073.100,4064.600,4068.500
2026-07-15 14:00,4068.700,4072.300,4066.800,4070.300
2026-07-15 14:05,4070.500,4072.300,4068.900,4069.900
2026-07-15 14:10,4070.000,4072.500,4069.000,4070.800
2026-07-15 14:15,4071.300,4073.000,4067.500,4069.600
2026-07-15 14:20,4069.900,4070.100,4061.800,4064.400
2026-07-15 14:25,4064.000,4066.200,4062.000,4065.000
2026-07-15 14:30,4065.000,4070.400,4064.300,4069.100
2026-07-15 14:35,4069.400,4070.600,4067.600,4068.900
2026-07-15 14:40,4069.100,4069.500,4063.500,4063.700
2026-07-15 14:45,4063.800,4067.000,4059.500,4066.800
2026-07-15 14:50,4066.600,4066.600,4061.200,4062.300
2026-07-15 14:55,4062.500,4067.500,4062.100,4067.200
2026-07-15 15:00,4067.400,4069.600,4064.700,4065.400
2026-07-15 15:05,4065.500,4065.500,4060.800,4060.800
2026-07-15 15:10,4060.700,4061.200,4049.500,4050.700
2026-07-15 15:15,4050.300,4053.500,4049.500,4053.000
2026-07-15 15:20,4052.600,4053.000,4045.900,4051.300
2026-07-15 15:25,4051.700,4056.500,4050.800,4055.800
2026-07-15 15:30,4056.000,4056.300,4051.300,4054.800
2026-07-15 15:35,4055.300,4056.000,4053.300,4055.300
2026-07-15 15:40,4055.600,4057.000,4054.900,4056.700
2026-07-15 15:45,4056.000,4057.500,4054.400,4056.300
2026-07-15 15:50,4055.200,4057.200,4052.900,4057.100
2026-07-15 15:55,4056.500,4056.500,4052.800,4053.200
2026-07-15 16:00,4053.400,4054.400,4048.900,4049.700
2026-07-15 16:05,4049.600,4051.000,4048.200,4048.400
2026-07-15 16:10,4048.800,4049.000,4043.800,4044.800
2026-07-15 16:15,4044.600,4047.400,4039.200,4040.100
2026-07-15 16:20,4041.100,4044.300,4039.600,4042.400
2026-07-15 16:25,4042.000,4044.300,4039.300,4041.300
2026-07-15 16:30,4041.000,4043.600,4037.000,4037.400
2026-07-15 16:35,4037.200,4037.700,4033.400,4036.400
2026-07-15 16:40,4036.400,4038.200,4033.000,4035.000
2026-07-15 16:45,4034.800,4044.000,4033.700,4042.000
2026-07-15 16:50,4041.800,4044.500,4040.200,4040.400
2026-07-15 16:55,4040.400,4040.600,4035.900,4040.300
2026-07-15 17:00,4040.400,4045.300,4039.800,4044.300
2026-07-15 17:05,4044.600,4045.900,4043.200,4043.200
2026-07-15 17:10,4043.200,4045.200,4042.400,4042.400
2026-07-15 17:15,4042.300,4043.800,4039.700,4042.200
2026-07-15 17:20,4042.200,4045.600,4042.200,4044.300
2026-07-15 17:25,4044.600,4055.000,4044.100,4054.200
2026-07-15 17:30,4053.900,4062.700,4053.600,4061.700
2026-07-15 17:35,4061.400,4066.800,4060.300,4064.200
2026-07-15 17:40,4063.600,4069.900,4063.400,4069.100
2026-07-15 17:45,4069.100,4073.700,4068.000,4072.200
2026-07-15 17:50,4072.000,4072.000,4068.600,4070.000
2026-07-15 17:55,4070.500,4070.800,4066.800,4068.700
2026-07-15 18:00,4069.200,4076.200,4068.600,4075.000
2026-07-15 18:05,4074.700,4077.600,4073.100,4074.500
2026-07-15 18:10,4074.200,4075.500,4072.600,4074.800
2026-07-15 18:15,4075.600,4077.300,4074.000,4077.000
2026-07-15 18:20,4077.100,4079.300,4076.000,4078.100
2026-07-15 18:25,4078.000,4082.800,4076.400,4081.300
2026-07-15 18:30,4081.700,4089.100,4079.200,4079.700
2026-07-15 18:35,4079.700,4080.600,4077.500,4077.900
2026-07-15 18:40,4077.900,4078.400,4074.800,4075.000
2026-07-15 18:45,4075.000,4076.000,4071.000,4071.800
2026-07-15 18:50,4071.700,4071.800,4069.400,4070.500
2026-07-15 18:55,4070.600,4071.600,4065.200,4066.300
2026-07-15 19:00,4066.300,4069.900,4064.400,4068.300
2026-07-15 19:05,4068.500,4068.600,4065.800,4067.400
2026-07-15 19:10,4067.500,4069.700,4065.800,4068.200
2026-07-15 19:15,4068.200,4068.700,4063.400,4064.300
2026-07-15 19:20,4063.900,4063.900,4059.900,4062.200
2026-07-15 19:25,4062.000,4065.600,4061.700,4063.600
2026-07-15 19:30,4063.800,4065.100,4055.800,4057.100
2026-07-15 19:35,4056.700,4059.300,4055.200,4057.700
2026-07-15 19:40,4057.500,4060.300,4057.100,4058.500
2026-07-15 19:45,4058.500,4060.800,4058.000,4059.400
2026-07-15 19:50,4059.700,4061.900,4058.500,4060.800
2026-07-15 19:55,4060.900,4064.200,4059.400,4064.000
2026-07-15 20:00,4063.700,4065.300,4062.300,4065.100
2026-07-15 20:05,4064.700,4065.000,4063.100,4063.800
2026-07-15 20:10,4064.000,4064.500,4063.100,4064.000
2026-07-15 20:15,4064.000,4067.100,4064.000,4066.300
2026-07-15 20:20,4065.800,4068.300,4065.700,4067.100
2026-07-15 20:25,4067.200,4069.000,4067.100,4068.000
2026-07-15 20:30,4068.300,4068.300,4067.000,4067.000
2026-07-15 20:35,4067.400,4069.800,4067.400,4069.700
2026-07-15 20:40,4069.400,4069.600,4067.400,4068.600
2026-07-15 20:45,4068.300,4068.700,4067.800,4068.400
2026-07-15 20:50,4068.300,4069.700,4067.300,4067.600
2026-07-15 20:55,4068.000,4068.000,4066.500,4066.900
2026-07-15 22:00,4068.900,4071.900,4066.600,4066.800
2026-07-15 22:05,4066.900,4070.000,4066.900,4068.800
2026-07-15 22:10,4069.300,4070.300,4069.100,4069.200
2026-07-15 22:15,4068.900,4070.300,4068.500,4068.500
2026-07-15 22:20,4069.300,4069.600,4068.000,4068.600
2026-07-15 22:25,4068.200,4068.200,4067.200,4068.000
2026-07-15 22:30,4068.300,4068.300,4066.200,4066.200
2026-07-15 22:35,4066.600,4067.200,4064.600,4066.100
2026-07-15 22:40,4066.100,4066.700,4065.100,4066.100
2026-07-15 22:45,4066.400,4067.000,4065.000,4065.500
2026-07-15 22:50,4065.700,4065.900,4063.800,4065.200
2026-07-15 22:55,4065.300,4067.200,4065.200,4065.600
2026-07-15 23:00,4065.800,4068.000,4064.800,4065.600
2026-07-15 23:05,4065.900,4068.000,4065.300,4067.000
2026-07-15 23:10,4067.200,4067.200,4064.800,4066.200
2026-07-15 23:15,4066.300,4066.300,4063.700,4065.000
2026-07-15 23:20,4065.000,4065.100,4062.600,4062.600
2026-07-15 23:25,4063.000,4065.000,4062.600,4063.600
2026-07-15 23:30,4063.800,4064.200,4061.800,4063.800
2026-07-15 23:35,4063.500,4065.100,4062.500,4062.700
2026-07-15 23:40,4062.900,4064.000,4061.100,4063.500
2026-07-15 23:45,4063.200,4065.300,4061.800,4063.900
2026-07-15 23:50,4063.900,4066.500,4062.400,4063.900
2026-07-15 23:55,4063.700,4065.000,4063.100,4063.600
2026-07-16 00:00,4063.800,4065.200,4062.000,4063.000
2026-07-16 00:05,4063.300,4063.300,4060.400,4060.800
2026-07-16 00:10,4061.100,4062.800,4060.500,4062.300
2026-07-16 00:15,4061.700,4063.400,4061.700,4062.500
2026-07-16 00:20,4062.300,4066.100,4060.500,4064.300
2026-07-16 00:25,4064.300,4066.000,4063.800,4065.000
2026-07-16 00:30,4064.000,4066.800,4064.000,4066.800
2026-07-16 00:35,4066.900,4067.100,4064.000,4064.200
2026-07-16 00:40,4064.000,4064.200,4059.600,4061.300
2026-07-16 00:45,4060.800,4065.800,4060.800,4065.000
2026-07-16 00:50,4065.000,4067.000,4059.200,4059.300
2026-07-16 00:55,4059.100,4059.600,4049.200,4050.400
2026-07-16 01:00,4050.300,4056.600,4046.800,4051.000
2026-07-16 01:05,4051.100,4052.700,4048.400,4051.500
2026-07-16 01:10,4052.000,4055.100,4048.100,4051.000
2026-07-16 01:15,4051.100,4051.200,4044.500,4046.800
2026-07-16 01:20,4047.000,4049.900,4041.700,4043.500
2026-07-16 01:25,4043.400,4044.700,4039.400,4042.700
2026-07-16 01:30,4042.400,4047.200,4042.400,4045.100
2026-07-16 01:35,4048.200,4050.500,4046.000,4050.000
2026-07-16 01:40,4049.800,4051.600,4046.400,4047.600
2026-07-16 01:45,4047.700,4049.300,4045.300,4046.500
2026-07-16 01:50,4045.900,4046.400,4042.500,4043.800
2026-07-16 01:55,4044.200,4046.400,4043.300,4044.200
2026-07-16 02:00,4044.500,4045.300,4041.200,4041.400
2026-07-16 02:05,4041.300,4041.600,4038.000,4038.400
2026-07-16 02:10,4038.000,4040.800,4036.500,4037.700
2026-07-16 02:15,4037.600,4038.500,4034.100,4038.400
2026-07-16 02:20,4038.400,4040.400,4036.900,4038.600
2026-07-16 02:25,4038.600,4040.200,4037.300,4040.200
2026-07-16 02:30,4040.200,4041.300,4035.500,4036.900
2026-07-16 02:35,4037.400,4038.300,4031.300,4032.500
2026-07-16 02:40,4032.400,4033.800,4029.400,4033.000
2026-07-16 02:45,4033.000,4035.600,4032.900,4034.800
2026-07-16 02:50,4034.400,4034.800,4030.000,4034.800
2026-07-16 02:55,4034.700,4038.100,4034.100,4036.900
2026-07-16 03:00,4036.800,4037.500,4035.600,4035.800
2026-07-16 03:05,4036.300,4038.400,4035.600,4038.300
2026-07-16 03:10,4038.400,4038.600,4034.800,4035.300
2026-07-16 03:15,4035.500,4037.000,4034.400,4035.300
2026-07-16 03:20,4035.100,4035.800,4033.000,4035.000
2026-07-16 03:25,4034.200,4039.700,4034.200,4039.700
2026-07-16 03:30,4039.700,4040.000,4037.900,4039.700
2026-07-16 03:35,4039.700,4040.600,4038.800,4038.800
2026-07-16 03:40,4039.500,4041.600,4039.000,4040.900
2026-07-16 03:45,4040.600,4040.800,4039.400,4040.100
2026-07-16 03:50,4040.100,4042.000,4039.800,4041.300
2026-07-16 03:55,4041.100,4042.200,4040.700,4040.700
2026-07-16 04:00,4041.800,4041.800,4039.000,4039.200
2026-07-16 04:05,4039.500,4039.700,4037.100,4037.100
2026-07-16 04:10,4037.100,4043.100,4037.100,4042.000
2026-07-16 04:15,4041.900,4041.900,4037.800,4038.300
2026-07-16 04:20,4038.600,4040.400,4038.000,4038.300
2026-07-16 04:25,4037.800,4039.300,4037.000,4039.100
2026-07-16 04:30,4039.300,4040.300,4037.000,4038.300
2026-07-16 04:35,4038.200,4039.000,4037.600,4038.500
2026-07-16 04:40,4038.500,4039.300,4037.700,4037.900
2026-07-16 04:45,4037.400,4040.500,4037.300,4039.800
2026-07-16 04:50,4039.400,4040.300,4039.300,4040.100
2026-07-16 04:55,4039.400,4039.900,4038.300,4038.300
2026-07-16 05:00,4038.200,4038.900,4035.800,4037.200
2026-07-16 05:05,4037.200,4037.400,4035.300,4036.500
2026-07-16 05:10,4036.200,4036.200,4034.400,4034.800
2026-07-16 05:20,4051.800,4051.800,4031.600,4032.400
2026-07-16 05:25,4032.000,4034.700,4031.900,4032.700
2026-07-16 05:30,4032.600,4037.000,4030.300,4035.200
2026-07-16 05:35,4034.400,4036.200,4032.700,4034.700
2026-07-16 05:40,4034.600,4038.500,4032.000,4037.600
2026-07-16 05:45,4037.800,4038.100,4032.700,4032.700
2026-07-16 05:50,4033.100,4036.100,4030.900,4032.100
2026-07-16 05:55,4032.200,4034.400,4031.900,4032.200
2026-07-16 06:00,4032.400,4038.300,4032.400,4036.600
2026-07-16 06:05,4036.900,4041.500,4036.900,4040.600
2026-07-16 06:10,4039.600,4039.600,4036.000,4037.200
2026-07-16 06:15,4037.500,4038.100,4033.300,4034.300
2026-07-16 06:20,4034.700,4036.900,4032.700,4036.500
2026-07-16 06:25,4036.700,4037.200,4035.300,4035.300
2026-07-16 06:30,4035.100,4035.700,4031.700,4032.100
2026-07-16 06:35,4031.500,4031.800,4027.700,4031.400
2026-07-16 06:40,4031.100,4032.200,4030.000,4032.100
2026-07-16 06:45,4031.800,4033.800,4031.400,4033.400
2026-07-16 06:50,4033.500,4035.200,4033.000,4035.200
2026-07-16 06:55,4035.500,4036.600,4035.300,4035.800
2026-07-16 07:00,4035.600,4035.800,4032.500,4034.300
2026-07-16 07:05,4034.200,4034.800,4033.000,4034.400
2026-07-16 07:10,4034.700,4034.800,4030.800,4031.500
2026-07-16 07:15,4031.200,4031.500,4028.700,4029.400
2026-07-16 07:20,4029.800,4031.800,4029.600,4030.300
2026-07-16 07:25,4030.000,4031.700,4028.800,4029.500
2026-07-16 07:30,4029.100,4030.300,4027.800,4028.700
2026-07-16 07:35,4029.100,4030.700,4028.100,4030.300
2026-07-16 07:40,4030.000,4033.200,4030.000,4031.400
2026-07-16 07:45,4031.400,4037.100,4031.100,4035.600
2026-07-16 07:50,4035.700,4036.200,4031.900,4033.000
2026-07-16 07:55,4033.400,4036.200,4033.300,4036.100
2026-07-16 08:00,4035.500,4039.300,4034.300,4035.000
2026-07-16 08:05,4035.100,4035.800,4033.500,4033.500
2026-07-16 08:10,4033.500,4034.000,4030.100,4030.900
2026-07-16 08:15,4030.800,4033.900,4030.000,4033.900
2026-07-16 08:20,4034.000,4036.800,4033.600,4036.300
2026-07-16 08:25,4036.400,4038.400,4035.900,4036.900
2026-07-16 08:30,4037.000,4039.900,4036.900,4036.900
2026-07-16 08:35,4037.300,4040.700,4037.300,4038.100
2026-07-16 08:40,4038.200,4039.200,4036.900,4038.700
2026-07-16 08:45,4039.300,4041.700,4038.700,4041.000
2026-07-16 08:50,4040.400,4041.100,4038.500,4038.500
2026-07-16 08:55,4038.700,4041.000,4038.300,4040.300
2026-07-16 09:00,4040.600,4042.600,4040.400,4040.400
2026-07-16 09:05,4040.400,4042.000,4040.400,4041.800
2026-07-16 09:10,4041.600,4042.600,4040.800,4042.100
2026-07-16 09:15,4042.300,4043.200,4041.000,4041.100
2026-07-16 09:20,4041.300,4041.300,4037.600,4037.900
2026-07-16 09:25,4038.000,4038.900,4036.000,4038.100
2026-07-16 09:30,4038.400,4039.200,4035.700,4037.300
2026-07-16 09:35,4037.200,4040.100,4036.800,4038.600
2026-07-16 09:40,4038.900,4040.700,4038.200,4039.700
2026-07-16 09:45,4040.100,4040.100,4037.200,4037.700
2026-07-16 09:50,4038.100,4041.900,4037.700,4041.700
2026-07-16 09:55,4041.600,4042.100,4037.400,4037.400
2026-07-16 10:00,4037.200,4037.900,4035.300,4036.800
2026-07-16 10:05,4036.700,4038.300,4035.900,4038.000
2026-07-16 10:10,4038.100,4038.100,4035.000,4037.100
2026-07-16 10:15,4037.400,4038.500,4037.200,4038.000
2026-07-16 10:20,4037.500,4040.100,4036.900,4040.100
2026-07-16 10:25,4039.600,4039.900,4037.300,4038.700
2026-07-16 10:30,4039.200,4039.700,4037.300,4039.000
2026-07-16 10:35,4039.000,4040.100,4037.300,4037.400
2026-07-16 10:40,4037.200,4040.100,4037.000,4038.600
2026-07-16 10:45,4038.700,4038.700,4036.200,4036.200
2026-07-16 10:50,4036.300,4038.000,4035.800,4037.100
2026-07-16 10:55,4037.000,4037.500,4034.400,4035.100
2026-07-16 11:00,4035.200,4035.800,4033.000,4034.000
2026-07-16 11:05,4033.800,4034.800,4033.100,4034.500
2026-07-16 11:10,4034.200,4035.200,4031.400,4033.300
2026-07-16 11:15,4033.100,4033.100,4030.200,4031.600
2026-07-16 11:20,4031.400,4032.500,4029.700,4030.100
2026-07-16 11:25,4029.900,4032.700,4026.200,4029.400
2026-07-16 11:30,4029.400,4035.300,4028.500,4034.900
2026-07-16 11:35,4035.000,4037.900,4034.400,4036.400
2026-07-16 11:40,4036.300,4041.700,4035.800,4040.600
2026-07-16 11:45,4040.900,4048.400,4032.800,4038.000
2026-07-16 11:50,4037.800,4045.900,4034.600,4044.900
2026-07-16 11:55,4045.000,4047.300,4043.000,4044.100
2026-07-16 12:00,4044.400,4048.700,4041.500,4047.800
2026-07-16 12:05,4048.200,4048.700,4037.800,4038.400
2026-07-16 12:10,4038.500,4038.500,4032.700,4036.900
2026-07-16 12:15,4036.800,4037.400,4017.400,4033.300
2026-07-16 12:20,4033.800,4034.300,4025.100,4026.100
2026-07-16 12:25,4025.400,4030.500,4021.500,4030.200
2026-07-16 12:30,4030.300,4034.500,4022.500,4027.400
2026-07-16 12:35,4027.000,4027.300,4019.200,4019.600
2026-07-16 12:40,4019.900,4019.900,4004.800,4007.100
2026-07-16 12:45,4006.900,4013.300,4003.300,4003.300
2026-07-16 12:50,4003.600,4006.900,3998.700,4000.500
2026-07-16 12:55,4000.400,4001.300,3994.200,3996.400
2026-07-16 13:00,3996.300,4001.100,3979.100,3982.200
2026-07-16 13:05,3982.100,3990.600,3977.100,3987.700
2026-07-16 13:10,3987.500,3997.700,3986.100,3996.000
2026-07-16 13:15,3996.300,4000.000,3995.400,3999.500
2026-07-16 13:20,3999.200,4003.900,3995.400,4003.100
2026-07-16 13:25,4002.700,4010.500,4002.300,4009.800
2026-07-16 13:30,4010.100,4012.600,3997.200,3997.400
2026-07-16 13:35,3997.300,3998.000,3985.500,3987.200
2026-07-16 13:40,3987.100,3993.400,3987.100,3990.300
2026-07-16 13:45,3990.100,3997.400,3990.000,3996.000
2026-07-16 13:50,3995.700,4001.100,3995.500,3998.200
2026-07-16 13:55,3997.900,3997.900,3992.300,3994.000
2026-07-16 14:00,3993.900,4001.600,3993.100,4001.300
2026-07-16 14:05,4001.000,4001.000,3995.100,3997.000
2026-07-16 14:10,3997.000,3998.600,3991.200,3992.800
2026-07-16 14:15,3993.100,4001.700,3991.600,3999.800
2026-07-16 14:20,4000.200,4000.700,3994.800,3996.700
2026-07-16 14:25,3996.400,4005.000,3995.800,4004.000
2026-07-16 14:30,4003.300,4009.200,3999.800,4007.300
2026-07-16 14:35,4006.800,4008.500,4003.300,4004.100
2026-07-16 14:40,4004.400,4009.400,4004.100,4009.200
2026-07-16 14:45,4009.400,4011.000,4003.300,4003.600
2026-07-16 14:50,4003.700,4004.700,3999.100,3999.500
2026-07-16 14:55,3999.200,4003.700,3996.500,4002.000
2026-07-16 15:00,4002.200,4002.700,3996.400,3997.100
2026-07-16 15:05,3996.700,4000.100,3994.500,3999.700
2026-07-16 15:10,3999.200,3999.300,3993.300,3997.000
2026-07-16 15:15,3996.800,4003.300,3996.800,4002.900
2026-07-16 15:20,4002.700,4013.600,4002.700,4012.400
2026-07-16 15:25,4012.500,4021.800,4011.300,4015.500
2026-07-16 15:30,4015.800,4019.400,4011.700,4019.000
2026-07-16 15:35,4018.800,4021.200,4015.300,4018.500
2026-07-16 15:40,4018.800,4019.000,4014.000,4014.600
2026-07-16 15:45,4015.100,4016.000,4012.500,4015.100
2026-07-16 15:50,4015.500,4017.700,4012.800,4013.800
2026-07-16 15:55,4013.800,4014.100,4009.900,4011.800
2026-07-16 16:00,4011.400,4012.300,4003.400,4004.300
2026-07-16 16:05,4004.300,4005.800,4002.000,4003.300
2026-07-16 16:10,4003.300,4003.300,3993.900,3993.900
2026-07-16 16:15,3993.800,3996.000,3989.700,3991.400
2026-07-16 16:20,3991.900,3993.800,3986.500,3991.200
2026-07-16 16:25,3990.600,3992.500,3988.700,3991.500
2026-07-16 16:30,3992.000,3994.500,3991.300,3993.500
2026-07-16 16:35,3993.400,3996.400,3993.400,3995.200
2026-07-16 16:40,3995.400,3996.800,3992.800,3996.300
2026-07-16 16:45,3996.000,3997.000,3993.500,3996.500
2026-07-16 16:50,3995.500,4000.000,3995.100,3999.200
2026-07-16 16:55,3998.900,4001.400,3996.200,3996.400
2026-07-16 17:00,3996.700,3997.300,3994.400,3995.400
2026-07-16 17:05,3995.400,3995.400,3991.600,3992.000
2026-07-16 17:10,3992.400,3992.900,3988.900,3989.900
2026-07-16 17:15,3990.300,3992.900,3989.400,3992.200
2026-07-16 17:20,3992.400,3993.500,3990.300,3991.200
2026-07-16 17:25,3990.900,3993.200,3987.200,3992.300
2026-07-16 17:30,3992.100,3993.300,3987.700,3989.000
2026-07-16 17:35,3988.900,3990.100,3985.700,3986.900
2026-07-16 17:40,3986.900,3987.700,3983.900,3985.900
2026-07-16 17:45,3986.100,3990.300,3985.300,3989.100
2026-07-16 17:50,3989.800,3992.200,3988.700,3991.200
2026-07-16 17:55,3991.100,3991.500,3988.100,3989.500
2026-07-16 18:00,3989.700,3991.700,3988.500,3990.100
2026-07-16 18:05,3990.400,3992.800,3988.300,3992.100
2026-07-16 18:10,3992.600,3994.100,3990.000,3990.000
2026-07-16 18:15,3989.800,3993.700,3988.900,3992.900
2026-07-16 18:20,3992.700,3995.200,3991.400,3991.700
2026-07-16 18:25,3991.600,3992.300,3990.400,3991.400
2026-07-16 18:30,3991.100,3991.100,3983.300,3983.700
2026-07-16 18:35,3983.600,3984.000,3981.000,3983.100
2026-07-16 18:40,3983.000,3988.500,3982.300,3987.700
2026-07-16 18:45,3987.500,3989.700,3986.600,3987.800
2026-07-16 18:50,3987.700,3988.600,3984.800,3985.700
2026-07-16 18:55,3985.500,3987.000,3983.900,3984.700
2026-07-16 19:00,3984.900,3990.100,3983.700,3989.700
2026-07-16 19:05,3989.300,3990.800,3986.600,3987.300
2026-07-16 19:10,3986.800,3987.000,3983.300,3985.100
2026-07-16 19:15,3984.800,3987.300,3984.400,3987.100
2026-07-16 19:20,3987.400,3988.900,3984.800,3985.700
2026-07-16 19:25,3986.200,3986.300,3983.000,3983.600
2026-07-16 19:30,3983.800,3984.000,3979.300,3980.000
2026-07-16 19:35,3979.800,3979.900,3973.400,3979.700
2026-07-16 19:40,3979.300,3981.800,3979.300,3980.200
2026-07-16 19:45,3979.700,3981.100,3977.200,3979.300
2026-07-16 19:50,3979.500,3986.900,3977.900,3985.900
2026-07-16 19:55,3986.100,3986.400,3980.600,3984.600
2026-07-16 20:00,3984.800,3984.800,3981.300,3982.100
2026-07-16 20:05,3982.200,3982.700,3979.700,3980.700
2026-07-16 20:10,3980.500,3980.800,3978.700,3979.300
2026-07-16 20:15,3978.900,3979.400,3976.700,3977.100
2026-07-16 20:20,3976.900,3977.600,3976.200,3976.800
2026-07-16 20:25,3977.000,3979.700,3976.200,3979.000
2026-07-16 20:30,3979.300,3979.500,3977.600,3978.900
2026-07-16 20:35,3979.200,3980.500,3979.000,3979.000
2026-07-16 20:40,3978.800,3979.700,3978.500,3978.500
2026-07-16 20:45,3978.500,3980.700,3978.200,3979.800
2026-07-16 20:50,3978.800,3980.000,3978.200,3979.600
2026-07-16 20:55,3979.600,3981.000,3978.900,3979.900
2026-07-16 22:00,3980.100,3984.100,3980.000,3982.300
2026-07-16 22:05,3981.900,3981.900,3980.000,3981.600
2026-07-16 22:10,3981.900,3981.900,3979.100,3979.400
2026-07-16 22:15,3980.100,3981.200,3978.900,3979.400
2026-07-16 22:20,3979.100,3979.700,3978.200,3978.900
2026-07-16 22:25,3978.700,3980.100,3978.300,3979.900
2026-07-16 22:30,3980.200,3980.600,3977.900,3979.700
2026-07-16 22:35,3979.400,3980.500,3978.600,3979.800
2026-07-16 22:40,3979.500,3980.000,3976.800,3977.400
2026-07-16 22:45,3977.100,3978.200,3976.900,3977.200
2026-07-16 22:50,3977.600,3979.000,3977.400,3978.600
2026-07-16 22:55,3979.100,3982.200,3979.100,3982.100
2026-07-16 23:00,3982.100,3982.400,3978.600,3982.100
2026-07-16 23:05,3981.300,3983.200,3981.100,3982.500
2026-07-16 23:10,3982.000,3984.000,3981.500,3983.600
2026-07-16 23:15,3983.300,3984.200,3982.300,3982.600
2026-07-16 23:20,3982.200,3982.400,3981.300,3981.900
2026-07-16 23:25,3982.100,3984.300,3981.800,3982.500
2026-07-16 23:30,3981.900,3982.100,3979.000,3981.100
2026-07-16 23:35,3981.300,3984.900,3981.300,3983.300
2026-07-16 23:40,3983.500,3985.700,3983.400,3984.900
2026-07-16 23:45,3984.900,3985.100,3980.200,3981.600
2026-07-16 23:50,3982.500,3984.400,3982.500,3984.300
2026-07-16 23:55,3983.800,3989.900,3983.800,3989.200
2026-07-17 00:00,3989.500,3990.600,3986.900,3988.400
2026-07-17 00:05,3988.500,3991.100,3987.100,3989.400
2026-07-17 00:10,3989.800,3990.400,3986.800,3987.100
2026-07-17 00:15,3987.800,3994.300,3987.700,3991.600
2026-07-17 00:20,3991.200,3993.700,3990.100,3990.200
2026-07-17 00:25,3990.000,3990.000,3987.200,3988.200
2026-07-17 00:30,3988.000,3988.400,3983.900,3984.600
2026-07-17 00:35,3984.500,3988.100,3984.500,3985.000
2026-07-17 00:40,3984.900,3986.400,3983.800,3985.500
2026-07-17 00:45,3985.700,3991.000,3985.300,3989.700
2026-07-17 00:50,3989.900,3992.400,3989.800,3991.400
2026-07-17 00:55,3991.600,3995.900,3989.700,3995.900
2026-07-17 01:00,3996.000,3996.200,3991.200,3992.300
2026-07-17 01:05,3991.900,3999.000,3991.900,3994.400
2026-07-17 01:10,3994.200,3997.500,3992.100,3996.000
2026-07-17 01:15,3995.800,4000.100,3995.100,3998.400
2026-07-17 01:20,3997.200,3999.200,3992.800,3994.300
2026-07-17 01:25,3994.300,3995.800,3991.500,3994.900
2026-07-17 01:30,3993.700,3996.500,3992.000,3995.900
2026-07-17 01:35,3996.000,3999.100,3994.700,3995.800
2026-07-17 01:40,3996.100,3998.100,3994.000,3994.700
2026-07-17 01:45,3994.700,3996.100,3987.300,3987.500
2026-07-17 01:50,3987.600,3988.700,3983.000,3983.500
2026-07-17 01:55,3983.400,3986.600,3982.700,3986.500
2026-07-17 02:00,3987.000,3991.100,3985.000,3986.800
2026-07-17 02:05,3986.500,3986.800,3983.600,3983.600
2026-07-17 02:10,3983.400,3985.600,3983.300,3984.500
2026-07-17 02:15,3984.200,3987.800,3984.100,3986.600
2026-07-17 02:20,3986.500,3987.200,3984.400,3987.200
2026-07-17 02:25,3986.800,3987.900,3984.100,3986.600
2026-07-17 02:30,3986.100,3987.400,3979.700,3981.000
2026-07-17 02:35,3980.900,3982.600,3974.100,3976.900
2026-07-17 02:40,3977.200,3980.000,3975.900,3978.400
2026-07-17 02:45,3978.000,3982.700,3977.700,3980.700
2026-07-17 02:50,3980.800,3982.100,3978.100,3981.200
2026-07-17 02:55,3981.100,3983.400,3980.300,3982.200
2026-07-17 03:00,3982.500,3993.100,3982.200,3992.200
2026-07-17 03:05,3992.500,3996.800,3991.500,3993.900
2026-07-17 03:10,3993.000,3994.200,3991.200,3992.200
2026-07-17 03:15,3992.200,4006.200,3992.200,4006.000
2026-07-17 03:20,4006.200,4012.200,4006.200,4006.900
2026-07-17 03:25,4006.500,4007.500,4001.800,4005.100
2026-07-17 03:30,4004.800,4005.300,3999.700,4001.300
2026-07-17 03:35,4001.800,4004.100,4000.800,4002.800
2026-07-17 03:40,4002.800,4003.700,3999.700,4000.900
2026-07-17 03:45,4001.300,4002.200,3997.900,3998.500
2026-07-17 03:50,3998.500,3999.200,3996.100,3997.200
2026-07-17 03:55,3996.700,3996.800,3994.000,3995.700
2026-07-17 04:00,3995.000,3995.100,3991.800,3992.600
2026-07-17 04:05,3993.000,3993.600,3990.200,3990.600
2026-07-17 04:10,3991.000,3993.400,3990.400,3992.100
2026-07-17 04:15,3992.200,3993.200,3989.700,3991.700
2026-07-17 04:20,3992.100,3993.400,3989.100,3990.000
2026-07-17 04:25,3989.500,3990.300,3988.300,3989.500
2026-07-17 04:30,3989.600,3991.600,3986.800,3988.200
2026-07-17 04:35,3988.300,3989.700,3984.100,3986.600
2026-07-17 04:40,3986.400,3986.800,3983.100,3984.800
2026-07-17 04:45,3985.500,3987.900,3984.800,3985.400
2026-07-17 04:50,3985.200,3985.700,3983.500,3984.400
2026-07-17 04:55,3984.500,3985.200,3984.200,3985.000
2026-07-17 05:00,3984.800,3986.000,3982.800,3986.000
2026-07-17 05:05,3985.800,3985.800,3980.200,3981.700
2026-07-17 05:10,3981.000,3984.400,3981.000,3983.000
2026-07-17 05:15,3982.500,3983.600,3979.200,3979.400
2026-07-17 05:20,3979.100,3983.300,3978.400,3982.400
2026-07-17 05:25,3982.500,3985.200,3981.300,3982.900
2026-07-17 05:30,3983.000,3989.900,3981.500,3986.000
2026-07-17 05:35,3986.100,3989.000,3985.000,3989.000
2026-07-17 05:40,3989.600,3994.000,3988.100,3990.500
2026-07-17 05:45,3990.100,3993.100,3985.200,3991.600
2026-07-17 05:50,3991.400,3995.300,3990.900,3993.300
2026-07-17 05:55,3993.400,3993.700,3988.400,3988.600
2026-07-17 06:00,3988.600,3996.000,3988.500,3995.600
2026-07-17 06:05,3995.700,3996.800,3991.800,3992.800
2026-07-17 06:10,3993.000,4004.500,3992.600,4003.600
2026-07-17 06:15,4003.600,4006.500,4001.400,4005.800
2026-07-17 06:20,4006.000,4009.700,4005.300,4006.800
2026-07-17 06:25,4007.000,4009.000,4004.400,4007.500
2026-07-17 06:30,4007.200,4010.700,4006.800,4008.400
2026-07-17 06:35,4008.200,4008.300,4002.300,4003.200
2026-07-17 06:40,4003.300,4003.800,3999.300,4000.000
2026-07-17 06:45,3999.800,4003.900,3999.800,4001.800
2026-07-17 06:50,4001.900,4003.000,4000.300,4001.100
2026-07-17 06:55,4001.800,4005.300,4001.600,4003.100
2026-07-17 07:00,4003.100,4006.600,4000.700,4005.100
2026-07-17 07:05,4005.100,4005.900,3998.400,3999.000
2026-07-17 07:10,3999.100,4001.100,3997.100,4000.300
2026-07-17 07:15,4000.300,4003.200,3999.900,4001.300
2026-07-17 07:20,4001.000,4001.300,3998.000,4001.200
2026-07-17 07:25,4001.100,4002.300,3999.500,4000.000
2026-07-17 07:30,4000.400,4002.200,3999.100,4000.500
2026-07-17 07:35,4000.400,4000.900,3998.000,4000.400
2026-07-17 07:40,4000.600,4002.500,3998.000,4002.500
2026-07-17 07:45,4002.500,4002.600,3999.700,4000.400
2026-07-17 07:50,4000.400,4001.900,3998.600,3999.100
2026-07-17 07:55,3998.800,3999.600,3996.700,3997.000
2026-07-17 08:00,3996.600,4003.800,3996.000,4003.400
2026-07-17 08:05,4002.800,4003.200,4000.400,4001.500
2026-07-17 08:10,4001.400,4001.500,3995.100,3996.800
2026-07-17 08:15,3996.800,3998.600,3992.900,3993.100
2026-07-17 08:20,3994.700,3996.600,3994.400,3996.400
2026-07-17 08:25,3996.000,3999.200,3992.000,3996.300
2026-07-17 08:30,3996.300,3997.200,3993.900,3995.700
2026-07-17 08:35,3994.900,3996.000,3991.300,3992.900
2026-07-17 08:40,3993.200,3996.900,3992.800,3996.900
2026-07-17 08:45,3996.800,4003.400,3995.600,4002.200
2026-07-17 08:50,4002.100,4002.300,3997.900,3999.000
2026-07-17 08:55,3999.100,4002.200,3997.700,3998.400
2026-07-17 09:00,3997.900,3999.500,3996.800,3997.400
2026-07-17 09:05,3998.000,4001.800,3997.800,3999.900
2026-07-17 09:10,3999.700,4002.500,3999.200,4002.100
2026-07-17 09:15,4002.100,4002.300,3999.800,4000.000
2026-07-17 09:20,4000.000,4006.400,3999.800,4005.700
2026-07-17 09:25,4005.700,4006.500,4002.200,4002.900
2026-07-17 09:30,4003.400,4003.800,3999.100,3999.800
2026-07-17 09:35,3999.900,4002.100,3999.500,4000.700
2026-07-17 09:40,4001.400,4003.200,3999.300,3999.500
2026-07-17 09:45,3999.900,4001.000,3998.800,3999.300
2026-07-17 09:50,3999.600,4002.400,3998.600,4001.500
2026-07-17 09:55,4001.300,4001.800,3999.900,4001.800
2026-07-17 10:00,4001.700,4002.400,3999.200,4000.100
2026-07-17 10:05,4000.100,4001.200,3998.800,4000.200
2026-07-17 10:10,4000.300,4002.300,3999.700,4000.800
2026-07-17 10:15,4001.100,4001.600,3998.000,3998.500
2026-07-17 10:20,3998.300,4002.900,3998.300,3999.000
2026-07-17 10:25,3999.000,4000.600,3998.500,3999.600
2026-07-17 10:30,3999.800,4000.900,3998.400,4000.400
2026-07-17 10:35,3999.900,4000.100,3997.700,3999.500
2026-07-17 10:40,3999.200,4000.300,3997.200,4000.000
2026-07-17 10:45,3999.800,4000.900,3998.700,3999.500
2026-07-17 10:50,3998.900,3999.400,3994.200,3996.800
2026-07-17 10:55,3997.100,3997.500,3994.100,3994.400
2026-07-17 11:00,3994.500,3997.900,3994.500,3996.000
2026-07-17 11:05,3995.900,3996.200,3993.700,3995.000
2026-07-17 11:10,3994.900,3996.900,3994.500,3995.500
2026-07-17 11:15,3995.300,3997.300,3993.600,3997.000
2026-07-17 11:20,3996.600,4000.100,3996.300,3997.200
2026-07-17 11:25,3997.500,3999.900,3997.200,3999.400
2026-07-17 11:30,3999.800,4000.300,3995.400,3996.400
2026-07-17 11:35,3996.600,3997.600,3995.100,3997.100
2026-07-17 11:40,3997.400,3998.700,3995.600,3995.800
2026-07-17 11:45,3995.700,4000.200,3995.200,3997.700
2026-07-17 11:50,3997.600,4002.700,3997.000,4002.700
2026-07-17 11:55,4002.700,4002.700,3997.700,3997.900
2026-07-17 12:00,3998.200,3999.600,3993.300,3993.700
2026-07-17 12:05,3993.500,3995.300,3991.800,3994.300
2026-07-17 12:10,3994.500,3997.400,3992.900,3993.300
2026-07-17 12:15,3994.200,3995.900,3992.400,3995.200
2026-07-17 12:20,3995.100,3995.500,3987.900,3988.900
2026-07-17 12:25,3988.800,3991.400,3987.800,3990.800
2026-07-17 12:30,3991.000,3991.800,3984.700,3985.100
2026-07-17 12:35,3985.300,3986.800,3980.700,3981.500
2026-07-17 12:40,3981.200,3981.900,3968.600,3973.300
2026-07-17 12:45,3973.000,3976.800,3968.700,3971.400
2026-07-17 12:50,3970.800,3975.200,3967.700,3973.000
2026-07-17 12:55,3972.900,3977.000,3967.900,3969.500
2026-07-17 13:00,3970.100,3979.600,3963.000,3977.800
2026-07-17 13:05,3978.000,3978.500,3972.700,3973.000
2026-07-17 13:10,3973.300,3975.400,3969.800,3974.200
2026-07-17 13:15,3973.500,3976.200,3971.000,3974.500
2026-07-17 13:20,3974.400,3978.700,3970.800,3973.000
2026-07-17 13:25,3973.400,3977.000,3970.700,3971.900
2026-07-17 13:30,3971.900,3975.800,3967.100,3969.300
2026-07-17 13:35,3969.100,4007.900,3968.500,3997.400
2026-07-17 13:40,3998.000,3998.000,3986.000,3988.500
2026-07-17 13:45,3989.000,3994.400,3984.800,3993.700
2026-07-17 13:50,3993.600,3997.900,3992.000,3992.800
2026-07-17 13:55,3992.700,4001.400,3991.400,4001.400
2026-07-17 14:00,4000.700,4004.500,3994.200,3998.200
2026-07-17 14:05,3998.700,4004.800,3998.700,4000.700
2026-07-17 14:10,4000.700,4005.100,3997.900,3999.200
2026-07-17 14:15,3999.100,4005.000,3997.600,4001.500
2026-07-17 14:20,4001.200,4008.900,4000.300,4007.200
2026-07-17 14:25,4006.800,4008.700,4002.200,4002.700
2026-07-17 14:30,4002.800,4003.000,3996.300,3998.600
2026-07-17 14:35,3999.000,4003.900,3998.300,4001.900
2026-07-17 14:40,4001.400,4003.000,3999.500,4002.300
2026-07-17 14:45,4002.100,4005.100,3998.900,4000.100
2026-07-17 14:50,4000.400,4003.300,3997.500,3998.000
2026-07-17 14:55,3998.000,4005.800,3997.200,4005.500
2026-07-17 15:00,4005.500,4018.200,4002.000,4016.800
2026-07-17 15:05,4016.800,4019.400,4007.600,4012.800
2026-07-17 15:10,4012.800,4018.400,4007.700,4009.700
2026-07-17 15:15,4010.300,4012.700,4009.000,4010.100
2026-07-17 15:20,4010.000,4016.900,4009.200,4012.900
2026-07-17 15:25,4012.700,4018.100,4010.900,4018.100
2026-07-17 15:30,4017.900,4021.200,4013.600,4015.300
2026-07-17 15:35,4015.500,4021.100,4014.600,4018.800
2026-07-17 15:40,4019.200,4021.000,4016.500,4020.200
2026-07-17 15:45,4020.300,4023.300,4018.500,4021.300
2026-07-17 15:50,4021.400,4026.100,4021.200,4025.300
2026-07-17 15:55,4025.500,4026.100,4022.300,4024.100
2026-07-17 16:00,4024.400,4024.600,4016.000,4021.900
2026-07-17 16:05,4021.800,4024.000,4019.300,4022.500
2026-07-17 16:10,4022.700,4025.200,4022.600,4022.700
2026-07-17 16:15,4022.900,4026.700,4022.800,4026.100
2026-07-17 16:20,4026.300,4028.900,4023.000,4028.500
2026-07-17 16:25,4028.400,4028.700,4021.900,4023.800
2026-07-17 16:30,4023.800,4024.100,4020.100,4020.900
2026-07-17 16:35,4021.000,4021.600,4018.000,4018.400
2026-07-17 16:40,4018.900,4022.800,4017.500,4022.300
2026-07-17 16:45,4022.100,4025.100,4021.200,4024.800
2026-07-17 16:50,4025.300,4025.400,4020.200,4020.800
2026-07-17 16:55,4020.900,4021.500,4019.400,4019.600
2026-07-17 17:00,4020.000,4024.000,4020.000,4021.600
2026-07-17 17:05,4021.800,4023.300,4021.300,4022.600
2026-07-17 17:10,4022.400,4023.300,4018.100,4018.400
2026-07-17 17:15,4018.100,4020.300,4017.200,4017.800
2026-07-17 17:20,4017.900,4020.400,4017.000,4019.500
2026-07-17 17:25,4019.700,4020.800,4017.900,4018.700
2026-07-17 17:30,4018.700,4019.500,4016.100,4017.000
2026-07-17 17:35,4017.000,4017.900,4014.700,4017.400
2026-07-17 17:40,4017.200,4017.300,4014.700,4016.000
2026-07-17 17:45,4015.700,4017.700,4015.300,4017.600
2026-07-17 17:50,4017.900,4018.300,4012.900,4014.100
2026-07-17 17:55,4014.100,4015.300,4012.900,4014.800
2026-07-17 18:00,4014.900,4016.300,4012.500,4014.900
2026-07-17 18:05,4014.500,4017.300,4014.400,4017.300
2026-07-17 18:10,4017.200,4017.900,4014.900,4015.500
2026-07-17 18:15,4015.300,4018.400,4014.100,4016.800
2026-07-17 18:20,4016.800,4018.400,4015.200,4017.400
2026-07-17 18:25,4017.400,4021.100,4016.600,4020.700
2026-07-17 18:30,4020.300,4021.300,4016.600,4018.100
2026-07-17 18:35,4018.000,4018.100,4016.500,4016.600
2026-07-17 18:40,4016.600,4016.900,4012.000,4013.000
2026-07-17 18:45,4013.100,4013.700,4011.600,4012.900
2026-07-17 18:50,4012.300,4015.000,4012.000,4015.000
2026-07-17 18:55,4015.300,4017.200,4014.800,4016.100
2026-07-17 19:00,4016.400,4016.400,4012.300,4012.800
2026-07-17 19:05,4012.800,4012.800,4009.600,4010.100
2026-07-17 19:10,4010.100,4011.000,4008.900,4010.800
2026-07-17 19:15,4010.500,4011.300,4009.200,4011.200
2026-07-17 19:20,4010.800,4011.100,4006.800,4007.200
2026-07-17 19:25,4007.300,4010.100,4007.100,4009.900
2026-07-17 19:30,4009.900,4012.100,4009.600,4011.200
2026-07-17 19:35,4010.700,4013.700,4010.400,4011.600
2026-07-17 19:40,4011.000,4014.800,4010.500,4014.700
2026-07-17 19:45,4014.900,4016.000,4013.900,4015.300
2026-07-17 19:50,4015.200,4020.400,4015.100,4020.200
2026-07-17 19:55,4020.100,4020.900,4019.200,4019.900
2026-07-17 20:00,4019.900,4020.300,4017.000,4018.700
2026-07-17 20:05,4018.500,4018.500,4016.700,4017.900
2026-07-17 20:10,4018.000,4018.000,4016.300,4016.800
2026-07-17 20:15,4016.900,4017.100,4013.500,4013.900
2026-07-17 20:20,4014.100,4015.300,4013.600,4014.600
2026-07-17 20:25,4015.100,4016.100,4013.800,4015.400
2026-07-17 20:30,4015.700,4015.700,4013.200,4013.900
2026-07-17 20:35,4013.500,4015.500,4013.500,4015.200
2026-07-17 20:40,4015.000,4018.100,4015.000,4017.700
2026-07-17 20:45,4017.700,4021.500,4017.500,4020.300
2026-07-17 20:50,4019.900,4022.900,4019.700,4020.900
2026-07-17 20:55,4020.700,4023.000,4018.800,4018.800
2026-07-19 22:10,4001.000,4001.800,3999.700,4000.300
2026-07-19 22:15,4000.000,4002.900,3999.100,4002.800
2026-07-19 22:20,4003.000,4004.400,4000.600,4001.900
2026-07-19 22:25,4001.600,4001.700,3998.300,3998.800
2026-07-19 22:30,3998.000,4002.800,3996.900,4001.600
2026-07-19 22:35,4001.400,4002.700,4000.200,4000.500
2026-07-19 22:40,4000.400,4002.800,4000.100,4000.600
2026-07-19 22:45,4000.800,4002.300,3999.200,4001.000
2026-07-19 22:50,4001.300,4001.600,4000.000,4000.800
2026-07-19 22:55,4000.800,4002.300,3997.900,3997.900
2026-07-19 23:00,3999.300,3999.300,3995.000,3998.900
2026-07-19 23:05,3999.000,3999.200,3997.000,3997.900
2026-07-19 23:10,3998.000,3998.000,3994.300,3994.500
2026-07-19 23:15,3995.000,3998.000,3994.700,3995.000
2026-07-19 23:20,3994.800,3997.300,3993.800,3997.300
2026-07-19 23:25,3997.400,3997.700,3995.500,3996.700
2026-07-19 23:30,3996.500,3998.000,3995.700,3997.700
2026-07-19 23:35,3998.000,3998.000,3994.700,3997.100
2026-07-19 23:40,3997.100,3997.400,3993.500,3996.000
2026-07-19 23:45,3996.500,3997.400,3993.000,3995.500
2026-07-19 23:50,3995.500,4000.100,3995.500,3996.900
2026-07-19 23:55,3997.400,3999.600,3997.000,3999.200
2026-07-20 00:00,3999.600,3999.800,3986.500,3991.000
2026-07-20 00:05,3991.900,3996.600,3990.400,3992.700
2026-07-20 00:10,3993.000,4003.100,3991.500,4000.000
2026-07-20 00:15,4000.100,4004.800,3997.800,4004.200
2026-07-20 00:20,4003.700,4010.100,4003.600,4006.300
2026-07-20 00:25,4006.700,4009.700,4005.500,4008.600
2026-07-20 00:30,4008.400,4008.400,4002.500,4006.800
2026-07-20 00:35,4006.900,4011.800,4004.400,4004.600
2026-07-20 00:40,4004.200,4008.200,4002.400,4002.900
2026-07-20 00:45,4003.500,4007.200,4003.500,4004.100
2026-07-20 00:50,4004.100,4006.500,4002.800,4006.200
2026-07-20 00:55,4006.100,4014.500,4004.700,4013.700
2026-07-20 01:00,4013.500,4020.700,4009.900,4018.200
2026-07-20 01:05,4018.700,4021.500,4014.800,4021.300
2026-07-20 01:10,4021.600,4025.700,4013.700,4014.300
2026-07-20 01:15,4014.900,4014.900,4008.100,4008.900
2026-07-20 01:20,4009.200,4009.400,4004.100,4005.600
2026-07-20 01:25,4005.300,4009.100,4004.300,4007.500
2026-07-20 01:30,4007.300,4010.400,4007.000,4008.600
2026-07-20 01:35,4008.900,4009.200,4004.800,4006.300
2026-07-20 01:40,4006.800,4007.200,4000.100,4001.500
2026-07-20 01:45,4001.600,4008.500,4001.600,4008.200
2026-07-20 01:50,4007.800,4007.800,4002.100,4002.900
2026-07-20 01:55,4003.300,4008.800,4002.700,4007.000
2026-07-20 02:00,4007.300,4014.700,4006.000,4013.200
2026-07-20 02:05,4013.300,4013.300,4009.300,4012.100
2026-07-20 02:10,4012.100,4012.400,4009.800,4011.300
2026-07-20 02:15,4011.500,4011.600,4008.800,4009.300
2026-07-20 02:20,4009.500,4012.600,4009.500,4011.900
2026-07-20 02:25,4012.400,4013.400,4010.700,4011.500
2026-07-20 02:30,4011.400,4017.800,4010.700,4015.100
2026-07-20 02:35,4015.000,4019.200,4015.000,4018.100
2026-07-20 02:40,4018.000,4021.100,4014.300,4019.800
2026-07-20 02:45,4019.600,4034.200,4019.000,4029.600
2026-07-20 02:50,4029.700,4031.700,4025.800,4027.700
2026-07-20 02:55,4028.100,4028.900,4026.100,4027.100
2026-07-20 03:00,4026.700,4027.500,4024.900,4025.900
2026-07-20 03:05,4026.300,4026.700,4023.500,4025.300
2026-07-20 03:10,4025.200,4029.100,4025.200,4029.000
2026-07-20 03:15,4028.800,4031.100,4028.000,4030.300
2026-07-20 03:20,4030.100,4031.700,4029.500,4030.800
2026-07-20 03:25,4029.900,4030.200,4026.700,4027.500
2026-07-20 03:30,4027.600,4029.900,4024.000,4024.700
2026-07-20 03:35,4024.400,4030.200,4023.900,4030.100
2026-07-20 03:40,4029.600,4032.700,4029.200,4031.600
2026-07-20 03:45,4032.200,4032.500,4030.900,4031.000
2026-07-20 03:50,4031.000,4032.400,4029.400,4029.500
2026-07-20 03:55,4029.500,4029.500,4027.800,4027.800
2026-07-20 04:00,4028.700,4031.300,4028.500,4030.200
2026-07-20 04:05,4030.400,4031.000,4028.700,4028.800
2026-07-20 04:10,4028.800,4029.200,4025.900,4025.900
2026-07-20 04:15,4025.900,4028.100,4025.900,4027.700
2026-07-20 04:20,4027.800,4029.000,4025.900,4025.900
2026-07-20 04:25,4026.100,4029.900,4026.100,4029.800
2026-07-20 04:30,4029.800,4029.800,4026.600,4028.100
2026-07-20 04:35,4028.000,4029.000,4026.900,4028.700
2026-07-20 04:40,4027.900,4028.100,4027.000,4028.000
2026-07-20 04:45,4027.000,4027.100,4023.900,4024.000
2026-07-20 04:50,4024.700,4026.200,4023.600,4025.300
2026-07-20 04:55,4025.300,4026.500,4022.600,4022.800
2026-07-20 05:00,4023.300,4025.100,4021.000,4022.000
2026-07-20 05:05,4022.000,4023.400,4019.500,4020.200
2026-07-20 05:10,4019.800,4020.000,4015.900,4018.200
2026-07-20 05:15,4018.500,4019.200,4016.900,4017.500
2026-07-20 05:20,4017.200,4017.200,4015.200,4016.200
2026-07-20 05:25,4015.900,4017.200,4013.600,4014.500
2026-07-20 05:30,4014.700,4018.700,4014.100,4014.900
2026-07-20 05:35,4015.200,4015.300,4012.000,4014.300
2026-07-20 05:40,4014.900,4016.700,4013.000,4015.000
2026-07-20 05:45,4013.000,4014.500,4009.500,4009.900
2026-07-20 05:50,4009.900,4013.100,4009.500,4011.900
2026-07-20 05:55,4011.600,4014.700,4011.300,4012.300
2026-07-20 06:00,4012.400,4015.800,4012.400,4014.500
2026-07-20 06:05,4014.500,4015.900,4011.100,4013.800
2026-07-20 06:10,4013.800,4014.100,4011.000,4011.700
2026-07-20 06:15,4011.600,4013.800,4010.800,4013.400
2026-07-20 06:20,4013.100,4013.900,4011.000,4012.600
2026-07-20 06:25,4012.400,4012.900,4008.100,4009.900
2026-07-20 06:30,4009.100,4010.000,4007.000,4008.900
2026-07-20 06:35,4009.000,4009.300,4007.500,4009.300
2026-07-20 06:40,4008.700,4011.000,4008.200,4009.000
2026-07-20 06:45,4009.100,4011.900,4009.100,4010.600
2026-07-20 06:50,4011.400,4011.500,4007.600,4009.200
2026-07-20 06:55,4009.900,4010.000,4007.500,4008.200
2026-07-20 07:00,4008.000,4010.900,4006.500,4009.300
2026-07-20 07:05,4009.400,4011.300,4009.400,4009.900
2026-07-20 07:10,4009.700,4010.100,4007.500,4008.500
2026-07-20 07:15,4008.700,4008.700,4006.600,4008.100
2026-07-20 07:20,4007.900,4013.200,4007.400,4012.800
2026-07-20 07:25,4012.600,4012.600,4007.400,4011.300
2026-07-20 07:30,4011.400,4018.500,4011.300,4017.600
2026-07-20 07:35,4018.000,4023.000,4017.600,4021.300
2026-07-20 07:40,4021.000,4025.900,4021.000,4025.900
2026-07-20 07:45,4026.000,4026.700,4021.000,4022.400
2026-07-20 07:50,4022.400,4023.400,4020.700,4022.100
2026-07-20 07:55,4022.000,4024.000,4021.600,4022.000
2026-07-20 08:00,4022.200,4030.600,4022.200,4027.800
2026-07-20 08:05,4027.800,4028.000,4023.500,4024.700
2026-07-20 08:10,4024.100,4029.500,4023.900,4029.000
2026-07-20 08:15,4029.000,4033.100,4028.500,4029.900
2026-07-20 08:20,4030.200,4035.500,4028.000,4034.300
2026-07-20 08:25,4033.900,4034.500,4026.800,4027.100
2026-07-20 08:30,4026.700,4027.100,4023.600,4026.400
2026-07-20 08:35,4026.200,4029.000,4024.700,4028.400
2026-07-20 08:40,4028.900,4029.500,4026.300,4026.300
2026-07-20 08:45,4026.500,4027.100,4024.700,4026.500
2026-07-20 08:50,4026.600,4026.900,4021.800,4023.400
2026-07-20 08:55,4023.500,4025.000,4022.700,4023.300
2026-07-20 09:00,4023.000,4024.800,4022.500,4022.600
2026-07-20 09:05,4022.900,4024.000,4019.200,4022.400
2026-07-20 09:10,4023.000,4025.300,4022.800,4023.400
2026-07-20 09:15,4023.600,4026.200,4023.500,4023.600
2026-07-20 09:20,4023.800,4024.700,4023.100,4023.900
2026-07-20 09:25,4023.700,4023.800,4019.600,4020.300
2026-07-20 09:30,4020.300,4023.200,4018.700,4022.400
2026-07-20 09:35,4023.000,4024.800,4022.200,4024.400
2026-07-20 09:40,4024.300,4025.400,4023.500,4023.700
2026-07-20 09:45,4023.200,4027.700,4022.000,4027.400
2026-07-20 09:50,4027.500,4027.500,4023.500,4025.500
2026-07-20 09:55,4025.400,4025.400,4023.200,4025.300
2026-07-20 10:00,4025.800,4026.000,4022.400,4024.600
2026-07-20 10:05,4024.600,4025.600,4024.200,4025.000
2026-07-20 10:10,4024.400,4026.000,4024.200,4025.200
2026-07-20 10:15,4025.100,4025.900,4023.200,4023.900
2026-07-20 10:20,4024.300,4027.400,4024.300,4026.000
2026-07-20 10:25,4025.700,4027.900,4025.600,4026.700
2026-07-20 10:30,4026.300,4029.000,4025.800,4027.600
2026-07-20 10:35,4027.400,4027.500,4025.800,4026.800
2026-07-20 10:40,4026.800,4027.500,4026.400,4026.700
2026-07-20 10:45,4026.600,4027.600,4025.700,4025.700
2026-07-20 10:50,4026.000,4030.400,4025.600,4029.600
2026-07-20 10:55,4029.500,4029.800,4027.000,4029.000
2026-07-20 11:00,4029.000,4032.000,4027.500,4029.200
2026-07-20 11:05,4029.200,4030.300,4027.400,4027.400
2026-07-20 11:10,4027.600,4027.600,4024.400,4027.000
2026-07-20 11:15,4027.000,4028.500,4026.300,4027.700
2026-07-20 11:20,4027.200,4027.600,4025.700,4026.000
2026-07-20 11:25,4025.800,4028.200,4024.500,4026.500
2026-07-20 11:30,4026.500,4046.000,4025.900,4041.800
2026-07-20 11:35,4041.900,4042.900,4034.000,4037.400
2026-07-20 11:40,4037.400,4038.500,4034.200,4037.400
2026-07-20 11:45,4037.600,4037.600,4031.500,4032.600
2026-07-20 11:50,4032.400,4033.500,4030.300,4033.000
2026-07-20 11:55,4032.400,4033.300,4029.900,4030.500
2026-07-20 12:00,4030.000,4030.200,4016.500,4018.900
2026-07-20 12:05,4019.200,4021.900,4016.900,4020.500
2026-07-20 12:10,4020.300,4021.400,4015.800,4017.000
2026-07-20 12:15,4016.600,4019.200,4012.800,4017.600
2026-07-20 12:20,4017.600,4017.600,4010.600,4011.900
2026-07-20 12:25,4011.700,4017.500,4010.700,4017.000
2026-07-20 12:30,4017.100,4018.400,4015.000,4016.700
2026-07-20 12:35,4016.400,4018.700,4015.500,4015.500
2026-07-20 12:40,4015.600,4015.600,4010.100,4014.300
2026-07-20 12:45,4013.800,4019.800,4012.600,4015.800
2026-07-20 12:50,4015.700,4015.900,4012.900,4012.900
2026-07-20 12:55,4013.500,4014.400,4011.900,4012.000
2026-07-20 13:00,4012.200,4017.900,4011.800,4016.300
2026-07-20 13:05,4016.400,4017.100,4012.200,4012.600
2026-07-20 13:10,4012.500,4015.000,4011.900,4012.500
2026-07-20 13:15,4012.700,4015.700,4010.800,4013.700
2026-07-20 13:20,4014.100,4016.600,4013.200,4016.100
2026-07-20 13:25,4015.600,4016.700,4011.800,4012.400
2026-07-20 13:30,4013.100,4019.600,4012.200,4017.900
2026-07-20 13:35,4018.100,4018.600,4012.700,4018.200
2026-07-20 13:40,4018.500,4021.600,4016.600,4017.200
2026-07-20 13:45,4017.300,4017.600,4013.200,4014.900
2026-07-20 13:50,4015.100,4017.500,4011.000,4013.900
2026-07-20 13:55,4013.700,4016.200,4009.400,4009.500
2026-07-20 14:00,4009.400,4011.900,4005.300,4008.000
2026-07-20 14:05,4008.000,4009.700,4004.100,4005.000
2026-07-20 14:10,4004.700,4006.200,4001.600,4002.900
2026-07-20 14:15,4002.600,4007.200,4002.300,4006.100
2026-07-20 14:20,4006.000,4007.000,4002.000,4007.000
2026-07-20 14:25,4006.500,4010.700,4006.500,4010.600
2026-07-20 14:30,4010.800,4013.700,4009.900,4013.700
2026-07-20 14:35,4013.600,4014.700,4011.000,4013.600
2026-07-20 14:40,4013.800,4015.200,4011.000,4011.700
2026-07-20 14:45,4011.800,4018.600,4011.000,4017.400
2026-07-20 14:50,4016.600,4017.600,4012.700,4012.800
2026-07-20 14:55,4012.600,4012.600,4009.100,4010.500
2026-07-20 15:00,4010.400,4015.200,4008.700,4013.700
2026-07-20 15:05,4013.900,4023.900,4011.200,4023.600
2026-07-20 15:10,4023.800,4023.900,4016.800,4018.900
2026-07-20 15:15,4018.700,4019.900,4015.300,4016.500
2026-07-20 15:20,4016.900,4019.400,4015.200,4019.300
2026-07-20 15:25,4019.600,4021.200,4019.100,4020.800
2026-07-20 15:30,4020.700,4021.300,4017.000,4018.100
2026-07-20 15:35,4017.500,4019.000,4014.600,4015.800
2026-07-20 15:40,4015.400,4017.200,4014.400,4017.000
2026-07-20 15:45,4017.200,4019.600,4016.200,4018.600
2026-07-20 15:50,4019.300,4020.900,4018.400,4018.900
2026-07-20 15:55,4018.800,4019.400,4016.200,4016.200
2026-07-20 16:00,4016.300,4020.400,4015.400,4020.100
2026-07-20 16:05,4020.200,4022.800,4019.500,4021.800
2026-07-20 16:10,4021.900,4022.500,4017.100,4018.300
2026-07-20 16:15,4018.400,4019.000,4016.600,4016.800
2026-07-20 16:20,4017.000,4017.200,4016.200,4016.400
2026-07-20 16:25,4016.400,4017.900,4015.200,4017.000
2026-07-20 16:30,4016.800,4017.000,4013.400,4013.600
2026-07-20 16:35,4013.800,4016.500,4013.800,4016.400
2026-07-20 16:40,4016.300,4016.900,4005.200,4013.800
2026-07-20 16:45,4013.500,4014.200,4010.900,4013.100
2026-07-20 16:50,4012.700,4013.700,4010.400,4012.100
2026-07-20 16:55,4012.100,4014.600,4011.600,4013.900
2026-07-20 17:00,4013.900,4016.400,4013.900,4015.300
2026-07-20 17:05,4015.100,4016.200,4014.200,4015.700
2026-07-20 17:10,4015.900,4016.000,4013.300,4014.400
2026-07-20 17:15,4013.900,4015.800,4012.900,4014.100
2026-07-20 17:20,4014.500,4017.000,4013.900,4015.800
2026-07-20 17:25,4015.300,4016.800,4014.700,4016.100
2026-07-20 17:30,4016.200,4017.000,4014.800,4016.400
2026-07-20 17:35,4016.400,4016.600,4013.800,4014.100
2026-07-20 17:40,4014.500,4014.700,4011.600,4012.000
2026-07-20 17:45,4011.900,4011.900,4009.600,4009.900
2026-07-20 17:50,4009.800,4010.000,4007.900,4008.900
2026-07-20 17:55,4009.000,4009.500,4007.800,4009.200
2026-07-20 18:00,4009.400,4013.300,4009.300,4011.600
2026-07-20 18:05,4011.600,4014.300,4011.600,4014.000
2026-07-20 18:10,4014.100,4015.300,4012.600,4013.200
2026-07-20 18:15,4013.400,4016.400,4011.800,4012.500
2026-07-20 18:20,4012.600,4013.100,4007.700,4009.200
2026-07-20 18:25,4008.900,4011.800,4008.900,4011.000
2026-07-20 18:30,4011.200,4011.300,4008.500,4008.800
2026-07-20 18:35,4009.600,4011.000,4009.600,4010.100
2026-07-20 18:40,4010.900,4011.700,4009.900,4011.000
2026-07-20 18:45,4010.700,4012.800,4009.500,4012.200
2026-07-20 18:50,4011.800,4013.000,4011.100,4012.200
2026-07-20 18:55,4011.800,4012.100,4010.200,4012.100
2026-07-20 19:00,4011.500,4012.600,4009.500,4010.600
2026-07-20 19:05,4010.200,4011.200,4009.600,4011.000
2026-07-20 19:10,4010.900,4012.000,4008.700,4009.500
2026-07-20 19:15,4008.800,4012.800,4008.500,4012.800
2026-07-20 19:20,4012.800,4014.900,4012.700,4012.700
2026-07-20 19:25,4012.400,4017.500,4011.400,4017.400
2026-07-20 19:30,4017.200,4022.200,4016.400,4018.700
2026-07-20 19:35,4018.100,4018.600,4014.000,4014.900
2026-07-20 19:40,4014.800,4015.400,4009.300,4010.300
2026-07-20 19:45,4010.000,4013.900,4009.300,4013.100
2026-07-20 19:50,4012.200,4014.400,4012.000,4013.400
2026-07-20 19:55,4013.400,4013.400,4009.800,4010.700
2026-07-20 20:00,4011.100,4013.300,4010.500,4012.500
2026-07-20 20:05,4012.200,4013.000,4009.800,4010.000
2026-07-20 20:10,4010.200,4012.300,4009.900,4011.600
2026-07-20 20:15,4011.500,4012.100,4011.000,4011.000
2026-07-20 20:20,4011.400,4013.300,4011.400,4012.400
2026-07-20 20:25,4012.600,4013.500,4012.100,4012.100
2026-07-20 20:30,4012.600,4013.100,4011.300,4013.000
2026-07-20 20:35,4013.300,4013.300,4012.200,4012.800
2026-07-20 20:40,4013.200,4013.400,4012.400,4012.500
2026-07-20 20:45,4012.600,4012.800,4011.600,4011.700
2026-07-20 20:50,4012.200,4013.100,4011.200,4012.200
2026-07-20 20:55,4012.700,4013.100,4008.400,4011.800
2026-07-20 22:00,4013.400,4014.700,4012.000,4012.000
2026-07-20 22:05,4011.500,4011.500,4009.300,4009.800
2026-07-20 22:10,4010.800,4011.500,4009.900,4010.200
2026-07-20 22:15,4010.500,4011.000,4009.700,4010.800
2026-07-20 22:20,4010.200,4011.800,4008.300,4011.400
2026-07-20 22:25,4011.600,4014.100,4010.900,4013.100
2026-07-20 22:30,4012.800,4013.100,4010.200,4011.800
2026-07-20 22:35,4011.300,4012.500,4009.100,4011.400
2026-07-20 22:40,4011.400,4011.500,4006.300,4007.700
2026-07-20 22:45,4008.200,4012.300,4005.600,4005.600
2026-07-20 22:50,4005.500,4006.900,4003.400,4004.100
2026-07-20 22:55,4004.800,4006.200,4003.300,4004.000
2026-07-20 23:00,4004.200,4008.700,4003.300,4007.900
2026-07-20 23:05,4007.900,4013.400,4007.900,4012.500
2026-07-20 23:10,4012.300,4012.300,4004.100,4007.000
2026-07-20 23:15,4007.300,4011.400,4007.300,4010.200
2026-07-20 23:20,4010.100,4010.600,4007.700,4009.200
2026-07-20 23:25,4008.700,4009.400,4007.500,4007.900
2026-07-20 23:30,4007.900,4012.000,4007.900,4010.200
2026-07-20 23:35,4010.500,4011.800,4008.800,4009.400
2026-07-20 23:40,4009.700,4013.000,4008.200,4012.000
2026-07-20 23:45,4011.700,4012.300,4008.400,4011.000
2026-07-20 23:50,4011.300,4012.300,4010.300,4012.100
2026-07-20 23:55,4012.400,4015.100,4011.500,4014.400
2026-07-21 00:00,4014.500,4014.600,4008.300,4009.600
2026-07-21 00:05,4010.800,4012.700,4009.300,4012.000
2026-07-21 00:10,4012.500,4017.500,4011.000,4015.000
2026-07-21 00:15,4015.800,4020.600,4012.500,4020.300
2026-07-21 00:20,4020.200,4022.000,4017.200,4022.000
2026-07-21 00:25,4021.900,4023.000,4019.100,4019.600
2026-07-21 00:30,4018.800,4022.500,4018.600,4022.100
2026-07-21 00:35,4022.000,4026.600,4021.100,4023.700
2026-07-21 00:40,4023.100,4029.000,4022.800,4027.000
2026-07-21 00:45,4027.500,4029.700,4026.300,4029.100
2026-07-21 00:50,4029.400,4032.000,4028.100,4029.500
2026-07-21 00:55,4028.900,4031.000,4028.000,4029.600
2026-07-21 01:00,4029.800,4030.500,4022.500,4027.800
2026-07-21 01:05,4028.300,4033.700,4028.300,4031.500
2026-07-21 01:10,4032.400,4034.700,4030.900,4033.500
2026-07-21 01:15,4033.300,4041.000,4031.600,4039.100
2026-07-21 01:20,4038.600,4038.600,4030.700,4032.300
2026-07-21 01:25,4032.300,4036.000,4032.000,4032.900
2026-07-21 01:30,4033.400,4035.400,4031.400,4034.700
2026-07-21 01:35,4035.000,4035.000,4027.200,4028.100
2026-07-21 01:40,4028.200,4030.800,4027.800,4028.500
2026-07-21 01:45,4028.600,4031.000,4026.700,4029.700
2026-07-21 01:50,4030.200,4032.300,4028.900,4032.100
2026-07-21 01:55,4031.800,4031.800,4025.400,4027.600
2026-07-21 02:00,4027.500,4028.400,4025.900,4026.700
2026-07-21 02:05,4026.600,4030.600,4026.400,4030.000
2026-07-21 02:10,4030.300,4030.600,4027.500,4028.500
2026-07-21 02:15,4028.200,4029.700,4026.100,4026.800
2026-07-21 02:20,4027.000,4032.600,4025.900,4031.900
2026-07-21 02:25,4032.300,4034.300,4029.800,4033.100
2026-07-21 02:30,4033.500,4036.700,4032.200,4035.100
2026-07-21 02:35,4034.800,4049.800,4034.400,4042.100
2026-07-21 02:40,4042.100,4045.000,4039.600,4039.900
2026-07-21 02:45,4040.200,4041.100,4038.200,4038.500
2026-07-21 02:50,4038.800,4039.700,4035.500,4037.500
2026-07-21 02:55,4037.600,4042.800,4037.500,4042.700
2026-07-21 03:00,4042.300,4046.800,4042.200,4045.300
2026-07-21 03:05,4045.100,4046.600,4042.700,4045.400
2026-07-21 03:10,4045.600,4046.200,4042.400,4043.100
2026-07-21 03:15,4042.300,4043.400,4041.300,4041.900
2026-07-21 03:20,4041.700,4046.600,4041.500,4046.600
2026-07-21 03:25,4047.000,4057.200,4046.100,4052.000
2026-07-21 03:30,4052.100,4054.000,4048.800,4049.200
2026-07-21 03:35,4049.600,4049.600,4047.400,4048.600
2026-07-21 03:40,4048.600,4049.100,4046.700,4046.800
2026-07-21 03:45,4046.900,4050.400,4046.500,4050.100
2026-07-21 03:50,4050.400,4051.400,4049.300,4050.400
2026-07-21 03:55,4050.100,4051.900,4050.000,4050.900
2026-07-21 04:00,4051.700,4054.900,4051.500,4052.800
2026-07-21 04:05,4052.400,4056.600,4051.800,4053.300
2026-07-21 04:10,4052.900,4053.000,4050.300,4050.700
2026-07-21 04:15,4050.800,4051.200,4048.400,4048.900
2026-07-21 04:20,4048.900,4051.400,4048.900,4049.600
2026-07-21 04:25,4049.800,4049.800,4048.400,4049.500
2026-07-21 04:30,4049.500,4050.700,4049.000,4050.500
2026-07-21 04:35,4050.500,4051.500,4049.900,4050.900
2026-07-21 04:40,4051.100,4052.500,4049.800,4051.900
2026-07-21 04:45,4051.700,4052.500,4050.400,4051.000
2026-07-21 04:50,4051.300,4052.200,4050.200,4051.900
2026-07-21 04:55,4051.900,4054.600,4051.100,4054.300
2026-07-21 05:00,4054.100,4055.400,4053.200,4053.300
2026-07-21 05:05,4053.300,4055.200,4051.100,4055.000
2026-07-21 05:10,4055.100,4057.000,4053.000,4056.300
2026-07-21 05:15,4056.600,4058.700,4053.700,4055.500
2026-07-21 05:20,4055.100,4056.500,4052.800,4056.000
2026-07-21 05:25,4056.100,4061.500,4055.900,4058.900
2026-07-21 05:30,4059.700,4066.000,4059.500,4064.600
2026-07-21 05:35,4064.400,4067.000,4063.800,4066.000
2026-07-21 05:40,4066.400,4071.600,4065.300,4070.900
2026-07-21 05:45,4071.000,4072.800,4068.700,4070.900
2026-07-21 05:50,4070.700,4071.300,4066.900,4067.700
2026-07-21 05:55,4067.500,4069.500,4065.600,4066.000
2026-07-21 06:00,4066.000,4071.200,4066.000,4069.500
2026-07-21 06:05,4069.800,4072.100,4068.300,4072.000
2026-07-21 06:10,4072.200,4077.100,4071.300,4075.700
2026-07-21 06:15,4076.000,4077.100,4072.600,4076.000
2026-07-21 06:20,4076.500,4079.000,4074.200,4077.700
2026-07-21 06:25,4077.700,4078.600,4075.500,4076.900
2026-07-21 06:30,4077.100,4079.300,4076.200,4077.000
2026-07-21 06:35,4077.000,4080.500,4077.000,4079.000
2026-07-21 06:40,4078.600,4085.100,4078.400,4081.600
2026-07-21 06:45,4082.000,4088.400,4082.000,4087.400
2026-07-21 06:50,4087.400,4087.500,4083.600,4084.400
2026-07-21 06:55,4084.500,4085.000,4082.800,4083.000
2026-07-21 07:00,4083.300,4084.800,4081.600,4082.100
2026-07-21 07:05,4082.200,4082.600,4079.000,4079.200
2026-07-21 07:10,4079.300,4079.700,4076.000,4076.400
2026-07-21 07:15,4076.600,4078.000,4075.500,4078.000
2026-07-21 07:20,4077.600,4077.700,4075.100,4075.300
2026-07-21 07:25,4075.300,4075.600,4072.600,4074.100
2026-07-21 07:30,4073.900,4078.100,4072.100,4077.700
2026-07-21 07:35,4078.000,4079.900,4077.000,4077.500
2026-07-21 07:40,4077.500,4078.700,4075.800,4075.800
2026-07-21 07:45,4076.100,4076.900,4074.600,4075.900
2026-07-21 07:50,4076.100,4076.600,4075.000,4075.000
2026-07-21 07:55,4074.800,4076.200,4074.200,4075.700
2026-07-21 08:00,4075.600,4076.900,4070.500,4070.600
2026-07-21 08:05,4071.100,4074.300,4070.100,4071.400
2026-07-21 08:10,4071.100,4072.800,4070.600,4072.500
2026-07-21 08:15,4072.400,4073.300,4070.500,4071.500
2026-07-21 08:20,4071.200,4071.200,4067.500,4068.600
2026-07-21 08:25,4068.400,4069.100,4067.300,4067.900
2026-07-21 08:30,4067.700,4069.700,4066.300,4067.200
2026-07-21 08:35,4067.000,4068.000,4065.400,4066.800
2026-07-21 08:40,4066.800,4068.800,4066.400,4066.700
2026-07-21 08:45,4066.800,4066.900,4063.600,4064.400
2026-07-21 08:50,4064.500,4068.000,4063.600,4065.500
2026-07-21 08:55,4065.600,4068.000,4064.600,4067.400
2026-07-21 09:00,4067.700,4071.500,4067.700,4070.700
2026-07-21 09:05,4070.500,4071.300,4068.500,4070.600
2026-07-21 09:10,4070.800,4070.800,4069.400,4069.700
2026-07-21 09:15,4069.700,4071.500,4069.300,4071.100
2026-07-21 09:20,4071.000,4072.800,4069.600,4071.400
2026-07-21 09:25,4071.300,4072.800,4066.700,4067.300
2026-07-21 09:30,4067.400,4070.000,4066.100,4067.700
2026-07-21 09:35,4067.500,4068.500,4066.300,4067.000
2026-07-21 09:40,4067.300,4067.400,4065.400,4067.000
2026-07-21 09:45,4066.800,4071.700,4066.500,4070.800
2026-07-21 09:50,4070.800,4074.400,4069.100,4073.500
2026-07-21 09:55,4073.300,4073.600,4070.100,4070.200
2026-07-21 10:00,4070.500,4072.500,4067.900,4068.400
2026-07-21 10:05,4068.500,4068.700,4065.800,4066.100
2026-07-21 10:10,4065.900,4073.000,4065.100,4070.900
2026-07-21 10:15,4071.000,4072.800,4069.200,4072.100
2026-07-21 10:20,4072.100,4073.700,4071.600,4071.800
2026-07-21 10:25,4071.800,4074.000,4070.900,4071.700
2026-07-21 10:30,4071.600,4073.300,4070.800,4073.300
2026-07-21 10:35,4072.700,4074.800,4072.500,4073.600
2026-07-21 10:40,4073.300,4073.300,4071.300,4071.700
2026-07-21 10:45,4071.600,4073.200,4067.300,4067.500
2026-07-21 10:50,4067.800,4071.000,4067.400,4069.500
2026-07-21 10:55,4069.200,4069.600,4067.000,4067.300
2026-07-21 11:00,4067.700,4068.300,4060.700,4061.100
2026-07-21 11:05,4061.300,4063.600,4059.900,4060.600
2026-07-21 11:10,4060.600,4063.700,4060.600,4063.200
2026-07-21 11:15,4062.800,4064.100,4062.400,4062.400
2026-07-21 11:20,4062.400,4063.800,4060.700,4063.800
2026-07-21 11:25,4063.800,4064.700,4061.700,4062.600
2026-07-21 11:30,4062.800,4064.100,4061.800,4063.600
2026-07-21 11:35,4063.500,4066.300,4063.500,4064.600
2026-07-21 11:40,4064.700,4064.700,4060.200,4060.600
2026-07-21 11:45,4060.600,4062.800,4058.900,4062.800
2026-07-21 11:50,4062.400,4063.500,4060.200,4060.700
2026-07-21 11:55,4061.300,4061.500,4059.300,4060.600
2026-07-21 12:00,4060.500,4063.300,4060.300,4062.800
2026-07-21 12:05,4063.000,4065.700,4062.800,4062.900
2026-07-21 12:10,4062.800,4064.200,4060.900,4063.800
2026-07-21 12:15,4064.000,4065.000,4060.500,4063.600
2026-07-21 12:20,4063.500,4070.400,4062.100,4069.700
2026-07-21 12:25,4069.600,4069.800,4065.100,4066.000
2026-07-21 12:30,4066.300,4068.200,4063.400,4063.700
2026-07-21 12:35,4064.000,4064.000,4058.000,4059.400
2026-07-21 12:40,4059.300,4060.500,4055.000,4058.000
2026-07-21 12:45,4057.900,4066.200,4057.800,4064.200
2026-07-21 12:50,4064.200,4064.200,4059.500,4059.900
2026-07-21 12:55,4059.900,4060.300,4057.100,4058.000
2026-07-21 13:00,4058.300,4064.800,4058.300,4060.900
2026-07-21 13:05,4061.400,4064.700,4061.200,4061.900
2026-07-21 13:10,4061.500,4064.500,4060.900,4063.600
2026-07-21 13:15,4063.700,4066.100,4058.700,4059.600
2026-07-21 13:20,4060.100,4061.500,4055.800,4056.600
2026-07-21 13:25,4057.000,4058.600,4054.300,4055.200
2026-07-21 13:30,4055.500,4061.500,4051.200,4060.000
2026-07-21 13:35,4059.800,4061.700,4055.100,4056.800
2026-07-21 13:40,4057.100,4057.900,4048.600,4050.400
2026-07-21 13:45,4050.200,4055.000,4048.400,4054.100
2026-07-21 13:50,4054.300,4057.100,4050.300,4056.900
2026-07-21 13:55,4056.200,4057.700,4053.900,4057.200
2026-07-21 14:00,4057.500,4061.200,4055.400,4060.800
2026-07-21 14:05,4060.700,4063.800,4058.900,4059.300
2026-07-21 14:10,4059.300,4070.800,4059.200,4070.300
2026-07-21 14:15,4070.500,4072.900,4065.900,4068.600
2026-07-21 14:20,4068.700,4070.000,4065.700,4069.800
2026-07-21 14:25,4069.600,4074.100,4068.800,4074.100
2026-07-21 14:30,4074.000,4079.100,4071.300,4071.300
2026-07-21 14:35,4071.500,4072.000,4066.800,4069.300
2026-07-21 14:40,4069.200,4072.700,4067.200,4072.000
2026-07-21 14:45,4072.300,4075.300,4070.700,4074.300
2026-07-21 14:50,4074.500,4075.300,4070.800,4073.700
2026-07-21 14:55,4074.000,4075.000,4071.200,4072.900
2026-07-21 15:00,4072.500,4075.500,4072.100,4072.300
2026-07-21 15:05,4072.000,4074.900,4069.800,4073.500
2026-07-21 15:10,4073.400,4078.300,4073.200,4077.800
2026-07-21 15:15,4077.900,4083.300,4077.900,4081.600
2026-07-21 15:20,4081.000,4083.800,4079.900,4083.000
2026-07-21 15:25,4082.800,4083.000,4080.200,4081.400
2026-07-21 15:30,4080.900,4087.200,4080.600,4085.600
2026-07-21 15:35,4085.400,4088.000,4083.400,4084.800
2026-07-21 15:40,4084.400,4085.000,4079.700,4080.200
2026-07-21 15:45,4080.400,4080.400,4075.800,4077.400
2026-07-21 15:50,4077.300,4082.500,4077.300,4081.000
2026-07-21 15:55,4080.800,4080.900,4077.800,4078.600
2026-07-21 16:00,4078.500,4082.200,4077.400,4081.800
2026-07-21 16:05,4082.100,4082.500,4080.800,4081.500
2026-07-21 16:10,4081.300,4083.500,4080.600,4082.500
2026-07-21 16:15,4082.600,4082.800,4080.800,4081.700
2026-07-21 16:20,4081.500,4082.300,4080.200,4082.100
2026-07-21 16:25,4081.900,4082.300,4078.100,4080.000
2026-07-21 16:30,4079.800,4080.500,4079.100,4080.200
2026-07-21 16:35,4080.200,4080.200,4075.300,4078.700
2026-07-21 16:40,4078.500,4079.500,4075.500,4076.200
2026-07-21 16:45,4076.300,4077.000,4074.100,4076.500
2026-07-21 16:50,4076.400,4077.500,4076.000,4077.200
2026-07-21 16:55,4077.300,4077.500,4075.300,4075.900
2026-07-21 17:00,4076.000,4076.400,4073.600,4074.500
2026-07-21 17:05,4074.700,4076.900,4074.100,4075.900
2026-07-21 17:10,4075.800,4076.900,4074.300,4074.800
2026-07-21 17:15,4074.700,4075.300,4073.300,4073.400
2026-07-21 17:20,4073.600,4076.300,4073.600,4075.800
2026-07-21 17:25,4075.600,4077.200,4075.400,4076.700
2026-07-21 17:30,4076.700,4076.700,4074.100,4074.700
2026-07-21 17:35,4074.600,4074.600,4073.400,4073.900
2026-07-21 17:40,4073.500,4073.800,4071.200,4072.600
2026-07-21 17:45,4072.400,4072.800,4071.000,4071.300
2026-07-21 17:50,4071.400,4072.300,4071.200,4072.100
2026-07-21 17:55,4071.900,4073.000,4071.000,4073.000
2026-07-21 18:00,4072.900,4074.300,4072.100,4072.200
2026-07-21 18:05,4072.200,4076.300,4071.900,4076.100
2026-07-21 18:10,4075.900,4076.500,4075.400,4075.800
2026-07-21 18:15,4075.500,4078.200,4075.400,4077.500
2026-07-21 18:20,4077.300,4086.200,4076.600,4085.900
2026-07-21 18:25,4085.600,4092.500,4085.500,4088.700
2026-07-21 18:30,4088.600,4090.400,4085.800,4089.200
2026-07-21 18:35,4089.300,4090.100,4085.900,4087.200
2026-07-21 18:40,4087.400,4088.400,4086.300,4087.300
2026-07-21 18:45,4086.900,4087.400,4084.700,4085.300
2026-07-21 18:50,4085.500,4086.300,4083.900,4085.700
2026-07-21 18:55,4086.000,4087.900,4085.700,4087.000
2026-07-21 19:00,4087.000,4090.000,4087.000,4088.900
2026-07-21 19:05,4088.700,4090.300,4085.800,4085.900
2026-07-21 19:10,4086.000,4086.400,4084.700,4085.300
2026-07-21 19:15,4086.000,4088.600,4085.800,4088.100
2026-07-21 19:20,4088.300,4088.900,4086.900,4088.100
2026-07-21 19:25,4088.100,4089.700,4088.100,4088.600
2026-07-21 19:30,4088.800,4089.600,4087.400,4087.700
2026-07-21 19:35,4087.900,4087.900,4086.200,4086.700
2026-07-21 19:40,4086.700,4088.600,4086.500,4087.500
2026-07-21 19:45,4087.200,4089.400,4086.900,4088.800
2026-07-21 19:50,4088.500,4089.500,4087.500,4088.400
2026-07-21 19:55,4088.400,4089.600,4087.400,4088.600
2026-07-21 20:00,4088.600,4090.900,4087.500,4088.800
2026-07-21 20:05,4088.700,4090.400,4088.000,4089.600
2026-07-21 20:10,4089.500,4089.600,4087.800,4088.800
2026-07-21 20:15,4088.700,4088.900,4087.300,4088.400
2026-07-21 20:20,4088.000,4088.100,4085.900,4087.300
2026-07-21 20:25,4087.300,4087.300,4086.100,4086.900
2026-07-21 20:30,4087.100,4089.800,4087.100,4087.500
2026-07-21 20:35,4087.600,4087.800,4086.100,4086.200
2026-07-21 20:40,4086.400,4086.400,4084.000,4085.400
2026-07-21 20:45,4085.100,4085.400,4081.900,4082.600
2026-07-21 20:50,4082.500,4083.500,4081.800,4082.200
2026-07-21 20:55,4081.900,4082.400,4080.900,4082.200
2026-07-21 22:00,4084.700,4085.900,4082.000,4082.600
2026-07-21 22:05,4083.000,4083.700,4081.000,4081.900
2026-07-21 22:10,4082.000,4083.200,4081.300,4083.200
2026-07-21 22:15,4083.000,4084.900,4082.400,4084.300
2026-07-21 22:20,4084.300,4086.300,4084.300,4084.800
2026-07-21 22:25,4084.800,4087.400,4084.700,4086.700
2026-07-21 22:30,4086.600,4088.800,4086.500,4087.400
2026-07-21 22:35,4087.500,4089.000,4086.300,4088.400
2026-07-21 22:40,4087.700,4089.000,4087.400,4087.900
2026-07-21 22:45,4088.100,4088.300,4084.900,4085.000
2026-07-21 22:50,4085.200,4085.800,4082.000,4083.900
2026-07-21 22:55,4084.000,4085.300,4084.000,4084.600
2026-07-21 23:00,4084.400,4085.400,4083.300,4084.400
2026-07-21 23:05,4084.600,4086.100,4084.100,4085.400
2026-07-21 23:10,4085.400,4086.200,4084.400,4085.400
2026-07-21 23:15,4085.700,4086.800,4085.000,4086.400
2026-07-21 23:20,4086.700,4086.800,4085.100,4086.200
2026-07-21 23:25,4086.300,4086.700,4085.200,4085.200
2026-07-21 23:30,4085.300,4085.900,4084.700,4084.900
2026-07-21 23:35,4085.000,4086.500,4084.700,4086.100
2026-07-21 23:40,4086.100,4086.700,4083.400,4084.900
2026-07-21 23:45,4084.700,4087.400,4083.900,4085.600
2026-07-21 23:50,4085.400,4085.600,4084.800,4085.200
2026-07-21 23:55,4085.200,4085.600,4083.400,4085.200
2026-07-22 00:00,4085.500,4087.400,4081.100,4087.200
2026-07-22 00:05,4087.200,4094.900,4085.800,4092.700
2026-07-22 00:10,4092.400,4097.300,4092.400,4096.300
2026-07-22 00:15,4097.200,4102.900,4097.100,4100.100
2026-07-22 00:20,4100.300,4102.500,4097.600,4101.800
2026-07-22 00:25,4102.200,4103.600,4101.200,4103.000
2026-07-22 00:30,4103.000,4107.500,4094.900,4096.400
2026-07-22 00:35,4096.100,4102.000,4094.200,4099.600
2026-07-22 00:40,4099.100,4099.700,4096.400,4097.300
2026-07-22 00:45,4097.500,4104.300,4096.000,4101.300
2026-07-22 00:50,4101.000,4101.900,4098.200,4098.700
2026-07-22 00:55,4098.000,4102.100,4097.400,4101.600
2026-07-22 01:00,4102.300,4118.000,4100.800,4115.100
2026-07-22 01:05,4114.900,4122.200,4114.600,4120.600
2026-07-22 01:10,4120.100,4126.100,4118.300,4125.500
2026-07-22 01:15,4125.700,4126.500,4116.400,4117.500
2026-07-22 01:20,4117.000,4120.500,4116.000,4116.700
2026-07-22 01:25,4116.600,4121.200,4116.600,4120.300
2026-07-22 01:30,4119.400,4121.500,4117.300,4121.400
2026-07-22 01:35,4121.000,4126.300,4119.200,4124.100
2026-07-22 01:40,4124.300,4127.400,4122.400,4125.900
2026-07-22 01:45,4126.300,4128.400,4123.300,4124.100
2026-07-22 01:50,4123.900,4125.700,4123.000,4124.700
2026-07-22 01:55,4124.000,4127.300,4121.800,4126.000
2026-07-22 02:00,4126.400,4127.300,4123.800,4126.000
2026-07-22 02:05,4126.300,4126.300,4123.100,4125.800
2026-07-22 02:10,4125.400,4128.100,4124.800,4126.300
2026-07-22 02:15,4126.300,4129.700,4124.000,4125.200
2026-07-22 02:20,4125.000,4130.100,4124.900,4129.200
2026-07-22 02:25,4129.400,4130.500,4128.300,4128.800
2026-07-22 02:30,4128.800,4134.800,4126.600,4134.600
2026-07-22 02:35,4134.700,4134.700,4128.200,4129.300
2026-07-22 02:40,4129.300,4133.600,4128.700,4133.000
2026-07-22 02:45,4132.700,4135.300,4132.100,4132.600
2026-07-22 02:50,4132.600,4133.600,4130.700,4132.700
2026-07-22 02:55,4133.000,4135.000,4131.000,4134.700
2026-07-22 03:00,4134.800,4138.000,4133.600,4138.000
2026-07-22 03:05,4138.000,4145.000,4136.800,4142.000
2026-07-22 03:10,4142.000,4142.800,4139.500,4141.800
2026-07-22 03:15,4141.600,4144.200,4141.200,4143.400
2026-07-22 03:20,4143.000,4146.000,4142.600,4143.200
2026-07-22 03:25,4143.500,4144.300,4141.500,4142.800
2026-07-22 03:30,4142.400,4142.400,4138.800,4139.500
2026-07-22 03:35,4139.600,4140.000,4136.800,4138.300
2026-07-22 03:40,4137.600,4138.700,4136.800,4138.100
2026-07-22 03:45,4138.100,4138.700,4136.700,4137.300
2026-07-22 03:50,4136.700,4137.200,4135.100,4135.400
2026-07-22 03:55,4135.500,4136.200,4134.600,4135.500
2026-07-22 04:00,4135.100,4135.600,4131.300,4132.800
2026-07-22 04:05,4133.400,4135.200,4132.400,4132.700
2026-07-22 04:10,4132.900,4133.300,4131.000,4131.700
2026-07-22 04:15,4131.800,4134.300,4131.800,4133.000
2026-07-22 04:20,4132.500,4134.200,4132.100,4133.500
2026-07-22 04:25,4133.300,4133.600,4132.300,4133.600
2026-07-22 04:30,4133.700,4133.800,4129.400,4131.200
2026-07-22 04:35,4131.200,4131.700,4129.500,4130.900
2026-07-22 04:40,4131.400,4132.200,4131.100,4131.900
2026-07-22 04:45,4131.700,4131.800,4130.000,4130.900
2026-07-22 04:50,4130.700,4131.500,4129.800,4130.600
2026-07-22 04:55,4130.600,4132.000,4130.100,4131.800
2026-07-22 05:00,4131.600,4134.000,4130.600,4133.000
2026-07-22 05:05,4133.000,4133.800,4131.200,4131.800
2026-07-22 05:10,4132.000,4134.700,4131.600,4133.200
2026-07-22 05:15,4133.500,4133.500,4127.600,4128.500
2026-07-22 05:20,4128.500,4129.300,4127.800,4128.800
2026-07-22 05:25,4129.200,4131.000,4128.100,4128.300
2026-07-22 05:30,4127.800,4133.200,4127.500,4132.000
2026-07-22 05:35,4132.300,4138.600,4132.000,4137.000
2026-07-22 05:40,4137.100,4137.700,4134.600,4136.900
2026-07-22 05:45,4136.700,4136.700,4134.800,4136.200
2026-07-22 05:50,4136.900,4137.900,4133.600,4133.600
2026-07-22 05:55,4134.300,4136.000,4132.400,4135.500
2026-07-22 06:00,4135.400,4140.000,4135.300,4138.800
2026-07-22 06:05,4138.500,4138.500,4134.800,4135.100
2026-07-22 06:10,4135.200,4136.800,4133.700,4134.000
2026-07-22 06:15,4134.200,4136.500,4133.500,4134.800
2026-07-22 06:20,4135.000,4135.300,4128.700,4129.500
2026-07-22 06:25,4129.400,4129.400,4118.200,4121.700
2026-07-22 06:30,4122.200,4123.600,4118.900,4123.500
2026-07-22 06:35,4123.800,4124.700,4120.600,4121.100
2026-07-22 06:40,4121.500,4124.400,4121.200,4122.900
2026-07-22 06:45,4122.800,4124.900,4121.000,4121.600
2026-07-22 06:50,4121.500,4121.500,4118.200,4121.000
2026-07-22 06:55,4120.500,4121.100,4117.800,4121.000
2026-07-22 07:00,4120.800,4121.600,4116.100,4116.900
2026-07-22 07:05,4117.200,4119.600,4116.600,4117.700
2026-07-22 07:10,4117.600,4120.800,4116.800,4120.500
2026-07-22 07:15,4120.400,4123.900,4120.300,4123.300
2026-07-22 07:20,4123.400,4126.900,4122.300,4122.300
2026-07-22 07:25,4122.300,4124.300,4122.000,4124.000
2026-07-22 07:30,4124.200,4127.400,4122.500,4122.700
2026-07-22 07:35,4122.300,4122.900,4119.400,4119.600
2026-07-22 07:40,4119.300,4119.700,4115.400,4116.500
2026-07-22 07:45,4116.600,4118.100,4114.100,4114.300
2026-07-22 07:50,4114.600,4118.200,4114.000,4118.000
2026-07-22 07:55,4118.400,4118.400,4113.300,4114.600
2026-07-22 08:00,4115.000,4119.500,4114.800,4119.300
2026-07-22 08:05,4119.200,4120.800,4118.000,4118.700
2026-07-22 08:10,4119.300,4120.200,4116.600,4118.900
2026-07-22 08:15,4119.200,4120.000,4117.800,4119.000
2026-07-22 08:20,4119.600,4122.300,4119.200,4121.200
2026-07-22 08:25,4121.400,4122.100,4119.800,4121.800
2026-07-22 08:30,4121.800,4123.800,4120.800,4122.400
2026-07-22 08:35,4123.000,4123.100,4121.000,4121.100
2026-07-22 08:40,4121.200,4121.700,4118.500,4118.800
2026-07-22 08:45,4119.100,4120.800,4117.700,4118.800
2026-07-22 08:50,4118.900,4122.000,4118.300,4121.800
2026-07-22 08:55,4122.200,4124.400,4121.800,4122.300
2026-07-22 09:00,4122.600,4125.000,4122.100,4124.000
2026-07-22 09:05,4124.000,4126.500,4122.200,4124.200
2026-07-22 09:10,4124.000,4126.500,4123.700,4125.800
2026-07-22 09:15,4126.100,4126.400,4123.900,4126.200
2026-07-22 09:20,4126.200,4126.600,4123.500,4124.900
2026-07-22 09:25,4125.300,4125.300,4121.700,4122.600
2026-07-22 09:30,4122.900,4125.800,4120.500,4121.500
2026-07-22 09:35,4121.500,4123.000,4118.400,4118.800
2026-07-22 09:40,4118.600,4123.200,4118.600,4120.500
2026-07-22 09:45,4120.400,4121.700,4119.900,4121.100
2026-07-22 09:50,4121.300,4121.900,4117.500,4119.400
2026-07-22 09:55,4119.600,4122.200,4118.600,4118.800
2026-07-22 10:00,4119.200,4124.800,4119.200,4120.700
2026-07-22 10:05,4120.600,4122.400,4120.500,4120.600
2026-07-22 10:10,4120.700,4122.500,4120.700,4121.800
2026-07-22 10:15,4122.000,4123.400,4120.600,4122.200
2026-07-22 10:20,4122.000,4126.000,4121.800,4125.500
2026-07-22 10:25,4126.000,4126.100,4123.200,4123.500
2026-07-22 10:30,4123.500,4124.100,4122.100,4123.200
2026-07-22 10:35,4123.300,4123.300,4120.800,4121.100
2026-07-22 10:40,4120.800,4121.800,4119.900,4121.200
2026-07-22 10:45,4120.400,4123.200,4120.400,4123.000
2026-07-22 10:50,4123.200,4124.500,4122.100,4122.700
2026-07-22 10:55,4122.300,4122.300,4120.400,4121.200
2026-07-22 11:00,4121.800,4122.400,4119.300,4121.300
2026-07-22 11:05,4121.100,4123.200,4120.400,4123.200
2026-07-22 11:10,4123.100,4125.800,4122.100,4123.400
2026-07-22 11:15,4123.400,4127.500,4122.900,4125.600
2026-07-22 11:20,4125.400,4127.100,4124.900,4125.000
2026-07-22 11:25,4125.200,4125.500,4122.200,4123.200
2026-07-22 11:30,4123.300,4125.700,4122.900,4124.700
2026-07-22 11:35,4124.200,4124.200,4121.900,4122.900
2026-07-22 11:40,4123.500,4123.600,4117.200,4119.800
2026-07-22 11:45,4119.500,4125.100,4119.500,4124.900
2026-07-22 11:50,4124.800,4126.300,4122.900,4124.400
2026-07-22 11:55,4124.500,4127.900,4124.000,4127.400
2026-07-22 12:00,4127.500,4131.200,4126.300,4130.000
2026-07-22 12:05,4129.800,4132.200,4128.200,4129.700
2026-07-22 12:10,4129.700,4132.500,4128.300,4132.000
2026-07-22 12:15,4132.500,4132.800,4129.800,4130.800
2026-07-22 12:20,4130.800,4135.200,4130.200,4134.400
2026-07-22 12:25,4134.700,4138.000,4133.300,4137.500
2026-07-22 12:30,4137.800,4139.500,4132.300,4132.400
2026-07-22 12:35,4132.500,4133.200,4129.600,4131.800
2026-07-22 12:40,4131.900,4133.400,4130.300,4132.200
2026-07-22 12:45,4132.000,4132.300,4123.200,4123.700
2026-07-22 12:50,4123.400,4124.200,4121.200,4122.300
2026-07-22 12:55,4122.300,4123.000,4110.400,4117.000
2026-07-22 13:00,4117.100,4124.600,4117.000,4123.400
2026-07-22 13:05,4123.300,4125.600,4121.800,4125.600
2026-07-22 13:10,4125.200,4130.100,4124.700,4130.000
2026-07-22 13:15,4129.800,4135.900,4129.000,4135.100
2026-07-22 13:20,4135.100,4138.700,4133.100,4138.100
2026-07-22 13:25,4138.500,4139.800,4135.800,4136.500
2026-07-22 13:30,4136.800,4152.100,4136.800,4147.300
2026-07-22 13:35,4147.500,4151.000,4143.200,4149.800
2026-07-22 13:40,4149.500,4151.100,4146.000,4147.400
2026-07-22 13:45,4148.000,4156.500,4147.900,4151.700
2026-07-22 13:50,4151.800,4153.600,4149.000,4150.500
2026-07-22 13:55,4150.800,4161.500,4149.700,4160.000
2026-07-22 14:00,4159.800,4168.800,4158.700,4162.000
2026-07-22 14:05,4162.100,4164.300,4158.600,4161.800
2026-07-22 14:10,4161.700,4164.100,4160.400,4161.700
2026-07-22 14:15,4161.800,4161.800,4153.200,4153.700
2026-07-22 14:20,4153.700,4157.800,4153.200,4154.600
2026-07-22 14:25,4154.700,4155.200,4149.100,4151.100
2026-07-22 14:30,4151.200,4157.500,4150.900,4155.700
2026-07-22 14:35,4155.600,4157.000,4153.700,4156.600
2026-07-22 14:40,4156.800,4158.200,4152.400,4155.700
2026-07-22 14:45,4156.000,4157.800,4150.600,4153.000
2026-07-22 14:50,4152.900,4153.700,4151.000,4152.800
2026-07-22 14:55,4152.500,4154.800,4148.600,4153.400
2026-07-22 15:00,4153.500,4159.900,4153.400,4159.600
2026-07-22 15:05,4159.400,4161.400,4158.700,4159.600
2026-07-22 15:10,4159.600,4163.500,4158.900,4162.500
2026-07-22 15:15,4162.400,4162.700,4158.100,4159.900
2026-07-22 15:20,4160.100,4166.600,4159.400,4165.000
2026-07-22 15:25,4164.600,4165.400,4161.500,4162.200
2026-07-22 15:30,4162.300,4163.600,4161.200,4162.000
2026-07-22 15:35,4161.900,4164.000,4160.700,4162.400
2026-07-22 15:40,4162.500,4166.100,4162.300,4165.200
2026-07-22 15:45,4165.100,4170.300,4163.500,4169.400
2026-07-22 15:50,4169.600,4171.400,4167.400,4167.600
2026-07-22 15:55,4167.500,4167.500,4163.200,4164.100
2026-07-22 16:00,4164.400,4164.500,4161.000,4162.000
2026-07-22 16:05,4161.900,4164.300,4161.100,4161.500
2026-07-22 16:10,4161.500,4161.500,4158.200,4159.500
2026-07-22 16:15,4159.600,4160.400,4156.000,4160.100
2026-07-22 16:20,4160.000,4160.700,4156.900,4157.200
2026-07-22 16:25,4157.600,4157.600,4153.100,4154.500
2026-07-22 16:30,4154.600,4156.000,4151.700,4152.000
2026-07-22 16:35,4152.100,4154.700,4150.100,4153.800
2026-07-22 16:40,4154.200,4157.300,4152.100,4152.600
2026-07-22 16:45,4153.100,4154.000,4151.600,4152.700
2026-07-22 16:50,4153.000,4153.200,4150.100,4152.600
2026-07-22 16:55,4152.300,4154.900,4151.700,4152.800
2026-07-22 17:00,4152.800,4153.600,4150.200,4152.800
2026-07-22 17:05,4153.000,4153.200,4148.800,4149.700
2026-07-22 17:10,4150.100,4151.800,4148.800,4151.000
2026-07-22 17:15,4151.000,4151.600,4148.500,4148.800
2026-07-22 17:20,4148.700,4151.300,4148.500,4149.400
2026-07-22 17:25,4149.200,4152.900,4148.900,4151.600
2026-07-22 17:30,4151.600,4153.100,4149.800,4150.700
2026-07-22 17:35,4150.600,4151.600,4144.400,4144.900
2026-07-22 17:40,4144.800,4147.100,4143.800,4146.300
2026-07-22 17:45,4146.400,4149.200,4145.900,4148.800
2026-07-22 17:50,4148.900,4149.600,4147.800,4148.400
2026-07-22 17:55,4148.200,4149.000,4146.900,4148.100
2026-07-22 18:00,4147.900,4148.400,4142.500,4143.300
2026-07-22 18:05,4143.100,4147.000,4143.100,4145.000
2026-07-22 18:10,4144.700,4146.300,4143.000,4143.600
2026-07-22 18:15,4143.400,4144.600,4142.100,4144.600
2026-07-22 18:20,4144.300,4145.200,4140.400,4142.100
2026-07-22 18:25,4142.300,4142.300,4140.200,4140.400
2026-07-22 18:30,4140.900,4141.000,4137.500,4138.300
2026-07-22 18:35,4138.300,4141.500,4137.800,4141.000
2026-07-22 18:40,4141.200,4141.700,4139.000,4141.400
2026-07-22 18:45,4141.100,4143.700,4140.600,4142.800
2026-07-22 18:50,4143.000,4144.300,4142.900,4143.000
2026-07-22 18:55,4142.800,4143.600,4141.300,4141.800
2026-07-22 19:00,4141.400,4141.500,4138.200,4140.300
2026-07-22 19:05,4140.700,4142.500,4140.600,4141.100
2026-07-22 19:10,4141.100,4141.100,4139.600,4139.600
2026-07-22 19:15,4139.600,4141.000,4138.900,4139.500
2026-07-22 19:20,4140.000,4140.500,4137.100,4139.900
2026-07-22 19:25,4139.800,4140.500,4138.000,4140.000
2026-07-22 19:30,4139.600,4141.600,4138.000,4141.000
2026-07-22 19:35,4140.900,4141.500,4138.900,4139.600
2026-07-22 19:40,4139.500,4141.300,4139.000,4139.100
2026-07-22 19:45,4139.200,4140.200,4138.300,4139.800
2026-07-22 19:50,4140.400,4140.600,4133.900,4135.600
2026-07-22 19:55,4135.600,4137.800,4134.600,4136.400
2026-07-22 20:00,4136.400,4140.000,4135.100,4135.900
2026-07-22 20:05,4135.800,4139.200,4135.600,4138.400
2026-07-22 20:10,4138.100,4140.200,4137.000,4139.600
2026-07-22 20:15,4139.400,4141.200,4138.900,4140.400
2026-07-22 20:20,4140.400,4141.500,4139.200,4141.500
2026-07-22 20:25,4141.500,4142.800,4141.400,4141.700
2026-07-22 20:30,4141.000,4142.400,4140.500,4140.500
2026-07-22 20:35,4140.200,4140.200,4138.500,4139.200
2026-07-22 20:40,4139.400,4140.600,4135.700,4135.800
2026-07-22 20:45,4135.700,4136.100,4133.200,4135.200
2026-07-22 20:50,4134.900,4135.000,4133.300,4134.100
2026-07-22 20:55,4134.000,4135.400,4133.800,4135.000
2026-07-22 22:00,4126.000,4129.700,4074.600,4123.600
2026-07-22 22:05,4123.100,4129.000,4122.500,4125.900
2026-07-22 22:10,4125.600,4126.900,4123.800,4126.900
2026-07-22 22:15,4127.000,4128.200,4123.200,4127.300
2026-07-22 22:20,4126.700,4129.000,4125.000,4125.800
2026-07-22 22:25,4126.400,4132.200,4125.700,4131.300
2026-07-22 22:30,4131.800,4133.000,4128.500,4128.500
2026-07-22 22:35,4128.200,4130.800,4127.200,4128.600
2026-07-22 22:40,4128.000,4128.700,4122.700,4124.400
2026-07-22 22:45,4124.200,4128.600,4123.200,4127.400
2026-07-22 22:50,4127.400,4129.000,4123.800,4126.500
2026-07-22 22:55,4126.700,4129.900,4123.600,4124.700
2026-07-22 23:00,4125.100,4126.400,4120.400,4121.500
2026-07-22 23:05,4122.000,4122.500,4118.900,4120.900
2026-07-22 23:10,4121.100,4127.400,4119.100,4126.600
2026-07-22 23:15,4126.300,4126.600,4122.300,4122.900
2026-07-22 23:20,4123.000,4124.600,4122.300,4123.100
2026-07-22 23:25,4123.400,4125.100,4121.700,4122.700
2026-07-22 23:30,4122.300,4125.200,4121.600,4123.200
2026-07-22 23:35,4122.800,4126.100,4122.800,4124.100
2026-07-22 23:40,4124.000,4127.000,4123.700,4126.200
2026-07-22 23:45,4126.100,4134.400,4125.400,4132.700
2026-07-22 23:50,4132.800,4134.400,4131.300,4134.300
2026-07-22 23:55,4133.800,4137.100,4133.600,4135.800
2026-07-23 00:00,4136.800,4137.200,4130.900,4133.300
2026-07-23 00:05,4133.800,4133.800,4130.000,4131.700
2026-07-23 00:10,4131.100,4131.300,4129.000,4129.900
2026-07-23 00:15,4131.000,4132.000,4129.900,4131.100
2026-07-23 00:20,4131.500,4136.000,4130.700,4135.900
2026-07-23 00:25,4136.000,4138.000,4132.000,4132.000
2026-07-23 00:30,4132.000,4134.500,4131.200,4132.800
2026-07-23 00:35,4133.100,4135.200,4130.800,4131.300
2026-07-23 00:40,4131.300,4132.200,4130.000,4130.800
2026-07-23 00:45,4130.700,4133.200,4130.000,4130.200
2026-07-23 00:50,4130.300,4132.300,4128.400,4132.100
2026-07-23 00:55,4132.300,4136.900,4130.600,4135.300
2026-07-23 01:00,4135.200,4142.700,4133.200,4136.100
2026-07-23 01:05,4136.200,4137.900,4133.300,4136.500
2026-07-23 01:10,4136.600,4140.200,4135.200,4137.400
2026-07-23 01:15,4137.200,4140.800,4136.800,4138.500
2026-07-23 01:20,4138.800,4142.900,4138.000,4141.000
2026-07-23 01:25,4140.800,4144.000,4139.300,4140.200
2026-07-23 01:30,4140.500,4141.900,4131.800,4136.200
2026-07-23 01:35,4136.500,4136.500,4125.400,4125.600
2026-07-23 01:40,4125.900,4130.100,4124.200,4124.200
2026-07-23 01:45,4124.200,4126.000,4119.500,4124.000
2026-07-23 01:50,4123.700,4125.100,4120.500,4121.100
2026-07-23 01:55,4120.700,4121.800,4116.700,4120.500
2026-07-23 02:00,4120.100,4121.400,4115.500,4115.900
2026-07-23 02:05,4116.500,4119.600,4114.700,4116.900
2026-07-23 02:10,4116.500,4120.700,4116.500,4119.800
2026-07-23 02:15,4120.100,4120.600,4115.600,4117.300
2026-07-23 02:20,4117.200,4119.500,4116.200,4118.500
2026-07-23 02:25,4118.700,4119.300,4116.500,4118.400
2026-07-23 02:30,4118.300,4122.000,4116.100,4119.000
2026-07-23 02:35,4118.900,4121.200,4116.800,4121.200
2026-07-23 02:40,4121.500,4124.900,4120.300,4124.600
2026-07-23 02:45,4124.800,4128.000,4124.800,4125.200
2026-07-23 02:50,4125.300,4131.200,4124.000,4128.100
2026-07-23 02:55,4127.800,4131.300,4127.700,4130.800
2026-07-23 03:00,4130.900,4131.700,4128.500,4129.000
2026-07-23 03:05,4128.600,4130.300,4126.600,4127.600
2026-07-23 03:10,4127.900,4130.000,4126.600,4129.700
2026-07-23 03:15,4129.900,4133.500,4129.200,4133.200
2026-07-23 03:20,4133.300,4135.600,4133.100,4135.000
2026-07-23 03:25,4134.700,4134.900,4131.800,4132.200
2026-07-23 03:30,4132.800,4132.800,4130.700,4132.700
2026-07-23 03:35,4132.600,4133.800,4131.200,4131.800
2026-07-23 03:40,4132.300,4133.100,4128.700,4131.400
2026-07-23 03:45,4131.100,4131.100,4127.700,4128.300
2026-07-23 03:50,4128.100,4128.600,4127.500,4128.500
2026-07-23 03:55,4128.200,4128.700,4127.200,4127.600
2026-07-23 04:00,4127.700,4127.700,4125.200,4126.100
2026-07-23 04:05,4126.100,4128.200,4124.800,4127.700
2026-07-23 04:10,4127.700,4130.000,4126.400,4129.900
2026-07-23 04:15,4130.600,4130.600,4127.600,4128.200
2026-07-23 04:20,4128.000,4131.700,4128.000,4130.600
2026-07-23 04:25,4130.700,4132.500,4129.800,4132.500
2026-07-23 04:30,4132.300,4132.900,4128.100,4129.600
2026-07-23 04:35,4129.500,4130.000,4128.500,4128.500
2026-07-23 04:40,4128.200,4128.200,4125.500,4125.800
2026-07-23 04:45,4125.500,4126.600,4124.000,4124.600
2026-07-23 04:50,4124.500,4125.000,4122.600,4123.200
2026-07-23 04:55,4123.500,4124.200,4122.500,4123.800
2026-07-23 05:00,4124.000,4125.200,4121.600,4123.100
2026-07-23 05:05,4123.300,4126.800,4123.100,4126.500
2026-07-23 05:10,4126.400,4127.500,4125.900,4127.100
2026-07-23 05:15,4126.900,4126.900,4123.700,4123.700
2026-07-23 05:20,4124.100,4125.500,4122.400,4124.200
2026-07-23 05:25,4124.200,4128.000,4124.000,4128.000
2026-07-23 05:30,4128.300,4131.300,4126.000,4130.100
2026-07-23 05:35,4130.300,4131.100,4129.100,4129.300
2026-07-23 05:40,4129.000,4130.300,4127.000,4130.300
2026-07-23 05:45,4130.400,4133.400,4129.100,4129.600
2026-07-23 05:50,4129.200,4130.000,4126.700,4128.000
2026-07-23 05:55,4128.200,4128.300,4123.300,4126.900
2026-07-23 06:00,4127.100,4131.000,4126.200,4126.700
2026-07-23 06:05,4127.000,4127.500,4124.000,4125.400
2026-07-23 06:10,4126.300,4126.900,4124.800,4126.300
2026-07-23 06:15,4126.100,4130.500,4125.400,4129.600
2026-07-23 06:20,4129.500,4129.900,4126.200,4127.700
2026-07-23 06:25,4127.600,4127.800,4124.000,4124.900
2026-07-23 06:30,4124.800,4126.000,4123.300,4125.000
2026-07-23 06:35,4124.900,4126.700,4123.900,4123.900
2026-07-23 06:40,4123.100,4124.400,4119.500,4122.500
2026-07-23 06:45,4122.400,4125.100,4121.900,4125.100
2026-07-23 06:50,4124.300,4125.100,4122.800,4123.200
2026-07-23 06:55,4122.900,4123.300,4120.500,4121.600
2026-07-23 07:00,4121.300,4122.200,4117.000,4117.800
2026-07-23 07:05,4118.300,4119.200,4112.500,4113.300
2026-07-23 07:10,4113.100,4113.100,4104.900,4109.600
2026-07-23 07:15,4109.400,4114.900,4109.400,4112.100
2026-07-23 07:20,4112.000,4112.600,4108.100,4108.600
2026-07-23 07:25,4108.300,4113.400,4108.300,4111.200
2026-07-23 07:30,4111.400,4111.500,4105.000,4107.700
2026-07-23 07:35,4108.000,4108.800,4102.500,4103.700
2026-07-23 07:40,4103.400,4105.000,4094.300,4098.500
2026-07-23 07:45,4098.600,4099.800,4094.100,4096.100
2026-07-23 07:50,4095.600,4098.300,4093.000,4096.900
2026-07-23 07:55,4096.300,4100.000,4095.300,4098.300
2026-07-23 08:00,4098.500,4100.400,4093.100,4095.900
2026-07-23 08:05,4095.600,4099.600,4095.600,4099.000
2026-07-23 08:10,4099.500,4100.700,4092.900,4094.100
2026-07-23 08:15,4094.500,4095.400,4092.300,4092.700
2026-07-23 08:20,4092.300,4094.100,4091.100,4093.600
2026-07-23 08:25,4093.400,4094.900,4091.500,4094.400
2026-07-23 08:30,4094.100,4096.400,4092.400,4095.600
2026-07-23 08:35,4095.400,4096.700,4093.900,4094.900
2026-07-23 08:40,4094.400,4095.400,4091.000,4095.300
2026-07-23 08:45,4095.100,4095.100,4089.700,4092.200
2026-07-23 08:50,4092.500,4095.600,4091.400,4095.600
2026-07-23 08:55,4095.700,4097.400,4095.500,4096.000
2026-07-23 09:00,4095.900,4102.400,4095.300,4101.900
2026-07-23 09:05,4101.200,4101.900,4099.400,4100.000
2026-07-23 09:10,4099.700,4101.400,4096.900,4097.700
2026-07-23 09:15,4097.500,4099.700,4096.800,4099.700
2026-07-23 09:20,4099.300,4099.300,4095.500,4095.800
2026-07-23 09:25,4096.200,4096.700,4092.200,4093.900
2026-07-23 09:30,4094.200,4095.300,4091.300,4095.300
2026-07-23 09:35,4095.000,4095.800,4094.000,4095.000
2026-07-23 09:40,4094.900,4096.500,4093.600,4095.000
2026-07-23 09:45,4095.300,4097.500,4094.800,4096.400
2026-07-23 09:50,4096.500,4097.100,4092.900,4096.200
2026-07-23 09:55,4096.200,4096.200,4091.500,4093.200
2026-07-23 10:00,4093.200,4094.700,4091.400,4093.800
2026-07-23 10:05,4093.900,4094.600,4091.000,4092.000
2026-07-23 10:10,4091.700,4094.700,4091.400,4093.800
2026-07-23 10:15,4094.100,4096.000,4092.000,4092.100
2026-07-23 10:20,4091.700,4092.500,4088.700,4090.700
2026-07-23 10:25,4090.700,4093.700,4090.700,4093.300
2026-07-23 10:30,4092.900,4096.000,4089.800,4090.400
2026-07-23 10:35,4090.500,4093.400,4090.300,4093.300
2026-07-23 10:40,4092.800,4093.200,4090.200,4092.500
2026-07-23 10:45,4092.400,4097.000,4090.400,4096.400
2026-07-23 10:50,4096.800,4097.700,4095.100,4097.600
2026-07-23 10:55,4097.400,4098.600,4095.400,4096.700
2026-07-23 11:00,4096.600,4097.400,4093.800,4095.100
2026-07-23 11:05,4094.200,4094.700,4091.700,4092.000
2026-07-23 11:10,4091.700,4092.800,4090.100,4090.700
2026-07-23 11:15,4091.100,4092.200,4087.300,4088.600
2026-07-23 11:20,4088.500,4090.200,4083.800,4087.000
2026-07-23 11:25,4087.000,4088.100,4084.500,4087.100
2026-07-23 11:30,4087.100,4087.100,4082.500,4083.700
2026-07-23 11:35,4083.200,4086.100,4082.000,4082.200
2026-07-23 11:40,4082.000,4082.500,4075.700,4081.400
2026-07-23 11:45,4081.400,4085.000,4080.600,4084.500
2026-07-23 11:50,4084.800,4092.500,4084.700,4087.300
2026-07-23 11:55,4087.200,4089.300,4086.000,4088.900
2026-07-23 12:00,4088.400,4089.000,4085.200,4086.300
2026-07-23 12:05,4086.400,4088.300,4084.500,4086.000
2026-07-23 12:10,4086.100,4088.200,4083.700,4084.400
2026-07-23 12:15,4084.400,4085.900,4075.000,4081.100
2026-07-23 12:20,4080.500,4081.200,4072.800,4075.000
2026-07-23 12:25,4075.000,4080.000,4073.700,4077.600
2026-07-23 12:30,4076.800,4077.900,4070.500,4077.200
2026-07-23 12:35,4077.300,4077.500,4066.500,4075.900
2026-07-23 12:40,4075.500,4076.000,4068.700,4071.500
2026-07-23 12:45,4071.600,4072.000,4065.800,4068.800
2026-07-23 12:50,4068.600,4071.000,4064.500,4067.200
2026-07-23 12:55,4067.000,4069.600,4063.600,4064.600
2026-07-23 13:00,4064.200,4066.400,4056.700,4058.300
2026-07-23 13:05,4058.100,4059.700,4047.000,4049.600
2026-07-23 13:10,4049.500,4049.600,4042.600,4043.000
2026-07-23 13:15,4042.900,4052.000,4042.600,4051.100
2026-07-23 13:20,4051.000,4057.700,4050.600,4053.700
2026-07-23 13:25,4054.100,4061.400,4054.100,4061.100
2026-07-23 13:30,4060.900,4070.100,4060.700,4066.600
2026-07-23 13:35,4066.000,4067.500,4058.600,4059.700
2026-07-23 13:40,4059.800,4065.300,4058.500,4059.300
2026-07-23 13:45,4059.500,4060.100,4052.800,4055.600
2026-07-23 13:50,4055.800,4061.800,4054.700,4059.300
2026-07-23 13:55,4059.000,4060.700,4045.300,4045.800
2026-07-23 14:00,4046.100,4053.300,4045.400,4046.500
2026-07-23 14:05,4046.500,4049.000,4042.500,4048.300
2026-07-23 14:10,4048.300,4054.300,4044.600,4051.000
2026-07-23 14:15,4050.600,4053.200,4045.500,4047.300
2026-07-23 14:20,4046.900,4055.300,4046.000,4055.100
2026-07-23 14:25,4055.000,4060.200,4054.100,4059.600
2026-07-23 14:30,4059.600,4061.000,4054.800,4057.400
2026-07-23 14:35,4057.800,4064.100,4054.400,4062.200
2026-07-23 14:40,4062.200,4063.000,4058.900,4060.100
2026-07-23 14:45,4060.000,4064.700,4059.000,4061.900
2026-07-23 14:50,4061.900,4063.300,4059.700,4060.000
2026-07-23 14:55,4059.700,4063.100,4059.600,4061.100
2026-07-23 15:00,4061.500,4062.600,4058.400,4059.200
2026-07-23 15:05,4059.500,4060.600,4054.200,4054.700
2026-07-23 15:10,4054.700,4057.000,4052.300,4054.700
2026-07-23 15:15,4054.000,4059.400,4053.000,4055.400
2026-07-23 15:20,4055.600,4056.300,4048.000,4053.000
2026-07-23 15:25,4053.100,4053.100,4049.200,4049.700
2026-07-23 15:30,4049.500,4049.900,4045.000,4048.300
2026-07-23 15:35,4048.600,4053.900,4048.400,4052.100
2026-07-23 15:40,4052.100,4056.000,4050.700,4050.900
2026-07-23 15:45,4050.600,4053.800,4049.900,4052.300
2026-07-23 15:50,4051.600,4053.800,4049.500,4053.000
2026-07-23 15:55,4053.200,4053.600,4049.300,4051.200
2026-07-23 16:00,4051.500,4053.800,4051.000,4051.300
2026-07-23 16:05,4051.300,4053.000,4050.000,4051.300
2026-07-23 16:10,4051.100,4053.500,4050.500,4053.100
2026-07-23 16:15,4052.800,4053.600,4048.600,4049.200
2026-07-23 16:20,4049.300,4054.600,4049.200,4051.200
2026-07-23 16:25,4051.600,4054.600,4051.300,4053.200
2026-07-23 16:30,4053.000,4053.800,4050.700,4051.100
2026-07-23 16:35,4051.200,4053.700,4049.800,4053.300
2026-07-23 16:40,4053.500,4054.100,4052.000,4052.600
2026-07-23 16:45,4052.700,4054.200,4051.900,4052.000
2026-07-23 16:50,4051.900,4052.700,4051.000,4051.700
2026-07-23 16:55,4052.400,4054.600,4052.400,4054.300
2026-07-23 17:00,4054.500,4057.500,4053.500,4054.600
2026-07-23 17:05,4054.800,4056.200,4049.600,4051.000
2026-07-23 17:10,4051.100,4052.500,4049.800,4050.000
2026-07-23 17:15,4050.200,4052.500,4048.800,4049.200
2026-07-23 17:20,4049.400,4053.400,4049.400,4051.400
2026-07-23 17:25,4051.200,4052.500,4049.100,4049.700
2026-07-23 17:30,4049.900,4051.800,4049.300,4050.000
2026-07-23 17:35,4049.800,4050.100,4046.600,4047.300
2026-07-23 17:40,4047.200,4047.900,4044.300,4045.400
2026-07-23 17:45,4045.300,4046.800,4044.500,4046.600
2026-07-23 17:50,4046.300,4046.700,4044.400,4045.500
2026-07-23 17:55,4045.400,4046.000,4043.900,4043.900
2026-07-23 18:00,4044.400,4045.700,4042.500,4044.100
2026-07-23 18:05,4043.800,4046.800,4042.900,4045.800
2026-07-23 18:10,4045.700,4046.300,4043.800,4044.100
2026-07-23 18:15,4044.000,4047.100,4042.800,4045.400
2026-07-23 18:20,4045.500,4045.700,4042.600,4044.100
2026-07-23 18:25,4044.000,4047.600,4043.200,4047.200
2026-07-23 18:30,4046.800,4050.600,4046.800,4047.800
2026-07-23 18:35,4047.800,4049.300,4047.000,4047.600
2026-07-23 18:40,4047.500,4049.200,4047.300,4048.900
2026-07-23 18:45,4049.000,4050.800,4048.900,4049.600
2026-07-23 18:50,4049.600,4049.600,4048.400,4048.600
2026-07-23 18:55,4048.500,4049.700,4047.100,4048.800
2026-07-23 19:00,4049.200,4051.400,4047.500,4047.900
2026-07-23 19:05,4048.000,4048.900,4046.100,4046.100
2026-07-23 19:10,4046.200,4046.900,4045.300,4045.600
2026-07-23 19:15,4045.500,4048.200,4045.500,4047.500
2026-07-23 19:20,4047.500,4050.600,4047.300,4050.100
2026-07-23 19:25,4050.300,4051.500,4049.000,4050.100
2026-07-23 19:30,4050.400,4053.100,4047.800,4049.700
2026-07-23 19:35,4049.300,4050.400,4049.000,4050.200
2026-07-23 19:40,4050.100,4050.200,4048.000,4048.100
2026-07-23 19:45,4048.100,4049.200,4047.000,4047.900
2026-07-23 19:50,4048.200,4052.400,4048.200,4052.200
2026-07-23 19:55,4052.600,4053.300,4051.600,4052.100
2026-07-23 20:00,4051.900,4053.600,4051.000,4051.000
2026-07-23 20:05,4051.400,4052.300,4050.600,4050.600
2026-07-23 20:10,4051.000,4052.500,4051.000,4051.800
2026-07-23 20:15,4051.800,4052.000,4050.300,4051.100
2026-07-23 20:20,4051.000,4051.500,4049.800,4051.300
2026-07-23 20:25,4051.500,4053.400,4051.300,4052.600
2026-07-23 20:30,4052.900,4053.000,4051.500,4052.100
2026-07-23 20:35,4052.200,4053.200,4052.100,4052.700
2026-07-23 20:40,4052.500,4052.500,4051.300,4052.200
2026-07-23 20:45,4052.100,4052.400,4051.100,4052.100
2026-07-23 20:50,4052.100,4052.100,4049.900,4050.500
2026-07-23 20:55,4051.900,4052.500,4051.400,4052.300
2026-07-23 22:00,4053.400,4053.500,4050.200,4050.500
2026-07-23 22:05,4050.900,4053.000,4050.400,4051.100
2026-07-23 22:10,4051.300,4051.300,4051.000,4051.000
2026-07-23 22:15,4051.400,4052.100,4051.200,4052.000
2026-07-23 22:20,4052.300,4052.800,4051.700,4052.500
2026-07-23 22:25,4052.100,4052.500,4051.500,4052.300
2026-07-23 22:30,4051.900,4052.700,4051.900,4052.400
2026-07-23 22:35,4052.600,4052.900,4051.800,4052.200
2026-07-23 22:40,4052.100,4052.500,4051.100,4051.600
2026-07-23 22:45,4051.700,4052.300,4050.800,4051.100
2026-07-23 22:50,4051.200,4052.800,4051.200,4052.300
2026-07-23 22:55,4052.500,4052.800,4051.000,4052.000
2026-07-23 23:00,4052.200,4052.400,4051.100,4051.100
2026-07-23 23:05,4051.300,4051.500,4049.900,4050.400
2026-07-23 23:10,4050.500,4051.100,4049.600,4051.100
2026-07-23 23:15,4051.000,4051.700,4049.600,4049.600
2026-07-23 23:20,4049.500,4051.600,4049.500,4051.600
2026-07-23 23:25,4051.700,4052.300,4051.000,4051.700
2026-07-23 23:30,4051.700,4053.800,4051.300,4053.000
2026-07-23 23:35,4052.800,4053.000,4050.800,4050.800
2026-07-23 23:40,4050.800,4051.200,4049.600,4051.000
2026-07-23 23:45,4050.600,4052.200,4049.500,4051.300
2026-07-23 23:50,4051.200,4051.600,4049.700,4050.000
2026-07-23 23:55,4049.800,4050.600,4048.800,4049.400
2026-07-24 00:00,4049.800,4052.300,4049.400,4049.400
2026-07-24 00:05,4049.000,4049.300,4047.000,4047.500
2026-07-24 00:10,4047.900,4048.800,4043.200,4043.500
2026-07-24 00:15,4044.000,4047.500,4043.500,4045.300
2026-07-24 00:20,4046.100,4050.300,4045.300,4048.700
2026-07-24 00:25,4048.800,4049.200,4046.400,4048.300
2026-07-24 00:30,4049.400,4049.800,4047.200,4048.300
2026-07-24 00:35,4049.100,4052.100,4047.500,4050.700
2026-07-24 00:40,4051.100,4052.700,4050.200,4052.200
2026-07-24 00:45,4051.900,4053.300,4051.300,4051.300
2026-07-24 00:50,4051.600,4052.500,4050.800,4051.600
2026-07-24 00:55,4051.900,4054.100,4051.200,4052.400
2026-07-24 01:00,4052.900,4053.100,4041.900,4046.800
2026-07-24 01:05,4046.100,4047.000,4044.400,4045.600
2026-07-24 01:10,4045.700,4047.000,4042.400,4044.700
2026-07-24 01:15,4044.800,4048.300,4043.700,4046.800
2026-07-24 01:20,4046.300,4047.700,4044.500,4047.600
2026-07-24 01:25,4047.600,4048.300,4045.000,4045.000
2026-07-24 01:30,4044.900,4047.300,4043.700,4046.700
2026-07-24 01:35,4046.000,4047.000,4044.500,4045.700
2026-07-24 01:40,4047.000,4053.300,4046.500,4052.600
2026-07-24 01:45,4052.500,4052.900,4050.200,4050.600
2026-07-24 01:50,4050.200,4050.200,4047.200,4049.200
2026-07-24 01:55,4048.900,4049.000,4043.600,4046.000
2026-07-24 02:00,4045.900,4047.700,4044.600,4045.100
2026-07-24 02:05,4044.500,4047.200,4043.300,4047.200
2026-07-24 02:10,4046.900,4048.100,4046.500,4047.700
2026-07-24 02:15,4047.700,4048.400,4046.900,4047.100
2026-07-24 02:20,4047.000,4048.600,4044.800,4048.600
2026-07-24 02:25,4048.700,4051.000,4048.000,4048.800
2026-07-24 02:30,4049.200,4050.500,4045.900,4046.300
2026-07-24 02:35,4046.600,4047.000,4043.200,4044.400
2026-07-24 02:40,4044.500,4045.900,4043.000,4043.600
2026-07-24 02:45,4043.400,4043.600,4028.400,4028.800
2026-07-24 02:50,4028.800,4032.900,4027.400,4027.700
2026-07-24 02:55,4027.900,4029.900,4025.300,4026.700
2026-07-24 03:00,4027.100,4029.800,4025.400,4029.100
2026-07-24 03:05,4028.900,4031.300,4028.900,4029.000
2026-07-24 03:10,4030.000,4034.800,4028.400,4034.600
2026-07-24 03:15,4034.100,4036.100,4031.600,4031.600
2026-07-24 03:20,4031.400,4034.200,4030.800,4032.700
2026-07-24 03:25,4032.700,4033.400,4031.000,4032.500
2026-07-24 03:30,4033.300,4035.400,4033.000,4033.900
2026-07-24 03:35,4034.700,4035.200,4033.200,4033.900
2026-07-24 03:40,4034.200,4035.000,4033.200,4034.100
2026-07-24 03:45,4033.600,4034.500,4032.300,4034.500
2026-07-24 03:50,4033.800,4034.400,4032.800,4032.900
2026-07-24 03:55,4031.900,4032.200,4030.400,4031.100
2026-07-24 04:00,4031.300,4031.900,4029.900,4031.400
2026-07-24 04:05,4031.800,4032.500,4030.500,4031.500
2026-07-24 04:10,4031.000,4031.300,4029.500,4030.500
2026-07-24 04:15,4030.500,4031.200,4029.800,4030.200
2026-07-24 04:20,4030.700,4032.300,4030.300,4031.300
2026-07-24 04:25,4031.400,4032.700,4031.400,4032.100
2026-07-24 04:30,4032.300,4032.900,4031.200,4031.300
2026-07-24 04:35,4031.800,4032.500,4029.200,4029.400
2026-07-24 04:40,4029.500,4029.600,4028.200,4029.000
2026-07-24 04:45,4029.300,4029.500,4027.800,4029.300
2026-07-24 04:50,4029.600,4029.600,4028.200,4029.000
2026-07-24 04:55,4029.200,4031.100,4028.900,4029.800
2026-07-24 05:00,4029.800,4031.100,4027.500,4031.100
2026-07-24 05:05,4031.100,4032.200,4030.000,4030.900
2026-07-24 05:10,4031.400,4034.600,4029.900,4030.000
2026-07-24 05:15,4029.700,4030.200,4024.500,4026.400
2026-07-24 05:20,4026.700,4031.800,4026.300,4029.200
2026-07-24 05:25,4029.500,4029.500,4027.600,4028.300
2026-07-24 05:30,4028.300,4033.600,4028.100,4033.400
2026-07-24 05:35,4033.300,4033.300,4027.000,4028.300
2026-07-24 05:40,4028.100,4030.300,4025.900,4026.700
2026-07-24 05:45,4026.700,4030.800,4026.700,4030.000
2026-07-24 05:50,4030.300,4031.000,4024.800,4025.400
2026-07-24 05:55,4025.600,4026.000,4024.000,4025.000
2026-07-24 06:00,4025.200,4027.900,4025.000,4027.300
2026-07-24 06:05,4027.400,4029.600,4026.800,4029.200
2026-07-24 06:10,4029.600,4033.500,4028.700,4033.100
2026-07-24 06:15,4033.400,4036.700,4031.200,4036.100
2026-07-24 06:20,4036.200,4039.500,4036.000,4038.500
2026-07-24 06:25,4038.700,4041.400,4037.400,4038.800
2026-07-24 06:30,4038.700,4038.700,4035.100,4036.900
2026-07-24 06:35,4036.700,4039.400,4036.700,4037.700
2026-07-24 06:40,4037.800,4039.100,4035.300,4035.900
2026-07-24 06:45,4035.900,4039.100,4035.700,4036.400
2026-07-24 06:50,4036.900,4037.900,4034.000,4037.900
2026-07-24 06:55,4037.400,4041.400,4037.300,4038.400
2026-07-24 07:00,4038.200,4043.100,4037.500,4041.000
2026-07-24 07:05,4040.600,4048.400,4040.600,4048.200
2026-07-24 07:10,4048.300,4050.000,4046.900,4047.700
2026-07-24 07:15,4048.200,4050.400,4046.500,4049.500
2026-07-24 07:20,4050.000,4051.700,4048.600,4050.800
2026-07-24 07:25,4050.700,4053.400,4050.200,4051.100
2026-07-24 07:30,4051.700,4056.300,4050.200,4055.800
2026-07-24 07:35,4055.800,4055.800,4048.900,4049.300
2026-07-24 07:40,4049.400,4051.100,4048.200,4050.800
2026-07-24 07:45,4050.800,4050.800,4048.500,4050.000
2026-07-24 07:50,4050.100,4051.400,4049.600,4050.400
2026-07-24 07:55,4051.100,4052.200,4050.500,4051.100
2026-07-24 08:00,4051.200,4051.500,4049.100,4049.900
2026-07-24 08:05,4049.500,4050.400,4047.600,4050.000
2026-07-24 08:10,4049.900,4050.300,4048.300,4049.500
2026-07-24 08:15,4049.100,4050.400,4047.500,4049.300
2026-07-24 08:20,4049.400,4050.500,4048.600,4049.300
2026-07-24 08:25,4048.800,4055.300,4048.700,4054.900
2026-07-24 08:30,4054.800,4054.800,4052.500,4052.500
2026-07-24 08:35,4052.800,4055.700,4051.400,4055.400
2026-07-24 08:40,4055.600,4058.000,4055.100,4057.200
2026-07-24 08:45,4057.300,4057.600,4054.900,4057.600
2026-07-24 08:50,4057.300,4059.800,4056.900,4059.200
2026-07-24 08:55,4059.000,4061.500,4058.700,4060.000
2026-07-24 09:00,4060.400,4064.000,4058.600,4059.300
2026-07-24 09:05,4059.100,4060.300,4057.800,4060.200
2026-07-24 09:10,4060.400,4060.600,4055.900,4056.900
2026-07-24 09:15,4056.700,4059.900,4055.900,4057.900
2026-07-24 09:20,4057.800,4057.900,4055.900,4057.400
2026-07-24 09:25,4057.200,4058.700,4055.000,4055.600
2026-07-24 09:30,4055.400,4057.100,4054.200,4056.400
2026-07-24 09:35,4056.700,4057.900,4056.300,4057.900
2026-07-24 09:40,4058.000,4059.200,4056.900,4058.500
2026-07-24 09:45,4058.500,4059.000,4057.800,4058.100
2026-07-24 09:50,4058.100,4061.200,4057.400,4060.900
2026-07-24 09:55,4061.300,4062.600,4061.100,4062.600
2026-07-24 10:00,4062.600,4064.500,4061.500,4062.500
2026-07-24 10:05,4062.900,4063.400,4061.600,4063.000
2026-07-24 10:10,4063.500,4063.500,4060.500,4061.100
2026-07-24 10:15,4061.200,4065.000,4060.400,4062.200
2026-07-24 10:20,4062.200,4064.100,4062.000,4063.100
2026-07-24 10:25,4063.000,4066.600,4062.600,4064.500
2026-07-24 10:30,4064.400,4067.000,4064.200,4064.200
2026-07-24 10:35,4064.000,4064.400,4062.500,4062.500
2026-07-24 10:40,4062.700,4062.700,4060.700,4061.100
2026-07-24 10:45,4061.200,4061.900,4060.000,4061.600
2026-07-24 10:50,4061.600,4061.900,4059.400,4060.200
2026-07-24 10:55,4060.000,4062.500,4059.600,4062.200
2026-07-24 11:00,4062.500,4065.100,4060.800,4064.600
2026-07-24 11:05,4064.600,4065.900,4062.600,4063.600
2026-07-24 11:10,4063.200,4063.500,4062.600,4063.500
2026-07-24 11:15,4063.800,4064.100,4062.200,4063.800
2026-07-24 11:20,4063.400,4064.100,4062.700,4063.900
2026-07-24 11:25,4063.700,4063.700,4061.500,4061.600
2026-07-24 11:30,4061.200,4062.600,4060.400,4062.000
2026-07-24 11:35,4062.200,4062.200,4058.800,4059.400
2026-07-24 11:40,4059.300,4060.200,4057.500,4057.500
2026-07-24 11:45,4058.000,4059.000,4055.300,4057.400
2026-07-24 11:50,4057.300,4057.300,4054.600,4054.600
2026-07-24 11:55,4054.700,4063.900,4053.500,4060.200
2026-07-24 12:00,4060.600,4061.100,4054.500,4056.100
2026-07-24 12:05,4056.200,4061.100,4054.700,4059.500
2026-07-24 12:10,4059.300,4059.900,4057.800,4059.300
2026-07-24 12:15,4059.100,4059.800,4058.100,4059.500
2026-07-24 12:20,4059.100,4060.900,4057.400,4060.900
2026-07-24 12:25,4061.000,4062.900,4058.300,4062.100
2026-07-24 12:30,4061.900,4062.100,4058.600,4060.000
2026-07-24 12:35,4060.000,4060.800,4057.600,4058.200
2026-07-24 12:40,4058.100,4059.400,4054.300,4057.600
2026-07-24 12:45,4057.500,4058.900,4054.200,4056.700
2026-07-24 12:50,4056.500,4058.500,4056.400,4057.600
2026-07-24 12:55,4058.000,4058.700,4054.500,4058.500
2026-07-24 13:00,4058.800,4061.000,4053.900,4054.800
2026-07-24 13:05,4054.700,4055.700,4048.300,4049.000
2026-07-24 13:10,4049.100,4052.000,4047.100,4050.600
2026-07-24 13:15,4050.400,4050.800,4046.900,4048.300
2026-07-24 13:20,4048.800,4052.100,4047.900,4048.800
2026-07-24 13:25,4049.400,4051.000,4048.000,4048.800
2026-07-24 13:30,4048.500,4052.700,4047.000,4051.600
2026-07-24 13:35,4051.700,4059.500,4051.700,4058.600
2026-07-24 13:40,4058.800,4058.800,4053.500,4054.400
2026-07-24 13:45,4054.200,4063.400,4050.300,4060.800
2026-07-24 13:50,4060.300,4064.100,4058.200,4062.300
2026-07-24 13:55,4062.500,4071.500,4059.300,4070.000
2026-07-24 14:00,4069.900,4073.000,4065.500,4065.500
2026-07-24 14:05,4065.800,4067.900,4060.300,4065.500
2026-07-24 14:10,4065.400,4066.700,4061.700,4061.700
2026-07-24 14:20,4061.400,4067.700,4061.000,4067.400
2026-07-24 14:25,4067.900,4072.300,4067.300,4068.900
2026-07-24 14:30,4069.000,4071.100,4067.400,4067.400
2026-07-24 14:35,4067.800,4069.800,4062.100,4063.600
2026-07-24 14:40,4063.500,4065.400,4062.000,4063.100
2026-07-24 14:45,4063.500,4066.700,4061.400,4065.900
2026-07-24 14:50,4066.300,4067.800,4063.900,4064.300
2026-07-24 14:55,4064.300,4069.400,4064.200,4066.200
2026-07-24 15:00,4066.100,4070.100,4064.800,4067.900
2026-07-24 15:05,4067.000,4067.900,4064.700,4066.500
2026-07-24 15:10,4066.900,4080.000,4066.900,4077.900
2026-07-24 15:15,4077.700,4084.500,4075.000,4080.100
2026-07-24 15:20,4080.300,4085.200,4075.800,4077.000
2026-07-24 15:25,4077.200,4080.100,4075.400,4077.900
2026-07-24 15:30,4078.200,4079.900,4077.000,4077.100
2026-07-24 15:35,4077.000,4082.000,4076.400,4080.900
2026-07-24 15:40,4080.800,4082.500,4073.800,4075.100
2026-07-24 15:45,4075.100,4076.400,4073.500,4075.800
2026-07-24 15:50,4076.100,4079.000,4075.700,4078.400
2026-07-24 15:55,4077.900,4080.800,4077.900,4079.900
2026-07-24 16:00,4080.300,4080.300,4077.800,4079.200
2026-07-24 16:05,4079.400,4080.200,4077.700,4078.700
2026-07-24 16:10,4078.900,4079.600,4077.000,4077.500
2026-07-24 16:15,4077.600,4078.700,4076.300,4077.200
2026-07-24 16:20,4077.100,4080.200,4076.100,4079.700
2026-07-24 16:25,4079.600,4080.900,4076.100,4076.600
2026-07-24 16:30,4076.600,4076.600,4072.600,4074.900
2026-07-24 16:35,4074.700,4074.800,4070.100,4070.500
2026-07-24 16:40,4070.600,4071.600,4069.200,4070.100
2026-07-24 16:45,4070.100,4070.300,4066.700,4067.700
2026-07-24 16:50,4067.600,4068.400,4066.500,4068.100
2026-07-24 16:55,4068.000,4070.300,4067.900,4069.500
2026-07-24 17:00,4069.700,4070.900,4069.200,4070.200
2026-07-24 17:05,4070.300,4070.500,4066.400,4068.000
2026-07-24 17:10,4068.400,4068.600,4065.300,4066.500
2026-07-24 17:15,4066.900,4069.500,4066.100,4069.300
2026-07-24 17:20,4069.400,4071.500,4067.600,4071.400
2026-07-24 17:25,4071.400,4072.800,4069.700,4071.300
2026-07-24 17:30,4071.200,4072.700,4070.200,4071.300
2026-07-24 17:35,4071.300,4071.600,4070.200,4070.600
2026-07-24 17:40,4070.400,4071.500,4068.900,4069.300
2026-07-24 17:45,4068.700,4070.000,4067.400,4068.800
2026-07-24 17:50,4068.600,4069.500,4065.300,4066.000
2026-07-24 17:55,4066.400,4067.800,4065.600,4065.800
2026-07-24 18:00,4066.000,4066.500,4063.600,4065.400
2026-07-24 18:05,4065.300,4067.300,4065.000,4065.300
2026-07-24 18:10,4065.300,4065.900,4063.700,4064.000
2026-07-24 18:15,4064.200,4065.400,4062.500,4062.700
2026-07-24 18:20,4062.700,4063.100,4058.600,4059.900
2026-07-24 18:25,4060.000,4060.600,4057.200,4057.700
2026-07-24 18:30,4057.800,4058.600,4054.900,4056.700
2026-07-24 18:35,4056.600,4059.400,4055.900,4057.900
2026-07-24 18:40,4057.900,4058.000,4053.500,4054.500
2026-07-24 18:45,4054.600,4057.500,4054.000,4055.800
2026-07-24 18:50,4055.900,4058.300,4055.100,4056.600
2026-07-24 18:55,4056.800,4057.600,4056.300,4056.700
2026-07-24 19:00,4056.900,4058.700,4054.600,4056.800
2026-07-24 19:05,4057.000,4057.100,4054.900,4055.300
2026-07-24 19:10,4055.000,4056.900,4054.100,4054.500
2026-07-24 19:15,4054.500,4054.500,4051.800,4053.200
2026-07-24 19:20,4053.100,4053.500,4051.700,4051.800
2026-07-24 19:25,4051.900,4054.300,4051.300,4053.800
2026-07-24 19:30,4053.700,4056.600,4053.200,4056.400
2026-07-24 19:35,4056.100,4058.700,4055.800,4057.700
2026-07-24 19:40,4057.900,4060.200,4057.900,4059.200
2026-07-24 19:45,4059.500,4059.700,4057.300,4057.500
2026-07-24 19:50,4058.000,4058.300,4056.100,4058.000
2026-07-24 19:55,4057.600,4057.600,4055.000,4056.100
2026-07-24 20:00,4055.900,4057.800,4055.500,4056.700
2026-07-24 20:05,4056.700,4056.700,4055.200,4055.300
2026-07-24 20:10,4055.100,4055.800,4054.400,4054.900
2026-07-24 20:15,4054.800,4055.800,4054.100,4054.900
2026-07-24 20:20,4054.800,4055.800,4054.200,4055.700
2026-07-24 20:25,4055.800,4057.100,4055.500,4055.900
2026-07-24 20:30,4056.100,4056.500,4053.900,4054.800
2026-07-24 20:35,4055.000,4057.000,4055.000,4056.700
2026-07-24 20:40,4056.500,4058.400,4056.300,4057.900
2026-07-24 20:45,4057.700,4058.600,4056.600,4056.900
2026-07-24 20:50,4057.000,4057.300,4055.500,4056.000
2026-07-24 20:55,4055.700,4070.800,4054.500,4070.800
2026-07-26 22:10,4091.500,4092.800,4089.300,4091.000
2026-07-26 22:15,4091.200,4091.200,4086.900,4091.200
2026-07-26 22:20,4090.700,4093.200,4090.300,4090.900
2026-07-26 22:25,4090.400,4090.700,4088.200,4089.900
2026-07-26 22:30,4089.400,4095.000,4088.800,4094.600
2026-07-26 22:35,4094.800,4095.900,4092.700,4093.400
2026-07-26 22:40,4093.200,4095.400,4092.700,4094.000
2026-07-26 22:45,4094.000,4096.500,4092.200,4093.000
2026-07-26 22:50,4092.700,4094.900,4092.700,4094.400
2026-07-26 22:55,4094.500,4094.600,4091.400,4092.200
2026-07-26 23:00,4092.900,4094.100,4089.400,4089.700
2026-07-26 23:05,4089.900,4091.000,4089.300,4089.600
2026-07-26 23:10,4090.000,4090.200,4086.800,4087.500
2026-07-26 23:15,4087.700,4088.600,4086.800,4087.100
2026-07-26 23:20,4087.500,4089.000,4085.800,4086.400
2026-07-26 23:25,4087.000,4088.100,4086.100,4086.700
2026-07-26 23:30,4087.300,4089.300,4087.300,4088.800
2026-07-26 23:35,4088.700,4090.200,4088.700,4088.800
2026-07-26 23:40,4088.900,4091.800,4088.900,4091.800
2026-07-26 23:45,4090.700,4097.300,4090.700,4097.000
2026-07-26 23:50,4097.100,4098.700,4095.400,4095.900
2026-07-26 23:55,4096.100,4099.000,4095.400,4096.900
2026-07-27 00:00,4097.200,4107.500,4096.600,4104.500
2026-07-27 00:05,4105.000,4110.900,4101.800,4110.700
2026-07-27 00:10,4110.900,4119.300,4109.400,4118.500
2026-07-27 00:15,4118.300,4118.400,4109.400,4109.900
2026-07-27 00:20,4109.900,4110.000,4104.500,4105.400
2026-07-27 00:25,4105.600,4105.800,4093.200,4097.500
2026-07-27 00:30,4097.300,4102.400,4096.400,4102.200
2026-07-27 00:35,4102.500,4104.900,4101.700,4101.700
2026-07-27 00:40,4102.000,4104.700,4100.700,4102.800
2026-07-27 00:45,4102.300,4108.800,4102.200,4107.000
2026-07-27 00:50,4106.900,4111.600,4106.900,4107.800
2026-07-27 00:55,4108.500,4108.500,4101.300,4102.600
2026-07-27 01:00,4103.100,4114.300,4103.100,4109.200
2026-07-27 01:05,4110.000,4114.800,4107.900,4108.300
2026-07-27 01:10,4109.000,4112.000,4108.200,4109.300
2026-07-27 01:15,4109.700,4111.300,4104.200,4104.400
2026-07-27 01:20,4104.600,4105.100,4102.000,4103.800
2026-07-27 01:25,4102.700,4102.700,4098.900,4101.800
2026-07-27 01:30,4102.500,4105.900,4101.500,4102.400
2026-07-27 01:35,4102.100,4106.200,4099.800,4105.700
2026-07-27 01:40,4105.600,4106.300,4104.000,4104.700
2026-07-27 01:45,4104.900,4109.200,4104.900,4108.000
2026-07-27 01:50,4108.000,4110.400,4104.600,4110.000
2026-07-27 01:55,4110.400,4112.000,4107.900,4112.000
2026-07-27 02:00,4112.200,4112.900,4107.200,4107.300
2026-07-27 02:05,4107.000,4109.400,4106.000,4106.200
2026-07-27 02:10,4106.300,4107.900,4105.500,4107.600
2026-07-27 02:15,4107.800,4107.800,4105.300,4106.200
2026-07-27 02:20,4106.200,4106.400,4103.700,4105.900
2026-07-27 02:25,4106.200,4107.600,4104.800,4105.200
2026-07-27 02:30,4104.600,4105.000,4101.300,4102.000
2026-07-27 02:35,4101.900,4103.000,4099.700,4100.400
2026-07-27 02:40,4099.800,4100.700,4097.500,4098.500
2026-07-27 02:45,4098.800,4099.500,4096.800,4097.200
2026-07-27 02:50,4096.900,4098.700,4096.000,4098.200
2026-07-27 02:55,4098.100,4098.100,4095.600,4095.700
2026-07-27 03:00,4095.500,4097.800,4092.400,4094.100
2026-07-27 03:05,4094.100,4095.300,4092.800,4093.200
2026-07-27 03:10,4093.200,4094.100,4091.000,4093.900
2026-07-27 03:15,4093.900,4095.400,4093.000,4094.300
2026-07-27 03:20,4094.100,4094.200,4091.000,4091.600
2026-07-27 03:25,4092.000,4092.000,4087.300,4087.300
2026-07-27 03:30,4087.400,4092.200,4087.000,4092.000
2026-07-27 03:35,4092.400,4092.600,4090.000,4091.400
2026-07-27 03:40,4091.100,4093.000,4091.100,4091.600
2026-07-27 03:45,4091.400,4091.800,4090.500,4091.400
2026-07-27 03:50,4091.400,4092.700,4090.900,4091.000
2026-07-27 03:55,4091.500,4093.200,4091.200,4092.500
2026-07-27 04:00,4093.000,4095.000,4092.500,4093.000
2026-07-27 04:05,4093.600,4093.800,4091.500,4091.700
2026-07-27 04:10,4091.600,4092.400,4090.700,4092.000
2026-07-27 04:15,4092.100,4092.400,4088.900,4090.000
2026-07-27 04:20,4089.800,4091.900,4089.600,4090.100
2026-07-27 04:25,4090.600,4091.200,4089.400,4091.200
2026-07-27 04:30,4091.000,4092.700,4091.000,4092.400
2026-07-27 04:35,4092.600,4094.300,4092.400,4093.100
2026-07-27 04:40,4093.200,4094.000,4091.900,4091.900
2026-07-27 04:45,4092.200,4093.000,4091.700,4091.900
2026-07-27 04:50,4091.600,4092.600,4091.200,4092.500
2026-07-27 04:55,4092.300,4092.800,4091.500,4091.700
2026-07-27 05:00,4092.500,4094.600,4090.600,4092.900
2026-07-27 05:05,4092.700,4096.400,4091.800,4095.300
2026-07-27 05:10,4095.200,4097.000,4094.500,4096.700
2026-07-27 05:15,4096.400,4096.400,4093.800,4094.100
2026-07-27 05:20,4093.900,4093.900,4090.300,4090.300
2026-07-27 05:25,4090.100,4090.200,4088.200,4089.000
2026-07-27 05:30,4088.800,4092.200,4087.800,4089.300
2026-07-27 05:35,4089.200,4092.300,4087.600,4090.200
2026-07-27 05:40,4089.900,4091.300,4089.000,4089.500
2026-07-27 05:45,4090.300,4090.300,4086.500,4087.900
2026-07-27 05:50,4088.200,4091.000,4086.900,4090.900
2026-07-27 05:55,4090.700,4095.700,4089.600,4095.300
2026-07-27 06:00,4094.900,4096.700,4093.900,4095.400
2026-07-27 06:05,4095.100,4096.700,4093.600,4095.700
2026-07-27 06:10,4096.700,4098.400,4095.200,4096.600
2026-07-27 06:15,4096.300,4097.300,4094.300,4095.100
2026-07-27 06:20,4094.800,4096.200,4093.300,4095.900
2026-07-27 06:25,4096.100,4098.600,4096.000,4097.700
2026-07-27 06:30,4098.100,4098.600,4096.500,4097.800
2026-07-27 06:35,4097.600,4100.300,4097.400,4100.200
2026-07-27 06:40,4100.200,4101.400,4098.400,4100.500
2026-07-27 06:45,4101.000,4101.400,4099.400,4100.200
2026-07-27 06:50,4099.600,4099.600,4096.900,4098.700
2026-07-27 06:55,4098.300,4099.400,4097.800,4098.400
2026-07-27 07:00,4098.200,4102.900,4098.000,4100.700
2026-07-27 07:05,4101.000,4102.400,4098.200,4099.800
2026-07-27 07:10,4100.400,4104.000,4098.900,4104.000
2026-07-27 07:15,4103.600,4106.100,4101.700,4106.000
2026-07-27 07:20,4106.000,4107.800,4104.900,4106.600
2026-07-27 07:25,4106.600,4108.300,4105.000,4105.400
2026-07-27 07:30,4105.400,4105.800,4103.600,4105.100
2026-07-27 07:35,4105.000,4105.800,4100.600,4101.200
2026-07-27 07:40,4101.100,4101.500,4097.800,4099.100
2026-07-27 07:45,4099.400,4100.800,4098.300,4099.400
2026-07-27 07:50,4099.100,4099.100,4095.200,4095.500
2026-07-27 07:55,4096.200,4096.500,4090.500,4090.700
2026-07-27 08:00,4090.900,4094.800,4089.700,4090.500
2026-07-27 08:05,4089.700,4094.500,4088.800,4092.000
2026-07-27 08:10,4092.000,4093.800,4091.800,4093.300
2026-07-27 08:15,4092.900,4094.000,4091.500,4093.500
2026-07-27 08:20,4092.900,4093.200,4090.700,4092.900
2026-07-27 08:25,4092.700,4094.500,4092.700,4093.000
2026-07-27 08:30,4092.500,4092.900,4089.100,4089.100
2026-07-27 08:35,4089.200,4092.600,4089.000,4092.500
2026-07-27 08:40,4092.500,4094.700,4091.500,4092.800
2026-07-27 08:45,4093.300,4095.300,4092.600,4095.100
2026-07-27 08:50,4094.800,4097.000,4093.100,4096.600
2026-07-27 08:55,4096.400,4098.700,4095.800,4097.700
2026-07-27 09:00,4096.800,4098.300,4096.200,4098.000
2026-07-27 09:05,4098.300,4100.300,4096.900,4096.900
2026-07-27 09:10,4096.500,4097.800,4095.100,4095.900
2026-07-27 09:15,4096.200,4096.600,4094.800,4095.000
2026-07-27 09:20,4095.000,4097.200,4094.000,4095.600
2026-07-27 09:25,4095.900,4097.700,4092.800,4093.500
2026-07-27 09:30,4093.300,4095.500,4091.800,4093.900
2026-07-27 09:35,4093.800,4095.900,4093.000,4094.000
2026-07-27 09:40,4094.200,4097.000,4093.200,4096.600
2026-07-27 09:45,4096.100,4100.100,4096.000,4099.400
2026-07-27 09:50,4099.500,4101.400,4098.500,4100.300
2026-07-27 09:55,4100.600,4102.700,4098.300,4098.900
2026-07-27 10:00,4098.800,4098.800,4096.700,4097.500
2026-07-27 10:05,4097.200,4097.200,4095.300,4096.000
2026-07-27 10:10,4095.600,4095.900,4088.400,4092.500
2026-07-27 10:15,4092.600,4094.000,4091.000,4093.100
2026-07-27 10:20,4093.100,4095.800,4092.900,4094.700
2026-07-27 10:25,4094.600,4096.200,4094.600,4095.100
2026-07-27 10:30,4095.600,4098.600,4095.000,4098.200
2026-07-27 10:35,4098.200,4101.500,4097.200,4100.400
2026-07-27 10:40,4100.600,4104.000,4100.000,4102.800
2026-07-27 10:45,4102.900,4104.600,4102.200,4104.500
2026-07-27 10:50,4104.300,4104.300,4101.700,4103.700
2026-07-27 10:55,4103.900,4104.600,4100.900,4102.100
2026-07-27 11:00,4102.200,4103.200,4099.200,4099.800
2026-07-27 11:05,4099.400,4105.600,4099.200,4105.000
2026-07-27 11:10,4105.100,4107.000,4103.800,4104.100
2026-07-27 11:15,4104.200,4105.300,4102.700,4102.900
2026-07-27 11:20,4102.200,4103.700,4101.600,4101.600
2026-07-27 11:25,4102.700,4103.500,4098.800,4098.800
2026-07-27 11:30,4098.900,4102.200,4098.300,4099.500
2026-07-27 11:35,4100.000,4101.200,4098.600,4098.900
2026-07-27 11:40,4098.800,4100.300,4096.600,4098.200
2026-07-27 11:45,4098.200,4099.300,4095.800,4097.600
2026-07-27 11:50,4097.500,4099.300,4096.100,4096.600
2026-07-27 11:55,4096.200,4097.200,4095.600,4095.900
2026-07-27 12:00,4096.100,4099.800,4096.100,4098.400
2026-07-27 12:05,4098.200,4098.200,4096.100,4096.400
2026-07-27 12:10,4096.200,4096.200,4088.100,4089.300
2026-07-27 12:15,4089.300,4091.000,4083.900,4086.100
2026-07-27 12:20,4085.900,4087.100,4083.100,4084.800
2026-07-27 12:25,4085.000,4090.600,4084.900,4088.100
2026-07-27 12:30,4088.900,4090.500,4085.000,4089.500
2026-07-27 12:35,4089.200,4089.700,4086.500,4089.000
2026-07-27 12:40,4088.800,4089.200,4085.900,4088.500
2026-07-27 12:45,4088.200,4091.100,4084.100,4084.500
2026-07-27 12:50,4084.400,4087.800,4083.400,4084.700
2026-07-27 12:55,4084.500,4088.200,4082.400,4085.200
2026-07-27 13:00,4085.800,4090.800,4085.200,4086.000
2026-07-27 13:05,4085.700,4087.900,4084.000,4085.700
2026-07-27 13:10,4085.200,4089.700,4082.700,4086.600
2026-07-27 13:15,4086.600,4089.200,4083.200,4085.600
2026-07-27 13:20,4085.800,4087.200,4083.200,4085.900
2026-07-27 13:25,4086.200,4086.800,4077.700,4077.800
2026-07-27 13:30,4078.000,4084.000,4077.400,4081.300
2026-07-27 13:35,4082.200,4089.700,4081.600,4087.300
2026-07-27 13:40,4087.400,4091.400,4086.000,4088.900
2026-07-27 13:45,4088.900,4091.800,4086.800,4090.100
2026-07-27 13:50,4089.400,4091.300,4085.800,4086.000
2026-07-27 13:55,4085.800,4085.800,4071.600,4075.800
2026-07-27 14:00,4075.900,4081.000,4072.700,4077.200
2026-07-27 14:05,4077.500,4080.000,4075.000,4079.100
2026-07-27 14:10,4079.300,4079.600,4074.200,4078.800
2026-07-27 14:15,4078.800,4080.600,4077.000,4078.200
2026-07-27 14:20,4077.900,4078.500,4074.200,4075.600
2026-07-27 14:25,4075.500,4076.000,4068.600,4069.800
2026-07-27 14:30,4070.400,4071.700,4068.200,4069.900
2026-07-27 14:35,4069.700,4072.800,4067.900,4070.500
2026-07-27 14:40,4069.900,4071.500,4067.100,4070.500
2026-07-27 14:45,4070.500,4075.200,4070.500,4073.300
2026-07-27 14:50,4073.600,4076.900,4072.300,4075.200
2026-07-27 14:55,4075.200,4079.600,4073.600,4078.400
2026-07-27 15:00,4078.300,4078.600,4074.700,4077.500
2026-07-27 15:05,4077.500,4077.500,4074.400,4074.400
2026-07-27 15:10,4074.600,4078.600,4073.900,4078.300
2026-07-27 15:15,4077.900,4081.100,4077.800,4080.100
2026-07-27 15:20,4080.100,4081.800,4077.000,4077.500
2026-07-27 15:25,4077.700,4079.200,4076.700,4078.900
2026-07-27 15:30,4078.600,4080.500,4075.100,4075.400
2026-07-27 15:35,4075.600,4077.200,4074.800,4075.800
2026-07-27 15:40,4076.000,4079.100,4075.600,4078.100
2026-07-27 15:45,4078.500,4079.000,4076.900,4078.500
2026-07-27 15:50,4078.600,4082.200,4078.300,4079.800
2026-07-27 15:55,4079.800,4081.500,4079.800,4080.600
2026-07-27 16:00,4080.800,4082.000,4079.900,4081.600
2026-07-27 16:05,4081.300,4087.000,4080.200,4086.600
2026-07-27 16:10,4086.400,4086.600,4082.700,4083.100
2026-07-27 16:15,4083.300,4083.800,4081.600,4082.600
2026-07-27 16:20,4082.400,4085.000,4082.400,4083.000
2026-07-27 16:25,4083.000,4090.900,4083.000,4087.100
2026-07-27 16:30,4087.000,4095.100,4087.000,4093.500
2026-07-27 16:35,4093.500,4095.700,4091.800,4092.500
2026-07-27 16:40,4092.500,4092.800,4088.900,4090.100
2026-07-27 16:45,4090.300,4090.400,4085.600,4085.800
2026-07-27 16:50,4085.800,4085.800,4082.500,4083.800
2026-07-27 16:55,4083.600,4084.300,4082.500,4084.100
2026-07-27 17:00,4084.000,4084.100,4076.900,4077.700
2026-07-27 17:05,4078.000,4078.700,4075.100,4076.800
2026-07-27 17:10,4077.000,4077.600,4072.200,4075.300
2026-07-27 17:15,4075.400,4077.400,4074.100,4075.800
2026-07-27 17:20,4076.400,4078.100,4075.100,4075.900
2026-07-27 17:25,4076.100,4078.700,4075.400,4076.400
2026-07-27 17:30,4076.500,4077.800,4075.300,4075.600
2026-07-27 17:35,4075.300,4076.400,4073.900,4075.300
2026-07-27 17:40,4074.800,4076.400,4074.700,4076.300
2026-07-27 17:45,4076.000,4077.300,4075.000,4077.000
2026-07-27 17:50,4076.700,4079.000,4076.600,4077.500
2026-07-27 17:55,4077.900,4078.700,4077.600,4078.200
2026-07-27 18:00,4078.200,4081.000,4077.800,4079.800
2026-07-27 18:05,4079.000,4080.800,4079.000,4080.200
2026-07-27 18:10,4080.300,4080.300,4077.900,4078.400
2026-07-27 18:15,4078.500,4078.600,4075.900,4076.700
2026-07-27 18:20,4076.500,4078.200,4075.900,4078.200
2026-07-27 18:25,4078.100,4078.800,4077.600,4078.600
2026-07-27 18:30,4078.400,4078.900,4076.400,4076.500
2026-07-27 18:35,4076.300,4076.900,4074.800,4075.100
2026-07-27 18:40,4075.100,4081.200,4074.500,4078.000
2026-07-27 18:45,4077.600,4078.100,4076.700,4076.900
2026-07-27 18:50,4076.800,4080.300,4076.100,4079.500
2026-07-27 18:55,4079.600,4081.200,4079.100,4079.800
2026-07-27 19:00,4079.900,4080.800,4078.700,4078.900
2026-07-27 19:05,4079.100,4082.000,4078.000,4081.800
2026-07-27 19:10,4081.800,4083.700,4081.600,4082.400
2026-07-27 19:15,4082.400,4086.800,4081.200,4086.500
2026-07-27 19:20,4086.600,4090.900,4086.200,4087.000
2026-07-27 19:25,4087.500,4087.900,4085.500,4087.800
2026-07-27 19:30,4088.000,4088.800,4085.900,4087.400
2026-07-27 19:35,4087.600,4089.100,4087.500,4088.200
2026-07-27 19:40,4088.500,4089.500,4087.300,4089.200
2026-07-27 19:45,4089.300,4091.600,4088.300,4091.600
2026-07-27 19:50,4091.300,4091.800,4088.100,4089.500
2026-07-27 19:55,4089.300,4089.400,4084.500,4085.500
2026-07-27 20:00,4085.400,4086.400,4084.000,4084.200
2026-07-27 20:05,4084.200,4084.700,4083.600,4084.500
2026-07-27 20:10,4084.600,4085.100,4083.800,4084.400
2026-07-27 20:15,4084.200,4084.400,4082.800,4083.100
2026-07-27 20:20,4083.100,4083.200,4080.700,4082.200
2026-07-27 20:25,4082.400,4083.300,4079.800,4081.000
2026-07-27 20:30,4081.100,4081.600,4079.000,4079.300
2026-07-27 20:35,4079.400,4080.400,4077.600,4078.900
2026-07-27 20:40,4078.700,4079.700,4078.700,4079.000
2026-07-27 20:45,4079.100,4079.600,4078.000,4078.500
2026-07-27 20:50,4078.700,4079.400,4077.600,4079.000
2026-07-27 20:55,4078.800,4079.800,4078.200,4078.600
2026-07-27 22:00,4083.000,4085.700,4079.600,4082.300
2026-07-27 22:05,4082.600,4083.000,4080.300,4081.000
2026-07-27 22:10,4080.500,4080.500,4076.400,4079.100
2026-07-27 22:15,4078.900,4079.100,4077.200,4077.700
2026-07-27 22:20,4078.100,4078.200,4073.100,4074.000
2026-07-27 22:25,4074.000,4074.600,4072.300,4073.900
2026-07-27 22:30,4073.700,4075.600,4073.700,4075.600
2026-07-27 22:35,4076.100,4076.300,4075.100,4075.800
2026-07-27 22:40,4075.400,4076.400,4075.400,4076.300
2026-07-27 22:45,4076.300,4076.300,4074.900,4075.500
2026-07-27 22:50,4075.500,4076.100,4075.000,4075.900
2026-07-27 22:55,4075.300,4076.400,4075.100,4075.100
2026-07-27 23:00,4075.400,4075.400,4073.200,4074.200
2026-07-27 23:05,4074.300,4076.000,4074.300,4075.000
2026-07-27 23:10,4075.500,4076.100,4074.700,4075.500
2026-07-27 23:15,4075.300,4075.800,4074.300,4074.300
2026-07-27 23:20,4074.700,4075.200,4074.000,4074.300
2026-07-27 23:25,4074.600,4075.000,4073.100,4074.500
2026-07-27 23:30,4074.200,4074.900,4073.700,4074.700
2026-07-27 23:35,4074.600,4074.900,4073.500,4074.500
2026-07-27 23:40,4074.300,4074.300,4073.000,4073.200
2026-07-27 23:45,4073.500,4073.700,4071.000,4071.400
2026-07-27 23:50,4071.200,4074.100,4071.100,4073.200
2026-07-27 23:55,4072.800,4074.400,4072.700,4074.400
2026-07-28 00:00,4074.400,4075.500,4065.800,4066.900
2026-07-28 00:05,4067.100,4067.900,4063.000,4067.800
2026-07-28 00:10,4068.000,4068.500,4066.000,4067.600
2026-07-28 00:15,4068.100,4068.200,4063.200,4066.100
2026-07-28 00:20,4066.000,4067.100,4060.800,4061.200
2026-07-28 00:25,4061.800,4064.000,4059.600,4062.900
2026-07-28 00:30,4063.300,4065.300,4061.300,4064.600
2026-07-28 00:35,4065.100,4065.800,4064.100,4064.200
2026-07-28 00:40,4064.700,4066.900,4063.100,4066.000
2026-07-28 00:45,4065.800,4065.800,4059.700,4060.000
2026-07-28 00:50,4060.300,4060.700,4058.300,4060.200
2026-07-28 00:55,4060.000,4062.100,4058.100,4058.500
2026-07-28 01:00,4058.300,4061.200,4054.200,4060.000
2026-07-28 01:05,4059.500,4060.000,4055.000,4057.000
2026-07-28 01:10,4056.800,4059.100,4055.600,4058.300
2026-07-28 01:15,4058.700,4059.600,4053.800,4054.000
2026-07-28 01:20,4054.500,4055.000,4049.400,4050.700
2026-07-28 01:25,4050.200,4050.700,4046.200,4048.200
2026-07-28 01:35,4047.100,4051.200,4046.700,4049.800
2026-07-28 01:40,4049.800,4050.300,4047.600,4049.700
2026-07-28 01:45,4049.400,4049.400,4046.000,4046.900
2026-07-28 01:50,4047.300,4047.800,4042.900,4045.500
2026-07-28 01:55,4045.600,4045.900,4044.300,4045.700
2026-07-28 02:00,4045.900,4046.500,4043.100,4044.200
2026-07-28 02:05,4044.400,4047.800,4042.800,4046.600
2026-07-28 02:10,4046.900,4048.100,4046.100,4046.900
2026-07-28 02:15,4046.800,4048.600,4045.700,4048.100
2026-07-28 02:20,4048.500,4049.700,4047.200,4047.900
2026-07-28 02:25,4047.400,4048.800,4045.800,4046.600
2026-07-28 02:30,4046.100,4048.200,4045.800,4047.000
2026-07-28 02:35,4046.600,4047.400,4045.100,4045.400
2026-07-28 02:40,4045.000,4046.100,4041.800,4044.800
2026-07-28 02:45,4044.600,4045.900,4043.000,4043.900
2026-07-28 02:50,4043.900,4045.800,4043.300,4044.200
2026-07-28 02:55,4044.300,4044.300,4041.100,4042.300
2026-07-28 03:00,4042.300,4044.300,4040.700,4044.300
2026-07-28 03:05,4043.400,4046.400,4043.400,4046.000
2026-07-28 03:10,4046.000,4047.900,4045.800,4046.500
2026-07-28 03:15,4046.400,4049.800,4045.700,4049.600
2026-07-28 03:20,4049.700,4049.800,4047.400,4048.900
2026-07-28 03:25,4049.100,4049.200,4046.700,4048.100
2026-07-28 03:30,4047.700,4051.500,4047.700,4050.400
2026-07-28 03:35,4050.200,4050.500,4048.700,4048.800
2026-07-28 03:40,4049.500,4049.800,4047.700,4048.300
2026-07-28 03:45,4049.100,4051.100,4048.400,4050.300
2026-07-28 03:50,4050.300,4050.900,4048.700,4050.100
2026-07-28 03:55,4049.800,4050.300,4048.200,4049.600
2026-07-28 04:00,4049.000,4049.700,4048.100,4048.400
2026-07-28 04:05,4047.800,4048.300,4045.600,4046.600
2026-07-28 04:10,4046.100,4047.000,4043.200,4044.300
2026-07-28 04:15,4043.800,4047.500,4043.500,4047.200
2026-07-28 04:20,4047.900,4048.000,4046.800,4046.800
2026-07-28 04:25,4046.600,4047.200,4045.600,4045.600
2026-07-28 04:30,4045.800,4046.800,4044.000,4046.500
2026-07-28 04:35,4046.900,4047.100,4045.900,4046.000
2026-07-28 04:40,4045.900,4047.800,4045.400,4047.600
2026-07-28 04:45,4047.900,4048.000,4043.100,4043.500
2026-07-28 04:50,4043.300,4044.600,4043.200,4043.800
2026-07-28 04:55,4043.900,4044.400,4041.200,4042.100
2026-07-28 05:00,4041.900,4042.600,4039.600,4041.200
2026-07-28 05:05,4041.000,4042.700,4040.500,4041.300
2026-07-28 05:10,4041.300,4043.800,4041.300,4042.700
2026-07-28 05:15,4042.500,4043.400,4042.000,4042.600
2026-07-28 05:20,4042.700,4043.800,4041.700,4042.900
2026-07-28 05:25,4042.600,4043.400,4040.700,4043.300
2026-07-28 05:30,4042.700,4045.500,4037.100,4037.600
2026-07-28 05:35,4037.400,4038.000,4034.600,4037.600
2026-07-28 05:40,4037.600,4042.200,4036.800,4041.900
2026-07-28 05:45,4041.900,4044.100,4039.400,4042.000
2026-07-28 05:50,4042.000,4044.300,4041.600,4044.300
2026-07-28 05:55,4044.500,4046.900,4043.800,4045.200
2026-07-28 06:00,4045.500,4048.000,4045.300,4047.000
2026-07-28 06:05,4046.200,4047.000,4044.400,4044.700
2026-07-28 06:10,4045.000,4046.200,4042.900,4044.700
2026-07-28 06:15,4044.500,4047.600,4044.300,4045.500
2026-07-28 06:20,4046.800,4047.600,4044.400,4045.600
2026-07-28 06:25,4045.700,4050.000,4045.400,4048.100
2026-07-28 06:30,4047.800,4050.100,4047.100,4049.700
2026-07-28 06:35,4049.500,4050.500,4048.500,4050.500
2026-07-28 06:40,4050.600,4052.800,4050.000,4050.200
2026-07-28 06:45,4050.000,4050.500,4048.300,4050.400
2026-07-28 06:50,4050.200,4051.400,4049.700,4051.200
2026-07-28 06:55,4051.400,4052.000,4048.400,4048.700
2026-07-28 07:00,4048.300,4050.500,4047.700,4048.800
2026-07-28 07:05,4048.900,4050.700,4047.800,4050.300
2026-07-28 07:10,4050.500,4051.400,4049.100,4049.400
2026-07-28 07:15,4049.100,4052.300,4048.800,4051.500
2026-07-28 07:20,4051.100,4052.900,4049.800,4050.900
2026-07-28 07:25,4051.100,4052.500,4049.600,4050.400
2026-07-28 07:30,4050.600,4050.900,4049.000,4049.000
2026-07-28 07:35,4049.200,4051.000,4048.500,4050.800
2026-07-28 07:40,4050.800,4051.300,4048.900,4049.700
2026-07-28 07:45,4050.000,4050.000,4046.800,4047.800
2026-07-28 07:50,4048.000,4050.000,4047.600,4049.200
2026-07-28 07:55,4049.300,4049.300,4045.800,4047.300
2026-07-28 08:00,4047.300,4052.900,4046.400,4051.300
2026-07-28 08:05,4051.300,4055.600,4048.400,4048.800
2026-07-28 08:10,4048.900,4048.900,4043.100,4044.500
2026-07-28 08:15,4044.600,4050.400,4044.600,4048.600
2026-07-28 08:20,4048.400,4051.500,4047.700,4051.500
2026-07-28 08:25,4050.700,4050.800,4048.900,4049.900
2026-07-28 08:30,4050.100,4050.100,4044.800,4045.900
2026-07-28 08:35,4046.000,4046.700,4042.300,4042.700
2026-07-28 08:40,4042.700,4045.400,4042.200,4043.600
2026-07-28 08:45,4043.600,4046.300,4043.400,4046.000
2026-07-28 08:50,4045.900,4046.100,4041.900,4042.600
2026-07-28 08:55,4042.300,4045.700,4042.300,4045.700
2026-07-28 09:00,4045.500,4046.100,4043.200,4043.400
2026-07-28 09:05,4042.800,4043.400,4041.300,4042.800
2026-07-28 09:10,4042.400,4043.300,4040.900,4040.900
2026-07-28 09:15,4041.300,4044.000,4041.300,4043.700
2026-07-28 09:20,4043.700,4044.300,4042.400,4042.500
2026-07-28 09:25,4042.500,4042.800,4039.200,4040.100
2026-07-28 09:30,4040.000,4040.400,4036.000,4038.000
2026-07-28 09:35,4038.000,4038.300,4029.300,4032.000
2026-07-28 09:40,4032.300,4034.000,4031.800,4033.100
2026-07-28 09:45,4033.000,4034.200,4029.600,4031.200
2026-07-28 09:50,4031.100,4031.900,4028.400,4030.000
2026-07-28 09:55,4029.800,4030.100,4018.100,4023.300
2026-07-28 10:00,4023.100,4025.400,4021.400,4024.600
2026-07-28 10:05,4024.800,4027.200,4021.600,4021.900
2026-07-28 10:10,4022.000,4024.200,4020.200,4024.200
2026-07-28 10:15,4023.700,4025.700,4021.600,4021.700
2026-07-28 10:20,4021.800,4022.400,4016.900,4018.700
2026-07-28 10:25,4019.300,4020.000,4016.500,4016.800
2026-07-28 10:30,4016.800,4023.200,4016.600,4022.300
2026-07-28 10:35,4021.900,4022.800,4019.100,4021.600
2026-07-28 10:40,4021.400,4022.100,4019.800,4022.000
2026-07-28 10:45,4022.000,4025.700,4021.500,4023.300
2026-07-28 10:50,4023.500,4027.900,4023.200,4027.600
2026-07-28 10:55,4027.500,4028.200,4025.500,4025.600
2026-07-28 11:00,4026.000,4028.500,4024.400,4026.100
2026-07-28 11:05,4025.700,4028.000,4024.600,4027.000
2026-07-28 11:10,4026.800,4027.300,4022.500,4023.500
2026-07-28 11:15,4023.600,4031.900,4023.600,4030.100
2026-07-28 11:20,4030.100,4030.400,4028.200,4028.200
2026-07-28 11:25,4028.100,4028.900,4026.000,4027.200
2026-07-28 11:30,4026.800,4028.400,4025.800,4026.700
2026-07-28 11:35,4027.000,4031.100,4027.000,4029.300
2026-07-28 11:40,4028.900,4029.100,4026.100,4026.600
2026-07-28 11:45,4026.800,4027.400,4025.000,4026.500
2026-07-28 11:50,4025.800,4026.200,4023.200,4024.000
2026-07-28 11:55,4023.800,4028.000,4023.800,4027.800
2026-07-28 12:00,4027.300,4028.000,4023.200,4025.700
2026-07-28 12:05,4025.800,4028.200,4024.800,4025.600
2026-07-28 12:10,4025.500,4027.500,4022.200,4027.200
2026-07-28 12:15,4027.500,4030.700,4025.600,4030.200
2026-07-28 12:20,4030.000,4033.900,4029.300,4033.800
2026-07-28 12:25,4033.600,4034.600,4030.700,4034.100
2026-07-28 12:30,4034.100,4034.600,4024.800,4028.000
2026-07-28 12:35,4027.900,4030.000,4026.000,4028.200
2026-07-28 12:40,4027.700,4034.600,4027.700,4033.300
2026-07-28 12:45,4033.300,4037.900,4032.900,4034.400
2026-07-28 12:50,4034.200,4034.600,4031.100,4032.200
2026-07-28 12:55,4032.100,4032.600,4027.800,4029.400
2026-07-28 13:00,4029.400,4034.300,4029.000,4033.000
2026-07-28 13:05,4032.100,4035.600,4030.600,4032.700
2026-07-28 13:10,4033.000,4033.900,4032.100,4032.700
2026-07-28 13:15,4032.600,4032.900,4029.700,4030.200
2026-07-28 13:20,4030.800,4036.000,4030.800,4034.300
2026-07-28 13:25,4034.200,4036.100,4028.500,4028.700
2026-07-28 13:30,4028.700,4032.800,4026.900,4031.000
2026-07-28 13:35,4031.400,4032.600,4021.300,4021.400
2026-07-28 13:40,4021.800,4024.900,4019.300,4024.900
2026-07-28 13:45,4024.700,4026.600,4021.700,4024.600
2026-07-28 13:50,4025.000,4028.500,4024.200,4027.100
2026-07-28 13:55,4026.900,4027.000,4021.300,4021.400
2026-07-28 14:00,4021.900,4027.000,4021.400,4026.400
2026-07-28 14:05,4025.700,4031.400,4025.700,4030.100
2026-07-28 14:10,4029.700,4034.100,4025.300,4025.600
2026-07-28 14:15,4026.200,4027.000,4020.000,4020.000
2026-07-28 14:20,4020.300,4020.700,4011.100,4016.600
2026-07-28 14:25,4017.000,4023.000,4016.200,4022.000
2026-07-28 14:30,4021.900,4025.300,4019.900,4020.200
2026-07-28 14:35,4019.900,4023.600,4019.200,4020.600
2026-07-28 14:40,4019.900,4023.900,4018.500,4022.600
2026-07-28 14:45,4022.600,4028.600,4021.000,4028.100
2026-07-28 14:50,4027.800,4029.400,4025.700,4027.500
2026-07-28 14:55,4027.000,4028.000,4023.800,4023.800
2026-07-28 15:00,4024.600,4029.900,4023.800,4024.600
2026-07-28 15:05,4024.400,4027.700,4021.900,4027.500
2026-07-28 15:10,4027.700,4036.200,4027.600,4033.700
2026-07-28 15:15,4033.900,4036.400,4031.700,4035.600
2026-07-28 15:20,4035.900,4041.300,4035.200,4035.900
2026-07-28 15:25,4036.300,4040.400,4034.900,4035.600
2026-07-28 15:30,4035.700,4036.600,4032.300,4033.600
2026-07-28 15:35,4033.800,4038.700,4033.000,4037.400
2026-07-28 15:40,4037.500,4042.600,4037.100,4041.700
2026-07-28 15:45,4041.900,4045.800,4041.500,4043.600
2026-07-28 15:50,4043.700,4047.400,4041.800,4046.200
2026-07-28 15:55,4046.300,4047.300,4044.900,4046.500
2026-07-28 16:00,4046.700,4046.800,4042.600,4042.600
2026-07-28 16:05,4042.900,4045.200,4042.700,4043.600
2026-07-28 16:10,4043.700,4046.200,4042.500,4044.800
2026-07-28 16:15,4045.200,4045.800,4043.800,4045.500
2026-07-28 16:20,4045.500,4046.100,4043.300,4043.900
2026-07-28 16:25,4044.300,4045.100,4042.100,4042.300
2026-07-28 16:30,4042.500,4044.100,4041.300,4043.000
2026-07-28 16:35,4043.100,4044.000,4041.600,4042.100
2026-07-28 16:40,4042.300,4043.500,4040.400,4041.000
2026-07-28 16:45,4040.700,4041.700,4037.700,4038.100
2026-07-28 16:50,4038.100,4038.700,4036.900,4038.600
2026-07-28 16:55,4038.500,4038.500,4036.600,4037.600
2026-07-28 17:00,4037.900,4040.400,4037.600,4040.000
2026-07-28 17:05,4040.200,4041.500,4038.400,4038.700
2026-07-28 17:10,4038.500,4039.000,4035.600,4037.400
2026-07-28 17:15,4037.300,4037.300,4035.600,4035.600
2026-07-28 17:20,4035.700,4041.900,4035.300,4036.900
2026-07-28 17:25,4036.600,4040.000,4036.200,4037.900
2026-07-28 17:30,4038.100,4038.100,4034.400,4035.200
2026-07-28 17:35,4035.200,4035.300,4031.100,4031.300
2026-07-28 17:40,4031.100,4031.600,4027.500,4028.400
2026-07-28 17:45,4028.700,4029.800,4025.300,4029.800
2026-07-28 17:50,4029.100,4029.300,4026.000,4026.600
2026-07-28 17:55,4026.800,4028.300,4025.900,4028.000
2026-07-28 18:00,4028.100,4029.800,4027.400,4029.800
2026-07-28 18:05,4029.400,4030.500,4029.100,4029.900
2026-07-28 18:10,4029.900,4029.900,4027.800,4028.400
2026-07-28 18:15,4028.300,4030.100,4028.200,4029.000
2026-07-28 18:20,4028.700,4029.000,4026.600,4026.900
2026-07-28 18:25,4026.900,4027.800,4026.000,4027.200
2026-07-28 18:30,4027.400,4027.700,4023.900,4024.500
2026-07-28 18:35,4024.500,4024.800,4023.100,4023.700
2026-07-28 18:40,4023.900,4024.800,4023.000,4023.600
2026-07-28 18:45,4023.100,4025.900,4023.100,4023.800
2026-07-28 18:50,4023.900,4024.300,4022.000,4022.700
2026-07-28 18:55,4022.600,4023.300,4021.400,4023.100
2026-07-28 19:00,4022.800,4024.700,4022.300,4024.200
2026-07-28 19:05,4024.300,4025.600,4023.600,4024.400
2026-07-28 19:10,4024.200,4024.600,4023.500,4023.700
2026-07-28 19:15,4023.600,4024.700,4023.400,4023.400
2026-07-28 19:20,4023.500,4023.900,4022.000,4022.800
2026-07-28 19:25,4022.400,4023.300,4021.500,4022.600
2026-07-28 19:30,4023.100,4027.600,4022.300,4027.400
2026-07-28 19:35,4027.400,4027.400,4023.900,4024.400
2026-07-28 19:40,4024.600,4025.600,4024.300,4025.600
2026-07-28 19:50,4038.700,4038.700,4025.600,4027.000
2026-07-28 19:55,4026.700,4027.500,4025.500,4025.900
2026-07-28 20:00,4025.800,4025.800,4022.600,4023.000
2026-07-28 20:05,4023.000,4023.800,4022.200,4022.800
2026-07-28 20:10,4022.600,4024.500,4022.600,4023.400
2026-07-28 20:15,4023.400,4026.400,4023.400,4026.300
2026-07-28 20:20,4026.300,4026.300,4025.400,4025.700
2026-07-28 20:25,4025.900,4027.500,4025.500,4027.100
2026-07-28 20:30,4027.100,4028.300,4027.100,4028.000
2026-07-28 20:35,4028.100,4029.700,4027.000,4027.600
2026-07-28 20:40,4028.000,4030.100,4028.000,4030.000
2026-07-28 20:45,4029.900,4030.600,4027.700,4027.700
2026-07-28 20:50,4027.000,4028.500,4026.500,4028.500
2026-07-28 20:55,4028.000,4029.000,4027.900,4028.800
2026-07-28 22:00,4020.900,4034.000,4020.900,4025.800
2026-07-28 22:05,4026.800,4026.800,4025.500,4026.700
2026-07-28 22:10,4026.800,4026.900,4024.200,4024.200
2026-07-28 22:15,4024.200,4024.400,4021.800,4022.000
2026-07-28 22:20,4022.400,4022.500,4016.100,4016.800
2026-07-28 22:25,4017.100,4020.400,4016.800,4020.400
2026-07-28 22:30,4020.100,4020.500,4013.200,4016.600
2026-07-28 22:35,4016.600,4016.600,4013.500,4013.900
2026-07-28 22:40,4015.500,4018.200,4015.500,4017.700
2026-07-28 22:45,4017.300,4017.300,4014.300,4015.900
2026-07-28 22:50,4015.800,4018.100,4015.800,4017.400
2026-07-28 22:55,4017.300,4019.200,4017.000,4017.900
2026-07-28 23:00,4017.400,4017.900,4015.500,4015.900
2026-07-28 23:05,4016.500,4018.700,4016.000,4017.700
2026-07-28 23:10,4017.400,4022.400,4017.400,4022.100
2026-07-28 23:15,4021.500,4021.500,4015.000,4015.000
2026-07-28 23:20,4016.400,4018.800,4015.900,4017.100
2026-07-28 23:25,4018.300,4018.800,4015.000,4017.400
2026-07-28 23:30,4018.700,4018.700,4017.100,4018.000
2026-07-28 23:35,4018.600,4019.700,4018.600,4018.800
2026-07-28 23:40,4019.000,4022.600,4017.600,4022.400
2026-07-28 23:45,4021.800,4021.800,4019.100,4021.700
2026-07-28 23:50,4022.000,4023.400,4021.100,4023.000
2026-07-28 23:55,4022.500,4026.000,4022.500,4024.300
2026-07-29 00:00,4025.000,4025.500,4017.100,4022.100
2026-07-29 00:05,4021.400,4024.000,4018.000,4018.000
2026-07-29 00:10,4018.300,4022.000,4018.300,4019.800
2026-07-29 00:15,4022.700,4026.200,4021.700,4025.800
2026-07-29 00:20,4024.800,4030.700,4023.900,4023.900
2026-07-29 00:25,4024.200,4026.500,4021.500,4022.400
2026-07-29 00:30,4022.900,4024.700,4021.000,4023.800
2026-07-29 00:35,4023.500,4027.700,4023.300,4025.600
2026-07-29 00:40,4024.900,4026.100,4024.100,4026.100
2026-07-29 00:45,4025.300,4025.700,4020.800,4020.800
2026-07-29 00:50,4020.900,4022.800,4020.900,4022.100
2026-07-29 00:55,4020.200,4021.900,4020.000,4021.300
2026-07-29 01:00,4021.000,4021.000,4009.300,4011.200
2026-07-29 01:05,4010.300,4014.700,4010.000,4014.400
2026-07-29 01:10,4015.000,4016.800,4011.000,4012.200
2026-07-29 01:15,4011.700,4015.700,4011.200,4015.700
2026-07-29 01:20,4015.800,4016.500,4013.100,4013.200
2026-07-29 01:25,4014.400,4019.000,4014.400,4017.700
2026-07-29 01:30,4016.000,4023.400,4014.400,4023.400
2026-07-29 01:35,4023.600,4030.000,4021.800,4028.600
2026-07-29 01:40,4028.400,4029.300,4025.000,4025.700
2026-07-29 01:45,4026.900,4027.100,4023.400,4023.900
2026-07-29 01:50,4023.300,4024.400,4021.000,4022.100
2026-07-29 01:55,4022.500,4025.000,4022.500,4025.000
2026-07-29 02:00,4025.000,4028.200,4024.600,4027.600
2026-07-29 02:05,4026.900,4026.900,4022.300,4023.900
2026-07-29 02:10,4025.100,4027.200,4024.700,4026.900
2026-07-29 02:15,4027.100,4029.000,4025.000,4025.400
2026-07-29 02:20,4026.300,4034.300,4026.100,4033.300
2026-07-29 02:25,4032.000,4033.600,4030.100,4032.000
2026-07-29 02:30,4032.300,4035.200,4030.000,4030.100
2026-07-29 02:35,4030.700,4034.000,4030.600,4034.000
2026-07-29 02:40,4034.200,4036.800,4033.400,4034.300
2026-07-29 02:45,4033.500,4034.200,4031.000,4031.600
2026-07-29 02:50,4031.600,4031.600,4028.500,4029.500
2026-07-29 02:55,4029.700,4030.900,4028.300,4028.300
2026-07-29 03:00,4028.200,4029.500,4027.300,4027.400
2026-07-29 03:05,4027.400,4031.400,4027.400,4028.600
2026-07-29 03:10,4029.300,4029.300,4026.200,4026.900
2026-07-29 03:15,4026.700,4027.500,4026.000,4026.800
2026-07-29 03:20,4026.800,4026.900,4024.800,4025.400
2026-07-29 03:25,4024.800,4026.800,4024.700,4025.100
2026-07-29 03:30,4024.900,4025.100,4022.900,4025.000
2026-07-29 03:35,4025.000,4027.800,4025.000,4025.400
2026-07-29 03:40,4025.000,4025.000,4023.400,4024.300
2026-07-29 03:45,4024.400,4025.400,4023.900,4025.000
2026-07-29 03:50,4024.000,4024.700,4022.500,4022.500
2026-07-29 03:55,4022.400,4022.800,4021.500,4021.500
2026-07-29 04:00,4022.000,4023.100,4019.800,4020.400
2026-07-29 04:05,4020.400,4021.200,4019.800,4020.800
2026-07-29 04:10,4021.300,4021.400,4020.000,4020.000
2026-07-29 04:15,4019.500,4020.500,4019.300,4019.300
2026-07-29 04:20,4021.000,4022.600,4021.000,4022.200
2026-07-29 04:25,4022.900,4023.700,4021.200,4021.300
2026-07-29 04:30,4021.700,4025.300,4021.700,4025.000
2026-07-29 04:35,4023.400,4024.300,4023.200,4023.600
2026-07-29 04:40,4023.700,4025.500,4023.700,4025.200
2026-07-29 04:45,4026.000,4026.000,4021.900,4022.300
2026-07-29 04:50,4022.200,4024.600,4022.200,4024.500
2026-07-29 04:55,4025.400,4026.000,4024.300,4025.400
2026-07-29 05:00,4025.900,4027.500,4025.400,4026.900
2026-07-29 05:05,4026.800,4026.800,4025.400,4025.900
2026-07-29 05:10,4025.300,4029.900,4025.300,4028.300
2026-07-29 05:15,4027.900,4027.900,4025.900,4025.900
2026-07-29 05:20,4026.100,4029.200,4026.000,4029.000
2026-07-29 05:25,4029.000,4029.200,4027.700,4028.600
2026-07-29 05:30,4028.800,4032.400,4028.300,4029.300
2026-07-29 05:35,4030.600,4031.500,4028.800,4030.200
2026-07-29 05:40,4029.600,4037.900,4029.600,4037.700
2026-07-29 05:45,4037.800,4038.200,4031.700,4032.100
2026-07-29 05:50,4032.200,4034.100,4031.700,4033.000
2026-07-29 05:55,4032.400,4032.900,4030.000,4031.300
2026-07-29 06:00,4032.200,4035.600,4032.200,4035.600
2026-07-29 06:05,4035.500,4035.500,4033.300,4033.500
2026-07-29 06:10,4033.500,4036.500,4033.500,4036.500
2026-07-29 06:15,4036.500,4038.000,4036.100,4036.400
2026-07-29 06:20,4036.200,4040.800,4034.100,4040.200
2026-07-29 06:25,4038.900,4039.500,4038.900,4039.000
2026-07-29 06:30,4039.200,4042.000,4039.200,4042.000
2026-07-29 06:35,4041.800,4043.200,4040.500,4041.800
2026-07-29 06:40,4041.800,4042.200,4039.900,4041.400
2026-07-29 06:45,4040.700,4040.800,4038.400,4038.500
2026-07-29 06:50,4038.800,4040.600,4038.800,4039.700
2026-07-29 06:55,4039.700,4040.800,4038.900,4039.800
2026-07-29 07:00,4039.900,4043.000,4039.900,4041.600
2026-07-29 07:05,4041.000,4043.500,4040.800,4043.400
2026-07-29 07:10,4043.700,4045.300,4043.300,4044.400
2026-07-29 07:15,4043.400,4044.500,4043.100,4044.200
2026-07-29 07:20,4044.300,4046.700,4044.100,4045.800
2026-07-29 07:25,4045.500,4046.100,4043.500,4045.100
2026-07-29 07:30,4045.100,4105.800,4044.600,4104.800
2026-07-29 07:35,4104.600,4106.700,4104.600,4104.900
2026-07-29 07:40,4105.100,4106.600,4104.700,4105.200
2026-07-29 07:45,4105.100,4106.100,4103.200,4103.700
2026-07-29 07:50,4103.500,4103.700,4101.500,4102.300
2026-07-29 07:55,4102.700,4103.300,4101.700,4102.600
2026-07-29 08:00,4103.000,4103.500,4101.400,4102.700
2026-07-29 08:05,4102.500,4102.700,4099.600,4100.200
2026-07-29 08:10,4100.200,4101.300,4098.100,4098.100
2026-07-29 08:20,4099.500,4099.500,4096.300,4096.600
2026-07-29 08:25,4096.400,4097.100,4094.600,4096.300
2026-07-29 08:30,4096.300,4096.700,4094.700,4094.900
2026-07-29 08:35,4095.000,4097.700,4094.700,4096.800
2026-07-29 08:40,4096.600,4097.800,4096.500,4097.100
2026-07-29 08:45,4097.100,4098.800,4096.300,4096.700
2026-07-29 08:50,4096.500,4099.400,4096.100,4098.000
2026-07-29 08:55,4098.500,4098.700,4096.000,4096.500
2026-07-29 09:00,4096.800,4097.600,4095.500,4096.300
2026-07-29 09:05,4096.600,4097.300,4094.800,4096.700
2026-07-29 09:10,4096.900,4096.900,4094.600,4095.200
2026-07-29 09:15,4095.300,4096.800,4095.100,4096.100
2026-07-29 09:20,4095.900,4096.100,4092.900,4093.600
2026-07-29 09:25,4093.600,4093.700,4092.500,4092.600
2026-07-29 09:30,4093.000,4094.000,4090.400,4093.000
2026-07-29 09:35,4092.600,4094.100,4091.700,4092.100
2026-07-29 09:40,4092.000,4094.300,4091.400,4093.500
2026-07-29 09:45,4093.300,4095.100,4093.300,4094.900
2026-07-29 09:50,4095.000,4095.500,4094.100,4094.700
2026-07-29 09:55,4094.200,4094.200,4091.200,4091.900
2026-07-29 10:00,4091.500,4093.000,4091.200,4092.200
2026-07-29 10:05,4092.100,4093.100,4090.200,4091.700
2026-07-29 10:10,4091.800,4092.600,4089.900,4090.800
2026-07-29 10:15,4090.800,4091.400,4089.200,4091.400
2026-07-29 10:20,4091.500,4091.900,4090.400,4090.500
2026-07-29 10:25,4090.600,4092.500,4089.500,4092.300
2026-07-29 10:30,4092.000,4093.700,4091.300,4091.300
2026-07-29 10:35,4091.200,4091.700,4088.100,4088.100
2026-07-29 10:40,4088.500,4088.800,4085.400,4087.000
2026-07-29 10:45,4086.600,4087.300,4085.700,4086.700
2026-07-29 10:50,4086.600,4087.700,4085.100,4086.100
2026-07-29 10:55,4086.200,4086.500,4085.200,4086.100
2026-07-29 11:00,4086.800,4088.800,4086.300,4087.000
2026-07-29 11:05,4087.100,4087.500,4084.000,4085.300
2026-07-29 11:10,4085.400,4088.700,4085.400,4088.600
2026-07-29 11:15,4089.000,4092.200,4087.600,4091.700
2026-07-29 11:20,4091.800,4092.500,4091.000,4091.800
2026-07-29 11:25,4091.600,4092.700,4091.000,4091.700
2026-07-29 11:30,4092.000,4092.000,4090.500,4091.500
2026-07-29 11:35,4090.800,4091.200,4089.600,4090.800
2026-07-29 11:40,4091.300,4091.600,4090.000,4090.400
2026-07-29 11:45,4090.100,4095.400,4089.800,4094.000
2026-07-29 11:50,4093.500,4094.400,4091.200,4091.400
2026-07-29 11:55,4091.600,4091.700,4090.400,4091.500
2026-07-29 12:00,4091.700,4092.500,4089.300,4089.400
2026-07-29 12:05,4089.500,4090.400,4087.900,4089.000
2026-07-29 12:10,4088.700,4090.000,4084.800,4085.900
2026-07-29 12:15,4086.200,4086.400,4077.400,4077.400
2026-07-29 12:20,4077.500,4078.900,4072.400,4074.000
2026-07-29 12:25,4074.300,4075.800,4070.800,4072.000
2026-07-29 12:30,4071.200,4077.000,4067.400,4076.600
2026-07-29 12:35,4076.800,4080.700,4075.200,4079.700
2026-07-29 12:40,4079.900,4080.300,4075.800,4079.200
2026-07-29 12:45,4079.200,4081.400,4077.700,4078.900
2026-07-29 12:50,4078.600,4080.700,4077.400,4080.000
2026-07-29 12:55,4080.400,4082.300,4079.600,4080.900
2026-07-29 13:00,4081.300,4084.800,4077.100,4077.200
2026-07-29 13:05,4077.100,4077.500,4073.900,4075.000
2026-07-29 13:10,4074.400,4077.200,4073.500,4074.200
2026-07-29 13:15,4073.800,4076.900,4072.500,4075.400
2026-07-29 13:20,4075.300,4081.700,4074.300,4078.600
2026-07-29 13:25,4078.600,4081.500,4071.900,4072.500
2026-07-29 13:30,4072.800,4075.400,4068.000,4075.200
2026-07-29 13:35,4074.800,4075.700,4071.600,4074.000
2026-07-29 13:40,4073.900,4073.900,4070.400,4071.700
2026-07-29 13:45,4071.100,4073.900,4068.600,4073.000
2026-07-29 13:50,4072.400,4073.000,4064.000,4067.100
2026-07-29 13:55,4066.700,4066.700,4060.300,4064.800
2026-07-29 14:00,4065.100,4066.400,4059.200,4064.300
2026-07-29 14:05,4064.400,4065.300,4057.000,4057.600
2026-07-29 14:10,4057.700,4059.300,4053.900,4057.300
2026-07-29 14:15,4057.100,4067.100,4056.800,4065.400
2026-07-29 14:20,4065.700,4068.400,4064.400,4068.000
2026-07-29 14:25,4067.700,4067.700,4061.700,4063.900
2026-07-29 14:30,4063.600,4067.800,4062.400,4066.300
2026-07-29 14:35,4066.100,4066.500,4061.500,4062.100
2026-07-29 14:40,4062.600,4065.000,4057.500,4059.500
2026-07-29 14:45,4059.300,4061.000,4056.400,4059.600
2026-07-29 14:50,4060.000,4063.800,4059.000,4063.800
2026-07-29 14:55,4063.500,4064.000,4060.600,4063.200
2026-07-29 15:00,4063.600,4067.500,4061.700,4066.600
2026-07-29 15:05,4066.600,4068.500,4064.800,4068.500
2026-07-29 15:10,4068.000,4068.000,4064.200,4065.800
2026-07-29 15:15,4065.800,4067.000,4063.600,4063.600
2026-07-29 15:20,4063.500,4069.600,4062.400,4068.600
2026-07-29 15:25,4068.400,4069.900,4066.500,4069.100
2026-07-29 15:30,4069.200,4072.100,4068.200,4068.700
2026-07-29 15:35,4068.500,4070.800,4066.500,4067.300
2026-07-29 15:40,4067.100,4068.900,4065.400,4068.900
2026-07-29 15:45,4069.000,4071.300,4067.800,4071.000
2026-07-29 15:50,4070.900,4072.200,4069.100,4070.100
2026-07-29 15:55,4070.100,4070.100,4066.500,4068.500
2026-07-29 16:00,4068.500,4070.300,4066.300,4067.900
2026-07-29 16:05,4068.100,4074.600,4067.200,4073.300
2026-07-29 16:10,4073.300,4074.200,4068.400,4068.500
2026-07-29 16:15,4068.300,4070.100,4066.300,4070.100
2026-07-29 16:20,4070.000,4076.400,4069.600,4073.600
2026-07-29 16:25,4074.300,4075.800,4073.600,4075.100
2026-07-29 16:30,4075.000,4077.600,4073.400,4075.800
2026-07-29 16:35,4075.400,4076.600,4073.600,4075.500
2026-07-29 16:40,4075.300,4076.100,4074.100,4075.200
2026-07-29 16:45,4075.500,4076.500,4073.500,4076.300
2026-07-29 16:50,4076.100,4084.300,4076.100,4084.100
2026-07-29 16:55,4084.100,4091.700,4083.800,4086.100
2026-07-29 17:00,4086.200,4096.300,4086.100,4095.600
2026-07-29 17:05,4095.800,4100.000,4093.700,4097.500
2026-07-29 17:10,4097.300,4109.300,4096.100,4100.700
2026-07-29 17:15,4100.400,4106.400,4099.200,4103.700
2026-07-29 17:20,4103.400,4109.000,4103.100,4105.600
2026-07-29 17:25,4105.400,4106.300,4095.200,4097.200
2026-07-29 17:30,4097.100,4099.800,4095.700,4096.600
2026-07-29 17:35,4096.500,4099.900,4094.100,4099.600
2026-07-29 17:40,4099.600,4105.000,4098.900,4104.000
2026-07-29 17:45,4104.000,4106.400,4102.900,4105.500
2026-07-29 17:50,4105.300,4105.800,4102.800,4103.300
2026-07-29 17:55,4102.300,4103.400,4099.400,4102.900
2026-07-29 18:00,4103.100,4149.400,4101.300,4126.800
2026-07-29 18:05,4126.800,4143.200,4126.000,4136.600
2026-07-29 18:10,4136.000,4146.100,4131.900,4140.500
2026-07-29 18:15,4140.600,4143.700,4130.600,4131.000
2026-07-29 18:20,4130.700,4132.400,4125.000,4125.800
2026-07-29 18:25,4125.500,4127.000,4123.000,4127.000
2026-07-29 18:30,4126.600,4132.100,4111.100,4118.600
2026-07-29 18:35,4119.200,4131.900,4112.800,4130.200
2026-07-29 18:40,4130.100,4146.900,4128.800,4143.200
2026-07-29 18:45,4143.200,4161.200,4141.200,4159.300
2026-07-29 18:50,4159.800,4170.300,4152.500,4165.200
2026-07-29 18:55,4165.300,4169.600,4161.000,4166.800
2026-07-29 19:00,4167.100,4176.800,4161.200,4163.200
2026-07-29 19:05,4163.500,4165.300,4153.500,4156.500
2026-07-29 19:10,4156.500,4162.000,4149.800,4159.200
2026-07-29 19:15,4159.600,4164.400,4157.000,4158.400
2026-07-29 19:20,4158.000,4159.200,4144.600,4146.500
2026-07-29 19:25,4146.500,4147.300,4140.100,4143.600
2026-07-29 19:30,4143.700,4147.800,4125.300,4132.300
2026-07-29 19:35,4132.000,4135.200,4124.600,4127.900
2026-07-29 19:40,4128.300,4132.200,4124.500,4128.300
2026-07-29 19:45,4128.400,4131.400,4125.000,4130.700
2026-07-29 19:50,4130.400,4130.400,4120.600,4121.100
2026-07-29 19:55,4120.900,4121.100,4103.800,4104.700
2026-07-29 20:00,4104.200,4112.300,4101.700,4111.900
2026-07-29 20:05,4112.100,4112.800,4108.300,4112.500
2026-07-29 20:10,4111.800,4115.000,4108.000,4110.800
2026-07-29 20:15,4110.400,4110.400,4106.400,4107.900
2026-07-29 20:20,4107.500,4109.300,4102.600,4107.500
2026-07-29 20:25,4107.800,4116.200,4106.800,4114.200
2026-07-29 20:30,4114.200,4118.300,4112.700,4117.900
2026-07-29 20:35,4117.700,4122.400,4117.000,4122.300
2026-07-29 20:40,4122.000,4127.700,4122.000,4125.700
2026-07-29 20:45,4125.400,4128.900,4124.000,4124.800
2026-07-29 20:50,4124.700,4125.000,4122.100,4124.000
2026-07-29 20:55,4124.200,4127.100,4123.700,4126.000
2026-07-29 22:00,4126.700,4133.500,4121.100,4131.800
2026-07-29 22:05,4131.500,4132.100,4122.000,4127.200
2026-07-29 22:10,4127.500,4135.400,4127.500,4134.300
2026-07-29 22:15,4133.900,4135.500,4131.500,4132.200
2026-07-29 22:20,4132.400,4132.800,4130.600,4132.500
2026-07-29 22:25,4132.300,4133.100,4130.300,4132.700
2026-07-29 22:30,4132.500,4133.600,4130.500,4133.300
2026-07-29 22:35,4133.400,4136.600,4133.200,4133.700
2026-07-29 22:40,4133.500,4139.100,4133.100,4138.500
2026-07-29 22:45,4139.300,4143.200,4137.500,4142.500
2026-07-29 22:50,4142.400,4143.900,4141.200,4142.900
2026-07-29 22:55,4142.600,4148.200,4142.600,4146.300
2026-07-29 23:00,4146.500,4153.500,4146.200,4152.800
2026-07-29 23:05,4152.900,4158.000,4152.000,4154.000
2026-07-29 23:10,4154.700,4154.700,4147.900,4148.600
2026-07-29 23:15,4149.400,4152.400,4148.200,4151.500
2026-07-29 23:20,4151.600,4152.400,4149.500,4150.200
2026-07-29 23:25,4149.500,4152.500,4148.700,4151.100
2026-07-29 23:30,4151.600,4151.600,4148.600,4150.600
2026-07-29 23:35,4151.300,4152.500,4149.900,4149.900
2026-07-29 23:40,4149.800,4150.000,4147.300,4147.600
2026-07-29 23:45,4148.000,4150.700,4146.600,4149.000
2026-07-29 23:50,4148.900,4150.100,4144.300,4145.100
2026-07-29 23:55,4145.500,4146.500,4142.000,4142.000
2026-07-30 00:00,4142.500,4144.300,4137.200,4138.700
2026-07-30 00:05,4138.900,4143.100,4138.200,4140.500
2026-07-30 00:10,4139.300,4140.600,4136.700,4139.200
2026-07-30 00:15,4138.600,4141.000,4134.400,4134.400
2026-07-30 00:20,4135.300,4138.400,4132.600,4138.400
2026-07-30 00:25,4137.900,4138.400,4130.100,4132.600
2026-07-30 00:30,4133.800,4134.300,4129.600,4129.900
2026-07-30 00:35,4129.300,4131.000,4125.500,4126.700
2026-07-30 00:40,4127.000,4128.600,4122.300,4123.600
2026-07-30 00:45,4124.100,4125.800,4122.500,4124.800
2026-07-30 00:50,4124.100,4125.500,4122.600,4125.500
2026-07-30 00:55,4125.600,4130.500,4124.500,4129.700
2026-07-30 01:00,4130.000,4147.500,4127.800,4147.200
2026-07-30 01:05,4147.500,4151.500,4144.100,4144.600
2026-07-30 01:10,4144.600,4145.800,4132.900,4133.400
2026-07-30 01:15,4133.200,4136.400,4131.100,4133.300
2026-07-30 01:20,4133.900,4139.300,4131.900,4138.700
2026-07-30 01:25,4138.400,4142.600,4138.000,4139.000
2026-07-30 01:30,4138.800,4144.100,4138.200,4143.800
2026-07-30 01:35,4143.200,4146.000,4142.100,4145.000
2026-07-30 01:40,4145.000,4147.500,4144.300,4144.300
2026-07-30 01:45,4144.000,4147.400,4141.400,4146.300
2026-07-30 01:50,4145.800,4148.100,4144.500,4146.200
2026-07-30 01:55,4145.900,4149.000,4141.500,4142.400
2026-07-30 02:00,4142.100,4148.000,4141.900,4146.500
2026-07-30 02:05,4147.400,4147.700,4144.900,4145.300
2026-07-30 02:10,4146.000,4146.000,4139.900,4140.500
2026-07-30 02:15,4140.000,4140.000,4137.500,4139.500
2026-07-30 02:20,4139.900,4141.000,4138.500,4140.500
2026-07-30 02:25,4140.100,4141.000,4137.900,4140.500
2026-07-30 02:30,4140.200,4140.200,4133.000,4133.700
2026-07-30 02:35,4134.700,4135.800,4132.200,4134.100
2026-07-30 02:40,4135.000,4136.500,4131.000,4134.300
2026-07-30 02:45,4134.200,4134.800,4131.400,4131.900
2026-07-30 02:50,4132.000,4132.600,4127.800,4128.500
2026-07-30 02:55,4128.900,4129.300,4120.700,4121.400
2026-07-30 03:00,4121.100,4127.500,4120.000,4126.300
2026-07-30 03:05,4127.300,4127.500,4121.500,4121.500
2026-07-30 03:10,4122.000,4122.700,4117.800,4120.000
2026-07-30 03:15,4120.400,4121.400,4113.900,4115.200
2026-07-30 03:20,4114.800,4115.900,4112.500,4113.900
2026-07-30 03:25,4114.000,4114.800,4109.900,4111.100
2026-07-30 03:30,4111.300,4112.500,4108.600,4110.600
2026-07-30 03:35,4111.100,4113.200,4107.600,4108.300
2026-07-30 03:40,4108.400,4110.800,4108.100,4109.200
2026-07-30 03:45,4109.100,4115.300,4109.100,4115.200
2026-07-30 03:50,4114.800,4116.700,4114.200,4115.500
2026-07-30 03:55,4115.300,4116.900,4113.700,4114.100
2026-07-30 04:00,4115.900,4117.100,4112.500,4113.700
2026-07-30 04:05,4113.300,4114.000,4111.400,4113.700
2026-07-30 04:10,4112.700,4112.900,4108.900,4110.100
2026-07-30 04:15,4110.400,4111.500,4108.600,4109.000
2026-07-30 04:20,4109.000,4110.500,4107.600,4109.200
2026-07-30 04:25,4109.200,4111.900,4109.100,4110.700
2026-07-30 04:30,4110.900,4110.900,4108.000,4108.400
2026-07-30 04:35,4108.500,4108.800,4105.600,4106.500
2026-07-30 04:40,4106.200,4107.000,4104.100,4105.600
2026-07-30 04:45,4105.300,4108.700,4102.600,4103.300
2026-07-30 04:50,4103.200,4104.900,4102.200,4104.100
2026-07-30 04:55,4103.800,4104.100,4100.300,4102.500
2026-07-30 05:00,4102.200,4102.200,4098.200,4101.400
2026-07-30 05:05,4101.200,4101.800,4098.300,4101.700
2026-07-30 05:10,4101.400,4102.100,4100.400,4101.900
2026-07-30 05:15,4102.300,4102.800,4093.900,4098.200
2026-07-30 05:20,4098.300,4101.100,4098.100,4100.100
2026-07-30 05:25,4100.500,4104.000,4099.400,4103.500
2026-07-30 05:30,4103.200,4108.000,4102.000,4104.700
2026-07-30 05:35,4104.700,4104.800,4085.000,4088.200
2026-07-30 05:40,4088.200,4093.800,4086.900,4090.400
2026-07-30 05:45,4089.900,4095.200,4087.600,4089.000
2026-07-30 05:50,4089.400,4092.300,4087.400,4090.200
2026-07-30 05:55,4089.900,4093.000,4087.000,4090.400
2026-07-30 06:00,4090.800,4095.400,4090.700,4095.400
2026-07-30 06:05,4095.600,4096.400,4092.100,4092.400
2026-07-30 06:10,4093.200,4094.300,4088.200,4089.300
2026-07-30 06:15,4089.000,4091.000,4087.600,4090.500
2026-07-30 06:20,4090.200,4096.300,4090.100,4094.100
2026-07-30 06:25,4094.800,4094.800,4086.300,4090.500
2026-07-30 06:30,4090.100,4093.500,4088.300,4092.700
2026-07-30 06:35,4092.600,4094.300,4091.700,4094.200
2026-07-30 06:40,4094.600,4095.700,4091.700,4093.000
2026-07-30 06:45,4092.900,4095.200,4091.600,4093.800
2026-07-30 06:50,4093.900,4098.100,4093.600,4095.800
2026-07-30 06:55,4095.700,4096.000,4092.300,4093.800
2026-07-30 07:00,4093.800,4105.000,4092.700,4102.400
2026-07-30 07:05,4102.000,4102.700,4100.000,4102.700
2026-07-30 07:10,4103.000,4104.700,4101.100,4103.800
2026-07-30 07:15,4104.000,4108.500,4103.700,4107.100
2026-07-30 07:20,4106.700,4107.800,4101.700,4105.200
2026-07-30 07:25,4105.200,4105.300,4100.600,4103.200
2026-07-30 07:30,4103.000,4103.400,4097.400,4098.400
2026-07-30 07:35,4098.600,4099.300,4093.000,4097.200
2026-07-30 07:40,4097.800,4104.700,4097.800,4103.200
2026-07-30 07:45,4103.100,4103.800,4099.200,4099.300
2026-07-30 07:50,4099.000,4102.900,4097.700,4098.700
2026-07-30 07:55,4098.000,4098.400,4095.100,4096.100
2026-07-30 08:00,4096.100,4103.200,4093.900,4102.900
2026-07-30 08:05,4103.300,4111.200,4102.200,4107.900
2026-07-30 08:10,4108.200,4113.800,4107.100,4110.900
2026-07-30 08:15,4110.500,4114.600,4109.800,4114.600
2026-07-30 08:20,4114.700,4121.800,4113.200,4117.800
2026-07-30 08:25,4118.000,4126.400,4117.600,4122.000
2026-07-30 08:30,4122.100,4130.900,4121.100,4126.300
2026-07-30 08:35,4126.200,4129.600,4122.400,4122.600
2026-07-30 08:40,4122.300,4124.400,4121.100,4123.800
2026-07-30 08:45,4123.800,4128.700,4121.100,4121.400
2026-07-30 08:50,4121.400,4122.300,4117.700,4118.100
2026-07-30 08:55,4118.300,4119.900,4117.200,4119.200
2026-07-30 09:00,4119.400,4125.500,4118.300,4124.400
2026-07-30 09:05,4124.000,4127.000,4123.400,4125.100
2026-07-30 09:10,4125.100,4127.000,4123.100,4123.900
2026-07-30 09:15,4124.100,4125.700,4122.600,4124.400
2026-07-30 09:20,4124.700,4130.300,4124.500,4128.500
2026-07-30 09:25,4128.100,4130.300,4125.300,4125.600
2026-07-30 09:30,4125.500,4126.400,4118.400,4124.700
2026-07-30 09:35,4124.400,4127.600,4123.400,4123.500
2026-07-30 09:40,4123.800,4124.500,4122.700,4123.800
2026-07-30 09:45,4124.000,4127.700,4122.200,4127.400
2026-07-30 09:50,4127.800,4131.500,4125.000,4125.200
2026-07-30 09:55,4125.100,4125.600,4120.500,4121.500
2026-07-30 10:00,4121.800,4126.300,4121.200,4123.500
2026-07-30 10:05,4123.600,4130.800,4123.300,4129.700
2026-07-30 10:10,4129.600,4133.300,4122.700,4127.000
2026-07-30 10:15,4126.800,4136.000,4126.000,4134.000
2026-07-30 10:20,4134.500,4136.100,4132.600,4134.600
2026-07-30 10:25,4135.000,4136.300,4133.900,4134.800
2026-07-30 10:30,4134.800,4137.800,4133.500,4135.800
2026-07-30 10:35,4135.800,4140.000,4135.200,4135.600
2026-07-30 10:40,4135.700,4141.200,4135.700,4139.600
2026-07-30 10:45,4139.700,4142.200,4138.000,4138.000
2026-07-30 10:50,4138.200,4140.400,4136.500,4137.400
2026-07-30 10:55,4137.200,4138.200,4136.300,4136.400
2026-07-30 11:00,4136.500,4139.200,4136.000,4137.600
2026-07-30 11:05,4137.400,4141.000,4137.200,4140.100
2026-07-30 11:10,4140.500,4141.500,4136.800,4138.000
2026-07-30 11:15,4137.700,4140.400,4136.300,4136.300
2026-07-30 11:20,4136.400,4139.900,4134.900,4139.800
2026-07-30 11:25,4140.000,4140.000,4134.900,4136.600
2026-07-30 11:30,4136.700,4137.200,4134.700,4135.300
2026-07-30 11:35,4135.600,4137.300,4134.800,4136.000
2026-07-30 11:40,4135.500,4137.700,4135.200,4135.500
2026-07-30 11:45,4135.700,4136.100,4133.600,4134.600
2026-07-30 11:50,4135.000,4138.900,4134.500,4138.500
2026-07-30 11:55,4138.100,4138.500,4134.800,4136.000
2026-07-30 12:00,4136.000,4137.700,4132.700,4136.600
2026-07-30 12:05,4136.900,4141.000,4136.900,4140.100
2026-07-30 12:10,4140.300,4140.300,4133.100,4137.100
2026-07-30 12:15,4137.000,4137.000,4131.100,4133.000
2026-07-30 12:20,4133.200,4134.900,4129.800,4134.600
2026-07-30 12:25,4134.700,4139.800,4134.600,4135.400
2026-07-30 12:30,4139.000,4145.400,4129.800,4131.800
2026-07-30 12:35,4131.800,4136.500,4130.200,4136.200
2026-07-30 12:40,4136.300,4140.100,4132.200,4135.800
2026-07-30 12:45,4136.200,4137.600,4131.200,4133.500
2026-07-30 12:50,4133.500,4135.900,4125.400,4128.400
2026-07-30 12:55,4128.200,4132.100,4126.600,4127.400
2026-07-30 13:00,4127.300,4132.300,4123.200,4126.500
2026-07-30 13:05,4126.600,4135.200,4124.900,4132.200
2026-07-30 13:10,4132.100,4135.100,4128.300,4135.100
2026-07-30 13:15,4134.800,4135.900,4131.300,4131.300
2026-07-30 13:20,4131.100,4142.200,4130.700,4140.500
2026-07-30 13:25,4140.700,4141.300,4132.700,4138.600
2026-07-30 13:30,4138.600,4140.400,4133.700,4134.100
2026-07-30 13:35,4134.000,4157.700,4133.200,4150.000
2026-07-30 13:40,4149.700,4155.300,4143.700,4148.100
2026-07-30 13:45,4148.100,4160.700,4144.500,4153.900
2026-07-30 13:50,4154.100,4162.100,4152.600,4162.100
2026-07-30 13:55,4161.800,4172.500,4160.100,4172.000
2026-07-30 14:00,4172.100,4180.200,4166.000,4167.000
2026-07-30 14:05,4167.400,4169.300,4153.400,4159.000
2026-07-30 14:10,4158.800,4162.000,4155.600,4157.300
2026-07-30 14:15,4157.600,4159.600,4149.700,4150.100
2026-07-30 14:20,4150.200,4158.000,4146.100,4148.800
2026-07-30 14:25,4148.600,4155.200,4145.600,4155.200
2026-07-30 14:30,4155.300,4162.100,4154.000,4159.700
2026-07-30 14:35,4159.400,4165.400,4159.400,4164.900
2026-07-30 14:40,4165.400,4170.700,4163.300,4170.200
2026-07-30 14:45,4170.400,4172.700,4161.200,4164.500
2026-07-30 14:50,4164.200,4164.200,4157.900,4158.900
2026-07-30 14:55,4158.700,4160.100,4155.700,4159.100
2026-07-30 15:00,4159.400,4159.400,4155.400,4156.900
2026-07-30 15:05,4156.500,4157.800,4148.600,4150.200
2026-07-30 15:10,4149.800,4150.000,4141.900,4144.600
2026-07-30 15:15,4144.400,4155.800,4143.700,4154.600
2026-07-30 15:20,4155.000,4156.200,4151.300,4153.700
2026-07-30 15:25,4153.700,4155.400,4151.100,4155.100
2026-07-30 15:30,4155.000,4159.300,4151.800,4158.500
2026-07-30 15:35,4158.800,4159.900,4156.900,4158.100
2026-07-30 15:40,4158.100,4165.800,4157.700,4164.400
2026-07-30 15:45,4164.400,4166.100,4162.400,4165.000
2026-07-30 15:50,4164.900,4166.900,4163.500,4165.900
2026-07-30 15:55,4166.100,4169.200,4165.900,4167.000
2026-07-30 16:00,4166.800,4175.000,4166.800,4173.800
2026-07-30 16:05,4173.700,4174.000,4170.100,4170.200
2026-07-30 16:10,4170.200,4174.800,4168.100,4173.200
2026-07-30 16:15,4173.100,4175.200,4172.800,4173.400
2026-07-30 16:20,4173.100,4178.300,4172.400,4178.100
2026-07-30 16:25,4177.800,4178.200,4174.700,4175.400
2026-07-30 16:30,4175.400,4175.500,4171.700,4172.300
2026-07-30 16:35,4172.400,4173.900,4169.300,4169.700
2026-07-30 16:40,4169.900,4171.200,4167.300,4167.600
2026-07-30 16:45,4167.900,4168.800,4166.100,4168.700
2026-07-30 16:50,4168.700,4169.300,4165.600,4167.000
2026-07-30 16:55,4166.800,4169.800,4166.600,4169.800
2026-07-30 17:00,4169.800,4170.200,4165.600,4167.000
2026-07-30 17:05,4166.800,4168.000,4165.800,4166.600
2026-07-30 17:10,4166.400,4167.800,4163.800,4163.800
2026-07-30 17:15,4163.800,4165.900,4162.700,4165.400
2026-07-30 17:20,4165.800,4167.300,4163.600,4167.300
2026-07-30 17:25,4166.900,4166.900,4157.100,4160.800
2026-07-30 17:30,4160.500,4161.500,4159.000,4159.800
2026-07-30 17:35,4160.200,4167.400,4158.900,4161.800
2026-07-30 17:40,4161.600,4165.700,4161.600,4165.000
2026-07-30 17:45,4164.800,4167.400,4163.200,4163.200
2026-07-30 17:50,4163.200,4163.400,4161.500,4162.100
2026-07-30 17:55,4162.000,4162.500,4159.900,4161.500
2026-07-30 18:00,4161.500,4164.700,4161.500,4163.800
2026-07-30 18:05,4164.200,4165.500,4163.400,4164.900
2026-07-30 18:10,4164.900,4165.800,4163.800,4165.500
2026-07-30 18:15,4165.600,4165.600,4162.600,4163.100
2026-07-30 18:20,4162.700,4164.500,4160.100,4161.000
2026-07-30 18:25,4161.200,4162.700,4159.900,4162.300
2026-07-30 18:30,4162.900,4166.800,4162.000,4165.300
2026-07-30 18:35,4165.200,4165.600,4163.300,4163.500
2026-07-30 18:40,4163.400,4164.600,4162.800,4163.500
2026-07-30 18:45,4163.700,4164.100,4159.200,4159.800
2026-07-30 18:50,4160.000,4160.200,4157.700,4158.000
2026-07-30 18:55,4158.100,4159.200,4157.900,4158.800
2026-07-30 19:00,4158.700,4162.600,4158.000,4162.400
2026-07-30 19:05,4162.600,4164.600,4161.800,4164.200
2026-07-30 19:10,4164.400,4164.800,4162.100,4163.900
2026-07-30 19:15,4163.600,4172.100,4162.000,4169.700
2026-07-30 19:20,4169.700,4170.700,4168.000,4170.300
2026-07-30 19:25,4170.200,4174.100,4169.700,4172.000
2026-07-30 19:30,4171.500,4173.500,4171.300,4173.500
2026-07-30 19:35,4173.500,4174.500,4171.200,4171.800
2026-07-30 19:40,4172.200,4173.300,4170.300,4171.300
2026-07-30 19:45,4171.400,4172.300,4170.100,4171.600
2026-07-30 19:50,4171.400,4172.100,4168.500,4168.500
2026-07-30 19:55,4168.500,4171.800,4168.200,4171.200
2026-07-30 20:00,4171.300,4176.700,4169.300,4176.700
2026-07-30 20:05,4176.300,4176.300,4172.600,4173.800
2026-07-30 20:10,4173.700,4174.800,4172.200,4173.200
2026-07-30 20:15,4173.200,4174.200,4171.300,4172.900
2026-07-30 20:20,4172.900,4173.300,4171.800,4172.600
2026-07-30 20:25,4172.800,4173.500,4170.700,4171.300
2026-07-30 20:30,4171.400,4171.800,4166.900,4168.500
2026-07-30 20:35,4168.300,4168.300,4165.200,4166.400
2026-07-30 20:40,4166.100,4166.500,4161.300,4162.400
2026-07-30 20:45,4161.900,4163.000,4159.300,4159.400
2026-07-30 20:50,4159.400,4161.800,4158.000,4160.500
2026-07-30 20:55,4160.500,4163.100,4159.800,4162.800
2026-07-30 22:00,4163.900,4165.500,4158.000,4161.600
2026-07-30 22:05,4161.700,4164.300,4161.200,4163.200
2026-07-30 22:10,4164.400,4166.300,4163.500,4165.200
2026-07-30 22:15,4165.500,4166.800,4164.800,4166.600
2026-07-30 22:20,4166.700,4166.800,4165.500,4166.000
2026-07-30 22:25,4166.100,4166.800,4165.300,4165.800
2026-07-30 22:30,4165.800,4166.800,4165.400,4166.100
2026-07-30 22:35,4166.500,4169.000,4166.500,4168.500
2026-07-30 22:40,4168.600,4169.000,4168.000,4168.800
2026-07-30 22:45,4168.900,4169.700,4167.400,4169.400
2026-07-30 22:50,4169.000,4169.800,4168.400,4169.600
2026-07-30 22:55,4169.000,4169.000,4167.400,4167.400
2026-07-30 23:00,4168.100,4169.900,4168.100,4169.400
2026-07-30 23:05,4169.300,4170.700,4167.400,4168.400
2026-07-30 23:10,4167.900,4167.900,4164.800,4166.100
2026-07-30 23:15,4165.600,4165.900,4164.800,4164.800
2026-07-30 23:20,4164.800,4166.100,4163.000,4164.800
2026-07-30 23:25,4164.400,4164.900,4161.800,4162.800
2026-07-30 23:30,4162.800,4163.700,4161.300,4162.500
2026-07-30 23:35,4162.400,4164.900,4160.800,4164.900
2026-07-30 23:40,4165.300,4166.900,4163.100,4164.300
2026-07-30 23:45,4165.100,4168.800,4165.100,4167.100
2026-07-30 23:50,4166.700,4167.800,4164.800,4165.600
2026-07-30 23:55,4165.500,4165.800,4164.300,4164.400
2026-07-31 00:00,4164.800,4165.400,4160.100,4163.600
2026-07-31 00:05,4162.600,4162.700,4160.300,4162.300
2026-07-31 00:10,4161.100,4162.600,4159.200,4159.900
2026-07-31 00:15,4159.800,4161.300,4158.600,4159.900
2026-07-31 00:20,4159.800,4162.400,4157.000,4161.400
2026-07-31 00:25,4161.100,4161.100,4154.500,4154.900
2026-07-31 00:30,4155.100,4156.300,4152.000,4152.500
2026-07-31 00:35,4152.300,4152.300,4150.200,4151.300
2026-07-31 00:40,4151.200,4152.200,4149.000,4151.500
2026-07-31 00:45,4151.000,4153.100,4149.000,4152.200
2026-07-31 00:50,4152.200,4153.900,4151.200,4151.700
2026-07-31 00:55,4152.200,4155.000,4151.200,4153.500
2026-07-31 01:00,4153.500,4160.000,4153.400,4156.000
2026-07-31 01:05,4156.100,4159.700,4153.800,4156.400
2026-07-31 01:10,4156.000,4156.200,4146.800,4147.300
2026-07-31 01:15,4147.500,4152.700,4144.500,4152.700
2026-07-31 01:20,4152.600,4153.200,4149.600,4150.900
2026-07-31 01:25,4150.800,4152.900,4148.700,4150.300
2026-07-31 01:30,4150.300,4150.300,4144.800,4145.800
2026-07-31 01:35,4145.900,4146.300,4142.000,4143.200
2026-07-31 01:40,4142.900,4145.800,4142.500,4144.100
2026-07-31 01:45,4143.700,4147.400,4141.300,4142.000
2026-07-31 01:50,4142.500,4144.100,4140.000,4143.200
2026-07-31 01:55,4143.200,4145.800,4142.500,4142.500
2026-07-31 02:00,4142.700,4144.600,4139.800,4143.500
2026-07-31 02:05,4143.900,4147.900,4143.900,4147.200
2026-07-31 02:10,4147.000,4148.800,4143.400,4143.900
2026-07-31 02:15,4143.700,4143.700,4140.000,4140.600
2026-07-31 02:20,4141.300,4142.200,4140.600,4140.700
2026-07-31 02:25,4140.500,4141.400,4139.900,4140.300
2026-07-31 02:30,4140.000,4142.500,4139.200,4140.100
2026-07-31 02:35,4140.000,4140.900,4139.200,4139.800
2026-07-31 02:40,4140.200,4140.200,4133.400,4133.400
2026-07-31 02:45,4133.900,4136.100,4132.800,4135.600
2026-07-31 02:50,4134.900,4135.600,4132.500,4134.800
2026-07-31 02:55,4134.800,4136.600,4134.000,4134.100
2026-07-31 03:00,4134.000,4134.100,4131.400,4131.400
2026-07-31 03:05,4131.700,4134.300,4131.600,4132.700
2026-07-31 03:10,4132.000,4133.400,4129.700,4131.400
2026-07-31 03:15,4131.100,4132.000,4130.000,4131.300
2026-07-31 03:20,4131.400,4132.500,4130.100,4131.300
2026-07-31 03:25,4131.600,4133.800,4130.500,4133.200
2026-07-31 03:30,4133.300,4135.000,4133.000,4134.900
2026-07-31 03:35,4134.300,4137.400,4132.900,4136.600
2026-07-31 03:40,4136.100,4136.400,4133.500,4134.500
2026-07-31 03:45,4134.900,4135.500,4133.400,4133.900
2026-07-31 03:50,4133.800,4134.400,4132.500,4132.700
2026-07-31 03:55,4133.000,4133.100,4132.000,4133.100
2026-07-31 04:00,4132.600,4133.700,4131.900,4132.200
2026-07-31 04:05,4133.000,4133.100,4131.500,4133.100
2026-07-31 04:10,4133.200,4135.000,4131.000,4134.900
2026-07-31 04:15,4134.800,4135.800,4133.600,4133.900
2026-07-31 04:20,4133.700,4136.600,4132.300,4136.300
2026-07-31 04:25,4136.200,4138.100,4135.400,4138.000
2026-07-31 04:30,4137.900,4139.000,4137.400,4137.700
2026-07-31 04:35,4137.800,4139.500,4137.800,4139.500
2026-07-31 04:40,4139.400,4139.400,4137.100,4137.100
2026-07-31 04:45,4137.000,4137.600,4133.100,4133.100
2026-07-31 04:50,4133.200,4135.700,4132.500,4135.500
2026-07-31 04:55,4135.500,4138.000,4135.500,4137.600
2026-07-31 05:00,4138.000,4140.600,4137.600,4140.600
2026-07-31 05:05,4140.100,4141.300,4138.700,4139.500
2026-07-31 05:10,4139.600,4140.100,4137.500,4137.800
2026-07-31 05:15,4137.700,4140.300,4137.500,4140.000
2026-07-31 05:20,4139.600,4140.900,4138.300,4140.600
2026-07-31 05:25,4140.100,4140.300,4138.000,4138.900
2026-07-31 05:30,4139.000,4139.700,4136.800,4137.000
2026-07-31 05:35,4137.200,4139.100,4135.400,4137.700
2026-07-31 05:40,4137.500,4137.900,4133.700,4134.300
2026-07-31 05:45,4134.200,4134.200,4131.500,4133.600
2026-07-31 05:50,4133.400,4133.500,4131.000,4133.300
2026-07-31 05:55,4133.100,4133.700,4131.300,4132.100
2026-07-31 06:00,4132.400,4135.700,4130.500,4135.600
2026-07-31 06:05,4135.600,4140.100,4135.500,4140.000
2026-07-31 06:10,4139.800,4140.600,4137.900,4140.300
2026-07-31 06:15,4139.900,4145.300,4138.800,4144.100
2026-07-31 06:20,4144.300,4145.000,4140.100,4141.200
2026-07-31 06:25,4142.000,4144.300,4139.900,4143.200
2026-07-31 06:30,4142.700,4142.700,4135.300,4136.500
2026-07-31 06:35,4136.500,4138.100,4134.900,4136.600
2026-07-31 06:40,4136.700,4136.900,4135.500,4135.800
2026-07-31 06:45,4135.500,4139.400,4134.200,4135.300
2026-07-31 06:50,4135.800,4136.400,4134.200,4136.200
2026-07-31 06:55,4136.800,4137.200,4135.200,4135.400
2026-07-31 07:00,4135.000,4135.700,4133.000,4135.400
2026-07-31 07:05,4135.500,4136.800,4134.800,4136.100
2026-07-31 07:10,4136.100,4136.300,4133.000,4135.200
2026-07-31 07:15,4135.100,4136.800,4134.000,4136.200
2026-07-31 07:20,4136.200,4136.200,4132.000,4132.600
2026-07-31 07:25,4132.600,4133.500,4129.500,4130.500
2026-07-31 07:30,4130.200,4130.200,4126.500,4127.300
2026-07-31 07:35,4127.000,4130.000,4125.500,4129.500
2026-07-31 07:40,4129.700,4131.400,4129.200,4129.500
2026-07-31 07:45,4129.800,4132.000,4128.600,4129.100
2026-07-31 07:50,4129.600,4129.800,4127.000,4128.500
2026-07-31 07:55,4128.500,4129.300,4124.700,4125.100
2026-07-31 08:00,4125.400,4125.400,4120.000,4120.700
2026-07-31 08:05,4120.700,4122.700,4120.100,4122.200
2026-07-31 08:10,4122.400,4122.600,4118.400,4119.400
2026-07-31 08:15,4119.400,4123.800,4118.500,4123.600
2026-07-31 08:20,4123.500,4124.600,4116.200,4117.300
2026-07-31 08:25,4117.200,4118.500,4114.900,4115.700
2026-07-31 08:30,4115.700,4116.500,4110.800,4114.300
2026-07-31 08:35,4114.400,4117.200,4114.000,4116.900
2026-07-31 08:40,4116.600,4118.400,4115.200,4116.100
2026-07-31 08:45,4115.900,4119.800,4114.600,4118.100
2026-07-31 08:50,4118.100,4119.200,4115.200,4115.300
2026-07-31 08:55,4115.300,4121.300,4115.100,4117.600
2026-07-31 09:00,4117.300,4120.800,4117.100,4117.200
2026-07-31 09:05,4116.900,4118.700,4114.500,4114.500
2026-07-31 09:10,4114.400,4114.900,4111.600,4113.400
2026-07-31 09:15,4113.400,4113.800,4111.300,4112.400
2026-07-31 09:20,4112.200,4114.200,4108.300,4109.300
2026-07-31 09:25,4109.000,4110.000,4107.800,4108.700
2026-07-31 09:30,4108.400,4111.000,4107.400,4107.400
2026-07-31 09:35,4107.700,4108.700,4106.500,4107.500
2026-07-31 09:40,4107.700,4109.500,4107.300,4109.400
2026-07-31 09:45,4109.300,4113.400,4108.400,4113.000
2026-07-31 09:50,4112.700,4113.600,4112.200,4112.200
2026-07-31 09:55,4112.100,4112.400,4110.200,4111.300
2026-07-31 10:00,4111.200,4112.800,4109.500,4112.700
2026-07-31 10:05,4112.500,4114.700,4112.000,4114.100
2026-07-31 10:10,4113.900,4113.900,4111.600,4112.200
2026-07-31 10:15,4112.300,4112.400,4109.000,4109.600
2026-07-31 10:20,4109.700,4111.300,4108.400,4108.400
2026-07-31 10:25,4108.600,4110.900,4108.600,4109.600
2026-07-31 10:30,4109.200,4112.800,4109.200,4111.400
2026-07-31 10:35,4111.700,4112.700,4109.300,4109.900
2026-07-31 10:40,4110.100,4112.000,4109.700,4111.100
2026-07-31 10:45,4111.000,4113.500,4110.800,4112.200
2026-07-31 10:50,4112.300,4112.700,4110.700,4111.100
2026-07-31 10:55,4111.100,4111.500,4110.200,4110.800
2026-07-31 11:00,4110.700,4112.000,4108.200,4111.900
2026-07-31 11:05,4111.500,4114.100,4110.100,4113.900
2026-07-31 11:10,4113.800,4116.000,4113.100,4113.800
2026-07-31 11:15,4113.600,4115.000,4110.400,4112.800
2026-07-31 11:20,4112.900,4117.400,4112.300,4117.000
2026-07-31 11:25,4117.100,4117.200,4113.900,4115.000
2026-07-31 11:30,4114.900,4115.000,4109.700,4110.400
2026-07-31 11:35,4110.400,4112.000,4109.300,4109.500
2026-07-31 11:40,4109.600,4109.900,4106.700,4108.400
2026-07-31 11:45,4108.300,4109.600,4107.300,4108.500
2026-07-31 11:50,4108.500,4111.200,4108.300,4111.200
2026-07-31 11:55,4111.100,4111.600,4109.600,4110.000
2026-07-31 12:00,4110.300,4114.300,4108.800,4114.300
2026-07-31 12:05,4114.400,4115.400,4112.900,4113.500
2026-07-31 12:10,4113.700,4115.700,4111.600,4115.400
2026-07-31 12:15,4115.600,4115.700,4111.900,4113.100
2026-07-31 12:20,4113.100,4114.900,4106.000,4106.800
2026-07-31 12:25,4107.100,4108.500,4103.100,4103.500
2026-07-31 12:30,4103.400,4107.600,4100.300,4104.500
2026-07-31 12:35,4104.000,4107.800,4100.000,4100.500
2026-07-31 12:40,4100.800,4101.700,4098.500,4100.900
2026-07-31 12:45,4100.500,4101.800,4097.100,4097.700
2026-07-31 12:50,4097.700,4102.400,4096.700,4101.500
2026-07-31 12:55,4101.300,4101.300,4096.400,4096.800
2026-07-31 13:00,4096.600,4098.900,4092.200,4095.600
2026-07-31 13:05,4096.100,4096.100,4091.400,4092.400
2026-07-31 13:10,4092.800,4094.100,4090.500,4092.300
2026-07-31 13:15,4092.300,4094.500,4091.500,4094.000
2026-07-31 13:20,4093.600,4103.400,4091.800,4101.100
2026-07-31 13:25,4101.600,4101.600,4096.500,4098.900
2026-07-31 13:30,4098.500,4100.200,4091.200,4091.900
2026-07-31 13:35,4091.500,4093.700,4082.800,4083.900
2026-07-31 13:40,4083.700,4086.300,4078.300,4081.000
2026-07-31 13:45,4081.100,4084.600,4077.600,4079.000
2026-07-31 13:50,4078.900,4085.300,4078.100,4085.200
2026-07-31 13:55,4084.600,4088.300,4080.800,4081.500
2026-07-31 14:00,4080.800,4088.400,4080.700,4085.900
2026-07-31 14:05,4085.900,4086.100,4076.400,4083.200
2026-07-31 14:10,4083.300,4088.700,4081.700,4088.200
2026-07-31 14:15,4088.300,4091.600,4086.000,4089.500
2026-07-31 14:20,4089.700,4094.800,4088.500,4091.300
2026-07-31 14:25,4091.700,4096.500,4091.600,4095.100
2026-07-31 14:30,4094.900,4097.000,4092.800,4096.800
2026-07-31 14:35,4096.500,4098.800,4095.700,4097.500
2026-07-31 14:40,4097.500,4099.300,4096.300,4097.600
2026-07-31 14:45,4097.700,4102.000,4097.100,4099.900
2026-07-31 14:50,4100.000,4105.300,4098.900,4102.500
2026-07-31 14:55,4102.600,4106.900,4101.200,4105.600
2026-07-31 15:00,4105.800,4107.200,4101.000,4101.400
2026-07-31 15:05,4101.500,4105.600,4100.800,4102.100
2026-07-31 15:10,4102.300,4104.000,4099.200,4103.600
2026-07-31 15:15,4103.300,4109.100,4098.600,4101.600
2026-07-31 15:20,4101.800,4102.600,4098.300,4099.700
2026-07-31 15:25,4099.500,4101.000,4096.600,4097.300
2026-07-31 15:30,4097.300,4098.600,4093.000,4095.100
2026-07-31 15:35,4095.100,4099.600,4093.800,4098.300
2026-07-31 15:40,4098.600,4099.700,4096.800,4098.400
2026-07-31 15:45,4098.300,4099.100,4096.300,4096.500
2026-07-31 15:50,4096.600,4102.500,4096.100,4101.300
2026-07-31 15:55,4101.400,4103.000,4100.800,4101.800
2026-07-31 16:00,4101.800,4102.300,4099.600,4100.400
2026-07-31 16:05,4100.100,4100.700,4097.600,4100.100
2026-07-31 16:10,4100.200,4103.000,4100.000,4101.900
2026-07-31 16:15,4102.800,4102.900,4099.100,4101.200
2026-07-31 16:20,4101.300,4103.800,4101.100,4102.400
2026-07-31 16:25,4102.100,4104.600,4100.500,4103.600
2026-07-31 16:30,4103.700,4105.800,4103.200,4105.400
2026-07-31 16:35,4105.500,4106.000,4103.000,4103.000
2026-07-31 16:40,4103.000,4103.500,4097.200,4098.800
2026-07-31 16:45,4098.700,4100.800,4098.200,4100.000
2026-07-31 16:50,4100.400,4101.200,4099.200,4099.500
2026-07-31 16:55,4099.400,4099.900,4098.100,4099.300
2026-07-31 17:00,4099.200,4101.700,4098.300,4098.800
2026-07-31 17:05,4099.000,4100.500,4097.600,4098.000
2026-07-31 17:10,4098.000,4102.400,4097.300,4101.600
2026-07-31 17:15,4101.600,4103.100,4100.900,4102.800
2026-07-31 17:20,4102.700,4104.700,4101.100,4103.900
2026-07-31 17:25,4103.700,4109.800,4101.100,4106.600
2026-07-31 17:30,4106.800,4109.800,4104.300,4104.300
2026-07-31 17:35,4104.400,4107.700,4103.800,4106.500
2026-07-31 17:40,4106.700,4108.400,4106.100,4108.000
2026-07-31 17:45,4108.000,4110.800,4106.300,4108.500
2026-07-31 17:50,4108.500,4111.000,4108.300,4109.100
2026-07-31 17:55,4109.000,4110.300,4108.500,4109.800
2026-07-31 18:00,4110.000,4111.300,4108.100,4108.600
2026-07-31 18:05,4108.000,4108.500,4105.800,4107.400
2026-07-31 18:10,4107.400,4107.400,4102.900,4104.100
2026-07-31 18:15,4103.900,4106.700,4103.600,4105.700
2026-07-31 18:20,4105.900,4107.800,4105.400,4107.200
2026-07-31 18:25,4107.200,4107.900,4106.100,4107.100
2026-07-31 18:30,4107.000,4107.400,4105.000,4105.400
2026-07-31 18:35,4105.000,4107.800,4103.900,4106.900
2026-07-31 18:40,4106.700,4107.700,4105.300,4105.600
2026-07-31 18:45,4105.400,4106.100,4104.100,4106.100
2026-07-31 18:50,4106.100,4107.500,4105.900,4106.200
2026-07-31 18:55,4106.200,4107.100,4105.400,4106.600
2026-07-31 19:00,4106.800,4109.000,4104.600,4105.300
2026-07-31 19:05,4105.100,4105.700,4104.100,4105.500
2026-07-31 19:10,4105.500,4106.200,4102.600,4104.200
2026-07-31 19:15,4104.200,4105.100,4103.200,4104.900
2026-07-31 19:20,4104.800,4105.700,4103.900,4105.100
2026-07-31 19:25,4105.300,4106.600,4105.000,4106.400
2026-07-31 19:30,4106.400,4107.600,4104.900,4106.200
2026-07-31 19:35,4106.400,4107.500,4105.700,4105.900
2026-07-31 19:40,4105.700,4110.700,4105.600,4109.900
2026-07-31 19:45,4109.900,4111.900,4109.300,4111.100
2026-07-31 19:50,4110.800,4110.800,4107.100,4107.400
2026-07-31 19:55,4107.500,4109.100,4106.400,4107.700
2026-07-31 20:00,4107.600,4108.400,4105.200,4105.400
2026-07-31 20:05,4105.100,4105.200,4101.900,4103.700
2026-07-31 20:10,4103.100,4104.600,4103.000,4104.400
2026-07-31 20:15,4104.400,4104.900,4103.000,4104.600
2026-07-31 20:20,4104.500,4105.300,4103.900,4104.700
2026-07-31 20:25,4104.600,4104.600,4103.100,4104.400
2026-07-31 20:30,4104.300,4107.500,4103.600,4106.600
2026-07-31 20:35,4107.500,4109.200,4107.000,4107.100
2026-07-31 20:40,4107.300,4108.600,4107.000,4107.300
2026-07-31 20:45,4107.700,4108.600,4107.000,4107.700
2026-07-31 20:50,4107.400,4108.500,4100.900,4103.500
2026-07-31 20:55,4102.500,4107.000,4097.400,4107.000
2026-08-02 22:10,4131.100,4135.800,4130.700,4133.300
2026-08-02 22:15,4133.000,4134.200,4124.000,4125.300
2026-08-02 22:20,4125.900,4126.700,4120.600,4121.900
2026-08-02 22:25,4122.000,4123.800,4120.400,4122.700
2026-08-02 22:30,4122.700,4124.900,4120.500,4120.600
2026-08-02 22:35,4121.100,4124.100,4120.500,4122.100
2026-08-02 22:40,4122.000,4124.300,4121.700,4123.100
2026-08-02 22:45,4123.400,4123.600,4120.700,4120.900
2026-08-02 22:50,4121.400,4122.300,4119.900,4120.600
2026-08-02 22:55,4121.400,4122.000,4119.500,4119.900
2026-08-02 23:00,4120.000,4121.900,4119.400,4121.600
2026-08-02 23:05,4121.200,4121.600,4119.800,4120.700
2026-08-02 23:10,4120.000,4123.400,4119.000,4122.400
2026-08-02 23:15,4122.300,4127.700,4122.100,4127.400
2026-08-02 23:20,4127.800,4128.200,4123.500,4126.900
2026-08-02 23:25,4127.000,4128.400,4126.500,4127.900
2026-08-02 23:30,4127.800,4128.200,4125.400,4126.000
2026-08-02 23:35,4125.500,4126.800,4125.400,4125.500
2026-08-02 23:40,4125.400,4125.600,4123.700,4125.400
2026-08-02 23:45,4125.400,4128.200,4123.800,4124.800
2026-08-02 23:50,4124.400,4129.500,4124.000,4128.100
2026-08-02 23:55,4127.800,4130.500,4127.400,4130.400
2026-08-03 00:00,4130.500,4134.700,4130.500,4133.400
2026-08-03 00:05,4133.300,4134.200,4128.400,4128.400
2026-08-03 00:10,4128.800,4129.100,4125.600,4127.900
2026-08-03 00:15,4127.900,4128.500,4125.500,4125.900
2026-08-03 00:20,4125.900,4125.900,4122.000,4122.400
2026-08-03 00:25,4122.400,4123.000,4117.000,4119.600
2026-08-03 00:30,4119.800,4125.400,4118.400,4120.200
2026-08-03 00:35,4120.200,4120.600,4114.900,4115.500
2026-08-03 00:40,4115.200,4116.700,4112.400,4113.700
2026-08-03 00:45,4113.800,4116.000,4111.800,4114.100
2026-08-03 00:50,4113.400,4116.400,4113.000,4114.300
2026-08-03 00:55,4114.100,4115.300,4111.100,4112.800
2026-08-03 01:00,4112.900,4119.000,4107.400,4113.500
2026-08-03 01:05,4114.300,4116.900,4112.000,4115.000
2026-08-03 01:10,4115.600,4116.100,4106.300,4107.800
2026-08-03 01:15,4108.400,4109.200,4102.700,4104.300
2026-08-03 01:20,4104.700,4109.400,4104.700,4109.300
2026-08-03 01:25,4109.100,4110.400,4107.500,4108.200
2026-08-03 01:30,4108.400,4109.300,4105.500,4108.900
2026-08-03 01:35,4108.900,4112.800,4108.000,4108.600
2026-08-03 01:40,4108.900,4110.000,4103.000,4106.800
2026-08-03 01:45,4106.900,4110.900,4105.800,4109.200
2026-08-03 01:50,4108.800,4110.900,4106.000,4106.700
2026-08-03 01:55,4106.800,4113.400,4105.700,4112.700
2026-08-03 02:00,4112.700,4116.700,4112.700,4115.900
2026-08-03 02:05,4115.200,4116.300,4111.800,4111.900
2026-08-03 02:10,4112.000,4112.500,4109.000,4111.600
2026-08-03 02:15,4111.200,4116.400,4107.800,4116.000
2026-08-03 02:20,4116.500,4116.500,4110.400,4110.900
2026-08-03 02:25,4111.000,4114.300,4110.300,4113.600
2026-08-03 02:30,4113.900,4114.900,4109.300,4111.300
2026-08-03 02:35,4111.200,4114.300,4108.000,4113.600
2026-08-03 02:40,4114.400,4116.200,4113.000,4115.500
2026-08-03 02:45,4115.200,4122.300,4114.100,4118.800
2026-08-03 02:50,4119.300,4120.700,4117.900,4117.900
2026-08-03 02:55,4117.900,4119.800,4116.100,4117.800
2026-08-03 03:00,4117.600,4119.200,4116.200,4117.600
2026-08-03 03:05,4117.900,4120.900,4117.500,4119.700
2026-08-03 03:10,4120.000,4120.400,4118.600,4119.500
2026-08-03 03:15,4119.500,4122.900,4118.300,4122.600
2026-08-03 03:20,4123.200,4123.200,4117.000,4118.500
2026-08-03 03:25,4118.100,4120.400,4116.900,4119.000
2026-08-03 03:30,4119.300,4120.200,4118.000,4118.400
2026-08-03 03:35,4118.600,4120.300,4116.400,4118.300
2026-08-03 03:40,4118.600,4118.700,4115.500,4115.700
2026-08-03 03:45,4115.900,4116.900,4114.200,4116.300
2026-08-03 03:50,4116.900,4121.500,4116.900,4121.400
2026-08-03 03:55,4121.100,4122.100,4119.500,4120.000
2026-08-03 04:00,4120.400,4121.900,4119.400,4121.700
2026-08-03 04:05,4121.900,4123.400,4120.300,4120.500
2026-08-03 04:10,4120.800,4121.600,4120.700,4121.600
2026-08-03 04:15,4121.700,4125.300,4121.200,4124.800
2026-08-03 04:20,4124.500,4126.200,4124.000,4124.000
2026-08-03 04:25,4124.500,4125.000,4123.000,4123.600
2026-08-03 04:30,4123.500,4126.500,4123.500,4126.000
2026-08-03 04:35,4126.200,4126.500,4123.900,4125.400
2026-08-03 04:40,4125.100,4125.800,4124.500,4125.800
2026-08-03 04:45,4126.000,4127.200,4124.200,4126.300
2026-08-03 04:50,4126.500,4127.100,4123.000,4123.000
2026-08-03 04:55,4123.400,4123.500,4119.200,4119.200
2026-08-03 05:00,4119.000,4120.400,4117.600,4117.900
2026-08-03 05:05,4117.600,4118.300,4116.000,4116.400
2026-08-03 05:10,4116.000,4116.000,4111.800,4112.700
2026-08-03 05:15,4112.300,4113.100,4109.100,4111.600
2026-08-03 05:20,4111.700,4114.500,4111.300,4114.500
2026-08-03 05:25,4113.900,4117.900,4113.800,4115.500
2026-08-03 05:30,4115.300,4115.700,4111.000,4111.800
2026-08-03 05:35,4111.300,4115.100,4110.300,4112.300
2026-08-03 05:40,4112.300,4119.700,4111.300,4118.500
2026-08-03 05:45,4118.500,4118.800,4113.900,4115.400
2026-08-03 05:50,4114.900,4120.500,4114.900,4120.100
2026-08-03 05:55,4120.500,4125.200,4119.700,4124.200
2026-08-03 06:00,4124.300,4126.400,4122.600,4123.200
2026-08-03 06:05,4123.400,4125.900,4121.800,4122.900
2026-08-03 06:10,4123.200,4123.300,4121.200,4121.200
2026-08-03 06:15,4121.500,4125.200,4120.900,4124.800
2026-08-03 06:20,4124.700,4127.300,4122.900,4126.000
2026-08-03 06:25,4126.200,4126.700,4121.500,4123.600
2026-08-03 06:30,4123.500,4124.100,4115.700,4115.800
2026-08-03 06:35,4116.000,4122.700,4115.900,4121.400
2026-08-03 06:40,4121.400,4121.600,4119.600,4120.900
2026-08-03 06:45,4120.500,4122.200,4118.600,4118.800
2026-08-03 06:50,4118.400,4120.400,4117.800,4119.200
2026-08-03 06:55,4119.100,4121.500,4118.200,4118.900
2026-08-03 07:00,4119.000,4120.500,4114.800,4116.600
2026-08-03 07:05,4116.200,4119.000,4115.000,4118.300
2026-08-03 07:10,4117.900,4119.700,4116.600,4116.900
2026-08-03 07:15,4116.500,4117.300,4108.400,4110.200
2026-08-03 07:20,4110.100,4111.500,4107.300,4111.400
2026-08-03 07:25,4111.500,4114.500,4111.100,4114.200
2026-08-03 07:30,4113.900,4115.800,4113.000,4115.200
2026-08-03 07:35,4115.200,4116.800,4112.000,4115.200
2026-08-03 07:40,4114.800,4115.100,4113.600,4115.100
2026-08-03 07:45,4115.100,4116.600,4113.600,4114.700
2026-08-03 07:50,4114.800,4119.000,4114.200,4118.200
2026-08-03 07:55,4118.200,4119.000,4116.700,4117.100
2026-08-03 08:00,4117.000,4117.400,4114.200,4116.300
2026-08-03 08:05,4116.500,4117.000,4115.200,4116.500
2026-08-03 08:10,4116.000,4117.700,4115.400,4117.500
2026-08-03 08:15,4117.400,4118.000,4112.500,4113.600
2026-08-03 08:20,4113.500,4114.900,4113.200,4114.000
2026-08-03 08:25,4114.400,4115.700,4110.000,4111.300
2026-08-03 08:30,4111.300,4113.700,4110.400,4112.100
2026-08-03 08:35,4111.300,4116.100,4110.900,4115.400
2026-08-03 08:40,4115.300,4115.700,4113.700,4114.000
2026-08-03 08:45,4113.800,4115.600,4113.400,4115.600
2026-08-03 08:50,4115.200,4115.700,4113.500,4114.900
2026-08-03 08:55,4114.900,4116.700,4114.500,4115.000
2026-08-03 09:00,4115.300,4116.000,4113.400,4113.600
2026-08-03 09:05,4112.800,4115.200,4112.800,4115.100
2026-08-03 09:10,4115.600,4117.700,4115.200,4117.300
2026-08-03 09:15,4116.900,4116.900,4113.800,4114.900
2026-08-03 09:20,4114.300,4114.600,4108.400,4110.900
2026-08-03 09:25,4111.100,4112.000,4108.000,4108.400
2026-08-03 09:30,4108.500,4109.100,4102.300,4103.100
2026-08-03 09:35,4103.300,4109.100,4102.900,4108.700
2026-08-03 09:40,4108.700,4111.000,4107.800,4109.700
2026-08-03 09:45,4109.600,4113.000,4109.600,4112.100
2026-08-03 09:50,4112.200,4114.400,4112.200,4113.200
2026-08-03 09:55,4112.700,4114.100,4110.800,4111.600
2026-08-03 10:00,4111.600,4113.000,4109.400,4110.900
2026-08-03 10:05,4111.200,4111.700,4109.600,4110.200
2026-08-03 10:10,4110.600,4113.500,4110.500,4112.400
2026-08-03 10:15,4112.500,4113.600,4110.300,4111.200
2026-08-03 10:20,4111.400,4111.600,4109.000,4109.600
2026-08-03 10:25,4109.800,4111.100,4108.300,4110.000
2026-08-03 10:30,4110.000,4110.100,4106.300,4108.000
2026-08-03 10:35,4107.700,4108.800,4107.500,4108.500
2026-08-03 10:40,4108.600,4108.600,4105.100,4105.500
2026-08-03 10:45,4105.300,4107.400,4104.700,4104.900
2026-08-03 10:50,4104.900,4105.200,4101.900,4104.600
2026-08-03 10:55,4104.600,4105.700,4102.600,4105.400
2026-08-03 11:00,4105.700,4108.500,4103.200,4108.500
2026-08-03 11:05,4108.100,4109.200,4105.600,4106.600
2026-08-03 11:10,4106.800,4106.900,4104.200,4106.100
2026-08-03 11:15,4106.000,4106.000,4103.200,4104.000
2026-08-03 11:20,4104.100,4104.500,4101.700,4103.800
2026-08-03 11:25,4103.600,4106.400,4103.200,4104.700
2026-08-03 11:30,4104.500,4107.500,4104.000,4106.900
2026-08-03 11:35,4107.300,4108.200,4105.800,4107.800
2026-08-03 11:40,4107.500,4111.300,4107.400,4110.000
2026-08-03 11:45,4110.100,4117.500,4108.900,4117.500
2026-08-03 11:50,4117.300,4119.400,4115.600,4117.600
2026-08-03 11:55,4117.500,4118.900,4116.200,4118.900
2026-08-03 12:00,4119.000,4121.100,4115.900,4117.300
2026-08-03 12:05,4117.200,4117.700,4114.700,4116.200
2026-08-03 12:10,4116.000,4116.400,4110.800,4112.200
2026-08-03 12:15,4112.100,4112.500,4107.000,4107.500
2026-08-03 12:20,4107.000,4110.000,4104.600,4108.700
2026-08-03 12:25,4108.600,4109.400,4106.500,4107.000
2026-08-03 12:30,4107.200,4109.000,4104.300,4108.300
2026-08-03 12:35,4107.900,4108.000,4101.800,4103.400
2026-08-03 12:40,4103.500,4103.600,4098.100,4100.800
2026-08-03 12:45,4100.800,4102.400,4099.500,4099.700
2026-08-03 12:50,4099.700,4102.400,4099.000,4101.400
2026-08-03 12:55,4101.300,4104.700,4101.100,4103.400
2026-08-03 13:00,4103.600,4109.800,4096.400,4097.600
2026-08-03 13:05,4097.400,4101.800,4097.100,4099.500
2026-08-03 13:10,4099.500,4100.400,4093.600,4094.000
2026-08-03 13:15,4094.000,4095.900,4090.200,4091.700
2026-08-03 13:20,4091.700,4092.700,4088.000,4089.900
2026-08-03 13:25,4089.500,4090.700,4086.500,4089.500
2026-08-03 13:30,4089.600,4091.000,4084.800,4086.300
2026-08-03 13:35,4086.500,4087.200,4074.000,4081.500
2026-08-03 13:40,4081.200,4088.800,4079.500,4086.900
2026-08-03 13:45,4087.200,4090.400,4083.400,4084.600
2026-08-03 13:50,4084.200,4088.000,4083.300,4085.500
2026-08-03 13:55,4085.300,4088.900,4083.500,4087.200
2026-08-03 14:00,4086.600,4091.400,4082.300,4084.200
2026-08-03 14:05,4084.500,4087.500,4082.400,4082.500
2026-08-03 14:10,4082.500,4089.500,4081.600,4088.400
2026-08-03 14:15,4088.100,4090.100,4086.300,4086.600
2026-08-03 14:20,4086.300,4091.100,4085.000,4088.800
2026-08-03 14:25,4088.900,4091.400,4087.600,4087.600
2026-08-03 14:30,4087.600,4090.700,4087.100,4090.300
2026-08-03 14:35,4090.600,4093.100,4088.100,4088.500
2026-08-03 14:40,4088.300,4093.400,4087.300,4091.700
2026-08-03 14:45,4091.800,4092.100,4089.300,4091.000
2026-08-03 14:50,4090.900,4092.300,4089.000,4090.700
2026-08-03 14:55,4091.100,4094.900,4091.100,4091.600
2026-08-03 15:00,4091.700,4092.000,4086.800,4087.600
2026-08-03 15:05,4087.300,4092.400,4085.500,4089.800
2026-08-03 15:10,4089.900,4090.700,4087.400,4088.300
2026-08-03 15:15,4088.500,4092.800,4088.500,4091.800
2026-08-03 15:20,4092.000,4093.600,4091.200,4092.800
2026-08-03 15:25,4092.200,4093.100,4085.800,4087.900
2026-08-03 15:30,4088.000,4089.900,4086.100,4088.600
2026-08-03 15:35,4088.500,4092.400,4088.300,4092.000
2026-08-03 15:40,4092.300,4094.600,4091.800,4092.100
2026-08-03 15:45,4092.300,4096.400,4092.000,4093.200
2026-08-03 15:50,4092.900,4095.500,4092.800,4093.500
2026-08-03 15:55,4093.600,4093.600,4091.000,4091.600
2026-08-03 16:00,4091.600,4092.900,4090.600,4091.900
2026-08-03 16:05,4091.800,4092.000,4089.900,4090.700
2026-08-03 16:10,4090.700,4091.800,4090.500,4091.800
2026-08-03 16:15,4091.400,4093.000,4090.500,4091.200
2026-08-03 16:20,4091.500,4093.500,4090.300,4093.500
2026-08-03 16:25,4093.300,4094.100,4091.900,4092.500
2026-08-03 16:30,4092.500,4093.400,4091.200,4093.200
2026-08-03 16:35,4093.100,4094.400,4091.800,4092.300
2026-08-03 16:40,4092.500,4094.800,4092.500,4094.300
2026-08-03 16:45,4094.500,4094.500,4092.800,4093.000
2026-08-03 16:50,4092.800,4093.600,4091.300,4091.800
2026-08-03 16:55,4091.700,4093.400,4091.500,4092.400
2026-08-03 17:00,4092.700,4093.200,4088.700,4089.600
2026-08-03 17:05,4089.500,4090.600,4089.300,4090.400
2026-08-03 17:10,4090.300,4090.400,4089.300,4089.800
2026-08-03 17:15,4089.700,4093.500,4089.700,4091.900
2026-08-03 17:20,4092.200,4092.200,4089.600,4090.600
2026-08-03 17:25,4090.900,4092.100,4089.400,4090.000
2026-08-03 17:30,4090.100,4091.000,4089.700,4090.700
2026-08-03 17:35,4090.700,4092.700,4090.300,4092.100
2026-08-03 17:40,4092.200,4092.300,4091.000,4091.900
2026-08-03 17:45,4091.800,4092.300,4089.900,4090.000
2026-08-03 17:50,4089.900,4090.000,4086.200,4086.500
2026-08-03 17:55,4086.700,4087.100,4085.900,4086.400
2026-08-03 18:00,4086.400,4088.000,4085.400,4087.400
2026-08-03 18:05,4087.800,4092.600,4087.700,4092.300
2026-08-03 18:10,4092.500,4094.300,4090.500,4090.700
2026-08-03 18:15,4090.800,4094.900,4090.600,4093.400
2026-08-03 18:20,4093.600,4094.500,4092.400,4093.000
2026-08-03 18:25,4092.900,4094.100,4092.100,4093.900
2026-08-03 18:30,4093.700,4094.300,4092.400,4092.900
2026-08-03 18:35,4093.000,4094.400,4092.900,4093.600
2026-08-03 18:40,4093.600,4097.400,4093.300,4097.400
2026-08-03 18:45,4097.200,4098.700,4096.300,4098.500
2026-08-03 18:50,4098.200,4100.000,4097.800,4099.800
2026-08-03 18:55,4099.900,4101.000,4098.800,4099.600
2026-08-03 19:00,4099.500,4104.300,4099.500,4103.900
2026-08-03 19:05,4103.900,4105.500,4101.300,4102.000
2026-08-03 19:10,4101.800,4103.900,4101.200,4101.900
2026-08-03 19:15,4102.200,4104.900,4102.100,4103.700
2026-08-03 19:20,4104.000,4109.000,4104.000,4108.800
2026-08-03 19:25,4108.900,4110.200,4107.900,4108.800
2026-08-03 19:30,4108.900,4111.500,4107.700,4109.000
2026-08-03 19:35,4109.000,4110.800,4108.900,4110.000
2026-08-03 19:40,4109.900,4110.700,4108.700,4110.000
2026-08-03 19:45,4109.900,4111.600,4108.600,4110.600
2026-08-03 19:50,4110.900,4112.000,4109.700,4110.500
2026-08-03 19:55,4110.300,4110.400,4107.700,4108.200
2026-08-03 20:00,4108.300,4108.400,4106.200,4107.500
2026-08-03 20:05,4107.700,4108.100,4107.000,4107.500
2026-08-03 20:10,4107.700,4108.900,4106.600,4108.800
2026-08-03 20:15,4108.400,4108.500,4107.400,4107.500
2026-08-03 20:20,4107.800,4110.800,4107.300,4110.100
2026-08-03 20:25,4110.500,4111.900,4109.600,4110.200
2026-08-03 20:30,4110.600,4115.000,4110.000,4113.400
2026-08-03 20:35,4113.900,4114.100,4113.100,4113.600
2026-08-03 20:40,4113.400,4113.600,4112.400,4112.400
2026-08-03 20:45,4112.500,4113.100,4112.200,4112.600
2026-08-03 20:50,4112.700,4113.500,4110.600,4111.200
2026-08-03 20:55,4111.200,4112.300,4110.800,4110.900
2026-08-03 22:00,4109.600,4110.300,4106.300,4106.900
2026-08-03 22:05,4107.000,4107.900,4104.600,4106.000
2026-08-03 22:10,4106.100,4107.700,4105.600,4107.000
2026-08-03 22:15,4106.800,4107.500,4106.500,4106.700
2026-08-03 22:20,4106.300,4108.200,4106.300,4107.500
2026-08-03 22:25,4107.300,4107.500,4106.300,4107.500
2026-08-03 22:30,4107.800,4109.200,4107.000,4109.200
2026-08-03 22:35,4108.600,4109.100,4107.900,4108.800
2026-08-03 22:40,4108.600,4108.900,4108.100,4108.400
2026-08-03 22:45,4108.600,4108.900,4107.700,4107.800
2026-08-03 22:50,4107.600,4108.100,4106.800,4107.300
2026-08-03 22:55,4107.400,4109.600,4107.400,4108.600
2026-08-03 23:00,4108.600,4109.600,4107.100,4107.200
2026-08-03 23:05,4108.600,4110.800,4107.600,4107.800
2026-08-03 23:10,4107.600,4107.600,4105.500,4107.100
2026-08-03 23:15,4107.000,4108.400,4106.200,4108.200
2026-08-03 23:20,4108.200,4110.600,4106.600,4108.300
2026-08-03 23:25,4108.300,4108.400,4106.900,4107.300
2026-08-03 23:30,4107.400,4107.700,4106.600,4107.600
2026-08-03 23:35,4107.200,4108.500,4106.900,4108.000
2026-08-03 23:40,4107.400,4108.400,4107.100,4108.100
2026-08-03 23:45,4108.200,4109.600,4107.100,4107.500
2026-08-03 23:50,4107.500,4108.400,4107.000,4108.100
2026-08-03 23:55,4108.300,4109.300,4108.300,4109.300
2026-08-04 00:00,4109.200,4119.400,4108.700,4115.300
2026-08-04 00:05,4115.200,4123.000,4115.000,4122.700
2026-08-04 00:10,4123.200,4125.100,4118.800,4119.200
2026-08-04 00:15,4119.100,4120.300,4117.600,4118.300
2026-08-04 00:20,4118.000,4119.100,4113.700,4115.100
2026-08-04 00:25,4114.800,4116.700,4113.900,4114.600
2026-08-04 00:30,4114.900,4116.300,4113.400,4115.200
2026-08-04 00:35,4115.800,4115.800,4112.400,4114.000
2026-08-04 00:40,4114.000,4114.000,4110.900,4111.600
2026-08-04 00:45,4112.400,4113.400,4110.600,4112.700
2026-08-04 00:50,4112.300,4113.800,4109.500,4111.200
2026-08-04 00:55,4111.000,4111.000,4104.100,4104.900
2026-08-04 01:00,4104.800,4106.200,4101.000,4102.200
2026-08-04 01:05,4102.100,4102.300,4098.200,4100.000
2026-08-04 01:10,4100.200,4103.900,4098.500,4102.700
2026-08-04 01:15,4103.600,4106.400,4103.300,4105.900
2026-08-04 01:20,4105.500,4106.300,4103.300,4104.300
2026-08-04 01:25,4104.500,4108.000,4104.000,4104.700
2026-08-04 01:30,4105.000,4107.000,4104.000,4104.300
2026-08-04 01:35,4104.600,4111.200,4104.300,4108.100
2026-08-04 01:40,4108.000,4116.000,4107.900,4114.600
2026-08-04 01:45,4114.700,4116.400,4113.000,4113.600
2026-08-04 01:50,4112.900,4117.600,4112.600,4115.700
2026-08-04 01:55,4115.900,4117.100,4114.000,4114.800
2026-08-04 02:00,4114.800,4116.800,4112.300,4112.600
2026-08-04 02:05,4112.500,4113.100,4111.100,4112.600
2026-08-04 02:10,4112.300,4114.600,4111.400,4113.900
2026-08-04 02:15,4113.600,4115.000,4113.100,4114.600
2026-08-04 02:20,4114.300,4115.400,4112.600,4112.900
2026-08-04 02:25,4112.800,4113.500,4111.300,4112.200
2026-08-04 02:30,4112.200,4115.600,4111.100,4113.300
2026-08-04 02:35,4113.200,4120.600,4113.200,4119.200
2026-08-04 02:40,4119.400,4119.500,4115.900,4117.900
2026-08-04 02:45,4117.900,4118.200,4116.000,4116.400
2026-08-04 02:50,4116.300,4117.400,4115.600,4115.600
2026-08-04 02:55,4115.600,4116.900,4113.700,4114.600
2026-08-04 03:00,4114.300,4116.300,4113.300,4113.300
2026-08-04 03:05,4113.200,4114.300,4112.000,4113.700
2026-08-04 03:10,4114.000,4116.300,4113.000,4113.700
2026-08-04 03:15,4113.700,4116.600,4113.700,4115.600
2026-08-04 03:20,4115.900,4117.500,4114.200,4115.400
2026-08-04 03:25,4115.100,4115.100,4113.400,4113.700
2026-08-04 03:30,4113.500,4114.200,4111.100,4113.900
2026-08-04 03:35,4113.500,4114.000,4111.400,4111.500
2026-08-04 03:40,4111.600,4111.600,4107.700,4107.900
2026-08-04 03:45,4108.300,4109.700,4107.600,4109.200
2026-08-04 03:50,4109.500,4110.800,4109.500,4110.400
2026-08-04 03:55,4110.400,4110.500,4108.000,4108.200
2026-08-04 04:00,4107.400,4108.400,4106.400,4107.700
2026-08-04 04:05,4107.500,4109.300,4107.000,4109.200
2026-08-04 04:10,4109.800,4112.300,4109.300,4111.900
2026-08-04 04:15,4112.100,4114.800,4112.000,4112.300
2026-08-04 04:20,4112.100,4113.400,4111.300,4112.800
2026-08-04 04:25,4113.100,4117.000,4112.900,4116.700
2026-08-04 04:30,4116.800,4119.700,4116.000,4118.300
2026-08-04 04:35,4118.300,4118.700,4117.300,4118.600
2026-08-04 04:40,4118.700,4119.400,4117.600,4118.100
2026-08-04 04:45,4118.000,4121.900,4117.900,4120.400
2026-08-04 04:50,4120.600,4120.900,4118.800,4119.900
2026-08-04 04:55,4119.800,4121.200,4118.300,4119.300
2026-08-04 05:00,4119.200,4120.400,4117.400,4117.400
2026-08-04 05:05,4117.700,4118.500,4115.900,4116.200
2026-08-04 05:10,4116.100,4116.300,4112.700,4113.500
2026-08-04 05:15,4113.500,4117.400,4113.000,4117.400
2026-08-04 05:20,4117.400,4119.400,4116.800,4118.900
2026-08-04 05:25,4119.300,4119.700,4118.300,4119.300
2026-08-04 05:30,4119.500,4123.700,4117.800,4117.900
2026-08-04 05:35,4118.100,4118.300,4115.500,4116.900
2026-08-04 05:40,4116.200,4118.900,4115.000,4118.600
2026-08-04 05:45,4118.400,4120.100,4116.600,4117.100
2026-08-04 05:50,4116.900,4117.700,4114.200,4114.900
2026-08-04 05:55,4115.100,4119.100,4114.100,4117.300
2026-08-04 06:00,4117.900,4121.800,4117.800,4121.400
2026-08-04 06:05,4120.300,4122.100,4119.300,4119.600
2026-08-04 06:10,4120.300,4121.400,4118.600,4120.400
2026-08-04 06:15,4120.100,4120.500,4117.500,4118.200
2026-08-04 06:20,4117.900,4120.800,4117.700,4118.800
2026-08-04 06:25,4119.000,4119.600,4115.200,4115.600
2026-08-04 06:30,4115.600,4115.600,4112.400,4112.600
2026-08-04 06:35,4112.600,4113.200,4111.400,4112.700
2026-08-04 06:40,4112.700,4115.700,4112.700,4115.600
2026-08-04 06:45,4115.700,4118.500,4115.700,4117.700
2026-08-04 06:50,4117.700,4118.600,4115.400,4116.200
2026-08-04 06:55,4116.200,4119.700,4114.700,4119.300
2026-08-04 07:00,4119.500,4121.300,4118.000,4120.500
2026-08-04 07:05,4120.700,4121.800,4119.900,4120.400
2026-08-04 07:10,4120.300,4121.500,4116.600,4116.600
2026-08-04 07:15,4116.900,4121.500,4116.700,4119.500
2026-08-04 07:20,4119.500,4121.600,4118.800,4121.600
2026-08-04 07:25,4121.600,4121.800,4118.600,4119.000
2026-08-04 07:30,4119.000,4122.800,4119.000,4120.800
2026-08-04 07:35,4120.800,4122.900,4117.500,4119.100
2026-08-04 07:40,4119.300,4121.000,4118.500,4119.200
2026-08-04 07:45,4118.900,4120.900,4118.200,4120.200
2026-08-04 07:50,4119.900,4122.400,4119.900,4121.100
2026-08-04 07:55,4121.200,4121.800,4120.000,4121.800
2026-08-04 08:00,4121.900,4129.600,4120.700,4126.200
2026-08-04 08:05,4126.200,4127.300,4125.100,4126.000
2026-08-04 08:10,4125.300,4127.300,4124.200,4124.200
2026-08-04 08:15,4124.300,4124.900,4122.700,4123.200
2026-08-04 08:20,4123.100,4123.500,4117.800,4119.000
2026-08-04 08:25,4119.000,4119.500,4116.300,4119.500
2026-08-04 08:30,4119.200,4120.500,4116.800,4118.700
2026-08-04 08:35,4118.700,4120.400,4114.500,4115.100
2026-08-04 08:40,4115.100,4116.000,4114.400,4115.200
2026-08-04 08:45,4115.100,4115.300,4111.600,4112.100
2026-08-04 08:50,4112.000,4113.300,4111.000,4112.000
2026-08-04 08:55,4111.800,4112.200,4110.100,4110.800
2026-08-04 09:00,4110.500,4111.200,4108.700,4108.900
2026-08-04 09:05,4109.200,4109.200,4106.300,4107.000
2026-08-04 09:10,4106.600,4107.000,4104.100,4106.500
2026-08-04 09:15,4106.200,4107.800,4105.500,4106.400
2026-08-04 09:20,4106.400,4107.800,4104.700,4106.200
2026-08-04 09:25,4106.100,4107.400,4105.200,4105.900
2026-08-04 09:30,4106.200,4107.200,4104.700,4105.400
2026-08-04 09:35,4105.500,4105.500,4102.000,4103.400
2026-08-04 09:40,4103.500,4106.100,4103.500,4106.100
2026-08-04 09:45,4106.000,4106.900,4103.800,4106.100
2026-08-04 09:50,4105.600,4106.100,4103.500,4103.900
2026-08-04 09:55,4104.200,4105.600,4103.000,4105.100
2026-08-04 10:00,4105.700,4105.700,4104.000,4105.600
2026-08-04 10:05,4105.500,4106.000,4102.900,4103.200
2026-08-04 10:10,4102.800,4105.000,4102.700,4105.000
2026-08-04 10:15,4104.600,4105.600,4101.400,4103.800
2026-08-04 10:20,4103.700,4105.000,4103.000,4104.000
2026-08-04 10:25,4104.200,4105.500,4103.500,4104.600
2026-08-04 10:30,4105.000,4107.200,4104.800,4106.000
2026-08-04 10:35,4105.800,4106.200,4104.600,4104.600
2026-08-04 10:40,4104.700,4109.900,4102.000,4108.400
2026-08-04 10:45,4108.200,4116.400,4108.100,4114.300
2026-08-04 10:50,4113.700,4114.000,4108.900,4110.900
2026-08-04 10:55,4110.500,4111.900,4108.900,4109.800
2026-08-04 11:00,4109.400,4111.500,4108.300,4110.900
2026-08-04 11:05,4110.500,4111.400,4108.100,4111.100
2026-08-04 11:10,4110.700,4114.900,4109.800,4112.600
2026-08-04 11:15,4112.700,4113.600,4111.800,4111.800
2026-08-04 11:20,4111.600,4115.300,4111.400,4114.500
2026-08-04 11:25,4114.700,4117.200,4114.100,4117.100
2026-08-04 11:30,4117.200,4121.500,4116.100,4118.800
2026-08-04 11:35,4118.600,4120.700,4117.600,4120.000
2026-08-04 11:40,4119.800,4127.400,4116.100,4126.500
2026-08-04 11:45,4126.800,4137.600,4123.900,4133.600
2026-08-04 11:50,4133.500,4141.800,4131.700,4132.900
2026-08-04 11:55,4133.300,4133.300,4126.200,4132.100
2026-08-04 12:00,4132.300,4133.200,4122.200,4125.400
2026-08-04 12:05,4125.100,4127.100,4119.100,4120.500
2026-08-04 12:10,4119.800,4121.100,4117.600,4118.700
2026-08-04 12:15,4118.800,4122.500,4117.600,4122.400
2026-08-04 12:20,4122.400,4125.600,4122.000,4123.400
2026-08-04 12:25,4123.800,4126.900,4123.100,4124.800
2026-08-04 12:30,4125.000,4133.500,4125.000,4133.200
2026-08-04 12:35,4133.200,4140.800,4132.500,4139.300
2026-08-04 12:40,4139.100,4141.500,4134.600,4135.100
2026-08-04 12:45,4135.200,4136.100,4132.500,4133.000
2026-08-04 12:50,4133.100,4134.800,4130.300,4130.800
2026-08-04 12:55,4130.900,4132.800,4126.400,4127.800
2026-08-04 13:00,4128.100,4128.700,4119.500,4121.000
2026-08-04 13:05,4121.100,4122.700,4117.200,4121.200
2026-08-04 13:10,4121.200,4123.200,4118.700,4120.800
2026-08-04 13:15,4120.400,4122.200,4119.400,4120.200
2026-08-04 13:20,4120.200,4147.900,4120.200,4138.400
2026-08-04 13:25,4138.500,4138.900,4134.200,4135.400
2026-08-04 13:30,4135.600,4141.600,4132.800,4139.800
2026-08-04 13:35,4140.200,4145.900,4139.800,4145.200
2026-08-04 13:40,4145.200,4148.900,4140.300,4140.400
2026-08-04 13:45,4140.500,4151.000,4138.600,4149.800
2026-08-04 13:50,4149.600,4151.500,4143.600,4143.700
2026-08-04 13:55,4144.200,4144.500,4140.400,4140.700
2026-08-04 14:00,4140.700,4147.900,4140.200,4145.300
2026-08-04 14:05,4144.900,4148.200,4142.600,4147.100
2026-08-04 14:10,4147.000,4148.800,4145.300,4147.200
2026-08-04 14:15,4147.400,4149.300,4139.200,4140.300
2026-08-04 14:20,4140.600,4141.800,4137.300,4138.600
2026-08-04 14:25,4138.500,4143.500,4138.300,4140.400
2026-08-04 14:30,4140.600,4143.700,4134.100,4134.600
2026-08-04 14:35,4135.000,4141.800,4131.300,4136.000
2026-08-04 14:40,4135.600,4138.000,4133.700,4137.000
2026-08-04 14:45,4136.500,4138.300,4134.800,4137.600
2026-08-04 14:50,4137.200,4141.500,4137.000,4140.500
2026-08-04 14:55,4140.700,4141.900,4138.700,4140.400
2026-08-04 15:00,4140.500,4141.100,4137.800,4138.300
2026-08-04 15:05,4138.200,4142.100,4136.500,4142.000
2026-08-04 15:10,4141.800,4142.400,4140.000,4140.600
2026-08-04 15:15,4141.100,4141.200,4132.600,4133.400
2026-08-04 15:20,4133.400,4134.600,4131.000,4132.500
2026-08-04 15:25,4132.800,4135.100,4131.700,4135.000
2026-08-04 15:30,4134.400,4136.600,4133.300,4134.100
2026-08-04 15:35,4134.400,4143.700,4133.000,4140.400
2026-08-04 15:40,4140.100,4144.300,4140.100,4141.200
2026-08-04 15:45,4140.600,4142.500,4139.700,4139.900
2026-08-04 15:50,4140.200,4144.900,4140.200,4144.300
2026-08-04 15:55,4144.200,4145.800,4142.800,4144.200
2026-08-04 16:00,4144.400,4145.700,4142.700,4143.200
2026-08-04 16:05,4143.400,4144.000,4141.300,4143.800
2026-08-04 16:10,4143.400,4144.100,4141.200,4141.900
2026-08-04 16:15,4142.000,4142.700,4139.700,4140.200
2026-08-04 16:20,4140.700,4145.000,4140.500,4144.100
2026-08-04 16:25,4144.100,4147.000,4143.100,4144.700
2026-08-04 16:30,4144.600,4145.800,4144.000,4145.000
2026-08-04 16:35,4144.700,4144.700,4141.600,4142.700
2026-08-04 16:40,4142.600,4146.300,4142.200,4146.000
2026-08-04 16:45,4145.900,4150.700,4145.600,4149.800
2026-08-04 16:50,4149.700,4150.700,4148.000,4148.000
2026-08-04 16:55,4147.700,4150.600,4147.200,4150.400
2026-08-04 17:00,4150.200,4160.000,4149.400,4159.400
2026-08-04 17:05,4159.400,4163.800,4157.000,4157.100
2026-08-04 17:10,4157.000,4158.900,4155.300,4157.100
2026-08-04 17:15,4157.300,4158.500,4154.000,4154.700
2026-08-04 17:20,4154.900,4157.900,4154.400,4157.300
2026-08-04 17:25,4157.000,4157.700,4151.100,4151.900
2026-08-04 17:30,4151.800,4151.900,4148.800,4150.600
2026-08-04 17:35,4150.600,4152.900,4150.600,4152.000
2026-08-04 17:40,4152.000,4153.300,4151.100,4152.600
2026-08-04 17:45,4152.700,4153.500,4150.600,4150.700
2026-08-04 17:50,4150.800,4151.200,4146.200,4146.300
2026-08-04 17:55,4146.700,4148.000,4143.000,4143.100
2026-08-04 18:00,4142.800,4145.400,4141.700,4143.700
2026-08-04 18:05,4143.700,4145.800,4143.700,4144.500
2026-08-04 18:10,4145.000,4145.400,4143.400,4145.200
2026-08-04 18:15,4145.100,4145.700,4142.700,4143.500
2026-08-04 18:20,4143.400,4146.000,4142.900,4143.700
2026-08-04 18:25,4143.800,4144.600,4141.200,4141.400
2026-08-04 18:30,4141.600,4142.700,4139.500,4139.500
2026-08-04 18:35,4139.700,4140.400,4135.100,4135.700
2026-08-04 18:40,4135.900,4137.000,4133.200,4133.500
2026-08-04 18:45,4133.500,4137.100,4132.100,4136.700
2026-08-04 18:50,4136.700,4137.700,4135.500,4136.400
2026-08-04 18:55,4136.700,4138.100,4136.300,4136.800
2026-08-04 19:00,4136.600,4138.900,4135.700,4137.400
2026-08-04 19:05,4137.300,4141.000,4137.000,4141.000
2026-08-04 19:10,4140.800,4141.300,4138.700,4138.700
2026-08-04 19:15,4138.900,4141.900,4138.400,4141.300
2026-08-04 19:20,4141.200,4141.400,4137.300,4137.400
2026-08-04 19:25,4137.200,4138.200,4136.000,4137.300
2026-08-04 19:30,4137.200,4137.900,4136.000,4137.100
2026-08-04 19:35,4137.500,4138.100,4136.900,4137.800
2026-08-04 19:40,4137.700,4139.600,4137.700,4138.200
2026-08-04 19:45,4138.200,4139.100,4136.400,4137.300
2026-08-04 19:50,4137.400,4137.600,4133.900,4134.200
2026-08-04 19:55,4134.200,4136.400,4133.300,4135.300
2026-08-04 20:00,4135.600,4136.300,4135.100,4135.600
2026-08-04 20:05,4135.600,4137.000,4135.600,4136.700
2026-08-04 20:10,4136.900,4137.300,4135.200,4136.100
2026-08-04 20:15,4135.800,4135.800,4131.800,4132.600
2026-08-04 20:20,4132.500,4132.700,4131.400,4131.900
2026-08-04 20:25,4131.900,4133.400,4131.600,4132.200
2026-08-04 20:30,4132.100,4133.900,4132.000,4133.900
2026-08-04 20:35,4133.900,4134.700,4133.900,4133.900
2026-08-04 20:40,4134.200,4135.700,4134.100,4134.600
2026-08-04 20:45,4134.300,4134.300,4132.700,4133.400
2026-08-04 20:50,4133.500,4135.200,4133.300,4133.700
2026-08-04 20:55,4133.600,4134.900,4133.300,4134.200
2026-08-04 22:00,4133.800,4135.500,4133.000,4135.000
2026-08-04 22:05,4134.500,4135.200,4133.100,4133.200
2026-08-04 22:10,4133.600,4134.100,4132.700,4133.400
2026-08-04 22:15,4133.200,4134.000,4132.100,4133.800
2026-08-04 22:20,4133.300,4134.200,4132.200,4133.800
2026-08-04 22:25,4133.900,4136.100,4133.800,4135.600
2026-08-04 22:30,4136.000,4137.200,4135.300,4137.200
2026-08-04 22:35,4137.200,4140.900,4136.800,4140.700
2026-08-04 22:40,4140.500,4142.100,4139.100,4140.600
2026-08-04 22:45,4140.800,4140.800,4137.600,4139.300
2026-08-04 22:50,4139.300,4140.600,4137.100,4137.600
2026-08-04 22:55,4137.700,4137.700,4132.400,4132.500
2026-08-04 23:00,4132.800,4134.000,4125.500,4127.200
2026-08-04 23:05,4126.800,4128.600,4126.300,4128.600
2026-08-04 23:10,4128.900,4130.600,4126.300,4130.000
2026-08-04 23:15,4129.900,4131.400,4128.600,4128.800
2026-08-04 23:20,4128.900,4129.000,4123.500,4125.300
2026-08-04 23:25,4125.100,4125.700,4121.600,4123.700
2026-08-04 23:30,4123.200,4126.200,4122.100,4124.300
2026-08-04 23:35,4124.400,4125.700,4124.000,4125.500
2026-08-04 23:40,4125.500,4126.000,4124.400,4125.300
2026-08-04 23:45,4125.200,4127.700,4125.200,4127.700
2026-08-04 23:50,4127.800,4128.600,4127.300,4127.400
2026-08-04 23:55,4127.600,4129.500,4127.600,4128.700
2026-08-05 00:00,4128.600,4130.100,4126.300,4129.400
2026-08-05 00:05,4129.600,4130.100,4128.300,4128.300
2026-08-05 00:10,4128.500,4129.000,4127.400,4127.900
2026-08-05 00:15,4127.800,4131.600,4127.400,4131.100
2026-08-05 00:20,4131.400,4133.500,4129.900,4132.900
2026-08-05 00:25,4132.700,4134.900,4132.300,4134.600
2026-08-05 00:30,4134.900,4137.200,4134.500,4136.100
2026-08-05 00:35,4136.200,4139.100,4136.200,4136.600
2026-08-05 00:40,4137.000,4137.400,4133.900,4133.900
2026-08-05 00:45,4134.200,4135.300,4133.500,4134.700
2026-08-05 00:50,4134.900,4139.300,4134.900,4139.200
2026-08-05 00:55,4139.300,4139.300,4137.400,4138.200
2026-08-05 01:00,4138.500,4141.500,4133.400,4136.400
2026-08-05 01:05,4136.100,4138.800,4135.500,4137.700
2026-08-05 01:10,4137.600,4142.700,4137.600,4141.900
2026-08-05 01:15,4141.900,4144.700,4141.000,4143.600
2026-08-05 01:20,4143.400,4144.000,4140.500,4140.800
2026-08-05 01:25,4140.700,4141.100,4138.200,4139.800
2026-08-05 01:30,4140.500,4142.400,4135.700,4140.400
2026-08-05 01:35,4140.800,4145.900,4139.900,4145.900
2026-08-05 01:40,4145.400,4148.900,4145.400,4148.700
2026-08-05 01:45,4148.400,4150.600,4148.400,4149.900
2026-08-05 01:50,4149.900,4151.600,4148.700,4151.500
2026-08-05 01:55,4151.800,4158.500,4151.800,4157.200
2026-08-05 02:00,4157.200,4158.900,4154.000,4154.700
2026-08-05 02:05,4154.400,4154.700,4152.200,4153.500
2026-08-05 02:10,4153.300,4156.600,4153.200,4156.200
2026-08-05 02:15,4156.100,4157.100,4151.800,4154.700
2026-08-05 02:20,4154.900,4160.600,4154.600,4159.000
2026-08-05 02:25,4159.300,4165.000,4159.000,4160.100
2026-08-05 02:30,4160.500,4165.600,4158.200,4164.800
2026-08-05 02:35,4164.600,4180.500,4164.500,4177.900
2026-08-05 02:40,4177.500,4186.100,4177.200,4185.500
2026-08-05 02:45,4185.700,4188.500,4183.400,4187.800
2026-08-05 02:50,4187.100,4189.700,4181.200,4188.600
2026-08-05 02:55,4188.100,4192.600,4186.200,4186.200
2026-08-05 03:00,4186.500,4188.000,4184.300,4186.200
2026-08-05 03:05,4186.300,4192.700,4185.200,4190.100
2026-08-05 03:10,4190.200,4193.500,4190.200,4192.800
2026-08-05 03:15,4193.300,4193.800,4187.700,4188.500
2026-08-05 03:20,4188.400,4190.100,4187.700,4189.300
2026-08-05 03:25,4188.500,4190.100,4187.100,4187.700
2026-08-05 03:30,4187.800,4188.300,4185.000,4185.700
2026-08-05 03:35,4185.900,4186.700,4185.000,4185.300
2026-08-05 03:40,4185.200,4186.500,4185.000,4185.900
2026-08-05 03:45,4186.100,4187.800,4185.000,4185.000
2026-08-05 03:50,4185.000,4186.400,4185.000,4185.800
2026-08-05 03:55,4185.800,4187.100,4185.000,4186.600
2026-08-05 04:00,4186.100,4193.700,4186.000,4192.500
2026-08-05 04:05,4192.700,4198.000,4191.600,4197.200
2026-08-05 04:10,4197.000,4199.500,4195.400,4196.400
2026-08-05 04:15,4196.300,4198.700,4195.500,4198.300
2026-08-05 04:20,4198.600,4198.700,4196.200,4196.700
2026-08-05 04:25,4196.700,4197.800,4195.700,4196.500
2026-08-05 04:30,4196.500,4196.500,4194.500,4195.700
2026-08-05 04:35,4195.200,4195.500,4191.000,4192.500
2026-08-05 04:40,4192.500,4194.200,4192.200,4192.400
2026-08-05 04:45,4192.300,4193.500,4189.900,4190.600
2026-08-05 04:50,4190.800,4193.200,4190.300,4192.300
2026-08-05 04:55,4192.200,4194.000,4191.500,4193.400
2026-08-05 05:00,4193.300,4195.400,4192.700,4194.700
2026-08-05 05:05,4194.300,4196.200,4193.600,4193.900
2026-08-05 05:10,4194.100,4196.200,4193.600,4195.400
2026-08-05 05:15,4195.300,4196.300,4193.500,4195.400
2026-08-05 05:20,4195.200,4200.400,4195.100,4199.600
2026-08-05 05:25,4199.400,4199.800,4196.500,4197.900
2026-08-05 05:30,4198.000,4204.600,4197.900,4201.800
2026-08-05 05:35,4201.600,4212.600,4200.800,4210.600
2026-08-05 05:40,4210.800,4219.800,4208.300,4218.200
2026-08-05 05:45,4217.700,4231.500,4217.400,4224.700
2026-08-05 05:50,4224.700,4233.000,4224.700,4227.100
2026-08-05 05:55,4227.100,4231.700,4222.100,4222.200
2026-08-05 06:00,4222.400,4227.300,4220.200,4222.400
2026-08-05 06:05,4222.300,4229.700,4221.000,4229.600
2026-08-05 06:10,4229.600,4234.300,4228.900,4233.000
2026-08-05 06:15,4232.800,4233.400,4226.100,4226.600
2026-08-05 06:20,4226.300,4228.200,4221.200,4225.700
2026-08-05 06:25,4225.900,4228.700,4223.900,4228.400
2026-08-05 06:30,4228.300,4233.500,4226.700,4232.800
2026-08-05 06:35,4232.900,4237.800,4232.800,4234.800
2026-08-05 06:40,4234.600,4236.200,4232.000,4234.900
2026-08-05 06:45,4235.000,4235.700,4231.500,4234.700
2026-08-05 06:50,4234.700,4235.600,4231.900,4234.500
2026-08-05 06:55,4234.400,4237.400,4234.200,4237.100
2026-08-05 07:00,4236.700,4238.500,4228.900,4229.700
2026-08-05 07:05,4229.500,4231.700,4227.600,4229.300
2026-08-05 07:10,4229.400,4231.000,4225.000,4225.300
2026-08-05 07:15,4225.400,4228.400,4224.900,4227.800
2026-08-05 07:20,4228.100,4228.400,4225.700,4227.400
2026-08-05 07:25,4227.300,4228.000,4221.800,4223.300
2026-08-05 07:30,4223.500,4224.600,4221.800,4222.700
2026-08-05 07:35,4222.400,4225.500,4220.900,4224.300
2026-08-05 07:40,4224.300,4225.900,4223.600,4225.500
2026-08-05 07:45,4225.700,4227.800,4223.300,4225.000
2026-08-05 07:50,4225.000,4226.900,4223.800,4224.400
2026-08-05 07:55,4224.500,4231.000,4224.300,4229.900
2026-08-05 08:00,4229.900,4231.500,4227.900,4229.600
2026-08-05 08:05,4229.200,4229.500,4227.100,4228.600
2026-08-05 08:10,4228.200,4228.600,4223.300,4224.200
2026-08-05 08:15,4224.700,4226.900,4224.300,4225.300
2026-08-05 08:20,4225.400,4225.400,4221.000,4221.500
2026-08-05 08:25,4221.500,4224.300,4221.200,4223.800
2026-08-05 08:30,4223.900,4225.400,4221.800,4224.500
2026-08-05 08:35,4224.300,4225.300,4223.000,4223.800
2026-08-05 08:40,4223.600,4227.100,4220.900,4225.700
2026-08-05 08:45,4225.700,4226.100,4218.700,4221.500
2026-08-05 08:50,4222.000,4222.000,4219.900,4220.900
2026-08-05 08:55,4221.400,4221.700,4218.400,4219.700
2026-08-05 09:00,4220.000,4224.400,4219.800,4224.000
2026-08-05 09:05,4224.000,4226.900,4223.700,4224.000
2026-08-05 09:10,4224.300,4225.300,4221.900,4222.700
2026-08-05 09:15,4222.400,4222.400,4218.400,4219.500
2026-08-05 09:20,4219.900,4220.900,4214.600,4216.400
2026-08-05 09:25,4216.800,4217.600,4215.200,4216.600
2026-08-05 09:30,4216.600,4217.800,4213.000,4216.200
2026-08-05 09:35,4215.900,4218.700,4213.800,4217.100
2026-08-05 09:40,4216.700,4217.500,4214.400,4217.300
2026-08-05 09:45,4217.200,4217.900,4215.800,4216.900
2026-08-05 09:50,4216.800,4217.200,4215.400,4216.600
2026-08-05 09:55,4216.800,4218.400,4211.800,4216.900
2026-08-05 10:00,4216.800,4217.000,4210.800,4211.200
2026-08-05 10:05,4211.400,4212.800,4211.300,4212.400
2026-08-05 10:10,4212.100,4212.300,4209.300,4210.000
2026-08-05 10:15,4209.900,4215.000,4209.100,4214.900
2026-08-05 10:20,4214.900,4217.000,4214.200,4215.100
2026-08-05 10:25,4215.000,4217.300,4214.000,4215.800
2026-08-05 10:30,4216.100,4216.600,4213.900,4214.300
2026-08-05 10:35,4214.000,4215.100,4212.700,4214.300
2026-08-05 10:40,4214.000,4216.800,4212.800,4213.900
2026-08-05 10:45,4214.200,4215.400,4213.000,4214.600
2026-08-05 10:50,4214.300,4215.700,4213.000,4215.500
2026-08-05 10:55,4215.300,4220.700,4215.000,4220.400
2026-08-05 11:00,4220.600,4224.000,4219.800,4223.300
2026-08-05 11:05,4223.100,4225.900,4222.300,4225.900
2026-08-05 11:10,4226.000,4230.400,4225.400,4229.600
2026-08-05 11:15,4230.400,4233.300,4229.200,4230.700
2026-08-05 11:20,4230.700,4232.800,4229.200,4230.000
2026-08-05 11:25,4229.800,4240.400,4228.700,4235.500
2026-08-05 11:30,4235.600,4241.200,4233.400,4240.300
2026-08-05 11:35,4240.300,4247.300,4240.100,4244.800
2026-08-05 11:40,4244.900,4248.800,4242.300,4244.600
2026-08-05 11:45,4244.900,4247.400,4242.800,4245.700
2026-08-05 11:50,4245.600,4249.000,4245.300,4248.500
2026-08-05 11:55,4248.600,4252.200,4247.700,4248.500
2026-08-05 12:00,4248.500,4255.000,4248.500,4254.500
2026-08-05 12:05,4254.300,4259.100,4253.400,4257.500
2026-08-05 12:10,4257.900,4259.700,4257.000,4258.300
2026-08-05 12:15,4258.400,4268.700,4258.400,4265.000
2026-08-05 12:20,4265.300,4273.600,4264.900,4271.100
2026-08-05 12:25,4271.200,4271.800,4264.700,4265.100
2026-08-05 12:30,4265.300,4268.900,4257.500,4259.500
2026-08-05 12:35,4259.800,4264.200,4258.400,4260.500
2026-08-05 12:40,4260.600,4260.700,4253.000,4254.600
2026-08-05 12:45,4255.000,4255.700,4251.200,4254.000
2026-08-05 12:50,4253.800,4253.900,4246.700,4247.500
2026-08-05 12:55,4247.600,4248.800,4243.100,4244.100
2026-08-05 13:00,4243.900,4255.900,4243.800,4254.400
2026-08-05 13:05,4254.300,4257.200,4251.400,4254.200
2026-08-05 13:10,4254.000,4255.400,4246.700,4247.600
2026-08-05 13:15,4247.800,4250.800,4245.300,4250.400
2026-08-05 13:20,4250.300,4257.800,4249.800,4254.700
2026-08-05 13:25,4254.900,4258.300,4253.400,4257.400
2026-08-05 13:30,4257.400,4264.200,4254.600,4262.300
2026-08-05 13:35,4262.200,4264.800,4252.800,4260.900
2026-08-05 13:40,4260.800,4264.000,4257.400,4257.600
2026-08-05 13:45,4257.900,4259.600,4250.400,4252.900
2026-08-05 13:50,4253.300,4260.700,4248.700,4260.300
2026-08-05 13:55,4260.600,4266.700,4259.900,4265.800
2026-08-05 14:00,4265.100,4270.600,4263.100,4270.300
2026-08-05 14:05,4270.400,4288.400,4270.200,4287.300
2026-08-05 14:10,4287.500,4295.000,4285.600,4289.600
2026-08-05 14:15,4289.800,4298.900,4286.600,4296.500
2026-08-05 14:20,4296.300,4298.500,4290.400,4291.500
2026-08-05 14:25,4291.800,4300.600,4291.800,4297.100
2026-08-05 14:30,4296.700,4302.300,4289.300,4290.700
2026-08-05 14:35,4290.600,4294.200,4288.700,4291.700
2026-08-05 14:40,4291.900,4303.500,4289.900,4303.400
2026-08-05 14:45,4303.400,4307.800,4301.100,4307.300
2026-08-05 14:50,4307.500,4307.600,4293.200,4297.900
2026-08-05 14:55,4298.200,4305.800,4296.200,4304.300
2026-08-05 15:00,4303.900,4320.000,4302.400,4315.600
2026-08-05 15:05,4315.800,4319.800,4311.900,4316.500
2026-08-05 15:10,4316.300,4321.500,4315.700,4318.200
2026-08-05 15:15,4318.000,4318.800,4310.300,4317.800
2026-08-05 15:20,4317.500,4322.600,4316.500,4320.200
2026-08-05 15:25,4320.500,4325.500,4317.300,4317.700
2026-08-05 15:30,4317.500,4319.400,4314.600,4315.400
2026-08-05 15:35,4315.200,4319.900,4314.100,4317.500
2026-08-05 15:40,4317.700,4317.700,4312.400,4316.000
2026-08-05 15:45,4315.700,4315.700,4309.300,4310.000
2026-08-05 15:50,4309.900,4310.400,4301.200,4303.500
2026-08-05 15:55,4303.500,4303.700,4292.700,4293.000
2026-08-05 16:00,4293.600,4295.200,4285.700,4286.200
2026-08-05 16:05,4286.300,4296.100,4285.000,4295.700
2026-08-05 16:10,4295.600,4296.500,4292.100,4294.600
2026-08-05 16:15,4294.600,4297.400,4292.900,4294.000
2026-08-05 16:20,4294.200,4301.200,4293.900,4299.200
2026-08-05 16:25,4299.100,4302.600,4299.100,4301.600
2026-08-05 16:30,4301.900,4304.100,4299.300,4301.600
2026-08-05 16:35,4301.600,4306.000,4300.800,4304.000
2026-08-05 16:40,4304.300,4307.400,4303.400,4304.900
2026-08-05 16:45,4305.200,4305.700,4301.300,4302.800
2026-08-05 16:50,4303.000,4308.100,4302.800,4305.100
2026-08-05 16:55,4304.900,4304.900,4298.600,4302.800
2026-08-05 17:00,4302.900,4303.600,4299.700,4303.600
2026-08-05 17:05,4303.900,4304.900,4300.900,4302.000
2026-08-05 17:10,4301.800,4304.300,4301.500,4302.400
2026-08-05 17:15,4302.300,4302.300,4298.200,4299.000
2026-08-05 17:20,4298.800,4300.700,4296.200,4300.500
2026-08-05 17:25,4300.500,4307.000,4297.600,4305.000
2026-08-05 17:30,4304.900,4308.500,4301.100,4308.300
2026-08-05 17:35,4308.300,4310.900,4306.200,4310.400
2026-08-05 17:40,4310.200,4311.500,4308.000,4308.500
2026-08-05 17:45,4308.700,4311.500,4307.900,4309.400
2026-08-05 17:50,4309.600,4311.100,4309.100,4309.900
2026-08-05 17:55,4310.000,4313.000,4310.000,4311.000
2026-08-05 18:00,4310.700,4315.000,4309.600,4313.800
2026-08-05 18:05,4313.700,4318.400,4313.400,4316.300
2026-08-05 18:10,4316.500,4318.200,4314.000,4314.000
2026-08-05 18:15,4313.800,4317.800,4313.700,4317.800
2026-08-05 18:20,4317.200,4328.200,4317.200,4323.800
2026-08-05 18:25,4323.600,4325.500,4322.100,4323.800
2026-08-05 18:30,4323.200,4324.500,4314.600,4315.300
2026-08-05 18:35,4315.600,4318.800,4315.500,4317.800
2026-08-05 18:40,4317.800,4320.800,4317.800,4319.500
2026-08-05 18:45,4319.700,4321.800,4318.300,4319.200
2026-08-05 18:50,4319.200,4323.100,4318.700,4322.600
2026-08-05 18:55,4322.000,4324.000,4320.900,4321.200
2026-08-05 19:00,4321.000,4322.600,4319.700,4322.500
2026-08-05 19:05,4322.700,4322.700,4317.900,4318.700
2026-08-05 19:10,4318.400,4319.600,4316.600,4318.900
2026-08-05 19:15,4318.800,4318.800,4311.200,4312.600
2026-08-05 19:20,4312.800,4316.500,4311.200,4316.400
2026-08-05 19:25,4316.100,4316.600,4313.400,4314.000
2026-08-05 19:30,4313.700,4314.900,4310.100,4310.100
2026-08-05 19:35,4310.300,4311.700,4308.800,4310.700
2026-08-05 19:40,4311.000,4314.400,4311.000,4313.700
2026-08-05 19:45,4313.300,4313.900,4308.600,4309.200
2026-08-05 19:50,4309.500,4310.200,4308.000,4309.500
2026-08-05 19:55,4309.400,4309.900,4307.000,4307.600
2026-08-05 20:00,4307.900,4310.200,4307.400,4309.300
2026-08-05 20:05,4308.900,4309.400,4307.800,4308.400
2026-08-05 20:10,4308.800,4310.400,4308.300,4310.100
2026-08-05 20:15,4310.100,4310.400,4306.500,4307.100
2026-08-05 20:20,4306.700,4308.000,4306.200,4307.800
2026-08-05 20:25,4307.700,4307.700,4306.300,4306.600
2026-08-05 20:30,4306.800,4310.300,4306.700,4310.200
2026-08-05 20:35,4310.100,4310.100,4307.400,4307.400
2026-08-05 20:40,4307.300,4308.200,4305.800,4306.300
2026-08-05 20:45,4306.200,4306.500,4303.500,4305.100
2026-08-05 20:50,4304.800,4306.500,4304.500,4305.000
2026-08-05 20:55,4305.000,4308.200,4303.700,4308.000
2026-08-05 22:00,4307.000,4315.200,4304.900,4308.700
2026-08-05 22:05,4308.200,4309.300,4305.500,4306.300
2026-08-05 22:10,4306.700,4308.300,4306.300,4307.000
2026-08-05 22:15,4307.900,4308.200,4306.900,4307.400
2026-08-05 22:20,4307.600,4308.700,4306.800,4308.100
2026-08-05 22:25,4307.800,4308.300,4307.000,4308.200
2026-08-05 22:30,4307.600,4309.500,4307.200,4309.100
2026-08-05 22:35,4309.200,4310.200,4308.500,4308.700
2026-08-05 22:40,4308.900,4309.600,4307.200,4307.200
2026-08-05 22:45,4307.500,4308.500,4307.000,4308.000
2026-08-05 22:50,4308.200,4308.600,4307.300,4307.400
2026-08-05 22:55,4307.600,4309.500,4307.100,4309.500
2026-08-05 23:00,4309.400,4312.200,4308.300,4311.700
2026-08-05 23:05,4312.000,4313.900,4310.800,4311.300
2026-08-05 23:10,4311.300,4317.500,4311.300,4315.000
2026-08-05 23:15,4315.400,4320.400,4315.400,4318.800
2026-08-05 23:20,4318.400,4322.000,4316.800,4321.200
2026-08-05 23:25,4321.000,4323.200,4319.700,4322.200
2026-08-05 23:30,4322.500,4324.500,4319.800,4324.200
2026-08-05 23:35,4324.100,4339.100,4324.100,4336.900
2026-08-05 23:40,4337.300,4341.100,4335.100,4339.600
2026-08-05 23:45,4339.800,4339.800,4331.000,4334.000
2026-08-05 23:50,4334.000,4336.800,4331.700,4335.400
2026-08-05 23:55,4335.000,4339.000,4333.600,4337.300
2026-08-06 00:00,4337.200,4337.200,4324.100,4327.900
2026-08-06 00:05,4328.300,4336.700,4325.300,4331.000
2026-08-06 00:10,4330.800,4332.400,4323.500,4329.500
2026-08-06 00:15,4330.400,4336.100,4330.300,4333.900
2026-08-06 00:20,4335.100,4343.300,4333.400,4342.000
2026-08-06 00:25,4341.800,4344.200,4331.700,4334.000
2026-08-06 00:30,4333.600,4346.500,4333.600,4345.500
2026-08-06 00:35,4345.600,4350.300,4342.200,4344.900
2026-08-06 00:40,4345.500,4349.100,4343.600,4345.400
2026-08-06 00:45,4345.900,4354.700,4345.900,4347.200
2026-08-06 00:50,4347.300,4356.200,4345.700,4356.000
2026-08-06 00:55,4356.300,4360.000,4353.500,4354.700
2026-08-06 01:00,4354.600,4362.700,4351.000,4352.900
2026-08-06 01:05,4352.600,4358.200,4346.200,4357.300
2026-08-06 01:10,4356.100,4358.400,4339.300,4343.600
2026-08-06 01:15,4344.000,4347.500,4342.600,4343.200
2026-08-06 01:20,4343.100,4344.400,4332.500,4342.500
2026-08-06 01:25,4342.600,4345.800,4333.200,4335.800
2026-08-06 01:30,4335.500,4346.200,4335.300,4343.400
2026-08-06 01:35,4344.000,4357.100,4341.200,4352.600
2026-08-06 01:40,4351.700,4352.400,4347.900,4347.900
2026-08-06 01:45,4348.200,4355.800,4343.300,4353.900
2026-08-06 01:50,4353.700,4357.800,4348.000,4348.200
2026-08-06 01:55,4348.200,4349.600,4345.200,4346.900
2026-08-06 02:00,4346.700,4357.000,4344.000,4356.200
2026-08-06 02:05,4357.000,4363.700,4357.000,4360.800
2026-08-06 02:10,4360.700,4362.300,4351.900,4354.500
2026-08-06 02:15,4354.800,4359.200,4351.800,4353.500
2026-08-06 02:20,4353.400,4354.100,4351.600,4352.600
2026-08-06 02:25,4352.700,4354.200,4350.800,4351.100
2026-08-06 02:30,4350.900,4351.500,4341.500,4345.200
2026-08-06 02:35,4345.300,4347.400,4343.400,4344.500
2026-08-06 02:40,4344.700,4344.900,4339.800,4344.700
2026-08-06 02:45,4344.400,4346.100,4334.000,4335.700
2026-08-06 02:50,4336.300,4339.700,4335.200,4337.400
2026-08-06 02:55,4336.800,4339.000,4335.900,4337.800
2026-08-06 03:00,4337.200,4337.200,4334.200,4334.800
2026-08-06 03:05,4334.900,4340.000,4334.900,4338.100
2026-08-06 03:10,4337.900,4339.500,4332.900,4332.900
2026-08-06 03:15,4332.800,4333.200,4323.600,4326.300
2026-08-06 03:20,4326.600,4326.700,4322.800,4323.600
2026-08-06 03:25,4323.200,4325.500,4320.200,4325.500
2026-08-06 03:30,4325.200,4326.000,4322.600,4326.000
2026-08-06 03:35,4325.800,4326.500,4322.600,4323.000
2026-08-06 03:40,4323.600,4323.900,4321.000,4321.900
2026-08-06 03:45,4322.400,4323.000,4319.600,4322.500
2026-08-06 03:50,4322.300,4323.300,4320.500,4322.500
2026-08-06 03:55,4322.400,4324.900,4321.900,4324.900
2026-08-06 04:00,4324.500,4325.800,4321.100,4324.200
2026-08-06 04:05,4324.500,4326.100,4322.000,4324.700
2026-08-06 04:10,4324.700,4325.900,4321.500,4322.200
2026-08-06 04:15,4322.500,4322.900,4320.500,4320.700
2026-08-06 04:20,4320.500,4322.200,4319.800,4319.800
2026-08-06 04:25,4319.800,4321.300,4312.200,4315.000
2026-08-06 04:30,4315.100,4318.600,4315.100,4318.000
2026-08-06 04:35,4317.700,4320.300,4316.700,4319.100
2026-08-06 04:40,4319.100,4320.800,4317.100,4318.300
2026-08-06 04:45,4318.000,4319.900,4318.000,4319.300
2026-08-06 04:50,4319.500,4322.100,4318.000,4321.400
2026-08-06 04:55,4321.000,4321.900,4320.000,4321.400
2026-08-06 05:00,4321.300,4324.500,4318.600,4319.900
2026-08-06 05:05,4319.800,4320.100,4318.000,4319.200
2026-08-06 05:10,4318.900,4319.700,4315.800,4319.100
2026-08-06 05:15,4318.700,4318.800,4314.900,4315.600
2026-08-06 05:20,4315.600,4316.300,4312.900,4314.100
2026-08-06 05:25,4313.800,4314.600,4312.100,4312.900
2026-08-06 05:30,4312.700,4317.000,4306.200,4316.700
2026-08-06 05:35,4316.400,4321.400,4316.000,4321.000
2026-08-06 05:40,4321.300,4325.100,4320.400,4322.800
2026-08-06 05:45,4322.100,4325.500,4321.300,4321.700
2026-08-06 05:50,4321.700,4327.500,4321.200,4325.600
2026-08-06 05:55,4325.800,4326.500,4323.100,4326.000
2026-08-06 06:00,4325.800,4327.500,4324.000,4326.200
2026-08-06 06:05,4325.900,4327.000,4320.600,4321.900
2026-08-06 06:10,4321.500,4321.600,4315.700,4319.300
2026-08-06 06:15,4319.600,4320.100,4313.400,4318.800
2026-08-06 06:20,4319.000,4319.000,4314.200,4316.400
2026-08-06 06:25,4316.200,4317.000,4314.500,4316.300
2026-08-06 06:30,4316.400,4316.700,4313.000,4313.300
2026-08-06 06:35,4313.800,4314.400,4311.800,4312.100
2026-08-06 06:40,4312.200,4315.400,4308.200,4315.400
2026-08-06 06:45,4315.100,4317.000,4312.700,4313.700
2026-08-06 06:50,4313.600,4314.700,4309.600,4310.900
2026-08-06 06:55,4310.900,4315.200,4310.700,4314.700
2026-08-06 07:00,4314.700,4315.500,4311.900,4314.900
2026-08-06 07:05,4315.100,4318.900,4314.700,4318.300
2026-08-06 07:10,4318.300,4322.500,4318.200,4322.000
2026-08-06 07:15,4321.900,4324.000,4319.900,4322.900
2026-08-06 07:20,4323.000,4323.600,4317.000,4320.700
2026-08-06 07:25,4320.800,4322.800,4320.100,4321.000
2026-08-06 07:30,4320.700,4321.000,4318.800,4318.800
2026-08-06 07:35,4318.400,4319.100,4315.600,4315.700
2026-08-06 07:40,4315.800,4317.100,4313.800,4314.000
2026-08-06 07:45,4314.100,4316.600,4312.100,4313.600
2026-08-06 07:50,4313.400,4318.900,4311.700,4318.900
2026-08-06 07:55,4318.500,4322.100,4317.700,4321.700
2026-08-06 08:00,4322.000,4325.000,4319.400,4320.300
2026-08-06 08:05,4320.600,4324.000,4319.500,4323.700
2026-08-06 08:10,4323.800,4328.700,4323.800,4328.100
2026-08-06 08:15,4327.800,4329.800,4327.000,4328.600
2026-08-06 08:20,4328.600,4328.600,4322.900,4324.600
2026-08-06 08:25,4324.800,4328.600,4323.000,4327.300
2026-08-06 08:30,4327.200,4333.700,4325.800,4332.800
2026-08-06 08:35,4332.600,4334.000,4329.900,4330.200
2026-08-06 08:40,4330.200,4332.900,4329.300,4332.000
2026-08-06 08:45,4332.100,4334.200,4329.400,4332.400
2026-08-06 08:50,4332.200,4336.400,4331.200,4333.900
2026-08-06 08:55,4333.500,4337.700,4332.900,4337.100
2026-08-06 09:00,4337.200,4342.400,4336.100,4339.100
2026-08-06 09:05,4339.300,4339.400,4334.700,4335.300
2026-08-06 09:10,4335.500,4338.400,4335.500,4338.400
2026-08-06 09:15,4339.000,4342.400,4338.700,4341.500
2026-08-06 09:20,4341.600,4344.200,4339.700,4342.800
2026-08-06 09:25,4342.100,4342.400,4337.600,4341.900
2026-08-06 09:30,4342.300,4343.400,4337.000,4338.100
2026-08-06 09:35,4338.200,4338.800,4335.500,4338.400
2026-08-06 09:40,4338.400,4338.600,4331.400,4331.400
2026-08-06 09:45,4331.400,4335.400,4331.400,4335.300
2026-08-06 09:50,4335.300,4335.300,4330.400,4331.400
2026-08-06 09:55,4331.000,4333.000,4330.700,4332.600
2026-08-06 10:00,4332.600,4333.100,4330.000,4331.000
2026-08-06 10:05,4330.500,4331.100,4328.800,4330.000
2026-08-06 10:10,4330.200,4330.300,4328.100,4329.000
2026-08-06 10:15,4328.700,4329.000,4326.600,4328.200
2026-08-06 10:20,4328.500,4330.400,4327.200,4330.100
2026-08-06 10:25,4330.200,4330.200,4327.500,4328.400
2026-08-06 10:30,4328.900,4329.200,4326.000,4327.600
2026-08-06 10:35,4327.400,4328.400,4326.700,4327.900
2026-08-06 10:40,4328.200,4328.900,4322.800,4324.500
2026-08-06 10:45,4324.500,4329.600,4324.000,4329.300
2026-08-06 10:50,4329.600,4330.900,4328.300,4329.900
2026-08-06 10:55,4329.900,4330.700,4328.400,4330.000
2026-08-06 11:00,4330.000,4332.500,4326.600,4327.600
2026-08-06 11:05,4327.800,4329.000,4325.400,4326.100
2026-08-06 11:10,4326.400,4328.500,4326.000,4328.500
2026-08-06 11:15,4328.300,4330.700,4323.100,4324.800
2026-08-06 11:20,4325.000,4325.600,4318.500,4320.700
2026-08-06 11:25,4320.500,4323.400,4320.000,4323.400
2026-08-06 11:30,4323.400,4326.100,4322.400,4323.900
2026-08-06 11:35,4323.900,4326.000,4320.300,4320.800
2026-08-06 11:40,4320.900,4321.700,4318.400,4319.100
2026-08-06 11:45,4319.200,4319.500,4314.000,4315.300
2026-08-06 11:50,4315.300,4317.500,4312.700,4315.100
2026-08-06 11:55,4315.200,4323.000,4313.900,4322.600
2026-08-06 12:00,4322.200,4324.700,4319.500,4322.700
2026-08-06 12:05,4322.600,4322.600,4315.600,4316.400
2026-08-06 12:10,4316.200,4317.800,4314.400,4314.900
2026-08-06 12:15,4315.000,4315.800,4311.700,4315.800
2026-08-06 12:20,4315.800,4321.700,4314.700,4319.800
2026-08-06 12:25,4319.700,4320.500,4315.400,4320.500
2026-08-06 12:30,4320.800,4329.200,4316.700,4326.500
2026-08-06 12:35,4326.700,4330.100,4325.900,4329.300
2026-08-06 12:40,4329.000,4329.600,4325.300,4326.000
2026-08-06 12:45,4326.200,4326.600,4313.400,4314.600
2026-08-06 12:50,4314.500,4315.500,4309.500,4309.700
2026-08-06 12:55,4310.100,4313.600,4307.000,4308.600
2026-08-06 13:00,4308.500,4314.200,4308.200,4311.000
2026-08-06 13:05,4310.900,4311.400,4288.800,4290.000
2026-08-06 13:10,4290.000,4297.700,4288.400,4296.700
2026-08-06 13:15,4296.500,4302.900,4294.000,4302.400
2026-08-06 13:20,4302.300,4306.400,4299.300,4300.900
2026-08-06 13:25,4301.000,4306.300,4297.200,4305.900
2026-08-06 13:30,4305.800,4311.200,4304.300,4309.200
2026-08-06 13:35,4309.000,4323.800,4308.600,4317.200
2026-08-06 13:40,4317.400,4332.900,4316.900,4328.900
2026-08-06 13:45,4329.100,4329.100,4321.000,4322.400
2026-08-06 13:50,4322.700,4326.700,4320.800,4325.200
2026-08-06 13:55,4325.200,4328.500,4324.300,4325.900
2026-08-06 14:00,4326.100,4330.400,4323.800,4325.900
2026-08-06 14:05,4326.300,4330.500,4323.200,4323.800
2026-08-06 14:10,4324.600,4334.700,4324.000,4327.300
2026-08-06 14:15,4327.600,4327.900,4319.600,4324.800
2026-08-06 14:20,4324.900,4326.500,4320.100,4320.600
2026-08-06 14:25,4321.200,4328.100,4318.900,4324.800
2026-08-06 14:30,4324.700,4333.700,4324.700,4331.300
2026-08-06 14:35,4331.300,4334.000,4328.900,4329.800
2026-08-06 14:40,4329.400,4334.100,4329.000,4333.100
2026-08-06 14:45,4332.600,4334.600,4324.200,4324.500
2026-08-06 14:50,4324.400,4330.500,4321.800,4330.000
2026-08-06 14:55,4330.200,4332.400,4326.400,4332.200
2026-08-06 15:00,4332.200,4333.600,4327.900,4329.500
2026-08-06 15:05,4329.400,4330.600,4324.000,4325.300
2026-08-06 15:10,4325.500,4327.200,4320.500,4322.700
2026-08-06 15:15,4322.500,4322.800,4314.800,4315.500
2026-08-06 15:20,4315.800,4317.500,4309.300,4313.600
2026-08-06 15:25,4313.900,4318.400,4311.900,4313.400
2026-08-06 15:30,4313.700,4314.200,4307.300,4307.400
2026-08-06 15:35,4307.400,4311.200,4303.900,4310.400
2026-08-06 15:40,4310.300,4311.600,4306.500,4309.900
2026-08-06 15:45,4309.800,4310.100,4306.200,4306.400
2026-08-06 15:50,4306.000,4308.300,4292.400,4293.200
2026-08-06 15:55,4292.900,4295.900,4285.200,4291.500
2026-08-06 16:00,4291.800,4296.100,4290.300,4295.300
2026-08-06 16:05,4295.100,4300.800,4293.900,4299.000
2026-08-06 16:10,4299.100,4299.800,4288.300,4290.600
2026-08-06 16:15,4290.400,4290.700,4282.300,4285.000
2026-08-06 16:20,4285.100,4286.000,4281.200,4282.400
2026-08-06 16:25,4282.500,4288.800,4281.200,4288.200
2026-08-06 16:30,4288.300,4291.700,4288.100,4290.300
2026-08-06 16:35,4290.700,4294.000,4289.900,4293.100
2026-08-06 16:40,4293.200,4293.400,4290.200,4291.500
2026-08-06 16:45,4291.300,4294.400,4289.900,4294.400
2026-08-06 16:50,4294.600,4295.700,4293.200,4295.000
2026-08-06 16:55,4295.100,4300.600,4295.000,4299.400
2026-08-06 17:00,4299.600,4301.300,4297.600,4299.500
2026-08-06 17:05,4299.700,4301.600,4298.800,4301.400
2026-08-06 17:10,4301.000,4303.000,4299.200,4299.200
2026-08-06 17:15,4299.200,4300.200,4297.500,4299.800
2026-08-06 17:20,4300.200,4301.000,4297.100,4298.100
2026-08-06 17:25,4298.600,4301.300,4297.700,4300.500
2026-08-06 17:30,4300.200,4300.600,4297.500,4298.800
2026-08-06 17:35,4299.100,4302.300,4297.100,4300.700
2026-08-06 17:40,4300.800,4301.900,4299.800,4300.500
2026-08-06 17:45,4300.300,4301.400,4299.100,4300.600
2026-08-06 17:50,4300.700,4307.000,4300.700,4305.500
2026-08-06 17:55,4305.500,4307.000,4304.200,4305.800
2026-08-06 18:00,4305.900,4306.100,4302.600,4304.200
2026-08-06 18:05,4304.300,4307.600,4304.300,4306.900
2026-08-06 18:10,4306.900,4307.200,4304.400,4304.800
2026-08-06 18:15,4305.400,4307.400,4304.400,4306.000
2026-08-06 18:20,4306.300,4308.000,4305.000,4305.900
2026-08-06 18:25,4306.100,4306.600,4304.700,4305.100
2026-08-06 18:30,4305.000,4306.000,4301.600,4302.400
2026-08-06 18:35,4302.500,4303.300,4300.900,4301.900
2026-08-06 18:40,4301.800,4302.400,4299.200,4300.200
2026-08-06 18:45,4300.300,4303.600,4300.200,4303.500
2026-08-06 18:50,4303.200,4304.300,4299.800,4300.000
2026-08-06 18:55,4300.300,4302.200,4299.500,4302.200
2026-08-06 19:00,4302.100,4307.500,4301.800,4306.900
2026-08-06 19:05,4306.500,4307.500,4305.500,4307.300
2026-08-06 19:10,4307.600,4309.800,4305.800,4305.900
2026-08-06 19:15,4306.100,4307.100,4303.900,4304.000
2026-08-06 19:20,4304.300,4305.900,4298.600,4299.100
2026-08-06 19:25,4299.100,4300.900,4294.200,4296.500
2026-08-06 19:30,4296.600,4297.400,4294.600,4297.400
2026-08-06 19:35,4297.200,4298.600,4295.100,4296.000
2026-08-06 19:40,4295.800,4296.000,4292.000,4293.500
2026-08-06 19:45,4293.900,4298.100,4293.900,4296.900
2026-08-06 19:50,4296.700,4309.300,4296.600,4306.100
2026-08-06 19:55,4305.400,4308.200,4302.400,4307.800
2026-08-06 20:00,4307.700,4309.100,4304.800,4305.800
2026-08-06 20:05,4306.300,4306.300,4304.100,4304.900
2026-08-06 20:10,4304.700,4306.000,4301.700,4303.500
2026-08-06 20:15,4303.800,4304.400,4302.600,4303.100
2026-08-06 20:20,4303.200,4303.600,4300.900,4301.300
2026-08-06 20:25,4301.500,4301.900,4298.600,4300.800
2026-08-06 20:30,4300.500,4300.800,4299.600,4300.000
2026-08-06 20:35,4300.300,4301.200,4298.900,4299.000
2026-08-06 20:40,4298.900,4298.900,4294.100,4294.200
2026-08-06 20:45,4294.000,4298.000,4293.600,4295.400
2026-08-06 20:50,4295.300,4300.700,4294.700,4300.300
2026-08-06 20:55,4300.200,4300.200,4298.200,4298.700
2026-08-06 22:00,4298.300,4298.900,4293.900,4294.800
2026-08-06 22:05,4295.000,4296.600,4294.800,4296.400
2026-08-06 22:10,4296.000,4296.100,4295.100,4295.300
2026-08-06 22:15,4298.600,4300.000,4298.600,4299.100
2026-08-06 22:20,4299.500,4301.000,4297.700,4300.400
2026-08-06 22:25,4300.100,4301.800,4299.300,4301.200
2026-08-06 22:30,4300.900,4301.700,4299.500,4300.000
2026-08-06 22:35,4299.900,4299.900,4298.200,4298.500
2026-08-06 22:40,4298.400,4299.700,4297.100,4297.100
2026-08-06 22:45,4297.500,4300.000,4296.900,4299.800
2026-08-06 22:50,4300.100,4301.200,4299.100,4300.400
2026-08-06 22:55,4300.200,4300.200,4298.300,4298.300
2026-08-06 23:00,4298.600,4301.400,4298.400,4300.200
2026-08-06 23:05,4300.400,4304.300,4300.300,4302.200
2026-08-06 23:10,4302.700,4303.600,4302.500,4303.600
2026-08-06 23:15,4304.000,4304.600,4303.200,4304.200
2026-08-06 23:20,4304.500,4304.900,4304.100,4304.100
2026-08-06 23:25,4304.400,4304.700,4301.400,4303.700
2026-08-06 23:30,4303.500,4307.100,4303.300,4305.800
2026-08-06 23:35,4305.300,4306.600,4304.800,4304.800
2026-08-06 23:40,4304.900,4306.600,4303.400,4305.500
2026-08-06 23:45,4305.700,4307.600,4304.500,4307.000
2026-08-06 23:50,4307.100,4310.900,4306.800,4310.300
2026-08-06 23:55,4310.100,4311.800,4309.300,4311.000
2026-08-07 00:00,4310.700,4311.400,4306.000,4308.000
2026-08-07 00:05,4307.800,4309.200,4307.300,4307.900
2026-08-07 00:10,4307.400,4307.500,4301.700,4303.200
2026-08-07 00:15,4303.300,4304.700,4299.500,4300.500
2026-08-07 00:20,4300.600,4303.300,4297.800,4298.200
2026-08-07 00:25,4298.300,4302.400,4297.500,4302.100
2026-08-07 00:30,4302.000,4302.000,4299.000,4299.500
2026-08-07 00:35,4300.200,4300.700,4293.700,4293.800
2026-08-07 00:40,4293.600,4294.100,4288.200,4292.800
2026-08-07 00:45,4293.200,4295.200,4289.100,4289.100
2026-08-07 00:50,4289.200,4293.200,4288.800,4292.000
2026-08-07 00:55,4292.000,4292.000,4288.000,4291.200
2026-08-07 01:00,4290.900,4301.600,4289.800,4300.700
2026-08-07 01:05,4299.900,4305.100,4298.300,4300.700
2026-08-07 01:10,4300.700,4303.100,4298.900,4302.400
2026-08-07 01:15,4302.300,4304.800,4301.600,4302.500
2026-08-07 01:20,4302.300,4308.400,4299.700,4300.100
2026-08-07 01:25,4299.900,4304.600,4298.700,4302.100
2026-08-07 01:30,4302.100,4303.600,4297.700,4301.900
2026-08-07 01:35,4301.600,4304.800,4300.200,4304.800
2026-08-07 01:40,4304.600,4316.800,4304.200,4315.000
2026-08-07 01:45,4314.800,4316.900,4310.500,4312.200
2026-08-07 01:50,4311.300,4313.600,4310.000,4312.700
2026-08-07 01:55,4312.600,4317.500,4312.000,4314.700
2026-08-07 02:00,4314.600,4320.800,4314.000,4319.700
2026-08-07 02:05,4319.700,4320.200,4316.200,4317.500
2026-08-07 02:10,4317.600,4318.000,4315.700,4317.200
2026-08-07 02:15,4317.100,4319.600,4316.200,4316.500
2026-08-07 02:20,4316.500,4319.400,4315.700,4319.000
2026-08-07 02:25,4318.900,4319.700,4317.900,4319.400
2026-08-07 02:30,4319.900,4320.400,4315.000,4315.200
2026-08-07 02:35,4315.600,4315.800,4310.500,4311.600
2026-08-07 02:40,4311.100,4313.400,4308.400,4308.400
2026-08-07 02:45,4308.200,4310.700,4305.400,4309.100
2026-08-07 02:50,4309.500,4313.900,4309.500,4312.800
2026-08-07 02:55,4312.800,4314.800,4308.600,4309.100
2026-08-07 03:00,4309.100,4318.100,4308.300,4317.200
2026-08-07 03:05,4317.000,4317.300,4314.800,4315.600
2026-08-07 03:10,4315.600,4316.000,4311.700,4313.500
2026-08-07 03:15,4313.600,4314.700,4311.400,4312.700
2026-08-07 03:20,4312.500,4314.900,4310.600,4313.600
2026-08-07 03:25,4313.900,4317.300,4313.100,4317.300
2026-08-07 03:30,4317.400,4320.200,4317.400,4317.900
2026-08-07 03:35,4317.700,4319.900,4316.600,4319.100
2026-08-07 03:40,4319.500,4320.400,4318.700,4319.600
2026-08-07 03:45,4319.900,4320.700,4318.300,4319.800
2026-08-07 03:50,4319.700,4320.100,4318.300,4319.600
2026-08-07 03:55,4319.500,4325.000,4319.500,4322.800
2026-08-07 04:00,4325.300,4328.300,4321.300,4324.500
2026-08-07 04:05,4324.100,4327.000,4323.900,4326.100
2026-08-07 04:10,4326.000,4327.200,4323.000,4325.400
2026-08-07 04:15,4325.400,4326.900,4321.400,4321.700
2026-08-07 04:20,4321.500,4328.400,4321.100,4324.900
2026-08-07 04:25,4325.000,4326.500,4323.200,4324.400
2026-08-07 04:30,4324.300,4327.800,4323.000,4327.200
2026-08-07 04:35,4327.200,4327.600,4323.500,4324.000
2026-08-07 04:40,4323.900,4325.400,4320.200,4323.200
2026-08-07 04:45,4322.900,4323.500,4321.400,4323.300
2026-08-07 04:50,4323.600,4325.900,4323.600,4325.900
2026-08-07 04:55,4326.000,4326.200,4323.700,4324.100
2026-08-07 05:00,4324.100,4325.600,4322.600,4325.200
2026-08-07 05:05,4325.000,4326.000,4320.400,4325.500
2026-08-07 05:10,4325.800,4330.400,4325.200,4329.000
2026-08-07 05:15,4328.600,4329.900,4327.500,4327.700
2026-08-07 05:20,4327.500,4329.900,4325.000,4325.800
2026-08-07 05:25,4326.100,4326.800,4323.800,4325.700
2026-08-07 05:30,4325.900,4335.800,4325.300,4334.200
2026-08-07 05:35,4334.200,4336.600,4332.000,4332.700
2026-08-07 05:40,4332.600,4332.800,4329.700,4330.600
2026-08-07 05:45,4330.700,4336.200,4330.700,4335.300
2026-08-07 05:50,4335.200,4338.800,4332.800,4333.500
2026-08-07 05:55,4333.900,4340.000,4333.600,4337.700
2026-08-07 06:00,4337.700,4341.700,4337.100,4341.200
2026-08-07 06:05,4341.100,4343.300,4340.200,4341.100
2026-08-07 06:10,4340.800,4350.000,4340.400,4345.400
2026-08-07 06:15,4345.100,4348.900,4342.700,4346.900
2026-08-07 06:20,4346.500,4350.200,4345.600,4346.200
2026-08-07 06:25,4346.000,4346.100,4341.700,4341.700
2026-08-07 06:30,4341.900,4346.000,4338.600,4344.600
2026-08-07 06:35,4345.000,4352.200,4344.800,4350.600
2026-08-07 06:40,4350.700,4354.200,4350.500,4351.400
2026-08-07 06:45,4351.300,4353.700,4348.100,4348.500
2026-08-07 06:50,4348.600,4354.400,4347.800,4352.900
2026-08-07 06:55,4352.500,4358.000,4352.400,4356.300
2026-08-07 07:00,4356.200,4356.900,4351.900,4353.800
2026-08-07 07:05,4353.900,4353.900,4349.400,4350.200
2026-08-07 07:10,4350.500,4352.500,4349.100,4350.300
2026-08-07 07:15,4350.500,4351.600,4348.000,4350.600
2026-08-07 07:20,4350.400,4351.600,4346.800,4346.800
2026-08-07 07:25,4347.300,4347.400,4343.800,4344.300
2026-08-07 07:30,4344.500,4346.800,4343.100,4346.600
2026-08-07 07:35,4346.400,4348.000,4344.500,4344.800
2026-08-07 07:40,4344.400,4347.100,4343.500,4344.200
2026-08-07 07:45,4344.300,4346.400,4342.000,4343.900
2026-08-07 07:50,4344.500,4346.100,4343.200,4346.100
2026-08-07 07:55,4345.700,4350.200,4345.600,4348.900
2026-08-07 08:00,4349.200,4352.800,4347.900,4351.400
2026-08-07 08:05,4351.500,4355.500,4351.500,4353.700
2026-08-07 08:10,4353.700,4359.900,4353.600,4358.800
2026-08-07 08:15,4359.200,4360.000,4356.100,4357.100
2026-08-07 08:20,4357.200,4357.200,4352.900,4353.700
2026-08-07 08:25,4353.900,4355.000,4352.300,4353.800
2026-08-07 08:30,4354.000,4374.000,4353.400,4373.200
2026-08-07 08:35,4373.100,4375.900,4360.400,4363.800
2026-08-07 08:40,4363.800,4369.100,4363.800,4367.700
2026-08-07 08:45,4368.300,4370.500,4365.800,4366.200
2026-08-07 08:50,4366.300,4367.300,4362.700,4363.700
2026-08-07 08:55,4363.800,4367.200,4362.800,4365.400
2026-08-07 09:00,4365.600,4367.000,4363.600,4364.900
2026-08-07 09:05,4365.100,4366.700,4364.000,4365.600
2026-08-07 09:10,4365.500,4366.700,4364.100,4365.300
2026-08-07 09:15,4365.400,4367.500,4364.400,4366.300
2026-08-07 09:20,4366.000,4370.400,4365.800,4370.100
2026-08-07 09:25,4369.800,4370.700,4364.500,4365.900
2026-08-07 09:30,4366.400,4367.200,4361.600,4364.000
2026-08-07 09:35,4364.000,4368.600,4362.400,4368.100
2026-08-07 09:40,4368.400,4377.800,4368.100,4376.600
2026-08-07 09:45,4376.800,4380.100,4374.600,4376.200
2026-08-07 09:50,4376.300,4379.600,4375.700,4377.500
2026-08-07 09:55,4377.800,4379.000,4373.900,4375.600
2026-08-07 10:00,4375.800,4379.000,4374.400,4377.000
2026-08-07 10:05,4377.200,4377.500,4371.400,4371.700
2026-08-07 10:10,4372.100,4373.400,4367.200,4367.200
2026-08-07 10:15,4367.500,4373.000,4367.300,4372.400
2026-08-07 10:20,4372.300,4372.700,4370.000,4371.800
2026-08-07 10:25,4371.900,4373.700,4371.500,4373.100
2026-08-07 10:30,4373.100,4375.900,4372.400,4375.400
2026-08-07 10:35,4375.300,4377.700,4373.700,4377.000
2026-08-07 10:40,4376.700,4377.600,4374.900,4376.200
2026-08-07 10:45,4376.400,4379.500,4376.000,4378.100
2026-08-07 10:50,4378.300,4380.200,4376.400,4376.700
2026-08-07 10:55,4376.600,4377.300,4375.600,4376.400
2026-08-07 11:00,4376.300,4383.900,4376.300,4382.800
2026-08-07 11:05,4382.900,4385.700,4381.500,4384.500
2026-08-07 11:10,4384.400,4385.000,4378.800,4379.500
2026-08-07 11:15,4379.800,4380.100,4376.000,4379.800
2026-08-07 11:20,4379.500,4384.600,4379.400,4383.500
2026-08-07 11:25,4383.500,4386.700,4383.300,4384.400
2026-08-07 11:30,4384.500,4387.100,4384.000,4384.000
2026-08-07 11:35,4383.900,4384.500,4380.200,4382.600
2026-08-07 11:40,4382.600,4384.800,4381.400,4382.200
2026-08-07 11:45,4382.000,4385.100,4381.500,4383.100
2026-08-07 11:50,4383.400,4386.500,4380.100,4385.300
2026-08-07 11:55,4385.100,4386.500,4380.500,4380.800
2026-08-07 12:00,4380.600,4384.800,4378.600,4378.700
2026-08-07 12:05,4379.100,4379.600,4374.700,4378.000
2026-08-07 12:10,4377.900,4381.700,4374.100,4374.700
2026-08-07 12:15,4374.300,4376.300,4371.500,4373.600
2026-08-07 12:20,4374.000,4376.600,4369.500,4370.200
2026-08-07 12:25,4370.000,4375.100,4361.000,4370.800
2026-08-07 12:30,4373.000,4424.800,4370.800,4419.800
2026-08-07 12:35,4419.600,4427.000,4412.400,4424.900
2026-08-07 12:40,4424.700,4431.400,4421.400,4427.400
2026-08-07 12:45,4427.700,4432.300,4426.900,4429.100
2026-08-07 12:50,4429.300,4432.200,4423.900,4425.000
2026-08-07 12:55,4425.400,4426.200,4416.100,4421.900
2026-08-07 13:00,4421.600,4424.600,4407.300,4407.300
2026-08-07 13:05,4407.500,4412.800,4405.500,4410.400
2026-08-07 13:10,4410.300,4411.200,4406.100,4407.900
2026-08-07 13:15,4407.900,4409.500,4398.900,4407.400
2026-08-07 13:20,4407.400,4413.700,4407.400,4410.600
2026-08-07 13:25,4410.500,4418.200,4408.600,4416.800
2026-08-07 13:30,4416.800,4420.400,4410.900,4413.500
2026-08-07 13:35,4413.500,4426.700,4409.700,4425.500
2026-08-07 13:40,4425.400,4428.800,4418.300,4418.600
2026-08-07 13:45,4418.800,4420.600,4412.400,4413.400
2026-08-07 13:50,4413.800,4418.600,4412.300,4415.000
2026-08-07 13:55,4414.900,4417.200,4402.500,4408.300
2026-08-07 14:00,4408.400,4409.500,4393.300,4393.500
2026-08-07 14:05,4393.600,4397.700,4390.200,4397.100
2026-08-07 14:10,4397.100,4401.500,4386.900,4394.000
2026-08-07 14:15,4393.800,4406.800,4390.000,4406.100
2026-08-07 14:20,4405.600,4411.800,4403.600,4411.300
2026-08-07 14:25,4411.400,4413.000,4407.400,4408.700
2026-08-07 14:30,4409.100,4411.000,4403.800,4407.900
2026-08-07 14:35,4408.500,4409.700,4403.200,4404.100
2026-08-07 14:40,4403.600,4410.700,4402.300,4404.300
2026-08-07 14:45,4404.800,4407.600,4400.400,4403.100
2026-08-07 14:50,4403.500,4409.000,4403.200,4405.500
2026-08-07 14:55,4405.200,4406.500,4400.100,4401.300
2026-08-07 15:00,4401.400,4409.300,4400.000,4405.500
2026-08-07 15:05,4405.200,4414.000,4404.600,4408.700
2026-08-07 15:10,4408.800,4416.000,4406.800,4415.000
2026-08-07 15:15,4415.500,4417.100,4412.000,4414.300
2026-08-07 15:20,4414.100,4418.100,4414.100,4416.600
2026-08-07 15:25,4416.900,4417.900,4410.500,4410.800
2026-08-07 15:30,4410.900,4412.600,4406.600,4409.200
2026-08-07 15:35,4409.200,4413.300,4408.300,4411.700
2026-08-07 15:40,4411.300,4412.600,4407.700,4408.700
2026-08-07 15:45,4408.800,4410.800,4407.300,4408.500
2026-08-07 15:50,4408.500,4409.600,4398.900,4402.300
2026-08-07 15:55,4402.000,4404.500,4399.600,4400.400
2026-08-07 16:00,4400.400,4403.000,4397.900,4402.500
2026-08-07 16:05,4402.400,4409.200,4402.400,4406.500
2026-08-07 16:10,4406.800,4407.900,4403.200,4407.000
2026-08-07 16:15,4407.200,4407.800,4401.800,4401.800
2026-08-07 16:20,4401.800,4409.400,4397.500,4397.700
2026-08-07 16:25,4397.400,4397.400,4393.800,4396.900
2026-08-07 16:30,4396.800,4398.500,4391.900,4398.400
2026-08-07 16:35,4398.500,4401.600,4395.800,4399.400
2026-08-07 16:40,4399.400,4400.700,4396.400,4398.300
2026-08-07 16:45,4398.100,4402.000,4395.300,4398.200
2026-08-07 16:50,4397.800,4398.500,4392.200,4393.500
2026-08-07 16:55,4393.700,4394.100,4388.800,4389.500
2026-08-07 17:00,4388.700,4394.800,4387.400,4394.500
2026-08-07 17:05,4394.300,4398.100,4394.100,4394.400
2026-08-07 17:10,4395.300,4397.300,4394.400,4395.200
2026-08-07 17:15,4395.000,4395.800,4393.200,4394.700
2026-08-07 17:20,4394.500,4398.900,4393.300,4398.100
2026-08-07 17:25,4398.100,4401.700,4396.500,4398.900
2026-08-07 17:30,4399.100,4399.500,4393.500,4396.000
2026-08-07 17:35,4395.800,4396.100,4389.000,4394.100
2026-08-07 17:40,4394.300,4398.000,4394.300,4395.700
2026-08-07 17:45,4395.300,4396.900,4394.200,4395.900
2026-08-07 17:50,4396.300,4400.900,4396.300,4400.500
2026-08-07 17:55,4400.700,4402.500,4399.400,4400.000
2026-08-07 18:00,4399.800,4400.700,4398.800,4400.000
2026-08-07 18:05,4399.800,4403.000,4399.700,4401.700
2026-08-07 18:10,4401.800,4402.500,4394.600,4394.800
2026-08-07 18:15,4395.000,4398.000,4395.000,4395.700
2026-08-07 18:20,4395.900,4396.000,4391.900,4393.500
2026-08-07 18:25,4393.500,4395.500,4391.900,4394.100
2026-08-07 18:30,4394.300,4397.800,4393.500,4396.700
2026-08-07 18:35,4397.100,4399.000,4396.700,4397.000
2026-08-07 18:40,4397.000,4397.400,4393.300,4394.100
2026-08-07 18:45,4394.400,4397.400,4394.100,4396.700
2026-08-07 18:50,4396.900,4397.500,4394.100,4395.200
2026-08-07 18:55,4395.300,4396.100,4393.400,4395.600
2026-08-07 19:00,4395.700,4404.800,4395.700,4400.400
2026-08-07 19:05,4400.400,4405.200,4400.200,4405.000
2026-08-07 19:10,4404.800,4406.300,4403.300,4403.700
2026-08-07 19:15,4404.000,4410.300,4403.300,4407.400
2026-08-07 19:20,4407.200,4410.600,4407.200,4409.000
2026-08-07 19:25,4409.000,4409.000,4407.100,4408.400
2026-08-07 19:30,4408.600,4408.900,4405.000,4405.900
2026-08-07 19:35,4405.800,4407.200,4404.400,4406.000
2026-08-07 19:40,4406.200,4408.100,4404.600,4407.800
2026-08-07 19:45,4407.500,4409.000,4406.700,4406.700
2026-08-07 19:50,4407.200,4408.700,4401.700,4402.600
2026-08-07 19:55,4402.400,4404.800,4399.600,4403.100
2026-08-07 20:00,4403.000,4404.600,4401.900,4402.900
2026-08-07 20:05,4402.900,4403.900,4401.200,4401.200
2026-08-07 20:10,4400.900,4401.800,4397.500,4401.800
2026-08-07 20:15,4401.700,4402.200,4398.900,4399.200
2026-08-07 20:20,4399.200,4399.200,4398.100,4398.600
2026-08-07 20:25,4398.700,4399.400,4396.500,4397.300
2026-08-07 20:30,4396.900,4397.100,4395.300,4396.600
2026-08-07 20:35,4396.900,4400.400,4396.900,4400.100
2026-08-07 20:40,4400.000,4401.600,4399.500,4400.800
2026-08-07 20:45,4400.500,4400.900,4398.400,4399.200
2026-08-07 20:50,4399.100,4400.500,4399.000,4400.500
2026-08-07 20:55,4400.900,4402.600,4399.100,4399.700
2026-08-09 22:10,4398.000,4405.500,4398.000,4402.300
2026-08-09 22:15,4402.300,4404.100,4398.700,4399.200
2026-08-09 22:20,4399.100,4399.600,4397.000,4398.200
2026-08-09 22:25,4398.500,4402.900,4398.500,4402.900
2026-08-09 22:30,4402.900,4404.400,4399.400,4401.900
2026-08-09 22:35,4401.600,4401.600,4398.600,4400.300
2026-08-09 22:40,4400.300,4401.300,4398.900,4398.900
2026-08-09 22:45,4398.800,4402.700,4398.700,4402.500
2026-08-09 22:50,4402.000,4403.000,4400.800,4400.900
2026-08-09 22:55,4401.100,4401.400,4400.100,4400.200
2026-08-09 23:00,4400.400,4406.400,4399.500,4405.800
2026-08-09 23:05,4405.700,4406.800,4403.700,4405.100
2026-08-09 23:10,4405.100,4406.700,4404.500,4405.300
2026-08-09 23:15,4405.700,4406.100,4403.100,4405.000
2026-08-09 23:20,4404.600,4407.900,4404.200,4407.100
2026-08-09 23:25,4407.300,4408.000,4405.000,4405.500
2026-08-09 23:30,4405.500,4406.500,4399.100,4401.000
2026-08-09 23:35,4400.700,4401.900,4398.900,4401.700
2026-08-09 23:40,4401.600,4401.600,4400.000,4401.100
2026-08-09 23:45,4400.700,4402.200,4400.400,4401.000
2026-08-09 23:50,4400.800,4402.000,4399.700,4399.700
2026-08-09 23:55,4399.100,4399.400,4390.800,4392.000
2026-08-10 00:00,4391.900,4399.700,4391.400,4399.600
2026-08-10 00:05,4399.100,4402.600,4398.700,4400.900
2026-08-10 00:10,4400.600,4406.000,4399.000,4403.400
2026-08-10 00:15,4403.700,4404.700,4398.200,4403.300
2026-08-10 00:20,4402.500,4402.900,4398.000,4398.700
2026-08-10 00:25,4398.700,4399.400,4396.100,4396.700
2026-08-10 00:30,4396.600,4398.100,4394.200,4395.500
2026-08-10 00:35,4395.800,4396.200,4392.400,4396.000
2026-08-10 00:40,4395.800,4397.300,4392.600,4393.300
2026-08-10 00:45,4393.000,4395.100,4392.200,4394.500
2026-08-10 00:50,4394.700,4396.200,4392.400,4392.400
2026-08-10 00:55,4393.100,4393.600,4389.800,4391.300
2026-08-10 01:00,4391.500,4400.000,4386.000,4386.600
2026-08-10 01:05,4386.400,4387.300,4382.000,4384.100
2026-08-10 01:10,4383.700,4384.700,4382.000,4382.900
2026-08-10 01:15,4383.500,4386.100,4382.000,4384.300
2026-08-10 01:20,4384.500,4388.800,4382.000,4388.100
2026-08-10 01:25,4388.400,4388.500,4376.700,4376.900
2026-08-10 01:30,4376.700,4381.200,4374.400,4380.500
2026-08-10 01:35,4380.300,4380.300,4376.200,4377.200
2026-08-10 01:40,4377.200,4378.400,4373.900,4377.900
2026-08-10 01:45,4378.000,4381.700,4376.400,4381.200
2026-08-10 01:50,4380.800,4383.800,4379.500,4380.900
2026-08-10 01:55,4380.700,4384.300,4378.200,4383.000
2026-08-10 02:00,4382.800,4383.800,4380.400,4382.800
2026-08-10 02:05,4382.500,4385.000,4379.700,4384.100
2026-08-10 02:10,4384.300,4386.600,4382.200,4385.100
2026-08-10 02:15,4385.000,4386.200,4384.000,4385.300
2026-08-10 02:20,4384.600,4388.200,4384.500,4387.000
2026-08-10 02:25,4387.000,4392.100,4386.400,4390.900
2026-08-10 02:30,4391.000,4392.500,4384.600,4387.900
2026-08-10 02:35,4388.300,4390.100,4384.900,4385.600
2026-08-10 02:40,4385.900,4390.000,4383.400,4386.600
2026-08-10 02:45,4386.800,4387.400,4381.300,4383.400
2026-08-10 02:50,4383.700,4384.700,4379.300,4379.400
2026-08-10 02:55,4379.600,4382.400,4379.000,4380.000
2026-08-10 03:00,4379.600,4381.100,4378.200,4378.900
2026-08-10 03:05,4378.900,4379.300,4377.400,4377.600
2026-08-10 03:10,4377.800,4380.200,4377.600,4379.900
2026-08-10 03:15,4380.000,4384.200,4379.800,4384.200
2026-08-10 03:20,4384.200,4386.700,4383.300,4383.600
2026-08-10 03:25,4383.700,4388.300,4383.700,4387.900
2026-08-10 03:30,4387.700,4388.800,4386.200,4388.300
2026-08-10 03:35,4388.500,4390.300,4386.500,4387.600
2026-08-10 03:40,4387.200,4387.300,4385.400,4386.000
2026-08-10 03:45,4385.800,4388.100,4384.600,4387.500
2026-08-10 03:50,4387.600,4388.600,4387.000,4388.000
2026-08-10 03:55,4388.100,4388.500,4386.900,4387.800
2026-08-10 04:00,4387.700,4389.000,4383.600,4386.400
2026-08-10 04:05,4386.700,4387.800,4383.800,4387.500
2026-08-10 04:10,4387.900,4393.200,4387.900,4392.600
2026-08-10 04:15,4392.800,4394.300,4391.300,4394.300
2026-08-10 04:20,4394.000,4397.800,4393.500,4397.100
2026-08-10 04:25,4397.200,4397.600,4394.300,4394.500
2026-08-10 04:30,4394.900,4396.300,4393.300,4394.800
2026-08-10 04:35,4394.800,4396.600,4393.800,4393.800
2026-08-10 04:40,4393.900,4393.900,4389.800,4392.100
2026-08-10 04:45,4392.100,4395.000,4391.200,4393.400
2026-08-10 04:50,4393.900,4396.900,4393.000,4396.000
2026-08-10 04:55,4395.500,4399.800,4395.200,4399.500
2026-08-10 05:00,4399.100,4399.700,4395.000,4396.900
2026-08-10 05:05,4397.200,4398.900,4396.300,4396.300
2026-08-10 05:10,4396.400,4396.400,4393.200,4394.700
2026-08-10 05:15,4395.100,4395.900,4392.600,4392.900
2026-08-10 05:20,4393.100,4396.000,4393.100,4394.600
2026-08-10 05:25,4394.700,4394.900,4393.100,4393.700
2026-08-10 05:30,4393.500,4401.300,4391.500,4400.500
2026-08-10 05:35,4400.900,4402.200,4398.800,4401.500
2026-08-10 05:40,4401.900,4404.400,4399.100,4403.900
2026-08-10 05:45,4403.500,4407.300,4400.800,4406.100
2026-08-10 05:50,4406.000,4412.500,4405.400,4408.700
2026-08-10 05:55,4408.700,4409.400,4405.000,4407.000
2026-08-10 06:00,4407.300,4407.500,4401.500,4402.300
2026-08-10 06:05,4402.400,4406.300,4401.900,4405.700
2026-08-10 06:10,4405.700,4409.900,4405.700,4407.000
2026-08-10 06:15,4407.200,4409.600,4402.500,4402.800
2026-08-10 06:20,4402.600,4405.100,4402.300,4405.100
2026-08-10 06:25,4404.800,4407.800,4403.400,4407.700
2026-08-10 06:30,4407.600,4408.900,4406.100,4407.400
2026-08-10 06:35,4407.200,4409.400,4405.300,4408.200
2026-08-10 06:40,4408.300,4415.200,4406.500,4414.600
2026-08-10 06:45,4415.000,4418.000,4414.600,4416.200
2026-08-10 06:50,4416.100,4416.900,4415.100,4416.900
2026-08-10 06:55,4416.700,4419.500,4416.100,4417.800
2026-08-10 07:00,4417.800,4418.400,4413.100,4414.200
2026-08-10 07:05,4414.000,4416.700,4413.500,4413.500
2026-08-10 07:10,4413.000,4414.000,4409.400,4410.300
2026-08-10 07:15,4410.500,4416.300,4409.700,4413.600
2026-08-10 07:20,4414.000,4418.500,4411.500,4417.400
2026-08-10 07:25,4417.500,4418.300,4411.800,4414.500
2026-08-10 07:30,4414.300,4414.400,4412.000,4412.600
2026-08-10 07:35,4412.600,4419.500,4412.400,4418.000
2026-08-10 07:40,4418.000,4419.400,4415.700,4418.700
2026-08-10 07:45,4418.600,4421.500,4416.200,4416.500
2026-08-10 07:50,4416.800,4417.900,4414.100,4414.700
2026-08-10 07:55,4414.900,4415.900,4414.000,4414.700
2026-08-10 08:00,4415.000,4415.500,4413.500,4415.200
2026-08-10 08:05,4415.200,4415.500,4411.100,4412.700
2026-08-10 08:10,4411.600,4414.000,4411.300,4414.000
2026-08-10 08:15,4413.500,4414.800,4412.700,4414.100
2026-08-10 08:20,4414.500,4414.500,4411.400,4411.400
2026-08-10 08:25,4412.100,4415.700,4411.500,4415.100
2026-08-10 08:30,4414.800,4416.000,4408.200,4409.700
2026-08-10 08:35,4409.900,4410.600,4407.500,4407.500
2026-08-10 08:40,4407.700,4408.800,4404.700,4405.300
2026-08-10 08:45,4405.200,4408.300,4404.700,4405.600
2026-08-10 08:50,4405.400,4407.500,4404.000,4405.200
2026-08-10 08:55,4405.400,4407.600,4402.900,4405.600
2026-08-10 09:00,4405.600,4407.800,4404.600,4407.500
2026-08-10 09:05,4407.200,4408.100,4404.800,4406.800
2026-08-10 09:10,4406.600,4409.200,4405.900,4408.900
2026-08-10 09:15,4409.000,4409.000,4405.300,4406.300
2026-08-10 09:20,4406.300,4407.700,4406.000,4407.300
2026-08-10 09:25,4406.800,4408.000,4404.100,4406.100
2026-08-10 09:30,4405.700,4406.100,4401.000,4403.400
2026-08-10 09:35,4403.200,4403.500,4398.400,4401.400
2026-08-10 09:40,4401.400,4403.700,4401.000,4403.300
2026-08-10 09:45,4403.200,4404.800,4401.000,4401.400
2026-08-10 09:50,4401.800,4402.000,4399.800,4401.400
2026-08-10 09:55,4401.400,4402.600,4400.100,4400.100
2026-08-10 10:00,4400.400,4400.600,4398.200,4400.000
2026-08-10 10:05,4399.800,4400.800,4399.000,4399.600
2026-08-10 10:10,4399.600,4400.000,4398.700,4399.900
2026-08-10 10:15,4399.700,4400.800,4398.500,4400.700
2026-08-10 10:20,4400.700,4403.200,4400.000,4402.200
2026-08-10 10:25,4402.400,4402.900,4400.900,4402.600
2026-08-10 10:30,4402.700,4403.300,4399.500,4400.700
2026-08-10 10:35,4400.900,4401.400,4397.400,4398.900
2026-08-10 10:40,4398.700,4399.000,4396.700,4396.900
2026-08-10 10:45,4396.800,4398.600,4396.700,4397.300
2026-08-10 10:50,4397.100,4400.000,4396.800,4397.500
2026-08-10 10:55,4397.200,4399.000,4394.600,4395.200
2026-08-10 11:00,4395.300,4396.000,4393.700,4393.700
2026-08-10 11:05,4393.700,4395.000,4392.100,4392.900
2026-08-10 11:10,4393.100,4393.200,4386.300,4390.500
2026-08-10 11:15,4390.100,4390.500,4388.000,4388.900
2026-08-10 11:20,4388.800,4393.000,4388.000,4392.500
2026-08-10 11:25,4392.200,4395.700,4392.200,4394.000
2026-08-10 11:30,4393.700,4398.400,4393.700,4397.000
2026-08-10 11:35,4396.700,4398.400,4394.700,4398.300
2026-08-10 11:40,4398.200,4398.500,4395.500,4396.500
2026-08-10 11:45,4396.600,4397.000,4391.200,4391.900
2026-08-10 11:50,4392.000,4395.200,4391.300,4394.200
2026-08-10 11:55,4394.200,4395.100,4392.500,4393.900
2026-08-10 12:00,4393.800,4393.900,4391.200,4392.600
2026-08-10 12:05,4392.700,4396.400,4391.000,4394.000
2026-08-10 12:10,4393.900,4394.500,4389.600,4390.400
2026-08-10 12:15,4390.700,4391.200,4387.200,4387.200
2026-08-10 12:20,4387.700,4390.000,4385.100,4386.400
2026-08-10 12:25,4386.000,4386.800,4382.800,4386.500
2026-08-10 12:30,4386.400,4390.200,4385.200,4386.700
2026-08-10 12:35,4386.600,4391.500,4385.400,4389.800
2026-08-10 12:40,4390.000,4391.400,4387.800,4387.900
2026-08-10 12:45,4387.600,4392.100,4387.300,4390.500
2026-08-10 12:50,4390.200,4391.900,4388.500,4390.700
2026-08-10 12:55,4390.400,4394.600,4389.200,4391.600
2026-08-10 13:00,4391.100,4393.400,4384.800,4387.700
2026-08-10 13:05,4387.700,4393.300,4387.000,4393.200
2026-08-10 13:10,4393.300,4396.600,4392.800,4396.100
2026-08-10 13:15,4396.400,4396.500,4393.300,4394.100
2026-08-10 13:20,4393.900,4395.700,4387.900,4389.700
2026-08-10 13:25,4389.500,4394.300,4389.100,4394.000
2026-08-10 13:30,4394.000,4397.200,4390.600,4395.500
2026-08-10 13:35,4395.400,4398.400,4394.700,4396.400
2026-08-10 13:40,4396.500,4396.700,4388.000,4389.200
2026-08-10 13:45,4388.800,4390.200,4383.000,4385.800
2026-08-10 13:50,4385.900,4386.600,4379.500,4382.000
2026-08-10 13:55,4381.400,4383.300,4375.000,4376.300
2026-08-10 14:00,4376.200,4383.900,4376.200,4381.900
2026-08-10 14:05,4382.000,4385.000,4380.200,4383.000
2026-08-10 14:10,4383.200,4390.000,4383.200,4388.800
2026-08-10 14:15,4388.700,4395.300,4387.300,4392.900
2026-08-10 14:20,4393.000,4399.300,4391.400,4397.500
2026-08-10 14:25,4397.500,4407.200,4397.200,4404.400
2026-08-10 14:30,4404.300,4411.300,4404.300,4406.500
2026-08-10 14:35,4406.500,4408.400,4404.000,4406.000
2026-08-10 14:40,4406.100,4409.600,4405.500,4409.100
2026-08-10 14:45,4409.200,4410.600,4405.800,4407.300
2026-08-10 14:50,4407.200,4407.200,4402.500,4402.500
2026-08-10 14:55,4402.700,4405.300,4402.400,4405.200
2026-08-10 15:00,4405.200,4408.800,4403.300,4406.900
2026-08-10 15:05,4407.000,4411.800,4402.700,4404.600
2026-08-10 15:10,4404.400,4407.300,4403.000,4406.400
2026-08-10 15:15,4406.400,4411.600,4405.500,4409.100
2026-08-10 15:20,4409.100,4412.200,4408.400,4409.000
2026-08-10 15:25,4409.100,4410.800,4406.700,4408.800
2026-08-10 15:30,4409.000,4411.200,4407.400,4407.600
2026-08-10 15:35,4407.800,4411.600,4407.700,4409.800
2026-08-10 15:40,4409.900,4411.100,4409.100,4409.500
2026-08-10 15:45,4410.000,4412.700,4408.000,4411.200
2026-08-10 15:50,4411.700,4417.000,4411.700,4416.600
2026-08-10 15:55,4416.600,4419.200,4415.900,4417.900
2026-08-10 16:00,4418.100,4423.800,4417.500,4417.600
2026-08-10 16:05,4417.500,4423.100,4416.400,4422.900
2026-08-10 16:10,4422.700,4424.500,4420.600,4420.900
2026-08-10 16:15,4420.900,4422.700,4420.500,4420.800
2026-08-10 16:20,4420.700,4423.800,4420.700,4422.600
2026-08-10 16:25,4422.800,4424.000,4421.200,4422.100
2026-08-10 16:30,4422.200,4422.500,4408.600,4416.000
2026-08-10 16:35,4415.900,4418.800,4414.300,4414.800
2026-08-10 16:40,4415.000,4416.200,4410.400,4411.000
2026-08-10 16:45,4411.000,4414.600,4411.000,4412.900
2026-08-10 16:50,4413.100,4413.400,4411.600,4413.100
2026-08-10 16:55,4413.000,4416.500,4411.500,4416.300
2026-08-10 17:00,4416.400,4417.100,4413.400,4413.900
2026-08-10 17:05,4413.700,4416.400,4410.500,4414.900
2026-08-10 17:10,4415.100,4417.300,4414.400,4416.500
2026-08-10 17:15,4416.100,4417.300,4415.100,4416.100
2026-08-10 17:20,4416.500,4419.700,4416.500,4419.200
2026-08-10 17:25,4418.900,4420.500,4417.800,4420.500
2026-08-10 17:30,4420.300,4422.200,4418.900,4421.700
2026-08-10 17:35,4421.400,4425.200,4421.400,4423.200
2026-08-10 17:40,4423.300,4423.300,4419.000,4419.600
2026-08-10 17:45,4419.500,4420.200,4417.000,4419.700
2026-08-10 17:50,4419.500,4420.600,4418.300,4418.300
2026-08-10 17:55,4418.200,4419.300,4416.600,4419.200
2026-08-10 18:00,4419.400,4423.200,4418.800,4422.800
2026-08-10 18:05,4422.700,4424.800,4422.600,4422.800
2026-08-10 18:10,4423.000,4423.800,4422.100,4422.300
2026-08-10 18:15,4422.000,4423.500,4420.700,4422.200
2026-08-10 18:20,4422.000,4424.200,4421.400,4423.800
2026-08-10 18:25,4423.900,4426.500,4423.800,4425.000
2026-08-10 18:30,4425.200,4440.400,4424.500,4438.800
2026-08-10 18:35,4438.700,4441.100,4436.800,4440.700
2026-08-10 18:40,4440.800,4442.500,4438.700,4438.700
2026-08-10 18:45,4438.900,4438.900,4432.800,4436.000
2026-08-10 18:50,4435.800,4438.300,4434.300,4436.000
2026-08-10 18:55,4436.300,4438.300,4435.500,4437.700
2026-08-10 19:00,4437.800,4440.600,4437.800,4439.100
2026-08-10 19:05,4439.200,4441.900,4439.200,4441.100
2026-08-10 19:10,4441.000,4441.900,4439.900,4441.300
2026-08-10 19:15,4441.200,4442.300,4440.500,4442.100
2026-08-10 19:20,4442.100,4447.400,4441.800,4445.800
2026-08-10 19:25,4445.800,4450.700,4445.500,4449.700
2026-08-10 19:30,4449.800,4453.100,4445.200,4446.200
2026-08-10 19:35,4446.100,4447.600,4443.300,4446.700
2026-08-10 19:40,4446.800,4449.500,4445.800,4446.500
2026-08-10 19:45,4447.200,4453.800,4445.900,4452.900
2026-08-10 19:50,4452.500,4453.800,4449.700,4451.200
2026-08-10 19:55,4450.900,4451.400,4445.900,4446.800
2026-08-10 20:00,4447.000,4449.200,4446.700,4447.400
2026-08-10 20:05,4447.200,4447.400,4444.700,4444.700
2026-08-10 20:10,4445.000,4449.600,4445.000,4448.200
2026-08-10 20:15,4448.600,4450.400,4448.300,4448.700
2026-08-10 20:20,4448.900,4449.000,4445.500,4447.400
2026-08-10 20:25,4447.700,4451.100,4447.500,4450.200
2026-08-10 20:30,4450.300,4451.300,4449.600,4450.200
2026-08-10 20:35,4450.400,4450.500,4449.200,4449.500
2026-08-10 20:40,4449.300,4450.500,4448.900,4449.100
2026-08-10 20:45,4448.900,4450.000,4448.000,4448.100
2026-08-10 20:50,4447.900,4449.600,4447.600,4448.300
2026-08-10 20:55,4448.300,4450.000,4447.600,4448.600
2026-08-10 22:00,4446.900,4451.900,4443.200,4448.700
2026-08-10 22:05,4448.700,4451.200,4448.700,4450.500
2026-08-10 22:10,4450.100,4452.300,4450.000,4450.100
2026-08-10 22:15,4450.500,4451.700,4450.500,4451.500
2026-08-10 22:20,4451.400,4452.600,4451.100,4452.400
2026-08-10 22:25,4451.900,4452.500,4451.000,4451.000
2026-08-10 22:30,4451.300,4452.900,4451.300,4452.600
2026-08-10 22:35,4452.900,4453.500,4452.100,4453.100
2026-08-10 22:40,4453.100,4455.600,4452.700,4454.600
2026-08-10 22:45,4454.500,4457.800,4454.500,4456.700
2026-08-10 22:50,4456.700,4459.400,4456.400,4459.000
2026-08-10 22:55,4459.100,4460.400,4457.500,4459.000
2026-08-10 23:00,4459.100,4461.300,4457.100,4458.300
2026-08-10 23:05,4458.200,4461.600,4455.300,4455.900
2026-08-10 23:10,4456.200,4457.000,4455.200,4457.000
2026-08-10 23:15,4456.700,4457.000,4453.900,4454.600
2026-08-10 23:20,4454.800,4455.500,4454.000,4454.400
2026-08-10 23:25,4454.200,4455.100,4454.200,4455.100
2026-08-10 23:30,4454.900,4455.800,4454.400,4455.100
2026-08-10 23:35,4455.100,4458.500,4454.800,4458.300
2026-08-10 23:40,4458.100,4458.500,4457.000,4458.000
2026-08-10 23:45,4458.400,4458.800,4456.200,4457.400
2026-08-10 23:50,4457.200,4458.600,4455.700,4458.500
2026-08-10 23:55,4458.200,4462.400,4458.200,4462.100
2026-08-11 00:00,4462.300,4464.500,4456.000,4464.400
2026-08-11 00:05,4464.400,4466.000,4462.600,4465.600
2026-08-11 00:10,4465.900,4468.600,4463.600,4464.800
2026-08-11 00:15,4464.600,4467.200,4463.800,4465.400
2026-08-11 00:20,4465.300,4471.600,4465.300,4471.500
2026-08-11 00:25,4471.400,4475.500,4471.100,4473.500
2026-08-11 00:30,4473.100,4473.300,4470.400,4471.900
2026-08-11 00:35,4471.800,4472.900,4467.700,4471.100
2026-08-11 00:40,4470.700,4473.300,4466.500,4473.200
2026-08-11 00:45,4473.500,4478.600,4469.400,4472.300
2026-08-11 00:50,4472.400,4472.400,4468.900,4468.900
2026-08-11 00:55,4469.300,4471.200,4467.300,4468.500
2026-08-11 01:00,4469.000,4469.200,4453.000,4460.200
2026-08-11 01:05,4460.200,4468.800,4458.600,4468.100
2026-08-11 01:10,4468.200,4475.000,4468.100,4473.900
2026-08-11 01:15,4473.800,4479.400,4472.500,4474.400
2026-08-11 01:20,4474.300,4480.000,4473.400,4474.400
2026-08-11 01:25,4474.900,4479.400,4473.200,4479.200
2026-08-11 01:30,4479.400,4481.900,4478.100,4480.200
2026-08-11 01:35,4479.900,4480.800,4476.800,4479.800
2026-08-11 01:40,4480.000,4483.100,4475.400,4475.500
2026-08-11 01:45,4475.400,4487.500,4474.600,4486.600
2026-08-11 01:50,4487.000,4491.500,4485.300,4491.500
2026-08-11 01:55,4491.400,4493.700,4488.500,4489.200
2026-08-11 02:00,4489.200,4489.700,4483.500,4486.800
2026-08-11 02:05,4486.500,4489.300,4481.000,4483.100
2026-08-11 02:10,4483.300,4494.500,4482.900,4494.000
2026-08-11 02:15,4494.000,4495.000,4491.600,4491.800
2026-08-11 02:20,4491.500,4492.000,4486.100,4486.200
2026-08-11 02:25,4486.000,4490.100,4486.000,4488.500
2026-08-11 02:30,4488.200,4489.100,4484.100,4486.300
2026-08-11 02:35,4486.700,4486.900,4473.900,4476.000
2026-08-11 02:40,4476.300,4481.400,4476.000,4478.600
2026-08-11 02:45,4478.400,4479.300,4474.900,4475.000
2026-08-11 02:50,4474.800,4475.200,4469.400,4471.600
2026-08-11 02:55,4471.600,4473.000,4468.000,4470.800
2026-08-11 03:00,4470.700,4474.600,4470.500,4473.400
2026-08-11 03:05,4473.500,4475.000,4469.600,4473.700
2026-08-11 03:10,4473.400,4475.200,4472.100,4473.500
2026-08-11 03:15,4473.400,4477.200,4473.100,4477.200
2026-08-11 03:20,4476.600,4478.100,4474.400,4475.700
2026-08-11 03:25,4475.700,4480.800,4475.600,4480.000
2026-08-11 03:30,4480.300,4481.400,4478.500,4479.600
2026-08-11 03:35,4479.500,4480.000,4478.200,4478.500
2026-08-11 03:40,4478.600,4479.600,4475.200,4475.700
2026-08-11 03:45,4475.800,4477.900,4473.700,4474.200
2026-08-11 03:50,4474.800,4478.600,4473.800,4476.400
2026-08-11 03:55,4476.400,4477.400,4476.000,4477.000
2026-08-11 04:00,4476.500,4479.200,4476.300,4477.000
2026-08-11 04:05,4477.300,4478.000,4473.700,4473.700
2026-08-11 04:10,4474.000,4474.000,4472.000,4473.700
2026-08-11 04:15,4474.300,4475.900,4472.500,4473.100
2026-08-11 04:20,4472.900,4473.300,4469.700,4472.700
2026-08-11 04:25,4472.700,4475.100,4470.600,4474.900
2026-08-11 04:30,4474.600,4480.300,4470.800,4475.900
2026-08-11 04:35,4476.100,4476.100,4470.800,4474.000
2026-08-11 04:40,4473.800,4474.800,4468.200,4469.900
2026-08-11 04:45,4470.000,4471.200,4466.800,4467.600
2026-08-11 04:50,4467.400,4468.000,4465.200,4466.200
2026-08-11 04:55,4465.800,4469.100,4463.300,4468.700
2026-08-11 05:00,4468.800,4468.900,4464.700,4465.700
2026-08-11 05:05,4465.000,4466.000,4462.400,4465.700
2026-08-11 05:10,4466.000,4466.000,4459.000,4462.100
2026-08-11 05:15,4461.600,4461.900,4457.300,4458.500
2026-08-11 05:20,4458.300,4459.300,4455.800,4457.500
2026-08-11 05:25,4457.400,4457.500,4450.000,4451.800
2026-08-11 05:30,4451.600,4451.600,4432.200,4443.900
2026-08-11 05:35,4443.700,4445.600,4437.000,4439.300
2026-08-11 05:40,4439.300,4439.900,4433.500,4437.100
2026-08-11 05:45,4436.900,4438.300,4431.800,4431.800
2026-08-11 05:50,4431.700,4433.500,4428.300,4430.000
2026-08-11 05:55,4430.100,4435.300,4427.100,4435.200
2026-08-11 06:00,4434.700,4440.400,4431.300,4439.100
2026-08-11 06:05,4439.100,4442.000,4437.700,4442.000
2026-08-11 06:10,4441.600,4441.600,4432.100,4432.200
2026-08-11 06:15,4432.100,4435.200,4428.500,4428.800
2026-08-11 06:20,4428.900,4433.800,4426.500,4433.100
2026-08-11 06:25,4433.100,4433.100,4421.000,4422.900
2026-08-11 06:30,4422.800,4427.000,4418.800,4422.000
2026-08-11 06:35,4422.500,4427.500,4419.900,4427.500
2026-08-11 06:40,4427.000,4428.600,4422.500,4422.900
2026-08-11 06:45,4422.900,4426.300,4422.100,4425.600
2026-08-11 06:50,4426.100,4426.600,4419.700,4420.400
2026-08-11 06:55,4420.800,4425.300,4418.700,4425.300
2026-08-11 07:00,4425.200,4426.500,4421.000,4422.200
2026-08-11 07:05,4422.200,4423.900,4420.400,4420.800
2026-08-11 07:10,4420.700,4423.600,4420.400,4422.400
2026-08-11 07:15,4422.500,4422.600,4416.800,4418.800
2026-08-11 07:20,4419.000,4421.100,4416.600,4419.500
2026-08-11 07:25,4419.500,4425.200,4419.000,4422.200
2026-08-11 07:30,4422.500,4424.100,4417.800,4420.200
2026-08-11 07:35,4420.400,4422.900,4417.900,4417.900
2026-08-11 07:40,4418.200,4418.300,4415.700,4417.500
2026-08-11 07:45,4417.800,4418.600,4416.600,4418.100
2026-08-11 07:50,4418.300,4420.700,4416.800,4419.200
2026-08-11 07:55,4419.000,4419.200,4415.800,4416.600
2026-08-11 08:00,4417.100,4423.700,4416.100,4422.500
2026-08-11 08:05,4422.300,4426.500,4421.800,4424.800
2026-08-11 08:10,4424.700,4426.200,4423.300,4424.300
2026-08-11 08:15,4424.200,4424.500,4419.000,4421.500
2026-08-11 08:20,4421.000,4423.500,4418.000,4423.500
2026-08-11 08:25,4423.300,4428.400,4422.900,4427.700
2026-08-11 08:30,4427.500,4431.300,4427.400,4430.000
2026-08-11 08:35,4429.700,4433.800,4429.500,4433.300
2026-08-11 08:40,4432.800,4434.600,4432.700,4433.300
2026-08-11 08:45,4433.600,4434.100,4431.100,4433.000
2026-08-11 08:50,4432.800,4435.500,4429.900,4430.100
2026-08-11 08:55,4430.000,4431.200,4427.700,4428.100
2026-08-11 09:00,4428.000,4430.500,4426.100,4429.700
2026-08-11 09:05,4430.000,4431.300,4428.600,4429.000
2026-08-11 09:10,4429.200,4431.800,4428.700,4431.200
2026-08-11 09:15,4431.200,4432.700,4429.900,4432.700
2026-08-11 09:20,4432.500,4434.400,4429.700,4431.700
2026-08-11 09:25,4431.500,4434.400,4429.500,4430.300
2026-08-11 09:30,4430.500,4433.900,4428.800,4432.600
2026-08-11 09:35,4432.500,4433.600,4430.700,4431.700
2026-08-11 09:40,4432.300,4433.300,4429.500,4429.500
2026-08-11 09:45,4429.200,4433.800,4429.100,4432.500
2026-08-11 09:50,4432.900,4432.900,4429.900,4430.700
2026-08-11 09:55,4430.500,4432.000,4430.000,4431.400
2026-08-11 10:00,4431.300,4433.100,4430.000,4431.400
2026-08-11 10:05,4430.700,4433.600,4430.300,4432.500
2026-08-11 10:10,4432.900,4435.000,4431.700,4431.700
2026-08-11 10:15,4431.700,4433.800,4431.500,4431.500
2026-08-11 10:20,4431.400,4436.900,4431.200,4436.600
2026-08-11 10:25,4436.200,4441.000,4435.500,4437.300
2026-08-11 10:30,4437.300,4440.100,4436.900,4437.600
2026-08-11 10:35,4437.700,4438.500,4436.200,4436.500
2026-08-11 10:40,4436.400,4437.300,4435.500,4436.200
2026-08-11 10:45,4436.600,4439.700,4436.200,4439.700
2026-08-11 10:50,4439.700,4440.900,4438.800,4439.300
2026-08-11 10:55,4439.000,4441.200,4437.300,4441.200
2026-08-11 11:00,4441.100,4451.800,4439.100,4449.800
2026-08-11 11:05,4449.900,4451.100,4446.900,4448.800
2026-08-11 11:10,4449.000,4450.700,4446.300,4449.500
2026-08-11 11:15,4449.800,4450.500,4446.600,4448.400
2026-08-11 11:20,4448.500,4449.800,4444.100,4444.600
2026-08-11 11:25,4444.700,4447.000,4443.600,4445.700
2026-08-11 11:30,4445.900,4446.400,4443.800,4444.900
2026-08-11 11:35,4444.500,4445.500,4441.800,4443.000
2026-08-11 11:40,4443.000,4444.900,4441.400,4444.600
2026-08-11 11:45,4444.400,4447.600,4444.000,4445.900
2026-08-11 11:50,4446.100,4448.100,4443.400,4446.100
2026-08-11 11:55,4445.900,4446.900,4444.200,4446.100
2026-08-11 12:00,4446.200,4446.200,4442.200,4444.000
2026-08-11 12:05,4443.900,4453.800,4443.700,4452.000
2026-08-11 12:10,4452.500,4456.000,4450.200,4455.100
2026-08-11 12:15,4455.600,4456.400,4451.200,4454.100
2026-08-11 12:20,4454.400,4458.400,4446.600,4447.800
2026-08-11 12:25,4447.800,4451.400,4446.200,4449.200
2026-08-11 12:30,4449.700,4453.300,4446.800,4448.300
2026-08-11 12:35,4448.200,4450.300,4447.100,4447.900
2026-08-11 12:40,4448.500,4457.300,4448.000,4456.900
2026-08-11 12:45,4457.000,4458.800,4453.900,4455.900
2026-08-11 12:50,4455.900,4456.300,4451.200,4451.700
2026-08-11 12:55,4452.000,4452.600,4450.200,4450.600
2026-08-11 13:00,4450.700,4457.800,4449.700,4451.200
2026-08-11 13:05,4451.300,4457.800,4451.300,4457.700
2026-08-11 13:10,4457.800,4459.700,4452.800,4452.800
2026-08-11 13:15,4452.700,4454.400,4448.400,4453.300
2026-08-11 13:20,4453.200,4459.900,4453.200,4457.200
2026-08-11 13:25,4456.700,4459.100,4454.700,4456.800
2026-08-11 13:30,4457.200,4459.400,4448.900,4451.500
2026-08-11 13:35,4451.200,4459.100,4447.700,4458.700
2026-08-11 13:40,4459.000,4460.900,4457.100,4458.700
2026-08-11 13:45,4459.100,4463.300,4451.600,4454.000
2026-08-11 13:50,4454.400,4455.700,4442.900,4446.400
2026-08-11 13:55,4446.300,4453.400,4445.600,4448.200
2026-08-11 14:00,4448.200,4449.300,4439.900,4444.000
2026-08-11 14:05,4444.400,4446.100,4441.600,4443.800
2026-08-11 14:10,4443.800,4446.300,4441.300,4445.600
2026-08-11 14:15,4445.900,4449.300,4442.100,4444.900
2026-08-11 14:20,4444.500,4448.900,4440.600,4443.600
2026-08-11 14:25,4443.400,4447.000,4441.100,4443.100
2026-08-11 14:30,4443.000,4450.300,4443.000,4449.800
2026-08-11 14:35,4449.900,4452.700,4448.700,4451.000
2026-08-11 14:40,4451.400,4454.800,4450.100,4453.000
2026-08-11 14:45,4453.000,4455.500,4452.100,4452.900
2026-08-11 14:50,4452.800,4454.900,4451.100,4454.800
2026-08-11 14:55,4454.800,4457.400,4452.300,4453.600
2026-08-11 15:00,4453.600,4458.200,4452.400,4456.000
2026-08-11 15:05,4456.300,4456.800,4449.400,4450.500
2026-08-11 15:10,4450.300,4455.600,4448.600,4451.400
2026-08-11 15:15,4451.300,4451.600,4441.200,4445.200
2026-08-11 15:20,4445.000,4448.700,4442.400,4443.100
2026-08-11 15:25,4442.800,4446.500,4440.900,4445.800
2026-08-11 15:30,4445.500,4445.800,4435.300,4436.500
2026-08-11 15:35,4436.600,4438.400,4430.700,4430.700
2026-08-11 15:40,4430.600,4435.600,4428.200,4435.100
2026-08-11 15:45,4435.200,4437.400,4434.300,4435.700
2026-08-11 15:50,4435.600,4440.100,4434.900,4440.100
2026-08-11 15:55,4440.300,4443.400,4439.200,4443.200
2026-08-11 16:00,4443.500,4444.400,4440.500,4440.500
2026-08-11 16:05,4440.500,4441.200,4438.300,4439.300
2026-08-11 16:10,4440.100,4441.400,4438.200,4439.600
2026-08-11 16:15,4439.400,4441.200,4438.400,4438.900
2026-08-11 16:20,4438.600,4442.500,4438.200,4441.200
2026-08-11 16:25,4441.100,4443.200,4440.200,4442.400
2026-08-11 16:30,4442.600,4442.900,4438.900,4442.100
2026-08-11 16:35,4442.000,4444.400,4441.900,4443.300
2026-08-11 16:40,4443.300,4445.300,4442.500,4444.400
2026-08-11 16:45,4444.500,4445.000,4441.400,4442.500
2026-08-11 16:50,4442.400,4442.400,4440.600,4441.900
2026-08-11 16:55,4441.900,4444.800,4441.600,4443.100
2026-08-11 17:00,4443.300,4445.300,4442.200,4443.200
2026-08-11 17:05,4443.300,4445.700,4441.400,4444.300
2026-08-11 17:10,4444.200,4444.500,4440.800,4440.900
2026-08-11 17:15,4440.600,4443.200,4439.400,4442.800
2026-08-11 17:20,4442.600,4443.800,4439.200,4440.100
2026-08-11 17:25,4440.700,4442.800,4438.300,4440.800
2026-08-11 17:30,4440.600,4441.500,4435.500,4436.100
2026-08-11 17:35,4436.000,4436.800,4433.900,4436.200
2026-08-11 17:40,4436.500,4437.800,4435.600,4435.700
2026-08-11 17:45,4435.300,4437.100,4434.500,4436.000
2026-08-11 17:50,4436.200,4436.300,4432.300,4432.300
2026-08-11 17:55,4432.500,4432.800,4428.200,4428.300
2026-08-11 18:00,4428.500,4428.700,4423.000,4424.700
2026-08-11 18:05,4424.700,4426.300,4420.200,4420.700
2026-08-11 18:10,4421.300,4423.600,4419.700,4423.100
2026-08-11 18:15,4423.000,4426.500,4423.000,4425.900
2026-08-11 18:20,4425.900,4425.900,4421.100,4423.800
2026-08-11 18:25,4423.700,4424.600,4419.700,4420.500
2026-08-11 18:30,4420.400,4427.200,4420.300,4426.600
2026-08-11 18:35,4427.000,4430.200,4426.600,4429.500
2026-08-11 18:40,4429.200,4431.000,4427.900,4430.200
2026-08-11 18:45,4430.400,4431.900,4429.700,4430.400
2026-08-11 18:50,4430.600,4431.600,4430.400,4430.900
2026-08-11 18:55,4430.700,4431.100,4428.900,4430.400
2026-08-11 19:00,4430.400,4431.200,4425.900,4426.000
2026-08-11 19:05,4426.100,4426.100,4422.300,4423.800
2026-08-11 19:10,4423.700,4426.500,4422.300,4422.400
2026-08-11 19:15,4423.000,4423.500,4420.000,4421.600
2026-08-11 19:20,4421.600,4428.300,4420.900,4428.000
2026-08-11 19:25,4427.800,4430.200,4426.200,4429.700
2026-08-11 19:30,4429.800,4433.600,4429.800,4430.700
2026-08-11 19:35,4430.600,4430.800,4427.700,4429.800
2026-08-11 19:40,4429.500,4429.600,4425.700,4427.100
2026-08-11 19:45,4427.400,4429.700,4426.100,4429.400
2026-08-11 19:50,4429.100,4430.000,4425.600,4428.400
2026-08-11 19:55,4428.200,4432.100,4428.200,4429.700
2026-08-11 20:00,4429.300,4429.900,4427.100,4428.100
2026-08-11 20:05,4428.300,4429.700,4427.600,4429.200
2026-08-11 20:10,4429.000,4430.000,4429.000,4429.500
2026-08-11 20:15,4428.900,4429.200,4426.500,4426.900
2026-08-11 20:20,4427.100,4428.900,4426.800,4428.900
2026-08-11 20:25,4428.900,4430.000,4428.500,4429.300
2026-08-11 20:30,4429.500,4429.500,4428.700,4429.000
2026-08-11 20:35,4429.100,4429.100,4428.000,4428.700
2026-08-11 20:40,4428.500,4428.500,4426.600,4426.700
2026-08-11 20:45,4426.400,4426.900,4426.100,4426.400
2026-08-11 20:50,4426.600,4427.000,4426.100,4426.400
2026-08-11 20:55,4427.000,4428.300,4426.700,4427.800
2026-08-11 22:00,4430.000,4431.500,4427.800,4431.300
2026-08-11 22:05,4430.900,4433.000,4430.700,4432.500
2026-08-11 22:10,4432.400,4433.600,4432.100,4432.200
2026-08-11 22:15,4432.400,4433.400,4431.500,4432.800
2026-08-11 22:20,4433.000,4434.700,4432.900,4434.200
2026-08-11 22:25,4434.200,4435.200,4434.000,4434.900
2026-08-11 22:30,4434.900,4436.300,4434.500,4435.400
2026-08-11 22:35,4435.100,4435.800,4434.300,4434.800
2026-08-11 22:40,4434.900,4435.000,4433.500,4434.500
2026-08-11 22:45,4435.000,4437.800,4432.700,4433.500
2026-08-11 22:50,4433.700,4434.300,4429.500,4433.000
2026-08-11 22:55,4433.200,4433.900,4426.100,4427.900
2026-08-11 23:00,4428.700,4428.700,4422.600,4423.700
2026-08-11 23:05,4424.000,4428.500,4421.400,4423.600
2026-08-11 23:10,4423.700,4428.700,4423.400,4425.400
2026-08-11 23:15,4424.700,4430.300,4424.000,4429.500
2026-08-11 23:20,4429.600,4433.000,4429.600,4431.200
2026-08-11 23:25,4431.000,4432.900,4426.700,4431.600
2026-08-11 23:30,4431.500,4431.600,4425.600,4427.600
2026-08-11 23:35,4427.200,4427.800,4426.400,4426.700
2026-08-11 23:40,4427.200,4427.200,4426.200,4426.700
2026-08-11 23:45,4427.000,4429.500,4427.000,4428.200
2026-08-11 23:50,4427.600,4428.700,4427.200,4428.700
2026-08-11 23:55,4429.300,4431.000,4428.900,4430.400
2026-08-12 00:00,4430.600,4430.600,4426.000,4427.700
2026-08-12 00:05,4428.000,4430.300,4427.100,4430.300
2026-08-12 00:10,4430.200,4438.400,4429.700,4437.500
2026-08-12 00:15,4437.300,4439.200,4433.200,4439.200
2026-08-12 00:20,4439.400,4439.800,4436.800,4438.400
2026-08-12 00:25,4438.200,4440.500,4437.100,4440.000
2026-08-12 00:30,4440.500,4442.800,4438.800,4440.700
2026-08-12 00:35,4441.000,4442.900,4440.400,4440.700
2026-08-12 00:40,4441.300,4442.600,4440.400,4442.400
2026-08-12 00:45,4442.300,4442.500,4440.500,4440.900
2026-08-12 00:50,4441.000,4441.400,4437.500,4438.000
2026-08-12 00:55,4437.500,4441.100,4437.200,4440.200
2026-08-12 01:00,4440.300,4445.000,4438.000,4443.400
2026-08-12 01:05,4444.200,4447.300,4441.900,4447.100
2026-08-12 01:10,4446.600,4450.200,4446.600,4449.600
2026-08-12 01:15,4450.200,4451.500,4446.200,4450.800
2026-08-12 01:20,4450.900,4454.000,4448.800,4450.500
2026-08-12 01:25,4450.100,4451.500,4449.200,4450.000
2026-08-12 01:30,4450.100,4450.800,4445.400,4447.100
2026-08-12 01:35,4446.600,4451.000,4444.700,4446.800
2026-08-12 01:40,4447.100,4452.900,4446.700,4452.400
2026-08-12 01:45,4452.500,4455.800,4450.800,4454.500
2026-08-12 01:50,4454.900,4456.800,4454.300,4454.600
2026-08-12 01:55,4454.800,4456.900,4452.800,4456.200
2026-08-12 02:00,4456.100,4456.700,4453.900,4456.400
2026-08-12 02:05,4456.000,4457.800,4455.000,4456.900
2026-08-12 02:10,4457.000,4464.000,4457.000,4460.900
2026-08-12 02:15,4460.700,4461.800,4458.500,4460.600
2026-08-12 02:20,4460.500,4462.700,4459.900,4461.400
2026-08-12 02:25,4461.300,4462.000,4460.100,4461.500
2026-08-12 02:30,4461.300,4462.700,4457.300,4457.800
2026-08-12 02:35,4457.800,4459.400,4456.700,4458.800
2026-08-12 02:40,4459.000,4467.600,4458.800,4464.900
2026-08-12 02:45,4465.000,4470.700,4464.700,4469.100
2026-08-12 02:50,4468.800,4474.200,4468.800,4473.300
2026-08-12 02:55,4473.000,4473.400,4470.400,4470.800
2026-08-12 03:00,4471.100,4474.100,4468.300,4469.200
2026-08-12 03:05,4469.200,4475.700,4468.100,4473.400
2026-08-12 03:10,4473.500,4474.600,4470.400,4470.700
2026-08-12 03:15,4470.500,4470.600,4466.400,4467.100
2026-08-12 03:20,4467.400,4467.500,4464.500,4466.500
2026-08-12 03:25,4466.400,4468.200,4466.000,4467.100
2026-08-12 03:30,4468.300,4468.800,4464.800,4465.400
2026-08-12 03:35,4465.400,4466.500,4463.800,4464.200
2026-08-12 03:40,4464.000,4464.500,4461.400,4461.600
2026-08-12 03:45,4461.500,4463.400,4461.400,4462.500
2026-08-12 03:50,4462.600,4463.800,4460.600,4461.900
2026-08-12 03:55,4461.800,4462.800,4460.700,4461.800
2026-08-12 04:00,4462.400,4463.100,4461.300,4462.800
2026-08-12 04:05,4462.900,4463.000,4459.600,4460.000
2026-08-12 04:10,4460.300,4460.300,4456.400,4457.500
2026-08-12 04:15,4457.200,4457.200,4455.400,4456.500
2026-08-12 04:20,4456.700,4458.500,4456.500,4457.500
2026-08-12 04:25,4457.700,4459.500,4457.400,4459.100
2026-08-12 04:30,4459.300,4459.300,4457.200,4459.000
2026-08-12 04:35,4459.000,4460.100,4458.000,4459.000
2026-08-12 04:40,4458.900,4460.200,4455.300,4460.200
2026-08-12 04:45,4459.800,4462.400,4459.500,4461.400
2026-08-12 04:50,4461.400,4462.000,4459.500,4459.500
2026-08-12 04:55,4459.600,4461.100,4459.100,4461.000
2026-08-12 05:00,4460.900,4462.100,4460.000,4461.600
2026-08-12 05:05,4462.200,4464.900,4460.900,4464.700
2026-08-12 05:10,4464.300,4465.100,4460.900,4461.000
2026-08-12 05:15,4460.700,4460.700,4456.900,4458.400
2026-08-12 05:20,4458.800,4458.900,4451.900,4454.000
2026-08-12 05:25,4453.900,4455.600,4452.400,4452.400
2026-08-12 05:30,4452.200,4456.700,4449.000,4451.800
2026-08-12 05:35,4452.300,4455.000,4450.700,4453.600
2026-08-12 05:40,4453.100,4454.100,4447.900,4448.000
2026-08-12 05:45,4447.800,4449.200,4445.200,4445.500
2026-08-12 05:50,4445.300,4449.300,4444.000,4449.300
2026-08-12 05:55,4449.000,4454.100,4448.700,4451.000
2026-08-12 06:00,4450.900,4452.900,4447.200,4448.400
2026-08-12 06:05,4448.100,4448.400,4445.300,4446.500
2026-08-12 06:10,4446.400,4448.500,4445.500,4447.300
2026-08-12 06:15,4446.900,4450.300,4445.800,4449.400
2026-08-12 06:20,4449.200,4450.600,4448.000,4449.100
2026-08-12 06:25,4449.500,4450.200,4447.100,4449.600
2026-08-12 06:30,4449.900,4450.500,4448.500,4449.600
2026-08-12 06:35,4449.600,4455.000,4448.800,4453.700
2026-08-12 06:40,4453.800,4457.400,4453.500,4453.900
2026-08-12 06:45,4454.400,4460.600,4454.400,4459.800
2026-08-12 06:50,4459.600,4463.300,4459.500,4460.900
2026-08-12 06:55,4460.900,4466.100,4460.900,4463.200
2026-08-12 07:00,4463.000,4465.700,4460.500,4460.900
2026-08-12 07:05,4460.900,4462.800,4460.400,4461.400
2026-08-12 07:10,4461.800,4465.400,4460.600,4460.800
2026-08-12 07:15,4460.800,4460.800,4457.900,4458.500
2026-08-12 07:20,4458.600,4459.900,4457.400,4459.500
2026-08-12 07:25,4459.600,4462.100,4459.000,4461.700
2026-08-12 07:30,4461.700,4464.900,4460.800,4463.100
2026-08-12 07:35,4463.300,4467.000,4462.800,4466.700
2026-08-12 07:40,4466.700,4467.800,4465.100,4467.500
2026-08-12 07:45,4467.300,4469.400,4465.400,4468.000
2026-08-12 07:50,4468.500,4469.500,4467.000,4468.300
2026-08-12 07:55,4468.100,4468.100,4464.100,4465.900
2026-08-12 08:00,4465.900,4469.800,4465.300,4468.300
2026-08-12 08:05,4468.200,4470.100,4466.900,4466.900
2026-08-12 08:10,4466.900,4469.000,4466.900,4467.900
2026-08-12 08:15,4467.900,4468.200,4465.800,4466.700
2026-08-12 08:20,4466.900,4469.000,4466.900,4467.800
2026-08-12 08:25,4467.600,4468.000,4465.000,4466.600
2026-08-12 08:30,4466.400,4466.900,4464.300,4465.300
2026-08-12 08:35,4465.000,4465.600,4463.900,4465.100
2026-08-12 08:40,4464.900,4465.400,4463.600,4464.900
2026-08-12 08:45,4464.600,4464.600,4461.900,4463.300
2026-08-12 08:50,4463.600,4464.200,4462.500,4462.500
2026-08-12 08:55,4462.300,4462.600,4460.600,4460.600
2026-08-12 09:00,4460.900,4467.000,4460.900,4466.400
2026-08-12 09:05,4466.400,4468.600,4466.000,4468.100
2026-08-12 09:10,4468.300,4472.700,4467.300,4472.200
2026-08-12 09:15,4472.600,4477.400,4471.800,4475.100
2026-08-12 09:20,4475.100,4484.200,4472.900,4483.600
2026-08-12 09:25,4483.200,4483.500,4472.500,4472.700
2026-08-12 09:30,4472.700,4475.700,4471.600,4473.900
2026-08-12 09:35,4474.000,4476.100,4472.300,4475.900
2026-08-12 09:40,4475.800,4476.800,4472.600,4473.400
2026-08-12 09:45,4473.300,4474.000,4472.000,4472.300
2026-08-12 09:50,4472.500,4476.200,4470.000,4471.300
2026-08-12 09:55,4471.400,4476.100,4470.800,4475.400
2026-08-12 10:00,4475.500,4475.800,4474.100,4474.300
2026-08-12 10:05,4474.700,4479.800,4474.700,4477.500
2026-08-12 10:10,4477.400,4479.100,4476.600,4477.700
2026-08-12 10:15,4477.800,4479.500,4476.900,4479.300
2026-08-12 10:20,4479.200,4480.200,4478.200,4478.300
2026-08-12 10:25,4478.600,4480.400,4477.400,4479.200
2026-08-12 10:30,4479.200,4479.200,4476.200,4476.200
2026-08-12 10:35,4476.300,4476.300,4472.200,4473.400
2026-08-12 10:40,4473.700,4474.600,4472.700,4474.200
2026-08-12 10:45,4474.100,4475.000,4465.900,4468.600
2026-08-12 10:50,4468.600,4470.400,4467.600,4469.800
2026-08-12 10:55,4470.100,4472.300,4469.200,4472.000
2026-08-12 11:00,4472.300,4474.500,4470.400,4470.900
2026-08-12 11:05,4470.800,4471.600,4469.000,4470.400
2026-08-12 11:10,4470.400,4470.900,4467.200,4467.600
2026-08-12 11:15,4467.700,4469.900,4467.500,4469.700
2026-08-12 11:20,4469.700,4471.100,4469.400,4470.500
2026-08-12 11:25,4470.600,4476.600,4469.800,4474.600
2026-08-12 11:30,4474.900,4475.700,4472.800,4473.000
2026-08-12 11:35,4473.100,4473.600,4469.900,4471.600
2026-08-12 11:40,4471.700,4473.800,4471.600,4473.000
2026-08-12 11:45,4473.200,4474.100,4472.300,4473.300
2026-08-12 11:50,4473.500,4474.100,4472.500,4474.000
2026-08-12 11:55,4474.100,4475.300,4472.100,4472.400
2026-08-12 12:00,4472.400,4472.600,4467.300,4468.100
2026-08-12 12:05,4468.300,4468.700,4466.100,4466.800
2026-08-12 12:10,4466.600,4468.900,4465.500,4468.100
2026-08-12 12:15,4468.000,4468.400,4465.900,4467.800
2026-08-12 12:20,4467.800,4469.100,4464.300,4465.900
2026-08-12 12:25,4465.800,4487.700,4463.500,4487.700
2026-08-12 12:30,4488.000,4492.900,4440.000,4484.700
2026-08-12 12:35,4484.600,4490.600,4475.200,4489.200
2026-08-12 12:40,4489.000,4498.000,4483.600,4488.300
2026-08-12 12:45,4488.500,4488.500,4475.900,4481.300
2026-08-12 12:50,4481.400,4488.600,4481.000,4487.700
2026-08-12 12:55,4487.500,4499.300,4486.800,4498.200
2026-08-12 13:00,4497.800,4502.700,4486.800,4492.500
2026-08-12 13:05,4492.300,4494.600,4487.800,4489.700
2026-08-12 13:10,4490.200,4490.900,4480.000,4481.900
2026-08-12 13:15,4481.700,4488.900,4480.700,4484.000
2026-08-12 13:20,4484.500,4487.500,4476.800,4476.800
2026-08-12 13:25,4476.600,4479.200,4474.400,4478.200
2026-08-12 13:30,4478.400,4480.900,4472.000,4473.500
2026-08-12 13:35,4473.300,4479.400,4470.000,4471.600
2026-08-12 13:40,4471.700,4480.200,4468.000,4475.800
2026-08-12 13:45,4476.400,4488.200,4475.700,4487.900
2026-08-12 13:50,4488.100,4494.000,4486.300,4492.300
2026-08-12 13:55,4492.300,4492.700,4486.600,4487.400
2026-08-12 14:00,4487.500,4488.900,4480.400,4486.800
2026-08-12 14:05,4486.600,4490.100,4486.000,4489.500
2026-08-12 14:10,4489.500,4495.200,4489.200,4491.900
2026-08-12 14:15,4492.100,4497.700,4490.000,4496.400
2026-08-12 14:20,4496.300,4499.800,4493.800,4496.500
2026-08-12 14:25,4496.400,4497.200,4490.200,4491.500
2026-08-12 14:30,4491.300,4496.000,4479.000,4480.500
2026-08-12 14:35,4480.500,4483.300,4476.100,4477.800
2026-08-12 14:40,4477.700,4485.200,4476.900,4484.800
2026-08-12 14:45,4484.700,4492.000,4479.700,4482.000
2026-08-12 14:50,4481.400,4483.800,4475.800,4481.900
2026-08-12 14:55,4482.000,4483.000,4478.200,4481.400
2026-08-12 15:00,4481.200,4482.600,4474.400,4475.300
2026-08-12 15:05,4475.300,4482.400,4474.000,4480.700
2026-08-12 15:10,4481.000,4489.500,4480.800,4486.400
2026-08-12 15:15,4486.500,4486.800,4481.700,4484.200
2026-08-12 15:20,4484.300,4487.900,4484.000,4486.500
2026-08-12 15:25,4486.000,4486.000,4479.400,4481.200
2026-08-12 15:30,4481.100,4485.000,4478.100,4478.600
2026-08-12 15:35,4478.500,4480.700,4476.200,4480.500
2026-08-12 15:40,4480.400,4481.400,4476.500,4477.700
2026-08-12 15:45,4477.800,4478.100,4473.600,4475.000
2026-08-12 15:50,4475.200,4476.000,4470.200,4475.800
2026-08-12 15:55,4475.900,4481.700,4475.800,4480.400
2026-08-12 16:00,4480.200,4485.200,4477.500,4480.100
2026-08-12 16:05,4479.800,4481.700,4477.500,4479.200
2026-08-12 16:10,4479.000,4483.600,4476.400,4482.900
2026-08-12 16:15,4483.300,4485.900,4482.100,4484.900
2026-08-12 16:20,4485.000,4486.200,4483.200,4485.600
2026-08-12 16:25,4485.600,4486.100,4482.100,4483.000
2026-08-12 16:30,4483.100,4483.700,4472.900,4473.000
2026-08-12 16:35,4472.900,4475.800,4471.100,4474.000
2026-08-12 16:40,4474.200,4475.700,4469.200,4470.900
2026-08-12 16:45,4470.700,4471.200,4462.200,4462.600
2026-08-12 16:50,4462.500,4466.200,4462.400,4465.300
2026-08-12 16:55,4465.200,4465.300,4455.900,4461.700
2026-08-12 17:00,4461.700,4465.700,4460.100,4463.300
2026-08-12 17:05,4463.800,4468.000,4462.800,4466.900
2026-08-12 17:10,4466.900,4467.000,4463.500,4464.000
2026-08-12 17:15,4464.100,4464.600,4461.900,4463.500
2026-08-12 17:20,4463.700,4470.000,4463.300,4467.800
2026-08-12 17:25,4468.100,4469.200,4465.600,4466.700
2026-08-12 17:30,4466.800,4470.900,4466.000,4470.600
2026-08-12 17:35,4470.600,4471.700,4465.000,4465.900
2026-08-12 17:40,4466.000,4466.000,4461.500,4462.200
2026-08-12 17:45,4462.200,4464.100,4462.100,4463.100
2026-08-12 17:50,4463.300,4465.800,4459.900,4460.500
2026-08-12 17:55,4460.500,4462.000,4459.000,4459.600
2026-08-12 18:00,4459.300,4459.500,4456.000,4458.800
2026-08-12 18:05,4458.500,4463.900,4458.300,4463.700
2026-08-12 18:10,4464.000,4466.500,4464.000,4465.800
2026-08-12 18:15,4466.000,4468.200,4464.400,4468.200
2026-08-12 18:20,4467.800,4470.700,4467.400,4470.700
2026-08-12 18:25,4470.700,4471.400,4467.200,4468.400
2026-08-12 18:30,4468.400,4473.100,4467.900,4472.700
2026-08-12 18:35,4472.300,4473.100,4470.600,4471.000
2026-08-12 18:40,4470.900,4473.700,4470.400,4473.500
2026-08-12 18:45,4473.800,4478.100,4473.400,4477.400
2026-08-12 18:50,4477.300,4477.400,4473.700,4474.200
2026-08-12 18:55,4474.100,4474.400,4472.900,4473.200
2026-08-12 19:00,4473.200,4477.000,4473.000,4476.500
2026-08-12 19:05,4476.400,4478.300,4474.900,4476.100
2026-08-12 19:10,4476.200,4476.800,4475.600,4476.400
2026-08-12 19:15,4476.000,4477.900,4475.900,4477.500
2026-08-12 19:20,4477.100,4477.500,4476.300,4476.500
2026-08-12 19:25,4476.100,4477.100,4475.600,4476.600
2026-08-12 19:30,4476.500,4476.500,4473.100,4473.500
2026-08-12 19:35,4473.600,4474.100,4471.200,4471.800
2026-08-12 19:40,4471.800,4473.300,4471.200,4473.200
2026-08-12 19:45,4473.200,4473.200,4468.500,4469.900
2026-08-12 19:50,4470.100,4473.100,4469.800,4471.400
2026-08-12 19:55,4471.600,4473.900,4471.300,4473.900
2026-08-12 20:00,4473.700,4474.300,4471.300,4471.300
2026-08-12 20:05,4471.500,4472.500,4470.300,4470.700
2026-08-12 20:10,4471.000,4471.000,4469.000,4469.300
2026-08-12 20:15,4469.100,4470.100,4467.000,4467.000
2026-08-12 20:20,4467.200,4468.200,4466.700,4467.800
2026-08-12 20:25,4467.900,4468.700,4467.200,4467.800
2026-08-12 20:30,4467.900,4467.900,4466.800,4466.800
2026-08-12 20:35,4466.900,4468.800,4466.900,4468.100
2026-08-12 20:40,4468.000,4468.700,4467.300,4468.100
2026-08-12 20:45,4468.000,4468.800,4467.100,4468.400
2026-08-12 20:50,4468.600,4468.900,4466.700,4467.600
2026-08-12 20:55,4467.700,4469.100,4467.500,4469.000
2026-08-12 22:00,4468.800,4470.300,4464.300,4464.400
2026-08-12 22:05,4464.300,4464.400,4461.500,4462.800
2026-08-12 22:10,4462.400,4462.900,4460.900,4461.600
2026-08-12 22:15,4461.700,4461.900,4460.100,4460.800
2026-08-12 22:20,4461.000,4461.600,4460.000,4460.800
2026-08-12 22:25,4460.600,4461.500,4456.500,4457.500
2026-08-12 22:30,4457.500,4460.700,4457.300,4458.400
2026-08-12 22:35,4458.700,4459.300,4456.900,4457.900
2026-08-12 22:40,4457.900,4458.700,4457.900,4458.400
2026-08-12 22:45,4458.000,4459.600,4457.900,4458.800
2026-08-12 22:50,4459.300,4460.400,4459.300,4460.400
2026-08-12 22:55,4460.500,4461.200,4459.600,4459.900
2026-08-12 23:00,4460.100,4463.000,4459.900,4462.200
2026-08-12 23:05,4462.000,4464.000,4461.600,4463.900
2026-08-12 23:10,4463.800,4464.500,4463.600,4463.900
2026-08-12 23:15,4464.200,4466.700,4464.200,4465.700
2026-08-12 23:20,4466.000,4467.200,4466.000,4466.800
2026-08-12 23:25,4466.900,4468.400,4466.100,4466.800
2026-08-12 23:30,4467.400,4468.900,4466.800,4467.000
2026-08-12 23:35,4467.100,4468.100,4466.400,4466.600
2026-08-12 23:40,4466.800,4467.600,4465.700,4467.000
2026-08-12 23:45,4467.400,4468.700,4466.600,4467.000
2026-08-12 23:50,4466.900,4470.000,4466.600,4469.600
2026-08-12 23:55,4469.900,4473.200,4469.300,4473.100
2026-08-13 00:00,4473.200,4478.500,4471.900,4475.400
2026-08-13 00:05,4475.300,4481.500,4474.400,4480.000
2026-08-13 00:10,4479.800,4480.200,4477.200,4478.200
2026-08-13 00:15,4478.300,4488.500,4478.300,4488.000
2026-08-13 00:20,4487.200,4496.600,4487.200,4493.300
2026-08-13 00:25,4493.400,4493.400,4486.000,4487.400
2026-08-13 00:30,4487.600,4509.100,4483.300,4503.600
2026-08-13 00:35,4503.400,4504.600,4496.300,4497.200
2026-08-13 00:40,4496.500,4500.100,4496.300,4499.200
2026-08-13 00:45,4499.600,4499.600,4488.000,4488.900
2026-08-13 00:50,4488.700,4491.800,4487.600,4490.100
2026-08-13 00:55,4490.800,4490.800,4482.700,4486.900
2026-08-13 01:00,4486.700,4492.900,4481.400,4491.800
2026-08-13 01:05,4492.300,4494.000,4489.600,4493.900
2026-08-13 01:10,4492.900,4493.500,4487.500,4489.000
2026-08-13 01:15,4488.800,4494.100,4485.400,4485.500
2026-08-13 01:20,4486.000,4486.400,4478.000,4479.900
2026-08-13 01:25,4479.700,4482.100,4477.700,4478.000
2026-08-13 01:30,4477.700,4487.900,4477.600,4487.200
2026-08-13 01:35,4487.800,4489.000,4483.200,4483.500
2026-08-13 01:40,4483.000,4483.000,4476.300,4477.600
2026-08-13 01:45,4477.700,4478.000,4469.200,4471.700
2026-08-13 01:50,4470.900,4474.200,4468.100,4474.000
2026-08-13 01:55,4474.400,4474.800,4464.700,4467.000
2026-08-13 02:00,4466.800,4468.600,4464.400,4466.500
2026-08-13 02:05,4466.700,4471.900,4463.800,4471.900
2026-08-13 02:10,4471.800,4472.600,4468.500,4469.000
2026-08-13 02:15,4469.000,4470.500,4468.700,4470.200
2026-08-13 02:20,4470.400,4471.000,4464.400,4465.200
2026-08-13 02:25,4464.900,4467.600,4464.700,4464.700
2026-08-13 02:30,4464.300,4464.600,4458.800,4460.700
2026-08-13 02:35,4461.000,4467.100,4457.000,4467.100
2026-08-13 02:40,4467.100,4468.800,4464.500,4468.800
2026-08-13 02:45,4469.000,4469.000,4465.700,4469.000
2026-08-13 02:50,4468.500,4469.300,4464.300,4464.300
2026-08-13 02:55,4464.500,4466.900,4464.300,4465.700
2026-08-13 03:00,4465.800,4470.100,4465.700,4469.400
2026-08-13 03:05,4469.700,4470.700,4466.600,4466.700
2026-08-13 03:10,4466.000,4467.900,4462.600,4465.900
2026-08-13 03:15,4465.700,4468.700,4464.000,4467.400
2026-08-13 03:20,4467.700,4467.900,4465.400,4467.500
2026-08-13 03:25,4467.300,4468.500,4466.000,4467.800
2026-08-13 03:30,4467.500,4468.800,4467.300,4468.200
2026-08-13 03:35,4468.300,4468.700,4466.700,4467.200
2026-08-13 03:40,4467.200,4467.200,4464.000,4464.500
2026-08-13 03:45,4464.500,4466.300,4463.500,4464.000
2026-08-13 03:50,4463.500,4464.400,4461.100,4462.400
2026-08-13 03:55,4461.800,4461.800,4458.000,4458.300
2026-08-13 04:00,4458.700,4458.700,4452.000,4454.000
2026-08-13 04:05,4453.700,4455.200,4453.000,4454.000
2026-08-13 04:10,4454.100,4454.100,4449.400,4452.500
2026-08-13 04:15,4452.400,4453.700,4451.100,4452.300
2026-08-13 04:20,4452.300,4455.600,4450.400,4455.500
2026-08-13 04:25,4455.300,4457.200,4454.900,4456.200
2026-08-13 04:30,4456.200,4457.500,4455.700,4456.300
2026-08-13 04:35,4456.400,4457.100,4455.000,4455.300
2026-08-13 04:40,4455.200,4457.000,4453.000,4453.600
2026-08-13 04:45,4453.300,4456.300,4453.300,4453.400
2026-08-13 04:50,4453.200,4455.300,4452.800,4454.400
2026-08-13 04:55,4454.400,4456.200,4453.900,4455.500
2026-08-13 05:00,4455.200,4455.500,4450.700,4452.100
2026-08-13 05:05,4452.700,4455.500,4452.200,4454.400
2026-08-13 05:10,4454.700,4462.400,4452.900,4462.100
2026-08-13 05:15,4462.200,4463.300,4458.500,4459.600
2026-08-13 05:20,4459.400,4461.400,4458.900,4460.900
2026-08-13 05:25,4460.900,4465.200,4460.400,4464.400
2026-08-13 05:30,4464.400,4465.200,4451.600,4455.200
2026-08-13 05:35,4455.300,4457.700,4454.900,4457.700
2026-08-13 05:40,4457.500,4458.800,4443.800,4445.600
2026-08-13 05:45,4445.200,4447.100,4440.600,4444.700
2026-08-13 05:50,4444.900,4447.000,4441.800,4442.000
2026-08-13 05:55,4441.500,4443.600,4437.200,4440.400
2026-08-13 06:00,4440.300,4443.000,4433.200,4435.800
2026-08-13 06:05,4435.500,4437.300,4432.900,4437.000
2026-08-13 06:10,4436.900,4438.200,4432.500,4433.300
2026-08-13 06:15,4433.200,4436.100,4432.600,4433.000
2026-08-13 06:20,4432.700,4435.900,4431.700,4435.900
2026-08-13 06:25,4436.000,4436.100,4431.600,4432.700
2026-08-13 06:30,4433.100,4435.700,4427.200,4429.400
2026-08-13 06:35,4429.300,4429.800,4425.600,4428.600
2026-08-13 06:40,4429.100,4431.800,4428.900,4430.900
2026-08-13 06:45,4431.300,4436.100,4431.100,4435.100
2026-08-13 06:50,4435.300,4437.200,4435.200,4436.800
2026-08-13 06:55,4436.900,4438.400,4436.300,4437.700
2026-08-13 07:00,4437.800,4438.600,4435.100,4436.200
2026-08-13 07:05,4436.800,4437.300,4433.900,4435.100
2026-08-13 07:10,4434.700,4435.700,4431.500,4433.300
2026-08-13 07:15,4433.600,4434.100,4430.500,4430.700
2026-08-13 07:20,4430.600,4433.600,4430.400,4432.900
2026-08-13 07:25,4433.100,4433.800,4431.100,4433.100
2026-08-13 07:30,4432.800,4434.100,4428.800,4430.000
2026-08-13 07:35,4429.900,4433.300,4429.300,4431.000
2026-08-13 07:40,4431.100,4435.700,4430.700,4435.400
2026-08-13 07:45,4435.500,4435.600,4427.700,4428.300
2026-08-13 07:50,4428.300,4430.200,4426.400,4429.200
2026-08-13 07:55,4429.600,4429.600,4425.800,4426.400
2026-08-13 08:00,4426.400,4427.300,4421.400,4423.900
2026-08-13 08:05,4423.700,4426.300,4422.300,4422.300
2026-08-13 08:10,4422.200,4424.300,4420.300,4422.600
2026-08-13 08:15,4422.500,4424.400,4421.800,4421.800
2026-08-13 08:20,4421.700,4427.300,4421.700,4426.600
2026-08-13 08:25,4426.500,4430.000,4426.000,4429.200
2026-08-13 08:30,4429.000,4432.300,4428.100,4431.100
2026-08-13 08:35,4431.300,4432.000,4429.800,4430.100
2026-08-13 08:40,4430.000,4431.800,4429.900,4429.900
2026-08-13 08:45,4430.000,4435.400,4429.700,4435.000
2026-08-13 08:50,4434.700,4435.700,4431.200,4432.300
2026-08-13 08:55,4432.300,4433.500,4431.500,4432.400
2026-08-13 09:00,4432.300,4433.400,4429.800,4430.300
2026-08-13 09:05,4430.600,4434.300,4428.600,4433.000
2026-08-13 09:10,4433.000,4434.700,4432.700,4433.400
2026-08-13 09:15,4433.100,4437.400,4432.800,4436.900
2026-08-13 09:20,4436.800,4438.300,4434.400,4435.000
2026-08-13 09:25,4435.300,4438.900,4434.900,4436.400
2026-08-13 09:30,4436.500,4438.000,4436.100,4437.700
2026-08-13 09:35,4437.700,4438.400,4436.800,4437.600
2026-08-13 09:40,4437.400,4438.500,4435.100,4436.800
2026-08-13 09:45,4436.900,4437.600,4435.400,4436.600
2026-08-13 09:50,4436.700,4438.500,4436.000,4437.400
2026-08-13 09:55,4437.500,4441.900,4437.100,4441.800
2026-08-13 10:00,4441.900,4442.600,4440.700,4441.700
2026-08-13 10:05,4442.000,4442.700,4441.100,4441.600
2026-08-13 10:10,4441.600,4442.100,4438.800,4439.000
2026-08-13 10:15,4439.200,4443.600,4439.200,4443.100
2026-08-13 10:20,4442.500,4444.200,4441.400,4442.200
2026-08-13 10:25,4442.300,4445.200,4442.100,4444.600
2026-08-13 10:30,4444.800,4445.500,4442.300,4443.100
2026-08-13 10:35,4443.300,4447.000,4443.200,4446.300
2026-08-13 10:40,4446.600,4448.300,4445.900,4448.300
2026-08-13 10:45,4448.100,4448.400,4446.000,4448.000
2026-08-13 10:50,4448.100,4451.500,4447.900,4450.300
2026-08-13 10:55,4450.100,4450.300,4448.600,4449.900
2026-08-13 11:00,4449.600,4450.600,4446.100,4447.000
2026-08-13 11:05,4446.800,4449.400,4446.800,4448.500
2026-08-13 11:10,4448.200,4452.000,4448.000,4452.000
2026-08-13 11:15,4451.800,4454.200,4450.200,4450.900
2026-08-13 11:20,4450.800,4451.900,4448.800,4450.000
2026-08-13 11:25,4450.200,4450.600,4445.300,4445.400
2026-08-13 11:30,4445.700,4446.900,4443.900,4445.900
2026-08-13 11:35,4445.800,4447.300,4445.100,4445.800
2026-08-13 11:40,4446.000,4446.000,4440.600,4441.200
2026-08-13 11:45,4440.900,4442.900,4440.000,4441.400
2026-08-13 11:50,4441.200,4442.300,4439.600,4441.200
2026-08-13 11:55,4441.100,4444.800,4440.000,4444.400
2026-08-13 12:00,4444.500,4445.000,4442.500,4443.800
2026-08-13 12:05,4443.900,4448.900,4442.900,4448.100
2026-08-13 12:10,4447.600,4447.800,4444.800,4446.000
2026-08-13 12:15,4445.700,4446.500,4441.600,4443.100
2026-08-13 12:20,4443.300,4446.600,4441.100,4442.400
2026-08-13 12:25,4442.600,4450.400,4441.000,4447.800
2026-08-13 12:30,4447.400,4460.000,4437.100,4448.400
2026-08-13 12:35,4448.500,4449.300,4443.000,4446.800
2026-08-13 12:40,4447.000,4450.600,4442.300,4448.600
2026-08-13 12:45,4448.800,4454.300,4448.200,4451.400
2026-08-13 12:50,4451.700,4453.600,4449.600,4451.500
2026-08-13 12:55,4451.400,4458.900,4449.800,4458.900
2026-08-13 13:00,4458.500,4459.000,4448.400,4450.700
2026-08-13 13:05,4451.200,4454.900,4448.200,4450.600
2026-08-13 13:10,4450.400,4451.500,4447.800,4450.400
2026-08-13 13:15,4450.500,4452.000,4447.200,4448.900
2026-08-13 13:20,4449.100,4451.800,4444.700,4444.700
2026-08-13 13:25,4444.800,4446.500,4440.600,4441.700
2026-08-13 13:30,4441.700,4446.400,4433.600,4435.300
2026-08-13 13:35,4435.500,4439.100,4431.500,4438.700
2026-08-13 13:40,4438.300,4440.600,4432.900,4435.900
2026-08-13 13:45,4435.800,4439.500,4432.100,4434.700
2026-08-13 13:50,4434.600,4435.200,4427.100,4432.700
2026-08-13 13:55,4432.800,4434.500,4428.400,4429.100
2026-08-13 14:00,4429.300,4435.600,4426.700,4430.300
2026-08-13 14:05,4430.400,4435.900,4425.500,4426.400
2026-08-13 14:10,4426.600,4429.300,4424.000,4428.000
2026-08-13 14:15,4428.200,4435.400,4426.300,4433.000
2026-08-13 14:20,4433.000,4435.700,4428.300,4431.800
2026-08-13 14:25,4432.500,4433.900,4425.000,4425.300
2026-08-13 14:30,4425.000,4433.300,4408.800,4431.700
2026-08-13 14:35,4431.800,4435.300,4428.900,4435.100
2026-08-13 14:40,4434.400,4439.200,4433.600,4438.100
2026-08-13 14:45,4438.600,4444.700,4438.300,4442.000
2026-08-13 14:50,4442.400,4444.200,4439.800,4441.200
2026-08-13 14:55,4441.500,4444.300,4440.600,4440.900
2026-08-13 15:00,4441.200,4443.100,4435.200,4435.300
2026-08-13 15:05,4435.400,4435.900,4425.900,4428.300
2026-08-13 15:10,4428.700,4429.100,4425.200,4426.200
2026-08-13 15:15,4426.100,4427.200,4419.900,4424.600
2026-08-13 15:20,4424.400,4428.900,4423.100,4428.200
2026-08-13 15:25,4427.900,4430.600,4420.200,4421.800
2026-08-13 15:30,4421.900,4422.000,4413.600,4417.200
2026-08-13 15:35,4417.000,4428.000,4416.700,4425.600
2026-08-13 15:40,4425.600,4428.400,4424.700,4425.100
2026-08-13 15:45,4425.500,4427.800,4425.000,4426.000
2026-08-13 15:50,4425.900,4427.100,4422.600,4422.600
2026-08-13 15:55,4422.900,4425.000,4420.300,4422.400
2026-08-13 16:00,4422.300,4424.700,4419.700,4420.700
2026-08-13 16:05,4420.400,4420.800,4415.800,4415.800
2026-08-13 16:10,4415.700,4417.400,4411.100,4412.500
2026-08-13 16:15,4412.500,4412.800,4407.500,4408.500
2026-08-13 16:20,4408.700,4415.100,4407.800,4414.700
2026-08-13 16:25,4414.800,4419.500,4413.800,4419.400
2026-08-13 16:30,4419.200,4423.100,4419.000,4423.100
2026-08-13 16:35,4423.100,4423.600,4419.800,4420.700
2026-08-13 16:40,4420.500,4424.000,4420.200,4422.600
2026-08-13 16:45,4422.600,4424.400,4422.600,4423.000
2026-08-13 16:50,4423.100,4423.500,4421.000,4422.600
2026-08-13 16:55,4422.400,4425.600,4422.400,4424.200
2026-08-13 17:00,4424.300,4426.700,4422.400,4423.800
2026-08-13 17:05,4423.400,4430.000,4423.400,4429.400
2026-08-13 17:10,4429.400,4430.600,4428.300,4428.400
2026-08-13 17:15,4428.800,4429.200,4423.400,4424.800
2026-08-13 17:20,4424.900,4426.700,4424.200,4425.000
2026-08-13 17:25,4425.200,4426.200,4419.100,4420.000
2026-08-13 17:30,4420.200,4421.300,4416.200,4417.600
2026-08-13 17:35,4417.500,4419.000,4416.300,4418.000
2026-08-13 17:40,4418.200,4418.700,4412.200,4413.600
2026-08-13 17:45,4413.900,4416.500,4413.500,4415.800
2026-08-13 17:50,4415.900,4416.500,4413.700,4414.500
2026-08-13 17:55,4414.300,4414.600,4412.000,4412.400
2026-08-13 18:00,4412.600,4416.600,4412.400,4415.200
2026-08-13 18:05,4415.000,4417.000,4413.900,4416.600
2026-08-13 18:10,4416.100,4419.400,4415.000,4418.700
2026-08-13 18:15,4419.000,4420.500,4417.700,4420.100
2026-08-13 18:20,4420.200,4420.300,4413.200,4414.100
2026-08-13 18:25,4414.100,4415.100,4411.600,4414.300
2026-08-13 18:30,4414.300,4416.400,4413.300,4415.300
2026-08-13 18:35,4415.300,4416.800,4414.500,4416.300
2026-08-13 18:40,4416.200,4417.300,4414.200,4414.700
2026-08-13 18:45,4414.800,4415.100,4413.300,4413.900
2026-08-13 18:50,4414.100,4414.500,4411.400,4413.800
2026-08-13 18:55,4414.300,4414.600,4413.400,4413.600
2026-08-13 19:00,4414.000,4415.500,4412.700,4414.800
2026-08-13 19:05,4414.800,4414.800,4409.500,4410.000
2026-08-13 19:10,4410.000,4410.100,4402.600,4403.400
2026-08-13 19:15,4403.100,4405.000,4400.000,4404.100
2026-08-13 19:20,4404.600,4406.300,4403.200,4405.400
2026-08-13 19:25,4405.600,4408.200,4405.000,4407.900
2026-08-13 19:30,4407.700,4408.500,4406.000,4407.100
2026-08-13 19:35,4407.100,4410.900,4407.000,4409.700
2026-08-13 19:40,4409.300,4409.700,4407.000,4407.700
2026-08-13 19:45,4407.600,4407.600,4403.900,4405.300
2026-08-13 19:50,4405.600,4406.800,4404.700,4406.300
2026-08-13 19:55,4406.100,4406.600,4404.200,4406.200
2026-08-13 20:00,4406.200,4406.700,4402.900,4403.900
2026-08-13 20:05,4404.100,4406.300,4403.900,4406.200
2026-08-13 20:10,4406.000,4406.500,4405.400,4406.300
2026-08-13 20:15,4406.500,4407.400,4406.100,4406.400
2026-08-13 20:20,4406.300,4406.500,4405.500,4405.500
2026-08-13 20:25,4405.900,4408.400,4405.700,4407.600
2026-08-13 20:30,4407.600,4408.000,4404.200,4405.400
2026-08-13 20:35,4405.200,4406.100,4404.800,4405.400
2026-08-13 20:40,4405.400,4406.700,4404.500,4405.600
2026-08-13 20:45,4405.500,4406.400,4405.200,4406.200
2026-08-13 20:50,4406.300,4406.900,4404.700,4405.000
2026-08-13 20:55,4405.400,4407.700,4404.900,4407.100
2026-08-13 22:00,4408.200,4410.300,4406.600,4408.900
2026-08-13 22:05,4408.800,4412.600,4408.300,4412.400
2026-08-13 22:10,4412.500,4412.500,4409.400,4409.800
2026-08-13 22:15,4409.900,4410.200,4408.500,4408.900
2026-08-13 22:20,4408.800,4412.000,4408.800,4412.000
2026-08-13 22:25,4412.100,4413.300,4411.500,4412.700
2026-08-13 22:30,4412.400,4413.500,4411.000,4412.700
2026-08-13 22:35,4412.800,4417.800,4412.700,4417.000
2026-08-13 22:40,4417.100,4418.400,4415.300,4416.000
2026-08-13 22:45,4415.900,4417.000,4410.700,4411.400
2026-08-13 22:50,4411.800,4413.700,4410.200,4412.000
2026-08-13 22:55,4412.100,4412.500,4409.200,4410.300
2026-08-13 23:00,4411.500,4411.500,4405.100,4405.600
2026-08-13 23:05,4405.300,4415.700,4405.300,4415.200
2026-08-13 23:10,4415.200,4416.200,4410.000,4416.200
2026-08-13 23:15,4416.300,4417.000,4412.100,4413.900
2026-08-13 23:20,4413.500,4416.300,4412.700,4415.600
2026-08-13 23:25,4415.700,4418.200,4415.000,4418.200
2026-08-13 23:30,4418.400,4418.800,4415.800,4416.500
2026-08-13 23:35,4416.500,4417.100,4415.300,4417.000
2026-08-13 23:40,4417.000,4417.700,4413.900,4415.800
2026-08-13 23:45,4416.000,4419.400,4414.800,4417.000
2026-08-13 23:50,4416.700,4416.700,4412.600,4413.200
2026-08-13 23:55,4413.600,4414.800,4411.600,4411.800
2026-08-14 00:00,4411.600,4417.400,4410.800,4415.700
2026-08-14 00:05,4415.300,4415.300,4409.600,4412.500
2026-08-14 00:10,4412.600,4412.600,4406.000,4407.500
2026-08-14 00:15,4407.600,4407.800,4403.200,4404.900
2026-08-14 00:20,4404.900,4405.100,4400.600,4402.800
2026-08-14 00:25,4402.500,4402.500,4395.100,4395.800
2026-08-14 00:30,4395.500,4402.600,4392.600,4401.800
2026-08-14 00:35,4402.000,4402.300,4390.600,4391.700
2026-08-14 00:40,4391.800,4396.500,4390.600,4395.400
2026-08-14 00:45,4396.000,4398.800,4385.100,4389.400
2026-08-14 00:50,4390.100,4395.900,4389.500,4395.600
2026-08-14 00:55,4395.100,4397.800,4393.600,4396.400
2026-08-14 01:00,4396.200,4397.100,4385.000,4385.100
2026-08-14 01:05,4385.500,4389.500,4383.500,4384.400
2026-08-14 01:10,4384.600,4384.600,4378.000,4380.300
2026-08-14 01:15,4380.400,4381.900,4373.500,4378.400
2026-08-14 01:20,4378.200,4381.600,4372.000,4372.400
2026-08-14 01:25,4372.500,4377.700,4370.900,4375.600
2026-08-14 01:30,4375.300,4375.300,4369.300,4369.400
2026-08-14 01:35,4369.700,4376.100,4368.600,4375.400
2026-08-14 01:40,4375.500,4377.500,4374.600,4375.400
2026-08-14 01:45,4375.600,4379.400,4369.500,4371.100
2026-08-14 01:50,4371.100,4374.800,4367.500,4372.900
2026-08-14 01:55,4372.800,4376.700,4371.500,4373.700
2026-08-14 02:00,4373.700,4378.000,4370.800,4371.900
2026-08-14 02:05,4371.500,4374.500,4370.900,4372.600
2026-08-14 02:10,4372.100,4372.400,4365.500,4366.900
2026-08-14 02:15,4367.500,4372.500,4367.500,4370.500
2026-08-14 02:20,4370.100,4372.500,4369.900,4371.200
2026-08-14 02:25,4371.100,4373.300,4367.600,4367.600
2026-08-14 02:30,4367.400,4376.900,4366.900,4376.300
2026-08-14 02:35,4376.000,4378.000,4373.500,4376.600
2026-08-14 02:40,4375.800,4377.400,4373.300,4376.300
2026-08-14 02:45,4376.500,4377.400,4369.300,4372.000
2026-08-14 02:50,4371.800,4373.500,4370.200,4370.800
2026-08-14 02:55,4371.400,4371.400,4367.700,4370.700
2026-08-14 03:00,4370.700,4374.100,4368.900,4373.500
2026-08-14 03:05,4373.500,4378.400,4373.500,4374.800
2026-08-14 03:10,4374.800,4378.700,4373.600,4375.300
2026-08-14 03:15,4375.400,4377.900,4375.000,4377.800
2026-08-14 03:20,4377.800,4381.100,4377.500,4380.200
2026-08-14 03:25,4380.500,4381.200,4379.600,4380.800
2026-08-14 03:30,4380.900,4383.200,4379.900,4382.500
2026-08-14 03:35,4382.700,4383.800,4380.900,4382.100
2026-08-14 03:40,4382.200,4382.200,4380.600,4381.300
2026-08-14 03:45,4381.400,4382.300,4381.100,4381.800
2026-08-14 03:50,4382.100,4382.300,4379.600,4379.700
2026-08-14 03:55,4379.700,4380.400,4379.000,4379.600
2026-08-14 04:00,4379.200,4380.500,4378.400,4378.600
2026-08-14 04:05,4378.400,4380.400,4378.300,4379.400
2026-08-14 04:10,4379.600,4382.700,4378.800,4381.700
2026-08-14 04:15,4381.200,4383.000,4380.900,4382.000
2026-08-14 04:20,4382.200,4384.600,4381.300,4382.400
2026-08-14 04:25,4382.200,4382.700,4380.200,4380.200
2026-08-14 04:30,4380.700,4381.200,4378.400,4379.600
2026-08-14 04:35,4379.500,4380.600,4379.100,4380.100
2026-08-14 04:40,4380.100,4381.200,4379.700,4380.400
2026-08-14 04:45,4380.100,4380.100,4378.900,4379.300
2026-08-14 04:50,4379.200,4380.000,4378.300,4379.800
2026-08-14 04:55,4379.700,4382.000,4379.400,4382.000
2026-08-14 05:00,4382.200,4382.200,4378.800,4380.000
2026-08-14 05:05,4380.100,4380.300,4374.700,4374.700
2026-08-14 05:10,4374.500,4376.900,4374.300,4374.800
2026-08-14 05:15,4374.900,4375.100,4372.400,4373.600
2026-08-14 05:20,4373.300,4374.100,4371.900,4373.300
2026-08-14 05:25,4373.000,4374.300,4372.000,4373.300
2026-08-14 05:30,4372.900,4373.000,4365.600,4371.500
2026-08-14 05:35,4371.800,4379.800,4371.500,4377.400
2026-08-14 05:40,4377.300,4379.300,4372.400,4372.700
2026-08-14 05:45,4372.500,4379.300,4372.500,4379.200
2026-08-14 05:50,4378.600,4385.400,4378.100,4385.000
2026-08-14 05:55,4385.700,4389.500,4384.800,4389.500
2026-08-14 06:00,4389.600,4392.000,4387.900,4391.400
2026-08-14 06:05,4391.500,4392.600,4385.600,4386.500
2026-08-14 06:10,4386.700,4390.000,4385.500,4388.300
2026-08-14 06:15,4388.200,4389.100,4387.200,4387.700
2026-08-14 06:20,4387.600,4388.200,4384.200,4387.000
2026-08-14 06:25,4387.600,4388.000,4385.000,4385.300
2026-08-14 06:30,4385.100,4386.300,4384.200,4384.200
2026-08-14 06:35,4385.100,4386.400,4383.900,4385.300
2026-08-14 06:40,4385.300,4388.800,4383.600,4388.600
2026-08-14 06:45,4389.000,4392.200,4388.400,4390.800
2026-08-14 06:50,4390.500,4391.200,4389.100,4390.200
2026-08-14 06:55,4389.600,4391.900,4389.600,4391.600
2026-08-14 07:00,4391.400,4393.300,4389.000,4391.200
2026-08-14 07:05,4391.200,4391.200,4389.400,4390.200
2026-08-14 07:10,4390.600,4390.900,4387.000,4387.100
2026-08-14 07:15,4387.100,4389.300,4387.000,4388.500
2026-08-14 07:20,4388.400,4392.400,4385.700,4392.000
2026-08-14 07:25,4392.200,4392.400,4387.500,4387.800
2026-08-14 07:30,4388.000,4390.000,4387.300,4389.400
2026-08-14 07:35,4389.700,4392.600,4389.700,4392.600
2026-08-14 07:40,4392.500,4396.300,4392.300,4396.000
2026-08-14 07:45,4396.300,4399.600,4395.500,4398.800
2026-08-14 07:50,4398.600,4399.800,4397.800,4399.600
2026-08-14 07:55,4399.900,4401.600,4397.900,4399.800
2026-08-14 08:00,4399.800,4404.500,4398.500,4399.300
2026-08-14 08:05,4399.000,4402.300,4398.100,4401.400
2026-08-14 08:10,4401.300,4404.000,4400.200,4403.900
2026-08-14 08:15,4404.000,4405.300,4402.000,4402.600
2026-08-14 08:20,4402.500,4402.900,4399.400,4400.100
2026-08-14 08:25,4400.300,4401.800,4399.700,4401.800
2026-08-14 08:30,4401.800,4402.800,4400.200,4400.500
2026-08-14 08:35,4400.600,4405.400,4400.400,4404.100
2026-08-14 08:40,4404.300,4405.400,4399.500,4399.800
2026-08-14 08:45,4399.800,4400.900,4398.800,4400.500
2026-08-14 08:50,4400.300,4403.600,4399.900,4402.800
2026-08-14 08:55,4402.700,4405.700,4402.700,4404.700
2026-08-14 09:00,4404.500,4405.200,4403.100,4403.900
2026-08-14 09:05,4403.400,4405.200,4402.000,4405.000
2026-08-14 09:10,4404.600,4406.900,4403.900,4406.700
2026-08-14 09:15,4406.800,4407.800,4405.100,4405.300
2026-08-14 09:20,4405.300,4408.600,4404.400,4408.100
2026-08-14 09:25,4408.100,4410.000,4406.000,4407.400
2026-08-14 09:30,4407.700,4410.500,4406.100,4408.800
2026-08-14 09:35,4409.300,4410.800,4408.500,4408.900
2026-08-14 09:40,4409.200,4409.900,4408.000,4409.900
2026-08-14 09:45,4410.000,4411.000,4408.700,4409.900
2026-08-14 09:50,4410.100,4411.900,4409.300,4410.900
2026-08-14 09:55,4411.300,4413.800,4410.000,4413.600
2026-08-14 10:00,4413.600,4413.800,4412.100,4413.200
2026-08-14 10:05,4412.900,4415.100,4412.000,4412.500
2026-08-14 10:10,4412.500,4413.100,4410.000,4410.600
2026-08-14 10:15,4410.600,4411.400,4408.000,4409.500
2026-08-14 10:20,4409.700,4410.300,4408.600,4410.000
2026-08-14 10:25,4409.900,4410.200,4406.000,4407.300
2026-08-14 10:30,4407.500,4407.700,4404.500,4406.000
2026-08-14 10:35,4405.800,4406.500,4405.000,4405.200
2026-08-14 10:40,4405.600,4408.000,4405.000,4408.000
2026-08-14 10:45,4407.900,4408.800,4407.500,4407.800
2026-08-14 10:50,4407.400,4409.700,4406.900,4407.400
2026-08-14 10:55,4407.400,4407.400,4403.700,4405.500
2026-08-14 11:00,4405.500,4407.300,4404.700,4405.500
2026-08-14 11:05,4405.600,4407.800,4405.200,4407.000
2026-08-14 11:10,4407.000,4408.000,4406.300,4406.900
2026-08-14 11:15,4407.100,4411.800,4407.100,4411.700
2026-08-14 11:20,4411.800,4412.900,4409.700,4410.400
2026-08-14 11:25,4410.400,4413.400,4409.500,4413.100
2026-08-14 11:30,4413.100,4418.300,4412.800,4417.900
2026-08-14 11:35,4418.000,4419.900,4416.500,4417.900
2026-08-14 11:40,4418.000,4420.000,4417.700,4418.700
2026-08-14 11:45,4418.900,4419.400,4417.200,4417.900
2026-08-14 11:50,4417.800,4424.900,4417.800,4423.400
2026-08-14 11:55,4423.500,4426.000,4422.100,4425.800
2026-08-14 12:00,4425.500,4431.800,4425.400,4430.200
2026-08-14 12:05,4430.100,4433.200,4428.100,4428.200
2026-08-14 12:10,4428.200,4428.500,4421.800,4428.000
2026-08-14 12:15,4428.200,4429.000,4425.800,4428.700
2026-08-14 12:20,4428.800,4437.100,4428.800,4435.700
2026-08-14 12:25,4435.800,4437.500,4433.900,4436.500
2026-08-14 12:30,4436.900,4444.000,4433.700,4438.200
2026-08-14 12:35,4438.200,4438.800,4432.800,4434.700
2026-08-14 12:40,4434.600,4434.600,4429.100,4429.500
2026-08-14 12:45,4430.000,4433.900,4427.800,4431.700
2026-08-14 12:50,4431.600,4434.900,4429.500,4432.500
2026-08-14 12:55,4432.300,4432.800,4429.500,4430.900
2026-08-14 13:00,4430.700,4436.100,4427.300,4435.400
2026-08-14 13:05,4435.300,4437.500,4433.100,4437.000
2026-08-14 13:10,4436.800,4438.300,4431.800,4432.400
2026-08-14 13:15,4432.400,4438.300,4432.300,4438.300
2026-08-14 13:20,4438.300,4442.700,4436.300,4442.500
2026-08-14 13:25,4442.900,4443.900,4440.900,4441.400
2026-08-14 13:30,4441.700,4449.000,4440.800,4448.500
2026-08-14 13:35,4448.700,4454.600,4448.500,4452.900
2026-08-14 13:40,4453.100,4453.900,4448.000,4450.800
2026-08-14 13:45,4451.400,4452.300,4443.600,4444.300
2026-08-14 13:50,4444.100,4445.800,4439.800,4441.500
2026-08-14 13:55,4441.500,4443.000,4439.900,4442.000
2026-08-14 14:00,4441.600,4450.300,4441.200,4448.600
2026-08-14 14:05,4448.500,4449.200,4446.200,4446.500
2026-08-14 14:10,4446.300,4450.500,4444.400,4447.800
2026-08-14 14:15,4448.000,4449.500,4442.700,4443.900
2026-08-14 14:20,4443.700,4449.600,4442.500,4449.400
2026-08-14 14:25,4449.400,4452.200,4447.800,4447.900
2026-08-14 14:30,4448.300,4448.700,4441.500,4442.000
2026-08-14 14:35,4441.800,4444.600,4441.200,4443.300
2026-08-14 14:40,4443.900,4443.900,4438.800,4441.600
2026-08-14 14:45,4441.500,4441.600,4436.200,4437.600
2026-08-14 14:50,4437.600,4440.300,4436.700,4438.800
2026-08-14 14:55,4438.900,4440.200,4437.000,4438.600
2026-08-14 15:00,4438.700,4448.200,4438.300,4444.400
2026-08-14 15:05,4444.500,4446.600,4442.900,4444.000
2026-08-14 15:10,4443.900,4451.700,4443.500,4449.900
2026-08-14 15:15,4450.000,4451.600,4443.400,4443.600
2026-08-14 15:20,4443.400,4444.700,4440.500,4440.700
2026-08-14 15:25,4440.600,4442.400,4436.400,4442.200
2026-08-14 15:30,4442.400,4446.700,4441.100,4444.900
2026-08-14 15:35,4444.900,4447.500,4444.200,4445.100
2026-08-14 15:40,4444.900,4447.300,4444.100,4446.700
2026-08-14 15:45,4447.000,4452.300,4446.900,4450.000
2026-08-14 15:50,4449.600,4450.700,4447.400,4447.800
2026-08-14 15:55,4448.100,4450.400,4447.800,4449.000
2026-08-14 16:00,4449.000,4454.300,4448.100,4448.100
2026-08-14 16:05,4448.000,4450.200,4446.300,4447.100
2026-08-14 16:10,4447.100,4447.600,4446.000,4446.800
2026-08-14 16:15,4446.900,4449.400,4446.900,4449.100
2026-08-14 16:20,4449.100,4450.200,4446.600,4447.100
2026-08-14 16:25,4446.800,4446.800,4443.900,4444.500
2026-08-14 16:30,4444.700,4444.700,4437.200,4440.600
2026-08-14 16:35,4440.400,4446.300,4440.100,4445.200
2026-08-14 16:40,4445.200,4445.400,4442.600,4442.800
2026-08-14 16:45,4443.000,4443.900,4442.400,4443.800
2026-08-14 16:50,4443.600,4444.600,4442.400,4443.300
2026-08-14 16:55,4443.300,4443.600,4442.000,4442.700
2026-08-14 17:00,4443.000,4443.400,4440.100,4440.600
2026-08-14 17:05,4440.700,4441.200,4438.400,4439.100
2026-08-14 17:10,4439.200,4439.700,4437.400,4439.400
2026-08-14 17:15,4439.500,4442.000,4438.800,4439.000
2026-08-14 17:20,4438.700,4440.000,4437.000,4439.000
2026-08-14 17:25,4439.100,4439.900,4436.600,4436.900
2026-08-14 17:30,4436.700,4440.400,4436.600,4440.300
2026-08-14 17:35,4440.100,4440.200,4436.600,4436.700
2026-08-14 17:40,4436.600,4438.000,4434.100,4435.000
2026-08-14 17:45,4434.800,4435.300,4433.600,4433.900
2026-08-14 17:50,4433.900,4436.300,4433.600,4435.300
2026-08-14 17:55,4435.000,4435.600,4434.300,4435.500
2026-08-14 18:00,4435.900,4438.600,4433.600,4438.500
2026-08-14 18:05,4438.400,4438.800,4436.200,4437.200
2026-08-14 18:10,4436.600,4437.800,4433.800,4434.200
2026-08-14 18:15,4434.600,4436.000,4434.000,4435.400
2026-08-14 18:20,4435.500,4437.300,4435.200,4436.600
2026-08-14 18:25,4437.000,4437.500,4434.800,4436.400
2026-08-14 18:30,4436.200,4436.600,4434.000,4435.100
2026-08-14 18:35,4435.200,4439.600,4435.100,4439.400
2026-08-14 18:40,4439.400,4439.600,4433.200,4433.200
2026-08-14 18:45,4433.500,4433.900,4427.500,4430.900
2026-08-14 18:50,4430.900,4432.300,4429.500,4430.100
2026-08-14 18:55,4430.200,4431.000,4429.500,4430.300
2026-08-14 19:00,4430.300,4430.400,4429.100,4429.400
2026-08-14 19:05,4429.500,4433.300,4428.600,4433.000
2026-08-14 19:10,4433.100,4433.600,4432.200,4432.400
2026-08-14 19:15,4432.200,4433.000,4430.400,4431.600
2026-08-14 19:20,4432.000,4433.600,4431.900,4432.700
2026-08-14 19:25,4432.700,4434.300,4432.700,4433.500
2026-08-14 19:30,4433.500,4434.100,4432.800,4433.500
2026-08-14 19:35,4433.400,4434.400,4432.300,4432.500
2026-08-14 19:40,4432.800,4433.700,4431.400,4431.700
2026-08-14 19:45,4431.700,4432.000,4431.100,4431.400
2026-08-14 19:50,4431.900,4435.600,4431.900,4433.600
2026-08-14 19:55,4433.800,4433.800,4428.800,4431.500
2026-08-14 20:00,4431.400,4431.500,4429.100,4429.800
2026-08-14 20:05,4429.700,4430.100,4427.400,4427.600
2026-08-14 20:10,4427.700,4428.600,4426.900,4428.300
2026-08-14 20:15,4428.300,4429.300,4428.300,4428.800
2026-08-14 20:20,4428.800,4429.700,4427.800,4429.700
2026-08-14 20:25,4429.400,4430.200,4429.100,4430.000
2026-08-14 20:30,4429.900,4430.300,4429.100,4429.600
2026-08-14 20:35,4429.300,4431.700,4428.900,4431.000
2026-08-14 20:40,4431.200,4432.400,4430.100,4430.900
2026-08-14 20:45,4430.900,4431.500,4430.700,4430.800
2026-08-14 20:50,4431.000,4431.500,4430.400,4431.500
2026-08-14 20:55,4431.200,4432.100,4430.600,4432.100
2026-08-14 21:00,4432.000,4437.300,4432.000,4437.300
2026-08-16 22:10,4433.700,4436.000,4431.300,4432.600
2026-08-16 22:15,4432.600,4433.000,4429.600,4430.800
2026-08-16 22:20,4430.800,4431.800,4429.600,4430.000
2026-08-16 22:25,4429.600,4431.400,4429.300,4430.600
2026-08-16 22:30,4430.800,4434.100,4430.800,4433.300
2026-08-16 22:35,4433.000,4434.600,4432.500,4434.200
2026-08-16 22:40,4434.600,4434.700,4432.500,4433.400
2026-08-16 22:45,4433.800,4437.000,4433.600,4436.700
2026-08-16 22:50,4436.400,4440.300,4436.200,4439.400
2026-08-16 22:55,4439.100,4442.500,4438.700,4441.600
2026-08-16 23:00,4441.800,4441.900,4436.300,4438.100
2026-08-16 23:05,4438.000,4438.800,4436.700,4438.800
2026-08-16 23:10,4438.800,4439.200,4435.400,4435.400
2026-08-16 23:15,4435.500,4436.700,4434.000,4435.300
2026-08-16 23:20,4435.200,4436.500,4431.000,4431.800
2026-08-16 23:25,4431.800,4432.100,4428.100,4430.100
2026-08-16 23:30,4430.200,4431.000,4425.400,4426.700
2026-08-16 23:35,4426.700,4427.300,4422.300,4425.800
2026-08-16 23:40,4425.200,4425.200,4422.500,4424.000
2026-08-16 23:45,4424.100,4429.200,4424.100,4426.900
2026-08-16 23:50,4427.200,4428.100,4426.100,4427.100
2026-08-16 23:55,4427.000,4427.300,4424.700,4425.500
2026-08-17 00:00,4426.000,4431.500,4423.500,4430.700
2026-08-17 00:05,4430.600,4431.700,4427.800,4427.800
2026-08-17 00:10,4428.100,4435.200,4428.100,4434.400
2026-08-17 00:15,4434.500,4443.000,4434.000,4439.900
2026-08-17 00:20,4440.400,4444.100,4439.500,4442.300
2026-08-17 00:25,4442.200,4446.900,4442.100,4445.700
2026-08-17 00:30,4445.800,4450.200,4445.300,4448.200
2026-08-17 00:35,4448.700,4449.100,4444.400,4445.200
2026-08-17 00:40,4444.900,4453.600,4443.500,4451.600
2026-08-17 00:45,4451.300,4452.100,4450.000,4450.700
2026-08-17 00:50,4451.000,4454.500,4450.200,4453.600
2026-08-17 00:55,4453.900,4459.400,4453.200,4457.300
2026-08-17 01:00,4457.100,4465.800,4456.100,4464.400
2026-08-17 01:05,4464.000,4468.100,4461.400,4463.200
2026-08-17 01:10,4463.300,4468.100,4460.800,4465.800
2026-08-17 01:15,4465.600,4466.900,4462.700,4464.700
2026-08-17 01:20,4464.800,4473.200,4464.300,4469.100
2026-08-17 01:25,4469.100,4471.500,4463.000,4463.800
2026-08-17 01:30,4463.800,4464.800,4457.800,4458.800
2026-08-17 01:35,4458.700,4459.900,4455.400,4457.300
2026-08-17 01:40,4457.300,4460.200,4454.100,4459.900
2026-08-17 01:45,4460.200,4460.600,4450.800,4451.800
2026-08-17 01:50,4451.600,4455.400,4448.600,4454.100
2026-08-17 01:55,4453.500,4453.500,4449.800,4452.000
2026-08-17 02:00,4451.900,4454.500,4451.300,4451.900
2026-08-17 02:05,4452.400,4453.900,4449.200,4452.000
2026-08-17 02:10,4452.000,4452.000,4449.500,4451.000
2026-08-17 02:15,4450.800,4452.300,4448.900,4450.500
2026-08-17 02:20,4449.700,4452.000,4446.500,4451.300
2026-08-17 02:25,4451.700,4454.100,4451.400,4451.400
2026-08-17 02:30,4452.300,4454.700,4448.900,4450.100
2026-08-17 02:35,4449.700,4451.800,4448.200,4449.000
2026-08-17 02:40,4448.200,4451.800,4446.400,4449.400
2026-08-17 02:45,4449.400,4450.100,4447.500,4448.500
2026-08-17 02:50,4448.100,4449.100,4446.800,4447.100
2026-08-17 02:55,4446.900,4450.100,4444.900,4449.800
2026-08-17 03:00,4450.200,4451.800,4449.200,4449.400
2026-08-17 03:05,4449.600,4450.700,4445.800,4446.500
2026-08-17 03:10,4446.700,4448.300,4445.400,4446.500
2026-08-17 03:15,4446.200,4447.400,4444.500,4447.000
2026-08-17 03:20,4447.500,4448.100,4446.200,4446.800
2026-08-17 03:25,4447.100,4449.900,4444.900,4449.300
2026-08-17 03:30,4449.400,4451.900,4447.200,4451.600
2026-08-17 03:35,4450.500,4451.700,4448.900,4450.300
2026-08-17 03:40,4450.400,4453.800,4450.400,4451.800
2026-08-17 03:45,4451.700,4452.500,4449.300,4452.200
2026-08-17 03:50,4451.800,4452.300,4451.000,4452.000
2026-08-17 03:55,4451.800,4453.800,4450.800,4453.700
2026-08-17 04:00,4453.500,4456.000,4453.100,4454.200
2026-08-17 04:05,4454.200,4455.200,4452.900,4454.800
2026-08-17 04:10,4453.900,4456.300,4453.900,4455.100
2026-08-17 04:15,4455.100,4455.400,4453.300,4453.800
2026-08-17 04:20,4453.300,4453.300,4449.500,4450.700
2026-08-17 04:25,4450.400,4450.400,4446.600,4447.900
2026-08-17 04:30,4447.500,4448.700,4445.500,4448.600
2026-08-17 04:35,4448.200,4450.000,4446.800,4449.100
2026-08-17 04:40,4449.300,4453.300,4448.500,4452.100
2026-08-17 04:45,4453.000,4454.600,4452.000,4452.400
2026-08-17 04:50,4452.400,4453.200,4451.500,4451.600
2026-08-17 04:55,4451.800,4452.100,4446.300,4447.100
2026-08-17 05:00,4447.300,4449.300,4446.700,4449.200
2026-08-17 05:05,4449.100,4449.800,4446.400,4448.700
2026-08-17 05:10,4448.500,4448.500,4443.400,4444.400
2026-08-17 05:15,4444.300,4449.900,4443.600,4449.800
2026-08-17 05:20,4449.800,4453.500,4447.400,4452.100
2026-08-17 05:25,4451.900,4456.000,4451.100,4456.000
2026-08-17 05:30,4456.300,4457.700,4452.200,4452.900
2026-08-17 05:35,4452.900,4453.100,4449.000,4452.400
2026-08-17 05:40,4451.600,4453.500,4450.700,4452.300
2026-08-17 05:45,4452.200,4454.000,4449.200,4453.600
2026-08-17 05:50,4454.000,4454.000,4449.200,4449.600
2026-08-17 05:55,4449.700,4452.600,4449.400,4451.300
2026-08-17 06:00,4451.600,4454.900,4451.300,4452.200
2026-08-17 06:05,4452.100,4454.600,4450.300,4452.100
2026-08-17 06:10,4452.300,4454.300,4449.300,4453.500
2026-08-17 06:15,4453.000,4453.100,4449.100,4450.000
2026-08-17 06:20,4449.900,4453.100,4449.700,4451.600
2026-08-17 06:25,4451.000,4456.300,4450.800,4455.000
2026-08-17 06:30,4454.500,4454.900,4451.100,4451.400
2026-08-17 06:35,4451.900,4451.900,4449.700,4451.000
2026-08-17 06:40,4451.100,4452.300,4449.700,4452.300
2026-08-17 06:45,4452.500,4457.000,4452.500,4456.500
2026-08-17 06:50,4456.600,4460.700,4456.600,4458.400
2026-08-17 06:55,4458.300,4459.300,4457.000,4459.300
2026-08-17 07:00,4459.000,4460.200,4457.600,4457.900
2026-08-17 07:05,4458.100,4458.800,4455.600,4456.500
2026-08-17 07:10,4456.500,4457.400,4452.200,4452.700
2026-08-17 07:15,4452.700,4455.600,4452.700,4453.500
2026-08-17 07:20,4453.900,4453.900,4452.400,4453.400
2026-08-17 07:25,4453.600,4461.600,4452.800,4461.200
2026-08-17 07:30,4461.300,4464.800,4460.900,4463.300
2026-08-17 07:35,4463.600,4467.900,4463.100,4464.100
2026-08-17 07:40,4464.300,4467.300,4463.600,4465.500
2026-08-17 07:45,4465.900,4466.300,4463.500,4463.900
2026-08-17 07:50,4463.800,4464.600,4460.000,4461.000
2026-08-17 07:55,4461.000,4462.500,4460.600,4461.500
2026-08-17 08:00,4461.800,4461.800,4455.800,4456.500
2026-08-17 08:05,4456.500,4456.900,4454.100,4456.100
2026-08-17 08:10,4456.100,4459.300,4454.900,4459.300
2026-08-17 08:15,4459.300,4460.200,4457.000,4457.600
2026-08-17 08:20,4457.400,4459.400,4456.800,4458.800
2026-08-17 08:25,4458.500,4459.400,4457.100,4458.000
2026-08-17 08:30,4458.000,4458.000,4455.800,4456.200
2026-08-17 08:35,4456.400,4458.400,4455.400,4456.900
2026-08-17 08:40,4457.600,4457.800,4452.000,4452.500
2026-08-17 08:45,4452.400,4453.000,4451.200,4451.900
2026-08-17 08:50,4452.200,4452.200,4449.200,4449.600
2026-08-17 08:55,4449.800,4452.300,4448.800,4451.100
2026-08-17 09:00,4451.300,4452.500,4449.500,4452.500
2026-08-17 09:05,4452.700,4455.900,4451.400,4455.900
2026-08-17 09:10,4456.000,4457.000,4455.100,4455.300
2026-08-17 09:15,4455.400,4456.400,4453.400,4454.700
2026-08-17 09:20,4454.500,4454.900,4452.400,4452.600
2026-08-17 09:25,4453.000,4454.200,4451.600,4453.100
2026-08-17 09:30,4453.200,4453.500,4450.400,4453.100
2026-08-17 09:35,4452.800,4453.700,4450.500,4450.800
2026-08-17 09:40,4451.200,4453.000,4450.000,4451.000
2026-08-17 09:45,4450.800,4452.100,4449.200,4452.000
2026-08-17 09:50,4452.200,4452.800,4449.900,4450.000
2026-08-17 09:55,4450.100,4452.400,4450.000,4452.400
2026-08-17 10:00,4452.400,4452.800,4450.000,4450.700
2026-08-17 10:05,4450.800,4452.900,4450.800,4450.800
2026-08-17 10:10,4450.700,4453.200,4450.400,4452.700
2026-08-17 10:15,4452.500,4456.800,4451.600,4452.500
2026-08-17 10:20,4452.900,4453.900,4451.800,4453.100
2026-08-17 10:25,4453.200,4462.300,4445.700,4461.600
2026-08-17 10:30,4461.600,4462.600,4453.400,4453.700
2026-08-17 10:35,4454.100,4455.000,4452.200,4452.900
2026-08-17 10:40,4452.900,4455.700,4452.100,4455.000
2026-08-17 10:45,4455.100,4456.000,4452.900,4453.800
2026-08-17 10:50,4453.500,4455.300,4453.400,4454.300
2026-08-17 10:55,4454.600,4456.400,4453.800,4455.800
2026-08-17 11:00,4455.900,4459.000,4454.900,4457.000
2026-08-17 11:05,4457.100,4460.400,4456.900,4458.800
2026-08-17 11:10,4458.500,4459.600,4456.200,4456.500
2026-08-17 11:15,4456.400,4456.700,4453.700,4455.100
2026-08-17 11:20,4455.100,4460.700,4455.100,4460.500
2026-08-17 11:25,4460.400,4461.500,4459.400,4460.300
2026-08-17 11:30,4460.400,4461.800,4458.900,4460.900
2026-08-17 11:35,4460.600,4461.600,4459.500,4459.700
2026-08-17 11:40,4459.500,4459.600,4455.900,4456.400
2026-08-17 11:45,4456.600,4457.600,4452.900,4453.600
2026-08-17 11:50,4453.500,4455.500,4451.800,4453.700
2026-08-17 11:55,4453.000,4454.100,4452.400,4453.400
2026-08-17 12:00,4453.100,4454.000,4450.000,4451.100
2026-08-17 12:05,4451.000,4451.700,4448.300,4449.200
2026-08-17 12:10,4448.600,4451.700,4447.800,4450.600
2026-08-17 12:15,4450.400,4452.100,4449.400,4451.100
2026-08-17 12:20,4450.900,4455.400,4448.300,4449.100
2026-08-17 12:25,4449.000,4450.000,4437.500,4441.700
2026-08-17 12:30,4442.300,4446.800,4440.200,4445.500
2026-08-17 12:35,4445.100,4445.700,4437.600,4437.600
2026-08-17 12:40,4437.600,4439.700,4434.700,4434.700
2026-08-17 12:45,4434.500,4436.800,4433.400,4434.500
2026-08-17 12:50,4434.300,4441.200,4434.300,4440.800
2026-08-17 12:55,4441.000,4443.100,4440.000,4441.400
2026-08-17 13:00,4441.700,4445.000,4438.100,4440.800
2026-08-17 13:05,4441.100,4442.900,4438.600,4442.100
2026-08-17 13:10,4441.800,4446.200,4441.800,4442.600
2026-08-17 13:15,4443.000,4443.300,4438.600,4441.600
2026-08-17 13:20,4441.900,4445.100,4440.900,4443.000
2026-08-17 13:25,4443.300,4445.000,4442.400,4442.600
2026-08-17 13:30,4442.800,4446.600,4442.100,4445.300
2026-08-17 13:35,4444.800,4448.300,4442.300,4444.900
2026-08-17 13:40,4445.000,4445.800,4441.000,4441.900
2026-08-17 13:45,4442.100,4451.900,4440.900,4451.600
2026-08-17 13:50,4451.400,4463.900,4450.600,4457.900
2026-08-17 13:55,4457.900,4473.000,4457.900,4465.300
2026-08-17 14:00,4465.300,4467.100,4460.900,4464.900
2026-08-17 14:05,4464.800,4465.500,4461.500,4461.800
2026-08-17 14:10,4461.700,4469.500,4460.400,4469.200
2026-08-17 14:15,4469.200,4478.000,4468.400,4475.600
2026-08-17 14:20,4475.700,4484.900,4474.400,4481.600
2026-08-17 14:25,4481.500,4483.600,4472.800,4475.400
2026-08-17 14:30,4475.600,4481.800,4475.400,4479.300
2026-08-17 14:35,4479.800,4480.900,4473.800,4474.900
2026-08-17 14:40,4474.800,4479.100,4474.800,4474.800
2026-08-17 14:45,4475.000,4477.100,4471.400,4474.400
2026-08-17 14:50,4474.600,4478.400,4472.900,4473.400
2026-08-17 14:55,4473.700,4475.500,4471.600,4474.500
2026-08-17 15:00,4474.600,4476.700,4471.800,4475.900
2026-08-17 15:05,4475.700,4477.300,4473.400,4474.100
2026-08-17 15:10,4474.000,4479.800,4473.200,4478.500
2026-08-17 15:15,4478.500,4480.800,4476.700,4479.300
2026-08-17 15:20,4479.200,4481.000,4478.700,4480.500
2026-08-17 15:25,4480.600,4483.400,4478.000,4482.700
2026-08-17 15:30,4482.800,4483.700,4478.500,4479.900
2026-08-17 15:35,4479.800,4481.000,4477.100,4479.100
2026-08-17 15:40,4479.000,4480.600,4475.800,4476.100
2026-08-17 15:45,4476.300,4481.500,4474.800,4480.900
2026-08-17 15:50,4481.100,4484.200,4480.300,4483.800
2026-08-17 15:55,4483.800,4485.300,4483.100,4484.800
2026-08-17 16:00,4485.000,4485.500,4481.400,4482.800
2026-08-17 16:05,4482.800,4486.000,4481.600,4484.900
2026-08-17 16:10,4485.100,4486.500,4483.000,4483.400
2026-08-17 16:15,4483.700,4484.900,4482.500,4483.200
2026-08-17 16:20,4482.700,4484.900,4482.000,4482.400
2026-08-17 16:25,4482.500,4482.700,4480.300,4482.300
2026-08-17 16:30,4482.400,4482.800,4479.700,4481.300
2026-08-17 16:35,4481.400,4484.500,4480.800,4483.900
2026-08-17 16:40,4484.000,4484.200,4481.700,4482.000
2026-08-17 16:45,4482.100,4482.300,4480.000,4481.800
2026-08-17 16:50,4481.700,4483.000,4480.100,4480.500
2026-08-17 16:55,4480.800,4483.000,4480.800,4481.500
2026-08-17 17:00,4481.700,4483.700,4481.200,4481.800
2026-08-17 17:05,4482.100,4482.200,4478.300,4479.700
2026-08-17 17:10,4479.400,4480.700,4478.900,4480.300
2026-08-17 17:15,4480.300,4480.500,4476.100,4476.700
2026-08-17 17:20,4476.800,4477.700,4473.100,4474.200
2026-08-17 17:25,4474.200,4474.900,4470.800,4474.000
2026-08-17 17:30,4474.000,4476.300,4471.100,4474.700
2026-08-17 17:35,4474.600,4474.800,4469.100,4469.300
2026-08-17 17:40,4469.400,4475.000,4468.200,4474.700
2026-08-17 17:45,4474.700,4477.900,4474.500,4476.500
2026-08-17 17:50,4476.500,4478.200,4474.700,4474.800
2026-08-17 17:55,4475.000,4475.600,4470.800,4471.000
2026-08-17 18:00,4471.300,4471.900,4467.800,4468.500
2026-08-17 18:05,4468.600,4470.500,4467.400,4469.000
2026-08-17 18:10,4468.800,4471.300,4467.600,4471.200
2026-08-17 18:15,4471.300,4474.000,4471.000,4472.700
2026-08-17 18:20,4472.300,4473.100,4466.000,4466.800
2026-08-17 18:25,4466.600,4467.200,4461.500,4463.200
2026-08-17 18:30,4463.300,4463.700,4454.500,4456.600
2026-08-17 18:35,4456.600,4459.100,4455.900,4458.400
2026-08-17 18:40,4458.700,4461.200,4458.000,4458.000
2026-08-17 18:45,4458.000,4462.700,4456.800,4462.600
2026-08-17 18:50,4462.500,4463.800,4461.700,4463.200
2026-08-17 18:55,4462.800,4463.300,4462.100,4463.100
2026-08-17 19:00,4462.900,4463.500,4458.400,4459.300
2026-08-17 19:05,4459.000,4460.100,4456.600,4460.100
2026-08-17 19:10,4460.200,4464.800,4460.200,4464.500
2026-08-17 19:15,4464.800,4472.400,4464.800,4471.200
2026-08-17 19:20,4471.000,4472.900,4470.900,4472.300
2026-08-17 19:25,4472.000,4473.600,4470.600,4470.600
2026-08-17 19:30,4470.900,4472.800,4470.400,4472.800
2026-08-17 19:35,4472.600,4473.600,4471.300,4472.500
2026-08-17 19:40,4472.800,4476.800,4471.800,4475.500
2026-08-17 19:45,4475.500,4477.000,4474.400,4476.100
2026-08-17 19:50,4476.200,4476.300,4472.100,4473.900
2026-08-17 19:55,4473.800,4476.700,4473.400,4475.700
2026-08-17 20:00,4475.900,4477.500,4474.500,4475.300
2026-08-17 20:05,4474.900,4474.900,4472.500,4473.400
2026-08-17 20:10,4473.500,4474.400,4473.000,4474.100
2026-08-17 20:15,4474.100,4474.400,4473.600,4474.300
2026-08-17 20:20,4474.500,4474.500,4473.400,4473.500
2026-08-17 20:25,4473.500,4473.600,4471.400,4471.400
2026-08-17 20:30,4471.600,4472.000,4471.300,4471.700
2026-08-17 20:35,4471.800,4471.900,4471.100,4471.500
2026-08-17 20:40,4471.700,4472.500,4471.400,4472.200
2026-08-17 20:45,4471.700,4473.200,4471.500,4472.000
2026-08-17 20:50,4472.200,4472.600,4471.500,4472.200
2026-08-17 20:55,4472.300,4474.000,4472.000,4473.100
2026-08-17 22:00,4473.400,4475.900,4472.100,4472.700
2026-08-17 22:05,4472.900,4473.000,4471.500,4472.000
2026-08-17 22:10,4472.100,4473.500,4471.600,4472.900
2026-08-17 22:15,4472.900,4473.500,4471.900,4471.900
2026-08-17 22:20,4472.300,4472.700,4471.400,4471.800
2026-08-17 22:25,4471.900,4471.900,4468.300,4468.900
2026-08-17 22:30,4468.400,4469.700,4467.600,4468.400
2026-08-17 22:35,4468.900,4470.800,4468.400,4469.300
2026-08-17 22:40,4469.500,4471.900,4469.000,4470.900
2026-08-17 22:45,4470.700,4472.400,4470.300,4471.300
2026-08-17 22:50,4471.400,4471.700,4468.200,4468.200
2026-08-17 22:55,4468.300,4469.500,4466.500,4467.900
2026-08-17 23:00,4468.000,4470.100,4466.000,4469.600
2026-08-17 23:05,4469.900,4470.600,4469.200,4470.000
2026-08-17 23:10,4470.200,4471.000,4469.400,4470.700
2026-08-17 23:15,4471.100,4474.700,4471.000,4473.900
2026-08-17 23:20,4473.800,4474.300,4472.500,4473.500
2026-08-17 23:25,4473.900,4478.100,4473.800,4476.600
2026-08-17 23:30,4476.300,4478.600,4476.300,4478.100
2026-08-17 23:35,4478.400,4478.800,4476.800,4477.100
2026-08-17 23:40,4477.500,4479.200,4476.300,4479.100
2026-08-17 23:45,4478.900,4480.400,4477.900,4479.700
2026-08-17 23:50,4480.000,4480.700,4478.900,4480.100
2026-08-17 23:55,4480.200,4482.100,4479.700,4482.000
2026-08-18 00:00,4482.300,4486.500,4475.400,4481.800
2026-08-18 00:05,4481.700,4482.400,4476.300,4476.300
2026-08-18 00:10,4476.400,4478.500,4475.000,4478.400
2026-08-18 00:15,4477.700,4484.400,4477.200,4482.900
2026-08-18 00:20,4483.600,4488.200,4479.000,4484.200
2026-08-18 00:25,4484.600,4488.100,4481.600,4487.700
2026-08-18 00:30,4487.800,4488.500,4484.500,4487.900
2026-08-18 00:35,4487.600,4490.300,4486.900,4489.300
2026-08-18 00:40,4489.600,4489.600,4485.000,4486.100
2026-08-18 00:45,4486.200,4486.800,4484.900,4486.300
2026-08-18 00:50,4486.000,4487.000,4485.000,4486.000
2026-08-18 00:55,4486.000,4491.700,4485.400,4491.200
2026-08-18 01:00,4491.600,4493.000,4485.800,4488.500
2026-08-18 01:05,4487.700,4493.100,4485.500,4487.000
2026-08-18 01:10,4487.300,4488.500,4485.000,4485.500
2026-08-18 01:15,4485.900,4487.400,4479.100,4481.800
2026-08-18 01:20,4482.000,4483.100,4478.500,4480.300
2026-08-18 01:25,4480.200,4482.500,4476.600,4481.500
2026-08-18 01:30,4481.500,4482.600,4477.800,4479.000
2026-08-18 01:35,4478.700,4480.200,4476.600,4476.600
2026-08-18 01:40,4477.000,4478.300,4468.300,4468.400
2026-08-18 01:45,4468.400,4468.900,4461.100,4464.500
2026-08-18 01:50,4464.500,4465.300,4460.900,4464.600
2026-08-18 01:55,4464.500,4466.200,4464.300,4464.600
2026-08-18 02:00,4464.600,4464.900,4457.500,4458.600
2026-08-18 02:05,4458.900,4460.500,4456.200,4456.500
2026-08-18 02:10,4456.700,4459.300,4454.800,4457.400
2026-08-18 02:15,4457.300,4461.900,4456.800,4460.400
2026-08-18 02:20,4460.100,4460.900,4458.300,4460.700
2026-08-18 02:25,4460.800,4461.500,4458.600,4458.700
2026-08-18 02:30,4458.800,4458.900,4452.200,4452.600
2026-08-18 02:35,4452.600,4456.300,4451.700,4452.900
2026-08-18 02:40,4453.000,4453.200,4450.300,4451.400
2026-08-18 02:45,4451.200,4454.300,4450.000,4453.500
2026-08-18 02:50,4453.300,4454.800,4452.000,4454.200
2026-08-18 02:55,4454.200,4456.900,4453.400,4456.100
2026-08-18 03:00,4456.100,4460.500,4456.100,4459.500
2026-08-18 03:05,4459.500,4459.900,4455.700,4457.700
2026-08-18 03:10,4458.100,4458.800,4455.400,4457.900
2026-08-18 03:15,4458.100,4458.700,4451.900,4452.700
2026-08-18 03:20,4453.000,4453.600,4450.000,4451.400
2026-08-18 03:25,4451.200,4453.900,4451.000,4453.300
2026-08-18 03:30,4452.800,4453.300,4451.800,4452.500
2026-08-18 03:35,4452.500,4453.100,4450.900,4451.300
2026-08-18 03:40,4450.900,4451.900,4450.400,4450.600
2026-08-18 03:45,4451.100,4451.100,4449.300,4449.700
2026-08-18 03:50,4449.500,4449.600,4447.200,4448.000
2026-08-18 03:55,4448.000,4448.400,4446.300,4448.100
2026-08-18 04:00,4447.400,4448.200,4445.900,4446.200
2026-08-18 04:05,4446.400,4447.900,4445.400,4446.800
2026-08-18 04:10,4446.900,4448.600,4446.600,4447.900
2026-08-18 04:15,4447.900,4449.200,4446.500,4446.800
2026-08-18 04:20,4447.100,4448.200,4446.400,4448.200
2026-08-18 04:25,4448.200,4448.600,4447.200,4448.100
2026-08-18 04:30,4448.200,4450.300,4447.000,4448.000
2026-08-18 04:35,4447.600,4448.700,4444.000,4446.700
2026-08-18 04:40,4446.900,4449.800,4445.800,4448.700
2026-08-18 04:45,4448.800,4450.400,4447.700,4450.100
2026-08-18 04:50,4449.900,4450.800,4448.800,4450.800
2026-08-18 04:55,4450.800,4450.900,4448.400,4448.900
2026-08-18 05:00,4448.700,4449.000,4446.500,4446.900
2026-08-18 05:05,4447.000,4449.800,4447.000,4449.000
2026-08-18 05:10,4449.300,4449.300,4446.400,4446.600
2026-08-18 05:15,4446.800,4450.100,4446.500,4450.000
2026-08-18 05:20,4450.100,4451.600,4449.800,4451.100
2026-08-18 05:25,4450.900,4451.600,4446.600,4446.600
2026-08-18 05:30,4446.400,4447.000,4441.400,4443.100
2026-08-18 05:35,4442.600,4446.800,4442.300,4445.800
2026-08-18 05:40,4446.100,4450.200,4444.300,4449.300
2026-08-18 05:45,4449.500,4451.400,4448.800,4451.200
2026-08-18 05:50,4451.500,4453.200,4449.500,4451.400
2026-08-18 05:55,4451.500,4452.500,4449.400,4450.200
2026-08-18 06:00,4449.400,4449.800,4444.300,4446.100
2026-08-18 06:05,4445.900,4449.400,4443.200,4448.600
2026-08-18 06:10,4448.500,4451.100,4447.800,4450.900
2026-08-18 06:15,4450.800,4451.900,4449.400,4450.800
2026-08-18 06:20,4450.800,4453.400,4449.800,4453.100
2026-08-18 06:25,4453.300,4455.100,4452.200,4454.900
2026-08-18 06:30,4454.700,4455.600,4450.800,4450.800
2026-08-18 06:35,4450.700,4453.000,4450.500,4452.400
2026-08-18 06:40,4452.400,4454.200,4452.100,4452.500
2026-08-18 06:45,4452.600,4454.700,4452.600,4453.100
2026-08-18 06:50,4453.300,4454.400,4453.000,4453.600
2026-08-18 06:55,4453.800,4454.500,4452.800,4454.100
2026-08-18 07:00,4454.300,4456.100,4452.400,4455.000
2026-08-18 07:05,4455.500,4456.400,4452.700,4453.200
2026-08-18 07:10,4453.100,4454.900,4452.500,4453.200
2026-08-18 07:15,4453.200,4456.400,4453.200,4455.100
2026-08-18 07:20,4455.500,4457.400,4455.300,4457.000
2026-08-18 07:25,4456.900,4459.400,4456.600,4459.000
2026-08-18 07:30,4459.100,4459.500,4452.300,4453.000
2026-08-18 07:35,4453.000,4458.500,4452.400,4458.000
2026-08-18 07:40,4457.800,4459.200,4456.100,4457.400
2026-08-18 07:45,4457.600,4458.500,4455.400,4456.000
2026-08-18 07:50,4455.400,4456.400,4453.900,4454.200
2026-08-18 07:55,4454.100,4454.400,4451.200,4451.200
2026-08-18 08:00,4451.600,4451.900,4450.000,4450.000
2026-08-18 08:05,4450.200,4450.200,4445.400,4446.300
2026-08-18 08:10,4446.200,4450.400,4443.500,4448.200
2026-08-18 08:15,4448.400,4449.200,4447.400,4447.600
2026-08-18 08:20,4447.500,4448.100,4442.400,4444.000
2026-08-18 08:25,4444.000,4445.000,4442.900,4444.900
2026-08-18 08:30,4444.900,4449.600,4444.900,4448.800
2026-08-18 08:35,4449.200,4454.200,4449.200,4453.600
2026-08-18 08:40,4453.600,4454.200,4452.200,4452.500
2026-08-18 08:45,4452.200,4452.300,4447.200,4448.900
2026-08-18 08:50,4448.600,4449.300,4447.100,4449.300
2026-08-18 08:55,4449.400,4450.200,4448.100,4448.900
2026-08-18 09:00,4448.800,4449.400,4447.600,4448.000
2026-08-18 09:05,4448.000,4448.700,4446.600,4447.500
2026-08-18 09:10,4447.500,4449.000,4447.100,4448.400
2026-08-18 09:15,4448.100,4448.100,4446.600,4446.900
2026-08-18 09:20,4446.600,4447.100,4444.600,4445.800
2026-08-18 09:25,4445.500,4447.100,4444.200,4444.900
2026-08-18 09:30,4444.800,4449.600,4444.700,4449.600
2026-08-18 09:35,4449.800,4451.100,4446.600,4447.500
2026-08-18 09:40,4447.500,4447.900,4443.200,4444.500
2026-08-18 09:45,4444.500,4448.600,4443.000,4448.600
2026-08-18 09:50,4448.400,4450.600,4448.400,4450.000
2026-08-18 09:55,4450.200,4451.300,4449.100,4449.700
2026-08-18 10:00,4449.700,4452.000,4448.600,4450.100
2026-08-18 10:05,4450.400,4450.900,4448.800,4449.500
2026-08-18 10:10,4449.600,4451.000,4449.000,4450.700
2026-08-18 10:15,4450.900,4452.500,4450.200,4451.800
2026-08-18 10:20,4451.300,4451.500,4447.700,4447.700
2026-08-18 10:25,4448.300,4448.500,4446.100,4448.300
2026-08-18 10:30,4448.700,4450.600,4448.100,4450.200
2026-08-18 10:35,4450.100,4454.100,4450.100,4453.900
2026-08-18 10:40,4454.100,4455.200,4453.500,4455.000
2026-08-18 10:45,4455.300,4456.200,4454.700,4455.300
2026-08-18 10:50,4455.600,4456.000,4452.900,4453.400
2026-08-18 10:55,4453.700,4454.400,4453.300,4454.400
2026-08-18 11:00,4454.200,4455.800,4450.000,4450.500
2026-08-18 11:05,4450.500,4451.100,4448.900,4450.000
2026-08-18 11:10,4450.100,4450.500,4448.300,4450.200
2026-08-18 11:15,4449.700,4451.100,4448.500,4449.400
2026-08-18 11:20,4449.400,4450.100,4446.400,4446.600
2026-08-18 11:25,4446.500,4448.100,4445.800,4446.300
2026-08-18 11:30,4446.300,4448.100,4445.600,4445.600
2026-08-18 11:35,4445.800,4447.600,4444.800,4446.800
2026-08-18 11:40,4446.500,4448.800,4446.000,4447.200
2026-08-18 11:45,4447.000,4450.200,4447.000,4448.500
2026-08-18 11:50,4448.700,4449.200,4446.400,4447.100
2026-08-18 11:55,4447.200,4453.300,4446.900,4452.300
2026-08-18 12:00,4452.600,4453.300,4448.000,4453.100
2026-08-18 12:05,4453.000,4453.400,4446.600,4448.000
2026-08-18 12:10,4447.700,4449.800,4445.800,4449.700
2026-08-18 12:15,4449.200,4450.200,4447.800,4448.700
2026-08-18 12:20,4449.200,4457.300,4448.900,4451.900
2026-08-18 12:25,4452.100,4452.500,4448.200,4451.900
2026-08-18 12:30,4452.000,4454.800,4449.000,4453.500
2026-08-18 12:35,4453.100,4454.400,4449.200,4450.600
2026-08-18 12:40,4450.400,4450.800,4447.400,4448.800
2026-08-18 12:45,4448.700,4453.100,4448.700,4452.500
2026-08-18 12:50,4453.200,4453.600,4448.800,4449.700
2026-08-18 12:55,4449.700,4452.200,4447.100,4450.700
2026-08-18 13:00,4450.500,4453.700,4446.500,4452.000
2026-08-18 13:05,4451.900,4452.900,4445.000,4445.500
2026-08-18 13:10,4445.000,4452.200,4444.400,4452.000
2026-08-18 13:15,4451.800,4452.400,4444.500,4447.100
2026-08-18 13:20,4447.500,4449.700,4444.200,4445.700
2026-08-18 13:25,4445.900,4448.700,4444.200,4445.400
2026-08-18 13:30,4445.500,4454.600,4430.900,4452.500
2026-08-18 13:35,4452.500,4459.400,4451.100,4458.700
2026-08-18 13:40,4458.800,4463.000,4455.600,4457.000
2026-08-18 13:45,4457.200,4458.300,4447.300,4451.700
2026-08-18 13:50,4451.000,4454.200,4445.500,4446.800
2026-08-18 13:55,4447.000,4451.000,4445.800,4451.000
2026-08-18 14:00,4450.500,4462.800,4449.600,4460.400
2026-08-18 14:05,4460.300,4461.000,4454.200,4454.600
2026-08-18 14:10,4454.700,4455.400,4447.400,4449.600
2026-08-18 14:15,4449.500,4461.400,4449.400,4458.100
2026-08-18 14:20,4457.900,4459.300,4452.100,4454.100
2026-08-18 14:25,4454.300,4455.500,4448.700,4450.600
2026-08-18 14:30,4450.700,4452.500,4441.200,4446.000
2026-08-18 14:35,4445.900,4446.200,4438.500,4438.700
2026-08-18 14:40,4439.100,4441.300,4434.000,4436.000
2026-08-18 14:45,4435.700,4444.700,4434.400,4443.200
2026-08-18 14:50,4443.400,4445.400,4427.800,4435.400
2026-08-18 14:55,4435.000,4439.000,4419.100,4422.300
2026-08-18 15:00,4422.600,4432.700,4421.600,4431.500
2026-08-18 15:05,4431.900,4434.100,4421.000,4421.600
2026-08-18 15:10,4421.900,4424.000,4412.000,4415.600
2026-08-18 15:15,4415.400,4420.700,4410.400,4410.600
2026-08-18 15:20,4410.600,4412.400,4406.800,4409.500
2026-08-18 15:25,4409.600,4416.300,4408.100,4410.600
2026-08-18 15:30,4410.200,4417.800,4409.800,4415.200
2026-08-18 15:35,4415.400,4418.000,4412.100,4417.000
2026-08-18 15:40,4416.700,4417.400,4411.900,4414.500
2026-08-18 15:45,4413.800,4420.200,4413.800,4419.300
2026-08-18 15:50,4419.400,4421.900,4416.500,4419.900
2026-08-18 15:55,4420.000,4421.000,4418.400,4420.200
2026-08-18 16:00,4420.300,4424.600,4420.300,4423.300
2026-08-18 16:05,4423.300,4426.900,4422.000,4426.600
2026-08-18 16:10,4426.800,4427.000,4423.000,4423.100
2026-08-18 16:15,4423.200,4423.700,4420.000,4422.500
2026-08-18 16:20,4422.800,4425.100,4421.900,4423.600
2026-08-18 16:25,4423.600,4424.400,4418.700,4419.400
2026-08-18 16:30,4419.700,4422.100,4418.600,4421.000
2026-08-18 16:35,4421.300,4422.600,4418.300,4420.400
2026-08-18 16:40,4420.400,4423.800,4420.400,4422.700
2026-08-18 16:45,4422.700,4422.900,4418.300,4418.800
2026-08-18 16:50,4418.900,4424.100,4417.800,4423.800
2026-08-18 16:55,4423.500,4423.500,4418.500,4419.000
2026-08-18 17:00,4419.100,4420.900,4418.400,4419.900
2026-08-18 17:05,4419.700,4421.500,4419.600,4420.900
2026-08-18 17:10,4421.200,4422.600,4420.000,4422.400
2026-08-18 17:15,4422.600,4423.700,4418.700,4419.700
2026-08-18 17:20,4420.000,4423.000,4420.000,4422.900
2026-08-18 17:25,4423.100,4423.800,4419.200,4420.800
2026-08-18 17:30,4421.000,4421.800,4416.800,4420.100
2026-08-18 17:35,4420.000,4420.700,4416.500,4418.300
2026-08-18 17:40,4418.400,4420.700,4414.400,4414.400
2026-08-18 17:45,4414.300,4416.100,4412.700,4413.800
2026-08-18 17:50,4413.500,4415.500,4413.500,4414.300
2026-08-18 17:55,4414.500,4414.800,4412.400,4413.200
2026-08-18 18:00,4413.600,4413.600,4408.100,4408.900
2026-08-18 18:05,4409.100,4411.100,4408.300,4411.000
2026-08-18 18:10,4411.300,4413.500,4408.000,4412.900
2026-08-18 18:15,4413.300,4414.400,4411.800,4414.200
2026-08-18 18:20,4414.200,4414.900,4410.800,4412.100
2026-08-18 18:25,4412.000,4416.500,4411.500,4415.400
2026-08-18 18:30,4415.600,4415.800,4413.000,4414.400
2026-08-18 18:35,4415.000,4415.600,4413.500,4415.000
2026-08-18 18:40,4414.800,4414.800,4408.800,4409.400
2026-08-18 18:45,4409.500,4410.700,4407.900,4409.000
2026-08-18 18:50,4409.300,4410.300,4409.300,4409.700
2026-08-18 18:55,4409.600,4411.200,4409.000,4409.400
2026-08-18 19:00,4409.500,4413.100,4409.200,4410.400
2026-08-18 19:05,4410.500,4412.000,4410.000,4410.300
2026-08-18 19:10,4410.200,4413.500,4409.700,4412.400
2026-08-18 19:15,4412.300,4413.700,4409.100,4409.800
2026-08-18 19:20,4409.500,4411.300,4407.700,4408.300
2026-08-18 19:25,4408.100,4410.800,4407.500,4409.500
2026-08-18 19:30,4409.800,4411.500,4408.200,4408.600
2026-08-18 19:35,4408.800,4410.100,4408.000,4409.400
2026-08-18 19:40,4409.500,4412.400,4404.200,4404.400
2026-08-18 19:45,4404.300,4408.200,4398.600,4400.800
2026-08-18 19:50,4400.800,4401.800,4396.500,4400.300
2026-08-18 19:55,4400.400,4401.100,4392.300,4400.000
2026-08-18 20:00,4400.100,4401.200,4397.200,4398.300
2026-08-18 20:05,4398.300,4398.900,4397.100,4397.400
2026-08-18 20:10,4397.800,4398.300,4395.400,4396.500
2026-08-18 20:15,4397.100,4397.100,4394.500,4396.600
2026-08-18 20:20,4396.500,4396.500,4388.000,4393.000
2026-08-18 20:25,4393.100,4393.500,4391.600,4392.800
2026-08-18 20:30,4392.800,4394.600,4391.700,4394.400
2026-08-18 20:35,4394.300,4394.400,4392.300,4393.300
2026-08-18 20:40,4392.900,4393.500,4386.600,4387.600
2026-08-18 20:45,4387.000,4388.600,4383.300,4387.600
2026-08-18 20:50,4388.200,4389.400,4385.100,4389.400
2026-08-18 20:55,4389.600,4390.300,4387.700,4389.500
2026-08-18 22:00,4391.400,4394.600,4390.400,4394.100
2026-08-18 22:05,4394.100,4395.300,4393.100,4394.600
2026-08-18 22:10,4394.500,4395.300,4393.100,4393.800
2026-08-18 22:15,4393.200,4394.300,4391.400,4391.400
2026-08-18 22:20,4391.400,4391.900,4386.500,4388.200
2026-08-18 22:25,4388.100,4391.600,4387.600,4389.400
2026-08-18 22:30,4389.300,4389.800,4388.400,4388.900
2026-08-18 22:35,4389.100,4389.800,4386.200,4386.700
2026-08-18 22:40,4387.000,4387.800,4385.800,4386.600
2026-08-18 22:45,4386.600,4387.800,4386.200,4387.800
2026-08-18 22:50,4387.700,4388.700,4386.800,4387.700
2026-08-18 22:55,4387.700,4388.500,4386.300,4386.800
2026-08-18 23:00,4387.200,4389.500,4385.900,4389.000
2026-08-18 23:05,4389.100,4391.500,4387.500,4388.000
2026-08-18 23:10,4387.900,4388.200,4385.400,4387.100
2026-08-18 23:15,4386.800,4387.800,4385.000,4385.300
2026-08-18 23:20,4385.500,4390.300,4383.600,4385.700
2026-08-18 23:25,4386.100,4386.500,4382.500,4383.100
2026-08-18 23:30,4382.900,4385.400,4379.600,4383.500
2026-08-18 23:35,4383.200,4384.600,4379.800,4381.500
2026-08-18 23:40,4381.400,4383.300,4380.700,4382.500
2026-08-18 23:45,4383.000,4384.800,4382.300,4383.300
2026-08-18 23:50,4383.700,4387.000,4382.700,4386.700
2026-08-18 23:55,4386.300,4386.900,4384.400,4386.000
2026-08-19 00:00,4386.100,4393.200,4384.600,4389.700
2026-08-19 00:05,4389.400,4394.000,4389.100,4392.800
2026-08-19 00:10,4392.700,4397.700,4390.900,4395.800
2026-08-19 00:15,4395.900,4399.400,4395.500,4396.300
2026-08-19 00:20,4396.700,4399.100,4394.500,4396.400
2026-08-19 00:25,4396.200,4397.000,4392.500,4396.300
2026-08-19 00:30,4396.400,4399.000,4392.900,4394.100
2026-08-19 00:35,4394.400,4400.300,4394.200,4398.300
2026-08-19 00:40,4398.200,4401.000,4396.700,4397.400
2026-08-19 00:45,4397.600,4398.200,4396.000,4396.500
2026-08-19 00:50,4396.200,4398.600,4394.700,4395.000
2026-08-19 00:55,4394.800,4396.000,4390.700,4391.800
2026-08-19 01:00,4391.500,4393.600,4378.000,4386.000
2026-08-19 01:05,4385.900,4396.400,4385.100,4393.900
2026-08-19 01:10,4393.900,4397.600,4390.800,4397.400
2026-08-19 01:15,4397.600,4400.000,4388.100,4391.400
2026-08-19 01:20,4391.500,4393.700,4386.400,4391.000
2026-08-19 01:25,4391.200,4396.300,4388.900,4396.100
2026-08-19 01:30,4396.300,4404.700,4396.200,4404.100
2026-08-19 01:35,4404.400,4410.000,4403.700,4408.900
2026-08-19 01:40,4409.100,4411.100,4407.700,4409.400
2026-08-19 01:45,4409.000,4410.200,4404.400,4404.600
2026-08-19 01:50,4404.300,4409.100,4404.100,4407.000
2026-08-19 01:55,4406.900,4410.200,4406.400,4410.200
2026-08-19 02:00,4410.000,4410.900,4405.000,4408.300
2026-08-19 02:05,4407.800,4410.600,4406.300,4409.300
2026-08-19 02:10,4409.500,4409.600,4405.900,4407.000
2026-08-19 02:15,4407.200,4414.800,4406.000,4412.400
2026-08-19 02:20,4412.200,4415.800,4411.500,4413.600
2026-08-19 02:25,4413.700,4414.800,4412.500,4413.400
2026-08-19 02:30,4413.400,4413.900,4409.000,4410.000
2026-08-19 02:35,4410.200,4411.700,4407.700,4408.800
2026-08-19 02:40,4408.700,4411.800,4408.200,4408.600
2026-08-19 02:45,4408.800,4410.400,4407.400,4409.500
2026-08-19 02:50,4408.900,4410.000,4406.500,4407.500
2026-08-19 02:55,4407.600,4408.500,4405.000,4408.500
2026-08-19 03:00,4408.400,4409.900,4406.400,4409.100
2026-08-19 03:05,4408.900,4409.000,4405.400,4407.100
2026-08-19 03:10,4407.300,4408.900,4407.100,4407.700
2026-08-19 03:15,4408.100,4409.800,4405.300,4406.300
2026-08-19 03:20,4406.300,4409.400,4405.300,4409.300
2026-08-19 03:25,4409.900,4411.800,4409.600,4410.800
2026-08-19 03:30,4411.100,4412.000,4409.800,4410.800
2026-08-19 03:35,4410.700,4414.100,4410.700,4412.000
2026-08-19 03:40,4411.900,4412.900,4410.900,4412.600
2026-08-19 03:45,4412.600,4413.000,4410.200,4411.600
2026-08-19 03:50,4412.300,4412.300,4409.500,4409.800
2026-08-19 03:55,4409.800,4410.200,4409.000,4409.000
2026-08-19 04:00,4408.900,4409.600,4407.200,4407.600
2026-08-19 04:05,4407.500,4408.400,4406.900,4408.100
2026-08-19 04:10,4408.200,4408.600,4407.200,4407.900
2026-08-19 04:15,4407.900,4408.000,4403.200,4405.900
2026-08-19 04:20,4405.800,4406.100,4404.000,4405.000
2026-08-19 04:25,4404.700,4404.700,4403.500,4404.200
2026-08-19 04:30,4404.800,4405.300,4402.300,4403.000
2026-08-19 04:35,4403.200,4404.000,4399.400,4399.900
2026-08-19 04:40,4399.800,4400.700,4398.200,4399.800
2026-08-19 04:45,4399.400,4400.200,4399.000,4400.000
2026-08-19 04:50,4399.900,4399.900,4396.500,4398.000
2026-08-19 04:55,4398.200,4401.800,4397.800,4401.800
2026-08-19 05:00,4401.700,4404.200,4399.900,4401.000
2026-08-19 05:05,4400.800,4401.500,4395.500,4396.000
2026-08-19 05:10,4395.900,4395.900,4391.900,4392.200
2026-08-19 05:15,4392.400,4393.000,4390.100,4391.300
2026-08-19 05:20,4391.300,4396.300,4391.300,4395.200
2026-08-19 05:25,4395.200,4399.100,4394.200,4398.900
2026-08-19 05:30,4399.100,4399.300,4390.400,4391.800
2026-08-19 05:35,4391.700,4396.400,4390.300,4396.400
2026-08-19 05:40,4396.100,4396.900,4393.200,4395.800
2026-08-19 05:45,4395.300,4395.400,4388.500,4390.400
2026-08-19 05:50,4390.600,4391.500,4388.200,4388.900
2026-08-19 05:55,4388.800,4392.000,4388.300,4389.000
2026-08-19 06:00,4389.000,4394.700,4388.700,4390.900
2026-08-19 06:05,4391.400,4393.200,4388.800,4392.300
2026-08-19 06:10,4392.500,4395.300,4390.200,4390.800
2026-08-19 06:15,4390.600,4399.600,4390.200,4398.700
2026-08-19 06:20,4398.500,4401.900,4398.000,4399.400
2026-08-19 06:25,4399.600,4400.400,4394.200,4396.300
2026-08-19 06:30,4396.600,4396.900,4390.800,4392.300
2026-08-19 06:35,4392.400,4399.300,4392.400,4397.500
2026-08-19 06:40,4397.400,4397.800,4395.200,4395.400
2026-08-19 06:45,4395.300,4397.700,4394.300,4397.500
2026-08-19 06:50,4397.600,4401.700,4397.500,4401.600
2026-08-19 06:55,4401.600,4403.100,4401.000,4402.800
2026-08-19 07:00,4402.800,4405.000,4401.100,4401.700
2026-08-19 07:05,4401.900,4407.300,4401.600,4406.600
2026-08-19 07:10,4406.600,4407.600,4403.500,4404.300
2026-08-19 07:15,4403.800,4405.200,4401.100,4404.300
2026-08-19 07:20,4404.600,4408.600,4402.600,4407.900
2026-08-19 07:25,4407.900,4410.800,4407.700,4410.500
2026-08-19 07:30,4410.400,4414.600,4410.100,4413.500
2026-08-19 07:35,4413.100,4417.200,4410.800,4411.700
2026-08-19 07:40,4411.300,4411.700,4406.500,4408.200
2026-08-19 07:45,4408.100,4410.800,4408.100,4410.000
2026-08-19 07:50,4410.300,4411.400,4408.300,4409.500
2026-08-19 07:55,4409.500,4410.100,4408.300,4408.300
2026-08-19 08:00,4408.400,4411.700,4404.800,4411.100
2026-08-19 08:05,4410.700,4415.100,4409.800,4414.700
2026-08-19 08:10,4414.800,4416.400,4413.700,4415.200
2026-08-19 08:15,4415.300,4416.100,4413.700,4413.700
2026-08-19 08:20,4413.500,4413.700,4411.100,4413.600
2026-08-19 08:25,4413.800,4414.600,4411.900,4414.600
2026-08-19 08:30,4414.300,4414.900,4410.300,4410.900
2026-08-19 08:35,4410.900,4414.900,4410.700,4413.700
2026-08-19 08:40,4414.000,4417.200,4413.300,4416.400
2026-08-19 08:45,4416.400,4417.200,4414.500,4415.700
2026-08-19 08:50,4415.800,4415.800,4412.200,4412.200
2026-08-19 08:55,4412.200,4412.300,4408.700,4409.700
2026-08-19 09:00,4409.700,4413.100,4409.000,4413.000
2026-08-19 09:05,4413.000,4413.900,4409.500,4410.100
2026-08-19 09:10,4410.100,4411.900,4409.500,4410.300
2026-08-19 09:15,4410.200,4410.600,4407.400,4409.300
2026-08-19 09:20,4409.100,4411.300,4407.500,4410.100
2026-08-19 09:25,4410.300,4411.600,4408.000,4410.600
2026-08-19 09:30,4410.700,4412.000,4409.500,4411.100
2026-08-19 09:35,4410.800,4411.500,4410.400,4411.100
2026-08-19 09:40,4411.300,4415.400,4411.000,4413.300
2026-08-19 09:45,4413.300,4415.400,4412.700,4415.100
2026-08-19 09:50,4415.300,4415.300,4412.500,4414.500
2026-08-19 09:55,4414.500,4416.400,4413.400,4416.400
2026-08-19 10:00,4416.500,4417.700,4413.900,4414.800
2026-08-19 10:05,4414.400,4417.200,4413.800,4415.800
2026-08-19 10:10,4415.800,4418.800,4415.500,4418.400
2026-08-19 10:15,4418.400,4423.200,4418.100,4422.800
2026-08-19 10:20,4423.000,4423.800,4421.200,4423.100
2026-08-19 10:25,4422.800,4423.800,4421.400,4423.200
2026-08-19 10:30,4423.400,4424.100,4420.400,4421.900
2026-08-19 10:35,4421.700,4422.400,4421.200,4421.700
2026-08-19 10:40,4421.600,4423.200,4421.000,4422.500
2026-08-19 10:45,4422.800,4424.100,4422.000,4423.300
2026-08-19 10:50,4423.300,4423.400,4421.700,4422.100
2026-08-19 10:55,4422.200,4422.800,4421.000,4422.200
2026-08-19 11:00,4422.400,4425.800,4422.200,4425.600
2026-08-19 11:05,4425.600,4428.400,4425.400,4426.000
2026-08-19 11:10,4425.800,4428.900,4425.600,4428.100
2026-08-19 11:15,4428.400,4429.100,4424.400,4425.400
2026-08-19 11:20,4425.400,4426.200,4423.600,4425.900
2026-08-19 11:25,4425.500,4428.200,4425.300,4425.800
2026-08-19 11:30,4425.900,4426.500,4423.200,4424.000
2026-08-19 11:35,4424.200,4424.500,4421.600,4422.700
2026-08-19 11:40,4422.800,4422.800,4417.700,4418.400
2026-08-19 11:45,4418.000,4422.300,4418.000,4422.100
2026-08-19 11:50,4421.900,4422.200,4418.200,4420.900
2026-08-19 11:55,4420.700,4421.000,4418.800,4419.100
2026-08-19 12:00,4419.700,4420.000,4417.000,4418.900
2026-08-19 12:05,4418.700,4423.100,4418.200,4422.500
2026-08-19 12:10,4422.500,4425.500,4421.500,4423.100
2026-08-19 12:15,4423.200,4424.900,4420.700,4422.600
2026-08-19 12:20,4422.800,4428.400,4422.300,4425.000
2026-08-19 12:25,4425.000,4426.000,4422.600,4424.100
2026-08-19 12:30,4424.300,4440.000,4423.400,4439.200
2026-08-19 12:35,4439.200,4472.400,4437.800,4468.000
2026-08-19 12:40,4468.200,4476.900,4463.500,4474.800
2026-08-19 12:45,4475.100,4479.800,4468.300,4474.400
2026-08-19 12:50,4474.400,4486.400,4468.000,4485.600
2026-08-19 12:55,4486.000,4499.800,4483.500,4496.300
2026-08-19 13:00,4496.300,4499.200,4484.000,4484.300
2026-08-19 13:05,4484.900,4498.700,4480.800,4498.700
2026-08-19 13:10,4498.900,4518.800,4498.200,4513.400
2026-08-19 13:15,4513.600,4521.800,4513.000,4517.500
2026-08-19 13:20,4517.700,4520.300,4512.400,4517.100
2026-08-19 13:25,4517.000,4519.400,4513.200,4516.000
2026-08-19 13:30,4516.200,4524.000,4513.100,4519.400
2026-08-19 13:35,4519.700,4519.800,4500.800,4513.400
2026-08-19 13:40,4513.800,4522.700,4507.900,4519.100
2026-08-19 13:45,4518.800,4520.100,4507.500,4507.900
2026-08-19 13:50,4507.900,4514.400,4502.400,4511.400
2026-08-19 13:55,4511.800,4521.600,4509.600,4517.800
2026-08-19 14:00,4518.000,4520.800,4513.500,4518.700
2026-08-19 14:05,4519.000,4530.600,4518.700,4530.200
2026-08-19 14:10,4530.000,4533.800,4527.400,4532.000
2026-08-19 14:15,4532.200,4536.700,4529.400,4529.800
2026-08-19 14:20,4529.500,4538.800,4528.400,4536.600
2026-08-19 14:25,4536.800,4546.300,4535.700,4544.300
2026-08-19 14:30,4544.400,4550.000,4542.300,4546.100
2026-08-19 14:35,4546.000,4550.700,4545.500,4548.000
2026-08-19 14:40,4548.100,4557.600,4545.900,4548.500
2026-08-19 14:45,4548.600,4548.600,4536.900,4538.100
2026-08-19 14:50,4538.200,4545.600,4537.200,4544.300
2026-08-19 14:55,4544.700,4548.600,4543.900,4546.800
2026-08-19 15:00,4547.000,4547.000,4539.800,4543.400
2026-08-19 15:05,4543.700,4546.000,4540.500,4540.600
2026-08-19 15:10,4540.700,4546.700,4538.400,4544.100
2026-08-19 15:15,4544.100,4546.000,4542.200,4544.400
2026-08-19 15:20,4544.100,4546.200,4539.300,4539.300
2026-08-19 15:25,4539.200,4543.100,4536.500,4542.000
2026-08-19 15:30,4541.900,4544.700,4538.500,4543.000
2026-08-19 15:35,4543.400,4546.900,4543.200,4545.500
2026-08-19 15:40,4545.700,4551.500,4543.100,4548.700
2026-08-19 15:45,4548.400,4552.800,4548.100,4548.900
2026-08-19 15:50,4548.900,4551.400,4546.900,4549.500
2026-08-19 15:55,4549.600,4552.200,4549.100,4552.200
2026-08-19 16:00,4552.200,4555.900,4551.500,4551.900
2026-08-19 16:05,4551.700,4556.000,4549.500,4555.700
2026-08-19 16:10,4555.400,4557.200,4555.100,4555.900
2026-08-19 16:15,4556.000,4557.500,4552.800,4552.800
2026-08-19 16:20,4553.000,4554.800,4551.300,4552.600
2026-08-19 16:25,4552.800,4553.500,4548.500,4548.700
2026-08-19 16:30,4549.100,4553.900,4548.400,4553.600
2026-08-19 16:35,4553.700,4554.200,4550.100,4553.300
2026-08-19 16:40,4553.600,4554.300,4551.700,4553.300
2026-08-19 16:45,4552.700,4554.500,4551.100,4552.300
2026-08-19 16:50,4552.200,4555.700,4551.900,4552.300
2026-08-19 16:55,4552.000,4553.100,4550.900,4551.000
2026-08-19 17:00,4551.000,4557.000,4551.000,4554.500
2026-08-19 17:05,4554.600,4555.100,4549.000,4550.700
2026-08-19 17:10,4550.500,4551.300,4546.400,4550.100
2026-08-19 17:15,4550.300,4550.300,4544.300,4546.800
2026-08-19 17:20,4547.200,4548.400,4545.600,4547.300
2026-08-19 17:25,4547.100,4547.500,4544.000,4545.800
2026-08-19 17:30,4545.900,4546.800,4541.900,4545.900
2026-08-19 17:35,4546.000,4547.600,4544.300,4546.000
2026-08-19 17:40,4546.100,4549.200,4544.600,4546.600
2026-08-19 17:45,4546.200,4547.400,4545.600,4546.500
2026-08-19 17:50,4546.100,4546.900,4543.400,4544.100
2026-08-19 17:55,4544.000,4545.000,4542.000,4545.000
2026-08-19 18:00,4544.900,4554.100,4543.400,4553.800
2026-08-19 18:05,4553.900,4554.600,4544.300,4547.100
2026-08-19 18:10,4547.300,4548.500,4544.100,4546.300
2026-08-19 18:15,4546.100,4546.200,4540.400,4543.200
2026-08-19 18:20,4543.300,4543.300,4539.200,4539.500
2026-08-19 18:25,4539.500,4540.300,4531.100,4533.800
2026-08-19 18:30,4533.900,4539.600,4530.400,4538.600
2026-08-19 18:35,4539.100,4542.700,4536.800,4542.200
2026-08-19 18:40,4542.300,4550.000,4541.800,4548.600
2026-08-19 18:45,4548.600,4550.400,4547.500,4549.700
2026-08-19 18:50,4549.800,4556.000,4549.200,4552.700
2026-08-19 18:55,4552.800,4554.200,4552.400,4553.300
2026-08-19 19:00,4553.300,4556.500,4552.300,4555.100
2026-08-19 19:05,4554.700,4564.100,4553.500,4563.600
2026-08-19 19:10,4563.600,4563.600,4560.400,4561.600
2026-08-19 19:15,4561.500,4564.200,4561.500,4562.600
2026-08-19 19:20,4562.500,4563.300,4560.800,4563.200
2026-08-19 19:25,4563.200,4566.000,4561.500,4565.100
2026-08-19 19:30,4565.200,4568.900,4564.000,4567.500
2026-08-19 19:35,4567.300,4568.100,4561.200,4563.700
2026-08-19 19:40,4563.700,4565.400,4559.100,4564.500
2026-08-19 19:45,4564.500,4568.800,4562.600,4568.200
2026-08-19 19:50,4568.200,4569.400,4565.600,4568.600
2026-08-19 19:55,4568.600,4569.600,4565.500,4568.000
2026-08-19 20:00,4568.400,4568.900,4566.000,4566.700
2026-08-19 20:05,4566.500,4567.900,4565.100,4567.900
2026-08-19 20:10,4567.900,4569.500,4562.800,4564.500
2026-08-19 20:15,4564.700,4569.200,4564.200,4568.200
2026-08-19 20:20,4568.400,4578.100,4568.100,4576.400
2026-08-19 20:25,4576.300,4580.300,4575.800,4576.700
2026-08-19 20:30,4576.700,4582.200,4576.200,4579.900
2026-08-19 20:35,4579.800,4580.000,4577.100,4578.300
2026-08-19 20:40,4578.200,4579.200,4577.300,4577.300
2026-08-19 20:45,4578.300,4581.000,4577.900,4579.300
2026-08-19 20:50,4579.100,4582.400,4579.100,4582.400
2026-08-19 20:55,4582.200,4582.800,4580.600,4580.700
2026-08-19 22:00,4580.000,4583.800,4576.600,4578.900
2026-08-19 22:05,4579.200,4581.100,4577.900,4578.600
2026-08-19 22:10,4578.300,4579.300,4576.400,4577.600
2026-08-19 22:15,4577.500,4578.300,4576.400,4577.300
2026-08-19 22:20,4577.300,4578.600,4576.200,4578.600
2026-08-19 22:25,4578.700,4578.700,4576.700,4578.000
2026-08-19 22:30,4577.700,4579.000,4575.200,4576.200
2026-08-19 22:35,4576.500,4577.000,4574.800,4575.000
2026-08-19 22:40,4575.200,4576.700,4575.000,4575.700
2026-08-19 22:45,4575.900,4578.300,4575.000,4576.800
2026-08-19 22:50,4577.100,4579.200,4576.300,4576.700
2026-08-19 22:55,4576.900,4577.300,4573.500,4575.900
2026-08-19 23:00,4576.400,4581.100,4574.800,4578.500
2026-08-19 23:05,4578.800,4581.200,4578.500,4579.400
2026-08-19 23:10,4579.000,4579.100,4577.000,4577.000
2026-08-19 23:15,4576.600,4577.600,4575.400,4577.500
2026-08-19 23:20,4577.100,4577.200,4572.300,4576.300
2026-08-19 23:25,4576.400,4576.400,4573.100,4574.800
2026-08-19 23:30,4575.100,4575.500,4570.700,4571.600
2026-08-19 23:35,4571.500,4573.500,4570.900,4571.200
2026-08-19 23:40,4571.200,4573.000,4570.900,4571.600
2026-08-19 23:45,4571.700,4574.900,4571.400,4571.900
2026-08-19 23:50,4572.000,4572.400,4569.300,4570.300
2026-08-19 23:55,4570.400,4570.400,4568.400,4569.200
2026-08-20 00:00,4568.700,4576.300,4567.700,4572.400
2026-08-20 00:05,4571.600,4575.700,4571.500,4572.200
2026-08-20 00:10,4572.200,4574.000,4570.000,4573.800
2026-08-20 00:15,4574.000,4578.600,4571.900,4575.200
2026-08-20 00:20,4575.200,4575.500,4567.500,4569.400
2026-08-20 00:25,4569.200,4569.800,4565.800,4567.800
2026-08-20 00:30,4566.800,4570.400,4566.600,4568.700
2026-08-20 00:35,4568.600,4568.800,4566.200,4566.800
2026-08-20 00:40,4566.800,4566.800,4560.200,4563.600
2026-08-20 00:45,4563.400,4565.600,4562.100,4564.900
2026-08-20 00:50,4565.100,4567.600,4562.200,4563.800
2026-08-20 00:55,4563.900,4567.900,4561.400,4562.000
2026-08-20 01:00,4562.300,4567.900,4550.500,4551.000
2026-08-20 01:05,4551.200,4557.700,4549.400,4556.200
2026-08-20 01:10,4556.100,4556.300,4550.100,4550.800
2026-08-20 01:15,4551.300,4557.200,4550.900,4556.500
2026-08-20 01:20,4556.600,4561.100,4556.600,4559.400
2026-08-20 01:25,4559.300,4560.700,4555.300,4558.300
2026-08-20 01:30,4558.000,4559.000,4553.300,4555.800
2026-08-20 01:35,4556.000,4557.100,4551.000,4552.500
2026-08-20 01:40,4552.500,4556.700,4551.000,4551.300
2026-08-20 01:45,4551.500,4553.000,4546.800,4547.500
2026-08-20 01:50,4547.800,4548.500,4542.100,4542.800
2026-08-20 01:55,4543.000,4548.800,4542.700,4547.400
2026-08-20 02:00,4547.300,4556.600,4546.100,4555.600
2026-08-20 02:05,4555.800,4556.600,4551.700,4553.200
2026-08-20 02:10,4553.100,4557.600,4552.900,4555.500
2026-08-20 02:15,4555.300,4555.600,4547.100,4549.000
2026-08-20 02:20,4549.000,4551.900,4547.300,4551.700
2026-08-20 02:25,4551.600,4552.500,4548.800,4550.600
2026-08-20 02:30,4550.100,4552.100,4548.700,4549.500
2026-08-20 02:35,4549.600,4551.300,4548.000,4550.200
2026-08-20 02:40,4550.000,4551.700,4547.600,4548.200
2026-08-20 02:45,4547.900,4549.300,4546.700,4546.800
2026-08-20 02:50,4546.800,4552.000,4546.500,4551.000
2026-08-20 02:55,4550.600,4550.600,4548.000,4548.100
2026-08-20 03:00,4548.200,4553.900,4548.200,4553.100
2026-08-20 03:05,4553.200,4554.500,4548.900,4548.900
2026-08-20 03:10,4549.100,4550.200,4545.700,4550.100
2026-08-20 03:15,4549.900,4551.100,4547.900,4549.900
2026-08-20 03:20,4550.500,4553.500,4548.700,4553.000
2026-08-20 03:25,4552.900,4554.200,4550.700,4551.100
2026-08-20 03:30,4550.800,4556.000,4550.000,4555.500
2026-08-20 03:35,4555.300,4555.700,4552.500,4555.700
2026-08-20 03:40,4555.200,4556.700,4553.800,4555.700
2026-08-20 03:45,4555.600,4556.200,4555.000,4556.000
2026-08-20 03:50,4556.100,4558.500,4554.800,4557.800
2026-08-20 03:55,4557.600,4558.800,4555.700,4555.700
2026-08-20 04:00,4556.400,4556.600,4552.400,4553.100
2026-08-20 04:05,4552.900,4554.900,4552.800,4554.100
2026-08-20 04:10,4554.000,4554.900,4553.300,4553.600
2026-08-20 04:15,4553.600,4554.200,4552.300,4553.900
2026-08-20 04:20,4554.000,4554.300,4551.700,4552.700
2026-08-20 04:25,4552.100,4552.400,4547.100,4547.400
2026-08-20 04:30,4547.200,4548.300,4544.200,4545.900
2026-08-20 04:35,4545.400,4545.900,4543.400,4544.800
2026-08-20 04:40,4544.400,4546.300,4544.200,4544.400
2026-08-20 04:45,4544.300,4548.000,4544.100,4548.000
2026-08-20 04:50,4547.700,4549.100,4546.900,4547.600
2026-08-20 04:55,4546.600,4549.100,4545.800,4546.100
2026-08-20 05:00,4546.000,4549.100,4545.800,4548.700
2026-08-20 05:05,4549.000,4551.400,4548.400,4548.400
2026-08-20 05:10,4548.200,4549.000,4541.500,4542.900
2026-08-20 05:15,4542.900,4544.500,4541.700,4542.200
2026-08-20 05:20,4541.900,4544.400,4541.000,4544.000
2026-08-20 05:25,4543.700,4543.700,4540.000,4540.500
2026-08-20 05:30,4540.000,4543.100,4536.600,4537.700
2026-08-20 05:35,4537.700,4538.900,4535.200,4537.500
2026-08-20 05:40,4537.500,4539.400,4536.300,4537.800
2026-08-20 05:45,4537.900,4539.000,4536.500,4538.600
2026-08-20 05:50,4538.600,4539.000,4535.600,4535.700
2026-08-20 05:55,4535.700,4540.500,4534.800,4538.500
2026-08-20 06:00,4538.600,4546.300,4537.200,4545.900
2026-08-20 06:05,4545.600,4548.900,4545.300,4547.300
2026-08-20 06:10,4547.500,4550.700,4547.200,4550.100
2026-08-20 06:15,4550.400,4553.500,4549.100,4551.300
2026-08-20 06:20,4550.800,4551.900,4549.600,4550.500
2026-08-20 06:25,4550.800,4553.000,4550.500,4551.300
2026-08-20 06:30,4551.300,4552.800,4549.600,4552.500
2026-08-20 06:35,4552.600,4553.000,4550.800,4551.200
2026-08-20 06:40,4551.200,4552.000,4549.500,4550.100
2026-08-20 06:45,4550.400,4553.000,4550.100,4550.800
2026-08-20 06:50,4550.700,4550.800,4548.600,4549.400
2026-08-20 06:55,4549.200,4551.500,4548.500,4550.800
2026-08-20 07:00,4550.600,4551.000,4544.500,4545.800
2026-08-20 07:05,4545.500,4547.500,4544.600,4546.000
2026-08-20 07:10,4545.800,4547.100,4543.900,4544.500
2026-08-20 07:15,4544.400,4547.100,4543.400,4543.800
2026-08-20 07:20,4543.900,4544.800,4542.300,4542.300
2026-08-20 07:25,4542.200,4542.800,4540.100,4540.500
2026-08-20 07:30,4540.800,4546.500,4540.100,4546.500
2026-08-20 07:35,4546.300,4547.900,4545.500,4546.200
2026-08-20 07:40,4546.500,4550.200,4545.900,4547.900
2026-08-20 07:45,4547.500,4552.700,4546.200,4546.200
2026-08-20 07:50,4546.200,4547.900,4545.300,4547.800
2026-08-20 07:55,4548.000,4549.300,4545.900,4547.600
2026-08-20 08:00,4547.900,4552.200,4547.600,4549.400
2026-08-20 08:05,4549.300,4551.400,4548.100,4551.200
2026-08-20 08:10,4550.900,4552.300,4548.500,4551.400
2026-08-20 08:15,4551.100,4555.900,4550.800,4553.600
2026-08-20 08:20,4553.500,4555.200,4552.000,4552.700
2026-08-20 08:25,4552.600,4553.200,4547.000,4548.600
2026-08-20 08:30,4548.100,4550.000,4543.900,4550.000
2026-08-20 08:35,4549.800,4552.400,4547.200,4548.700
2026-08-20 08:40,4548.700,4549.800,4547.200,4547.400
2026-08-20 08:45,4547.300,4548.400,4544.600,4544.900
2026-08-20 08:50,4544.800,4548.600,4544.700,4548.400
2026-08-20 08:55,4548.600,4549.000,4544.400,4546.100
2026-08-20 09:00,4546.200,4547.900,4545.200,4547.500
2026-08-20 09:05,4547.700,4550.000,4545.400,4548.300
2026-08-20 09:10,4548.700,4551.000,4548.100,4549.100
2026-08-20 09:15,4549.000,4550.500,4545.800,4545.900
2026-08-20 09:20,4546.000,4549.500,4544.700,4546.400
2026-08-20 09:25,4546.700,4547.500,4544.800,4546.800
2026-08-20 09:30,4546.600,4547.200,4543.800,4544.600
2026-08-20 09:35,4544.400,4545.000,4541.000,4542.800
2026-08-20 09:40,4542.800,4547.000,4542.300,4545.700
2026-08-20 09:45,4545.600,4545.600,4541.900,4542.100
2026-08-20 09:50,4542.200,4542.900,4538.200,4540.500
2026-08-20 09:55,4540.500,4541.100,4538.400,4538.900
2026-08-20 10:00,4539.100,4542.700,4537.000,4542.100
2026-08-20 10:05,4541.900,4546.600,4541.900,4546.100
2026-08-20 10:10,4546.100,4547.800,4544.800,4547.100
2026-08-20 10:15,4547.400,4548.200,4546.400,4547.300
2026-08-20 10:20,4547.100,4547.200,4542.600,4545.300
2026-08-20 10:25,4545.200,4550.500,4544.600,4550.200
2026-08-20 10:30,4550.300,4552.500,4549.000,4549.700
2026-08-20 10:35,4549.400,4551.300,4546.700,4546.900
2026-08-20 10:40,4546.700,4547.600,4546.500,4547.500
2026-08-20 10:45,4547.700,4547.700,4545.000,4546.700
2026-08-20 10:50,4546.800,4547.300,4543.800,4544.300
2026-08-20 10:55,4543.900,4547.100,4543.900,4546.400
2026-08-20 11:00,4546.700,4547.900,4544.200,4545.000
2026-08-20 11:05,4544.900,4544.900,4542.100,4543.800
2026-08-20 11:10,4543.900,4544.000,4539.400,4541.800
2026-08-20 11:15,4541.700,4542.400,4537.600,4538.900
2026-08-20 11:20,4538.600,4544.000,4537.900,4544.000
2026-08-20 11:25,4543.800,4546.300,4540.700,4540.800
2026-08-20 11:30,4541.100,4542.500,4539.200,4541.200
2026-08-20 11:35,4541.200,4543.200,4536.300,4537.900
2026-08-20 11:40,4537.800,4539.000,4530.100,4530.900
2026-08-20 11:45,4530.800,4531.900,4522.000,4527.400
2026-08-20 11:50,4527.600,4529.100,4522.200,4524.000
2026-08-20 11:55,4523.300,4527.400,4521.200,4523.100
2026-08-20 12:00,4523.300,4523.400,4512.500,4513.600
2026-08-20 12:05,4513.400,4514.500,4506.200,4512.400
2026-08-20 12:10,4512.700,4521.800,4512.100,4518.000
2026-08-20 12:15,4517.800,4522.900,4517.600,4522.500
2026-08-20 12:20,4522.200,4523.400,4517.200,4519.200
2026-08-20 12:25,4519.200,4519.200,4512.200,4514.300
2026-08-20 12:30,4514.900,4516.600,4506.000,4508.600
2026-08-20 12:35,4508.400,4518.200,4506.900,4518.200
2026-08-20 12:40,4517.900,4522.300,4515.000,4522.000
2026-08-20 12:45,4521.600,4526.500,4519.000,4526.300
2026-08-20 12:50,4526.300,4530.400,4524.800,4527.200
2026-08-20 12:55,4527.200,4532.300,4526.700,4529.700
2026-08-20 13:00,4529.800,4539.600,4528.700,4533.500
2026-08-20 13:05,4533.700,4535.400,4527.800,4529.000
2026-08-20 13:10,4528.400,4530.800,4526.700,4527.900
2026-08-20 13:15,4528.200,4531.900,4525.900,4529.500
2026-08-20 13:20,4529.800,4531.900,4526.400,4529.600
2026-08-20 13:25,4528.600,4529.400,4525.000,4526.700
2026-08-20 13:30,4526.800,4532.400,4524.100,4530.600
2026-08-20 13:35,4530.300,4541.100,4529.400,4538.500
2026-08-20 13:40,4538.600,4543.000,4532.600,4541.900
2026-08-20 13:45,4541.700,4544.400,4534.900,4537.000
2026-08-20 13:50,4537.100,4541.600,4536.100,4540.900
2026-08-20 13:55,4541.000,4541.800,4534.300,4537.000
2026-08-20 14:00,4536.800,4545.900,4536.700,4538.600
2026-08-20 14:05,4538.300,4542.000,4535.800,4540.500
2026-08-20 14:10,4540.600,4544.800,4538.500,4541.000
2026-08-20 14:15,4541.000,4545.400,4537.400,4537.700
2026-08-20 14:20,4538.000,4549.900,4537.400,4546.700
2026-08-20 14:25,4546.600,4549.000,4542.600,4547.400
2026-08-20 14:30,4547.600,4553.500,4547.500,4550.100
2026-08-20 14:35,4550.200,4556.600,4548.600,4551.600
2026-08-20 14:40,4551.800,4556.900,4549.200,4555.100
2026-08-20 14:45,4555.000,4564.300,4554.500,4563.400
2026-08-20 14:50,4563.800,4566.000,4560.200,4565.500
2026-08-20 14:55,4565.600,4572.000,4565.000,4571.700
2026-08-20 15:00,4571.800,4592.600,4570.700,4591.600
2026-08-20 15:05,4591.500,4592.700,4578.600,4581.200
2026-08-20 15:10,4581.200,4593.700,4577.800,4591.500
2026-08-20 15:15,4591.200,4597.000,4586.400,4595.900
2026-08-20 15:20,4595.900,4597.100,4579.200,4583.300
2026-08-20 15:25,4583.000,4590.400,4581.700,4588.600
2026-08-20 15:30,4588.400,4590.000,4578.400,4580.000
2026-08-20 15:35,4580.200,4582.900,4573.200,4574.600
2026-08-20 15:40,4574.600,4576.100,4563.500,4567.600
2026-08-20 15:45,4567.500,4577.200,4566.800,4576.100
2026-08-20 15:50,4575.700,4577.400,4571.400,4574.800
2026-08-20 15:55,4574.900,4579.800,4573.300,4577.300
2026-08-20 16:00,4577.500,4580.700,4575.100,4575.500
2026-08-20 16:05,4575.500,4578.000,4574.900,4575.600
2026-08-20 16:10,4576.200,4576.200,4566.200,4567.100
2026-08-20 16:15,4566.900,4569.200,4564.500,4568.200
2026-08-20 16:20,4568.100,4569.100,4565.500,4567.900
2026-08-20 16:25,4567.900,4567.900,4561.400,4565.600
2026-08-20 16:30,4565.900,4566.600,4559.200,4565.500
2026-08-20 16:35,4565.900,4569.300,4563.600,4563.800
2026-08-20 16:40,4563.800,4566.800,4563.800,4565.700
2026-08-20 16:45,4565.600,4569.100,4563.900,4568.600
2026-08-20 16:50,4568.500,4570.600,4565.400,4566.000
2026-08-20 16:55,4566.000,4567.800,4564.200,4566.700
2026-08-20 17:00,4566.700,4570.900,4566.500,4567.900
2026-08-20 17:05,4568.200,4568.300,4564.200,4566.400
2026-08-20 17:10,4566.300,4567.200,4564.100,4565.800
2026-08-20 17:15,4565.600,4567.800,4564.300,4565.300
2026-08-20 17:20,4565.500,4570.700,4564.900,4567.900
2026-08-20 17:25,4567.800,4573.400,4566.000,4569.600
2026-08-20 17:30,4569.600,4575.100,4567.300,4575.000
2026-08-20 17:35,4574.700,4575.200,4572.700,4573.600
2026-08-20 17:40,4573.400,4574.900,4572.900,4574.900
2026-08-20 17:45,4574.700,4576.900,4574.000,4575.600
2026-08-20 17:50,4575.900,4576.600,4573.600,4575.000
2026-08-20 17:55,4575.300,4576.900,4574.300,4576.000
2026-08-20 18:00,4576.000,4578.700,4574.900,4578.100
2026-08-20 18:05,4577.900,4578.800,4571.300,4572.900
2026-08-20 18:10,4573.000,4573.000,4565.300,4567.300
2026-08-20 18:15,4567.400,4572.400,4564.700,4572.300
2026-08-20 18:20,4572.300,4574.500,4571.500,4572.400
2026-08-20 18:25,4572.800,4576.600,4572.800,4575.900
2026-08-20 18:30,4575.300,4577.800,4575.000,4575.800
2026-08-20 18:35,4575.500,4579.700,4575.200,4577.600
2026-08-20 18:40,4577.000,4578.000,4576.100,4576.500
2026-08-20 18:45,4576.600,4577.600,4574.100,4577.500
2026-08-20 18:50,4577.500,4581.700,4577.500,4580.900
2026-08-20 18:55,4581.100,4581.300,4577.500,4578.500
2026-08-20 19:00,4578.300,4578.900,4574.700,4578.200
2026-08-20 19:05,4578.300,4582.900,4577.800,4582.900
2026-08-20 19:10,4582.900,4584.600,4580.800,4584.200
2026-08-20 19:15,4584.200,4585.900,4582.100,4582.200
2026-08-20 19:20,4582.600,4584.500,4580.200,4583.500
2026-08-20 19:25,4583.400,4584.100,4579.100,4579.200
2026-08-20 19:30,4579.000,4580.900,4578.200,4580.100
2026-08-20 19:35,4579.700,4585.700,4579.200,4584.700
2026-08-20 19:40,4584.800,4584.900,4582.200,4582.200
2026-08-20 19:45,4582.400,4586.000,4581.000,4584.800
2026-08-20 19:50,4584.600,4588.000,4584.100,4587.100
2026-08-20 19:55,4586.800,4587.500,4582.600,4584.900
2026-08-20 20:00,4584.500,4585.200,4582.000,4583.300
2026-08-20 20:05,4583.100,4584.100,4578.900,4579.500
2026-08-20 20:10,4579.200,4581.100,4578.800,4578.900
2026-08-20 20:15,4578.700,4579.000,4576.700,4578.300
2026-08-20 20:20,4578.300,4578.500,4576.900,4577.800
2026-08-20 20:25,4577.800,4578.200,4576.700,4577.100
2026-08-20 20:30,4577.100,4577.200,4573.000,4574.200
2026-08-20 20:35,4574.200,4574.800,4573.500,4573.600
2026-08-20 20:40,4574.000,4574.900,4573.900,4574.400
2026-08-20 20:45,4574.600,4575.200,4574.100,4574.600
2026-08-20 20:50,4574.400,4577.300,4574.000,4575.700
2026-08-20 20:55,4576.100,4576.400,4574.900,4575.100
2026-08-20 22:00,4577.000,4577.700,4571.000,4575.700
2026-08-20 22:05,4576.400,4577.300,4574.300,4574.300
2026-08-20 22:10,4574.300,4575.700,4572.900,4574.600
2026-08-20 22:15,4574.600,4576.200,4574.600,4575.900
2026-08-20 22:20,4575.500,4576.100,4574.000,4574.300
2026-08-20 22:25,4574.600,4576.800,4574.400,4575.400
2026-08-20 22:30,4575.600,4576.300,4574.400,4576.000
2026-08-20 22:35,4576.000,4578.600,4575.700,4577.500
2026-08-20 22:40,4577.400,4579.800,4577.300,4578.700
2026-08-20 22:45,4578.900,4579.700,4575.500,4578.000
2026-08-20 22:50,4578.100,4580.200,4577.600,4579.700
2026-08-20 22:55,4579.500,4580.200,4579.300,4580.200
2026-08-20 23:00,4579.900,4585.800,4579.400,4585.100
2026-08-20 23:05,4585.100,4586.200,4580.900,4582.700
2026-08-20 23:10,4583.200,4589.000,4583.200,4587.600
2026-08-20 23:15,4587.500,4588.400,4585.300,4587.500
2026-08-20 23:20,4587.600,4587.600,4584.100,4584.800
2026-08-20 23:25,4584.900,4586.400,4578.500,4583.200
2026-08-20 23:30,4582.900,4584.500,4578.300,4579.400
2026-08-20 23:35,4579.400,4580.500,4577.100,4579.700
2026-08-20 23:40,4580.600,4581.400,4579.900,4580.800
2026-08-20 23:45,4581.000,4583.800,4579.200,4583.500
2026-08-20 23:50,4583.200,4584.300,4582.100,4584.200
2026-08-20 23:55,4583.500,4584.100,4581.900,4582.200
2026-08-21 00:00,4582.300,4583.700,4578.500,4578.800
2026-08-21 00:05,4579.100,4579.400,4576.000,4576.400
2026-08-21 00:10,4576.500,4579.500,4573.800,4575.100
2026-08-21 00:15,4574.900,4576.400,4571.000,4574.400
2026-08-21 00:20,4574.200,4575.700,4573.000,4574.300
2026-08-21 00:25,4575.000,4577.400,4570.400,4571.400
2026-08-21 00:30,4571.900,4573.900,4569.800,4571.200
2026-08-21 00:35,4571.100,4572.500,4568.400,4569.400
2026-08-21 00:40,4569.700,4571.400,4567.400,4570.400
2026-08-21 00:45,4570.700,4570.900,4566.800,4568.600
2026-08-21 00:50,4568.400,4569.400,4567.000,4568.100
2026-08-21 00:55,4567.800,4568.400,4566.300,4567.200
2026-08-21 01:00,4567.200,4574.100,4565.500,4569.600
2026-08-21 01:05,4570.000,4573.000,4568.900,4570.400
2026-08-21 01:10,4570.000,4577.700,4568.800,4577.400
2026-08-21 01:15,4577.500,4583.500,4577.000,4580.900
2026-08-21 01:20,4581.100,4586.500,4578.600,4583.100
2026-08-21 01:25,4583.300,4587.300,4581.800,4586.400
2026-08-21 01:30,4585.900,4596.700,4585.100,4594.000
2026-08-21 01:35,4594.100,4600.300,4583.000,4584.700
2026-08-21 01:40,4585.300,4585.400,4579.800,4582.400
2026-08-21 01:45,4582.600,4589.600,4582.200,4587.700
2026-08-21 01:50,4587.800,4588.700,4581.800,4582.400
2026-08-21 01:55,4582.400,4587.100,4582.300,4587.000
2026-08-21 02:00,4586.800,4587.500,4577.600,4578.400
2026-08-21 02:05,4578.800,4581.300,4576.800,4579.000
2026-08-21 02:10,4578.800,4579.500,4574.000,4576.300
2026-08-21 02:15,4577.200,4578.300,4576.100,4578.200
2026-08-21 02:20,4578.500,4583.300,4578.000,4583.200
2026-08-21 02:25,4583.200,4585.300,4582.000,4583.300
2026-08-21 02:30,4583.900,4586.700,4581.300,4582.300
2026-08-21 02:35,4582.500,4588.000,4582.500,4587.400
2026-08-21 02:40,4587.500,4594.000,4587.000,4593.700
2026-08-21 02:45,4594.100,4595.700,4591.000,4595.200
2026-08-21 02:50,4595.100,4599.200,4590.700,4597.100
2026-08-21 02:55,4597.200,4597.500,4588.700,4590.000
2026-08-21 03:00,4590.000,4594.700,4589.300,4589.500
2026-08-21 03:05,4590.000,4592.000,4588.200,4590.900
2026-08-21 03:10,4590.700,4593.000,4588.600,4588.900
2026-08-21 03:15,4588.900,4591.100,4588.200,4589.200
2026-08-21 03:20,4589.100,4591.200,4589.100,4590.000
2026-08-21 03:25,4590.000,4590.800,4585.700,4585.900
2026-08-21 03:30,4585.900,4591.800,4585.400,4591.600
2026-08-21 03:35,4591.500,4591.500,4585.100,4585.300
2026-08-21 03:40,4585.000,4585.400,4582.600,4585.000
2026-08-21 03:45,4585.200,4589.800,4584.200,4587.400
2026-08-21 03:50,4587.700,4589.300,4586.900,4589.300
2026-08-21 03:55,4589.000,4590.900,4588.300,4590.900
2026-08-21 04:00,4591.500,4595.500,4591.200,4594.700
2026-08-21 04:05,4594.500,4595.500,4592.100,4594.200
2026-08-21 04:10,4594.500,4598.500,4593.400,4596.600
2026-08-21 04:15,4596.400,4597.300,4594.000,4597.300
2026-08-21 04:20,4597.300,4602.400,4597.300,4599.600
2026-08-21 04:25,4599.500,4603.900,4598.900,4603.200
2026-08-21 04:30,4603.400,4604.400,4599.700,4600.400
2026-08-21 04:35,4601.000,4601.200,4597.100,4598.200
2026-08-21 04:40,4598.100,4599.600,4597.000,4598.100
2026-08-21 04:45,4598.000,4598.500,4596.600,4597.300
2026-08-21 04:50,4597.600,4598.700,4597.200,4597.600
2026-08-21 04:55,4597.500,4598.500,4596.300,4596.800
2026-08-21 05:00,4596.400,4596.900,4593.000,4594.100
2026-08-21 05:05,4594.200,4596.100,4591.200,4592.800
2026-08-21 05:10,4593.300,4594.000,4590.900,4593.600
2026-08-21 05:15,4593.700,4595.000,4587.000,4590.000
2026-08-21 05:20,4590.300,4591.000,4589.000,4590.100
2026-08-21 05:25,4590.300,4590.500,4586.700,4586.700
2026-08-21 05:30,4586.500,4594.500,4585.400,4594.400
2026-08-21 05:35,4594.500,4597.000,4591.800,4592.400
2026-08-21 05:40,4592.400,4599.700,4592.200,4599.500
2026-08-21 05:45,4599.500,4602.800,4597.800,4602.400
2026-08-21 05:50,4602.300,4605.400,4599.200,4604.000
2026-08-21 05:55,4604.300,4612.400,4604.000,4610.100
2026-08-21 06:00,4609.900,4611.500,4603.900,4605.800
2026-08-21 06:05,4605.600,4608.000,4603.200,4604.600
2026-08-21 06:10,4604.600,4606.400,4601.800,4605.200
2026-08-21 06:15,4605.400,4613.100,4605.400,4612.000
2026-08-21 06:20,4612.100,4613.000,4606.400,4606.900
2026-08-21 06:25,4607.000,4615.100,4606.400,4612.200
2026-08-21 06:30,4612.000,4620.400,4611.300,4618.200
2026-08-21 06:35,4618.200,4622.800,4618.200,4621.800
2026-08-21 06:40,4621.600,4621.900,4617.400,4619.500
2026-08-21 06:45,4619.700,4624.700,4619.700,4624.500
2026-08-21 06:50,4624.300,4624.500,4621.300,4621.500
2026-08-21 06:55,4621.500,4624.700,4617.800,4617.900
2026-08-21 07:00,4617.800,4623.000,4616.400,4623.000
2026-08-21 07:05,4622.800,4622.800,4615.800,4615.800
2026-08-21 07:10,4615.700,4618.700,4615.400,4618.400
2026-08-21 07:15,4618.600,4623.800,4616.700,4623.200
2026-08-21 07:20,4623.200,4624.800,4619.900,4620.700
2026-08-21 07:25,4620.700,4621.500,4617.600,4618.600
2026-08-21 07:30,4618.500,4621.800,4617.300,4619.300
2026-08-21 07:35,4618.300,4622.000,4617.000,4621.200
2026-08-21 07:40,4621.700,4623.500,4619.600,4621.100
2026-08-21 07:45,4621.400,4625.000,4619.500,4623.100
2026-08-21 07:50,4623.500,4624.000,4617.900,4618.800
2026-08-21 07:55,4618.700,4622.200,4618.100,4621.000
2026-08-21 08:00,4621.400,4623.500,4618.000,4618.200
2026-08-21 08:05,4618.000,4619.400,4615.800,4618.500
2026-08-21 08:10,4618.400,4625.000,4618.300,4622.300
2026-08-21 08:15,4622.600,4630.600,4620.800,4629.600
2026-08-21 08:20,4629.600,4636.300,4628.800,4634.500
2026-08-21 08:25,4634.400,4638.900,4634.400,4636.700
2026-08-21 08:30,4636.700,4638.600,4634.700,4637.800
2026-08-21 08:35,4638.000,4639.700,4633.500,4636.500
2026-08-21 08:40,4636.500,4641.200,4636.000,4639.700
2026-08-21 08:45,4639.600,4640.400,4637.400,4638.000
2026-08-21 08:50,4638.000,4640.000,4637.000,4638.500
2026-08-21 08:55,4638.300,4642.000,4637.100,4641.000
2026-08-21 09:00,4641.100,4642.900,4638.900,4642.900
2026-08-21 09:05,4642.900,4653.600,4641.500,4653.400
2026-08-21 09:10,4652.800,4659.000,4652.500,4656.800
2026-08-21 09:15,4656.900,4659.400,4650.400,4650.700
2026-08-21 09:20,4650.300,4650.600,4641.900,4644.200
2026-08-21 09:25,4644.100,4644.900,4638.300,4639.600
2026-08-21 09:30,4639.300,4641.900,4639.100,4640.100
2026-08-21 09:35,4640.100,4643.300,4638.100,4642.900
2026-08-21 09:40,4643.100,4644.300,4639.000,4640.400
2026-08-21 09:45,4640.300,4641.000,4638.200,4638.600
2026-08-21 09:50,4638.600,4641.300,4637.600,4641.300
2026-08-21 09:55,4641.400,4642.800,4638.100,4639.700
2026-08-21 10:00,4639.400,4646.000,4639.000,4642.100
2026-08-21 10:05,4642.100,4642.400,4638.400,4640.100
2026-08-21 10:10,4640.400,4641.100,4634.500,4635.700
2026-08-21 10:15,4636.000,4644.300,4635.300,4641.300
2026-08-21 10:20,4641.400,4643.800,4640.200,4642.900
2026-08-21 10:25,4643.100,4646.400,4642.700,4645.600
2026-08-21 10:30,4645.800,4648.000,4642.700,4648.000
2026-08-21 10:35,4647.600,4650.800,4646.700,4650.800
2026-08-21 10:40,4651.000,4651.600,4648.200,4650.400
2026-08-21 10:45,4650.400,4650.700,4647.000,4647.700
2026-08-21 10:50,4647.700,4650.000,4645.500,4647.300
2026-08-21 10:55,4647.400,4648.000,4645.000,4645.800
2026-08-21 11:00,4645.500,4652.400,4644.300,4651.200
2026-08-21 11:05,4651.100,4652.800,4647.900,4649.600
2026-08-21 11:10,4649.600,4650.400,4645.500,4647.500
2026-08-21 11:15,4648.200,4655.100,4648.200,4653.300
2026-08-21 11:20,4653.700,4659.300,4653.100,4655.400
2026-08-21 11:25,4654.900,4657.100,4652.900,4655.700
2026-08-21 11:30,4655.900,4656.100,4650.300,4652.200
2026-08-21 11:35,4652.200,4661.700,4652.200,4654.600
2026-08-21 11:40,4654.200,4655.000,4650.600,4654.300
2026-08-21 11:45,4654.300,4657.700,4653.800,4657.100
2026-08-21 11:50,4656.800,4657.500,4653.000,4654.900
2026-08-21 11:55,4655.200,4656.100,4653.500,4654.400
2026-08-21 12:00,4654.700,4659.100,4651.000,4652.900
2026-08-21 12:05,4653.200,4657.500,4649.000,4650.700
2026-08-21 12:10,4651.100,4651.200,4646.500,4650.000
2026-08-21 12:15,4650.100,4653.200,4643.200,4645.200
2026-08-21 12:20,4645.300,4646.400,4638.000,4642.800
2026-08-21 12:25,4642.800,4644.000,4640.800,4642.200
2026-08-21 12:30,4642.000,4642.000,4633.400,4634.900
2026-08-21 12:35,4635.000,4635.400,4621.200,4621.800
2026-08-21 12:40,4621.800,4632.800,4620.500,4630.500
2026-08-21 12:45,4630.300,4636.600,4630.200,4636.300
2026-08-21 12:50,4636.400,4637.900,4633.800,4636.600
2026-08-21 12:55,4637.000,4637.900,4631.400,4634.700
2026-08-21 13:00,4634.600,4641.500,4632.500,4637.600
2026-08-21 13:05,4637.700,4640.800,4636.100,4637.700
2026-08-21 13:10,4637.800,4643.900,4637.000,4642.000
2026-08-21 13:15,4642.400,4644.700,4636.500,4637.600
2026-08-21 13:20,4637.400,4643.700,4635.900,4640.000
2026-08-21 13:25,4639.900,4642.300,4638.400,4641.100
2026-08-21 13:30,4640.900,4643.800,4630.600,4631.000
2026-08-21 13:35,4630.800,4647.900,4630.000,4644.600
2026-08-21 13:40,4644.000,4647.700,4641.100,4645.000
2026-08-21 13:45,4644.600,4650.200,4639.700,4647.100
2026-08-21 13:50,4646.500,4648.000,4633.800,4638.300
2026-08-21 13:55,4638.700,4642.900,4637.200,4638.300
2026-08-21 14:00,4638.100,4646.200,4637.000,4645.600
2026-08-21 14:05,4645.800,4647.800,4640.100,4644.300
2026-08-21 14:10,4644.400,4646.600,4641.600,4646.300
2026-08-21 14:15,4646.400,4647.600,4642.900,4646.700
2026-08-21 14:20,4646.400,4654.500,4646.300,4653.800
2026-08-21 14:25,4654.000,4659.800,4654.000,4659.500
2026-08-21 14:30,4659.700,4660.200,4646.500,4646.600
2026-08-21 14:35,4646.700,4649.200,4637.400,4638.400
2026-08-21 14:40,4638.300,4646.200,4636.500,4639.000
2026-08-21 14:45,4639.100,4648.300,4637.000,4647.900
2026-08-21 14:50,4648.000,4652.000,4644.900,4646.500
2026-08-21 14:55,4646.100,4649.100,4640.900,4648.100
2026-08-21 15:00,4648.500,4651.100,4644.100,4650.200
2026-08-21 15:05,4650.300,4655.100,4649.100,4651.000
2026-08-21 15:10,4651.100,4654.700,4650.800,4652.200
2026-08-21 15:15,4652.300,4656.300,4652.000,4654.900
2026-08-21 15:20,4654.800,4660.100,4652.500,4659.700
2026-08-21 15:25,4659.800,4665.500,4657.400,4660.300
2026-08-21 15:30,4660.300,4663.800,4657.000,4663.600
2026-08-21 15:35,4663.600,4666.000,4662.500,4664.200
2026-08-21 15:40,4664.000,4668.200,4663.100,4666.900
2026-08-21 15:45,4667.200,4669.000,4664.200,4665.100
2026-08-21 15:50,4665.200,4673.000,4664.700,4671.400
2026-08-21 15:55,4671.500,4672.800,4668.200,4672.000
2026-08-21 16:00,4672.100,4675.000,4670.500,4674.300
2026-08-21 16:05,4674.200,4674.500,4666.300,4667.600
2026-08-21 16:10,4667.800,4673.400,4667.600,4672.100
2026-08-21 16:15,4672.100,4673.500,4671.100,4671.600
2026-08-21 16:20,4671.400,4678.400,4668.700,4670.200
2026-08-21 16:25,4670.300,4672.000,4667.800,4671.600
2026-08-21 16:30,4671.700,4673.700,4669.800,4673.200
2026-08-21 16:35,4672.900,4678.500,4672.000,4676.700
2026-08-21 16:40,4676.800,4679.600,4674.900,4678.900
2026-08-21 16:45,4678.900,4682.300,4678.400,4681.100
2026-08-21 16:50,4681.200,4685.000,4681.200,4684.900
2026-08-21 16:55,4684.800,4687.200,4683.300,4686.600
2026-08-21 17:00,4686.700,4689.000,4684.600,4685.600
2026-08-21 17:05,4685.700,4690.400,4684.000,4689.000
2026-08-21 17:10,4688.800,4689.800,4679.700,4681.400
2026-08-21 17:15,4681.300,4684.200,4680.100,4681.500
2026-08-21 17:20,4681.200,4682.700,4673.400,4676.400
2026-08-21 17:25,4676.400,4683.000,4673.600,4680.100
2026-08-21 17:30,4680.400,4680.500,4677.600,4678.600
2026-08-21 17:35,4678.900,4683.100,4678.800,4680.900
2026-08-21 17:40,4680.800,4682.900,4676.900,4677.700
2026-08-21 17:45,4678.000,4678.200,4675.100,4676.200
2026-08-21 17:50,4677.000,4680.700,4676.200,4677.800
2026-08-21 17:55,4677.900,4679.600,4677.500,4678.700
2026-08-21 18:00,4679.000,4684.400,4678.600,4684.400
2026-08-21 18:05,4684.300,4685.900,4682.400,4684.000
2026-08-21 18:10,4684.100,4684.300,4681.400,4682.500
2026-08-21 18:15,4682.500,4685.300,4682.500,4684.900
2026-08-21 18:20,4684.800,4685.800,4683.700,4684.500
2026-08-21 18:25,4684.700,4686.100,4682.700,4683.500
2026-08-21 18:30,4683.300,4683.300,4677.600,4680.200
2026-08-21 18:35,4680.500,4681.100,4677.500,4677.700
2026-08-21 18:40,4678.000,4679.300,4678.000,4678.500
2026-08-21 18:45,4678.800,4684.000,4678.800,4682.300
2026-08-21 18:50,4682.400,4682.600,4680.500,4682.400
2026-08-21 18:55,4682.400,4682.400,4680.800,4681.800
2026-08-21 19:00,4682.100,4683.100,4678.800,4679.300
2026-08-21 19:05,4679.300,4679.800,4675.900,4678.600
2026-08-21 19:10,4678.400,4680.800,4678.000,4680.000
2026-08-21 19:15,4680.200,4680.200,4677.500,4679.800
2026-08-21 19:20,4679.700,4680.400,4679.200,4679.500
2026-08-21 19:25,4679.700,4680.100,4675.300,4675.600
2026-08-21 19:30,4675.500,4676.900,4674.000,4674.100
2026-08-21 19:35,4674.400,4675.600,4673.000,4674.900
2026-08-21 19:40,4675.400,4676.800,4675.000,4675.400
2026-08-21 19:45,4675.400,4680.300,4674.500,4680.100
2026-08-21 19:50,4679.700,4680.600,4678.300,4679.900
2026-08-21 19:55,4679.600,4679.700,4673.000,4674.700
2026-08-21 20:00,4674.600,4674.800,4672.600,4674.800
2026-08-21 20:05,4674.700,4675.400,4673.000,4673.700
2026-08-21 20:10,4674.100,4675.200,4673.500,4674.600
2026-08-21 20:15,4674.400,4675.000,4668.700,4670.100
2026-08-21 20:20,4670.300,4670.800,4667.700,4668.500
2026-08-21 20:25,4668.600,4669.200,4667.600,4668.000
2026-08-21 20:30,4668.000,4669.400,4667.500,4668.500
2026-08-21 20:35,4668.100,4669.600,4665.400,4666.000
2026-08-21 20:40,4666.000,4667.400,4665.600,4665.800
2026-08-21 20:45,4665.600,4666.400,4661.000,4664.000
2026-08-21 20:50,4663.500,4664.900,4661.400,4663.200
2026-08-21 20:55,4663.200,4680.600,4661.000,4680.600
2026-08-23 22:10,4675.400,4679.100,4673.800,4675.400
2026-08-23 22:15,4675.100,4675.800,4670.600,4675.800
2026-08-23 22:20,4675.900,4678.700,4672.900,4674.900
2026-08-23 22:25,4674.800,4674.800,4670.200,4671.600
2026-08-23 22:30,4671.100,4674.200,4670.800,4671.600
2026-08-23 22:35,4672.000,4673.900,4668.800,4668.900
2026-08-23 22:40,4668.900,4669.500,4664.000,4667.500
2026-08-23 22:45,4667.600,4668.000,4664.300,4665.900
2026-08-23 22:50,4665.600,4666.200,4664.100,4665.100
2026-08-23 22:55,4664.900,4665.000,4663.000,4663.100
2026-08-23 23:00,4663.500,4666.300,4662.100,4664.600
2026-08-23 23:05,4664.400,4665.000,4661.900,4665.000
2026-08-23 23:10,4665.000,4666.500,4664.800,4665.000
2026-08-23 23:15,4664.800,4665.300,4664.000,4664.600
2026-08-23 23:20,4665.000,4670.700,4664.800,4669.400
2026-08-23 23:25,4669.800,4673.900,4668.400,4672.600
2026-08-23 23:30,4672.400,4675.700,4671.400,4675.300
2026-08-23 23:35,4675.100,4676.300,4670.700,4670.800
2026-08-23 23:40,4670.800,4671.700,4664.800,4665.500
2026-08-23 23:45,4665.700,4672.400,4665.400,4672.100
2026-08-23 23:50,4672.300,4679.800,4672.300,4679.600
2026-08-23 23:55,4679.600,4682.000,4679.400,4681.600
2026-08-24 00:00,4681.600,4685.500,4677.800,4684.800
2026-08-24 00:05,4685.000,4696.800,4685.000,4692.200
2026-08-24 00:10,4692.200,4698.600,4691.300,4694.900
2026-08-24 00:15,4694.800,4698.100,4686.200,4686.900
2026-08-24 00:20,4687.100,4687.600,4669.400,4670.000
2026-08-24 00:25,4670.100,4670.200,4651.800,4661.600
2026-08-24 00:30,4661.600,4666.000,4659.500,4659.500
2026-08-24 00:35,4659.600,4665.800,4658.200,4658.500
2026-08-24 00:40,4658.600,4664.400,4658.300,4664.100
2026-08-24 00:45,4663.100,4672.400,4660.900,4671.100
2026-08-24 00:50,4670.900,4674.500,4668.600,4674.000
2026-08-24 00:55,4674.300,4680.300,4672.800,4678.800
2026-08-24 01:00,4679.000,4692.000,4675.700,4678.800
2026-08-24 01:05,4680.000,4686.300,4676.800,4680.000
2026-08-24 01:10,4680.200,4684.600,4678.700,4679.100
2026-08-24 01:15,4679.000,4682.600,4673.600,4678.600
2026-08-24 01:20,4678.400,4678.700,4667.900,4671.600
2026-08-24 01:25,4671.600,4674.900,4669.000,4671.400
2026-08-24 01:30,4671.500,4671.500,4664.600,4671.300
2026-08-24 01:35,4671.300,4677.700,4669.000,4670.300
2026-08-24 01:40,4670.400,4675.000,4664.600,4674.600
2026-08-24 01:45,4674.800,4675.400,4671.500,4675.400
2026-08-24 01:50,4676.000,4686.600,4676.000,4685.300
2026-08-24 01:55,4685.100,4694.300,4683.000,4688.600
2026-08-24 02:00,4688.700,4695.300,4684.400,4693.600
2026-08-24 02:05,4693.700,4700.000,4690.700,4699.200
2026-08-24 02:10,4699.600,4709.000,4699.000,4707.500
2026-08-24 02:15,4707.100,4712.300,4706.200,4711.000
2026-08-24 02:20,4711.200,4712.000,4706.200,4711.100
2026-08-24 02:25,4710.600,4712.400,4706.500,4712.300
2026-08-24 02:30,4712.400,4713.800,4706.500,4708.700
2026-08-24 02:35,4708.900,4710.800,4701.900,4702.500
2026-08-24 02:40,4702.000,4702.900,4694.600,4694.900
2026-08-24 02:45,4694.600,4695.000,4684.300,4685.500
2026-08-24 02:50,4685.400,4695.000,4684.800,4695.000
2026-08-24 02:55,4694.800,4701.500,4694.200,4700.400
2026-08-24 03:00,4700.400,4700.700,4694.700,4696.900
2026-08-24 03:05,4696.500,4696.500,4691.500,4694.500
2026-08-24 03:10,4694.500,4696.400,4690.000,4694.100
2026-08-24 03:15,4694.200,4698.000,4693.800,4695.000
2026-08-24 03:20,4695.400,4700.500,4691.800,4698.600
2026-08-24 03:25,4699.500,4705.100,4699.200,4700.500
2026-08-24 03:30,4700.600,4704.700,4700.600,4704.700
2026-08-24 03:35,4704.700,4707.000,4703.500,4704.100
2026-08-24 03:40,4704.400,4705.000,4699.600,4700.000
2026-08-24 03:45,4699.800,4701.900,4699.100,4699.600
2026-08-24 03:50,4699.700,4701.500,4697.700,4698.100
2026-08-24 03:55,4698.100,4700.400,4696.800,4698.200
2026-08-24 04:00,4698.200,4699.000,4694.100,4696.300
2026-08-24 04:05,4695.800,4695.800,4688.900,4690.200
2026-08-24 04:10,4690.000,4695.000,4689.400,4694.700
2026-08-24 04:15,4694.700,4697.100,4690.800,4695.800
2026-08-24 04:20,4696.300,4696.500,4693.400,4693.400
2026-08-24 04:25,4694.100,4698.100,4694.000,4696.600
2026-08-24 04:30,4696.600,4697.000,4689.100,4691.300
2026-08-24 04:35,4691.500,4693.600,4691.000,4692.900
2026-08-24 04:40,4693.200,4694.600,4691.300,4694.400
2026-08-24 04:45,4694.100,4695.300,4692.000,4692.600
2026-08-24 04:50,4692.700,4696.300,4692.000,4696.000
2026-08-24 04:55,4696.200,4696.400,4693.400,4695.200
2026-08-24 05:00,4695.800,4698.000,4694.900,4696.000
2026-08-24 05:05,4695.800,4698.800,4695.800,4696.100
2026-08-24 05:10,4696.100,4699.400,4695.600,4699.100
2026-08-24 05:15,4699.500,4702.500,4697.500,4699.000
2026-08-24 05:20,4699.200,4699.200,4694.100,4694.400
2026-08-24 05:25,4694.300,4698.300,4692.200,4692.200
2026-08-24 05:30,4692.000,4695.600,4685.500,4688.800
2026-08-24 05:35,4688.900,4695.000,4687.000,4689.300
2026-08-24 05:40,4689.300,4691.600,4687.500,4689.400
2026-08-24 05:45,4689.200,4694.500,4686.300,4694.500
2026-08-24 05:50,4694.800,4699.300,4692.600,4694.700
2026-08-24 05:55,4694.800,4697.600,4693.900,4697.300
2026-08-24 06:00,4697.500,4702.300,4695.800,4701.100
2026-08-24 06:05,4701.200,4708.000,4699.400,4705.400
2026-08-24 06:10,4705.500,4708.800,4703.500,4708.200
2026-08-24 06:15,4708.500,4716.700,4708.500,4712.700
2026-08-24 06:20,4713.200,4715.000,4702.900,4706.600
2026-08-24 06:25,4706.300,4706.500,4697.400,4698.700
2026-08-24 06:30,4699.300,4708.900,4698.600,4706.900
2026-08-24 06:35,4707.300,4710.100,4706.900,4707.900
2026-08-24 06:40,4707.800,4708.300,4698.400,4699.500
2026-08-24 06:45,4699.500,4706.300,4699.000,4706.200
2026-08-24 06:50,4706.100,4710.100,4702.000,4707.300
2026-08-24 06:55,4707.700,4707.700,4705.200,4706.700
2026-08-24 07:00,4706.400,4711.000,4703.800,4705.100
2026-08-24 07:05,4705.100,4706.500,4700.600,4702.700
2026-08-24 07:10,4703.000,4705.700,4700.800,4704.400
2026-08-24 07:15,4704.000,4706.200,4698.600,4701.700
2026-08-24 07:20,4701.900,4703.800,4698.400,4698.900
2026-08-24 07:25,4699.300,4703.200,4698.000,4699.000
2026-08-24 07:30,4698.400,4702.600,4697.200,4702.400
2026-08-24 07:35,4702.500,4704.000,4698.900,4700.400
2026-08-24 07:40,4700.700,4700.900,4690.500,4690.600
2026-08-24 07:45,4691.100,4691.400,4686.200,4687.400
2026-08-24 07:50,4687.400,4692.900,4686.000,4691.100
2026-08-24 07:55,4691.700,4699.700,4691.400,4697.400
2026-08-24 08:00,4697.800,4699.600,4692.200,4696.400
2026-08-24 08:05,4697.400,4702.000,4692.400,4694.100
2026-08-24 08:10,4694.200,4696.400,4691.400,4692.700
2026-08-24 08:15,4693.000,4693.500,4687.100,4691.300
2026-08-24 08:20,4692.000,4694.300,4690.300,4691.800
2026-08-24 08:25,4691.800,4696.200,4684.800,4684.800
2026-08-24 08:30,4685.000,4690.100,4684.200,4690.100
2026-08-24 08:35,4690.000,4693.200,4689.300,4693.100
2026-08-24 08:40,4692.900,4701.800,4691.800,4700.900
2026-08-24 08:45,4701.300,4702.000,4697.900,4699.200
2026-08-24 08:50,4699.500,4700.200,4695.900,4697.300
2026-08-24 08:55,4697.500,4698.200,4691.200,4693.500
2026-08-24 09:00,4693.700,4698.700,4692.900,4697.800
2026-08-24 09:05,4698.100,4700.300,4695.600,4697.800
2026-08-24 09:10,4697.900,4699.300,4694.600,4697.300
2026-08-24 09:15,4697.200,4697.200,4690.300,4691.900
2026-08-24 09:20,4692.000,4694.700,4691.300,4692.800
2026-08-24 09:25,4692.200,4694.200,4690.900,4691.400
2026-08-24 09:30,4691.600,4696.600,4690.000,4691.000
2026-08-24 09:35,4691.200,4693.100,4688.800,4692.800
2026-08-24 09:40,4693.100,4695.900,4692.500,4695.300
2026-08-24 09:45,4695.300,4701.400,4695.200,4700.400
2026-08-24 09:50,4700.300,4701.800,4698.100,4700.900
2026-08-24 09:55,4700.700,4702.700,4699.700,4702.400
2026-08-24 10:00,4702.400,4706.600,4702.400,4705.700
2026-08-24 10:05,4705.900,4707.000,4703.000,4704.000
2026-08-24 10:10,4704.300,4707.000,4702.500,4704.900
2026-08-24 10:15,4705.300,4705.600,4703.200,4703.600
2026-08-24 10:20,4704.200,4704.400,4699.900,4701.800
2026-08-24 10:25,4701.800,4703.200,4699.200,4700.700
2026-08-24 10:30,4700.400,4702.800,4699.900,4702.500
2026-08-24 10:35,4702.600,4706.400,4700.100,4705.300
2026-08-24 10:40,4705.000,4705.900,4701.100,4701.300
2026-08-24 10:45,4701.400,4702.500,4698.600,4702.500
2026-08-24 10:50,4702.700,4704.300,4701.500,4703.000
2026-08-24 10:55,4702.900,4703.800,4699.700,4700.300
2026-08-24 11:00,4700.100,4703.900,4697.000,4702.600
2026-08-24 11:05,4703.500,4703.500,4696.900,4697.500
2026-08-24 11:10,4697.400,4701.900,4696.200,4699.200
2026-08-24 11:15,4699.600,4702.600,4698.700,4701.900
2026-08-24 11:20,4702.100,4703.200,4697.900,4698.600
2026-08-24 11:25,4698.300,4705.400,4698.000,4704.000
2026-08-24 11:30,4704.100,4709.600,4700.900,4709.500
2026-08-24 11:35,4709.100,4728.300,4708.000,4718.400
2026-08-24 11:40,4718.500,4724.600,4711.600,4716.700
2026-08-24 11:45,4716.900,4719.200,4705.600,4706.600
2026-08-24 11:50,4706.700,4717.900,4705.800,4716.900
2026-08-24 11:55,4716.900,4717.400,4713.000,4715.000
2026-08-24 12:00,4715.200,4716.200,4707.500,4709.900
2026-08-24 12:05,4709.900,4714.000,4707.400,4712.300
2026-08-24 12:10,4712.500,4717.800,4711.500,4715.500
2026-08-24 12:15,4714.700,4714.700,4709.400,4710.800
2026-08-24 12:20,4710.600,4717.500,4709.000,4715.000
2026-08-24 12:25,4715.100,4720.500,4712.400,4719.400
2026-08-24 12:30,4719.400,4719.400,4702.000,4712.200
2026-08-24 12:35,4712.000,4721.700,4712.000,4720.500
2026-08-24 12:40,4720.800,4726.900,4712.800,4715.000
2026-08-24 12:45,4715.300,4719.700,4711.900,4719.700
2026-08-24 12:50,4719.500,4724.900,4718.800,4724.700
2026-08-24 12:55,4724.900,4725.200,4719.200,4720.700
2026-08-24 13:00,4720.900,4729.100,4719.300,4724.600
2026-08-24 13:05,4725.300,4732.000,4724.800,4731.400
2026-08-24 13:10,4731.200,4735.700,4731.000,4735.000
2026-08-24 13:15,4734.900,4735.900,4729.000,4729.800
2026-08-24 13:20,4729.800,4730.300,4725.100,4728.300
2026-08-24 13:25,4728.200,4732.100,4725.600,4730.100
2026-08-24 13:30,4730.100,4737.800,4727.600,4737.300
2026-08-24 13:35,4737.200,4738.500,4724.100,4724.400
2026-08-24 13:40,4724.300,4731.600,4715.600,4716.000
2026-08-24 13:45,4715.800,4735.600,4713.300,4731.100
2026-08-24 13:50,4731.200,4733.300,4715.200,4724.200
2026-08-24 13:55,4724.200,4726.300,4716.100,4721.800
2026-08-24 14:00,4721.500,4725.100,4717.000,4719.700
2026-08-24 14:05,4720.300,4727.900,4719.700,4727.700
2026-08-24 14:10,4727.500,4729.200,4718.300,4722.500
2026-08-24 14:15,4722.300,4722.800,4712.000,4722.200
2026-08-24 14:20,4722.600,4727.000,4721.700,4723.700
2026-08-24 14:25,4723.600,4732.200,4723.300,4729.000
2026-08-24 14:30,4729.100,4734.700,4727.800,4733.900
2026-08-24 14:35,4734.100,4736.100,4732.000,4732.900
2026-08-24 14:40,4733.300,4735.300,4726.400,4729.200
2026-08-24 14:45,4729.500,4730.700,4721.700,4722.700
2026-08-24 14:50,4723.200,4725.700,4714.000,4725.600
2026-08-24 14:55,4725.500,4733.300,4724.200,4727.600
2026-08-24 15:00,4727.800,4734.000,4722.600,4732.700
2026-08-24 15:05,4733.000,4733.600,4730.000,4730.600
2026-08-24 15:10,4730.800,4732.300,4728.300,4730.300
2026-08-24 15:15,4730.300,4731.100,4726.700,4730.500
2026-08-24 15:20,4730.500,4730.500,4725.300,4727.100
2026-08-24 15:25,4727.500,4737.000,4726.500,4733.000
2026-08-24 15:30,4733.100,4735.200,4727.100,4729.500
2026-08-24 15:35,4729.800,4731.700,4724.400,4725.100
2026-08-24 15:40,4725.500,4725.500,4716.800,4718.000
2026-08-24 15:45,4717.600,4720.300,4701.800,4703.800
2026-08-24 15:50,4703.500,4712.500,4703.500,4710.100
2026-08-24 15:55,4710.000,4710.000,4696.500,4706.000
2026-08-24 16:00,4706.000,4718.900,4703.100,4715.800
2026-08-24 16:05,4716.300,4719.000,4711.300,4712.100
2026-08-24 16:10,4711.600,4715.300,4710.800,4714.800
2026-08-24 16:15,4714.500,4717.700,4713.400,4715.900
2026-08-24 16:20,4715.900,4716.600,4713.300,4713.600
2026-08-24 16:25,4713.900,4716.600,4713.400,4716.200
2026-08-24 16:30,4716.200,4718.800,4716.000,4717.800
2026-08-24 16:35,4717.800,4719.600,4716.600,4717.000
2026-08-24 16:40,4716.800,4718.800,4715.900,4717.100
2026-08-24 16:45,4717.300,4717.700,4712.700,4715.000
2026-08-24 16:50,4715.200,4715.200,4708.600,4709.900
2026-08-24 16:55,4709.500,4709.700,4697.900,4701.900
2026-08-24 17:00,4702.100,4704.900,4698.800,4702.800
2026-08-24 17:05,4703.700,4712.700,4701.300,4709.700
2026-08-24 17:10,4709.400,4711.800,4706.600,4709.000
2026-08-24 17:15,4708.800,4711.200,4704.900,4705.400
2026-08-24 17:20,4705.100,4705.100,4686.600,4693.100
2026-08-24 17:25,4693.000,4701.900,4689.600,4695.000
2026-08-24 17:30,4695.100,4697.800,4692.100,4694.500
2026-08-24 17:35,4694.200,4699.600,4693.500,4697.700
2026-08-24 17:40,4698.000,4698.900,4695.100,4695.500
2026-08-24 17:45,4695.200,4695.800,4690.300,4690.300
2026-08-24 17:50,4690.300,4695.400,4689.300,4690.700
2026-08-24 17:55,4690.500,4694.100,4689.500,4693.300
2026-08-24 18:00,4693.000,4697.500,4691.600,4696.900
2026-08-24 18:05,4696.600,4696.800,4681.200,4688.700
2026-08-24 18:10,4688.700,4691.500,4686.600,4688.500
2026-08-24 18:15,4688.900,4691.100,4684.100,4684.800
2026-08-24 18:20,4684.700,4693.300,4683.700,4693.200
2026-08-24 18:25,4693.000,4699.000,4693.000,4697.300
2026-08-24 18:30,4697.200,4698.700,4688.200,4688.800
2026-08-24 18:35,4688.800,4689.600,4681.400,4686.600
2026-08-24 18:40,4686.400,4692.100,4686.400,4691.100
2026-08-24 18:45,4691.400,4691.700,4687.800,4689.400
2026-08-24 18:50,4689.300,4691.400,4689.200,4689.700
2026-08-24 18:55,4689.900,4694.000,4689.900,4693.000
2026-08-24 19:00,4692.700,4697.000,4692.500,4695.400
2026-08-24 19:05,4695.200,4696.900,4692.600,4694.800
2026-08-24 19:10,4694.900,4695.300,4692.200,4692.500
2026-08-24 19:15,4692.700,4699.000,4692.200,4699.000
2026-08-24 19:20,4698.700,4701.200,4697.500,4698.900
2026-08-24 19:25,4698.600,4699.200,4696.300,4697.700
2026-08-24 19:30,4697.600,4698.400,4696.200,4696.900
2026-08-24 19:35,4696.800,4702.200,4696.600,4700.400
2026-08-24 19:40,4700.800,4701.700,4700.600,4701.400
2026-08-24 19:45,4706.400,4711.200,4705.700,4710.900
2026-08-24 19:50,4711.200,4712.100,4707.400,4709.000
2026-08-24 19:55,4709.000,4710.100,4706.200,4707.500
2026-08-24 20:00,4707.900,4711.100,4706.600,4710.400
2026-08-24 20:05,4710.300,4711.100,4709.600,4710.300
2026-08-24 20:10,4710.200,4711.500,4706.400,4707.200
2026-08-24 20:15,4706.900,4710.000,4706.900,4707.900
2026-08-24 20:20,4707.900,4708.700,4706.800,4707.000
2026-08-24 20:25,4706.600,4706.700,4705.000,4705.300
2026-08-24 20:30,4705.600,4706.200,4704.600,4704.800
2026-08-24 20:35,4704.800,4705.600,4704.200,4705.000
2026-08-24 20:40,4704.600,4704.900,4703.500,4703.900
2026-08-24 20:45,4704.400,4707.500,4703.400,4707.000
2026-08-24 20:50,4706.600,4708.000,4705.400,4707.700
2026-08-24 20:55,4708.100,4710.000,4706.400,4710.000
2026-08-24 22:00,4710.100,4714.000,4708.400,4713.100
2026-08-24 22:05,4713.000,4718.000,4712.500,4716.000
2026-08-24 22:10,4716.100,4717.000,4714.800,4715.600
2026-08-24 22:15,4715.900,4716.400,4714.800,4714.800
2026-08-24 22:20,4714.400,4715.700,4714.400,4715.000
2026-08-24 22:25,4715.100,4715.200,4713.500,4714.200
2026-08-24 22:30,4714.900,4716.000,4714.000,4716.000
2026-08-24 22:35,4715.900,4718.000,4715.900,4717.200
2026-08-24 22:40,4717.600,4718.100,4717.000,4718.000
2026-08-24 22:45,4718.200,4719.500,4717.800,4719.400
2026-08-24 22:50,4719.000,4722.000,4719.000,4721.400
2026-08-24 22:55,4721.300,4725.600,4720.800,4724.500
2026-08-24 23:00,4724.600,4726.600,4724.600,4725.300
2026-08-24 23:05,4725.000,4726.300,4723.000,4726.300
2026-08-24 23:10,4726.000,4729.400,4725.800,4729.200
2026-08-24 23:15,4729.200,4733.700,4729.200,4731.800
2026-08-24 23:20,4731.600,4732.500,4730.300,4731.500
2026-08-24 23:25,4731.400,4731.600,4726.000,4726.000
2026-08-24 23:30,4726.100,4730.100,4724.500,4729.400
2026-08-24 23:35,4729.300,4734.100,4728.500,4732.100
2026-08-24 23:40,4732.500,4734.100,4732.400,4734.000
2026-08-24 23:45,4733.800,4734.600,4732.000,4734.000
2026-08-24 23:50,4734.400,4740.600,4734.100,4736.500
2026-08-24 23:55,4736.300,4738.500,4735.000,4737.200
2026-08-25 00:00,4737.300,4746.400,4734.300,4734.500
2026-08-25 00:05,4734.000,4744.500,4732.700,4739.000
2026-08-25 00:10,4738.800,4749.000,4737.200,4747.800
2026-08-25 00:15,4747.800,4748.900,4738.100,4738.500
2026-08-25 00:20,4738.700,4740.100,4736.100,4737.000
2026-08-25 00:25,4736.700,4741.100,4733.800,4739.800
2026-08-25 00:30,4740.000,4750.600,4739.100,4745.300
2026-08-25 00:35,4745.700,4753.400,4745.200,4752.500
2026-08-25 00:40,4752.500,4755.000,4749.500,4751.300
2026-08-25 00:45,4751.500,4752.400,4745.400,4749.900
2026-08-25 00:50,4749.800,4751.300,4744.500,4745.700
2026-08-25 00:55,4745.400,4746.400,4740.700,4741.000
2026-08-25 01:00,4740.800,4743.300,4727.600,4734.000
2026-08-25 01:05,4734.000,4737.500,4728.300,4735.600
2026-08-25 01:10,4735.900,4737.000,4731.800,4735.000
2026-08-25 01:15,4734.100,4737.100,4730.000,4734.500
2026-08-25 01:20,4734.500,4734.700,4722.900,4723.500
2026-08-25 01:25,4723.400,4729.300,4720.600,4726.000
2026-08-25 01:30,4726.600,4731.300,4723.900,4724.600
2026-08-25 01:35,4724.400,4730.900,4723.300,4725.100
2026-08-25 01:40,4725.000,4729.900,4724.200,4726.700
2026-08-25 01:45,4726.900,4732.500,4721.600,4731.600
2026-08-25 01:50,4731.300,4731.400,4720.100,4721.400
2026-08-25 01:55,4721.800,4721.800,4713.200,4714.700
2026-08-25 02:00,4714.500,4718.300,4707.100,4708.200
2026-08-25 02:05,4708.100,4708.100,4694.500,4701.300
2026-08-25 02:10,4700.100,4702.300,4694.200,4698.100
2026-08-25 02:15,4697.700,4706.500,4697.100,4705.900
2026-08-25 02:20,4706.000,4711.900,4705.800,4710.700
2026-08-25 02:25,4710.400,4713.000,4708.800,4712.800
2026-08-25 02:30,4712.500,4712.900,4698.800,4702.800
2026-08-25 02:35,4702.800,4703.400,4695.700,4699.900
2026-08-25 02:40,4699.700,4703.800,4686.800,4686.800
2026-08-25 02:45,4687.300,4693.700,4686.200,4689.400
2026-08-25 02:50,4689.100,4692.700,4670.500,4682.600
2026-08-25 02:55,4682.600,4685.500,4676.900,4685.500
2026-08-25 03:00,4685.700,4687.300,4678.100,4679.500
2026-08-25 03:05,4679.800,4693.800,4678.700,4690.900
2026-08-25 03:10,4690.700,4693.700,4687.600,4689.500
2026-08-25 03:15,4689.600,4692.900,4687.900,4691.100
2026-08-25 03:20,4690.900,4692.900,4688.500,4690.400
2026-08-25 03:25,4690.800,4694.100,4690.800,4693.900
2026-08-25 03:30,4693.000,4697.700,4691.900,4696.000
2026-08-25 03:35,4696.000,4697.000,4690.000,4691.200
2026-08-25 03:40,4691.400,4693.100,4690.000,4690.100
2026-08-25 03:45,4690.100,4691.000,4687.500,4689.700
2026-08-25 03:50,4688.900,4690.400,4687.200,4688.900
2026-08-25 03:55,4689.100,4691.600,4688.200,4688.300
2026-08-25 04:00,4689.400,4691.300,4686.400,4690.400
2026-08-25 04:05,4690.500,4692.500,4690.100,4691.700
2026-08-25 04:10,4692.000,4693.500,4690.900,4693.200
2026-08-25 04:15,4692.600,4693.000,4688.900,4690.000
2026-08-25 04:20,4691.500,4691.500,4686.800,4688.600
2026-08-25 04:25,4688.400,4688.700,4684.600,4686.700
2026-08-25 04:30,4686.600,4688.300,4681.300,4685.800
2026-08-25 04:35,4685.800,4686.800,4682.100,4682.900
2026-08-25 04:40,4682.900,4683.300,4679.500,4681.600
2026-08-25 04:45,4681.400,4682.500,4680.400,4682.200
2026-08-25 04:50,4681.500,4684.100,4679.900,4682.800
2026-08-25 04:55,4682.300,4683.200,4681.000,4681.100
2026-08-25 05:00,4681.300,4684.400,4679.300,4683.900
2026-08-25 05:05,4685.000,4694.500,4684.900,4691.300
2026-08-25 05:10,4691.700,4694.900,4691.200,4693.600
2026-08-25 05:15,4693.500,4699.900,4693.500,4699.800
2026-08-25 05:20,4700.000,4701.900,4698.800,4700.000
2026-08-25 05:25,4699.800,4704.000,4698.600,4702.400
2026-08-25 05:30,4702.500,4703.300,4695.200,4698.100
2026-08-25 05:35,4698.700,4702.200,4697.800,4699.300
2026-08-25 05:40,4698.600,4698.900,4693.700,4694.700
2026-08-25 05:45,4694.500,4698.000,4691.700,4695.100
2026-08-25 05:50,4695.200,4699.400,4692.400,4698.900
2026-08-25 05:55,4700.300,4701.500,4696.900,4698.500
2026-08-25 06:00,4698.400,4702.000,4697.000,4700.200
2026-08-25 06:05,4700.200,4704.300,4699.700,4703.900
2026-08-25 06:10,4704.000,4706.600,4704.000,4705.700
2026-08-25 06:15,4705.600,4705.600,4702.700,4703.600
2026-08-25 06:20,4703.800,4708.400,4701.600,4707.900
2026-08-25 06:25,4707.900,4709.600,4706.000,4706.300
2026-08-25 06:30,4706.200,4709.600,4705.200,4707.900
2026-08-25 06:35,4707.400,4708.500,4704.500,4706.200
2026-08-25 06:40,4706.100,4708.800,4704.000,4704.000
2026-08-25 06:45,4704.200,4705.700,4702.800,4704.100
2026-08-25 06:50,4704.200,4704.300,4696.600,4698.000
2026-08-25 06:55,4697.700,4698.300,4693.000,4694.600
2026-08-25 07:00,4695.000,4697.100,4693.400,4696.200
2026-08-25 07:05,4696.600,4698.300,4692.800,4697.500
2026-08-25 07:10,4697.400,4697.900,4694.300,4696.200
2026-08-25 07:15,4695.800,4699.500,4694.200,4697.600
2026-08-25 07:20,4697.400,4700.300,4696.100,4697.000
2026-08-25 07:25,4697.400,4697.400,4690.500,4691.100
2026-08-25 07:30,4691.100,4695.300,4690.500,4691.400
2026-08-25 07:35,4691.600,4693.300,4690.200,4692.600
2026-08-25 07:40,4693.000,4696.700,4691.600,4695.900
2026-08-25 07:45,4696.100,4697.200,4690.600,4691.900
2026-08-25 07:50,4691.900,4693.400,4687.400,4687.600
2026-08-25 07:55,4687.700,4688.000,4685.800,4686.100
2026-08-25 08:00,4686.100,4687.600,4681.700,4682.300
2026-08-25 08:05,4681.900,4685.300,4676.300,4679.200
2026-08-25 08:10,4679.600,4683.100,4679.200,4683.100
2026-08-25 08:15,4682.800,4686.500,4682.200,4684.900
2026-08-25 08:20,4684.300,4702.000,4683.100,4700.100
2026-08-25 08:25,4699.700,4700.000,4688.100,4689.100
2026-08-25 08:30,4689.100,4691.500,4687.800,4691.000
2026-08-25 08:35,4690.400,4690.600,4685.200,4686.200
2026-08-25 08:40,4686.000,4687.900,4681.600,4687.900
2026-08-25 08:45,4687.700,4689.600,4683.400,4683.800
2026-08-25 08:50,4684.100,4684.100,4680.900,4682.400
2026-08-25 08:55,4682.200,4686.300,4682.200,4685.700
2026-08-25 09:00,4685.700,4685.700,4680.300,4682.300
2026-08-25 09:05,4682.000,4689.000,4680.500,4688.600
2026-08-25 09:10,4688.500,4688.500,4685.000,4686.000
2026-08-25 09:15,4686.300,4689.100,4685.500,4687.100
2026-08-25 09:20,4687.000,4688.000,4685.100,4685.400
2026-08-25 09:25,4685.200,4685.400,4681.300,4681.700
2026-08-25 09:30,4681.800,4695.100,4679.500,4692.800
2026-08-25 09:35,4692.200,4692.300,4685.000,4685.700
2026-08-25 09:40,4685.900,4694.400,4684.900,4692.800
2026-08-25 09:45,4692.900,4696.300,4692.000,4696.300
2026-08-25 09:50,4696.300,4698.100,4693.300,4693.500
2026-08-25 09:55,4693.800,4697.200,4691.200,4691.700
2026-08-25 10:00,4691.600,4692.700,4688.500,4689.700
2026-08-25 10:05,4690.400,4692.200,4688.800,4690.900
2026-08-25 10:10,4690.700,4694.000,4689.200,4690.400
2026-08-25 10:15,4690.900,4694.300,4690.100,4692.600
2026-08-25 10:20,4692.500,4694.100,4690.800,4691.000
2026-08-25 10:25,4691.100,4693.100,4688.500,4689.400
2026-08-25 10:30,4689.400,4692.500,4688.100,4691.300
2026-08-25 10:35,4691.100,4693.800,4689.100,4693.100
2026-08-25 10:40,4693.700,4696.700,4692.900,4693.600
2026-08-25 10:45,4693.700,4696.700,4693.100,4693.900
2026-08-25 10:50,4693.700,4697.800,4692.900,4697.000
2026-08-25 10:55,4696.600,4698.200,4695.000,4695.000
2026-08-25 11:00,4694.800,4696.300,4694.000,4695.800
2026-08-25 11:05,4695.900,4698.800,4691.900,4695.900
2026-08-25 11:10,4696.300,4696.300,4696.300,4696.300
2026-08-25 11:20,4697.800,4700.200,4696.300,4697.900
2026-08-25 11:25,4697.900,4698.300,4694.500,4697.200
2026-08-25 11:30,4697.100,4700.300,4696.200,4698.800
2026-08-25 11:35,4699.000,4700.700,4697.800,4700.600
2026-08-25 11:40,4700.500,4701.200,4696.400,4696.600
2026-08-25 11:45,4696.700,4701.900,4696.600,4700.900
2026-08-25 11:50,4700.700,4703.500,4697.700,4699.800
2026-08-25 11:55,4700.100,4700.800,4697.800,4698.400
2026-08-25 12:00,4698.700,4698.900,4691.000,4692.600
2026-08-25 12:05,4692.900,4694.600,4691.400,4693.100
2026-08-25 12:10,4692.700,4697.800,4691.800,4694.800
2026-08-25 12:15,4694.600,4694.800,4688.600,4691.200
2026-08-25 12:20,4691.000,4695.100,4687.300,4689.200
2026-08-25 12:25,4689.300,4693.100,4688.600,4692.800
2026-08-25 12:30,4692.700,4693.000,4688.100,4688.400
2026-08-25 12:35,4688.300,4690.200,4685.700,4686.000
2026-08-25 12:40,4685.700,4696.000,4685.300,4693.700
2026-08-25 12:45,4693.400,4698.000,4692.800,4695.700
2026-08-25 12:50,4695.900,4699.600,4695.000,4696.800
2026-08-25 12:55,4695.900,4696.600,4693.800,4695.700
2026-08-25 13:00,4696.300,4696.600,4685.100,4689.600
2026-08-25 13:05,4689.400,4691.800,4683.200,4686.500
2026-08-25 13:10,4686.400,4689.200,4678.100,4678.500
2026-08-25 13:15,4678.100,4683.200,4675.600,4681.100
2026-08-25 13:20,4681.100,4681.500,4667.400,4669.100
2026-08-25 13:25,4669.800,4673.800,4663.400,4664.700
2026-08-25 13:30,4665.100,4678.700,4664.200,4676.900
2026-08-25 13:35,4676.600,4676.800,4664.500,4670.600
2026-08-25 13:40,4671.000,4676.200,4665.900,4667.700
2026-08-25 13:45,4667.600,4670.200,4659.500,4661.700
2026-08-25 13:50,4661.500,4667.200,4660.400,4662.700
2026-08-25 13:55,4662.200,4673.000,4660.500,4671.400
2026-08-25 14:00,4671.300,4676.500,4668.800,4674.300
2026-08-25 14:05,4674.400,4680.600,4673.400,4678.600
2026-08-25 14:10,4679.300,4682.400,4677.500,4678.200
2026-08-25 14:15,4678.700,4680.800,4674.900,4674.900
2026-08-25 14:20,4674.700,4681.900,4674.100,4681.600
2026-08-25 14:25,4681.600,4684.500,4679.500,4679.800
2026-08-25 14:30,4679.700,4687.600,4667.300,4685.600
2026-08-25 14:35,4685.700,4693.500,4685.600,4692.900
2026-08-25 14:40,4692.700,4694.200,4687.200,4693.100
2026-08-25 14:45,4693.000,4696.000,4691.600,4692.600
2026-08-25 14:50,4693.200,4694.200,4688.800,4690.900
2026-08-25 14:55,4691.400,4693.500,4689.000,4691.600
2026-08-25 15:00,4691.800,4693.300,4686.400,4688.000
2026-08-25 15:05,4688.200,4689.700,4686.300,4688.400
2026-08-25 15:10,4688.300,4691.300,4687.000,4689.200
2026-08-25 15:15,4689.300,4695.700,4685.100,4694.900
2026-08-25 15:20,4694.600,4701.000,4694.600,4696.700
2026-08-25 15:25,4696.400,4699.300,4693.000,4695.800
2026-08-25 15:30,4696.000,4707.600,4696.000,4705.200
2026-08-25 15:35,4705.200,4715.300,4704.600,4713.000
2026-08-25 15:40,4712.700,4716.400,4711.500,4713.300
2026-08-25 15:45,4713.300,4714.100,4707.800,4708.900
2026-08-25 15:50,4708.800,4709.400,4705.900,4707.400
2026-08-25 15:55,4707.700,4710.900,4706.000,4709.500
2026-08-25 16:00,4709.600,4710.200,4704.400,4704.800
2026-08-25 16:05,4705.000,4706.000,4701.600,4701.600
2026-08-25 16:10,4701.500,4702.800,4699.500,4701.400
2026-08-25 16:15,4701.200,4703.800,4698.400,4699.800
2026-08-25 16:20,4699.800,4700.200,4694.600,4696.900
2026-08-25 16:25,4697.100,4699.800,4695.900,4698.000
2026-08-25 16:30,4697.800,4699.400,4695.200,4695.500
2026-08-25 16:35,4695.500,4702.600,4694.300,4701.600
2026-08-25 16:40,4701.500,4702.400,4700.000,4701.200
2026-08-25 16:45,4701.500,4703.500,4699.200,4702.300
2026-08-25 16:50,4702.500,4703.800,4700.700,4701.100
2026-08-25 16:55,4701.200,4702.600,4697.700,4700.800
2026-08-25 17:00,4700.600,4700.600,4695.800,4697.700
2026-08-25 17:05,4697.800,4697.800,4692.000,4693.100
2026-08-25 17:10,4693.400,4697.200,4691.300,4694.800
2026-08-25 17:15,4695.300,4700.400,4691.800,4700.100
2026-08-25 17:20,4699.900,4702.400,4695.300,4696.500
2026-08-25 17:25,4696.400,4698.400,4693.200,4694.200
2026-08-25 17:30,4694.200,4696.900,4693.500,4695.700
2026-08-25 17:35,4695.500,4700.400,4695.300,4700.000
2026-08-25 17:40,4700.100,4701.700,4698.300,4700.200
2026-08-25 17:45,4700.200,4704.000,4699.900,4702.900
2026-08-25 17:50,4703.300,4703.300,4699.900,4702.200
2026-08-25 17:55,4702.000,4705.800,4702.000,4705.800
2026-08-25 18:00,4705.800,4705.800,4702.000,4702.000
2026-08-25 18:05,4702.000,4705.000,4701.700,4703.400
2026-08-25 18:10,4703.300,4707.400,4703.000,4704.500
2026-08-25 18:15,4704.100,4706.100,4703.300,4705.900
2026-08-25 18:20,4705.900,4706.500,4705.100,4705.700
2026-08-25 18:25,4705.800,4707.600,4705.700,4706.800
2026-08-25 18:30,4707.000,4707.000,4703.400,4704.400
2026-08-25 18:35,4704.600,4705.700,4702.700,4705.100
2026-08-25 18:40,4705.200,4707.300,4704.800,4706.000
2026-08-25 18:45,4706.000,4709.000,4706.000,4707.900
2026-08-25 18:50,4708.100,4708.100,4706.500,4707.700
2026-08-25 18:55,4707.700,4711.800,4707.700,4711.400
2026-08-25 19:00,4711.400,4714.800,4710.400,4711.100
2026-08-25 19:05,4710.800,4717.200,4710.700,4716.200
2026-08-25 19:10,4716.100,4720.000,4715.900,4719.200
2026-08-25 19:15,4719.300,4725.600,4718.800,4723.900
2026-08-25 19:20,4723.900,4724.200,4720.200,4721.500
2026-08-25 19:25,4721.300,4721.500,4717.000,4717.900
2026-08-25 19:30,4718.000,4718.700,4715.500,4715.800
2026-08-25 19:35,4716.200,4717.100,4714.700,4716.100
2026-08-25 19:40,4716.500,4721.900,4716.200,4719.000
2026-08-25 19:45,4718.800,4721.400,4717.100,4721.100
2026-08-25 19:50,4721.000,4724.200,4718.900,4722.100
2026-08-25 19:55,4722.000,4724.300,4717.800,4723.400
2026-08-25 20:00,4723.300,4724.400,4721.200,4721.800
2026-08-25 20:05,4722.300,4725.500,4719.700,4725.500
2026-08-25 20:10,4725.400,4726.000,4722.700,4722.700
2026-08-25 20:15,4722.900,4723.700,4722.300,4723.100
2026-08-25 20:20,4723.100,4724.900,4722.900,4723.300
2026-08-25 20:25,4723.300,4723.300,4719.000,4719.500
2026-08-25 20:30,4719.700,4721.200,4718.400,4718.800
2026-08-25 20:35,4718.900,4719.900,4718.300,4718.600
2026-08-25 20:40,4718.600,4719.100,4717.300,4718.400
2026-08-25 20:45,4718.800,4719.400,4717.800,4718.300
2026-08-25 20:50,4718.000,4718.700,4716.500,4716.700
2026-08-25 20:55,4716.600,4717.300,4714.100,4715.900
2026-08-25 22:00,4715.700,4718.600,4712.100,4718.600
2026-08-25 22:05,4718.100,4719.000,4717.200,4718.300
2026-08-25 22:10,4718.100,4722.300,4718.100,4721.700
2026-08-25 22:15,4721.600,4724.000,4721.600,4723.200
2026-08-25 22:20,4723.500,4724.000,4722.100,4723.900
2026-08-25 22:25,4723.900,4724.300,4722.700,4723.900
2026-08-25 22:30,4723.800,4726.300,4723.800,4726.100
2026-08-25 22:35,4726.400,4727.800,4724.000,4727.400
2026-08-25 22:40,4727.300,4727.400,4725.700,4727.200
2026-08-25 22:45,4727.200,4729.900,4727.200,4729.100
2026-08-25 22:50,4729.100,4730.900,4729.100,4729.700
2026-08-25 22:55,4730.000,4730.600,4729.500,4729.700
2026-08-25 23:00,4729.700,4730.600,4727.400,4729.500
2026-08-25 23:05,4729.200,4729.500,4726.200,4726.200
2026-08-25 23:10,4726.400,4726.900,4724.000,4725.100
2026-08-25 23:15,4725.000,4725.100,4723.400,4724.400
2026-08-25 23:20,4724.100,4724.500,4718.900,4719.100
2026-08-25 23:25,4718.900,4719.200,4717.500,4718.300
2026-08-25 23:30,4718.500,4718.800,4715.900,4717.500
2026-08-25 23:35,4717.400,4718.100,4716.500,4716.500
2026-08-25 23:40,4716.500,4717.200,4712.800,4713.500
2026-08-25 23:45,4713.100,4716.000,4712.500,4712.900
2026-08-25 23:50,4713.100,4714.400,4711.200,4711.700
2026-08-25 23:55,4712.000,4712.600,4710.300,4712.100
2026-08-26 00:00,4711.900,4715.200,4708.900,4709.300
2026-08-26 00:05,4709.400,4711.500,4708.700,4710.900
2026-08-26 00:10,4710.800,4711.800,4707.400,4708.400
2026-08-26 00:15,4708.300,4712.300,4707.600,4708.400
2026-08-26 00:20,4708.400,4708.600,4702.100,4702.900
2026-08-26 00:25,4702.700,4704.800,4700.100,4703.700
2026-08-26 00:30,4704.200,4707.200,4701.200,4702.200
2026-08-26 00:35,4702.100,4702.500,4695.700,4696.900
2026-08-26 00:40,4696.700,4697.200,4693.100,4694.100
2026-08-26 00:45,4694.000,4695.500,4693.000,4693.200
2026-08-26 00:50,4693.400,4695.600,4691.100,4692.700
2026-08-26 00:55,4693.200,4695.700,4692.500,4694.200
2026-08-26 01:00,4694.600,4703.100,4686.200,4702.700
2026-08-26 01:05,4702.300,4704.700,4697.600,4701.700
2026-08-26 01:10,4701.400,4703.200,4697.700,4700.800
2026-08-26 01:15,4701.500,4707.100,4700.900,4702.500
2026-08-26 01:20,4702.100,4705.900,4700.900,4700.900
2026-08-26 01:25,4700.900,4704.200,4700.000,4700.300
2026-08-26 01:30,4700.300,4702.100,4695.600,4696.000
2026-08-26 01:35,4696.200,4703.500,4696.000,4701.900
2026-08-26 01:40,4702.400,4703.900,4696.300,4701.100
2026-08-26 01:45,4702.100,4707.900,4700.100,4707.600
2026-08-26 01:50,4707.700,4710.700,4707.200,4708.400
2026-08-26 01:55,4708.600,4717.700,4708.500,4713.800
2026-08-26 02:00,4713.600,4717.500,4711.600,4716.700
2026-08-26 02:05,4716.000,4718.400,4715.200,4717.400
2026-08-26 02:10,4717.600,4718.500,4714.700,4717.000
2026-08-26 02:15,4717.000,4718.200,4715.900,4718.100
2026-08-26 02:20,4718.100,4718.700,4715.700,4716.000
2026-08-26 02:25,4715.900,4716.900,4712.600,4715.500
2026-08-26 02:30,4715.400,4720.600,4714.500,4720.100
2026-08-26 02:35,4720.500,4722.900,4716.400,4720.400
2026-08-26 02:40,4720.300,4728.000,4719.100,4724.300
2026-08-26 02:45,4724.200,4726.000,4722.300,4722.600
2026-08-26 02:50,4722.700,4723.700,4717.600,4718.300
2026-08-26 02:55,4718.000,4718.200,4714.900,4715.200
2026-08-26 03:00,4715.400,4715.900,4710.600,4714.000
2026-08-26 03:05,4714.000,4714.200,4706.600,4707.200
2026-08-26 03:10,4707.100,4707.100,4704.200,4705.300
2026-08-26 03:15,4705.100,4705.700,4702.400,4704.400
2026-08-26 03:20,4704.500,4708.100,4704.400,4706.000
2026-08-26 03:25,4706.200,4707.700,4704.900,4707.300
2026-08-26 03:30,4707.200,4708.300,4706.500,4706.800
2026-08-26 03:35,4707.100,4708.400,4703.700,4705.500
2026-08-26 03:40,4705.100,4706.000,4702.300,4702.500
2026-08-26 03:45,4702.300,4702.300,4699.600,4702.000
2026-08-26 03:50,4702.000,4702.400,4700.200,4701.400
2026-08-26 03:55,4701.200,4701.400,4700.300,4701.100
2026-08-26 04:00,4699.800,4701.200,4699.200,4699.900
2026-08-26 04:05,4699.600,4701.000,4698.900,4700.600
2026-08-26 04:10,4700.700,4701.000,4699.600,4699.600
2026-08-26 04:15,4699.700,4700.500,4698.400,4698.900
2026-08-26 04:20,4698.900,4700.000,4698.300,4699.600
2026-08-26 04:25,4699.200,4699.800,4698.200,4699.200
2026-08-26 04:30,4699.400,4700.400,4698.000,4698.500
2026-08-26 04:35,4698.700,4699.100,4697.200,4697.300
2026-08-26 04:40,4697.200,4699.100,4696.400,4697.600
2026-08-26 04:45,4697.900,4698.200,4695.700,4696.700
2026-08-26 04:50,4697.300,4698.800,4696.700,4698.000
2026-08-26 04:55,4698.100,4698.700,4696.500,4697.600
2026-08-26 05:00,4697.500,4700.800,4697.300,4699.000
2026-08-26 05:05,4699.100,4702.800,4698.600,4702.700
2026-08-26 05:10,4702.400,4702.600,4698.300,4700.200
2026-08-26 05:15,4700.200,4701.700,4698.400,4700.100
2026-08-26 05:20,4700.200,4701.400,4698.500,4700.600
2026-08-26 05:25,4700.900,4702.200,4699.400,4700.200
2026-08-26 05:30,4700.400,4706.300,4697.800,4702.800
2026-08-26 05:35,4702.200,4702.500,4695.200,4698.300
2026-08-26 05:40,4698.700,4701.400,4694.700,4695.000
2026-08-26 05:45,4694.600,4697.300,4692.200,4694.300
2026-08-26 05:50,4694.200,4696.900,4693.600,4695.500
2026-08-26 05:55,4695.600,4696.300,4693.800,4696.300
2026-08-26 06:00,4696.200,4698.000,4692.600,4697.500
2026-08-26 06:05,4697.200,4697.200,4694.200,4695.700
2026-08-26 06:10,4695.200,4695.800,4692.600,4694.200
2026-08-26 06:15,4694.200,4694.200,4687.800,4690.800
2026-08-26 06:20,4690.600,4691.200,4682.500,4684.000
2026-08-26 06:25,4683.800,4685.700,4681.100,4683.400
2026-08-26 06:30,4683.400,4687.800,4682.600,4687.500
2026-08-26 06:35,4687.700,4688.000,4683.800,4687.300
2026-08-26 06:40,4686.900,4691.200,4686.600,4690.200
2026-08-26 06:45,4690.100,4693.300,4690.100,4691.500
2026-08-26 06:50,4691.400,4692.000,4689.000,4689.800
2026-08-26 06:55,4689.900,4690.900,4687.100,4690.600
2026-08-26 07:00,4690.600,4695.700,4690.600,4695.300
2026-08-26 07:05,4695.500,4695.700,4689.300,4691.600
2026-08-26 07:10,4691.800,4693.500,4689.600,4693.000
2026-08-26 07:15,4692.700,4694.300,4690.100,4690.200
2026-08-26 07:20,4689.900,4691.700,4688.400,4690.500
2026-08-26 07:25,4690.600,4692.400,4686.900,4687.500
2026-08-26 07:30,4687.600,4693.000,4687.400,4689.800
2026-08-26 07:35,4689.500,4690.700,4686.400,4686.700
2026-08-26 07:40,4686.800,4688.300,4685.100,4688.300
2026-08-26 07:45,4688.400,4691.200,4686.900,4688.200
2026-08-26 07:50,4688.000,4688.000,4683.700,4684.500
2026-08-26 07:55,4684.900,4686.000,4682.600,4685.100
2026-08-26 08:00,4684.900,4686.700,4682.700,4684.400
2026-08-26 08:05,4684.700,4685.300,4681.500,4683.700
2026-08-26 08:10,4683.700,4684.300,4681.400,4681.500
2026-08-26 08:15,4681.300,4684.500,4678.700,4680.400
2026-08-26 08:20,4680.800,4682.200,4677.300,4682.000
2026-08-26 08:25,4682.000,4685.100,4681.400,4684.900
2026-08-26 08:30,4685.200,4686.400,4680.600,4683.500
2026-08-26 08:35,4683.900,4686.400,4683.700,4684.700
2026-08-26 08:40,4684.600,4685.000,4683.700,4685.000
2026-08-26 08:45,4684.800,4685.400,4682.500,4684.300
2026-08-26 08:50,4684.200,4684.400,4682.800,4683.200
2026-08-26 08:55,4683.100,4684.100,4681.300,4683.700
2026-08-26 09:00,4684.000,4687.000,4681.500,4681.500
2026-08-26 09:05,4681.500,4683.000,4679.700,4679.800
2026-08-26 09:10,4679.400,4683.300,4679.200,4680.400
2026-08-26 09:15,4680.300,4680.700,4676.600,4676.600
2026-08-26 09:20,4676.900,4677.300,4674.000,4674.300
2026-08-26 09:25,4674.200,4675.500,4671.300,4672.400
2026-08-26 09:30,4672.100,4678.000,4672.000,4676.100
2026-08-26 09:35,4676.700,4676.900,4675.500,4675.900
2026-08-26 09:40,4675.900,4678.100,4675.300,4678.000
2026-08-26 09:45,4677.700,4681.600,4677.700,4680.400
2026-08-26 09:50,4679.800,4681.400,4679.000,4680.200
2026-08-26 09:55,4680.700,4681.100,4679.500,4679.500
2026-08-26 10:00,4679.600,4680.000,4676.300,4679.600
2026-08-26 10:05,4679.100,4679.100,4676.500,4677.700
2026-08-26 10:10,4677.900,4677.900,4673.900,4675.100
2026-08-26 10:15,4674.900,4676.800,4673.300,4673.400
2026-08-26 10:20,4673.000,4676.000,4672.200,4674.600
2026-08-26 10:25,4674.300,4674.300,4668.800,4670.800
2026-08-26 10:30,4671.200,4675.400,4670.700,4675.400
2026-08-26 10:35,4675.400,4680.100,4674.400,4679.900
2026-08-26 10:40,4679.700,4680.100,4676.900,4678.300
2026-08-26 10:45,4678.400,4679.900,4678.200,4679.500
2026-08-26 10:50,4679.700,4679.800,4677.400,4678.500
2026-08-26 10:55,4678.200,4678.300,4674.600,4675.900
2026-08-26 11:00,4676.300,4677.900,4675.300,4676.500
2026-08-26 11:05,4676.200,4676.300,4672.600,4673.500
2026-08-26 11:10,4673.400,4674.900,4672.600,4674.100
2026-08-26 11:15,4674.400,4678.800,4674.000,4678.000
2026-08-26 11:20,4677.800,4678.500,4672.100,4672.500
2026-08-26 11:25,4672.300,4677.400,4672.300,4676.000
2026-08-26 11:30,4676.400,4678.900,4674.200,4674.800
2026-08-26 11:35,4674.600,4675.500,4673.000,4674.000
2026-08-26 11:40,4673.800,4675.200,4673.000,4674.500
2026-08-26 11:45,4674.500,4674.800,4672.400,4674.000
2026-08-26 11:50,4674.100,4675.500,4673.000,4675.000
2026-08-26 11:55,4675.300,4681.000,4674.800,4680.300
2026-08-26 12:00,4680.600,4685.000,4679.400,4683.300
2026-08-26 12:05,4683.300,4685.600,4682.800,4683.000
2026-08-26 12:10,4683.200,4683.700,4681.000,4681.200
2026-08-26 12:15,4681.300,4685.900,4680.000,4684.500
2026-08-26 12:20,4685.000,4685.500,4680.700,4681.600
2026-08-26 12:25,4682.100,4686.600,4681.400,4686.600
2026-08-26 12:30,4686.600,4690.000,4666.900,4678.800
2026-08-26 12:35,4678.500,4681.300,4673.200,4677.100
2026-08-26 12:40,4677.000,4680.500,4669.700,4677.700
2026-08-26 12:45,4677.600,4680.400,4673.600,4679.200
2026-08-26 12:50,4679.100,4681.700,4666.000,4671.600
2026-08-26 12:55,4671.300,4674.000,4668.100,4669.500
2026-08-26 13:00,4670.000,4676.900,4663.900,4667.500
2026-08-26 13:05,4667.500,4672.800,4663.600,4664.200
2026-08-26 13:10,4664.100,4668.200,4662.600,4666.300
2026-08-26 13:15,4666.200,4669.300,4653.300,4667.000
2026-08-26 13:20,4666.600,4669.800,4659.600,4664.600
2026-08-26 13:25,4664.500,4667.800,4660.500,4666.500
2026-08-26 13:30,4666.700,4674.000,4665.500,4671.100
2026-08-26 13:35,4671.300,4672.200,4667.500,4668.800
2026-08-26 13:40,4668.800,4678.300,4667.000,4675.000
2026-08-26 13:45,4675.000,4680.800,4673.400,4680.800
2026-08-26 13:50,4680.700,4683.900,4677.600,4679.000
2026-08-26 13:55,4679.300,4687.000,4679.000,4686.600
2026-08-26 14:00,4686.700,4688.600,4677.500,4679.800
2026-08-26 14:05,4680.000,4681.900,4676.300,4678.500
2026-08-26 14:10,4678.500,4682.800,4675.000,4676.100
2026-08-26 14:15,4676.200,4680.300,4675.200,4678.800
2026-08-26 14:20,4679.100,4682.800,4675.100,4676.600
2026-08-26 14:25,4677.000,4677.100,4672.000,4672.500
2026-08-26 14:30,4672.400,4675.400,4670.400,4674.200
2026-08-26 14:35,4674.300,4674.500,4668.600,4672.700
2026-08-26 14:40,4673.000,4678.900,4672.900,4677.900
2026-08-26 14:45,4677.900,4678.800,4667.500,4668.600
2026-08-26 14:50,4668.400,4670.100,4661.700,4663.200
2026-08-26 14:55,4663.500,4668.100,4658.000,4658.200
2026-08-26 15:00,4658.500,4660.800,4648.200,4653.300
2026-08-26 15:05,4653.300,4653.900,4642.600,4653.000
2026-08-26 15:10,4652.900,4655.100,4643.100,4644.000
2026-08-26 15:15,4644.000,4649.400,4638.200,4646.200
2026-08-26 15:20,4646.200,4649.800,4644.500,4647.100
2026-08-26 15:25,4647.100,4653.700,4646.000,4650.400
2026-08-26 15:30,4650.000,4653.600,4649.900,4653.300
2026-08-26 15:35,4653.900,4656.700,4652.700,4656.700
2026-08-26 15:40,4656.800,4660.300,4655.500,4660.200
2026-08-26 15:45,4660.400,4664.600,4659.800,4663.600
2026-08-26 15:50,4663.700,4663.800,4653.800,4656.000
2026-08-26 15:55,4655.800,4659.600,4651.400,4651.400
2026-08-26 16:00,4651.600,4654.700,4645.900,4652.800
2026-08-26 16:05,4652.500,4656.800,4652.400,4654.600
2026-08-26 16:10,4654.500,4655.300,4652.000,4655.200
2026-08-26 16:15,4655.400,4655.800,4651.700,4654.200
2026-08-26 16:20,4654.200,4654.600,4649.100,4651.000
2026-08-26 16:25,4651.200,4652.300,4648.800,4649.900
2026-08-26 16:30,4650.200,4651.500,4648.100,4649.400
2026-08-26 16:35,4649.400,4650.700,4642.000,4642.400
2026-08-26 16:40,4642.400,4646.600,4640.800,4643.700
2026-08-26 16:45,4643.300,4650.000,4643.300,4650.000
2026-08-26 16:50,4649.900,4652.500,4644.400,4644.900
2026-08-26 16:55,4644.600,4647.400,4643.800,4647.100
2026-08-26 17:00,4647.100,4649.100,4646.700,4648.500
2026-08-26 17:05,4648.700,4651.600,4645.900,4649.400
2026-08-26 17:10,4649.600,4650.800,4648.600,4650.200
2026-08-26 17:15,4650.300,4651.400,4648.800,4651.200
2026-08-26 17:20,4651.500,4654.300,4650.700,4652.100
2026-08-26 17:25,4651.900,4653.900,4649.800,4653.400
2026-08-26 17:30,4653.200,4657.600,4652.300,4656.300
2026-08-26 17:35,4656.500,4656.700,4651.400,4652.000
2026-08-26 17:40,4652.000,4654.700,4651.000,4652.600
2026-08-26 17:45,4652.500,4654.200,4651.700,4653.700
2026-08-26 17:50,4653.800,4654.600,4652.500,4652.700
2026-08-26 17:55,4652.800,4653.200,4649.400,4653.200
2026-08-26 18:00,4653.100,4659.000,4652.300,4658.600
2026-08-26 18:05,4658.300,4660.300,4656.200,4658.100
2026-08-26 18:10,4658.000,4659.300,4655.400,4655.900
2026-08-26 18:15,4656.000,4656.200,4650.300,4651.000
2026-08-26 18:20,4651.200,4651.300,4648.000,4649.200
2026-08-26 18:25,4649.600,4650.600,4648.300,4650.200
2026-08-26 18:30,4649.900,4650.800,4648.600,4648.700
2026-08-26 18:35,4648.800,4651.400,4647.500,4649.600
2026-08-26 18:40,4649.500,4652.600,4649.000,4652.000
2026-08-26 18:45,4651.600,4653.000,4651.000,4651.900
2026-08-26 18:50,4651.800,4653.000,4651.000,4651.100
2026-08-26 18:55,4651.000,4651.200,4648.300,4648.500
2026-08-26 19:00,4648.800,4649.900,4646.000,4647.200
2026-08-26 19:05,4647.400,4648.200,4645.700,4647.600
2026-08-26 19:10,4647.600,4650.400,4647.600,4649.100
2026-08-26 19:15,4649.100,4650.400,4646.200,4646.500
2026-08-26 19:20,4646.400,4648.900,4645.800,4648.800
2026-08-26 19:25,4649.100,4653.700,4649.100,4653.100
2026-08-26 19:30,4653.200,4656.300,4651.500,4652.300
2026-08-26 19:35,4652.200,4653.100,4651.000,4651.800
2026-08-26 19:40,4651.200,4651.800,4649.000,4650.200
2026-08-26 19:45,4650.500,4651.100,4649.500,4650.000
2026-08-26 19:50,4649.600,4650.000,4647.000,4648.400
2026-08-26 19:55,4648.100,4649.400,4647.000,4648.900
2026-08-26 20:00,4649.000,4649.500,4647.300,4648.600
2026-08-26 20:05,4648.900,4651.400,4648.900,4649.500
2026-08-26 20:10,4649.300,4649.800,4646.000,4646.000
2026-08-26 20:15,4646.400,4646.400,4643.600,4643.900
2026-08-26 20:20,4643.800,4644.200,4638.600,4644.200
2026-08-26 20:25,4644.400,4646.700,4643.900,4645.900
2026-08-26 20:30,4645.800,4646.900,4645.000,4646.600
2026-08-26 20:35,4646.700,4648.400,4646.600,4648.300
2026-08-26 20:40,4648.000,4648.000,4646.200,4646.400
2026-08-26 20:45,4646.600,4648.400,4646.500,4648.300
2026-08-26 20:50,4648.200,4648.800,4647.200,4647.600
2026-08-26 20:55,4648.100,4649.700,4647.800,4647.800
2026-08-26 22:00,4650.000,4659.400,4648.100,4656.700
2026-08-26 22:05,4656.600,4659.200,4656.500,4658.400
2026-08-26 22:10,4658.500,4660.000,4656.000,4656.600
2026-08-26 22:15,4657.000,4666.700,4656.200,4665.000
2026-08-26 22:20,4664.800,4667.700,4660.500,4660.800
2026-08-26 22:25,4660.500,4665.600,4659.700,4665.100
2026-08-26 22:30,4665.200,4666.000,4663.900,4664.400
2026-08-26 22:35,4663.900,4665.600,4663.100,4664.700
2026-08-26 22:40,4664.600,4666.000,4663.100,4665.000
2026-08-26 22:45,4665.300,4666.200,4662.300,4663.600
2026-08-26 22:50,4663.200,4663.600,4661.300,4661.700
2026-08-26 22:55,4661.400,4664.000,4660.700,4663.300
2026-08-26 23:00,4663.200,4665.700,4660.900,4662.200
2026-08-26 23:05,4662.300,4666.200,4662.300,4665.300
2026-08-26 23:10,4665.400,4669.500,4665.000,4669.500
2026-08-26 23:15,4669.100,4674.500,4668.200,4674.400
2026-08-26 23:20,4674.500,4676.000,4674.200,4674.600
2026-08-26 23:25,4674.800,4676.100,4673.200,4673.700
2026-08-26 23:30,4674.100,4674.900,4672.000,4674.900
2026-08-26 23:35,4675.000,4678.700,4672.800,4678.500
2026-08-26 23:40,4678.300,4678.300,4676.000,4676.800
2026-08-26 23:45,4676.300,4678.900,4674.800,4677.400
2026-08-26 23:50,4677.300,4678.400,4674.900,4675.100
2026-08-26 23:55,4675.000,4678.400,4674.700,4677.500
2026-08-27 00:00,4677.900,4681.000,4676.500,4678.500
2026-08-27 00:05,4678.300,4678.300,4672.200,4673.200
2026-08-27 00:10,4672.900,4673.500,4670.300,4672.000
2026-08-27 00:15,4671.700,4673.500,4667.400,4673.200
2026-08-27 00:20,4673.100,4675.200,4672.400,4673.300
2026-08-27 00:25,4674.100,4675.300,4671.300,4673.100
2026-08-27 00:30,4673.000,4673.000,4666.900,4667.600
2026-08-27 00:35,4667.200,4669.200,4664.000,4666.200
2026-08-27 00:40,4666.700,4667.400,4659.400,4660.400
2026-08-27 00:45,4660.500,4665.300,4660.400,4663.800
2026-08-27 00:50,4663.600,4663.600,4654.500,4657.000
2026-08-27 00:55,4656.500,4659.200,4656.000,4659.200
2026-08-27 01:00,4658.900,4669.000,4656.200,4668.400
2026-08-27 01:05,4668.700,4673.900,4666.100,4670.700
2026-08-27 01:10,4671.000,4679.100,4670.700,4678.900
2026-08-27 01:15,4679.100,4679.100,4671.200,4676.300
2026-08-27 01:20,4676.500,4679.500,4673.000,4679.500
2026-08-27 01:25,4679.400,4679.400,4672.800,4672.800
2026-08-27 01:30,4672.700,4677.000,4672.400,4676.000
2026-08-27 01:35,4676.400,4685.000,4674.300,4682.700
2026-08-27 01:40,4683.000,4686.000,4676.500,4678.400
2026-08-27 01:45,4678.400,4686.000,4678.300,4684.300
2026-08-27 01:50,4684.500,4689.900,4683.400,4689.000
2026-08-27 01:55,4689.500,4695.400,4689.100,4694.600
2026-08-27 02:00,4694.600,4697.700,4692.600,4693.200
2026-08-27 02:05,4693.500,4697.100,4692.700,4696.700
2026-08-27 02:10,4696.800,4696.800,4693.500,4695.400
2026-08-27 02:15,4695.000,4695.200,4691.900,4693.600
2026-08-27 02:20,4693.200,4695.000,4691.500,4691.500
2026-08-27 02:25,4691.800,4692.200,4687.400,4687.900
2026-08-27 02:30,4687.800,4688.400,4683.100,4683.900
2026-08-27 02:35,4684.200,4685.200,4679.200,4682.700
2026-08-27 02:40,4682.800,4683.300,4678.100,4681.600
2026-08-27 02:45,4681.800,4685.000,4678.900,4683.800
2026-08-27 02:50,4683.700,4685.900,4682.300,4683.800
2026-08-27 02:55,4683.700,4685.300,4682.800,4683.700
2026-08-27 03:00,4683.800,4689.100,4682.900,4689.000
2026-08-27 03:05,4689.000,4689.700,4684.300,4684.400
2026-08-27 03:10,4684.900,4689.200,4684.000,4689.000
2026-08-27 03:15,4688.700,4689.800,4687.400,4687.900
2026-08-27 03:20,4688.100,4693.100,4688.000,4693.100
2026-08-27 03:25,4692.100,4692.100,4689.200,4690.000
2026-08-27 03:30,4690.000,4690.300,4688.200,4688.400
2026-08-27 03:35,4688.700,4688.800,4686.500,4686.900
2026-08-27 03:40,4686.800,4687.000,4683.400,4684.000
2026-08-27 03:45,4683.700,4684.400,4681.200,4682.000
2026-08-27 03:50,4682.100,4682.300,4680.100,4681.400
2026-08-27 03:55,4681.400,4681.500,4678.800,4679.000
2026-08-27 04:00,4679.700,4681.800,4679.000,4681.000
2026-08-27 04:05,4680.900,4681.300,4679.000,4679.800
2026-08-27 04:10,4679.900,4680.700,4678.800,4679.800
2026-08-27 04:15,4679.600,4681.600,4678.300,4678.500
2026-08-27 04:20,4678.700,4679.200,4677.100,4677.600
2026-08-27 04:25,4677.400,4678.400,4675.000,4675.000
2026-08-27 04:30,4674.900,4675.300,4672.800,4673.000
2026-08-27 04:35,4672.800,4674.600,4671.700,4672.500
2026-08-27 04:40,4672.100,4674.400,4671.400,4673.400
2026-08-27 04:45,4673.300,4674.900,4671.900,4674.500
2026-08-27 04:50,4674.400,4675.000,4673.400,4674.500
2026-08-27 04:55,4674.400,4674.400,4672.000,4673.000
2026-08-27 05:00,4673.300,4674.300,4670.600,4674.300
2026-08-27 05:05,4674.200,4675.700,4673.200,4674.400
2026-08-27 05:10,4674.100,4675.700,4673.500,4673.900
2026-08-27 05:15,4674.000,4675.800,4672.400,4673.700
2026-08-27 05:20,4674.400,4675.400,4672.400,4674.700
2026-08-27 05:25,4674.900,4675.600,4670.800,4671.200
2026-08-27 05:30,4671.100,4673.900,4663.300,4665.300
2026-08-27 05:35,4665.100,4666.900,4662.300,4665.400
2026-08-27 05:40,4664.900,4664.900,4658.700,4659.700
2026-08-27 05:45,4659.500,4663.900,4658.700,4660.400
2026-08-27 05:50,4660.400,4662.900,4655.000,4657.000
2026-08-27 05:55,4657.100,4661.700,4655.600,4661.200
2026-08-27 06:00,4661.000,4661.500,4653.300,4657.400
2026-08-27 06:05,4657.800,4659.500,4655.000,4658.700
2026-08-27 06:10,4658.800,4660.700,4653.900,4660.000
2026-08-27 06:15,4659.400,4661.300,4657.600,4660.300
2026-08-27 06:20,4660.200,4663.900,4660.000,4663.400
2026-08-27 06:25,4663.200,4664.200,4660.900,4664.200
2026-08-27 06:30,4664.400,4665.700,4659.300,4661.400
2026-08-27 06:35,4661.300,4662.200,4658.600,4661.400
2026-08-27 06:40,4661.400,4663.000,4660.800,4661.500
2026-08-27 06:45,4661.600,4663.500,4657.600,4658.400
2026-08-27 06:50,4658.700,4659.900,4655.200,4655.900
2026-08-27 06:55,4655.900,4656.400,4651.700,4654.300
2026-08-27 07:00,4654.300,4657.700,4652.600,4657.400
2026-08-27 07:05,4657.600,4659.700,4656.100,4656.600
2026-08-27 07:10,4656.700,4657.700,4655.000,4657.700
2026-08-27 07:15,4657.500,4657.500,4649.600,4651.200
2026-08-27 07:20,4651.200,4652.700,4649.700,4650.600
2026-08-27 07:25,4650.400,4653.400,4647.200,4653.300
2026-08-27 07:30,4653.400,4655.100,4648.700,4650.200
2026-08-27 07:35,4650.300,4652.300,4648.700,4650.300
2026-08-27 07:40,4650.200,4652.100,4649.500,4651.500
2026-08-27 07:45,4651.800,4653.000,4649.700,4651.300
2026-08-27 07:50,4651.300,4653.400,4649.400,4651.600
2026-08-27 07:55,4651.700,4656.300,4651.700,4653.400
2026-08-27 08:00,4654.000,4659.900,4653.200,4659.000
2026-08-27 08:05,4659.100,4660.500,4656.100,4657.000
2026-08-27 08:10,4656.700,4658.300,4656.400,4656.800
2026-08-27 08:15,4657.200,4659.800,4656.300,4657.500
2026-08-27 08:20,4657.300,4657.300,4653.600,4657.000
2026-08-27 08:25,4657.100,4657.600,4654.300,4654.700
2026-08-27 08:30,4654.500,4655.300,4652.200,4652.300
2026-08-27 08:35,4652.300,4653.200,4650.500,4651.800
2026-08-27 08:40,4651.800,4652.400,4647.900,4649.200
2026-08-27 08:45,4649.200,4652.000,4648.900,4651.600
2026-08-27 08:50,4651.400,4653.200,4651.000,4652.700
2026-08-27 08:55,4652.800,4655.500,4651.900,4652.300
2026-08-27 09:00,4652.300,4653.800,4646.600,4647.500
2026-08-27 09:05,4647.700,4650.400,4647.100,4649.500
2026-08-27 09:10,4649.700,4651.900,4648.500,4648.700
2026-08-27 09:15,4649.000,4650.100,4647.900,4648.400
2026-08-27 09:20,4648.300,4650.200,4648.000,4650.000
2026-08-27 09:25,4650.000,4652.500,4646.800,4650.700
2026-08-27 09:30,4650.900,4652.100,4645.900,4647.000
2026-08-27 09:35,4647.100,4647.300,4631.000,4637.700
2026-08-27 09:40,4637.800,4637.800,4634.400,4635.600
2026-08-27 09:45,4635.400,4637.400,4633.600,4635.500
2026-08-27 09:50,4635.800,4639.000,4634.400,4635.200
2026-08-27 09:55,4635.400,4635.500,4631.700,4633.200
2026-08-27 10:00,4632.900,4633.800,4618.900,4625.100
2026-08-27 10:05,4625.000,4629.400,4622.400,4629.400
2026-08-27 10:10,4629.400,4634.700,4629.300,4634.400
2026-08-27 10:15,4634.000,4636.200,4629.900,4633.500
2026-08-27 10:20,4633.500,4635.300,4632.800,4635.000
2026-08-27 10:25,4634.700,4635.200,4632.800,4633.200
2026-08-27 10:30,4632.900,4633.500,4631.100,4631.800
2026-08-27 10:35,4631.800,4632.200,4629.200,4629.600
2026-08-27 10:40,4629.600,4639.100,4628.900,4638.600
2026-08-27 10:45,4638.600,4640.800,4638.400,4639.800
2026-08-27 10:50,4639.600,4642.200,4638.900,4642.000
2026-08-27 10:55,4641.900,4643.600,4641.200,4643.000
2026-08-27 11:00,4643.100,4644.300,4640.200,4641.900
2026-08-27 11:05,4642.000,4644.400,4641.800,4644.000
2026-08-27 11:10,4643.500,4645.700,4642.600,4645.500
2026-08-27 11:15,4645.400,4645.800,4644.200,4645.400
2026-08-27 11:20,4645.700,4649.700,4645.400,4649.500
2026-08-27 11:25,4649.800,4650.200,4646.000,4647.400
2026-08-27 11:30,4647.900,4652.300,4647.100,4648.900
2026-08-27 11:35,4649.200,4650.300,4647.300,4650.300
2026-08-27 11:40,4650.200,4653.000,4650.000,4651.000
2026-08-27 11:45,4651.000,4651.000,4648.100,4648.600
2026-08-27 11:50,4648.700,4653.100,4647.900,4653.100
2026-08-27 11:55,4653.200,4653.700,4650.500,4652.300
2026-08-27 12:00,4652.000,4654.700,4651.400,4652.100
2026-08-27 12:05,4651.900,4652.300,4647.200,4648.600
2026-08-27 12:10,4648.500,4649.000,4646.000,4646.100
2026-08-27 12:15,4646.000,4649.600,4645.000,4648.100
2026-08-27 12:20,4648.200,4654.100,4648.200,4649.900
2026-08-27 12:25,4650.000,4650.200,4646.100,4650.000
2026-08-27 12:30,4650.600,4651.000,4646.400,4647.000
2026-08-27 12:35,4647.400,4649.500,4641.500,4643.200
2026-08-27 12:40,4642.900,4643.900,4640.700,4641.000
2026-08-27 12:45,4641.000,4641.500,4636.500,4637.000
2026-08-27 12:50,4636.800,4638.300,4633.700,4638.200
2026-08-27 12:55,4638.100,4641.600,4636.700,4639.300
2026-08-27 13:00,4639.200,4643.600,4633.000,4641.800
2026-08-27 13:05,4641.500,4644.000,4639.100,4639.600
2026-08-27 13:10,4639.900,4643.400,4637.400,4638.500
2026-08-27 13:15,4638.200,4642.100,4636.000,4638.900
2026-08-27 13:20,4639.500,4641.600,4638.400,4640.400
2026-08-27 13:25,4640.800,4646.400,4640.000,4643.100
2026-08-27 13:30,4643.000,4646.000,4628.200,4628.600
2026-08-27 13:35,4628.400,4634.200,4626.800,4628.500
2026-08-27 13:40,4627.700,4636.400,4624.500,4631.300
2026-08-27 13:45,4630.700,4632.500,4616.000,4629.400
2026-08-27 13:50,4630.000,4635.900,4623.600,4625.100
2026-08-27 13:55,4625.400,4629.200,4624.600,4625.900
2026-08-27 14:00,4625.600,4629.700,4621.700,4629.100
2026-08-27 14:05,4629.200,4632.800,4625.000,4628.300
2026-08-27 14:10,4628.100,4631.400,4625.700,4627.600
2026-08-27 14:15,4627.000,4636.000,4627.000,4632.800
2026-08-27 14:20,4633.000,4637.900,4628.600,4631.600
2026-08-27 14:25,4631.600,4635.000,4627.300,4634.600
2026-08-27 14:30,4634.400,4639.400,4634.400,4639.100
2026-08-27 14:35,4639.400,4644.600,4639.400,4642.600
2026-08-27 14:40,4642.900,4651.500,4640.100,4648.800
2026-08-27 14:45,4648.900,4652.000,4646.100,4647.000
2026-08-27 14:50,4647.100,4647.800,4644.800,4645.100
2026-08-27 14:55,4645.200,4647.000,4641.900,4645.100
2026-08-27 15:00,4645.000,4649.500,4645.000,4648.000
2026-08-27 15:05,4647.800,4649.000,4644.900,4645.800
2026-08-27 15:10,4645.900,4649.000,4645.800,4646.500
2026-08-27 15:15,4646.600,4651.900,4646.500,4651.000
2026-08-27 15:20,4650.900,4650.900,4643.100,4644.200
2026-08-27 15:25,4644.100,4649.400,4642.700,4646.900
2026-08-27 15:30,4646.900,4652.900,4646.100,4651.100
2026-08-27 15:35,4651.300,4653.600,4649.800,4653.600
2026-08-27 15:40,4653.700,4660.000,4653.300,4655.500
2026-08-27 15:45,4655.700,4658.800,4654.300,4658.500
2026-08-27 15:50,4658.600,4664.200,4657.500,4663.800
2026-08-27 15:55,4663.500,4665.500,4662.200,4664.500
2026-08-27 16:00,4664.700,4666.900,4663.100,4665.700
2026-08-27 16:05,4665.500,4665.500,4660.000,4661.500
2026-08-27 16:10,4661.200,4661.700,4658.700,4658.900
2026-08-27 16:15,4658.900,4659.800,4656.500,4657.200
2026-08-27 16:20,4657.400,4662.400,4657.400,4660.700
2026-08-27 16:25,4660.300,4662.600,4659.800,4662.000
2026-08-27 16:30,4661.800,4663.000,4660.000,4662.800
2026-08-27 16:35,4662.800,4667.100,4661.700,4666.000
2026-08-27 16:40,4665.900,4665.900,4664.300,4665.700
2026-08-27 16:45,4665.600,4669.100,4664.600,4664.900
2026-08-27 16:50,4665.200,4670.900,4664.300,4670.300
2026-08-27 16:55,4670.500,4670.500,4666.700,4669.300
2026-08-27 17:00,4669.200,4670.700,4666.400,4668.200
2026-08-27 17:05,4668.100,4668.100,4664.200,4664.700
2026-08-27 17:10,4664.600,4665.600,4662.700,4664.500
2026-08-27 17:15,4664.400,4664.600,4662.500,4663.200
2026-08-27 17:20,4663.300,4666.000,4663.200,4665.900
2026-08-27 17:25,4665.900,4666.200,4662.800,4664.300
2026-08-27 17:30,4664.500,4665.400,4663.300,4663.900
2026-08-27 17:35,4663.500,4665.400,4662.400,4665.400
2026-08-27 17:40,4665.500,4668.400,4663.900,4665.400
2026-08-27 17:45,4665.500,4665.900,4660.600,4664.200
2026-08-27 17:50,4663.800,4664.600,4660.700,4662.000
2026-08-27 17:55,4662.500,4663.000,4659.100,4660.400
2026-08-27 18:00,4660.600,4661.400,4655.900,4657.000
2026-08-27 18:05,4656.800,4662.100,4656.800,4658.500
2026-08-27 18:10,4658.700,4660.400,4657.900,4659.200
2026-08-27 18:15,4659.600,4661.700,4658.900,4661.400
2026-08-27 18:20,4661.600,4662.000,4656.900,4657.200
2026-08-27 18:25,4657.200,4657.500,4655.200,4655.300
2026-08-27 18:30,4655.300,4657.600,4654.700,4655.800
2026-08-27 18:35,4655.800,4659.000,4655.800,4658.300
2026-08-27 18:40,4658.000,4658.600,4657.500,4658.300
2026-08-27 18:45,4658.400,4660.700,4658.200,4659.700
2026-08-27 18:50,4659.500,4665.200,4658.800,4663.400
2026-08-27 18:55,4662.900,4664.800,4662.700,4664.300
2026-08-27 19:00,4664.700,4670.800,4664.600,4667.800
2026-08-27 19:05,4667.700,4672.400,4666.800,4671.100
2026-08-27 19:10,4671.200,4671.400,4669.100,4669.900
2026-08-27 19:15,4670.400,4670.400,4663.800,4665.700
2026-08-27 19:20,4665.700,4665.700,4660.600,4661.600
2026-08-27 19:25,4661.500,4662.400,4658.300,4660.000
2026-08-27 19:30,4659.800,4662.000,4658.600,4661.100
2026-08-27 19:35,4661.200,4662.100,4660.400,4661.700
2026-08-27 19:40,4661.700,4664.200,4661.500,4663.600
2026-08-27 19:45,4663.700,4666.400,4662.300,4664.100
2026-08-27 19:50,4663.800,4663.900,4660.300,4661.600
2026-08-27 19:55,4661.800,4663.400,4658.800,4662.700
2026-08-27 20:00,4662.800,4663.600,4658.300,4659.000
2026-08-27 20:05,4658.700,4658.800,4657.500,4657.800
2026-08-27 20:10,4658.000,4659.900,4657.500,4658.700
2026-08-27 20:15,4658.500,4658.900,4658.200,4658.800
2026-08-27 20:20,4658.800,4659.300,4658.200,4658.700
2026-08-27 20:25,4658.400,4658.400,4656.600,4657.300
2026-08-27 20:30,4657.500,4657.700,4656.900,4657.300
2026-08-27 20:35,4657.100,4657.300,4655.500,4657.200
2026-08-27 20:40,4657.000,4658.300,4657.000,4657.700
2026-08-27 20:45,4657.900,4658.500,4655.700,4658.500
2026-08-27 20:50,4658.600,4658.600,4654.300,4654.700
2026-08-27 20:55,4654.600,4655.800,4653.800,4654.800
2026-08-27 22:00,4656.000,4660.900,4653.900,4655.000
2026-08-27 22:05,4654.900,4658.900,4654.100,4658.500
2026-08-27 22:10,4657.800,4658.500,4657.200,4657.900
2026-08-27 22:15,4658.400,4659.500,4657.600,4659.300
2026-08-27 22:20,4659.400,4661.700,4659.400,4661.500
2026-08-27 22:25,4661.500,4662.000,4659.900,4661.000
2026-08-27 22:30,4661.400,4662.300,4660.000,4661.700
2026-08-27 22:35,4661.800,4662.600,4661.200,4662.200
2026-08-27 22:40,4662.500,4663.400,4660.600,4661.100
2026-08-27 22:45,4660.900,4661.200,4660.000,4660.700
2026-08-27 22:50,4660.600,4663.300,4659.800,4662.400
2026-08-27 22:55,4662.100,4664.100,4662.100,4664.100
2026-08-27 23:00,4664.000,4664.800,4662.100,4662.500
2026-08-27 23:05,4662.200,4662.800,4658.400,4658.600
2026-08-27 23:10,4658.700,4658.800,4656.100,4656.100
2026-08-27 23:15,4655.800,4656.800,4655.200,4655.800
2026-08-27 23:20,4655.100,4656.100,4652.900,4655.400
2026-08-27 23:25,4655.800,4655.900,4653.000,4654.400
2026-08-27 23:30,4654.400,4654.600,4652.200,4652.500
2026-08-27 23:35,4652.300,4655.200,4651.500,4654.100
2026-08-27 23:40,4654.400,4654.700,4652.300,4652.800
2026-08-27 23:45,4652.500,4652.900,4648.500,4650.000
2026-08-27 23:50,4649.300,4649.600,4647.500,4648.100
2026-08-27 23:55,4647.900,4648.500,4647.300,4647.600
2026-08-28 00:00,4647.800,4653.400,4646.500,4650.000
2026-08-28 00:05,4650.100,4653.200,4649.700,4653.100
2026-08-28 00:10,4652.900,4655.700,4652.800,4653.500
2026-08-28 00:15,4653.800,4654.100,4646.500,4646.500
2026-08-28 00:20,4646.700,4648.800,4644.600,4647.200
2026-08-28 00:25,4646.600,4647.100,4643.800,4647.100
2026-08-28 00:30,4647.300,4647.300,4640.700,4642.600
2026-08-28 00:35,4642.400,4643.100,4641.400,4642.600
2026-08-28 00:40,4642.800,4644.200,4642.200,4643.800
2026-08-28 00:45,4643.500,4644.100,4638.900,4640.200
2026-08-28 00:50,4640.600,4642.300,4639.900,4640.500
2026-08-28 00:55,4640.300,4641.700,4638.500,4641.200
2026-08-28 01:00,4642.400,4649.000,4639.400,4647.900
2026-08-28 01:05,4647.500,4653.300,4644.700,4653.200
2026-08-28 01:10,4653.300,4655.400,4645.400,4647.300
2026-08-28 01:15,4647.500,4651.000,4644.500,4649.000
2026-08-28 01:20,4648.900,4650.200,4643.900,4645.300
2026-08-28 01:25,4645.100,4646.400,4637.000,4638.800
2026-08-28 01:30,4638.900,4642.100,4636.900,4640.400
2026-08-28 01:35,4640.300,4642.000,4633.100,4633.600
2026-08-28 01:40,4633.500,4635.700,4631.200,4635.100
2026-08-28 01:45,4634.700,4635.300,4630.500,4635.300
2026-08-28 01:50,4635.200,4636.000,4628.500,4629.800
2026-08-28 01:55,4629.600,4631.800,4628.100,4628.900
2026-08-28 02:00,4628.600,4630.900,4628.000,4629.700
2026-08-28 02:05,4630.200,4634.300,4630.200,4633.400
2026-08-28 02:10,4633.400,4635.400,4631.400,4634.100
2026-08-28 02:15,4633.700,4634.100,4631.400,4634.000
2026-08-28 02:20,4634.100,4637.400,4633.100,4636.900
2026-08-28 02:25,4636.700,4637.600,4635.500,4636.300
2026-08-28 02:30,4636.400,4639.900,4635.900,4637.800
2026-08-28 02:35,4638.100,4642.400,4638.100,4641.200
2026-08-28 02:40,4640.800,4641.100,4636.600,4637.800
2026-08-28 02:45,4637.900,4639.000,4634.900,4639.000
2026-08-28 02:50,4638.800,4639.800,4637.400,4638.700
2026-08-28 02:55,4638.400,4639.000,4635.500,4638.900
2026-08-28 03:00,4638.700,4640.400,4637.100,4639.800
2026-08-28 03:05,4640.400,4640.900,4637.800,4638.800
2026-08-28 03:10,4638.100,4640.200,4635.000,4637.100
2026-08-28 03:15,4636.800,4641.200,4636.800,4639.800
2026-08-28 03:20,4639.300,4642.000,4638.200,4642.000
2026-08-28 03:25,4641.900,4642.300,4639.000,4640.600
2026-08-28 03:30,4640.500,4640.500,4635.400,4636.500
2026-08-28 03:35,4636.400,4636.400,4634.500,4635.100
2026-08-28 03:40,4635.000,4635.500,4633.400,4634.100
2026-08-28 03:45,4634.000,4634.000,4631.600,4632.800
2026-08-28 03:50,4633.000,4633.200,4630.900,4631.000
2026-08-28 03:55,4631.500,4632.000,4631.000,4631.400
2026-08-28 04:00,4632.300,4632.900,4631.100,4631.300
2026-08-28 04:05,4631.500,4631.700,4630.200,4631.500
2026-08-28 04:10,4631.500,4632.700,4631.100,4631.600
2026-08-28 04:15,4631.200,4635.600,4630.800,4635.400
2026-08-28 04:20,4635.100,4636.800,4634.800,4636.700
2026-08-28 04:25,4636.800,4637.500,4635.400,4636.800
2026-08-28 04:30,4636.500,4636.500,4633.700,4633.700
2026-08-28 04:35,4633.600,4633.800,4630.000,4630.300
2026-08-28 04:40,4630.200,4632.400,4630.000,4632.000
2026-08-28 04:45,4632.000,4634.400,4630.200,4632.900
2026-08-28 04:50,4633.100,4634.800,4633.100,4634.100
2026-08-28 04:55,4633.700,4637.500,4633.600,4636.400
2026-08-28 05:00,4636.700,4637.300,4634.100,4634.500
2026-08-28 05:05,4633.700,4634.600,4631.300,4631.300
2026-08-28 05:10,4631.500,4632.900,4630.300,4632.300
2026-08-28 05:15,4631.900,4634.100,4631.400,4634.100
2026-08-28 05:20,4634.200,4636.800,4632.600,4636.700
2026-08-28 05:25,4636.500,4638.600,4634.600,4636.400
2026-08-28 05:30,4636.200,4636.200,4630.100,4630.400
2026-08-28 05:35,4631.200,4631.800,4626.900,4627.000
2026-08-28 05:40,4626.900,4628.400,4623.000,4625.000
2026-08-28 05:45,4624.900,4628.000,4623.800,4626.200
2026-08-28 05:50,4627.000,4629.200,4625.900,4629.200
2026-08-28 05:55,4629.300,4629.500,4624.600,4625.500
2026-08-28 06:00,4625.700,4629.800,4624.500,4629.400
2026-08-28 06:05,4629.300,4633.000,4626.700,4632.900
2026-08-28 06:10,4633.000,4636.000,4633.000,4634.300
2026-08-28 06:15,4634.100,4637.500,4633.000,4635.300
2026-08-28 06:20,4635.000,4637.800,4634.700,4636.000
2026-08-28 06:25,4636.100,4638.100,4635.700,4637.300
2026-08-28 06:30,4637.100,4639.300,4635.600,4636.200
2026-08-28 06:35,4636.200,4640.400,4636.200,4638.600
2026-08-28 06:40,4638.300,4640.900,4636.600,4640.600
2026-08-28 06:45,4640.800,4652.400,4640.700,4652.200
2026-08-28 06:50,4652.000,4659.600,4649.200,4657.200
2026-08-28 06:55,4657.000,4666.200,4656.700,4665.500
2026-08-28 07:00,4665.400,4666.400,4658.300,4659.700
2026-08-28 07:05,4660.100,4660.200,4651.800,4653.700
2026-08-28 07:10,4653.500,4656.200,4648.700,4653.500
2026-08-28 07:15,4653.300,4659.300,4652.100,4658.600
2026-08-28 07:20,4658.900,4662.900,4658.600,4660.100
2026-08-28 07:25,4660.600,4662.600,4659.600,4659.900
2026-08-28 07:30,4660.400,4664.700,4660.100,4664.500
2026-08-28 07:35,4664.400,4667.400,4662.700,4663.500
2026-08-28 07:40,4663.300,4663.700,4661.000,4662.300
2026-08-28 07:45,4662.100,4664.500,4660.400,4663.200
2026-08-28 07:50,4663.700,4666.100,4663.000,4664.600
2026-08-28 07:55,4664.800,4666.600,4662.900,4665.000
2026-08-28 08:00,4664.900,4667.700,4663.700,4665.600
2026-08-28 08:05,4665.900,4666.300,4663.200,4665.100
2026-08-28 08:10,4664.900,4666.300,4664.300,4665.100
2026-08-28 08:15,4665.300,4665.500,4662.000,4662.600
2026-08-28 08:20,4662.600,4664.900,4661.300,4664.500
2026-08-28 08:25,4664.400,4664.800,4662.300,4662.300
2026-08-28 08:30,4662.700,4665.100,4661.500,4663.300
2026-08-28 08:35,4663.400,4665.100,4660.100,4660.900
2026-08-28 08:40,4660.800,4661.200,4657.000,4657.100
2026-08-28 08:45,4657.100,4657.300,4654.300,4655.500
2026-08-28 08:50,4655.600,4659.900,4655.300,4658.200
2026-08-28 08:55,4658.300,4658.800,4654.300,4656.300
2026-08-28 09:00,4656.400,4657.900,4655.700,4657.900
2026-08-28 09:05,4657.800,4657.800,4654.700,4655.400
2026-08-28 09:10,4655.000,4656.500,4654.300,4655.300
2026-08-28 09:15,4655.000,4656.100,4653.500,4655.600
2026-08-28 09:20,4656.100,4657.700,4654.100,4656.600
2026-08-28 09:25,4656.700,4656.800,4654.000,4655.500
2026-08-28 09:30,4655.200,4657.900,4655.100,4656.000
2026-08-28 09:35,4656.100,4658.700,4654.600,4657.400
2026-08-28 09:40,4657.000,4658.600,4655.600,4657.700
2026-08-28 09:45,4657.600,4659.000,4656.700,4658.000
2026-08-28 09:50,4658.400,4660.800,4658.200,4660.800
2026-08-28 09:55,4660.800,4661.400,4658.700,4658.700
2026-08-28 10:00,4658.800,4660.100,4657.000,4659.300
2026-08-28 10:05,4659.300,4661.100,4659.200,4661.000
2026-08-28 10:10,4661.100,4662.800,4660.500,4662.200
2026-08-28 10:15,4662.400,4663.500,4657.900,4658.000
2026-08-28 10:20,4657.800,4658.000,4656.000,4657.200
2026-08-28 10:25,4657.500,4658.600,4655.000,4658.500
2026-08-28 10:30,4658.700,4661.200,4658.500,4660.600
2026-08-28 10:35,4660.500,4660.500,4656.200,4657.000
2026-08-28 10:40,4657.200,4657.500,4655.000,4656.000
2026-08-28 10:45,4655.800,4656.500,4652.800,4654.400
2026-08-28 10:50,4654.200,4654.400,4650.300,4651.200
2026-08-28 10:55,4651.200,4653.300,4650.900,4653.100
2026-08-28 11:00,4653.100,4654.200,4650.200,4651.700
2026-08-28 11:05,4651.600,4651.800,4647.700,4648.500
2026-08-28 11:10,4648.500,4651.300,4647.800,4651.300
2026-08-28 11:15,4651.300,4653.900,4651.000,4652.600
2026-08-28 11:20,4652.500,4652.900,4650.600,4652.700
2026-08-28 11:25,4653.300,4653.600,4650.200,4651.400
2026-08-28 11:30,4651.400,4653.400,4650.500,4651.000
2026-08-28 11:35,4651.000,4651.400,4646.000,4646.100
2026-08-28 11:40,4646.100,4647.400,4643.600,4647.200
2026-08-28 11:45,4647.000,4648.600,4645.800,4647.100
2026-08-28 11:50,4647.100,4648.500,4646.100,4647.100
2026-08-28 11:55,4646.800,4646.900,4644.000,4645.600
2026-08-28 12:00,4645.600,4648.100,4643.200,4646.900
2026-08-28 12:05,4647.000,4648.100,4644.300,4646.600
2026-08-28 12:10,4646.500,4649.300,4644.700,4646.900
2026-08-28 12:15,4647.000,4648.300,4644.500,4647.000
2026-08-28 12:20,4647.000,4654.300,4646.600,4654.100
2026-08-28 12:25,4654.100,4656.400,4653.000,4654.500
2026-08-28 12:30,4654.300,4655.000,4644.400,4645.800
2026-08-28 12:35,4646.200,4646.200,4641.200,4641.500
2026-08-28 12:40,4641.700,4645.000,4641.700,4644.100
2026-08-28 12:45,4644.100,4647.800,4642.600,4646.400
2026-08-28 12:50,4646.500,4649.700,4644.300,4648.800
2026-08-28 12:55,4648.800,4655.200,4648.800,4654.100
2026-08-28 13:00,4654.200,4656.000,4648.600,4651.900
2026-08-28 13:05,4651.800,4657.700,4651.300,4652.700
2026-08-28 13:10,4652.800,4653.300,4650.000,4651.300
2026-08-28 13:15,4651.500,4652.300,4645.900,4651.000
2026-08-28 13:20,4650.600,4653.200,4648.400,4653.200
2026-08-28 13:25,4653.000,4656.700,4651.900,4656.300
2026-08-28 13:30,4656.100,4658.000,4651.100,4657.300
2026-08-28 13:35,4657.100,4659.700,4653.200,4658.200
2026-08-28 13:40,4658.500,4660.300,4654.100,4657.000
2026-08-28 13:45,4657.300,4664.900,4657.100,4662.400
2026-08-28 13:50,4662.200,4664.700,4659.700,4662.700
2026-08-28 13:55,4662.800,4680.800,4655.200,4657.500
2026-08-28 14:00,4657.400,4688.000,4626.300,4630.100
2026-08-28 14:05,4630.700,4633.800,4600.400,4626.100
2026-08-28 14:10,4625.500,4626.300,4594.600,4597.500
2026-08-28 14:15,4597.700,4618.500,4596.300,4605.900
2026-08-28 14:20,4605.500,4620.500,4600.000,4609.600
2026-08-28 14:25,4609.500,4611.300,4580.200,4603.200
2026-08-28 14:30,4603.500,4622.000,4603.000,4621.900
2026-08-28 14:35,4621.600,4629.200,4617.200,4617.300
2026-08-28 14:40,4617.600,4621.200,4609.700,4613.200
2026-08-28 14:45,4613.100,4614.800,4603.000,4604.200
2026-08-28 14:50,4604.100,4622.900,4601.700,4622.600
2026-08-28 14:55,4622.900,4633.000,4621.700,4629.000
2026-08-28 15:00,4629.300,4636.100,4624.800,4633.100
2026-08-28 15:05,4633.200,4634.800,4625.000,4626.100
2026-08-28 15:10,4625.700,4626.900,4609.500,4611.600
2026-08-28 15:15,4611.700,4617.000,4606.100,4607.200
2026-08-28 15:20,4607.300,4617.600,4603.500,4617.200
2026-08-28 15:25,4617.000,4620.700,4610.500,4618.800
2026-08-28 15:30,4619.000,4619.700,4607.200,4609.900
2026-08-28 15:35,4610.000,4615.300,4599.600,4600.300
2026-08-28 15:40,4600.300,4601.000,4586.500,4590.800
2026-08-28 15:45,4591.600,4598.100,4583.600,4588.100
2026-08-28 15:50,4588.000,4597.900,4586.500,4591.700
2026-08-28 15:55,4591.800,4593.000,4574.800,4575.700
2026-08-28 16:00,4575.900,4580.900,4570.800,4572.000
2026-08-28 16:05,4571.600,4571.700,4559.400,4559.700
2026-08-28 16:10,4559.700,4566.700,4548.000,4549.300
2026-08-28 16:15,4549.100,4555.000,4532.800,4533.100
2026-08-28 16:20,4533.200,4535.200,4515.300,4519.800
2026-08-28 16:25,4519.700,4532.800,4516.000,4531.600
2026-08-28 16:30,4531.600,4538.300,4521.500,4524.400
2026-08-28 16:35,4524.400,4536.600,4523.800,4535.400
2026-08-28 16:40,4535.400,4537.100,4516.700,4519.600
2026-08-28 16:45,4519.800,4532.500,4519.500,4532.400
2026-08-28 16:50,4532.400,4535.900,4530.600,4531.300
2026-08-28 16:55,4531.600,4533.300,4525.800,4529.900
2026-08-28 17:00,4530.100,4531.200,4523.400,4526.100
2026-08-28 17:05,4526.400,4533.600,4525.400,4530.900
2026-08-28 17:10,4530.700,4531.300,4521.900,4531.300
2026-08-28 17:15,4531.300,4532.500,4525.400,4531.200
2026-08-28 17:20,4531.300,4537.200,4530.300,4535.600
2026-08-28 17:25,4535.700,4536.800,4526.200,4528.400
2026-08-28 17:30,4528.500,4531.600,4523.900,4528.900
2026-08-28 17:35,4529.300,4532.100,4521.100,4522.000
2026-08-28 17:40,4522.000,4525.200,4510.500,4517.500
2026-08-28 17:45,4517.300,4526.100,4516.800,4524.900
2026-08-28 17:50,4524.300,4525.900,4521.900,4523.000
2026-08-28 17:55,4522.700,4522.900,4516.700,4519.700
2026-08-28 18:00,4519.700,4521.900,4510.200,4510.900
2026-08-28 18:05,4511.100,4516.800,4509.500,4511.900
2026-08-28 18:10,4511.900,4515.000,4509.700,4511.100
2026-08-28 18:15,4511.100,4512.900,4503.600,4508.800
2026-08-28 18:20,4508.600,4513.500,4502.700,4503.800
2026-08-28 18:25,4503.600,4513.000,4502.400,4506.200
2026-08-28 18:30,4505.900,4508.500,4501.600,4506.700
2026-08-28 18:35,4506.600,4506.900,4501.200,4502.500
2026-08-28 18:40,4502.400,4505.000,4495.000,4501.000
2026-08-28 18:45,4500.500,4504.700,4498.000,4503.000
2026-08-28 18:50,4503.100,4506.300,4501.200,4503.700
2026-08-28 18:55,4503.900,4507.900,4502.000,4506.500
2026-08-28 19:00,4506.500,4511.800,4502.400,4507.700
2026-08-28 19:05,4507.500,4512.600,4506.600,4511.500
2026-08-28 19:10,4511.700,4511.900,4504.100,4506.700
2026-08-28 19:15,4506.500,4510.200,4504.700,4509.700
2026-08-28 19:20,4509.600,4511.600,4507.200,4508.600
2026-08-28 19:25,4509.300,4513.200,4509.300,4512.000
2026-08-28 19:30,4511.600,4514.600,4510.800,4512.900
2026-08-28 19:35,4512.100,4517.200,4511.600,4516.100
2026-08-28 19:40,4516.100,4516.400,4514.000,4514.600
2026-08-28 19:45,4514.400,4514.400,4504.500,4506.900
2026-08-28 19:50,4506.800,4509.100,4502.300,4506.100
2026-08-28 19:55,4506.100,4510.700,4505.200,4507.900
2026-08-28 20:00,4507.900,4512.300,4504.900,4510.000
2026-08-28 20:05,4510.000,4511.200,4509.400,4510.100
2026-08-28 20:10,4510.000,4511.200,4507.000,4507.500
2026-08-28 20:15,4507.700,4510.200,4507.500,4507.900
2026-08-28 20:20,4507.800,4507.800,4503.200,4504.000
2026-08-28 20:25,4504.000,4507.600,4503.400,4507.400
2026-08-28 20:30,4507.500,4507.500,4505.100,4505.800
2026-08-28 20:35,4505.600,4506.800,4504.800,4505.200
2026-08-28 20:40,4505.200,4506.600,4503.400,4506.600
2026-08-28 20:45,4507.000,4509.500,4505.600,4509.000
2026-08-28 20:50,4508.900,4509.500,4503.000,4503.700
2026-08-28 20:55,4504.000,4529.900,4502.700,4529.900
2026-08-30 22:10,4506.300,4510.000,4505.000,4509.200
2026-08-30 22:15,4508.800,4513.500,4506.200,4511.600
2026-08-30 22:20,4511.800,4515.900,4510.400,4512.000
2026-08-30 22:25,4512.000,4515.600,4507.400,4509.200
2026-08-30 22:30,4509.000,4509.100,4502.200,4502.700
2026-08-30 22:35,4502.700,4511.000,4502.500,4509.600
2026-08-30 22:40,4509.900,4512.000,4505.900,4507.300
2026-08-30 22:45,4507.200,4510.000,4506.400,4509.100
2026-08-30 22:50,4509.000,4509.500,4507.900,4508.200
2026-08-30 22:55,4508.100,4512.000,4508.100,4510.900
2026-08-30 23:00,4510.800,4512.300,4508.800,4511.900
2026-08-30 23:05,4511.400,4516.600,4511.400,4514.600
2026-08-30 23:10,4514.200,4514.700,4509.000,4509.800
2026-08-30 23:15,4509.900,4513.000,4509.200,4512.500
2026-08-30 23:20,4512.400,4514.400,4508.000,4508.900
2026-08-30 23:25,4508.600,4508.900,4503.900,4506.800
2026-08-30 23:30,4506.400,4507.000,4500.200,4504.200
2026-08-30 23:35,4503.500,4503.600,4499.300,4499.600
2026-08-30 23:40,4499.500,4500.300,4495.700,4496.500
2026-08-30 23:45,4496.200,4496.200,4485.200,4488.800
2026-08-30 23:50,4489.200,4497.300,4489.100,4496.900
2026-08-30 23:55,4497.100,4509.600,4497.000,4507.800
2026-08-31 00:00,4507.800,4511.200,4502.400,4507.300
2026-08-31 00:05,4507.300,4509.200,4503.600,4506.000
2026-08-31 00:10,4506.000,4512.900,4504.200,4511.300
2026-08-31 00:15,4511.000,4514.600,4508.800,4509.300
2026-08-31 00:20,4509.000,4510.200,4505.600,4506.700
2026-08-31 00:25,4507.300,4507.500,4501.400,4505.700
2026-08-31 00:30,4506.200,4515.400,4506.200,4511.700
2026-08-31 00:35,4511.600,4520.100,4511.600,4519.500
2026-08-31 00:40,4519.500,4521.500,4513.200,4514.500
2026-08-31 00:45,4514.500,4518.300,4513.700,4514.900
2026-08-31 00:50,4515.100,4515.800,4511.900,4515.600
2026-08-31 00:55,4515.300,4516.000,4505.500,4505.700
2026-08-31 01:00,4505.800,4512.400,4487.600,4511.400
2026-08-31 01:05,4511.600,4512.200,4488.300,4489.100
2026-08-31 01:10,4488.700,4494.100,4485.300,4493.300
2026-08-31 01:15,4492.800,4501.700,4491.800,4501.700
2026-08-31 01:20,4501.200,4503.500,4493.700,4499.100
2026-08-31 01:25,4498.200,4498.800,4492.200,4493.500
2026-08-31 01:30,4493.000,4499.300,4485.600,4490.600
2026-08-31 01:35,4490.300,4499.800,4488.500,4498.400
2026-08-31 01:40,4498.100,4503.100,4492.400,4500.200
2026-08-31 01:45,4500.200,4501.900,4486.400,4486.400
2026-08-31 01:50,4486.300,4493.300,4485.000,4493.300
2026-08-31 01:55,4493.700,4495.800,4488.500,4489.600
2026-08-31 02:00,4489.100,4490.700,4466.000,4476.000
2026-08-31 02:05,4476.400,4483.600,4474.600,4477.900
2026-08-31 02:10,4478.300,4482.000,4472.400,4474.000
2026-08-31 02:15,4473.900,4474.300,4467.500,4471.000
2026-08-31 02:20,4471.400,4476.700,4470.600,4476.700
2026-08-31 02:25,4476.500,4477.200,4472.200,4472.400
2026-08-31 02:30,4472.100,4475.700,4460.400,4461.200
2026-08-31 02:35,4461.000,4461.800,4453.100,4457.600
2026-08-31 02:40,4456.100,4457.300,4451.200,4452.100
2026-08-31 02:45,4452.100,4456.400,4445.600,4450.800
2026-08-31 02:50,4451.100,4466.600,4448.800,4466.100
2026-08-31 02:55,4465.900,4472.400,4465.800,4472.300
2026-08-31 03:00,4472.300,4476.700,4471.100,4471.600
2026-08-31 03:05,4471.900,4476.100,4471.200,4475.000
2026-08-31 03:10,4474.900,4477.800,4473.800,4477.800
2026-08-31 03:15,4478.000,4482.000,4477.400,4477.700
2026-08-31 03:20,4477.700,4483.600,4477.000,4480.900
2026-08-31 03:25,4480.700,4481.300,4476.000,4477.300
2026-08-31 03:30,4477.200,4477.300,4473.100,4473.100
2026-08-31 03:35,4473.200,4474.800,4469.500,4470.500
2026-08-31 03:40,4470.200,4473.600,4470.100,4472.300
2026-08-31 03:45,4472.500,4474.800,4472.500,4473.700
2026-08-31 03:50,4473.900,4476.800,4473.600,4474.200
2026-08-31 03:55,4474.000,4474.100,4471.100,4472.000
2026-08-31 04:00,4472.300,4472.300,4468.000,4468.000
2026-08-31 04:05,4468.300,4468.600,4466.400,4468.000
2026-08-31 04:10,4467.600,4472.500,4466.600,4471.100
2026-08-31 04:15,4471.200,4471.300,4467.800,4468.000
2026-08-31 04:20,4468.800,4469.200,4465.500,4467.800
2026-08-31 04:25,4468.400,4470.500,4465.500,4465.500
2026-08-31 04:30,4465.500,4466.200,4462.500,4466.200
2026-08-31 04:35,4466.300,4471.900,4465.500,4470.200
2026-08-31 04:40,4470.200,4470.200,4467.000,4469.900
2026-08-31 04:45,4470.100,4471.500,4469.100,4469.100
2026-08-31 04:50,4469.100,4471.100,4468.600,4470.500
2026-08-31 04:55,4470.700,4475.000,4469.300,4474.600
2026-08-31 05:00,4474.600,4477.000,4472.200,4473.700
2026-08-31 05:05,4473.300,4473.900,4469.200,4470.100
2026-08-31 05:10,4470.200,4475.200,4469.600,4473.000
2026-08-31 05:15,4472.600,4477.400,4472.000,4477.100
2026-08-31 05:20,4478.100,4484.200,4478.100,4483.600
2026-08-31 05:25,4483.500,4490.500,4482.300,4489.900
2026-08-31 05:30,4490.300,4491.900,4480.400,4482.700
2026-08-31 05:35,4482.300,4486.200,4481.600,4483.100
2026-08-31 05:40,4484.100,4488.600,4482.600,4486.600
2026-08-31 05:45,4487.100,4491.000,4485.000,4485.000
2026-08-31 05:50,4485.000,4488.900,4483.900,4487.200
2026-08-31 05:55,4487.100,4493.500,4484.900,4492.700
2026-08-31 06:00,4492.700,4493.000,4482.300,4482.800
2026-08-31 06:05,4482.900,4482.900,4478.900,4481.900
2026-08-31 06:10,4481.700,4485.000,4481.700,4482.000
2026-08-31 06:15,4482.300,4488.200,4481.200,4487.800
2026-08-31 06:20,4487.600,4489.000,4484.700,4487.700
2026-08-31 06:25,4487.900,4488.000,4484.600,4486.000
2026-08-31 06:30,4485.700,4486.900,4481.300,4484.100
2026-08-31 06:35,4484.100,4491.000,4483.900,4490.000
2026-08-31 06:40,4490.300,4491.100,4488.700,4489.500
2026-08-31 06:45,4489.500,4493.000,4488.700,4491.800
2026-08-31 06:50,4491.600,4491.600,4487.400,4490.500
2026-08-31 06:55,4489.500,4489.900,4486.700,4489.400
2026-08-31 07:00,4489.200,4490.500,4487.100,4489.500
2026-08-31 07:05,4489.400,4491.600,4486.500,4487.600
2026-08-31 07:10,4487.500,4489.700,4485.500,4485.900
2026-08-31 07:15,4486.000,4491.200,4485.000,4489.200
2026-08-31 07:20,4489.200,4495.700,4488.600,4495.000
2026-08-31 07:25,4495.400,4498.500,4493.800,4494.100
2026-08-31 07:30,4494.100,4496.800,4491.300,4494.300
2026-08-31 07:35,4494.200,4495.000,4492.100,4493.300
2026-08-31 07:40,4493.400,4497.300,4491.900,4496.700
2026-08-31 07:45,4496.900,4498.200,4493.500,4494.900
2026-08-31 07:50,4494.800,4495.000,4492.300,4493.900
2026-08-31 07:55,4494.200,4495.200,4490.900,4493.300
2026-08-31 08:00,4493.300,4499.700,4493.000,4498.600
2026-08-31 08:05,4498.600,4498.800,4492.000,4493.100
2026-08-31 08:10,4492.500,4492.900,4487.100,4489.100
2026-08-31 08:15,4489.000,4490.600,4486.200,4490.000
2026-08-31 08:20,4490.000,4490.400,4487.800,4487.800
2026-08-31 08:25,4487.800,4491.400,4487.800,4490.500
2026-08-31 08:30,4490.200,4490.200,4485.800,4485.900
2026-08-31 08:35,4486.300,4488.200,4485.400,4486.900
2026-08-31 08:40,4486.600,4487.500,4484.400,4485.500
2026-08-31 08:45,4485.400,4487.000,4484.500,4486.500
2026-08-31 08:50,4486.600,4487.000,4483.900,4484.300
2026-08-31 08:55,4484.400,4486.200,4484.400,4485.600
2026-08-31 09:00,4485.800,4489.200,4485.700,4488.900
2026-08-31 09:05,4489.200,4491.600,4486.600,4486.800
2026-08-31 09:10,4486.800,4493.100,4485.900,4493.100
2026-08-31 09:15,4493.300,4494.500,4491.000,4491.100
2026-08-31 09:20,4491.200,4491.700,4488.700,4489.700
2026-08-31 09:25,4489.700,4490.200,4488.000,4489.500
2026-08-31 09:30,4489.600,4494.800,4489.300,4494.600
2026-08-31 09:35,4494.800,4495.200,4491.700,4492.000
2026-08-31 09:40,4492.500,4493.900,4491.300,4493.700
2026-08-31 09:45,4493.700,4495.400,4493.000,4493.800
2026-08-31 09:50,4493.600,4494.700,4491.800,4494.600
2026-08-31 09:55,4494.000,4496.000,4493.000,4496.000
2026-08-31 10:00,4495.900,4498.100,4495.200,4498.100
2026-08-31 10:05,4498.100,4504.200,4497.600,4499.000
2026-08-31 10:10,4498.900,4502.300,4496.700,4502.000
2026-08-31 10:15,4502.400,4502.800,4496.800,4498.500
2026-08-31 10:20,4499.100,4500.300,4497.900,4497.900
2026-08-31 10:25,4498.000,4499.800,4497.300,4499.100
2026-08-31 10:30,4499.200,4501.300,4498.500,4499.500
2026-08-31 10:35,4499.200,4502.000,4498.800,4500.600
2026-08-31 10:40,4500.600,4502.900,4499.300,4501.700
2026-08-31 10:45,4501.900,4502.200,4500.200,4501.700
2026-08-31 10:50,4501.600,4506.700,4501.600,4504.800
2026-08-31 10:55,4504.700,4506.600,4504.200,4504.500
2026-08-31 11:00,4504.600,4507.600,4504.200,4507.000
2026-08-31 11:05,4506.600,4507.700,4503.800,4507.500
2026-08-31 11:10,4507.500,4508.400,4504.300,4504.400
2026-08-31 11:15,4504.500,4508.000,4503.100,4507.000
2026-08-31 11:20,4507.000,4509.100,4506.700,4508.800
2026-08-31 11:25,4508.900,4514.900,4508.800,4514.100
2026-08-31 11:30,4514.100,4514.900,4509.400,4509.400
2026-08-31 11:35,4509.300,4510.500,4505.600,4506.500
2026-08-31 11:40,4506.400,4510.300,4504.500,4505.300
2026-08-31 11:45,4505.700,4506.600,4503.400,4504.000
2026-08-31 11:50,4504.200,4505.500,4503.200,4503.700
2026-08-31 11:55,4504.100,4507.100,4504.100,4506.200
2026-08-31 12:00,4506.100,4510.100,4505.900,4509.000
2026-08-31 12:05,4509.300,4511.900,4500.800,4507.900
2026-08-31 12:10,4508.200,4510.700,4505.800,4508.200
2026-08-31 12:15,4508.300,4509.700,4505.800,4507.500
2026-08-31 12:20,4507.600,4508.100,4501.000,4503.300
2026-08-31 12:25,4503.400,4505.300,4497.800,4498.700
2026-08-31 12:30,4498.400,4500.900,4496.200,4497.700
2026-08-31 12:35,4497.500,4498.300,4492.900,4493.100
2026-08-31 12:40,4493.000,4493.600,4489.800,4491.600
2026-08-31 12:45,4491.400,4491.400,4486.600,4489.100
2026-08-31 12:50,4489.300,4492.900,4488.000,4488.100
2026-08-31 12:55,4488.100,4490.600,4486.500,4486.900
2026-08-31 13:00,4486.700,4491.200,4484.800,4488.500
2026-08-31 13:05,4488.800,4497.000,4487.500,4496.100
2026-08-31 13:10,4496.100,4497.800,4493.900,4497.000
2026-08-31 13:15,4497.100,4499.500,4492.500,4494.500
2026-08-31 13:20,4494.300,4495.000,4490.500,4492.200
2026-08-31 13:25,4492.000,4498.600,4491.900,4497.300
2026-08-31 13:30,4497.400,4498.500,4488.800,4489.700
2026-08-31 13:35,4489.500,4494.500,4486.800,4488.000
2026-08-31 13:40,4488.100,4489.300,4483.100,4484.600
2026-08-31 13:45,4484.700,4484.800,4475.600,4476.600
2026-08-31 13:50,4476.400,4480.100,4469.900,4475.000
2026-08-31 13:55,4475.000,4475.500,4466.400,4469.100
2026-08-31 14:00,4469.300,4474.400,4466.700,4471.300
2026-08-31 14:05,4471.500,4478.400,4470.500,4477.900
2026-08-31 14:10,4477.600,4478.500,4471.700,4477.600
2026-08-31 14:15,4477.700,4481.600,4475.200,4477.600
2026-08-31 14:20,4477.300,4477.500,4466.900,4469.700
2026-08-31 14:25,4469.400,4473.600,4467.900,4470.600
2026-08-31 14:30,4470.500,4479.000,4470.000,4475.500
2026-08-31 14:35,4475.500,4487.200,4475.200,4484.000
2026-08-31 14:40,4483.900,4486.200,4481.700,4483.100
2026-08-31 14:45,4483.500,4486.300,4478.300,4479.000
2026-08-31 14:50,4478.800,4483.600,4476.200,4482.900
2026-08-31 14:55,4482.700,4486.300,4480.800,4481.700
2026-08-31 15:00,4481.700,4486.500,4478.300,4478.600
2026-08-31 15:05,4478.500,4484.000,4477.900,4483.800
2026-08-31 15:10,4483.800,4487.700,4481.600,4485.200
2026-08-31 15:15,4485.400,4487.900,4478.900,4481.800
2026-08-31 15:20,4482.200,4485.400,4479.400,4482.800
2026-08-31 15:25,4483.300,4484.400,4480.500,4482.900
2026-08-31 15:30,4482.400,4484.000,4478.600,4480.000
2026-08-31 15:35,4480.300,4482.500,4477.000,4479.400
2026-08-31 15:40,4479.600,4481.300,4476.000,4477.200
2026-08-31 15:45,4477.300,4483.600,4477.000,4481.500
2026-08-31 15:50,4481.200,4482.500,4476.900,4477.600
2026-08-31 15:55,4477.700,4478.500,4474.300,4475.500
2026-08-31 16:00,4475.900,4482.200,4473.000,4479.800
2026-08-31 16:05,4479.700,4486.000,4479.600,4484.000
2026-08-31 16:10,4483.800,4487.100,4482.400,4484.400
2026-08-31 16:15,4484.700,4486.800,4484.000,4484.500
2026-08-31 16:20,4484.600,4486.200,4482.900,4485.800
2026-08-31 16:25,4486.000,4488.700,4484.900,4488.300
2026-08-31 16:30,4488.600,4490.300,4485.100,4486.000
2026-08-31 16:35,4486.200,4486.200,4481.000,4481.800
2026-08-31 16:40,4481.800,4487.300,4481.100,4485.400
2026-08-31 16:45,4485.200,4486.600,4481.800,4483.400
2026-08-31 16:50,4483.400,4487.100,4483.300,4483.700
2026-08-31 16:55,4483.800,4483.800,4481.800,4482.600
2026-08-31 17:00,4482.800,4484.000,4480.600,4482.100
2026-08-31 17:05,4482.100,4482.400,4480.000,4481.100
2026-08-31 17:10,4481.000,4484.600,4481.000,4482.900
2026-08-31 17:15,4483.000,4485.600,4482.000,4485.500
2026-08-31 17:20,4485.600,4486.600,4482.100,4482.100
2026-08-31 17:25,4482.300,4484.400,4477.800,4479.800
2026-08-31 17:30,4479.800,4484.100,4479.100,4482.100
2026-08-31 17:35,4482.300,4485.100,4482.200,4482.800
2026-08-31 17:40,4482.600,4486.300,4482.300,4486.000
2026-08-31 17:45,4485.900,4489.700,4485.200,4488.300
2026-08-31 17:50,4488.400,4489.500,4486.700,4487.100
2026-08-31 17:55,4487.200,4487.600,4485.100,4485.600
2026-08-31 18:00,4486.000,4486.100,4479.500,4481.400
2026-08-31 18:05,4481.500,4482.200,4480.500,4480.800
2026-08-31 18:10,4480.800,4483.200,4479.900,4483.200
2026-08-31 18:15,4483.100,4484.000,4481.000,4481.300
2026-08-31 18:20,4481.200,4482.700,4481.100,4482.300
2026-08-31 18:25,4482.300,4482.400,4478.900,4478.900
2026-08-31 18:30,4478.900,4478.900,4475.500,4476.900
2026-08-31 18:35,4477.000,4478.200,4476.000,4477.000
2026-08-31 18:40,4477.700,4479.500,4476.900,4478.600
2026-08-31 18:45,4478.600,4482.500,4478.400,4482.200
2026-08-31 18:50,4482.200,4484.000,4481.800,4482.700
2026-08-31 18:55,4482.600,4483.100,4479.700,4480.300
2026-08-31 19:00,4480.700,4482.300,4478.400,4479.900
2026-08-31 19:05,4480.000,4484.000,4480.000,4484.000
2026-08-31 19:10,4484.200,4484.700,4481.900,4482.800
2026-08-31 19:15,4483.100,4483.400,4482.400,4482.900
2026-08-31 19:20,4482.800,4488.800,4482.100,4488.500
2026-08-31 19:25,4488.600,4491.700,4487.400,4489.800
2026-08-31 19:30,4489.800,4490.800,4488.900,4490.000
2026-08-31 19:35,4489.900,4494.800,4489.600,4492.100
2026-08-31 19:40,4492.300,4492.700,4488.400,4492.500
2026-08-31 19:45,4492.200,4498.400,4490.800,4498.100
2026-08-31 19:50,4498.100,4501.800,4496.800,4499.500
2026-08-31 19:55,4499.400,4502.700,4496.900,4502.000
2026-08-31 20:00,4502.300,4504.900,4501.500,4501.900
2026-08-31 20:05,4501.600,4502.000,4500.700,4501.100
2026-08-31 20:10,4502.000,4502.300,4499.100,4499.200
2026-08-31 20:15,4499.300,4499.600,4498.000,4498.000
2026-08-31 20:20,4498.300,4498.300,4496.100,4497.200
2026-08-31 20:25,4496.900,4497.500,4496.200,4496.500
2026-08-31 20:30,4496.500,4498.000,4495.900,4497.600
2026-08-31 20:35,4497.500,4498.800,4497.200,4497.700
2026-08-31 20:40,4497.600,4498.400,4497.000,4497.300
2026-08-31 20:45,4497.400,4497.900,4496.300,4496.900
2026-08-31 20:50,4496.600,4497.600,4496.200,4497.600
2026-08-31 20:55,4497.900,4498.900,4497.000,4497.300
2026-08-31 22:00,4498.700,4503.500,4496.500,4503.300
2026-08-31 22:05,4503.000,4504.800,4501.200,4504.400
2026-08-31 22:10,4504.200,4504.700,4500.100,4500.400
2026-08-31 22:15,4500.400,4500.700,4498.800,4498.800
2026-08-31 22:20,4498.700,4498.700,4496.600,4496.600
2026-08-31 22:25,4496.600,4499.300,4496.400,4498.600
2026-08-31 22:30,4498.500,4500.000,4497.800,4498.800
2026-08-31 22:35,4498.800,4498.800,4497.000,4497.200
2026-08-31 22:40,4497.600,4497.600,4495.900,4496.900
2026-08-31 22:45,4496.600,4496.900,4494.600,4495.400
2026-08-31 22:50,4495.600,4496.100,4494.300,4494.400
2026-08-31 22:55,4494.900,4496.600,4494.700,4495.500
2026-08-31 23:00,4495.800,4495.800,4494.600,4494.800
2026-08-31 23:05,4494.800,4495.400,4494.100,4494.600
2026-08-31 23:10,4494.500,4495.300,4492.300,4492.600
2026-08-31 23:15,4492.400,4492.500,4491.600,4491.700
2026-08-31 23:20,4491.700,4491.900,4490.300,4491.700
2026-08-31 23:25,4491.700,4492.800,4491.300,4491.900
2026-08-31 23:30,4492.000,4496.500,4491.800,4494.400
2026-08-31 23:35,4494.100,4494.700,4493.000,4493.500
2026-08-31 23:40,4493.500,4495.000,4491.600,4494.500
2026-08-31 23:45,4494.500,4498.300,4494.200,4494.900
2026-08-31 23:50,4495.300,4500.300,4495.000,4499.500
2026-08-31 23:55,4499.200,4501.000,4497.000,4501.000
2026-09-01 00:00,4501.300,4503.000,4495.000,4502.800
2026-09-01 00:05,4502.500,4505.000,4500.100,4504.400
2026-09-01 00:10,4504.000,4507.100,4501.600,4503.900
2026-09-01 00:15,4504.100,4507.200,4501.400,4506.500
2026-09-01 00:20,4506.400,4510.500,4506.300,4506.800
2026-09-01 00:25,4506.500,4510.200,4505.700,4509.200
2026-09-01 00:30,4509.500,4510.300,4505.300,4506.400
2026-09-01 00:35,4506.200,4506.200,4502.200,4503.700
2026-09-01 00:40,4504.200,4505.500,4500.700,4502.100
2026-09-01 00:45,4502.400,4505.800,4501.000,4505.000
2026-09-01 00:50,4504.800,4510.400,4504.600,4505.800
2026-09-01 00:55,4506.300,4506.300,4499.900,4502.700
2026-09-01 01:00,4502.600,4505.900,4497.000,4498.200
2026-09-01 01:05,4499.300,4499.600,4495.500,4496.100
2026-09-01 01:10,4496.000,4498.000,4494.200,4495.300
2026-09-01 01:15,4495.600,4496.700,4492.200,4492.200
2026-09-01 01:20,4492.300,4493.800,4487.600,4489.300
2026-09-01 01:25,4489.200,4489.500,4486.700,4488.600
2026-09-01 01:30,4488.800,4492.000,4485.200,4491.700
2026-09-01 01:35,4491.600,4494.600,4490.200,4492.900
2026-09-01 01:40,4493.200,4494.800,4490.200,4494.800
2026-09-01 01:45,4494.900,4495.600,4489.500,4489.800
2026-09-01 01:50,4490.100,4491.900,4488.300,4490.300
2026-09-01 01:55,4490.400,4493.300,4489.600,4493.100
2026-09-01 02:00,4492.900,4495.900,4491.600,4495.900
2026-09-01 02:05,4496.000,4497.700,4490.700,4490.900
2026-09-01 02:10,4490.900,4498.200,4490.900,4493.800
2026-09-01 02:15,4494.100,4495.600,4493.800,4495.600
2026-09-01 02:20,4496.000,4497.300,4491.400,4491.700
2026-09-01 02:25,4492.000,4492.300,4489.200,4489.200
2026-09-01 02:30,4489.200,4489.800,4483.900,4486.300
2026-09-01 02:35,4486.200,4486.400,4481.000,4481.900
2026-09-01 02:40,4482.200,4485.900,4480.700,4481.200
2026-09-01 02:45,4481.000,4485.500,4477.100,4484.300
2026-09-01 02:50,4485.000,4489.500,4484.000,4488.700
2026-09-01 02:55,4487.900,4492.600,4487.900,4492.400
2026-09-01 03:00,4492.700,4493.500,4488.900,4490.000
2026-09-01 03:05,4490.400,4491.600,4488.800,4490.200
2026-09-01 03:10,4489.500,4491.000,4487.800,4489.400
2026-09-01 03:15,4488.900,4489.600,4485.600,4486.000
2026-09-01 03:20,4485.900,4485.900,4481.600,4481.600
2026-09-01 03:25,4482.200,4485.500,4480.900,4483.500
2026-09-01 03:30,4483.400,4485.900,4482.600,4485.700
2026-09-01 03:35,4485.100,4486.900,4482.600,4486.900
2026-09-01 03:40,4486.900,4488.000,4486.300,4487.600
2026-09-01 03:45,4487.800,4492.100,4487.800,4490.400
2026-09-01 03:50,4490.300,4492.400,4490.200,4491.000
2026-09-01 03:55,4490.900,4490.900,4486.100,4487.000
2026-09-01 04:00,4485.700,4486.700,4484.600,4486.000
2026-09-01 04:05,4486.200,4486.400,4480.400,4480.700
2026-09-01 04:10,4480.600,4481.100,4478.900,4479.600
2026-09-01 04:15,4479.600,4482.500,4478.300,4478.500
2026-09-01 04:20,4479.000,4481.100,4478.300,4481.000
2026-09-01 04:25,4480.600,4481.700,4478.300,4478.500
2026-09-01 04:30,4478.200,4479.100,4477.100,4478.700
2026-09-01 04:35,4478.700,4479.400,4477.600,4478.100
2026-09-01 04:40,4478.200,4478.600,4475.200,4476.500
2026-09-01 04:45,4475.900,4478.100,4474.100,4475.600
2026-09-01 04:50,4475.400,4478.200,4473.900,4477.600
2026-09-01 04:55,4477.600,4478.000,4474.100,4475.200
2026-09-01 05:00,4475.400,4480.300,4474.700,4479.800
2026-09-01 05:05,4479.600,4481.300,4478.800,4479.400
2026-09-01 05:10,4479.600,4480.000,4477.500,4477.700
2026-09-01 05:15,4478.100,4479.000,4473.500,4474.100
2026-09-01 05:20,4474.400,4476.300,4474.400,4475.900
2026-09-01 05:25,4475.300,4476.700,4474.300,4475.200
2026-09-01 05:30,4474.900,4483.800,4471.900,4483.500
2026-09-01 05:35,4483.500,4491.500,4481.900,4488.400
2026-09-01 05:40,4488.200,4492.200,4486.900,4492.200
2026-09-01 05:45,4491.200,4494.600,4489.800,4493.800
2026-09-01 05:50,4493.900,4493.900,4490.000,4491.700
2026-09-01 05:55,4491.700,4494.700,4488.300,4489.000
2026-09-01 06:00,4488.500,4489.100,4484.100,4485.100
2026-09-01 06:05,4485.100,4487.200,4483.900,4483.900
2026-09-01 06:10,4484.300,4484.900,4480.200,4481.300
2026-09-01 06:15,4481.400,4483.800,4481.100,4482.800
2026-09-01 06:20,4482.800,4483.300,4479.600,4481.500
2026-09-01 06:25,4481.700,4482.100,4476.300,4477.600
2026-09-01 06:30,4477.700,4479.000,4477.000,4478.500
2026-09-01 06:35,4478.300,4482.600,4478.300,4481.900
2026-09-01 06:40,4481.800,4483.900,4481.200,4483.600
2026-09-01 06:45,4483.700,4484.100,4478.000,4478.500
2026-09-01 06:50,4478.500,4478.900,4476.700,4478.500
2026-09-01 06:55,4478.600,4479.500,4477.900,4478.000
2026-09-01 07:00,4478.100,4483.600,4477.900,4482.900
2026-09-01 07:05,4482.800,4482.800,4478.400,4478.900
2026-09-01 07:10,4479.000,4481.600,4478.100,4481.600
2026-09-01 07:15,4481.600,4482.300,4477.300,4478.100
2026-09-01 07:20,4477.800,4481.200,4475.100,4475.500
2026-09-01 07:25,4475.500,4478.300,4474.300,4474.500
2026-09-01 07:30,4474.300,4476.900,4467.500,4474.300
2026-09-01 07:35,4473.900,4474.300,4461.300,4461.300
2026-09-01 07:40,4461.500,4470.500,4460.500,4466.800
2026-09-01 07:45,4466.600,4471.000,4465.400,4470.800
2026-09-01 07:50,4471.000,4471.900,4467.200,4467.700
2026-09-01 07:55,4468.100,4470.900,4465.700,4468.700
2026-09-01 08:00,4468.600,4468.600,4458.800,4459.900
2026-09-01 08:05,4459.800,4467.300,4442.300,4444.900
2026-09-01 08:10,4445.000,4455.700,4438.400,4454.300
2026-09-01 08:15,4454.300,4454.900,4443.900,4444.300
2026-09-01 08:20,4444.200,4447.400,4433.100,4434.100
2026-09-01 08:25,4434.400,4436.600,4430.700,4432.000
2026-09-01 08:30,4432.100,4432.600,4421.500,4423.300
2026-09-01 08:35,4423.700,4425.700,4418.500,4423.200
2026-09-01 08:40,4423.300,4430.000,4419.100,4424.100
2026-09-01 08:45,4423.900,4427.000,4417.900,4425.000
2026-09-01 08:50,4425.400,4426.500,4421.000,4425.400
2026-09-01 08:55,4425.200,4426.600,4418.500,4419.400
2026-09-01 09:00,4419.400,4424.000,4414.500,4421.800
2026-09-01 09:05,4422.800,4423.400,4416.100,4418.400
2026-09-01 09:10,4418.400,4424.600,4417.600,4424.200
2026-09-01 09:15,4424.200,4426.600,4423.000,4424.900
2026-09-01 09:20,4424.600,4426.300,4422.700,4423.500
2026-09-01 09:25,4423.600,4423.900,4419.000,4421.400
2026-09-01 09:30,4421.100,4421.700,4415.100,4419.300
2026-09-01 09:35,4419.200,4419.800,4414.200,4416.800
2026-09-01 09:40,4416.100,4420.500,4414.600,4420.400
2026-09-01 09:45,4420.200,4422.500,4418.100,4418.400
2026-09-01 09:50,4418.000,4420.500,4417.300,4419.300
2026-09-01 09:55,4419.300,4421.700,4413.000,4413.700
2026-09-01 10:00,4413.700,4419.600,4413.000,4417.400
2026-09-01 10:05,4417.500,4424.000,4416.300,4421.900
2026-09-01 10:10,4422.000,4430.800,4421.800,4426.800
2026-09-01 10:15,4427.000,4432.000,4426.600,4429.400
2026-09-01 10:20,4429.600,4434.100,4428.900,4433.000
2026-09-01 10:25,4432.800,4434.200,4431.500,4433.300
2026-09-01 10:30,4433.600,4434.000,4430.200,4431.600
2026-09-01 10:35,4432.200,4434.200,4431.700,4433.000
2026-09-01 10:40,4433.000,4434.600,4430.200,4430.200
2026-09-01 10:45,4430.300,4430.300,4425.400,4426.800
2026-09-01 10:50,4426.900,4426.900,4423.500,4424.700
2026-09-01 10:55,4424.600,4429.200,4424.300,4426.900
2026-09-01 11:00,4427.000,4429.700,4424.500,4428.400
2026-09-01 11:05,4428.600,4431.300,4425.400,4430.600
2026-09-01 11:10,4430.600,4431.800,4424.900,4425.800
2026-09-01 11:15,4425.800,4426.000,4423.200,4424.700
2026-09-01 11:20,4424.800,4430.300,4424.300,4426.500
2026-09-01 11:25,4426.100,4430.400,4425.200,4429.200
2026-09-01 11:30,4429.000,4430.900,4426.900,4429.200
2026-09-01 11:35,4429.100,4432.800,4427.500,4432.500
2026-09-01 11:40,4432.300,4433.400,4431.200,4432.700
2026-09-01 11:45,4432.800,4435.700,4432.100,4434.000
2026-09-01 11:50,4433.900,4435.400,4427.300,4427.800
2026-09-01 11:55,4427.500,4427.600,4420.500,4422.900
2026-09-01 12:00,4423.000,4423.200,4418.000,4420.300
2026-09-01 12:05,4420.200,4421.500,4418.500,4419.200
2026-09-01 12:10,4419.300,4420.900,4415.400,4419.500
2026-09-01 12:15,4419.200,4424.000,4418.400,4419.500
2026-09-01 12:20,4419.700,4420.300,4414.300,4416.700
2026-09-01 12:25,4416.400,4424.900,4416.300,4417.100
2026-09-01 12:30,4416.900,4417.500,4407.100,4407.500
2026-09-01 12:35,4407.300,4409.700,4400.400,4406.300
2026-09-01 12:40,4406.100,4413.600,4403.600,4413.200
2026-09-01 12:45,4413.200,4418.500,4411.400,4413.100
2026-09-01 12:50,4412.200,4413.700,4410.200,4411.800
2026-09-01 12:55,4411.400,4411.600,4404.500,4404.700
2026-09-01 13:00,4404.600,4406.300,4385.000,4388.000
2026-09-01 13:05,4387.800,4391.400,4376.800,4380.100
2026-09-01 13:10,4380.200,4383.900,4374.100,4377.500
2026-09-01 13:15,4377.600,4382.300,4374.500,4381.800
2026-09-01 13:20,4382.200,4385.500,4379.400,4384.100
2026-09-01 13:25,4384.200,4392.600,4383.200,4391.100
2026-09-01 13:30,4391.000,4402.800,4389.200,4400.700
2026-09-01 13:35,4400.800,4404.700,4394.500,4400.900
2026-09-01 13:40,4401.000,4410.600,4399.100,4409.700
2026-09-01 13:45,4409.900,4410.100,4401.800,4409.400
2026-09-01 13:50,4408.800,4413.000,4404.800,4405.900
2026-09-01 13:55,4406.200,4415.900,4405.800,4413.900
2026-09-01 14:00,4414.200,4419.500,4401.500,4402.100
2026-09-01 14:05,4402.000,4418.200,4401.700,4414.600
2026-09-01 14:10,4414.600,4419.000,4410.800,4419.000
2026-09-01 14:15,4419.000,4423.300,4417.400,4420.000
2026-09-01 14:20,4420.200,4424.300,4419.900,4422.100
2026-09-01 14:25,4422.200,4422.900,4414.100,4414.400
2026-09-01 14:30,4414.500,4420.600,4414.400,4420.600
2026-09-01 14:35,4420.600,4421.800,4413.500,4414.400
2026-09-01 14:40,4414.300,4416.100,4412.600,4414.700
2026-09-01 14:45,4415.200,4418.700,4408.800,4410.100
2026-09-01 14:50,4410.200,4416.400,4407.300,4408.500
2026-09-01 14:55,4408.700,4409.400,4405.200,4408.800
2026-09-01 15:00,4409.100,4411.500,4403.400,4406.100
2026-09-01 15:05,4405.800,4408.700,4404.800,4408.300
2026-09-01 15:10,4408.200,4411.200,4404.900,4405.300
2026-09-01 15:15,4405.400,4412.100,4404.400,4411.500
2026-09-01 15:20,4411.300,4413.600,4409.700,4410.400
2026-09-01 15:25,4410.300,4414.200,4406.900,4414.200
2026-09-01 15:30,4414.000,4415.400,4411.100,4411.500
2026-09-01 15:35,4411.000,4415.100,4409.800,4412.100
2026-09-01 15:40,4412.500,4419.100,4412.400,4419.100
2026-09-01 15:45,4419.200,4420.000,4417.000,4419.700
2026-09-01 15:50,4419.600,4421.800,4418.000,4421.500
2026-09-01 15:55,4421.200,4422.700,4419.000,4421.700
2026-09-01 16:00,4421.600,4423.300,4420.000,4420.600
2026-09-01 16:05,4420.500,4421.900,4416.600,4416.600
2026-09-01 16:10,4416.600,4417.200,4410.700,4410.700
2026-09-01 16:15,4411.000,4414.000,4407.000,4407.600
2026-09-01 16:20,4407.100,4407.100,4403.900,4406.200
2026-09-01 16:25,4406.500,4407.300,4401.000,4401.300
2026-09-01 16:30,4401.000,4401.700,4395.700,4397.200
2026-09-01 16:35,4397.200,4403.900,4395.400,4403.800
2026-09-01 16:40,4403.400,4406.100,4400.500,4403.200
2026-09-01 16:45,4403.100,4407.500,4403.100,4405.300
2026-09-01 16:50,4405.700,4406.700,4402.000,4403.500
2026-09-01 16:55,4403.700,4404.400,4399.400,4399.600
2026-09-01 17:00,4399.800,4400.300,4395.200,4395.200
2026-09-01 17:05,4395.100,4396.300,4392.700,4394.100
2026-09-01 17:10,4394.600,4396.000,4392.400,4394.600
2026-09-01 17:15,4394.700,4397.100,4392.400,4395.000
2026-09-01 17:20,4394.600,4396.300,4393.100,4395.700
2026-09-01 17:25,4395.500,4398.600,4390.700,4398.500
2026-09-01 17:30,4398.300,4400.300,4395.600,4395.800
2026-09-01 17:35,4395.900,4399.100,4394.000,4394.000
2026-09-01 17:40,4394.200,4395.100,4390.900,4392.300
2026-09-01 17:45,4392.300,4392.400,4389.000,4391.100
2026-09-01 17:50,4390.800,4392.700,4389.300,4391.500
2026-09-01 17:55,4391.800,4392.400,4390.000,4391.100
2026-09-01 18:00,4391.300,4392.700,4386.400,4387.000
2026-09-01 18:05,4387.400,4388.500,4384.500,4384.700
2026-09-01 18:10,4384.600,4385.600,4382.400,4384.400
2026-09-01 18:15,4384.600,4388.700,4383.700,4388.500
2026-09-01 18:20,4388.500,4389.600,4387.600,4389.200
2026-09-01 18:25,4389.000,4389.000,4384.900,4385.400
2026-09-01 18:30,4385.400,4385.500,4380.700,4381.600
2026-09-01 18:35,4381.600,4382.000,4376.600,4377.400
2026-09-01 18:40,4377.600,4378.400,4375.900,4377.100
2026-09-01 18:45,4377.300,4379.300,4375.600,4379.300
2026-09-01 18:50,4379.300,4382.200,4376.700,4376.900
2026-09-01 18:55,4376.800,4381.000,4375.700,4379.400
2026-09-01 19:00,4379.100,4380.000,4376.600,4379.100
2026-09-01 19:05,4379.200,4381.600,4377.300,4379.100
2026-09-01 19:10,4379.100,4384.800,4378.500,4384.700
2026-09-01 19:15,4384.900,4385.200,4381.900,4382.700
2026-09-01 19:20,4382.600,4382.900,4380.900,4381.300
2026-09-01 19:25,4381.600,4382.900,4381.600,4382.000
2026-09-01 19:30,4382.000,4382.200,4375.500,4377.600
2026-09-01 19:35,4377.300,4378.100,4370.200,4370.600
2026-09-01 19:40,4370.500,4375.200,4369.700,4373.500
2026-09-01 19:45,4373.200,4376.500,4370.500,4374.500
2026-09-01 19:50,4374.100,4377.400,4373.300,4375.000
2026-09-01 19:55,4375.000,4376.600,4371.300,4374.000
2026-09-01 20:00,4374.100,4376.600,4370.700,4375.100
2026-09-01 20:05,4375.200,4377.900,4374.800,4376.200
2026-09-01 20:10,4375.900,4376.300,4372.500,4372.700
2026-09-01 20:15,4372.800,4375.400,4371.800,4374.800
2026-09-01 20:20,4374.900,4375.500,4374.000,4374.700
2026-09-01 20:25,4375.000,4376.000,4372.100,4372.900
2026-09-01 20:30,4373.000,4374.100,4372.800,4373.000
2026-09-01 20:35,4372.900,4374.900,4372.100,4374.400
2026-09-01 20:40,4374.400,4377.500,4374.200,4375.000
2026-09-01 20:45,4374.500,4376.700,4373.800,4375.200
2026-09-01 20:50,4375.200,4376.300,4374.400,4375.700
2026-09-01 20:55,4375.700,4376.300,4375.100,4375.700
2026-09-01 22:00,4377.200,4381.000,4376.600,4377.400
2026-09-01 22:05,4377.400,4377.400,4375.200,4376.600
2026-09-01 22:10,4376.400,4376.500,4374.900,4375.500
2026-09-01 22:15,4375.600,4375.700,4373.700,4373.800
2026-09-01 22:20,4374.200,4374.900,4373.800,4374.200
2026-09-01 22:25,4374.100,4374.600,4373.500,4374.100
2026-09-01 22:30,4374.000,4375.000,4372.800,4373.700
2026-09-01 22:35,4373.700,4375.900,4373.700,4373.700
2026-09-01 22:40,4373.700,4375.200,4372.700,4374.400
2026-09-01 22:45,4374.400,4375.400,4373.500,4374.700
2026-09-01 22:50,4374.500,4377.400,4374.100,4375.400
2026-09-01 22:55,4375.700,4376.300,4375.200,4375.700
2026-09-01 23:00,4375.700,4375.900,4373.300,4375.700
2026-09-01 23:05,4375.800,4376.900,4374.600,4376.400
2026-09-01 23:10,4376.800,4378.600,4376.200,4376.700
2026-09-01 23:15,4376.300,4377.700,4375.500,4376.200
2026-09-01 23:20,4376.200,4376.800,4372.500,4373.500
2026-09-01 23:25,4373.400,4376.900,4370.500,4376.700
2026-09-01 23:30,4377.000,4379.100,4376.600,4379.000
2026-09-01 23:35,4379.100,4382.000,4377.500,4381.300
2026-09-01 23:40,4381.000,4381.900,4379.500,4380.000
2026-09-01 23:45,4379.700,4379.900,4377.300,4377.600
2026-09-01 23:50,4377.800,4378.600,4374.900,4374.900
2026-09-01 23:55,4374.700,4375.300,4367.700,4370.600
2026-09-02 00:00,4370.700,4376.600,4361.400,4375.600
2026-09-02 00:05,4375.600,4376.900,4364.000,4369.800
2026-09-02 00:10,4369.400,4374.400,4364.900,4374.200
2026-09-02 00:15,4374.300,4380.900,4373.600,4374.200
2026-09-02 00:20,4373.800,4380.600,4370.700,4376.100
2026-09-02 00:25,4376.600,4377.200,4369.000,4372.000
2026-09-02 00:30,4371.800,4371.800,4366.400,4369.200
2026-09-02 00:35,4369.000,4376.200,4369.000,4373.400
2026-09-02 00:40,4373.100,4378.000,4370.000,4376.700
2026-09-02 00:45,4376.500,4377.800,4369.600,4369.900
2026-09-02 00:50,4369.600,4369.600,4360.700,4361.200
2026-09-02 00:55,4361.100,4366.900,4361.100,4362.500
2026-09-02 01:00,4362.100,4369.400,4353.300,4359.000
2026-09-02 01:05,4358.300,4359.200,4350.100,4355.100
2026-09-02 01:10,4355.400,4367.600,4355.000,4363.200
2026-09-02 01:15,4363.600,4373.500,4362.600,4367.400
2026-09-02 01:20,4367.500,4370.100,4364.000,4368.800
2026-09-02 01:25,4368.800,4371.500,4362.100,4364.000
2026-09-02 01:30,4364.200,4365.100,4351.700,4356.100
2026-09-02 01:35,4356.400,4356.700,4351.600,4354.400
2026-09-02 01:40,4354.000,4357.700,4353.100,4355.400
2026-09-02 01:45,4355.200,4356.400,4350.100,4352.500
2026-09-02 01:50,4352.400,4352.400,4337.000,4344.100
2026-09-02 01:55,4344.000,4346.600,4333.900,4338.100
2026-09-02 02:00,4337.800,4344.000,4334.600,4342.900
2026-09-02 02:05,4343.200,4349.000,4338.700,4339.800
2026-09-02 02:10,4339.900,4343.800,4336.400,4343.300
2026-09-02 02:15,4343.400,4348.100,4343.300,4347.300
2026-09-02 02:20,4347.500,4353.600,4347.300,4350.400
2026-09-02 02:25,4350.400,4353.000,4348.900,4351.700
2026-09-02 02:30,4352.100,4356.100,4346.700,4355.200
2026-09-02 02:35,4355.000,4362.100,4353.700,4359.900
2026-09-02 02:40,4359.100,4361.000,4356.200,4356.400
2026-09-02 02:45,4357.000,4358.300,4356.100,4357.900
2026-09-02 02:50,4357.900,4357.900,4352.800,4353.000
2026-09-02 02:55,4353.200,4353.400,4347.200,4350.000
2026-09-02 03:00,4350.000,4351.400,4346.300,4348.200
2026-09-02 03:05,4348.000,4348.200,4343.900,4346.500
2026-09-02 03:10,4346.400,4348.600,4345.100,4348.000
2026-09-02 03:15,4348.100,4349.700,4343.600,4344.600
2026-09-02 03:20,4344.700,4344.700,4336.400,4340.900
2026-09-02 03:25,4340.800,4345.800,4340.100,4340.700
2026-09-02 03:30,4340.600,4340.700,4331.200,4332.200
2026-09-02 03:35,4331.600,4338.800,4329.200,4338.100
2026-09-02 03:40,4338.400,4338.700,4332.100,4335.400
2026-09-02 03:45,4335.500,4346.500,4335.300,4346.000
2026-09-02 03:50,4346.000,4347.800,4343.300,4347.800
2026-09-02 03:55,4347.900,4350.700,4347.100,4348.800
2026-09-02 04:00,4349.900,4352.400,4348.800,4350.500
2026-09-02 04:05,4350.700,4353.400,4350.300,4351.400
2026-09-02 04:10,4351.600,4353.500,4350.300,4350.900
2026-09-02 04:15,4351.100,4352.300,4349.300,4349.800
2026-09-02 04:20,4349.100,4351.400,4347.800,4350.800
2026-09-02 04:25,4351.000,4351.300,4348.300,4349.400
2026-09-02 04:30,4349.600,4354.400,4349.100,4352.000
2026-09-02 04:35,4351.700,4353.000,4350.300,4350.900
2026-09-02 04:40,4350.900,4352.800,4349.400,4351.000
2026-09-02 04:45,4351.400,4353.200,4350.400,4352.300
2026-09-02 04:50,4352.600,4353.500,4351.400,4353.100
2026-09-02 04:55,4352.700,4354.200,4352.500,4353.700
2026-09-02 05:00,4353.900,4354.700,4352.000,4352.900
2026-09-02 05:05,4352.700,4352.700,4350.000,4351.300
2026-09-02 05:10,4351.400,4356.500,4351.200,4356.500
2026-09-02 05:15,4356.600,4360.500,4356.600,4357.200
2026-09-02 05:20,4357.200,4357.400,4353.200,4355.300
2026-09-02 05:25,4355.600,4360.500,4355.200,4359.700
2026-09-02 05:30,4359.800,4371.700,4359.700,4371.300
2026-09-02 05:35,4370.800,4371.000,4364.400,4365.000
2026-09-02 05:40,4365.000,4369.700,4363.900,4369.600
2026-09-02 05:45,4369.900,4372.900,4369.200,4372.400
2026-09-02 05:50,4372.600,4373.100,4366.000,4366.900
2026-09-02 05:55,4366.800,4369.300,4365.900,4366.700
2026-09-02 06:00,4366.800,4369.000,4364.300,4365.000
2026-09-02 06:05,4364.700,4370.900,4364.200,4370.900
2026-09-02 06:10,4370.900,4375.900,4367.400,4373.100
2026-09-02 06:15,4372.900,4375.100,4368.200,4372.600
2026-09-02 06:20,4372.200,4373.100,4367.500,4373.100
2026-09-02 06:25,4373.100,4374.100,4368.800,4368.900
2026-09-02 06:30,4369.400,4370.400,4364.900,4366.500
2026-09-02 06:35,4366.300,4371.000,4363.000,4371.000
2026-09-02 06:40,4371.200,4372.900,4369.200,4371.300
2026-09-02 06:45,4371.200,4371.400,4363.100,4363.100
2026-09-02 06:50,4363.100,4364.000,4361.200,4362.400
2026-09-02 06:55,4362.700,4368.400,4362.500,4368.300
2026-09-02 07:00,4368.400,4370.700,4365.800,4368.100
2026-09-02 07:05,4367.700,4373.600,4365.900,4372.800
2026-09-02 07:10,4372.900,4377.800,4372.900,4373.300
2026-09-02 07:15,4373.000,4375.200,4372.100,4374.700
2026-09-02 07:20,4374.500,4375.800,4371.600,4375.100
2026-09-02 07:25,4375.000,4375.500,4371.400,4373.700
2026-09-02 07:30,4373.200,4376.700,4371.900,4374.100
2026-09-02 07:35,4374.200,4377.800,4372.800,4373.100
2026-09-02 07:40,4373.200,4373.600,4368.500,4369.100
2026-09-02 07:45,4369.400,4371.700,4368.400,4368.500
2026-09-02 07:50,4368.600,4370.100,4366.900,4369.000
2026-09-02 07:55,4369.100,4370.800,4367.400,4369.800
2026-09-02 08:00,4370.100,4374.300,4368.800,4374.200
2026-09-02 08:05,4374.100,4376.900,4369.400,4376.500
2026-09-02 08:10,4376.800,4378.400,4371.400,4372.200
2026-09-02 08:15,4371.900,4374.200,4371.600,4371.900
2026-09-02 08:20,4372.300,4373.700,4370.800,4372.500
2026-09-02 08:25,4372.300,4372.500,4369.200,4369.600
2026-09-02 08:30,4369.600,4372.300,4367.300,4368.100
2026-09-02 08:35,4368.100,4373.200,4366.000,4371.500
2026-09-02 08:40,4371.900,4372.700,4366.800,4368.600
2026-09-02 08:45,4368.600,4369.300,4366.100,4368.000
2026-09-02 08:50,4368.400,4368.400,4359.500,4361.000
2026-09-02 08:55,4361.100,4364.200,4359.100,4359.600
2026-09-02 09:00,4359.600,4363.600,4359.100,4362.700
2026-09-02 09:05,4363.000,4369.200,4363.000,4365.500
2026-09-02 09:10,4365.500,4365.500,4360.600,4360.700
2026-09-02 09:15,4360.800,4362.200,4360.200,4361.200
2026-09-02 09:20,4361.200,4361.500,4355.900,4355.900
2026-09-02 09:25,4355.900,4356.300,4352.300,4356.100
2026-09-02 09:30,4356.300,4358.000,4354.600,4357.100
2026-09-02 09:35,4357.500,4358.400,4355.000,4356.000
2026-09-02 09:40,4356.500,4359.100,4356.300,4357.100
2026-09-02 09:45,4357.200,4358.700,4357.000,4357.500
2026-09-02 09:50,4357.500,4358.300,4355.200,4355.800
2026-09-02 09:55,4356.100,4357.700,4355.300,4355.900
2026-09-02 10:00,4355.900,4357.100,4351.700,4351.700
2026-09-02 10:05,4351.800,4353.200,4349.100,4350.500
2026-09-02 10:10,4350.600,4355.600,4349.700,4354.100
2026-09-02 10:15,4354.000,4357.100,4353.400,4356.100
2026-09-02 10:20,4356.200,4359.800,4356.200,4357.900
2026-09-02 10:25,4357.800,4359.500,4356.900,4357.100
2026-09-02 10:30,4357.400,4358.100,4354.900,4356.600
2026-09-02 10:35,4356.300,4357.000,4354.300,4356.000
2026-09-02 10:40,4356.000,4357.400,4355.100,4356.600
2026-09-02 10:45,4356.700,4357.600,4355.400,4357.600
2026-09-02 10:50,4357.700,4357.700,4352.500,4355.700
2026-09-02 10:55,4355.500,4357.000,4353.800,4356.600
2026-09-02 11:00,4356.300,4360.200,4354.900,4360.000
2026-09-02 11:05,4359.800,4362.200,4355.400,4360.000
2026-09-02 11:10,4359.700,4371.600,4358.600,4370.100
2026-09-02 11:15,4369.900,4370.200,4362.700,4366.300
2026-09-02 11:20,4366.300,4367.300,4363.300,4366.300
2026-09-02 11:25,4366.400,4370.300,4364.100,4368.800
2026-09-02 11:30,4369.200,4377.500,4368.700,4377.000
2026-09-02 11:35,4377.100,4380.200,4376.200,4379.600
2026-09-02 11:40,4379.200,4380.100,4371.100,4372.000
2026-09-02 11:45,4371.800,4374.400,4370.500,4372.900
2026-09-02 11:50,4372.700,4378.200,4370.500,4377.700
2026-09-02 11:55,4377.600,4380.100,4376.500,4379.600
2026-09-02 12:00,4379.500,4382.800,4375.900,4381.700
2026-09-02 12:05,4381.800,4383.300,4377.300,4380.500
2026-09-02 12:10,4380.600,4381.500,4376.300,4380.300
2026-09-02 12:15,4380.200,4381.700,4377.000,4378.400
2026-09-02 12:20,4378.200,4391.400,4376.600,4386.200
2026-09-02 12:25,4385.800,4389.500,4381.000,4383.300
2026-09-02 12:30,4383.300,4384.500,4376.200,4376.800
2026-09-02 12:35,4377.000,4380.600,4374.400,4380.200
2026-09-02 12:40,4380.500,4382.000,4379.100,4381.100
2026-09-02 12:45,4381.400,4386.000,4378.500,4386.000
2026-09-02 12:50,4386.000,4386.000,4379.400,4381.200
2026-09-02 12:55,4381.600,4381.700,4377.300,4378.300
2026-09-02 13:00,4378.300,4388.600,4377.500,4385.500
2026-09-02 13:05,4385.400,4391.200,4385.400,4388.900
2026-09-02 13:10,4388.700,4391.500,4384.500,4386.500
2026-09-02 13:15,4386.500,4391.300,4383.500,4389.000
2026-09-02 13:20,4389.300,4395.200,4388.700,4394.800
2026-09-02 13:25,4394.800,4405.800,4394.200,4405.500
2026-09-02 13:30,4405.300,4415.000,4403.800,4412.000
2026-09-02 13:35,4412.100,4415.500,4409.500,4413.900
2026-09-02 13:40,4414.400,4427.000,4411.500,4425.500
2026-09-02 13:45,4425.700,4427.000,4415.900,4416.200
2026-09-02 13:50,4416.300,4426.000,4415.400,4424.500
2026-09-02 13:55,4424.200,4433.500,4419.400,4433.000
2026-09-02 14:00,4432.900,4433.800,4426.400,4431.700
2026-09-02 14:05,4431.900,4443.700,4431.400,4438.000
2026-09-02 14:10,4437.800,4444.400,4433.600,4434.800
2026-09-02 14:15,4434.800,4439.500,4431.700,4439.100
2026-09-02 14:20,4439.200,4444.000,4433.500,4433.800
2026-09-02 14:25,4433.900,4437.200,4432.100,4434.300
2026-09-02 14:30,4434.200,4435.000,4429.600,4433.300
2026-09-02 14:35,4433.200,4434.600,4429.200,4429.800
2026-09-02 14:40,4429.700,4433.200,4428.400,4432.600
2026-09-02 14:45,4432.500,4433.900,4425.900,4428.200
2026-09-02 14:50,4428.200,4429.100,4423.100,4424.200
2026-09-02 14:55,4424.000,4425.900,4421.400,4424.200
2026-09-02 15:00,4424.100,4427.800,4421.400,4424.400
2026-09-02 15:05,4424.300,4427.400,4420.400,4423.500
2026-09-02 15:10,4423.300,4425.000,4419.200,4419.400
2026-09-02 15:15,4419.200,4419.400,4415.700,4416.500
2026-09-02 15:20,4416.700,4418.600,4412.500,4417.100
2026-09-02 15:25,4417.200,4420.000,4414.400,4419.500
2026-09-02 15:30,4419.800,4422.200,4418.000,4418.600
2026-09-02 15:35,4418.400,4419.400,4414.400,4416.800
2026-09-02 15:40,4417.700,4419.100,4412.800,4413.200
2026-09-02 15:45,4412.900,4416.700,4411.400,4414.500
2026-09-02 15:50,4414.800,4416.600,4414.000,4415.400
2026-09-02 15:55,4415.300,4420.600,4414.700,4419.900
2026-09-02 16:00,4419.700,4421.700,4418.000,4419.500
2026-09-02 16:05,4419.800,4420.200,4415.700,4417.000
2026-09-02 16:10,4417.400,4420.000,4417.000,4419.100
2026-09-02 16:15,4418.600,4419.000,4414.600,4416.800
2026-09-02 16:20,4416.500,4417.700,4415.400,4416.500
2026-09-02 16:25,4416.100,4417.000,4414.300,4415.200
2026-09-02 16:30,4415.500,4417.400,4413.800,4414.000
2026-09-02 16:35,4414.300,4415.700,4413.000,4415.300
2026-09-02 16:40,4415.200,4415.300,4411.100,4411.500
2026-09-02 16:45,4411.500,4413.400,4411.300,4412.900
2026-09-02 16:50,4412.500,4417.500,4411.500,4416.600
2026-09-02 16:55,4416.500,4417.200,4414.500,4415.100
2026-09-02 17:00,4415.200,4417.600,4414.700,4417.400
2026-09-02 17:05,4417.400,4417.900,4415.400,4416.800
2026-09-02 17:10,4416.600,4417.200,4414.200,4415.300
2026-09-02 17:15,4415.400,4415.700,4411.200,4411.900
2026-09-02 17:20,4411.900,4414.100,4411.200,4413.800
2026-09-02 17:25,4413.700,4416.600,4413.400,4416.600
2026-09-02 17:30,4416.600,4418.300,4414.700,4414.700
2026-09-02 17:35,4414.600,4416.100,4413.200,4413.200
2026-09-02 17:40,4413.400,4424.200,4413.400,4423.200
2026-09-02 17:45,4422.900,4427.400,4422.000,4422.700
2026-09-02 17:50,4422.800,4424.100,4422.000,4422.900
2026-09-02 17:55,4422.900,4425.300,4422.400,4423.400
2026-09-02 18:00,4423.700,4423.800,4418.900,4421.500
2026-09-02 18:05,4421.400,4422.400,4419.900,4420.300
2026-09-02 18:10,4420.000,4420.600,4416.300,4416.800
2026-09-02 18:15,4416.800,4426.200,4415.900,4424.100
2026-09-02 18:20,4424.100,4426.300,4419.000,4420.000
2026-09-02 18:25,4419.800,4420.700,4418.800,4420.000
2026-09-02 18:30,4419.700,4425.000,4419.600,4423.300
2026-09-02 18:35,4423.400,4424.800,4421.900,4423.000
2026-09-02 18:40,4422.800,4423.500,4419.000,4419.600
2026-09-02 18:45,4419.600,4421.500,4419.100,4420.500
2026-09-02 18:50,4420.600,4422.500,4420.100,4421.100
2026-09-02 18:55,4421.300,4422.100,4419.200,4420.300
2026-09-02 19:00,4420.800,4421.700,4418.300,4421.700
2026-09-02 19:05,4421.300,4424.000,4421.200,4423.600
2026-09-02 19:10,4423.800,4427.000,4423.000,4425.600
2026-09-02 19:15,4425.700,4427.000,4424.800,4426.100
2026-09-02 19:20,4426.000,4427.400,4424.900,4426.800
2026-09-02 19:25,4426.400,4429.700,4426.400,4427.600
2026-09-02 19:30,4427.700,4430.700,4427.600,4430.300
2026-09-02 19:35,4430.100,4430.600,4427.700,4430.500
2026-09-02 19:40,4430.300,4435.200,4430.000,4434.500
2026-09-02 19:45,4434.600,4435.300,4431.400,4433.000
2026-09-02 19:50,4433.100,4436.400,4432.400,4434.100
2026-09-02 19:55,4433.600,4437.900,4432.700,4437.700
2026-09-02 20:00,4437.400,4438.200,4435.200,4436.900
2026-09-02 20:05,4436.700,4437.400,4434.100,4434.500
2026-09-02 20:10,4434.800,4435.700,4432.500,4432.600
2026-09-02 20:15,4432.500,4433.000,4430.600,4431.300
2026-09-02 20:20,4431.900,4432.500,4431.400,4432.500
2026-09-02 20:25,4432.300,4434.600,4432.000,4433.200
2026-09-02 20:30,4433.000,4434.800,4432.500,4434.300
2026-09-02 20:35,4434.400,4434.700,4433.500,4434.300
2026-09-02 20:40,4434.400,4436.600,4434.200,4434.800
2026-09-02 20:45,4434.900,4436.500,4433.800,4435.800
2026-09-02 20:50,4435.800,4437.700,4435.700,4436.000
2026-09-02 20:55,4435.700,4436.100,4434.100,4434.300
2026-09-02 22:00,4436.400,4438.100,4434.800,4436.300
2026-09-02 22:05,4435.700,4437.000,4435.000,4435.600
2026-09-02 22:10,4435.200,4436.200,4434.800,4434.800
2026-09-02 22:15,4434.800,4434.800,4432.600,4433.100
2026-09-02 22:20,4433.600,4434.700,4432.800,4433.900
2026-09-02 22:25,4434.400,4435.900,4433.800,4434.800
2026-09-02 22:30,4434.300,4434.700,4432.600,4433.200
2026-09-02 22:35,4433.400,4433.500,4432.300,4432.800
2026-09-02 22:40,4432.600,4433.100,4430.300,4430.400
2026-09-02 22:45,4430.400,4430.500,4428.400,4429.300
2026-09-02 22:50,4429.300,4430.400,4429.100,4429.800
2026-09-02 22:55,4429.900,4430.500,4429.700,4429.800
2026-09-02 23:00,4430.200,4431.900,4429.400,4431.900
2026-09-02 23:05,4432.000,4432.200,4430.600,4432.100
2026-09-02 23:10,4431.900,4432.100,4429.400,4429.600
2026-09-02 23:15,4429.400,4429.600,4427.600,4427.800
2026-09-02 23:20,4427.800,4428.400,4427.600,4428.300
2026-09-02 23:25,4428.200,4428.400,4427.300,4427.700
2026-09-02 23:30,4427.500,4429.400,4427.000,4428.500
2026-09-02 23:35,4428.300,4428.900,4426.700,4428.700
2026-09-02 23:40,4428.500,4430.800,4428.500,4430.800
2026-09-02 23:45,4430.200,4434.400,4429.900,4432.100
2026-09-02 23:50,4432.300,4433.100,4430.100,4430.200
2026-09-02 23:55,4430.100,4432.300,4429.900,4431.000
2026-09-03 00:00,4431.200,4435.100,4429.900,4434.600
2026-09-03 00:05,4434.800,4436.200,4430.100,4432.400
2026-09-03 00:10,4432.700,4438.000,4432.500,4435.400
2026-09-03 00:15,4435.400,4435.700,4430.600,4431.900
2026-09-03 00:20,4432.300,4433.300,4430.300,4432.800
2026-09-03 00:25,4433.200,4435.300,4432.200,4432.500
2026-09-03 00:30,4432.300,4432.300,4427.900,4428.000
2026-09-03 00:35,4428.000,4435.000,4427.800,4433.900
2026-09-03 00:40,4434.500,4435.000,4432.200,4433.000
2026-09-03 00:45,4433.100,4435.200,4431.300,4435.200
2026-09-03 00:50,4435.300,4439.500,4434.300,4437.000
2026-09-03 00:55,4437.000,4442.900,4436.000,4440.500
2026-09-03 01:00,4440.800,4442.200,4432.200,4440.500
2026-09-03 01:05,4440.400,4448.300,4437.700,4447.600
2026-09-03 01:10,4447.900,4454.700,4446.100,4446.800
2026-09-03 01:15,4446.300,4448.900,4441.800,4443.600
2026-09-03 01:20,4443.800,4448.100,4440.100,4441.200
2026-09-03 01:25,4441.000,4447.100,4439.100,4447.100
2026-09-03 01:30,4446.800,4454.800,4446.500,4454.100
2026-09-03 01:35,4454.600,4454.600,4450.000,4452.900
2026-09-03 01:40,4452.900,4453.100,4445.400,4445.800
2026-09-03 01:45,4445.500,4453.500,4445.200,4452.900
2026-09-03 01:50,4452.400,4452.800,4449.800,4452.600
2026-09-03 01:55,4452.800,4457.600,4452.100,4455.000
2026-09-03 02:00,4455.200,4461.200,4454.500,4456.200
2026-09-03 02:05,4456.100,4458.400,4454.500,4455.800
2026-09-03 02:10,4455.600,4458.800,4454.900,4456.200
2026-09-03 02:15,4456.900,4458.600,4454.400,4455.500
2026-09-03 02:20,4455.300,4457.900,4452.200,4454.900
2026-09-03 02:25,4455.200,4457.100,4453.000,4457.100
2026-09-03 02:30,4457.100,4463.000,4454.800,4460.900
2026-09-03 02:35,4460.900,4463.700,4459.500,4461.900
2026-09-03 02:40,4462.000,4462.300,4458.000,4459.000
2026-09-03 02:45,4459.400,4463.000,4457.100,4463.000
2026-09-03 02:50,4462.500,4466.000,4461.400,4465.400
2026-09-03 02:55,4465.400,4466.200,4464.500,4466.000
2026-09-03 03:00,4466.000,4471.000,4464.900,4470.100
2026-09-03 03:05,4470.000,4472.000,4469.600,4470.800
2026-09-03 03:10,4470.700,4475.800,4469.600,4474.600
2026-09-03 03:15,4474.400,4476.000,4471.200,4472.200
2026-09-03 03:20,4472.300,4472.800,4470.300,4472.100
2026-09-03 03:25,4471.700,4477.100,4471.000,4475.100
2026-09-03 03:30,4475.200,4477.900,4475.200,4477.600
2026-09-03 03:35,4477.100,4477.500,4475.000,4476.300
2026-09-03 03:40,4476.200,4476.300,4472.400,4472.400
2026-09-03 03:45,4472.200,4474.300,4471.000,4473.000
2026-09-03 03:50,4473.000,4476.400,4471.900,4476.200
2026-09-03 03:55,4476.200,4478.200,4475.400,4477.100
2026-09-03 04:00,4477.300,4477.600,4472.300,4472.400
2026-09-03 04:05,4472.500,4479.400,4470.800,4478.700
2026-09-03 04:10,4478.700,4481.100,4475.800,4476.200
2026-09-03 04:15,4476.200,4476.700,4475.100,4476.000
2026-09-03 04:20,4476.000,4479.000,4475.800,4479.000
2026-09-03 04:25,4478.900,4482.000,4478.900,4481.800
2026-09-03 04:30,4481.700,4482.400,4480.500,4482.200
2026-09-03 04:35,4482.100,4483.700,4481.300,4483.500
2026-09-03 04:40,4483.500,4483.700,4481.700,4483.300
2026-09-03 04:45,4483.500,4483.900,4481.700,4481.800
2026-09-03 04:50,4481.600,4482.000,4480.500,4481.000
2026-09-03 04:55,4481.000,4483.300,4479.400,4483.000
2026-09-03 05:00,4483.100,4486.000,4481.700,4481.800
2026-09-03 05:05,4482.100,4482.100,4476.100,4476.400
2026-09-03 05:10,4476.200,4478.200,4474.400,4475.300
2026-09-03 05:15,4475.400,4476.700,4472.600,4474.300
2026-09-03 05:20,4474.300,4474.400,4468.200,4471.500
2026-09-03 05:25,4471.900,4473.300,4468.700,4471.000
2026-09-03 05:30,4470.900,4479.500,4468.300,4476.800
2026-09-03 05:35,4476.800,4478.400,4471.600,4474.400
2026-09-03 05:40,4474.100,4478.600,4471.900,4478.200
2026-09-03 05:45,4478.500,4482.300,4474.400,4480.900
2026-09-03 05:50,4481.500,4485.300,4478.600,4479.300
2026-09-03 05:55,4479.500,4482.200,4476.300,4477.000
2026-09-03 06:00,4477.000,4480.000,4474.400,4476.200
2026-09-03 06:05,4476.500,4482.200,4475.900,4477.300
2026-09-03 06:10,4477.300,4477.400,4471.700,4472.900
2026-09-03 06:15,4473.100,4476.800,4470.500,4471.900
2026-09-03 06:20,4471.700,4472.900,4462.800,4464.900
2026-09-03 06:25,4465.200,4470.000,4464.500,4467.500
2026-09-03 06:30,4467.500,4469.400,4466.300,4469.200
2026-09-03 06:35,4468.900,4471.900,4468.500,4468.800
2026-09-03 06:40,4469.400,4472.000,4469.100,4471.600
2026-09-03 06:45,4471.600,4474.700,4471.200,4472.200
2026-09-03 06:50,4472.000,4472.000,4468.400,4468.600
2026-09-03 06:55,4468.300,4469.900,4466.100,4466.400
2026-09-03 07:00,4466.000,4477.000,4464.600,4477.000
2026-09-03 07:05,4477.100,4477.500,4469.300,4470.900
2026-09-03 07:10,4470.500,4470.900,4467.200,4467.700
2026-09-03 07:15,4467.500,4472.600,4467.400,4470.900
2026-09-03 07:20,4470.800,4475.800,4470.000,4475.100
2026-09-03 07:25,4475.200,4475.700,4470.800,4471.900
2026-09-03 07:30,4471.700,4473.900,4471.700,4473.500
2026-09-03 07:35,4473.300,4476.100,4469.300,4473.300
2026-09-03 07:40,4472.900,4476.400,4472.000,4472.100
2026-09-03 07:45,4472.100,4474.200,4469.700,4472.200
2026-09-03 07:50,4471.700,4476.800,4470.200,4476.300
2026-09-03 07:55,4476.200,4476.200,4473.600,4474.700
2026-09-03 08:00,4474.500,4487.400,4473.600,4482.700
2026-09-03 08:05,4483.200,4490.000,4481.000,4481.400
2026-09-03 08:10,4481.000,4481.700,4477.000,4477.600
2026-09-03 08:15,4477.300,4484.900,4476.800,4484.100
2026-09-03 08:20,4484.100,4485.800,4481.000,4483.300
2026-09-03 08:25,4483.600,4485.100,4481.000,4484.600
2026-09-03 08:30,4484.300,4485.800,4482.000,4485.200
2026-09-03 08:35,4485.300,4486.000,4480.400,4480.400
2026-09-03 08:40,4480.400,4481.500,4477.500,4480.500
2026-09-03 08:45,4480.700,4486.300,4480.500,4484.500
2026-09-03 08:50,4484.200,4484.400,4480.500,4481.500
2026-09-03 08:55,4481.300,4483.800,4480.000,4481.100
2026-09-03 09:00,4481.300,4483.800,4480.400,4483.500
2026-09-03 09:05,4483.600,4488.200,4481.500,4486.100
2026-09-03 09:10,4485.800,4486.300,4484.000,4484.200
2026-09-03 09:15,4484.300,4484.500,4480.700,4480.800
2026-09-03 09:20,4481.000,4481.600,4478.400,4478.700
2026-09-03 09:25,4478.900,4482.100,4478.200,4481.500
2026-09-03 09:30,4481.300,4484.400,4479.900,4483.500
2026-09-03 09:35,4483.600,4484.700,4476.700,4478.600
2026-09-03 09:40,4479.300,4480.700,4475.900,4476.300
2026-09-03 09:45,4476.200,4476.600,4472.100,4475.400
2026-09-03 09:50,4475.300,4476.900,4472.900,4473.600
2026-09-03 09:55,4473.500,4475.600,4472.000,4473.900
2026-09-03 10:00,4474.100,4474.900,4472.000,4474.000
2026-09-03 10:05,4473.700,4476.100,4471.500,4471.600
2026-09-03 10:10,4471.300,4472.100,4469.200,4470.900
2026-09-03 10:15,4470.600,4472.100,4468.200,4468.600
2026-09-03 10:20,4468.500,4469.400,4464.900,4466.200
2026-09-03 10:25,4466.300,4470.300,4466.300,4468.700
2026-09-03 10:30,4468.600,4470.700,4466.200,4468.900
2026-09-03 10:35,4469.000,4471.100,4468.400,4470.500
2026-09-03 10:40,4471.000,4472.700,4470.600,4472.000
2026-09-03 10:45,4471.700,4472.700,4470.400,4470.600
2026-09-03 10:50,4470.500,4474.200,4470.200,4474.000
2026-09-03 10:55,4474.100,4474.800,4473.000,4473.200
2026-09-03 11:00,4473.100,4475.500,4471.100,4472.800
2026-09-03 11:05,4472.500,4477.200,4471.900,4477.100
2026-09-03 11:10,4476.700,4479.000,4476.200,4478.600
2026-09-03 11:15,4478.700,4484.200,4478.400,4480.500
2026-09-03 11:20,4480.400,4480.700,4476.600,4477.200
2026-09-03 11:25,4477.100,4481.100,4476.200,4480.400
2026-09-03 11:30,4480.500,4481.400,4471.900,4480.400
2026-09-03 11:35,4480.400,4482.900,4480.200,4481.700
2026-09-03 11:40,4481.800,4485.300,4481.600,4484.500
2026-09-03 11:45,4484.800,4486.800,4482.500,4485.100
2026-09-03 11:50,4485.000,4487.800,4484.000,4485.700
2026-09-03 11:55,4486.000,4493.400,4485.600,4490.200
2026-09-03 12:00,4490.000,4494.600,4487.000,4494.200
2026-09-03 12:05,4494.200,4495.100,4491.000,4494.800
2026-09-03 12:10,4494.900,4496.700,4489.600,4490.400
2026-09-03 12:15,4490.400,4490.700,4487.100,4487.700
2026-09-03 12:20,4488.000,4495.600,4484.100,4492.900
2026-09-03 12:25,4492.900,4495.500,4492.300,4493.300
2026-09-03 12:30,4493.100,4520.000,4492.900,4513.600
2026-09-03 12:35,4513.800,4526.400,4506.700,4523.100
2026-09-03 12:40,4522.800,4524.800,4511.600,4514.700
2026-09-03 12:45,4514.900,4527.400,4512.500,4527.200
2026-09-03 12:50,4527.300,4539.500,4526.700,4538.300
2026-09-03 12:55,4538.200,4542.600,4537.000,4540.900
2026-09-03 13:00,4540.900,4543.700,4535.500,4537.300
2026-09-03 13:05,4537.400,4541.400,4533.000,4535.400
2026-09-03 13:10,4535.900,4537.700,4532.000,4532.900
2026-09-03 13:15,4533.300,4535.300,4526.600,4527.100
2026-09-03 13:20,4527.200,4532.000,4525.800,4531.100
2026-09-03 13:25,4530.800,4531.300,4524.300,4527.600
2026-09-03 13:30,4527.400,4529.700,4521.400,4524.800
2026-09-03 13:35,4524.900,4527.300,4519.700,4522.700
2026-09-03 13:40,4522.900,4522.900,4515.000,4517.200
2026-09-03 13:45,4517.200,4517.700,4502.800,4504.800
2026-09-03 13:50,4505.100,4511.800,4504.600,4510.500
2026-09-03 13:55,4510.400,4517.700,4509.200,4517.100
2026-09-03 14:00,4517.100,4517.700,4502.900,4512.000
2026-09-03 14:05,4512.200,4519.800,4508.800,4510.900
2026-09-03 14:10,4511.000,4516.400,4507.900,4515.700
2026-09-03 14:15,4515.500,4523.800,4515.500,4522.800
2026-09-03 14:20,4523.000,4527.300,4518.300,4522.200
2026-09-03 14:25,4522.200,4524.600,4516.900,4523.600
2026-09-03 14:30,4523.500,4526.100,4516.800,4516.800
2026-09-03 14:35,4517.200,4520.400,4514.700,4515.800
2026-09-03 14:40,4515.300,4521.200,4512.400,4519.300
2026-09-03 14:45,4519.500,4526.500,4519.200,4520.700
2026-09-03 14:50,4520.700,4525.900,4520.700,4523.200
2026-09-03 14:55,4523.500,4531.900,4516.600,4531.900
2026-09-03 15:00,4532.000,4547.900,4530.900,4545.300
2026-09-03 15:05,4545.500,4551.600,4544.300,4545.200
2026-09-03 15:10,4545.700,4552.000,4542.800,4551.000
2026-09-03 15:15,4551.300,4558.500,4549.200,4557.900
2026-09-03 15:20,4558.000,4558.500,4551.300,4552.300
2026-09-03 15:25,4552.100,4555.700,4551.700,4554.100
2026-09-03 15:30,4554.200,4557.400,4547.400,4550.900
2026-09-03 15:35,4550.700,4552.700,4542.800,4544.400
2026-09-03 15:40,4544.600,4546.000,4542.400,4542.800
2026-09-03 15:45,4542.500,4543.100,4535.100,4536.200
2026-09-03 15:50,4536.200,4539.600,4534.900,4538.100
2026-09-03 15:55,4538.200,4541.100,4533.700,4540.800
2026-09-03 16:00,4540.700,4541.200,4537.900,4538.400
2026-09-03 16:05,4538.400,4540.900,4535.200,4539.800
2026-09-03 16:10,4540.300,4543.400,4540.000,4541.700
2026-09-03 16:15,4541.700,4542.400,4538.900,4541.300
2026-09-03 16:20,4541.500,4541.700,4538.600,4540.600
2026-09-03 16:25,4540.700,4542.100,4538.100,4540.700
2026-09-03 16:30,4541.200,4543.300,4537.000,4538.500
2026-09-03 16:35,4538.500,4539.400,4537.600,4538.600
2026-09-03 16:40,4538.700,4538.900,4534.300,4535.600
2026-09-03 16:45,4535.400,4538.700,4534.800,4536.500
2026-09-03 16:50,4536.700,4537.800,4533.000,4534.700
2026-09-03 16:55,4534.800,4536.300,4533.300,4533.700
2026-09-03 17:00,4533.900,4535.500,4530.600,4534.500
2026-09-03 17:05,4534.500,4536.300,4533.200,4533.400
2026-09-03 17:10,4533.500,4535.700,4533.100,4535.300
2026-09-03 17:15,4535.500,4535.700,4532.600,4534.900
2026-09-03 17:20,4535.100,4538.900,4534.500,4538.400
2026-09-03 17:25,4538.200,4541.200,4537.200,4540.400
2026-09-03 17:30,4540.500,4541.400,4538.400,4539.200
2026-09-03 17:35,4539.300,4541.400,4538.900,4540.400
2026-09-03 17:40,4540.300,4540.900,4539.200,4539.200
2026-09-03 17:45,4539.300,4542.000,4538.400,4538.700
2026-09-03 17:50,4538.700,4538.800,4535.600,4537.200
2026-09-03 17:55,4537.000,4537.000,4534.800,4535.700
2026-09-03 18:00,4534.600,4537.100,4534.200,4536.700
2026-09-03 18:05,4536.300,4536.400,4531.900,4535.600
2026-09-03 18:10,4535.700,4536.500,4531.200,4531.200
2026-09-03 18:15,4531.100,4533.900,4531.100,4533.200
2026-09-03 18:20,4533.900,4535.400,4529.400,4530.800
2026-09-03 18:25,4530.800,4531.700,4526.800,4527.100
2026-09-03 18:30,4527.400,4527.700,4523.100,4526.600
2026-09-03 18:35,4526.500,4530.000,4526.000,4529.300
2026-09-03 18:40,4529.500,4530.000,4527.900,4528.900
2026-09-03 18:45,4528.500,4530.000,4525.100,4526.200
2026-09-03 18:50,4526.300,4527.000,4523.000,4523.000
2026-09-03 18:55,4523.100,4524.000,4521.200,4522.900
2026-09-03 19:00,4522.800,4524.200,4521.700,4522.200
2026-09-03 19:05,4522.400,4524.000,4521.700,4524.000
2026-09-03 19:10,4524.100,4524.700,4520.700,4522.400
2026-09-03 19:15,4522.200,4524.600,4521.900,4524.300
2026-09-03 19:20,4524.100,4524.100,4522.000,4522.000
2026-09-03 19:25,4521.900,4523.600,4520.300,4523.500
2026-09-03 19:30,4523.800,4525.500,4521.700,4521.800
2026-09-03 19:35,4522.100,4523.900,4521.900,4523.000
2026-09-03 19:40,4523.100,4526.500,4523.100,4525.200
2026-09-03 19:45,4525.300,4528.700,4525.200,4526.800
2026-09-03 19:50,4527.100,4527.200,4524.200,4525.100
2026-09-03 19:55,4525.200,4526.200,4520.900,4522.900
2026-09-03 20:00,4522.700,4523.300,4518.800,4519.500
2026-09-03 20:05,4519.600,4521.100,4518.900,4520.700
2026-09-03 20:10,4520.400,4520.700,4519.100,4519.300
2026-09-03 20:15,4519.200,4519.300,4517.700,4518.500
2026-09-03 20:20,4518.400,4518.800,4518.100,4518.300
2026-09-03 20:25,4518.200,4520.100,4518.200,4519.000
2026-09-03 20:30,4519.000,4519.800,4518.700,4519.500
2026-09-03 20:35,4519.400,4520.100,4518.400,4519.000
2026-09-03 20:40,4518.800,4520.200,4518.500,4519.600
2026-09-03 20:45,4519.700,4520.600,4519.000,4520.300
2026-09-03 20:50,4520.400,4521.500,4520.100,4521.000
2026-09-03 20:55,4520.600,4521.300,4519.700,4520.000
2026-09-03 21:00,4520.300,4520.300,4520.300,4520.300
2026-09-03 22:00,4522.000,4524.400,4520.100,4523.400
2026-09-03 22:05,4523.400,4524.600,4522.600,4523.200
2026-09-03 22:10,4523.000,4525.700,4521.700,4525.500
2026-09-03 22:15,4525.600,4526.300,4523.700,4523.900
2026-09-03 22:20,4523.900,4524.200,4522.200,4522.200
2026-09-03 22:25,4522.300,4523.000,4521.200,4522.300
2026-09-03 22:30,4522.200,4524.100,4521.300,4522.300
2026-09-03 22:35,4522.000,4522.300,4519.800,4519.900
2026-09-03 22:40,4519.800,4523.700,4519.600,4520.700
2026-09-03 22:45,4521.400,4522.300,4518.500,4521.400
2026-09-03 22:50,4521.700,4523.400,4518.900,4521.800
2026-09-03 22:55,4521.500,4522.400,4520.800,4521.600
2026-09-03 23:00,4521.500,4524.000,4521.500,4523.600
2026-09-03 23:05,4523.600,4524.800,4519.300,4523.000
2026-09-03 23:10,4523.100,4523.100,4520.800,4521.300
2026-09-03 23:15,4521.100,4522.200,4519.000,4520.300
2026-09-03 23:20,4520.300,4520.300,4519.200,4519.200
2026-09-03 23:25,4519.500,4521.800,4519.200,4520.700
2026-09-03 23:30,4520.600,4523.200,4520.500,4521.900
2026-09-03 23:35,4522.000,4525.300,4521.800,4524.700
2026-09-03 23:40,4525.000,4525.200,4523.400,4524.100
2026-09-03 23:45,4524.000,4524.200,4521.900,4521.900
2026-09-03 23:50,4522.100,4526.500,4522.100,4523.800
2026-09-03 23:55,4524.500,4527.200,4524.500,4526.900
2026-09-04 00:00,4527.000,4527.900,4524.900,4527.900
2026-09-04 00:05,4528.200,4529.900,4526.500,4526.700
2026-09-04 00:10,4526.400,4529.900,4526.100,4527.100
2026-09-04 00:15,4527.300,4527.600,4523.000,4523.400
2026-09-04 00:20,4523.500,4526.200,4523.000,4524.200
2026-09-04 00:25,4524.100,4524.100,4520.500,4521.200
2026-09-04 00:30,4521.200,4526.100,4519.300,4525.600
2026-09-04 00:35,4525.800,4526.100,4522.600,4522.600
2026-09-04 00:40,4522.500,4528.600,4522.500,4528.600
2026-09-04 00:45,4528.700,4531.500,4527.700,4527.700
2026-09-04 00:50,4527.500,4530.800,4527.000,4528.400
2026-09-04 00:55,4528.500,4533.500,4527.500,4532.900
2026-09-04 01:00,4532.600,4533.600,4523.500,4524.600
2026-09-04 01:05,4524.200,4526.100,4521.000,4524.200
2026-09-04 01:10,4524.000,4529.500,4520.000,4520.900
2026-09-04 01:15,4520.900,4524.900,4520.300,4521.900
2026-09-04 01:20,4522.200,4525.000,4520.500,4521.200
2026-09-04 01:25,4520.800,4521.900,4514.100,4517.200
2026-09-04 01:30,4517.300,4519.300,4515.100,4515.800
2026-09-04 01:35,4515.600,4523.200,4514.300,4519.600
2026-09-04 01:40,4519.800,4523.000,4517.200,4520.300
2026-09-04 01:45,4520.000,4520.000,4513.000,4514.900
2026-09-04 01:50,4514.700,4520.300,4514.200,4519.400
2026-09-04 01:55,4519.900,4526.600,4519.900,4525.200
2026-09-04 02:00,4525.300,4528.900,4524.600,4526.900
2026-09-04 02:05,4527.000,4527.000,4523.700,4524.900
2026-09-04 02:10,4524.500,4526.400,4523.100,4525.400
2026-09-04 02:15,4525.500,4526.600,4523.400,4524.600
2026-09-04 02:20,4524.000,4524.000,4519.900,4523.100
2026-09-04 02:25,4523.300,4523.600,4517.400,4520.000
2026-09-04 02:30,4519.900,4522.200,4516.800,4517.000
2026-09-04 02:35,4516.900,4523.400,4516.500,4522.700
2026-09-04 02:40,4522.700,4523.400,4516.900,4516.900
2026-09-04 02:45,4516.800,4522.000,4516.300,4522.000
2026-09-04 02:50,4522.200,4525.600,4521.500,4525.600
2026-09-04 02:55,4525.500,4527.000,4522.100,4523.800
2026-09-04 03:00,4523.500,4525.000,4521.900,4522.000
2026-09-04 03:05,4522.000,4522.100,4517.700,4518.100
2026-09-04 03:10,4517.900,4519.800,4516.400,4519.600
2026-09-04 03:15,4519.600,4520.400,4517.600,4518.900
2026-09-04 03:20,4518.800,4521.000,4518.300,4519.800
2026-09-04 03:25,4519.600,4520.600,4518.000,4518.600
2026-09-04 03:30,4518.800,4521.600,4518.500,4520.500
2026-09-04 03:35,4520.900,4521.100,4518.800,4518.900
2026-09-04 03:40,4519.300,4519.400,4515.200,4515.600
2026-09-04 03:45,4515.400,4516.300,4515.100,4515.700
2026-09-04 03:50,4515.800,4516.400,4513.800,4515.700
2026-09-04 03:55,4515.700,4516.100,4513.600,4513.800
2026-09-04 04:00,4513.100,4515.600,4511.600,4515.300
2026-09-04 04:05,4515.200,4516.700,4513.600,4514.200
2026-09-04 04:10,4514.500,4516.400,4513.900,4515.400
2026-09-04 04:15,4515.400,4516.000,4514.600,4515.700
2026-09-04 04:20,4515.700,4516.700,4515.200,4516.700
2026-09-04 04:25,4516.400,4518.800,4515.400,4518.100
2026-09-04 04:30,4518.100,4521.000,4518.000,4518.500
2026-09-04 04:35,4518.600,4521.100,4518.100,4520.500
2026-09-04 04:40,4520.300,4521.000,4519.700,4520.200
2026-09-04 04:45,4520.300,4520.800,4519.100,4519.900
2026-09-04 04:50,4520.100,4521.500,4519.900,4520.600
2026-09-04 04:55,4520.800,4521.200,4520.200,4520.400
2026-09-04 05:00,4520.300,4521.100,4517.200,4517.300
2026-09-04 05:05,4517.200,4518.400,4514.800,4515.500
2026-09-04 05:10,4515.400,4515.800,4513.800,4515.700
2026-09-04 05:15,4515.600,4521.600,4514.900,4520.300
2026-09-04 05:20,4520.000,4520.600,4516.600,4517.200
2026-09-04 05:25,4517.400,4517.600,4513.700,4513.800
2026-09-04 05:30,4513.600,4521.400,4512.800,4519.500
2026-09-04 05:35,4519.400,4523.100,4515.300,4522.700
2026-09-04 05:40,4522.700,4523.900,4516.400,4517.200
2026-09-04 05:45,4517.100,4519.000,4517.000,4517.000
2026-09-04 05:50,4516.500,4516.700,4513.400,4513.400
2026-09-04 05:55,4513.400,4518.700,4513.400,4518.200
2026-09-04 06:00,4518.100,4519.500,4515.300,4517.000
2026-09-04 06:05,4516.800,4518.100,4514.000,4515.800
2026-09-04 06:10,4515.400,4517.400,4512.800,4515.000
2026-09-04 06:15,4514.900,4515.300,4513.400,4514.900
2026-09-04 06:20,4514.900,4517.800,4512.900,4514.100
2026-09-04 06:25,4514.600,4518.100,4514.600,4515.200
2026-09-04 06:30,4515.200,4516.100,4510.600,4511.000
2026-09-04 06:35,4511.200,4512.900,4509.300,4512.400
2026-09-04 06:40,4512.300,4514.900,4510.500,4510.600
2026-09-04 06:45,4510.600,4510.800,4507.800,4508.100
2026-09-04 06:50,4508.200,4510.800,4507.600,4509.000
2026-09-04 06:55,4509.100,4510.000,4506.600,4509.500
2026-09-04 07:00,4509.300,4514.200,4508.000,4512.900
2026-09-04 07:05,4512.900,4515.900,4511.600,4515.400
2026-09-04 07:10,4515.400,4518.300,4514.700,4514.700
2026-09-04 07:15,4514.400,4515.800,4513.500,4515.700
2026-09-04 07:20,4515.900,4516.800,4513.600,4516.400
2026-09-04 07:25,4516.200,4520.000,4514.900,4519.600
2026-09-04 07:30,4519.600,4522.100,4519.600,4521.800
2026-09-04 07:35,4521.600,4523.300,4521.200,4521.800
2026-09-04 07:40,4521.900,4534.400,4521.800,4532.500
2026-09-04 07:45,4532.700,4537.800,4531.500,4534.800
2026-09-04 07:50,4534.900,4534.900,4529.400,4531.500
2026-09-04 07:55,4531.400,4533.600,4528.200,4530.300
2026-09-04 08:00,4530.400,4533.600,4530.100,4530.600
2026-09-04 08:05,4530.700,4531.100,4526.800,4527.900
2026-09-04 08:10,4528.000,4530.900,4525.700,4528.900
2026-09-04 08:15,4528.600,4530.900,4528.100,4529.300
2026-09-04 08:20,4529.500,4531.000,4526.800,4527.100
2026-09-04 08:25,4527.100,4528.900,4526.400,4527.800
2026-09-04 08:30,4528.100,4529.300,4524.900,4527.400
2026-09-04 08:35,4527.600,4528.100,4524.300,4525.200
2026-09-04 08:40,4525.000,4525.800,4524.100,4524.500
2026-09-04 08:45,4524.100,4525.100,4521.500,4521.500
2026-09-04 08:50,4521.800,4524.000,4521.000,4523.400
2026-09-04 08:55,4523.500,4526.400,4523.400,4524.300
2026-09-04 09:00,4524.500,4525.700,4523.100,4524.800
2026-09-04 09:05,4524.400,4524.500,4520.300,4521.600
2026-09-04 09:10,4521.400,4521.400,4515.500,4516.600
2026-09-04 09:15,4516.400,4517.400,4513.100,4513.300
2026-09-04 09:20,4513.200,4513.800,4510.000,4511.100
2026-09-04 09:25,4510.700,4512.800,4510.000,4512.800
2026-09-04 09:30,4512.800,4516.500,4510.800,4513.400
2026-09-04 09:35,4512.900,4515.900,4512.500,4514.000
2026-09-04 09:40,4514.000,4514.800,4511.800,4513.400
2026-09-04 09:45,4513.500,4516.100,4513.500,4515.200
2026-09-04 09:50,4515.600,4515.800,4513.500,4513.500
2026-09-04 09:55,4513.100,4515.900,4511.600,4511.800
2026-09-04 10:00,4511.700,4516.400,4511.600,4515.600
2026-09-04 10:05,4515.700,4517.200,4515.100,4516.900
2026-09-04 10:10,4516.800,4519.400,4515.200,4519.000
2026-09-04 10:15,4518.900,4519.600,4517.400,4518.200
2026-09-04 10:20,4518.300,4518.300,4514.400,4514.800
2026-09-04 10:25,4514.800,4520.000,4514.700,4517.500
2026-09-04 10:30,4517.600,4521.500,4517.200,4519.300
2026-09-04 10:35,4519.700,4519.700,4516.300,4519.500
2026-09-04 10:40,4519.700,4520.200,4518.900,4519.700
2026-09-04 10:45,4519.900,4523.100,4519.800,4521.100
2026-09-04 10:50,4521.200,4522.000,4519.700,4521.100
2026-09-04 10:55,4520.900,4521.300,4518.900,4518.900
2026-09-04 11:00,4519.200,4519.300,4516.700,4517.900
2026-09-04 11:05,4517.800,4518.200,4515.700,4517.200
2026-09-04 11:10,4516.900,4517.500,4515.800,4516.500
2026-09-04 11:15,4516.800,4516.900,4512.700,4513.000
2026-09-04 11:20,4513.100,4516.900,4512.900,4514.900
2026-09-04 11:25,4514.700,4514.700,4511.500,4511.800
2026-09-04 11:30,4511.900,4514.300,4511.300,4512.100
2026-09-04 11:35,4512.200,4515.600,4512.200,4514.400
2026-09-04 11:40,4514.600,4516.500,4512.200,4514.400
2026-09-04 11:45,4514.200,4516.600,4513.400,4513.500
2026-09-04 11:50,4513.700,4516.800,4513.600,4515.100
2026-09-04 11:55,4515.200,4516.100,4510.900,4513.100
2026-09-04 12:00,4513.300,4515.400,4510.900,4514.900
2026-09-04 12:05,4514.900,4516.700,4513.200,4513.600
2026-09-04 12:10,4513.600,4515.600,4510.500,4510.900
2026-09-04 12:15,4510.900,4514.600,4510.900,4514.400
2026-09-04 12:20,4514.300,4516.400,4510.700,4514.100
2026-09-04 12:25,4514.300,4523.300,4513.700,4517.700
2026-09-04 12:30,4520.900,4523.500,4419.000,4441.900
2026-09-04 12:35,4441.800,4446.400,4430.000,4438.000
2026-09-04 12:40,4438.300,4453.500,4433.900,4440.900
2026-09-04 12:45,4440.600,4444.600,4426.800,4444.000
2026-09-04 12:50,4443.200,4456.900,4442.300,4453.000
2026-09-04 12:55,4452.800,4456.000,4439.400,4440.600
2026-09-04 13:00,4440.900,4441.800,4412.000,4425.800
2026-09-04 13:05,4426.000,4436.700,4422.500,4434.500
2026-09-04 13:10,4434.600,4440.700,4428.800,4440.700
2026-09-04 13:15,4440.600,4446.600,4438.100,4445.200
2026-09-04 13:20,4445.400,4453.800,4443.500,4451.600
2026-09-04 13:25,4451.500,4461.500,4450.700,4459.500
2026-09-04 13:30,4459.700,4467.800,4458.900,4461.000
2026-09-04 13:35,4460.900,4465.100,4452.300,4454.700
2026-09-04 13:40,4454.500,4471.100,4454.000,4470.800
2026-09-04 13:45,4470.600,4481.800,4465.100,4476.900
2026-09-04 13:50,4477.300,4478.500,4468.000,4469.600
2026-09-04 13:55,4469.700,4473.800,4459.800,4459.900
2026-09-04 14:00,4460.000,4467.800,4458.800,4467.800
2026-09-04 14:05,4467.900,4474.500,4462.500,4471.000
2026-09-04 14:10,4470.900,4482.700,4466.300,4481.900
2026-09-04 14:15,4481.400,4484.600,4476.500,4480.300
2026-09-04 14:20,4479.800,4483.200,4474.100,4478.100
2026-09-04 14:25,4478.300,4484.800,4476.300,4476.500
2026-09-04 14:30,4476.600,4487.200,4476.400,4486.800
2026-09-04 14:35,4486.400,4489.400,4475.400,4476.500
2026-09-04 14:40,4476.500,4479.500,4472.300,4476.000
2026-09-04 14:45,4476.100,4479.200,4469.400,4475.200
2026-09-04 14:50,4474.800,4475.600,4464.100,4464.400
2026-09-04 14:55,4464.700,4476.800,4464.000,4474.300
2026-09-04 15:00,4474.400,4477.700,4469.500,4476.900
2026-09-04 15:05,4477.000,4486.600,4476.700,4483.400
2026-09-04 15:10,4483.600,4490.800,4481.600,4490.300
2026-09-04 15:15,4490.300,4495.900,4488.100,4495.300
2026-09-04 15:20,4495.100,4496.200,4487.300,4490.500
2026-09-04 15:25,4490.300,4493.500,4486.800,4487.000
2026-09-04 15:30,4487.100,4491.500,4485.600,4486.800
2026-09-04 15:35,4486.800,4488.200,4484.500,4485.300
2026-09-04 15:40,4485.300,4493.700,4483.500,4490.100
2026-09-04 15:45,4490.100,4492.100,4489.000,4490.700
2026-09-04 15:50,4490.900,4493.300,4486.500,4486.600
2026-09-04 15:55,4487.100,4488.000,4482.800,4483.300
2026-09-04 16:00,4483.800,4487.800,4483.600,4486.900
2026-09-04 16:05,4487.100,4487.900,4480.800,4480.900
2026-09-04 16:10,4481.100,4486.700,4479.500,4486.200
2026-09-04 16:15,4486.200,4491.000,4484.900,4489.000
2026-09-04 16:20,4489.000,4490.000,4483.300,4485.500
2026-09-04 16:25,4485.600,4486.100,4480.700,4481.600
2026-09-04 16:30,4481.700,4486.300,4481.100,4484.700
2026-09-04 16:35,4484.700,4485.700,4483.500,4484.600
2026-09-04 16:40,4485.100,4487.200,4482.900,4485.400
2026-09-04 16:45,4485.600,4487.800,4484.900,4487.200
2026-09-04 16:50,4487.500,4487.700,4483.200,4483.200
2026-09-04 16:55,4483.100,4485.700,4482.000,4483.600
2026-09-04 17:00,4483.500,4483.900,4477.100,4478.600
2026-09-04 17:05,4478.600,4481.000,4477.600,4479.600
2026-09-04 17:10,4479.900,4482.200,4479.200,4481.200
2026-09-04 17:15,4481.500,4486.300,4480.100,4485.800
2026-09-04 17:20,4486.000,4488.000,4478.700,4480.600
2026-09-04 17:25,4480.800,4480.800,4475.000,4476.000
2026-09-04 17:30,4475.900,4477.300,4470.400,4471.500
2026-09-04 17:35,4471.600,4473.000,4469.300,4469.700
2026-09-04 17:40,4469.700,4469.900,4461.100,4464.500
2026-09-04 17:45,4464.500,4468.000,4462.800,4467.000
2026-09-04 17:50,4466.800,4468.900,4465.900,4466.400
2026-09-04 17:55,4466.600,4466.800,4463.700,4464.000
2026-09-04 18:00,4464.700,4465.000,4459.000,4460.400
2026-09-04 18:05,4460.400,4465.900,4460.100,4465.700
2026-09-04 18:10,4465.400,4467.400,4464.100,4467.100
2026-09-04 18:15,4467.300,4470.100,4467.000,4467.200
2026-09-04 18:20,4467.500,4472.500,4466.900,4472.100
2026-09-04 18:25,4472.500,4474.500,4471.200,4472.600
2026-09-04 18:30,4472.600,4472.800,4470.600,4472.700
2026-09-04 18:35,4472.500,4472.700,4468.900,4470.200
2026-09-04 18:40,4470.000,4473.900,4469.400,4470.500
2026-09-04 18:45,4470.300,4472.000,4469.500,4471.500
2026-09-04 18:50,4471.300,4473.000,4471.100,4472.300
2026-09-04 18:55,4472.400,4473.300,4470.400,4471.300
2026-09-04 19:00,4471.600,4473.000,4470.000,4471.100
2026-09-04 19:05,4470.800,4473.000,4470.300,4472.500
2026-09-04 19:10,4472.300,4477.300,4472.200,4476.500
2026-09-04 19:15,4476.500,4479.300,4476.000,4476.000
2026-09-04 19:20,4476.200,4478.500,4474.100,4478.200
2026-09-04 19:25,4478.200,4483.000,4477.500,4482.800
2026-09-04 19:30,4482.800,4485.600,4481.300,4484.900
2026-09-04 19:35,4484.800,4485.000,4482.200,4483.700
2026-09-04 19:40,4483.800,4484.800,4482.300,4483.900
2026-09-04 19:45,4484.200,4484.800,4480.600,4482.500
2026-09-04 19:50,4482.700,4483.600,4481.300,4483.300
2026-09-04 19:55,4483.400,4483.400,4479.800,4482.000
2026-09-04 20:00,4481.800,4482.300,4479.100,4479.900
2026-09-04 20:05,4479.900,4480.000,4478.300,4479.000
2026-09-04 20:10,4479.000,4479.900,4477.900,4478.800
2026-09-04 20:15,4478.800,4479.000,4476.900,4477.900
2026-09-04 20:20,4478.200,4478.400,4477.200,4477.300
2026-09-04 20:25,4477.300,4478.100,4476.600,4477.300
2026-09-04 20:30,4476.600,4476.800,4476.000,4476.600
2026-09-04 20:35,4476.600,4478.000,4476.600,4477.600
2026-09-04 20:40,4477.600,4477.900,4476.200,4477.400
2026-09-04 20:45,4477.600,4477.800,4475.600,4475.900
2026-09-04 20:50,4476.000,4478.500,4475.900,4478.300
2026-09-04 20:55,4478.100,4478.500,4476.500,4476.600
2026-09-08 04:00,4483.500,4487.800,4483.300,4487.200
2026-09-08 04:05,4487.100,4488.800,4484.600,4486.100
2026-09-08 04:10,4486.100,4488.300,4484.500,4484.700
2026-09-08 04:15,4484.900,4486.400,4483.600,4484.200
2026-09-08 04:20,4484.200,4484.600,4478.400,4479.000
2026-09-08 04:25,4478.900,4479.600,4477.000,4477.900
2026-09-08 04:30,4478.300,4480.100,4477.900,4479.400
2026-09-08 04:35,4479.300,4480.400,4478.600,4479.900
2026-09-08 04:40,4480.000,4482.100,4479.800,4481.900
2026-09-08 04:45,4481.700,4481.700,4480.000,4480.200
2026-09-08 04:50,4480.300,4481.400,4479.700,4480.400
2026-09-08 04:55,4480.700,4485.500,4479.600,4481.600
2026-09-08 05:00,4481.700,4483.400,4479.800,4480.000
2026-09-08 05:05,4479.800,4480.000,4475.600,4476.400
2026-09-08 05:10,4476.700,4476.900,4472.400,4472.900
2026-09-08 05:15,4472.600,4474.900,4471.600,4474.500
2026-09-08 05:20,4474.700,4477.200,4470.200,4470.200
2026-09-08 05:25,4470.300,4470.800,4465.300,4465.500
2026-09-08 05:30,4465.600,4470.800,4462.900,4467.700
2026-09-08 05:35,4467.700,4472.100,4466.600,4472.100
2026-09-08 05:40,4472.000,4472.100,4470.000,4471.000
2026-09-08 05:45,4470.700,4473.900,4468.200,4470.100
2026-09-08 05:50,4469.900,4469.900,4464.200,4464.300
2026-09-08 05:55,4464.900,4465.700,4462.100,4464.400
2026-09-08 06:00,4464.400,4465.100,4457.800,4460.300
2026-09-08 06:05,4459.400,4460.600,4455.900,4458.400
2026-09-08 06:10,4457.900,4458.000,4453.100,4456.400
2026-09-08 06:15,4456.100,4456.200,4446.200,4446.300
2026-09-08 06:20,4446.200,4450.800,4445.200,4448.500
2026-09-08 06:25,4447.600,4448.500,4443.700,4444.800
2026-09-08 06:30,4444.800,4447.800,4443.100,4446.800
2026-09-08 06:35,4447.000,4448.800,4442.600,4448.600
2026-09-08 06:40,4448.600,4453.500,4448.600,4451.900
2026-09-08 06:45,4452.100,4453.300,4450.600,4452.700
2026-09-08 06:50,4452.900,4454.000,4448.400,4449.500
2026-09-08 06:55,4449.600,4450.000,4448.000,4448.300
2026-09-08 07:00,4448.600,4453.000,4447.100,4452.600
2026-09-08 07:05,4452.700,4454.000,4451.200,4451.600
2026-09-08 07:10,4451.800,4452.400,4447.100,4447.900
2026-09-08 07:15,4447.900,4448.400,4445.700,4448.400
2026-09-08 07:20,4448.300,4448.800,4445.000,4447.000
2026-09-08 07:25,4447.200,4449.200,4445.600,4446.500
2026-09-08 07:30,4446.600,4450.200,4442.500,4442.500
2026-09-08 07:35,4443.000,4443.700,4436.400,4438.100
2026-09-08 07:40,4438.500,4441.800,4435.500,4440.200
2026-09-08 07:45,4440.100,4441.800,4437.900,4438.500
2026-09-08 07:50,4437.700,4438.000,4434.600,4435.500
2026-09-08 07:55,4435.800,4438.500,4434.300,4436.700
2026-09-08 08:00,4436.600,4437.200,4433.200,4435.900
2026-09-08 08:05,4435.500,4440.200,4432.000,4432.300
2026-09-08 08:10,4432.600,4437.300,4432.500,4434.700
2026-09-08 08:15,4434.900,4438.300,4434.300,4438.200
2026-09-08 08:20,4437.900,4438.900,4434.000,4438.900
2026-09-08 08:25,4438.800,4440.900,4438.500,4438.900
2026-09-08 08:30,4439.000,4442.500,4437.300,4442.300
2026-09-08 08:35,4442.600,4443.000,4438.100,4440.000
2026-09-08 08:40,4439.600,4439.600,4436.500,4437.300
2026-09-08 08:45,4436.800,4442.600,4435.500,4438.200
2026-09-08 08:50,4438.300,4439.300,4435.800,4437.200
2026-09-08 08:55,4437.300,4438.800,4436.000,4438.500
2026-09-08 09:00,4438.000,4440.500,4435.500,4440.500
2026-09-08 09:05,4440.200,4442.400,4438.700,4438.900
2026-09-08 09:10,4439.600,4442.200,4439.600,4441.900
2026-09-08 09:15,4441.500,4443.600,4441.000,4441.000
2026-09-08 09:20,4440.800,4441.200,4437.900,4439.000
2026-09-08 09:25,4438.800,4440.700,4436.700,4437.300
2026-09-08 09:30,4437.200,4442.000,4435.000,4440.000
2026-09-08 09:35,4440.100,4441.900,4439.900,4441.600
2026-09-08 09:40,4441.700,4448.000,4441.600,4445.600
2026-09-08 09:45,4446.000,4447.800,4445.600,4447.600
2026-09-08 09:50,4448.000,4450.100,4447.400,4448.900
2026-09-08 09:55,4449.000,4449.600,4447.000,4447.200
2026-09-08 10:00,4447.300,4447.300,4442.500,4442.700
2026-09-08 10:05,4443.000,4443.200,4440.400,4440.900
2026-09-08 10:10,4440.900,4441.200,4438.000,4440.800
2026-09-08 10:15,4440.600,4443.100,4440.400,4442.500
2026-09-08 10:20,4442.500,4451.600,4441.700,4444.900
2026-09-08 10:25,4445.300,4445.700,4442.900,4443.800
2026-09-08 10:30,4443.700,4443.900,4441.100,4441.300
2026-09-08 10:35,4441.300,4441.700,4438.300,4439.100
2026-09-08 10:40,4439.100,4442.500,4438.300,4441.300
2026-09-08 10:45,4441.300,4444.900,4441.100,4443.100
2026-09-08 10:50,4443.200,4444.600,4441.100,4443.200
2026-09-08 10:55,4443.300,4444.200,4439.600,4439.900
2026-09-08 11:00,4440.200,4441.900,4439.500,4440.300
2026-09-08 11:05,4440.500,4444.300,4437.500,4440.900
2026-09-08 11:10,4440.800,4441.400,4435.500,4439.500
2026-09-08 11:15,4439.400,4446.100,4439.300,4446.000
2026-09-08 11:20,4445.800,4445.900,4442.800,4445.700
2026-09-08 11:25,4445.400,4447.200,4444.900,4446.000
2026-09-08 11:30,4446.500,4449.600,4445.000,4449.400
2026-09-08 11:35,4449.300,4452.400,4448.600,4449.300
2026-09-08 11:40,4449.700,4451.300,4447.800,4447.800
2026-09-08 11:45,4448.200,4448.900,4443.400,4444.500
2026-09-08 11:50,4444.300,4447.300,4442.300,4445.100
2026-09-08 11:55,4445.300,4451.600,4445.000,4450.900
2026-09-08 12:00,4450.900,4451.400,4447.100,4447.500
2026-09-08 12:05,4447.500,4448.800,4446.100,4448.700
2026-09-08 12:10,4447.900,4448.400,4434.800,4436.000
2026-09-08 12:15,4435.900,4436.200,4429.500,4435.800
2026-09-08 12:20,4435.700,4440.900,4431.500,4439.500
2026-09-08 12:25,4439.300,4446.200,4438.400,4446.200
2026-09-08 12:30,4446.300,4452.700,4445.100,4449.600
2026-09-08 12:35,4449.800,4449.900,4442.600,4445.400
2026-09-08 12:40,4445.800,4446.400,4439.700,4441.000
2026-09-08 12:45,4440.800,4446.900,4440.000,4446.700
2026-09-08 12:50,4446.600,4448.200,4444.900,4448.000
2026-09-08 12:55,4447.800,4456.300,4447.300,4456.100
2026-09-08 13:00,4456.300,4457.900,4446.600,4450.700
2026-09-08 13:05,4450.600,4451.300,4447.000,4449.200
2026-09-08 13:10,4448.400,4453.300,4448.300,4453.000
2026-09-08 13:15,4453.100,4455.500,4450.000,4452.400
2026-09-08 13:20,4452.300,4453.300,4447.600,4447.600
2026-09-08 13:25,4447.800,4448.900,4443.500,4444.800
2026-09-08 13:30,4444.900,4450.300,4442.400,4442.900
2026-09-08 13:35,4442.500,4447.300,4440.400,4444.900
2026-09-08 13:40,4444.300,4444.300,4434.700,4441.100
2026-09-08 13:45,4440.900,4447.500,4438.900,4447.300
2026-09-08 13:50,4447.300,4449.300,4441.900,4449.300
2026-09-08 13:55,4448.700,4452.000,4440.100,4440.300
2026-09-08 14:00,4440.300,4447.000,4439.300,4446.700
2026-09-08 14:05,4446.800,4447.700,4443.100,4444.000
2026-09-08 14:10,4443.600,4443.700,4436.200,4439.300
2026-09-08 14:15,4439.200,4445.300,4438.800,4444.600
2026-09-08 14:20,4444.800,4447.200,4440.600,4447.000
2026-09-08 14:25,4447.000,4449.000,4441.300,4441.500
2026-09-08 14:30,4442.000,4444.600,4440.200,4443.700
2026-09-08 14:35,4443.400,4446.000,4440.500,4440.800
2026-09-08 14:40,4440.500,4442.900,4437.700,4442.100
2026-09-08 14:45,4442.600,4444.100,4436.900,4438.400
2026-09-08 14:50,4438.300,4440.700,4433.700,4438.600
2026-09-08 14:55,4438.400,4443.500,4437.200,4443.400
2026-09-08 15:00,4443.800,4452.100,4442.500,4448.300
2026-09-08 15:05,4448.400,4449.200,4445.800,4448.700
2026-09-08 15:10,4448.800,4453.700,4448.800,4450.000
2026-09-08 15:15,4450.000,4454.500,4449.800,4450.900
2026-09-08 15:20,4450.700,4451.100,4441.600,4443.400
2026-09-08 15:25,4443.500,4450.500,4443.200,4444.400
2026-09-08 15:30,4444.400,4449.300,4444.300,4449.200
2026-09-08 15:35,4449.200,4449.300,4443.600,4445.000
2026-09-08 15:40,4444.300,4446.200,4442.400,4445.200
2026-09-08 15:45,4445.500,4445.500,4440.900,4442.000
2026-09-08 15:50,4441.500,4445.800,4441.500,4442.800
2026-09-08 15:55,4442.700,4444.100,4439.800,4439.800
2026-09-08 16:00,4440.000,4440.400,4436.400,4439.900
2026-09-08 16:05,4439.700,4440.000,4425.100,4426.100
2026-09-08 16:10,4426.200,4431.500,4425.600,4431.500
2026-09-08 16:15,4431.400,4432.600,4428.800,4430.300
2026-09-08 16:20,4430.500,4437.900,4430.200,4437.700
2026-09-08 16:25,4437.500,4440.500,4435.800,4438.900
2026-09-08 16:30,4438.900,4441.400,4437.600,4439.800
2026-09-08 16:35,4439.600,4441.100,4438.500,4439.300
2026-09-08 16:40,4439.500,4440.400,4438.300,4438.800
2026-09-08 16:45,4438.900,4439.400,4436.700,4438.600
2026-09-08 16:50,4438.700,4443.400,4437.600,4439.100
2026-09-08 16:55,4438.800,4440.200,4434.900,4438.300
2026-09-08 17:00,4438.400,4446.600,4438.400,4446.100
2026-09-08 17:05,4446.600,4448.600,4442.300,4442.700
2026-09-08 17:10,4443.000,4444.100,4439.400,4440.300
2026-09-08 17:15,4440.400,4442.300,4440.400,4441.300
2026-09-08 17:20,4441.400,4441.400,4437.900,4439.400
2026-09-08 17:25,4439.100,4439.900,4436.800,4438.900
2026-09-08 17:30,4438.900,4439.800,4436.100,4436.100
2026-09-08 17:35,4436.000,4437.500,4433.900,4433.900
2026-09-08 17:40,4433.900,4434.000,4429.700,4429.700
2026-09-08 17:45,4429.900,4432.500,4429.500,4431.400
2026-09-08 17:50,4431.900,4433.900,4431.400,4433.400
2026-09-08 17:55,4433.300,4434.700,4432.300,4434.300
2026-09-08 18:00,4434.500,4434.700,4431.600,4431.600
2026-09-08 18:05,4431.400,4432.800,4429.200,4429.300
2026-09-08 18:10,4429.300,4432.100,4428.400,4432.100
2026-09-08 18:15,4432.000,4432.100,4429.100,4430.100
2026-09-08 18:20,4430.400,4431.400,4429.100,4429.800
2026-09-08 18:25,4429.900,4430.700,4428.600,4430.100
2026-09-08 18:30,4430.100,4430.100,4425.800,4428.600
2026-09-08 18:35,4428.500,4429.400,4427.100,4428.700
2026-09-08 18:40,4428.800,4430.400,4428.000,4430.200
2026-09-08 18:45,4430.100,4431.300,4406.500,4408.100
2026-09-08 18:50,4407.900,4420.200,4402.400,4420.200
2026-09-08 18:55,4420.000,4422.600,4417.000,4420.100
2026-09-08 19:00,4420.200,4421.800,4415.800,4419.200
2026-09-08 19:05,4419.400,4420.000,4413.900,4416.200
2026-09-08 19:10,4416.000,4419.100,4415.000,4415.000
2026-09-08 19:15,4415.300,4417.900,4412.400,4412.500
2026-09-08 19:20,4412.300,4415.300,4411.100,4411.500
2026-09-08 19:25,4411.900,4415.000,4411.000,4413.600
2026-09-08 19:30,4413.400,4413.900,4406.300,4409.300
2026-09-08 19:35,4409.300,4414.800,4409.200,4412.300
2026-09-08 19:40,4412.400,4414.200,4411.300,4413.700
2026-09-08 19:45,4413.700,4413.900,4409.900,4410.700
2026-09-08 19:50,4411.300,4411.300,4406.100,4408.500
2026-09-08 19:55,4408.800,4409.500,4401.100,4404.500
2026-09-08 20:00,4404.100,4409.500,4402.300,4402.300
2026-09-08 20:05,4402.300,4403.800,4400.700,4403.000
2026-09-08 20:10,4402.800,4406.700,4401.800,4405.000
2026-09-08 20:15,4405.300,4405.800,4404.100,4405.800
2026-09-08 20:20,4405.900,4406.000,4403.600,4403.800
2026-09-08 20:25,4404.200,4404.400,4400.100,4401.000
2026-09-08 20:30,4401.600,4402.900,4400.900,4402.700
2026-09-08 20:35,4402.800,4403.400,4401.700,4402.600
2026-09-08 20:40,4402.400,4403.100,4401.600,4402.500
2026-09-08 20:45,4402.700,4402.700,4381.000,4392.300
2026-09-08 20:50,4392.500,4400.200,4392.500,4398.000
2026-09-08 20:55,4398.300,4401.000,4397.700,4400.000
2026-09-08 22:00,4399.000,4403.000,4396.600,4401.300
2026-09-08 22:05,4401.200,4401.900,4396.900,4398.000
2026-09-08 22:10,4398.100,4401.100,4397.600,4399.800
2026-09-08 22:15,4399.700,4401.400,4398.400,4399.500
2026-09-08 22:20,4399.400,4399.400,4397.000,4397.800
2026-09-08 22:25,4397.500,4399.200,4396.800,4398.300
2026-09-08 22:30,4398.300,4399.700,4397.800,4398.600
2026-09-08 22:35,4398.100,4399.400,4396.000,4396.100
2026-09-08 22:40,4396.300,4397.600,4393.700,4395.300
2026-09-08 22:45,4395.500,4396.000,4394.200,4395.900
2026-09-08 22:50,4395.900,4397.000,4395.900,4396.800
2026-09-08 22:55,4396.700,4397.800,4395.900,4397.400
2026-09-08 23:00,4397.400,4398.400,4396.200,4396.500
2026-09-08 23:05,4396.200,4398.000,4396.000,4397.500
2026-09-08 23:10,4397.400,4397.400,4395.000,4395.600
2026-09-08 23:15,4395.900,4397.100,4395.100,4396.700
2026-09-08 23:20,4396.300,4397.900,4396.100,4397.800
2026-09-08 23:25,4397.200,4401.300,4397.200,4401.000
2026-09-08 23:30,4401.100,4403.400,4400.400,4402.600
2026-09-08 23:35,4401.900,4402.400,4400.200,4400.500
2026-09-08 23:40,4400.600,4402.700,4400.400,4402.500
2026-09-08 23:45,4401.700,4402.000,4396.500,4397.300
2026-09-08 23:50,4397.400,4397.400,4393.500,4393.900
2026-09-08 23:55,4393.900,4396.400,4392.400,4393.100
2026-09-09 00:00,4393.300,4396.600,4390.000,4393.700
2026-09-09 00:05,4393.500,4394.000,4388.000,4392.600
2026-09-09 00:10,4392.600,4396.300,4390.800,4393.500
2026-09-09 00:15,4393.600,4393.800,4388.100,4391.600
2026-09-09 00:20,4391.400,4392.200,4386.300,4386.800
2026-09-09 00:25,4386.500,4391.400,4384.100,4390.600
2026-09-09 00:30,4390.300,4391.400,4389.400,4390.500
2026-09-09 00:35,4390.400,4393.100,4387.500,4393.000
2026-09-09 00:40,4393.000,4398.500,4391.200,4398.500
2026-09-09 00:45,4398.300,4400.500,4396.600,4399.500
2026-09-09 00:50,4399.800,4404.900,4398.700,4403.700
2026-09-09 00:55,4403.400,4409.500,4402.800,4408.800
2026-09-09 01:00,4408.600,4408.800,4397.800,4401.400
2026-09-09 01:05,4401.400,4411.200,4401.400,4411.200
2026-09-09 01:10,4411.000,4412.700,4409.200,4412.300
2026-09-09 01:15,4411.700,4413.100,4406.600,4410.200
2026-09-09 01:20,4410.100,4413.600,4408.900,4413.400
2026-09-09 01:25,4413.700,4417.000,4412.100,4415.800
2026-09-09 01:30,4415.800,4420.800,4414.600,4420.800
2026-09-09 01:35,4420.800,4421.800,4417.900,4418.800
2026-09-09 01:40,4418.900,4422.000,4418.400,4420.200
2026-09-09 01:45,4420.300,4422.000,4417.100,4418.900
2026-09-09 01:50,4419.200,4419.900,4415.700,4417.600
2026-09-09 01:55,4417.900,4419.900,4414.600,4417.700
2026-09-09 02:00,4417.300,4417.700,4414.900,4417.200
2026-09-09 02:05,4416.800,4419.900,4414.400,4418.700
2026-09-09 02:10,4418.800,4419.400,4416.200,4417.400
2026-09-09 02:15,4417.600,4420.900,4417.100,4418.400
2026-09-09 02:20,4418.700,4418.800,4415.600,4415.600
2026-09-09 02:25,4415.300,4417.000,4415.300,4416.600
2026-09-09 02:30,4416.600,4417.600,4413.000,4413.100
2026-09-09 02:35,4413.000,4414.700,4411.000,4411.700
2026-09-09 02:40,4412.200,4418.300,4412.200,4418.100
2026-09-09 02:45,4417.700,4422.400,4416.800,4420.700
2026-09-09 02:50,4421.000,4428.400,4420.100,4424.200
2026-09-09 02:55,4424.300,4426.600,4423.600,4426.000
2026-09-09 03:00,4426.200,4426.600,4422.500,4423.200
2026-09-09 03:05,4423.300,4426.000,4421.800,4422.400
2026-09-09 03:10,4422.500,4424.300,4422.300,4423.000
2026-09-09 03:15,4422.500,4422.500,4419.200,4420.900
2026-09-09 03:20,4421.300,4422.900,4421.100,4422.800
2026-09-09 03:25,4422.600,4423.000,4419.300,4422.100
2026-09-09 03:30,4421.900,4422.200,4419.200,4420.500
2026-09-09 03:35,4420.200,4421.900,4420.000,4421.800
2026-09-09 03:40,4422.000,4423.900,4421.300,4422.800
2026-09-09 03:45,4422.300,4422.700,4420.900,4421.700
2026-09-09 03:50,4421.900,4422.800,4419.800,4421.100
2026-09-09 03:55,4420.700,4421.200,4420.200,4420.400
2026-09-09 04:00,4418.700,4419.700,4418.200,4418.300
2026-09-09 04:05,4418.300,4418.300,4415.400,4416.100
2026-09-09 04:10,4415.700,4417.200,4414.200,4417.000
2026-09-09 04:15,4416.900,4418.000,4416.000,4417.300
2026-09-09 04:20,4417.300,4421.000,4416.400,4420.800
2026-09-09 04:25,4420.800,4424.300,4420.500,4423.700
2026-09-09 04:30,4423.500,4423.700,4421.700,4422.500
2026-09-09 04:35,4422.300,4423.700,4421.600,4422.100
2026-09-09 04:40,4421.900,4422.300,4419.900,4421.800
2026-09-09 04:45,4421.900,4423.800,4421.900,4422.700
2026-09-09 04:50,4422.800,4425.300,4421.300,4424.800
2026-09-09 04:55,4424.800,4426.200,4423.900,4425.300
2026-09-09 05:00,4425.400,4427.800,4423.900,4425.200
2026-09-09 05:05,4425.400,4428.800,4425.200,4428.200
2026-09-09 05:10,4428.400,4431.300,4427.900,4431.100
2026-09-09 05:15,4431.200,4432.300,4430.300,4431.800
2026-09-09 05:20,4431.500,4431.900,4426.700,4430.100
2026-09-09 05:25,4430.200,4431.900,4428.700,4428.800
2026-09-09 05:30,4428.700,4432.700,4428.000,4431.500
2026-09-09 05:35,4430.800,4436.200,4429.700,4435.900
2026-09-09 05:40,4435.700,4439.000,4435.100,4439.000
2026-09-09 05:45,4438.900,4440.700,4435.800,4439.200
2026-09-09 05:50,4439.300,4444.000,4439.300,4443.300
2026-09-09 05:55,4443.400,4444.600,4442.000,4442.300
2026-09-09 06:00,4442.400,4447.800,4441.700,4446.400
2026-09-09 06:05,4446.600,4448.800,4443.200,4443.900
2026-09-09 06:10,4443.700,4445.600,4442.000,4445.000
2026-09-09 06:15,4444.600,4446.700,4443.100,4443.300
2026-09-09 06:20,4443.100,4444.000,4440.500,4442.300
2026-09-09 06:25,4442.300,4442.900,4438.600,4441.600
2026-09-09 06:30,4441.700,4447.000,4440.500,4446.600
2026-09-09 06:35,4446.700,4449.900,4445.500,4448.700
2026-09-09 06:40,4448.800,4448.800,4443.200,4444.100
2026-09-09 06:45,4444.100,4445.000,4442.400,4444.900
2026-09-09 06:50,4445.000,4445.400,4443.500,4444.400
2026-09-09 06:55,4444.300,4445.200,4443.300,4444.700
2026-09-09 07:00,4444.400,4446.300,4443.000,4445.400
2026-09-09 07:05,4445.200,4448.100,4445.200,4447.300
2026-09-09 07:10,4447.600,4451.700,4447.000,4450.100
2026-09-09 07:15,4450.100,4450.500,4446.500,4447.500
2026-09-09 07:20,4447.400,4451.500,4447.400,4448.900
2026-09-09 07:25,4448.700,4452.600,4448.500,4451.400
2026-09-09 07:30,4451.500,4452.400,4449.900,4450.900
2026-09-09 07:35,4451.100,4453.800,4450.400,4453.700
2026-09-09 07:40,4453.600,4454.200,4451.800,4454.000
2026-09-09 07:45,4454.000,4456.300,4453.100,4455.200
2026-09-09 07:50,4455.100,4455.100,4451.900,4452.100
2026-09-09 07:55,4452.700,4453.700,4452.300,4452.900
2026-09-09 08:00,4452.800,4453.200,4450.400,4452.000
2026-09-09 08:05,4451.900,4455.400,4450.300,4450.300
2026-09-09 08:10,4450.700,4450.900,4447.400,4447.500
2026-09-09 08:15,4447.500,4448.500,4445.800,4447.600
2026-09-09 08:20,4447.300,4447.300,4444.600,4444.900
2026-09-09 08:25,4445.000,4446.100,4442.600,4443.700
2026-09-09 08:30,4443.600,4447.600,4443.600,4446.000
2026-09-09 08:35,4445.800,4446.400,4443.600,4443.600
2026-09-09 08:40,4443.600,4446.300,4442.900,4443.900
2026-09-09 08:45,4443.800,4446.100,4442.800,4444.300
2026-09-09 08:50,4444.200,4446.200,4443.700,4446.200
2026-09-09 08:55,4446.100,4447.400,4444.400,4444.600
2026-09-09 09:00,4444.800,4446.300,4444.200,4445.000
2026-09-09 09:05,4445.100,4446.200,4443.500,4445.800
2026-09-09 09:10,4445.800,4445.800,4442.100,4442.500
2026-09-09 09:15,4442.500,4444.300,4441.500,4443.900
2026-09-09 09:20,4444.000,4444.300,4441.400,4441.900
2026-09-09 09:25,4442.100,4443.100,4440.600,4442.500
2026-09-09 09:30,4442.500,4443.000,4439.600,4442.100
2026-09-09 09:35,4442.300,4442.900,4441.500,4442.000
2026-09-09 09:40,4442.300,4442.700,4439.500,4440.600
2026-09-09 09:45,4440.400,4440.400,4438.300,4439.300
2026-09-09 09:50,4439.200,4439.200,4435.000,4435.300
2026-09-09 09:55,4435.200,4435.300,4432.500,4434.600
2026-09-09 10:00,4434.500,4435.700,4430.000,4433.800
2026-09-09 10:05,4434.200,4437.100,4434.200,4436.100
2026-09-09 10:10,4436.300,4437.200,4433.500,4434.800
2026-09-09 10:15,4434.700,4438.300,4432.700,4438.000
2026-09-09 10:20,4437.900,4439.700,4437.400,4438.300
2026-09-09 10:25,4438.100,4439.100,4436.800,4438.200
2026-09-09 10:30,4438.100,4440.500,4437.000,4439.700
2026-09-09 10:35,4439.600,4442.500,4439.500,4441.800
2026-09-09 10:40,4441.800,4442.400,4437.700,4438.200
2026-09-09 10:45,4438.400,4443.600,4438.100,4442.300
2026-09-09 10:50,4442.200,4446.000,4441.700,4445.500
2026-09-09 10:55,4445.600,4447.000,4442.900,4442.900
2026-09-09 11:00,4443.300,4447.000,4443.200,4447.000
2026-09-09 11:05,4447.200,4447.800,4445.600,4447.600
2026-09-09 11:10,4447.600,4448.100,4446.200,4447.000
2026-09-09 11:15,4447.300,4448.400,4445.000,4447.700
2026-09-09 11:20,4447.700,4450.200,4446.000,4450.000
2026-09-09 11:25,4450.100,4453.200,4449.700,4452.000
2026-09-09 11:30,4452.300,4452.400,4448.300,4448.500
2026-09-09 11:35,4448.500,4449.500,4447.400,4448.900
2026-09-09 11:40,4449.000,4451.200,4448.900,4449.600
2026-09-09 11:45,4450.000,4459.400,4447.700,4458.400
2026-09-09 11:50,4458.400,4459.900,4451.300,4451.500
2026-09-09 11:55,4451.500,4452.900,4450.200,4451.600
2026-09-09 12:00,4451.500,4453.600,4447.600,4448.600
2026-09-09 12:05,4449.000,4450.000,4445.000,4447.600
2026-09-09 12:10,4447.700,4449.000,4443.300,4443.600
2026-09-09 12:15,4443.700,4444.600,4440.300,4440.800
2026-09-09 12:20,4440.800,4444.700,4439.100,4441.000
2026-09-09 12:25,4441.200,4441.400,4438.100,4438.500
2026-09-09 12:30,4438.000,4441.900,4436.200,4440.600
2026-09-09 12:35,4440.500,4442.000,4435.200,4435.400
2026-09-09 12:40,4435.600,4439.900,4435.200,4439.100
2026-09-09 12:45,4439.500,4444.000,4439.500,4441.500
2026-09-09 12:50,4441.500,4443.700,4440.400,4443.100
2026-09-09 12:55,4443.100,4447.000,4442.600,4444.400
2026-09-09 13:00,4444.200,4452.700,4442.800,4451.400
2026-09-09 13:05,4451.400,4454.900,4451.300,4454.200
2026-09-09 13:10,4454.300,4458.000,4454.000,4457.800
2026-09-09 13:15,4457.800,4462.600,4455.100,4461.500
2026-09-09 13:20,4461.600,4472.700,4458.900,4472.000
2026-09-09 13:25,4472.200,4475.100,4469.800,4474.300
2026-09-09 13:30,4474.100,4479.000,4472.600,4475.500
2026-09-09 13:35,4475.100,4475.300,4464.300,4465.800
2026-09-09 13:40,4466.000,4466.500,4456.700,4461.400
2026-09-09 13:45,4461.600,4465.800,4460.300,4465.700
2026-09-09 13:50,4465.600,4468.200,4459.400,4460.700
2026-09-09 13:55,4460.900,4461.300,4454.700,4459.300
2026-09-09 14:00,4459.200,4468.900,4458.600,4468.100
2026-09-09 14:05,4467.800,4473.000,4465.200,4466.400
2026-09-09 14:10,4466.400,4467.900,4462.000,4467.500
2026-09-09 14:15,4467.700,4467.700,4457.900,4461.000
2026-09-09 14:20,4461.100,4461.300,4453.600,4454.200
2026-09-09 14:25,4454.400,4470.200,4453.900,4470.000
2026-09-09 14:30,4470.200,4470.200,4464.700,4467.200
2026-09-09 14:35,4467.200,4471.400,4466.900,4470.700
2026-09-09 14:40,4470.100,4471.100,4463.000,4463.200
2026-09-09 14:45,4463.400,4466.700,4462.400,4465.600
2026-09-09 14:50,4464.900,4468.100,4463.500,4463.600
2026-09-09 14:55,4464.000,4464.700,4459.200,4463.200
2026-09-09 15:00,4463.400,4477.000,4439.200,4439.500
2026-09-09 15:05,4439.600,4443.200,4424.600,4436.000
2026-09-09 15:10,4435.400,4436.900,4426.100,4434.800
2026-09-09 15:15,4434.500,4438.000,4423.900,4429.100
2026-09-09 15:20,4429.200,4432.900,4419.300,4427.800
2026-09-09 15:25,4427.600,4439.900,4427.200,4438.700
2026-09-09 15:30,4439.100,4445.800,4436.800,4445.400
2026-09-09 15:35,4445.100,4451.900,4442.100,4450.500
2026-09-09 15:40,4450.800,4451.600,4443.500,4447.500
2026-09-09 15:45,4447.500,4449.000,4443.200,4446.600
2026-09-09 15:50,4446.500,4451.500,4443.700,4445.700
2026-09-09 15:55,4445.400,4445.400,4442.300,4442.700
2026-09-09 16:00,4442.900,4447.300,4441.100,4447.200
2026-09-09 16:05,4446.800,4446.800,4439.200,4440.300
2026-09-09 16:10,4440.200,4443.200,4439.500,4442.400
2026-09-09 16:15,4442.600,4443.000,4435.800,4437.700
2026-09-09 16:20,4438.000,4443.000,4437.800,4443.000
2026-09-09 16:25,4443.100,4447.000,4443.100,4446.200
2026-09-09 16:30,4446.000,4448.300,4443.300,4447.100
2026-09-09 16:35,4447.200,4449.000,4443.800,4448.800
2026-09-09 16:40,4448.800,4453.100,4448.100,4452.300
2026-09-09 16:45,4452.300,4454.100,4450.800,4452.100
2026-09-09 16:50,4452.100,4452.600,4450.400,4452.000
2026-09-09 16:55,4452.100,4455.400,4451.200,4454.400
2026-09-09 17:00,4454.500,4459.100,4453.800,4458.000
2026-09-09 17:05,4457.900,4465.300,4457.500,4463.800
2026-09-09 17:10,4463.200,4464.300,4460.400,4461.600
2026-09-09 17:15,4461.800,4463.500,4460.100,4461.300
2026-09-09 17:20,4461.400,4463.500,4460.800,4463.100
2026-09-09 17:25,4463.300,4465.600,4459.500,4459.800
2026-09-09 17:30,4460.000,4460.200,4456.800,4457.700
2026-09-09 17:35,4457.800,4459.500,4457.100,4458.100
2026-09-09 17:40,4458.500,4462.200,4458.500,4458.500
2026-09-09 17:45,4458.700,4460.200,4458.400,4458.800
2026-09-09 17:50,4459.000,4461.500,4458.700,4460.300
2026-09-09 17:55,4460.500,4462.100,4460.300,4461.200
2026-09-09 18:00,4461.400,4464.100,4461.100,4463.700
2026-09-09 18:05,4463.600,4464.300,4461.100,4463.400
2026-09-09 18:10,4463.500,4466.700,4462.900,4465.600
2026-09-09 18:15,4465.700,4465.900,4463.200,4464.400
2026-09-09 18:20,4464.200,4464.800,4462.300,4462.400
2026-09-09 18:25,4462.900,4463.100,4461.900,4463.100
2026-09-09 18:30,4463.300,4463.500,4458.700,4460.300
2026-09-09 18:35,4460.100,4460.900,4458.700,4460.100
2026-09-09 18:40,4460.300,4461.800,4454.700,4455.100
2026-09-09 18:45,4455.100,4455.300,4451.500,4451.800
2026-09-09 18:50,4451.800,4453.000,4450.400,4450.500
2026-09-09 18:55,4451.200,4452.200,4446.500,4448.200
2026-09-09 19:00,4448.200,4449.300,4442.000,4443.900
2026-09-09 19:05,4443.500,4445.600,4442.500,4444.800
2026-09-09 19:10,4444.800,4446.200,4442.700,4445.800
2026-09-09 19:15,4446.000,4447.700,4444.100,4447.500
2026-09-09 19:20,4447.300,4450.400,4447.200,4450.200
2026-09-09 19:25,4449.900,4450.200,4445.100,4445.100
2026-09-09 19:30,4445.100,4446.500,4444.000,4444.400
2026-09-09 19:35,4444.500,4444.700,4441.100,4442.900
2026-09-09 19:40,4442.800,4445.500,4441.900,4445.200
2026-09-09 19:45,4445.400,4446.900,4445.000,4445.600
2026-09-09 19:50,4445.500,4446.200,4441.600,4444.100
2026-09-09 19:55,4444.000,4445.400,4443.200,4444.400
2026-09-09 20:00,4444.200,4444.600,4441.600,4442.300
2026-09-09 20:05,4442.000,4442.500,4441.800,4442.400
2026-09-09 20:10,4442.400,4443.700,4442.300,4442.600
2026-09-09 20:15,4442.500,4442.700,4439.600,4439.700
2026-09-09 20:20,4439.600,4440.400,4438.900,4440.200
2026-09-09 20:25,4440.600,4441.600,4439.200,4440.400
2026-09-09 20:30,4440.300,4443.100,4440.200,4442.900
2026-09-09 20:35,4442.600,4446.400,4442.600,4445.000
2026-09-09 20:40,4444.900,4445.800,4444.400,4445.600
2026-09-09 20:45,4445.700,4446.600,4445.000,4445.600
2026-09-09 20:50,4445.700,4446.100,4445.100,4445.900
2026-09-09 20:55,4446.000,4448.100,4445.300,4447.200
2026-09-09 22:00,4448.000,4450.300,4447.100,4449.200
2026-09-09 22:05,4448.900,4449.300,4447.100,4449.100
2026-09-09 22:10,4448.500,4450.400,4446.600,4446.800
2026-09-09 22:15,4447.100,4448.500,4446.200,4447.200
2026-09-09 22:20,4447.100,4447.300,4445.200,4446.000
2026-09-09 22:25,4445.800,4447.300,4444.400,4446.700
2026-09-09 22:30,4446.700,4448.300,4445.600,4446.800
2026-09-09 22:35,4447.000,4447.600,4444.100,4444.800
2026-09-09 22:40,4444.800,4447.400,4444.400,4445.900
2026-09-09 22:45,4446.200,4446.200,4442.200,4444.200
2026-09-09 22:50,4444.200,4444.700,4442.800,4443.000
2026-09-09 22:55,4443.100,4445.500,4442.000,4443.900
2026-09-09 23:00,4444.000,4447.500,4443.700,4447.300
2026-09-09 23:05,4447.100,4447.100,4442.200,4444.000
2026-09-09 23:10,4444.300,4446.500,4443.700,4444.800
2026-09-09 23:15,4444.300,4446.300,4442.000,4444.100
2026-09-09 23:20,4443.800,4445.700,4440.700,4441.300
2026-09-09 23:25,4441.200,4444.100,4439.600,4441.200
2026-09-09 23:30,4441.200,4443.000,4437.600,4437.800
2026-09-09 23:35,4438.200,4438.700,4437.000,4437.900
2026-09-09 23:40,4437.700,4438.100,4437.000,4437.900
2026-09-09 23:45,4438.200,4438.900,4437.000,4437.800
2026-09-09 23:50,4437.100,4438.600,4437.100,4437.800
2026-09-09 23:55,4437.800,4438.300,4436.700,4437.500
2026-09-10 00:00,4437.700,4437.900,4433.200,4435.700
2026-09-10 00:05,4435.700,4438.200,4433.800,4437.400
2026-09-10 00:10,4437.400,4440.900,4436.800,4438.600
2026-09-10 00:15,4438.500,4442.300,4438.400,4439.900
2026-09-10 00:20,4440.800,4441.600,4439.100,4440.000
2026-09-10 00:25,4439.500,4440.900,4436.000,4436.600
2026-09-10 00:30,4436.300,4438.500,4434.900,4438.200
2026-09-10 00:35,4438.600,4442.200,4438.400,4442.000
2026-09-10 00:40,4442.100,4445.000,4439.900,4444.600
2026-09-10 00:45,4444.000,4444.600,4441.300,4443.400
2026-09-10 00:50,4443.600,4448.400,4441.500,4446.200
2026-09-10 00:55,4446.200,4447.000,4443.900,4444.500
2026-09-10 01:00,4444.300,4456.600,4443.500,4453.200
2026-09-10 01:05,4453.100,4462.200,4450.700,4461.100
2026-09-10 01:10,4461.500,4462.500,4455.000,4456.200
2026-09-10 01:15,4456.000,4459.800,4455.000,4458.600
2026-09-10 01:20,4458.400,4458.600,4453.500,4455.700
2026-09-10 01:25,4455.700,4459.800,4453.500,4453.500
2026-09-10 01:30,4453.700,4454.100,4448.500,4451.000
2026-09-10 01:35,4451.100,4453.800,4449.700,4450.200
2026-09-10 01:40,4451.300,4453.800,4450.900,4453.100
2026-09-10 01:45,4453.000,4457.700,4452.800,4456.400
2026-09-10 01:50,4456.200,4457.300,4451.600,4452.200
2026-09-10 01:55,4452.200,4456.400,4451.100,4455.200
2026-09-10 02:00,4455.200,4461.300,4454.900,4458.200
2026-09-10 02:05,4458.300,4462.200,4457.500,4459.900
2026-09-10 02:10,4460.300,4460.800,4455.400,4457.700
2026-09-10 02:15,4457.400,4457.900,4451.300,4452.700
2026-09-10 02:20,4452.800,4456.800,4452.000,4455.800
2026-09-10 02:25,4456.200,4460.900,4455.500,4460.300
2026-09-10 02:30,4460.500,4461.100,4454.300,4459.500
2026-09-10 02:35,4459.000,4463.800,4457.600,4461.700
2026-09-10 02:40,4461.900,4464.400,4460.500,4461.400
2026-09-10 02:45,4461.300,4462.700,4460.000,4461.000
2026-09-10 02:50,4461.300,4464.200,4459.600,4464.200
2026-09-10 02:55,4463.900,4463.900,4460.600,4462.700
2026-09-10 03:00,4462.700,4464.500,4458.900,4460.600
2026-09-10 03:05,4460.600,4460.600,4454.800,4456.600
2026-09-10 03:10,4456.700,4459.900,4455.800,4455.800
2026-09-10 03:15,4456.100,4458.100,4455.400,4457.900
2026-09-10 03:20,4458.000,4458.100,4454.700,4455.500
2026-09-10 03:25,4455.600,4455.600,4452.500,4453.300
2026-09-10 03:30,4453.100,4455.700,4452.700,4454.500
2026-09-10 03:35,4454.100,4454.100,4451.100,4451.800
2026-09-10 03:40,4451.500,4451.600,4450.100,4450.800
2026-09-10 03:45,4451.000,4453.200,4451.000,4452.300
2026-09-10 03:50,4451.900,4451.900,4449.900,4451.200
2026-09-10 03:55,4451.300,4452.500,4450.900,4451.900
2026-09-10 04:00,4452.400,4455.900,4452.100,4455.800
2026-09-10 04:05,4455.800,4457.200,4454.900,4455.900
2026-09-10 04:10,4456.100,4458.400,4455.800,4456.900
2026-09-10 04:15,4456.900,4458.200,4456.900,4457.200
2026-09-10 04:20,4457.800,4458.400,4456.300,4456.600
2026-09-10 04:25,4456.500,4457.900,4453.900,4454.600
2026-09-10 04:30,4455.300,4456.700,4453.700,4454.100
2026-09-10 04:35,4454.000,4454.600,4450.700,4451.200
2026-09-10 04:40,4451.000,4451.800,4448.400,4449.200
2026-09-10 04:45,4449.600,4452.300,4449.000,4452.300
2026-09-10 04:50,4452.500,4454.600,4450.000,4450.100
2026-09-10 04:55,4449.900,4451.600,4449.600,4451.400
2026-09-10 05:00,4451.200,4454.700,4451.100,4452.100
2026-09-10 05:05,4451.800,4457.700,4451.500,4457.400
2026-09-10 05:10,4457.800,4461.600,4457.600,4461.600
2026-09-10 05:15,4461.800,4463.100,4459.700,4461.600
2026-09-10 05:20,4461.500,4463.100,4460.800,4461.900
2026-09-10 05:25,4462.000,4463.800,4460.100,4463.600
2026-09-10 05:30,4463.900,4470.700,4460.500,4469.000
2026-09-10 05:35,4469.100,4470.900,4465.000,4466.300
2026-09-10 05:40,4466.400,4472.900,4466.200,4471.400
2026-09-10 05:45,4471.700,4473.900,4469.600,4469.600
2026-09-10 05:50,4469.600,4472.000,4467.400,4471.200
2026-09-10 05:55,4470.600,4475.100,4469.100,4475.000
2026-09-10 06:00,4475.100,4479.900,4470.700,4470.900
2026-09-10 06:05,4470.900,4471.600,4466.200,4466.300
2026-09-10 06:10,4466.100,4467.000,4459.800,4459.900
2026-09-10 06:15,4460.100,4460.100,4456.500,4458.200
2026-09-10 06:20,4458.300,4459.900,4454.400,4459.700
2026-09-10 06:25,4459.600,4460.900,4456.800,4460.800
2026-09-10 06:30,4460.700,4462.200,4457.700,4458.200
2026-09-10 06:35,4457.900,4461.700,4456.200,4461.700
2026-09-10 06:40,4461.900,4470.600,4461.900,4470.000
2026-09-10 06:45,4470.500,4472.300,4467.600,4468.100
2026-09-10 06:50,4468.000,4472.500,4467.400,4468.500
2026-09-10 06:55,4468.700,4469.300,4467.300,4469.300
2026-09-10 07:00,4469.000,4469.500,4458.700,4458.900
2026-09-10 07:05,4458.900,4460.300,4457.800,4459.000
2026-09-10 07:10,4458.700,4461.300,4456.900,4457.200
2026-09-10 07:15,4456.900,4458.800,4455.400,4456.100
2026-09-10 07:20,4456.200,4456.900,4454.000,4455.400
2026-09-10 07:25,4455.400,4455.600,4451.700,4451.800
2026-09-10 07:30,4452.100,4454.400,4447.600,4447.800
2026-09-10 07:35,4448.300,4451.100,4447.500,4449.600
2026-09-10 07:40,4449.200,4453.200,4448.400,4453.000
2026-09-10 07:45,4453.000,4456.300,4452.400,4454.800
2026-09-10 07:50,4454.600,4458.700,4454.600,4457.600
2026-09-10 07:55,4457.800,4458.100,4454.200,4454.900
2026-09-10 08:00,4454.700,4455.700,4450.500,4450.600
2026-09-10 08:05,4450.900,4452.200,4450.000,4452.100
2026-09-10 08:10,4452.000,4453.000,4447.600,4448.700
2026-09-10 08:15,4448.900,4450.200,4447.900,4449.500
2026-09-10 08:20,4449.000,4450.800,4448.700,4449.500
2026-09-10 08:25,4449.400,4449.500,4447.000,4449.100
2026-09-10 08:30,4448.700,4449.200,4442.600,4443.000
2026-09-10 08:35,4443.000,4444.400,4441.600,4443.100
2026-09-10 08:40,4442.600,4443.400,4437.600,4438.700
2026-09-10 08:45,4438.700,4439.400,4435.000,4435.700
2026-09-10 08:50,4436.000,4441.200,4435.600,4439.500
2026-09-10 08:55,4439.000,4439.000,4436.200,4437.800
2026-09-10 09:00,4437.800,4439.400,4436.000,4438.400
2026-09-10 09:05,4438.600,4439.500,4432.300,4434.300
2026-09-10 09:10,4434.500,4437.900,4434.400,4437.500
2026-09-10 09:15,4437.900,4439.500,4436.200,4438.300
2026-09-10 09:20,4438.200,4438.700,4434.700,4435.200
2026-09-10 09:25,4435.300,4438.100,4434.300,4435.500
2026-09-10 09:30,4435.200,4435.800,4432.000,4434.700
2026-09-10 09:35,4434.500,4435.700,4433.400,4433.500
2026-09-10 09:40,4433.400,4435.600,4431.000,4435.600
2026-09-10 09:45,4435.600,4438.600,4435.300,4437.700
2026-09-10 09:50,4436.800,4438.500,4436.700,4437.600
2026-09-10 09:55,4437.500,4437.600,4436.000,4437.000
2026-09-10 10:00,4436.900,4442.400,4434.500,4440.900
2026-09-10 10:05,4440.900,4442.800,4434.200,4435.700
2026-09-10 10:10,4435.300,4440.000,4432.200,4437.900
2026-09-10 10:15,4437.500,4442.800,4436.800,4441.100
2026-09-10 10:20,4441.200,4441.800,4438.700,4438.800
2026-09-10 10:25,4438.400,4440.000,4436.200,4436.700
2026-09-10 10:30,4437.000,4437.500,4426.100,4427.600
2026-09-10 10:35,4427.200,4428.300,4420.200,4428.000
2026-09-10 10:40,4427.900,4429.100,4425.700,4426.400
2026-09-10 10:45,4426.100,4428.300,4422.600,4425.200
2026-09-10 10:50,4425.300,4426.000,4417.000,4419.500
2026-09-10 10:55,4419.500,4430.300,4419.100,4421.400
2026-09-10 11:00,4421.100,4426.900,4421.000,4426.200
2026-09-10 11:05,4426.000,4426.700,4421.200,4421.900
2026-09-10 11:10,4421.600,4426.000,4417.400,4425.600
2026-09-10 11:15,4425.700,4428.100,4423.100,4425.100
2026-09-10 11:20,4425.400,4425.900,4421.900,4424.900
2026-09-10 11:25,4425.200,4431.200,4425.200,4428.000
2026-09-10 11:30,4427.900,4430.900,4426.800,4429.000
2026-09-10 11:35,4428.800,4431.900,4428.700,4431.800
2026-09-10 11:40,4431.700,4433.100,4426.600,4426.900
2026-09-10 11:45,4427.000,4427.600,4422.500,4423.800
2026-09-10 11:50,4424.200,4425.000,4418.000,4422.900
2026-09-10 11:55,4422.700,4422.700,4415.100,4416.700
2026-09-10 12:00,4416.800,4419.200,4412.600,4415.000
2026-09-10 12:05,4414.500,4418.700,4411.700,4414.300
2026-09-10 12:10,4414.100,4419.900,4413.700,4417.400
2026-09-10 12:15,4417.100,4419.200,4408.600,4414.100
2026-09-10 12:20,4414.000,4415.600,4407.000,4409.500
2026-09-10 12:25,4409.000,4410.000,4403.600,4406.300
2026-09-10 12:30,4406.900,4415.400,4380.400,4384.000
2026-09-10 12:35,4384.000,4385.000,4365.400,4368.400
2026-09-10 12:40,4368.600,4385.000,4365.500,4382.500
2026-09-10 12:45,4382.300,4391.400,4379.800,4391.300
2026-09-10 12:50,4391.000,4396.800,4384.200,4385.100
2026-09-10 12:55,4384.700,4385.900,4378.000,4381.800
2026-09-10 13:00,4382.100,4397.400,4380.400,4392.900
2026-09-10 13:05,4393.100,4395.300,4388.400,4389.200
2026-09-10 13:10,4389.400,4393.200,4385.500,4385.700
2026-09-10 13:15,4385.500,4391.100,4383.000,4391.000
2026-09-10 13:20,4391.700,4398.000,4391.100,4392.000
2026-09-10 13:25,4391.600,4399.800,4386.700,4399.600
2026-09-10 13:30,4399.700,4410.100,4394.100,4405.300
2026-09-10 13:35,4405.000,4413.800,4401.400,4411.700
2026-09-10 13:40,4411.400,4416.000,4405.600,4407.000
2026-09-10 13:45,4407.100,4418.100,4405.800,4413.700
2026-09-10 13:50,4413.900,4416.800,4404.400,4409.200
2026-09-10 13:55,4409.300,4412.900,4406.800,4408.500
2026-09-10 14:00,4408.300,4417.800,4408.300,4412.600
2026-09-10 14:05,4412.600,4414.500,4403.700,4407.000
2026-09-10 14:10,4406.400,4409.900,4401.700,4401.800
2026-09-10 14:15,4401.700,4405.800,4396.500,4405.000
2026-09-10 14:20,4404.800,4416.800,4401.800,4413.900
2026-09-10 14:25,4413.700,4419.100,4405.200,4405.900
2026-09-10 14:30,4406.000,4408.200,4402.900,4407.100
2026-09-10 14:35,4407.000,4412.800,4405.200,4405.400
2026-09-10 14:40,4405.800,4412.500,4398.600,4398.800
2026-09-10 14:45,4398.600,4401.600,4396.400,4400.100
2026-09-10 14:50,4400.100,4404.100,4397.300,4397.600
2026-09-10 14:55,4397.500,4402.100,4396.400,4400.100
2026-09-10 15:00,4400.400,4400.700,4394.600,4395.700
2026-09-10 15:05,4395.500,4400.900,4395.300,4397.700
2026-09-10 15:10,4397.600,4403.600,4397.600,4402.300
2026-09-10 15:15,4401.500,4407.000,4400.500,4405.100
2026-09-10 15:20,4405.600,4409.200,4403.200,4408.100
2026-09-10 15:25,4408.100,4409.700,4405.000,4407.300
2026-09-10 15:30,4407.400,4411.600,4404.300,4411.300
2026-09-10 15:35,4411.600,4414.100,4408.700,4410.400
2026-09-10 15:40,4410.300,4410.700,4405.900,4407.800
2026-09-10 15:45,4408.100,4409.000,4402.700,4409.000
2026-09-10 15:50,4409.100,4412.300,4407.500,4407.800
2026-09-10 15:55,4407.800,4409.600,4405.900,4407.800
2026-09-10 16:00,4408.100,4412.000,4407.000,4409.600
2026-09-10 16:05,4409.000,4410.800,4401.500,4401.900
2026-09-10 16:10,4401.900,4403.000,4395.500,4400.800
2026-09-10 16:15,4400.600,4403.100,4397.100,4401.100
2026-09-10 16:20,4401.700,4404.800,4400.800,4403.400
2026-09-10 16:25,4403.300,4405.700,4401.800,4405.100
2026-09-10 16:30,4404.500,4407.500,4399.300,4399.600
2026-09-10 16:35,4399.500,4403.400,4397.900,4402.300
2026-09-10 16:40,4402.400,4403.800,4398.300,4398.400
2026-09-10 16:45,4398.600,4405.300,4398.500,4402.200
2026-09-10 16:50,4402.400,4406.000,4402.400,4403.900
2026-09-10 16:55,4403.600,4406.400,4401.600,4406.400
2026-09-10 17:00,4406.200,4410.500,4401.600,4405.600
2026-09-10 17:05,4405.800,4406.800,4402.500,4403.600
2026-09-10 17:10,4404.300,4408.400,4403.400,4404.600
2026-09-10 17:15,4404.500,4406.800,4403.200,4406.100
2026-09-10 17:20,4406.200,4407.600,4404.600,4404.700
2026-09-10 17:25,4404.800,4409.000,4404.700,4408.000
2026-09-10 17:30,4407.900,4408.400,4404.200,4404.400
2026-09-10 17:35,4404.400,4405.900,4399.900,4400.500
2026-09-10 17:40,4400.200,4401.300,4397.100,4401.200
2026-09-10 17:45,4401.100,4401.900,4398.400,4399.400
2026-09-10 17:50,4399.500,4401.900,4398.900,4401.200
2026-09-10 17:55,4401.400,4401.400,4392.700,4394.200
2026-09-10 18:00,4394.400,4397.800,4390.300,4392.500
2026-09-10 18:05,4392.400,4392.600,4383.400,4384.800
2026-09-10 18:10,4384.600,4385.500,4382.000,4382.400
2026-09-10 18:15,4382.300,4386.500,4379.500,4383.900
2026-09-10 18:20,4383.900,4387.900,4383.500,4385.300
2026-09-10 18:25,4385.400,4386.700,4378.800,4380.700
2026-09-10 18:30,4380.600,4380.600,4373.600,4376.900
2026-09-10 18:35,4376.900,4377.600,4374.200,4375.800
2026-09-10 18:40,4375.400,4377.100,4373.300,4375.400
2026-09-10 18:45,4375.200,4375.900,4371.600,4373.500
2026-09-10 18:50,4373.000,4380.100,4371.300,4372.900
2026-09-10 18:55,4372.900,4378.400,4372.000,4374.400
2026-09-10 19:00,4374.000,4374.000,4354.700,4357.900
2026-09-10 19:05,4357.700,4366.000,4357.600,4365.500
2026-09-10 19:10,4365.400,4365.900,4360.800,4363.700
2026-09-10 19:15,4363.900,4364.900,4360.500,4362.100
2026-09-10 19:20,4362.200,4371.000,4362.100,4370.500
2026-09-10 19:25,4370.400,4372.100,4367.800,4368.800
2026-09-10 19:30,4368.700,4371.000,4366.200,4368.500
2026-09-10 19:35,4368.300,4369.300,4365.400,4368.000
2026-09-10 19:40,4368.100,4369.000,4364.500,4365.300
2026-09-10 19:45,4365.600,4367.100,4362.100,4364.200
2026-09-10 19:50,4364.100,4366.000,4361.300,4365.100
2026-09-10 19:55,4364.900,4365.900,4363.600,4365.700
2026-09-10 20:00,4365.500,4365.700,4361.100,4362.500
2026-09-10 20:05,4362.500,4365.100,4361.800,4364.400
2026-09-10 20:10,4364.500,4365.500,4363.400,4364.300
2026-09-10 20:15,4364.100,4364.200,4363.000,4363.000
2026-09-10 20:20,4362.800,4362.800,4357.600,4358.000
2026-09-10 20:25,4358.300,4360.600,4358.100,4359.800
2026-09-10 20:30,4359.700,4359.800,4357.800,4358.000
2026-09-10 20:35,4358.100,4359.400,4357.100,4358.200
2026-09-10 20:40,4358.200,4359.400,4357.300,4359.200
2026-09-10 20:45,4359.500,4360.200,4356.600,4356.700
2026-09-10 20:50,4356.900,4359.300,4355.900,4358.400
2026-09-10 20:55,4358.800,4360.600,4357.800,4358.500
2026-09-10 22:00,4359.400,4365.800,4357.900,4363.200
2026-09-10 22:05,4363.000,4363.900,4361.300,4363.200
2026-09-10 22:10,4363.200,4363.600,4361.400,4361.700
2026-09-10 22:15,4362.000,4362.500,4360.100,4360.200
2026-09-10 22:20,4360.200,4361.900,4359.400,4360.300
2026-09-10 22:25,4359.800,4360.800,4359.300,4360.200
2026-09-10 22:30,4360.400,4360.800,4355.900,4359.000
2026-09-10 22:35,4358.500,4358.900,4356.600,4356.600
2026-09-10 22:40,4356.200,4358.300,4354.000,4356.600
2026-09-10 22:45,4356.500,4358.900,4355.700,4358.400
2026-09-10 22:50,4358.700,4359.700,4357.800,4358.500
2026-09-10 22:55,4358.200,4359.200,4357.900,4358.800
2026-09-10 23:00,4358.700,4360.400,4357.500,4359.600
2026-09-10 23:05,4359.300,4360.100,4358.600,4358.700
2026-09-10 23:10,4359.000,4360.600,4356.900,4360.100
2026-09-10 23:15,4359.800,4360.500,4359.700,4360.000
2026-09-10 23:20,4360.300,4361.000,4358.100,4358.700
2026-09-10 23:25,4358.700,4359.300,4358.000,4358.700
2026-09-10 23:30,4358.500,4360.900,4357.900,4359.100
2026-09-10 23:35,4358.700,4358.800,4354.900,4356.200
2026-09-10 23:40,4356.100,4358.600,4355.100,4356.400
2026-09-10 23:45,4356.600,4358.400,4354.400,4355.500
2026-09-10 23:50,4355.700,4356.700,4352.200,4352.800
2026-09-10 23:55,4353.000,4356.800,4351.300,4354.500
2026-09-11 00:00,4355.500,4361.800,4353.200,4360.000
2026-09-11 00:05,4360.200,4364.400,4358.100,4359.100
2026-09-11 00:10,4358.900,4359.900,4355.300,4359.600
2026-09-11 00:15,4360.000,4361.800,4357.300,4360.300
2026-09-11 00:20,4360.800,4362.500,4358.900,4359.600
2026-09-11 00:25,4359.300,4364.800,4357.800,4364.200
2026-09-11 00:30,4364.200,4365.600,4359.700,4361.800
2026-09-11 00:35,4361.700,4366.300,4361.000,4365.900
2026-09-11 00:40,4365.400,4367.900,4361.300,4367.600
2026-09-11 00:45,4367.500,4374.100,4367.000,4373.200
2026-09-11 00:50,4372.800,4373.900,4371.500,4372.300
2026-09-11 00:55,4372.200,4373.900,4370.100,4372.200
2026-09-11 01:00,4372.300,4380.700,4368.200,4379.900
2026-09-11 01:05,4380.200,4380.300,4373.400,4377.800
2026-09-11 01:10,4378.500,4379.400,4373.000,4373.400
2026-09-11 01:15,4373.100,4377.300,4371.300,4372.100
2026-09-11 01:20,4372.100,4372.400,4361.000,4361.700
2026-09-11 01:25,4361.800,4370.800,4361.400,4368.800
2026-09-11 01:30,4368.300,4373.400,4368.300,4372.600
2026-09-11 01:35,4373.000,4375.100,4369.500,4369.500
2026-09-11 01:40,4369.800,4369.900,4362.600,4366.900
2026-09-11 01:45,4367.100,4369.200,4364.000,4369.100
2026-09-11 01:50,4368.800,4370.100,4364.200,4365.200
2026-09-11 01:55,4365.200,4369.500,4363.900,4369.100
2026-09-11 02:00,4369.500,4372.800,4369.400,4372.300
2026-09-11 02:05,4372.600,4373.600,4367.800,4369.800
2026-09-11 02:10,4369.300,4372.000,4368.900,4370.700
2026-09-11 02:15,4371.000,4374.500,4369.800,4373.600
2026-09-11 02:20,4373.600,4373.900,4367.400,4367.900
2026-09-11 02:25,4367.800,4367.800,4363.700,4365.300
2026-09-11 02:30,4365.000,4366.400,4357.200,4359.700
2026-09-11 02:35,4359.000,4362.900,4356.800,4361.800
2026-09-11 02:40,4362.200,4365.400,4358.800,4359.200
2026-09-11 02:45,4359.000,4365.300,4356.200,4364.000
2026-09-11 02:50,4363.900,4367.200,4362.700,4363.300
2026-09-11 02:55,4362.700,4364.200,4361.300,4363.200
2026-09-11 03:00,4362.700,4366.800,4362.400,4362.500
2026-09-11 03:05,4362.100,4363.600,4355.200,4358.300
2026-09-11 03:10,4358.200,4360.300,4354.500,4360.100
2026-09-11 03:15,4359.700,4362.000,4354.700,4355.000
2026-09-11 03:20,4355.100,4356.300,4344.400,4347.600
2026-09-11 03:25,4347.400,4351.200,4345.200,4350.100
2026-09-11 03:30,4350.100,4351.800,4346.700,4349.100
2026-09-11 03:35,4349.300,4351.300,4347.100,4349.500
2026-09-11 03:40,4349.300,4353.200,4347.500,4348.800
2026-09-11 03:45,4348.800,4349.000,4342.700,4343.500
2026-09-11 03:50,4343.800,4344.900,4341.400,4344.500
2026-09-11 03:55,4344.700,4347.700,4344.000,4345.000
2026-09-11 04:00,4344.200,4349.700,4342.400,4349.300
2026-09-11 04:05,4349.500,4359.000,4349.200,4358.700
2026-09-11 04:10,4358.700,4365.600,4358.600,4362.000
2026-09-11 04:15,4362.100,4362.500,4360.000,4361.400
2026-09-11 04:20,4361.400,4367.700,4361.300,4367.600
2026-09-11 04:25,4367.800,4369.800,4366.300,4369.100
2026-09-11 04:30,4369.200,4370.900,4367.000,4367.200
2026-09-11 04:35,4366.900,4369.000,4366.000,4368.500
2026-09-11 04:40,4368.300,4373.100,4367.700,4370.600
2026-09-11 04:45,4370.800,4373.000,4369.400,4370.900
2026-09-11 04:50,4371.000,4375.600,4370.900,4375.200
2026-09-11 04:55,4375.200,4375.600,4371.900,4372.100
2026-09-11 05:00,4372.400,4372.500,4368.900,4370.100
2026-09-11 05:05,4369.800,4375.900,4369.500,4375.400
2026-09-11 05:10,4375.400,4378.700,4373.000,4378.700
2026-09-11 05:15,4378.600,4379.900,4375.500,4378.800
2026-09-11 05:20,4378.800,4379.900,4375.900,4377.400
2026-09-11 05:25,4376.900,4377.000,4373.900,4375.500
2026-09-11 05:30,4375.700,4381.500,4374.100,4378.800
2026-09-11 05:35,4378.600,4380.600,4376.700,4379.300
2026-09-11 05:40,4378.900,4383.500,4374.700,4383.200
2026-09-11 05:45,4383.000,4387.400,4380.100,4385.500
2026-09-11 05:50,4385.000,4388.300,4383.400,4388.100
2026-09-11 05:55,4388.300,4392.500,4386.100,4386.600
2026-09-11 06:00,4386.800,4397.000,4386.300,4394.400
2026-09-11 06:05,4394.500,4400.000,4392.500,4396.400
2026-09-11 06:10,4396.700,4402.000,4395.100,4399.900
2026-09-11 06:15,4399.700,4401.200,4397.200,4399.600
2026-09-11 06:20,4399.800,4399.800,4393.500,4393.500
2026-09-11 06:25,4393.700,4394.700,4392.000,4392.900
2026-09-11 06:30,4392.300,4393.500,4387.900,4388.000
2026-09-11 06:35,4388.000,4393.800,4388.000,4393.000
2026-09-11 06:40,4393.300,4394.900,4390.200,4391.700
2026-09-11 06:45,4391.800,4396.100,4390.600,4393.000
2026-09-11 06:50,4392.000,4393.900,4390.500,4393.900
2026-09-11 06:55,4394.400,4394.900,4391.900,4394.800
2026-09-11 07:00,4394.200,4397.300,4393.100,4396.000
2026-09-11 07:05,4396.100,4397.200,4390.900,4391.700
2026-09-11 07:10,4392.000,4396.500,4391.600,4392.800
2026-09-11 07:15,4393.300,4393.500,4391.300,4391.900
2026-09-11 07:20,4392.000,4393.300,4388.800,4390.900
2026-09-11 07:25,4391.100,4391.100,4387.300,4387.300
2026-09-11 07:30,4387.500,4388.700,4385.500,4386.300
2026-09-11 07:35,4386.700,4387.500,4384.400,4385.000
2026-09-11 07:40,4385.100,4387.700,4384.500,4386.400
2026-09-11 07:45,4386.100,4386.300,4383.300,4383.700
2026-09-11 07:50,4383.400,4384.600,4381.700,4383.700
2026-09-11 07:55,4384.200,4386.300,4384.100,4386.100
2026-09-11 08:00,4386.300,4388.400,4383.900,4385.900
2026-09-11 08:05,4385.900,4390.300,4385.000,4386.400
2026-09-11 08:10,4386.700,4390.700,4383.000,4388.400
2026-09-11 08:15,4388.500,4391.800,4387.400,4388.300
2026-09-11 08:20,4388.300,4399.300,4384.700,4393.500
2026-09-11 08:25,4393.300,4396.000,4390.500,4393.200
2026-09-11 08:30,4393.000,4397.300,4392.300,4393.800
2026-09-11 08:35,4394.200,4397.500,4392.600,4395.400
2026-09-11 08:40,4395.800,4398.200,4393.600,4394.400
2026-09-11 08:45,4394.300,4397.700,4393.600,4394.600
2026-09-11 08:50,4394.300,4394.700,4391.000,4393.100
2026-09-11 08:55,4392.000,4392.000,4387.400,4388.700
2026-09-11 09:00,4388.900,4395.400,4388.900,4390.400
2026-09-11 09:05,4390.000,4390.500,4386.200,4386.600
2026-09-11 09:10,4386.700,4387.600,4384.100,4384.600
2026-09-11 09:15,4384.300,4387.000,4383.200,4387.000
2026-09-11 09:20,4386.800,4388.000,4385.300,4386.100
2026-09-11 09:25,4386.200,4387.600,4385.100,4385.600
2026-09-11 09:30,4386.000,4386.700,4383.100,4384.100
2026-09-11 09:35,4384.200,4386.200,4383.800,4383.900
2026-09-11 09:40,4384.200,4385.500,4382.500,4385.300
2026-09-11 09:45,4385.200,4385.800,4384.400,4385.400
2026-09-11 09:50,4385.300,4386.600,4384.700,4385.900
2026-09-11 09:55,4385.900,4389.800,4385.200,4388.200
2026-09-11 10:00,4388.300,4391.200,4382.700,4391.200
2026-09-11 10:05,4391.100,4391.900,4386.900,4387.400
2026-09-11 10:10,4387.800,4389.900,4385.300,4388.100
2026-09-11 10:15,4388.300,4392.000,4387.900,4391.500
2026-09-11 10:20,4391.300,4391.800,4387.800,4390.400
2026-09-11 10:25,4390.400,4391.900,4389.200,4391.500
2026-09-11 10:30,4391.500,4391.900,4389.300,4391.100
2026-09-11 10:35,4390.900,4391.300,4386.300,4388.700
2026-09-11 10:40,4388.600,4388.800,4385.800,4386.900
2026-09-11 10:45,4387.400,4387.400,4383.500,4383.500
2026-09-11 10:50,4383.800,4384.400,4381.700,4382.700
2026-09-11 10:55,4382.500,4383.000,4378.500,4379.400
2026-09-11 11:00,4379.300,4384.600,4379.200,4381.400
2026-09-11 11:05,4382.100,4382.100,4378.800,4379.200
2026-09-11 11:10,4379.000,4380.400,4376.500,4380.000
2026-09-11 11:15,4379.800,4381.100,4378.000,4380.300
2026-09-11 11:20,4380.500,4381.800,4379.000,4380.300
2026-09-11 11:25,4380.900,4383.900,4378.100,4378.200
2026-09-11 11:30,4378.600,4379.300,4373.600,4373.600
2026-09-11 11:35,4373.900,4376.100,4372.200,4374.600
2026-09-11 11:40,4374.700,4376.600,4372.100,4376.500
2026-09-11 11:45,4376.600,4378.300,4374.900,4377.600
2026-09-11 11:50,4376.700,4377.500,4373.500,4373.500
2026-09-11 11:55,4372.900,4375.600,4372.700,4375.000
2026-09-11 12:00,4375.300,4376.600,4370.500,4371.300
2026-09-11 12:05,4371.100,4372.000,4368.100,4369.100
2026-09-11 12:10,4369.600,4374.300,4366.100,4369.700
2026-09-11 12:15,4369.600,4375.900,4368.900,4373.100
2026-09-11 12:20,4373.000,4375.700,4371.100,4371.100
2026-09-11 12:25,4371.700,4385.500,4370.200,4382.100
2026-09-11 12:30,4383.400,4399.600,4333.000,4370.500
2026-09-11 12:35,4370.600,4393.200,4367.200,4391.500
2026-09-11 12:40,4391.200,4404.300,4390.500,4395.400
2026-09-11 12:45,4395.600,4409.500,4394.100,4403.500
2026-09-11 12:50,4403.000,4424.700,4401.600,4419.800
2026-09-11 12:55,4419.900,4432.600,4418.700,4430.300
2026-09-11 13:00,4430.500,4436.000,4426.700,4432.100
2026-09-11 13:05,4432.300,4436.400,4423.500,4424.800
2026-09-11 13:10,4424.500,4433.500,4422.600,4431.200
2026-09-11 13:15,4431.300,4432.200,4422.800,4428.000
2026-09-11 13:20,4428.700,4431.300,4421.900,4424.700
2026-09-11 13:25,4424.500,4440.400,4424.000,4431.600
2026-09-11 13:30,4432.300,4437.500,4423.300,4437.100
2026-09-11 13:35,4437.600,4442.400,4425.800,4432.300
2026-09-11 13:40,4432.200,4442.000,4429.100,4436.500
2026-09-11 13:45,4436.900,4442.800,4431.900,4434.600
2026-09-11 13:50,4434.800,4436.100,4429.100,4431.300
2026-09-11 13:55,4431.700,4444.900,4429.200,4443.900
2026-09-11 14:00,4443.700,4444.900,4423.800,4432.400
2026-09-11 14:05,4432.400,4434.300,4427.800,4429.600
2026-09-11 14:10,4429.700,4430.400,4424.200,4425.200
2026-09-11 14:15,4425.000,4427.300,4418.000,4424.800
2026-09-11 14:20,4425.000,4427.700,4419.900,4421.100
2026-09-11 14:25,4421.400,4421.400,4416.200,4417.000
2026-09-11 14:30,4417.200,4417.500,4412.700,4413.400
2026-09-11 14:35,4413.300,4414.900,4406.300,4409.600
2026-09-11 14:40,4410.000,4413.800,4409.600,4413.100
2026-09-11 14:45,4412.900,4426.100,4412.900,4421.300
2026-09-11 14:50,4421.100,4426.000,4419.000,4419.400
2026-09-11 14:55,4419.800,4420.300,4412.300,4412.500
2026-09-11 15:00,4412.500,4414.800,4408.300,4412.600
2026-09-11 15:05,4412.300,4412.700,4403.400,4405.000
2026-09-11 15:10,4404.600,4405.800,4401.000,4404.300
2026-09-11 15:15,4404.100,4408.100,4403.400,4404.200
2026-09-11 15:20,4404.500,4409.800,4404.100,4407.100
2026-09-11 15:25,4407.400,4414.000,4406.900,4412.000
2026-09-11 15:30,4411.800,4417.200,4410.600,4414.400
2026-09-11 15:35,4414.600,4418.700,4411.900,4415.200
2026-09-11 15:40,4415.300,4416.600,4411.700,4414.500
2026-09-11 15:45,4414.300,4415.000,4409.900,4414.700
2026-09-11 15:50,4414.700,4415.300,4408.100,4410.500
2026-09-11 15:55,4410.600,4411.100,4406.800,4408.600
2026-09-11 16:00,4408.600,4414.300,4408.400,4413.600
2026-09-11 16:05,4413.400,4414.400,4408.100,4408.600
2026-09-11 16:10,4409.100,4410.700,4402.700,4403.000
2026-09-11 16:15,4402.800,4405.800,4400.200,4401.000
2026-09-11 16:20,4400.800,4402.500,4393.300,4394.400
2026-09-11 16:25,4394.400,4404.300,4393.900,4396.200
2026-09-11 16:30,4396.500,4407.400,4394.700,4405.800
2026-09-11 16:35,4405.700,4406.000,4400.800,4401.200
2026-09-11 16:40,4401.200,4406.400,4400.700,4405.400
2026-09-11 16:45,4405.500,4406.900,4402.300,4402.300
2026-09-11 16:50,4402.500,4403.500,4402.100,4403.000
2026-09-11 16:55,4403.000,4405.200,4403.000,4403.800
2026-09-11 17:00,4403.700,4406.000,4402.900,4405.200
2026-09-11 17:05,4405.200,4411.400,4403.100,4405.900
2026-09-11 17:10,4406.000,4409.000,4404.300,4407.600
2026-09-11 17:15,4407.700,4411.000,4405.500,4409.800
2026-09-11 17:20,4409.900,4411.600,4408.000,4411.100
2026-09-11 17:25,4411.400,4412.300,4408.100,4409.100
2026-09-11 17:30,4409.100,4412.700,4407.400,4411.500
2026-09-11 17:35,4411.400,4411.800,4404.400,4404.700
2026-09-11 17:40,4404.700,4405.800,4402.100,4404.400
2026-09-11 17:45,4404.100,4404.600,4401.400,4404.000
2026-09-11 17:50,4403.900,4406.300,4403.200,4405.100
2026-09-11 17:55,4405.200,4405.500,4400.000,4400.600
2026-09-11 18:00,4400.500,4402.400,4399.500,4402.400
2026-09-11 18:05,4402.200,4402.400,4396.000,4396.200
2026-09-11 18:10,4396.100,4398.500,4387.100,4389.000
2026-09-11 18:15,4389.000,4394.200,4386.800,4391.800
2026-09-11 18:20,4391.800,4392.500,4385.800,4391.400
2026-09-11 18:25,4391.100,4395.300,4391.000,4392.900
2026-09-11 18:30,4392.900,4393.900,4388.000,4390.300
2026-09-11 18:35,4390.500,4392.300,4389.000,4389.300
2026-09-11 18:40,4389.100,4391.400,4389.000,4389.200
2026-09-11 18:45,4389.100,4389.400,4386.300,4387.200
2026-09-11 18:50,4387.000,4388.600,4386.600,4387.300
2026-09-11 18:55,4387.100,4389.400,4386.700,4389.100
2026-09-11 19:00,4389.300,4390.400,4387.400,4389.600
2026-09-11 19:05,4389.900,4391.400,4386.300,4389.200
2026-09-11 19:10,4389.500,4394.100,4388.900,4394.100
2026-09-11 19:15,4393.800,4395.800,4391.200,4391.400
2026-09-11 19:20,4391.600,4393.800,4391.000,4393.800
2026-09-11 19:25,4393.800,4395.300,4389.600,4389.600
2026-09-11 19:30,4389.900,4390.600,4387.500,4389.500
2026-09-11 19:35,4389.500,4390.400,4388.200,4389.100
2026-09-11 19:40,4389.100,4390.500,4388.200,4388.900
2026-09-11 19:45,4388.500,4388.900,4385.400,4385.500
2026-09-11 19:50,4385.300,4388.300,4384.900,4387.600
2026-09-11 19:55,4387.400,4391.800,4387.400,4391.000
2026-09-11 20:00,4391.000,4393.800,4390.300,4391.400
2026-09-11 20:05,4390.900,4392.900,4390.900,4392.700
2026-09-11 20:10,4392.600,4392.900,4390.700,4391.100
2026-09-11 20:15,4390.800,4391.600,4388.600,4391.500
2026-09-11 20:20,4391.600,4392.700,4391.300,4391.700
2026-09-11 20:25,4391.600,4392.300,4390.600,4390.800
2026-09-11 20:30,4390.800,4391.200,4389.100,4390.000
2026-09-11 20:35,4389.800,4390.900,4389.400,4390.600
2026-09-11 20:40,4390.700,4390.700,4388.000,4388.700
2026-09-11 20:45,4388.800,4391.300,4388.400,4389.700
2026-09-11 20:50,4389.800,4390.600,4387.300,4390.600
2026-09-11 20:55,4390.100,4408.900,4389.700,4408.900
2026-09-11 20:59,4408.900,4408.900,4408.900,4408.900
