time,open,high,low,close
2023-11-20 00:00,149.956,149.986,149.774,149.811
2023-11-20 01:00,149.808,149.810,149.377,149.510
2023-11-20 02:00,149.513,149.567,148.894,149.015
2023-11-20 03:00,149.014,149.145,148.849,148.902
2023-11-20 04:00,148.901,148.976,148.687,148.953
2023-11-20 05:00,148.955,149.125,148.937,149.084
2023-11-20 06:00,149.082,149.207,149.028,149.147
2023-11-20 07:00,149.142,149.210,148.818,148.906
2023-11-20 08:00,148.898,148.970,148.646,148.686
2023-11-20 09:00,148.685,148.725,148.189,148.205
2023-11-20 10:00,148.204,148.449,148.194,148.324
2023-11-20 11:00,148.322,148.338,148.098,148.202
2023-11-20 12:00,148.205,148.449,148.186,148.311
2023-11-20 13:00,148.306,148.553,148.266,148.512
2023-11-20 14:00,148.507,148.689,148.376,148.420
2023-11-20 15:00,148.416,148.543,148.252,148.372
2023-11-20 16:00,148.370,148.423,148.250,148.263
2023-11-20 17:00,148.264,148.386,148.181,148.353
2023-11-20 18:00,148.352,148.381,148.136,148.372
2023-11-20 19:00,148.373,148.388,148.306,148.317
2023-11-20 20:00,148.312,148.358,148.289,148.329
2023-11-20 21:00,148.334,148.454,148.330,148.344
2023-11-20 22:00,148.350,148.362,148.262,148.316
2023-11-20 23:00,148.317,148.372,148.214,148.369
2023-11-21 00:00,148.383,148.417,148.050,148.076
2023-11-21 01:00,148.069,148.232,147.862,148.014
2023-11-21 02:00,148.016,148.091,147.640,147.721
2023-11-21 03:00,147.725,147.804,147.342,147.376
2023-11-21 04:00,147.379,147.490,147.242,147.436
2023-11-21 05:00,147.435,147.825,147.374,147.783
2023-11-21 06:00,147.783,147.833,147.604,147.676
2023-11-21 07:00,147.670,147.690,147.315,147.513
2023-11-21 08:00,147.515,147.569,147.152,147.447
2023-11-21 09:00,147.444,147.789,147.412,147.773
2023-11-21 10:00,147.770,147.800,147.496,147.576
2023-11-21 11:00,147.576,147.744,147.548,147.714
2023-11-21 12:00,147.715,147.722,147.539,147.575
2023-11-21 13:00,147.579,147.743,147.347,147.619
2023-11-21 14:00,147.620,147.679,147.450,147.537
2023-11-21 15:00,147.530,147.810,147.434,147.792
2023-11-21 16:00,147.789,147.939,147.730,147.881
2023-11-21 17:00,147.880,147.988,147.865,147.956
2023-11-21 18:00,147.955,148.394,147.953,148.341
2023-11-21 19:00,148.342,148.594,148.235,148.315
2023-11-21 20:00,148.311,148.430,148.267,148.390
2023-11-21 21:00,148.392,148.418,148.330,148.379
2023-11-21 22:00,148.373,148.396,148.220,148.221
2023-11-21 23:00,148.239,148.275,148.013,148.157
2023-11-22 00:00,148.146,148.299,148.076,148.230
2023-11-22 01:00,148.230,148.355,148.047,148.298
2023-11-22 02:00,148.297,148.332,148.130,148.236
2023-11-22 03:00,148.235,148.281,148.092,148.210
2023-11-22 04:00,148.211,148.389,148.199,148.372
2023-11-22 05:00,148.373,148.803,148.367,148.753
2023-11-22 06:00,148.753,149.054,148.731,148.932
2023-11-22 07:00,148.932,148.974,148.810,148.959
2023-11-22 08:00,148.960,149.351,148.842,149.318
2023-11-22 09:00,149.318,149.323,148.947,149.105
2023-11-22 10:00,149.103,149.156,148.890,148.897
2023-11-22 11:00,148.895,148.914,148.697,148.767
2023-11-22 12:00,148.768,148.843,148.584,148.735
2023-11-22 13:00,148.736,149.237,148.602,149.233
2023-11-22 14:00,149.230,149.468,149.192,149.352
2023-11-22 15:00,149.352,149.748,149.341,149.681
2023-11-22 16:00,149.681,149.748,149.542,149.679
2023-11-22 17:00,149.677,149.706,149.544,149.610
2023-11-22 18:00,149.609,149.699,149.574,149.683
2023-11-22 19:00,149.680,149.680,149.561,149.578
2023-11-22 20:00,149.574,149.621,149.562,149.598
2023-11-22 21:00,149.597,149.616,149.498,149.533
2023-11-22 22:00,149.524,149.579,149.462,149.504
2023-11-22 23:00,149.508,149.532,149.452,149.459
2023-11-23 00:00,149.459,149.460,149.227,149.259
2023-11-23 01:00,149.256,149.320,149.158,149.174
2023-11-23 02:00,149.175,149.178,149.026,149.120
2023-11-23 03:00,149.124,149.252,149.085,149.124
2023-11-23 04:00,149.126,149.190,149.097,149.158
2023-11-23 05:00,149.160,149.199,148.949,148.988
2023-11-23 06:00,148.988,149.063,148.883,149.049
2023-11-23 07:00,149.048,149.185,148.992,149.143
2023-11-23 08:00,149.141,149.241,149.040,149.121
2023-11-23 09:00,149.123,149.339,149.110,149.232
2023-11-23 10:00,149.233,149.334,149.161,149.229
2023-11-23 11:00,149.232,149.265,149.164,149.242
2023-11-23 12:00,149.239,149.467,149.230,149.437
2023-11-23 13:00,149.438,149.573,149.428,149.471
2023-11-23 14:00,149.468,149.597,149.445,149.572
2023-11-23 15:00,149.575,149.691,149.480,149.497
2023-11-23 16:00,149.493,149.632,149.489,149.587
2023-11-23 17:00,149.583,149.642,149.545,149.621
2023-11-23 18:00,149.615,149.621,149.576,149.584
2023-11-23 19:00,149.587,149.590,149.537,149.563
2023-11-23 20:00,149.565,149.602,149.524,149.564
2023-11-23 21:00,149.564,149.575,149.522,149.561
2023-11-23 22:00,149.550,149.584,149.447,149.461
2023-11-23 23:00,149.481,149.640,149.467,149.632
2023-11-24 00:00,149.634,149.709,149.406,149.487
2023-11-24 01:00,149.487,149.642,149.455,149.516
2023-11-24 02:00,149.515,149.560,149.495,149.517
2023-11-24 03:00,149.516,149.593,149.492,149.504
2023-11-24 04:00,149.501,149.501,149.330,149.344
2023-11-24 05:00,149.342,149.346,149.192,149.253
2023-11-24 06:00,149.250,149.400,149.201,149.377
2023-11-24 07:00,149.370,149.482,149.327,149.422
2023-11-24 08:00,149.425,149.603,149.367,149.529
2023-11-24 09:00,149.532,149.661,149.459,149.632
2023-11-24 10:00,149.633,149.644,149.520,149.555
2023-11-24 11:00,149.556,149.600,149.539,149.567
2023-11-24 12:00,149.563,149.579,149.440,149.564
2023-11-24 13:00,149.560,149.670,149.547,149.588
2023-11-24 14:00,149.587,149.622,149.434,149.513
2023-11-24 15:00,149.514,149.559,149.457,149.496
2023-11-24 16:00,149.499,149.603,149.490,149.568
2023-11-24 17:00,149.570,149.627,149.507,149.523
2023-11-24 18:00,149.521,149.534,149.444,149.455
2023-11-24 19:00,149.453,149.484,149.445,149.478
2023-11-24 20:00,149.480,149.488,149.436,149.463
2023-11-24 21:00,149.466,149.494,149.380,149.403
2023-11-24 22:00,149.409,149.410,149.409,149.410
2023-11-27 00:00,149.576,149.676,149.462,149.497
2023-11-27 01:00,149.495,149.537,149.048,149.111
2023-11-27 02:00,149.111,149.288,149.080,149.136
2023-11-27 03:00,149.139,149.148,148.890,148.982
2023-11-27 04:00,148.980,149.073,148.884,149.000
2023-11-27 05:00,149.002,149.153,148.975,149.131
2023-11-27 06:00,149.130,149.135,148.920,149.000
2023-11-27 07:00,148.998,149.034,148.770,149.019
2023-11-27 08:00,149.021,149.129,148.968,149.087
2023-11-27 09:00,149.088,149.324,149.045,149.291
2023-11-27 10:00,149.289,149.328,148.982,148.991
2023-11-27 11:00,148.991,149.078,148.936,149.028
2023-11-27 12:00,149.024,149.047,148.776,148.837
2023-11-27 13:00,148.833,148.884,148.650,148.810
2023-11-27 14:00,148.811,148.937,148.655,148.884
2023-11-27 15:00,148.879,148.972,148.733,148.918
2023-11-27 16:00,148.918,149.078,148.865,148.887
2023-11-27 17:00,148.887,148.980,148.861,148.956
2023-11-27 18:00,148.956,148.974,148.772,148.792
2023-11-27 19:00,148.792,148.803,148.544,148.602
2023-11-27 20:00,148.606,148.653,148.550,148.622
2023-11-27 21:00,148.627,148.696,148.618,148.669
2023-11-27 22:00,148.621,148.679,148.550,148.638
2023-11-27 23:00,148.636,148.637,148.358,148.431
2023-11-28 00:00,148.414,148.416,148.072,148.141
2023-11-28 01:00,148.138,148.361,148.018,148.195
2023-11-28 02:00,148.201,148.294,147.965,148.070
2023-11-28 03:00,148.070,148.276,148.036,148.211
2023-11-28 04:00,148.211,148.245,148.122,148.184
2023-11-28 05:00,148.183,148.384,148.178,148.284
2023-11-28 06:00,148.280,148.367,148.150,148.356
2023-11-28 07:00,148.356,148.545,148.293,148.505
2023-11-28 08:00,148.509,148.830,148.467,148.689
2023-11-28 09:00,148.684,148.693,148.513,148.540
2023-11-28 10:00,148.536,148.700,148.518,148.604
2023-11-28 11:00,148.609,148.642,148.398,148.582
2023-11-28 12:00,148.583,148.620,148.348,148.510
2023-11-28 13:00,148.504,148.694,148.290,148.362
2023-11-28 14:00,148.361,148.499,148.156,148.272
2023-11-28 15:00,148.266,148.386,147.700,147.870
2023-11-28 16:00,147.872,147.913,147.391,147.427
2023-11-28 17:00,147.421,147.618,147.317,147.556
2023-11-28 18:00,147.551,147.714,147.500,147.578
2023-11-28 19:00,147.581,147.581,147.385,147.425
2023-11-28 20:00,147.421,147.545,147.414,147.479
2023-11-28 21:00,147.480,147.516,147.443,147.478
2023-11-28 22:00,147.475,147.533,147.364,147.420
2023-11-28 23:00,147.422,147.429,147.013,147.062
2023-11-29 00:00,147.063,147.243,146.775,146.795
2023-11-29 01:00,146.798,146.956,146.665,146.902
2023-11-29 02:00,146.894,147.087,146.794,147.032
2023-11-29 03:00,147.028,147.306,146.988,147.291
2023-11-29 04:00,147.285,147.302,147.067,147.088
2023-11-29 05:00,147.091,147.181,146.945,147.143
2023-11-29 06:00,147.138,147.263,147.017,147.164
2023-11-29 07:00,147.167,147.366,147.103,147.349
2023-11-29 08:00,147.345,147.475,147.215,147.272
2023-11-29 09:00,147.266,147.652,147.175,147.562
2023-11-29 10:00,147.566,147.818,147.446,147.770
2023-11-29 11:00,147.771,147.783,147.610,147.614
2023-11-29 12:00,147.621,147.755,147.540,147.611
2023-11-29 13:00,147.609,147.792,147.299,147.727
2023-11-29 14:00,147.725,147.905,147.368,147.402
2023-11-29 15:00,147.400,147.711,147.116,147.391
2023-11-29 16:00,147.388,147.473,147.262,147.389
2023-11-29 17:00,147.384,147.461,147.250,147.264
2023-11-29 18:00,147.258,147.330,147.124,147.181
2023-11-29 19:00,147.179,147.313,147.073,147.242
2023-11-29 20:00,147.242,147.364,147.228,147.313
2023-11-29 21:00,147.310,147.313,147.185,147.235
2023-11-29 22:00,147.228,147.236,147.032,147.071
2023-11-29 23:00,147.063,147.113,146.832,147.039
2023-11-30 00:00,147.051,147.189,146.880,146.976
2023-11-30 01:00,146.972,147.158,146.972,147.036
2023-11-30 02:00,147.031,147.178,146.926,147.010
2023-11-30 03:00,147.009,147.125,146.989,147.089
2023-11-30 04:00,147.091,147.152,146.998,147.045
2023-11-30 05:00,147.040,147.116,146.948,147.029
2023-11-30 06:00,147.029,147.091,146.860,146.954
2023-11-30 07:00,146.958,147.265,146.916,147.060
2023-11-30 08:00,147.062,147.203,146.951,147.164
2023-11-30 09:00,147.167,147.461,147.052,147.412
2023-11-30 10:00,147.416,147.637,147.407,147.569
2023-11-30 11:00,147.568,147.745,147.547,147.704
2023-11-30 12:00,147.707,147.777,147.493,147.572
2023-11-30 13:00,147.567,147.895,147.201,147.886
2023-11-30 14:00,147.882,148.520,147.878,148.364
2023-11-30 15:00,148.366,148.427,147.800,147.832
2023-11-30 16:00,147.830,147.957,147.713,147.869
2023-11-30 17:00,147.868,148.217,147.802,148.210
2023-11-30 18:00,148.205,148.268,148.038,148.221
2023-11-30 19:00,148.220,148.249,148.116,148.206
2023-11-30 20:00,148.212,148.301,148.187,148.236
2023-11-30 21:00,148.239,148.247,148.162,148.176
2023-11-30 22:00,148.168,148.193,148.133,148.156
2023-11-30 23:00,148.155,148.168,147.923,147.996
2023-12-01 00:00,147.994,148.021,147.730,147.760
2023-12-01 01:00,147.762,147.775,147.598,147.707
2023-12-01 02:00,147.709,147.992,147.660,147.989
2023-12-01 03:00,147.985,148.182,147.958,148.118
2023-12-01 04:00,148.121,148.155,147.994,148.079
2023-12-01 05:00,148.082,148.150,148.016,148.062
2023-12-01 06:00,148.062,148.253,148.010,148.195
2023-12-01 07:00,148.191,148.315,148.062,148.301
2023-12-01 08:00,148.298,148.301,147.796,147.860
2023-12-01 09:00,147.861,147.907,147.688,147.857
2023-12-01 10:00,147.856,148.053,147.794,147.979
2023-12-01 11:00,147.979,148.177,147.925,148.128
2023-12-01 12:00,148.132,148.347,148.010,148.271
2023-12-01 13:00,148.275,148.306,147.956,148.186
2023-12-01 14:00,148.184,148.254,148.026,148.067
2023-12-01 15:00,148.067,148.071,147.334,147.587
2023-12-01 16:00,147.584,147.847,146.848,147.000
2023-12-01 17:00,146.996,147.104,146.825,146.849
2023-12-01 18:00,146.852,146.887,146.657,146.753
2023-12-01 19:00,146.758,146.927,146.717,146.846
2023-12-01 20:00,146.847,146.900,146.784,146.872
2023-12-01 21:00,146.870,146.876,146.759,146.772
2023-12-01 22:00,146.761,146.761,146.761,146.761
2023-12-04 00:00,146.361,146.559,146.220,146.501
2023-12-04 01:00,146.500,146.748,146.455,146.643
2023-12-04 02:00,146.642,146.656,146.468,146.580
2023-12-04 03:00,146.576,146.734,146.500,146.734
2023-12-04 04:00,146.733,146.829,146.704,146.792
2023-12-04 05:00,146.792,146.892,146.728,146.806
2023-12-04 06:00,146.809,146.816,146.576,146.752
2023-12-04 07:00,146.749,146.977,146.599,146.968
2023-12-04 08:00,146.962,147.112,146.767,146.794
2023-12-04 09:00,146.790,146.796,146.567,146.614
2023-12-04 10:00,146.612,146.767,146.456,146.556
2023-12-04 11:00,146.560,146.676,146.480,146.540
2023-12-04 12:00,146.539,146.677,146.476,146.604
2023-12-04 13:00,146.609,146.764,146.538,146.655
2023-12-04 14:00,146.653,147.074,146.640,146.760
2023-12-04 15:00,146.758,147.163,146.466,147.100
2023-12-04 16:00,147.103,147.247,146.948,147.150
2023-12-04 17:00,147.150,147.258,147.082,147.251
2023-12-04 18:00,147.248,147.451,147.224,147.392
2023-12-04 19:00,147.391,147.432,147.284,147.292
2023-12-04 20:00,147.294,147.354,147.234,147.286
2023-12-04 21:00,147.288,147.293,147.171,147.204
2023-12-04 22:00,147.198,147.222,147.084,147.104
2023-12-04 23:00,147.106,147.344,147.095,147.333
2023-12-05 00:00,147.301,147.381,146.967,147.017
2023-12-05 01:00,147.021,147.273,146.971,147.159
2023-12-05 02:00,147.160,147.269,147.080,147.266
2023-12-05 03:00,147.262,147.277,147.110,147.166
2023-12-05 04:00,147.167,147.181,147.034,147.153
2023-12-05 05:00,147.149,147.157,147.014,147.026
2023-12-05 06:00,147.026,147.043,146.742,146.908
2023-12-05 07:00,146.912,146.978,146.758,146.835
2023-12-05 08:00,146.833,147.060,146.676,147.019
2023-12-05 09:00,147.018,147.148,147.002,147.056
2023-12-05 10:00,147.060,147.182,146.999,147.054
2023-12-05 11:00,147.060,147.119,146.922,147.018
2023-12-05 12:00,147.021,147.196,147.014,147.071
2023-12-05 13:00,147.069,147.104,146.771,146.794
2023-12-05 14:00,146.793,147.237,146.784,147.182
2023-12-05 15:00,147.161,147.276,146.557,147.103
2023-12-05 16:00,147.105,147.335,146.978,147.270
2023-12-05 17:00,147.275,147.287,147.076,147.129
2023-12-05 18:00,147.125,147.390,147.110,147.295
2023-12-05 19:00,147.296,147.346,147.234,147.255
2023-12-05 20:00,147.251,147.277,147.178,147.203
2023-12-05 21:00,147.203,147.221,147.136,147.145
2023-12-05 22:00,147.136,147.230,146.997,147.078
2023-12-05 23:00,147.079,147.191,147.075,147.179
2023-12-06 00:00,147.183,147.294,147.107,147.225
2023-12-06 01:00,147.220,147.296,147.084,147.260
2023-12-06 02:00,147.263,147.397,147.185,147.338
2023-12-06 03:00,147.342,147.360,147.225,147.269
2023-12-06 04:00,147.270,147.322,147.255,147.271
2023-12-06 05:00,147.272,147.291,147.136,147.171
2023-12-06 06:00,147.172,147.261,147.140,147.176
2023-12-06 07:00,147.178,147.178,146.928,146.964
2023-12-06 08:00,146.964,147.227,146.891,147.213
2023-12-06 09:00,147.208,147.371,147.085,147.319
2023-12-06 10:00,147.318,147.422,147.301,147.354
2023-12-06 11:00,147.358,147.499,147.352,147.395
2023-12-06 12:00,147.398,147.426,147.238,147.275
2023-12-06 13:00,147.279,147.281,146.997,147.077
2023-12-06 14:00,147.080,147.336,147.071,147.191
2023-12-06 15:00,147.185,147.369,147.070,147.219
2023-12-06 16:00,147.219,147.295,147.114,147.161
2023-12-06 17:00,147.160,147.219,147.094,147.217
2023-12-06 18:00,147.214,147.292,147.198,147.256
2023-12-06 19:00,147.261,147.380,147.230,147.345
2023-12-06 20:00,147.346,147.412,147.340,147.369
2023-12-06 21:00,147.368,147.377,147.281,147.308
2023-12-06 22:00,147.292,147.317,147.149,147.233
2023-12-06 23:00,147.223,147.327,147.139,147.141
2023-12-07 00:00,147.176,147.210,146.974,147.106
2023-12-07 01:00,147.090,147.123,146.800,146.904
2023-12-07 02:00,146.902,146.937,146.684,146.871
2023-12-07 03:00,146.854,146.984,146.772,146.858
2023-12-07 04:00,146.860,146.897,146.707,146.729
2023-12-07 05:00,146.728,146.815,146.508,146.540
2023-12-07 06:00,146.538,146.671,146.145,146.293
2023-12-07 07:00,146.290,146.292,145.516,145.712
2023-12-07 08:00,145.708,145.716,145.056,145.403
2023-12-07 09:00,145.401,145.422,144.812,144.859
2023-12-07 10:00,144.856,144.984,144.540,144.853
2023-12-07 11:00,144.851,145.241,144.781,145.022
2023-12-07 12:00,145.024,145.302,144.979,145.039
2023-12-07 13:00,145.039,145.258,144.718,144.841
2023-12-07 14:00,144.842,144.956,144.368,144.620
2023-12-07 15:00,144.626,144.760,143.936,144.032
2023-12-07 16:00,144.030,144.249,143.791,144.100
2023-12-07 17:00,144.099,144.316,141.615,143.267
2023-12-07 18:00,143.266,143.709,143.040,143.492
2023-12-07 19:00,143.492,143.593,143.324,143.458
2023-12-07 20:00,143.455,143.728,143.433,143.722
2023-12-07 21:00,143.722,144.177,143.712,144.098
2023-12-07 22:00,144.099,144.248,143.943,144.216
2023-12-07 23:00,144.229,144.319,143.794,144.284
2023-12-08 00:00,144.236,144.289,142.990,143.217
2023-12-08 01:00,143.217,143.631,142.492,143.378
2023-12-08 02:00,143.378,143.563,143.058,143.443
2023-12-08 03:00,143.442,144.176,143.439,143.776
2023-12-08 04:00,143.776,143.975,143.583,143.710
2023-12-08 05:00,143.715,144.059,143.613,143.929
2023-12-08 06:00,143.924,144.213,143.822,144.173
2023-12-08 07:00,144.176,144.395,143.947,144.091
2023-12-08 08:00,144.091,144.268,143.716,143.981
2023-12-08 09:00,143.982,144.410,143.958,144.286
2023-12-08 10:00,144.286,144.473,144.136,144.430
2023-12-08 11:00,144.432,144.668,144.414,144.442
2023-12-08 12:00,144.441,144.472,144.237,144.374
2023-12-08 13:00,144.374,145.216,143.752,144.194
2023-12-08 14:00,144.191,144.791,144.172,144.268
2023-12-08 15:00,144.264,144.519,143.852,144.504
2023-12-08 16:00,144.506,144.915,144.386,144.879
2023-12-08 17:00,144.879,144.977,144.739,144.803
2023-12-08 18:00,144.802,144.963,144.756,144.935
2023-12-08 19:00,144.934,144.968,144.828,144.961
2023-12-08 20:00,144.965,144.998,144.930,144.986
2023-12-08 21:00,144.987,145.000,144.864,144.918
2023-12-11 00:00,144.985,145.369,144.864,145.342
2023-12-11 01:00,145.338,145.572,145.310,145.441
2023-12-11 02:00,145.443,145.566,145.362,145.407
2023-12-11 03:00,145.404,145.432,145.295,145.421
2023-12-11 04:00,145.421,145.668,145.416,145.604
2023-12-11 05:00,145.605,145.648,145.445,145.556
2023-12-11 06:00,145.561,145.698,145.418,145.457
2023-12-11 07:00,145.455,146.454,145.320,146.380
2023-12-11 08:00,146.377,146.458,145.968,146.231
2023-12-11 09:00,146.233,146.337,146.063,146.187
2023-12-11 10:00,146.188,146.270,146.096,146.232
2023-12-11 11:00,146.233,146.330,146.114,146.156
2023-12-11 12:00,146.156,146.486,146.140,146.361
2023-12-11 13:00,146.360,146.501,146.229,146.291
2023-12-11 14:00,146.289,146.312,146.048,146.254
2023-12-11 15:00,146.256,146.501,146.144,146.419
2023-12-11 16:00,146.415,146.589,146.346,146.416
2023-12-11 17:00,146.411,146.480,146.330,146.464
2023-12-11 18:00,146.461,146.481,146.225,146.260
2023-12-11 19:00,146.254,146.260,146.068,146.151
2023-12-11 20:00,146.152,146.249,146.143,146.205
2023-12-11 21:00,146.204,146.211,146.104,146.143
2023-12-11 22:00,146.144,146.183,146.069,146.142
2023-12-11 23:00,146.142,146.168,146.070,146.079
2023-12-12 00:00,146.044,146.123,145.713,145.792
2023-12-12 01:00,145.793,145.834,145.531,145.735
2023-12-12 02:00,145.733,145.822,145.618,145.816
2023-12-12 03:00,145.814,145.831,145.560,145.598
2023-12-12 04:00,145.596,145.682,145.522,145.530
2023-12-12 05:00,145.533,145.555,145.326,145.374
2023-12-12 06:00,145.374,145.463,145.337,145.381
2023-12-12 07:00,145.376,145.483,145.218,145.444
2023-12-12 08:00,145.440,145.628,145.399,145.565
2023-12-12 09:00,145.562,145.614,145.319,145.410
2023-12-12 10:00,145.407,145.458,145.230,145.284
2023-12-12 11:00,145.286,145.330,145.054,145.176
2023-12-12 12:00,145.181,145.230,145.052,145.185
2023-12-12 13:00,145.185,145.729,144.727,145.649
2023-12-12 14:00,145.645,145.852,145.299,145.671
2023-12-12 15:00,145.667,145.731,145.485,145.646
2023-12-12 16:00,145.642,145.666,145.399,145.465
2023-12-12 17:00,145.463,145.731,145.436,145.663
2023-12-12 18:00,145.659,145.677,145.460,145.614
2023-12-12 19:00,145.618,145.671,145.576,145.595
2023-12-12 20:00,145.594,145.618,145.468,145.496
2023-12-12 21:00,145.501,145.529,145.438,145.449
2023-12-12 22:00,145.447,145.589,145.392,145.421
2023-12-12 23:00,145.420,145.473,145.176,145.296
2023-12-13 00:00,145.293,145.604,145.261,145.514
2023-12-13 01:00,145.520,145.543,145.332,145.381
2023-12-13 02:00,145.381,145.554,145.312,145.539
2023-12-13 03:00,145.536,145.663,145.532,145.621
2023-12-13 04:00,145.621,145.701,145.577,145.681
2023-12-13 05:00,145.684,145.690,145.485,145.567
2023-12-13 06:00,145.565,145.883,145.530,145.872
2023-12-13 07:00,145.870,145.993,145.774,145.813
2023-12-13 08:00,145.808,145.954,145.738,145.847
2023-12-13 09:00,145.843,145.908,145.715,145.830
2023-12-13 10:00,145.835,145.881,145.609,145.642
2023-12-13 11:00,145.638,145.707,145.595,145.623
2023-12-13 12:00,145.618,145.733,145.561,145.681
2023-12-13 13:00,145.682,145.717,145.209,145.229
2023-12-13 14:00,145.225,145.312,145.036,145.247
2023-12-13 15:00,145.247,145.445,145.136,145.156
2023-12-13 16:00,145.153,145.252,145.090,145.173
2023-12-13 17:00,145.176,145.192,145.026,145.174
2023-12-13 18:00,145.174,145.274,145.068,145.086
2023-12-13 19:00,145.085,145.086,142.877,143.145
2023-12-13 20:00,143.145,143.272,142.634,142.956
2023-12-13 21:00,142.957,143.114,142.858,142.879
2023-12-13 22:00,142.870,142.885,142.070,142.546
2023-12-13 23:00,142.553,142.840,142.373,142.820
2023-12-14 00:00,142.784,142.909,142.175,142.210
2023-12-14 01:00,142.210,142.490,142.044,142.322
2023-12-14 02:00,142.315,142.410,141.776,141.931
2023-12-14 03:00,141.928,141.943,140.954,141.406
2023-12-14 04:00,141.404,141.776,141.352,141.707
2023-12-14 05:00,141.711,141.869,141.370,141.414
2023-12-14 06:00,141.412,141.886,141.346,141.570
2023-12-14 07:00,141.570,142.176,141.422,142.010
2023-12-14 08:00,142.008,142.054,141.518,141.858
2023-12-14 09:00,141.858,141.977,141.392,141.479
2023-12-14 10:00,141.486,141.769,141.482,141.572
2023-12-14 11:00,141.574,141.593,141.227,141.420
2023-12-14 12:00,141.417,141.847,141.348,141.641
2023-12-14 13:00,141.635,142.284,141.621,141.862
2023-12-14 14:00,141.859,142.141,141.608,141.686
2023-12-14 15:00,141.683,142.152,141.498,141.679
2023-12-14 16:00,141.680,141.760,141.395,141.538
2023-12-14 17:00,141.537,141.720,141.463,141.597
2023-12-14 18:00,141.596,141.864,141.593,141.852
2023-12-14 19:00,141.851,142.011,141.795,141.921
2023-12-14 20:00,141.920,141.977,141.763,141.800
2023-12-14 21:00,141.799,141.963,141.792,141.859
2023-12-14 22:00,141.843,141.912,141.796,141.901
2023-12-14 23:00,141.905,142.308,141.819,142.290
2023-12-15 00:00,142.277,142.464,142.162,142.255
2023-12-15 01:00,142.243,142.352,142.105,142.346
2023-12-15 02:00,142.351,142.386,141.891,142.045
2023-12-15 03:00,142.046,142.129,141.786,141.890
2023-12-15 04:00,141.895,141.931,141.609,141.718
2023-12-15 05:00,141.719,141.946,141.562,141.885
2023-12-15 06:00,141.886,142.133,141.850,141.961
2023-12-15 07:00,141.956,142.054,141.800,141.968
2023-12-15 08:00,141.970,142.060,141.650,141.715
2023-12-15 09:00,141.709,141.845,141.587,141.770
2023-12-15 10:00,141.773,141.791,141.466,141.691
2023-12-15 11:00,141.690,141.791,141.615,141.744
2023-12-15 12:00,141.745,141.763,141.474,141.660
2023-12-15 13:00,141.658,142.452,141.479,142.315
2023-12-15 14:00,142.316,142.328,141.671,141.823
2023-12-15 15:00,141.823,141.847,141.426,141.741
2023-12-15 16:00,141.744,141.889,141.656,141.800
2023-12-15 17:00,141.804,142.067,141.779,142.037
2023-12-15 18:00,142.031,142.261,142.000,142.207
2023-12-15 19:00,142.208,142.310,142.046,142.174
2023-12-15 20:00,142.180,142.246,142.030,142.242
2023-12-15 21:00,142.244,142.300,142.109,142.146
2023-12-18 00:00,142.324,142.461,142.068,142.088
2023-12-18 01:00,142.092,142.432,142.088,142.251
2023-12-18 02:00,142.251,142.378,142.158,142.275
2023-12-18 03:00,142.276,142.308,142.078,142.171
2023-12-18 04:00,142.170,142.289,142.144,142.155
2023-12-18 05:00,142.157,142.232,142.116,142.201
2023-12-18 06:00,142.198,142.345,142.148,142.286
2023-12-18 07:00,142.289,142.415,142.184,142.385
2023-12-18 08:00,142.379,142.544,142.305,142.378
2023-12-18 09:00,142.379,142.493,142.236,142.489
2023-12-18 10:00,142.492,142.829,142.440,142.721
2023-12-18 11:00,142.722,142.819,142.627,142.747
2023-12-18 12:00,142.744,142.895,142.700,142.792
2023-12-18 13:00,142.791,142.875,142.675,142.812
2023-12-18 14:00,142.815,143.037,142.795,142.961
2023-12-18 15:00,142.965,143.158,142.908,143.115
2023-12-18 16:00,143.112,143.116,142.980,143.047
2023-12-18 17:00,143.046,143.064,142.887,142.920
2023-12-18 18:00,142.920,142.982,142.835,142.937
2023-12-18 19:00,142.938,143.015,142.879,142.883
2023-12-18 20:00,142.885,142.960,142.882,142.917
2023-12-18 21:00,142.911,142.934,142.735,142.737
2023-12-18 22:00,142.737,142.936,142.723,142.794
2023-12-18 23:00,142.791,142.845,142.641,142.663
2023-12-19 00:00,142.688,142.689,142.242,142.541
2023-12-19 01:00,142.538,142.585,142.312,142.546
2023-12-19 02:00,142.547,143.740,142.450,143.665
2023-12-19 03:00,143.661,143.786,143.237,143.516
2023-12-19 04:00,143.518,143.600,143.317,143.421
2023-12-19 05:00,143.420,143.595,143.366,143.491
2023-12-19 06:00,143.492,143.733,142.480,143.638
2023-12-19 07:00,143.639,144.265,143.477,144.155
2023-12-19 08:00,144.156,144.691,144.142,144.609
2023-12-19 09:00,144.611,144.693,144.400,144.529
2023-12-19 10:00,144.532,144.955,144.482,144.859
2023-12-19 11:00,144.854,144.938,144.658,144.791
2023-12-19 12:00,144.792,144.797,144.225,144.314
2023-12-19 13:00,144.310,144.467,144.153,144.286
2023-12-19 14:00,144.290,144.435,143.967,144.048
2023-12-19 15:00,144.049,144.080,143.682,143.806
2023-12-19 16:00,143.804,143.865,143.526,143.618
2023-12-19 17:00,143.618,143.859,143.606,143.833
2023-12-19 18:00,143.829,143.898,143.775,143.841
2023-12-19 19:00,143.845,143.924,143.758,143.909
2023-12-19 20:00,143.905,143.967,143.872,143.880
2023-12-19 21:00,143.883,143.921,143.818,143.820
2023-12-19 22:00,143.820,143.871,143.737,143.840
2023-12-19 23:00,143.848,143.963,143.836,143.889
2023-12-20 00:00,143.922,144.099,143.805,143.840
2023-12-20 01:00,143.836,143.961,143.714,143.840
2023-12-20 02:00,143.836,144.007,143.788,143.929
2023-12-20 03:00,143.927,143.956,143.634,143.694
2023-12-20 04:00,143.689,143.722,143.362,143.471
2023-12-20 05:00,143.466,143.705,143.411,143.589
2023-12-20 06:00,143.586,143.766,143.544,143.695
2023-12-20 07:00,143.694,143.716,143.304,143.543
2023-12-20 08:00,143.542,143.646,143.436,143.562
2023-12-20 09:00,143.561,143.563,143.338,143.412
2023-12-20 10:00,143.410,143.492,143.292,143.349
2023-12-20 11:00,143.348,143.471,143.258,143.369
2023-12-20 12:00,143.366,143.640,143.364,143.565
2023-12-20 13:00,143.567,143.592,143.312,143.347
2023-12-20 14:00,143.344,143.476,143.302,143.336
2023-12-20 15:00,143.336,143.713,143.320,143.680
2023-12-20 16:00,143.683,143.844,143.656,143.766
2023-12-20 17:00,143.767,143.938,143.734,143.892
2023-12-20 18:00,143.888,143.918,143.755,143.817
2023-12-20 19:00,143.815,143.907,143.772,143.802
2023-12-20 20:00,143.801,143.876,143.530,143.747
2023-12-20 21:00,143.751,143.764,143.543,143.543
2023-12-20 22:00,143.562,143.588,143.378,143.428
2023-12-20 23:00,143.431,143.535,143.392,143.498
2023-12-21 00:00,143.525,143.568,143.320,143.361
2023-12-21 01:00,143.363,143.434,142.919,143.027
2023-12-21 02:00,143.027,143.119,142.802,142.919
2023-12-21 03:00,142.922,143.048,142.857,142.912
2023-12-21 04:00,142.910,142.977,142.820,142.881
2023-12-21 05:00,142.881,143.049,142.828,142.956
2023-12-21 06:00,142.959,143.171,142.914,143.094
2023-12-21 07:00,143.094,143.287,143.051,143.257
2023-12-21 08:00,143.257,143.338,143.153,143.311
2023-12-21 09:00,143.308,143.396,142.992,143.073
2023-12-21 10:00,143.070,143.136,142.953,143.024
2023-12-21 11:00,143.019,143.038,142.640,142.728
2023-12-21 12:00,142.728,142.795,142.634,142.773
2023-12-21 13:00,142.782,143.019,142.072,142.217
2023-12-21 14:00,142.218,142.443,142.120,142.282
2023-12-21 15:00,142.279,142.601,142.127,142.164
2023-12-21 16:00,142.164,142.266,142.040,142.165
2023-12-21 17:00,142.162,142.344,142.112,142.266
2023-12-21 18:00,142.263,142.438,142.223,142.360
2023-12-21 19:00,142.361,142.384,142.184,142.234
2023-12-21 20:00,142.233,142.298,142.214,142.228
2023-12-21 21:00,142.224,142.256,142.080,142.102
2023-12-21 22:00,142.102,142.272,142.060,142.183
2023-12-21 23:00,142.185,142.220,142.007,142.050
2023-12-22 00:00,142.070,142.244,141.859,142.188
2023-12-22 01:00,142.190,142.406,142.190,142.354
2023-12-22 02:00,142.355,142.476,142.276,142.405
2023-12-22 03:00,142.405,142.551,142.395,142.533
2023-12-22 04:00,142.531,142.558,142.336,142.378
2023-12-22 05:00,142.380,142.544,142.368,142.401
2023-12-22 06:00,142.400,142.436,142.182,142.342
2023-12-22 07:00,142.339,142.371,142.124,142.232
2023-12-22 08:00,142.231,142.376,142.188,142.216
2023-12-22 09:00,142.217,142.217,142.048,142.154
2023-12-22 10:00,142.153,142.183,141.980,142.121
2023-12-22 11:00,142.118,142.169,141.920,141.997
2023-12-22 12:00,141.997,142.193,141.935,142.120
2023-12-22 13:00,142.124,142.471,141.957,142.039
2023-12-22 14:00,142.036,142.085,141.885,142.067
2023-12-22 15:00,142.062,142.419,142.004,142.363
2023-12-22 16:00,142.366,142.661,142.327,142.601
2023-12-22 17:00,142.604,142.662,142.462,142.501
2023-12-22 18:00,142.504,142.560,142.468,142.510
2023-12-22 19:00,142.504,142.582,142.484,142.492
2023-12-22 20:00,142.491,142.552,142.444,142.471
2023-12-22 21:00,142.472,142.509,142.391,142.455
2023-12-25 00:00,142.447,142.494,142.141,142.231
2023-12-25 01:00,142.216,142.309,142.184,142.259
2023-12-25 02:00,142.290,142.310,142.230,142.242
2023-12-25 03:00,142.238,142.243,142.112,142.113
2023-12-25 04:00,142.113,142.183,142.087,142.154
2023-12-25 05:00,142.160,142.407,142.152,142.334
2023-12-25 06:00,142.334,142.468,142.334,142.468
2023-12-25 07:00,142.422,142.519,142.349,142.413
2023-12-25 08:00,142.354,142.386,142.311,142.361
2023-12-25 18:00,142.364,142.372,142.364,142.365
2023-12-25 19:00,142.366,142.425,142.320,142.368
2023-12-25 20:00,142.359,142.384,142.271,142.374
2023-12-25 21:00,142.380,142.412,142.229,142.229
2023-12-25 22:00,142.299,142.353,142.198,142.317
2023-12-25 23:00,142.319,142.356,142.130,142.240
2023-12-26 00:00,142.238,142.352,142.084,142.276
2023-12-26 01:00,142.274,142.352,142.228,142.260
2023-12-26 02:00,142.259,142.342,142.169,142.222
2023-12-26 03:00,142.224,142.249,142.153,142.199
2023-12-26 04:00,142.196,142.266,142.181,142.256
2023-12-26 05:00,142.260,142.301,142.186,142.260
2023-12-26 06:00,142.261,142.312,142.210,142.287
2023-12-26 07:00,142.285,142.397,142.248,142.326
2023-12-26 08:00,142.327,142.399,142.311,142.377
2023-12-26 09:00,142.377,142.527,142.343,142.500
2023-12-26 10:00,142.503,142.527,142.312,142.340
2023-12-26 11:00,142.343,142.408,142.333,142.376
2023-12-26 12:00,142.374,142.470,142.364,142.374
2023-12-26 13:00,142.372,142.405,142.233,142.369
2023-12-26 14:00,142.369,142.462,142.324,142.385
2023-12-26 15:00,142.389,142.603,142.349,142.595
2023-12-26 16:00,142.599,142.634,142.457,142.482
2023-12-26 17:00,142.485,142.522,142.416,142.468
2023-12-26 18:00,142.468,142.518,142.394,142.494
2023-12-26 19:00,142.497,142.498,142.411,142.473
2023-12-26 20:00,142.476,142.481,142.394,142.429
2023-12-26 21:00,142.431,142.439,142.356,142.387
2023-12-26 22:00,142.388,142.413,142.306,142.374
2023-12-26 23:00,142.375,142.473,142.294,142.468
2023-12-27 00:00,142.486,142.848,142.462,142.706
2023-12-27 01:00,142.709,142.764,142.601,142.610
2023-12-27 02:00,142.608,142.730,142.432,142.486
2023-12-27 03:00,142.484,142.573,142.431,142.566
2023-12-27 04:00,142.564,142.660,142.554,142.583
2023-12-27 05:00,142.583,142.619,142.538,142.566
2023-12-27 06:00,142.565,142.679,142.528,142.665
2023-12-27 07:00,142.663,142.838,142.652,142.785
2023-12-27 08:00,142.780,142.808,142.442,142.635
2023-12-27 09:00,142.632,142.648,142.452,142.581
2023-12-27 10:00,142.580,142.657,142.516,142.631
2023-12-27 11:00,142.627,142.655,142.504,142.538
2023-12-27 12:00,142.555,142.625,142.510,142.584
2023-12-27 13:00,142.588,142.625,142.514,142.570
2023-12-27 14:00,142.572,142.613,142.446,142.606
2023-12-27 15:00,142.606,142.649,142.195,142.205
2023-12-27 16:00,142.207,142.239,141.823,142.057
2023-12-27 17:00,142.055,142.190,142.050,142.098
2023-12-27 18:00,142.100,142.169,141.944,142.044
2023-12-27 19:00,142.043,142.129,141.546,141.885
2023-12-27 20:00,141.885,141.898,141.738,141.806
2023-12-27 21:00,141.807,141.884,141.734,141.820
2023-12-27 22:00,141.812,141.824,141.527,141.585
2023-12-27 23:00,141.607,141.661,141.376,141.412
2023-12-28 00:00,141.436,141.673,141.166,141.579
2023-12-28 01:00,141.578,141.601,141.377,141.397
2023-12-28 02:00,141.400,141.435,141.264,141.409
2023-12-28 03:00,141.414,141.466,141.280,141.307
2023-12-28 04:00,141.308,141.323,141.110,141.202
2023-12-28 05:00,141.203,141.282,141.098,141.149
2023-12-28 06:00,141.149,141.246,141.070,141.122
2023-12-28 07:00,141.119,141.145,140.706,140.817
2023-12-28 08:00,140.816,141.074,140.711,140.870
2023-12-28 09:00,140.871,140.956,140.670,140.728
2023-12-28 10:00,140.729,140.781,140.646,140.685
2023-12-28 11:00,140.684,140.831,140.665,140.813
2023-12-28 12:00,140.817,140.968,140.770,140.913
2023-12-28 13:00,140.912,141.138,140.702,141.123
2023-12-28 14:00,141.118,141.122,140.746,140.754
2023-12-28 15:00,140.755,140.899,140.244,140.882
2023-12-28 16:00,140.880,141.265,140.856,141.089
2023-12-28 17:00,141.090,141.421,141.078,141.219
2023-12-28 18:00,141.215,141.584,141.188,141.481
2023-12-28 19:00,141.481,141.573,141.434,141.455
2023-12-28 20:00,141.451,141.461,141.288,141.366
2023-12-28 21:00,141.363,141.429,141.331,141.399
2023-12-28 22:00,141.386,141.432,141.322,141.324
2023-12-28 23:00,141.345,141.458,141.246,141.435
2023-12-29 00:00,141.434,141.666,141.355,141.629
2023-12-29 01:00,141.629,141.636,141.454,141.482
2023-12-29 02:00,141.481,141.532,141.338,141.432
2023-12-29 03:00,141.430,141.514,141.387,141.480
2023-12-29 04:00,141.481,141.490,141.377,141.457
2023-12-29 05:00,141.457,141.465,141.265,141.309
2023-12-29 06:00,141.315,141.368,141.198,141.241
2023-12-29 07:00,141.241,141.428,141.134,141.411
2023-12-29 08:00,141.408,141.540,141.326,141.506
2023-12-29 09:00,141.504,141.910,141.476,141.893
2023-12-29 10:00,141.896,141.913,141.651,141.704
2023-12-29 11:00,141.698,141.764,141.527,141.544
2023-12-29 12:00,141.541,141.559,141.380,141.475
2023-12-29 13:00,141.474,141.882,141.442,141.830
2023-12-29 14:00,141.828,141.835,141.470,141.494
2023-12-29 15:00,141.494,141.497,140.894,140.994
2023-12-29 16:00,140.995,141.113,140.816,140.912
2023-12-29 17:00,140.913,140.980,140.794,140.836
2023-12-29 18:00,140.840,141.074,140.837,140.916
2023-12-29 19:00,140.918,141.084,140.890,141.022
2023-12-29 20:00,141.022,141.050,140.947,140.978
2023-12-29 21:00,140.975,141.084,140.930,140.980
2024-01-01 18:00,140.840,140.914,140.779,140.852
2024-01-01 19:00,140.864,140.899,140.821,140.842
2024-01-01 20:00,140.842,140.856,140.797,140.831
2024-01-01 21:00,140.803,140.866,140.799,140.866
2024-01-01 22:00,140.849,140.961,140.821,140.861
2024-01-01 23:00,140.883,141.128,140.799,141.119
2024-01-02 00:00,141.109,141.382,141.093,141.139
2024-01-02 01:00,141.142,141.459,141.136,141.439
2024-01-02 02:00,141.437,141.670,141.361,141.562
2024-01-02 03:00,141.561,141.666,141.492,141.502
2024-01-02 04:00,141.503,141.585,141.458,141.533
2024-01-02 05:00,141.534,141.538,141.340,141.350
2024-01-02 06:00,141.344,141.551,141.334,141.522
2024-01-02 07:00,141.522,141.605,141.384,141.545
2024-01-02 08:00,141.541,141.592,141.288,141.556
2024-01-02 09:00,141.555,141.673,141.374,141.553
2024-01-02 10:00,141.552,141.772,141.504,141.647
2024-01-02 11:00,141.651,141.888,141.588,141.823
2024-01-02 12:00,141.825,142.216,141.788,142.111
2024-01-02 13:00,142.114,142.165,141.882,142.150
2024-01-02 14:00,142.153,142.175,141.509,141.547
2024-01-02 15:00,141.552,142.015,141.491,141.925
2024-01-02 16:00,141.927,141.999,141.709,141.890
2024-01-02 17:00,141.892,142.000,141.872,141.968
2024-01-02 18:00,141.969,142.001,141.842,141.949
2024-01-02 19:00,141.948,142.001,141.899,141.944
2024-01-02 20:00,141.947,141.974,141.801,141.969
2024-01-02 21:00,141.969,142.017,141.938,141.983
2024-01-02 22:00,141.985,142.056,141.864,142.039
2024-01-02 23:00,142.035,142.169,142.018,142.164
2024-01-03 00:00,142.174,142.174,141.854,141.954
2024-01-03 01:00,141.954,142.135,141.903,142.013
2024-01-03 02:00,142.010,142.063,141.983,142.034
2024-01-03 03:00,142.037,142.041,141.876,141.886
2024-01-03 04:00,141.887,141.943,141.854,141.896
2024-01-03 05:00,141.902,142.134,141.897,142.119
2024-01-03 06:00,142.118,142.131,142.008,142.088
2024-01-03 07:00,142.090,142.468,142.035,142.418
2024-01-03 08:00,142.418,142.645,142.394,142.574
2024-01-03 09:00,142.572,142.710,142.496,142.635
2024-01-03 10:00,142.633,142.795,142.596,142.649
2024-01-03 11:00,142.649,142.980,142.588,142.936
2024-01-03 12:00,142.932,142.989,142.786,142.932
2024-01-03 13:00,142.932,143.085,142.813,143.016
2024-01-03 14:00,143.017,143.410,142.958,143.204
2024-01-03 15:00,143.207,143.728,142.809,143.601
2024-01-03 16:00,143.596,143.601,143.335,143.557
2024-01-03 17:00,143.553,143.729,143.492,143.608
2024-01-03 18:00,143.612,143.680,143.462,143.561
2024-01-03 19:00,143.564,143.736,143.134,143.237
2024-01-03 20:00,143.235,143.277,143.116,143.237
2024-01-03 21:00,143.235,143.308,143.224,143.290
2024-01-03 22:00,143.277,143.289,143.087,143.124
2024-01-03 23:00,143.125,143.154,142.946,142.988
2024-01-04 00:00,142.992,143.321,142.850,143.268
2024-01-04 01:00,143.266,143.450,143.114,143.424
2024-01-04 02:00,143.427,143.488,143.346,143.472
2024-01-04 03:00,143.471,143.472,143.222,143.340
2024-01-04 04:00,143.343,143.603,143.327,143.568
2024-01-04 05:00,143.565,143.902,143.562,143.775
2024-01-04 06:00,143.777,143.807,143.512,143.528
2024-01-04 07:00,143.523,143.584,143.174,143.374
2024-01-04 08:00,143.373,143.644,143.358,143.588
2024-01-04 09:00,143.586,143.892,143.561,143.867
2024-01-04 10:00,143.864,144.269,143.860,144.250
2024-01-04 11:00,144.250,144.295,144.128,144.254
2024-01-04 12:00,144.255,144.264,144.059,144.214
2024-01-04 13:00,144.217,144.551,144.057,144.535
2024-01-04 14:00,144.539,144.850,144.516,144.784
2024-01-04 15:00,144.785,144.800,144.467,144.657
2024-01-04 16:00,144.663,144.663,144.457,144.590
2024-01-04 17:00,144.589,144.649,144.509,144.596
2024-01-04 18:00,144.594,144.711,144.545,144.598
2024-01-04 19:00,144.602,144.643,144.509,144.579
2024-01-04 20:00,144.578,144.610,144.510,144.589
2024-01-04 21:00,144.588,144.668,144.568,144.624
2024-01-04 22:00,144.621,144.630,144.511,144.573
2024-01-04 23:00,144.572,144.775,144.561,144.760
2024-01-05 00:00,144.772,144.902,144.656,144.803
2024-01-05 01:00,144.798,144.843,144.666,144.737
2024-01-05 02:00,144.738,144.840,144.674,144.815
2024-01-05 03:00,144.815,144.954,144.768,144.925
2024-01-05 04:00,144.924,144.947,144.797,144.848
2024-01-05 05:00,144.847,144.875,144.655,144.731
2024-01-05 06:00,144.729,145.368,144.693,145.239
2024-01-05 07:00,145.240,145.255,144.964,145.072
2024-01-05 08:00,145.076,145.104,144.848,145.074
2024-01-05 09:00,145.077,145.203,145.000,145.185
2024-01-05 10:00,145.184,145.376,145.170,145.207
2024-01-05 11:00,145.213,145.353,145.162,145.268
2024-01-05 12:00,145.267,145.300,145.066,145.092
2024-01-05 13:00,145.092,145.976,145.049,145.466
2024-01-05 14:00,145.465,145.533,144.926,145.089
2024-01-05 15:00,145.086,145.086,143.801,144.125
2024-01-05 16:00,144.127,144.543,144.062,144.529
2024-01-05 17:00,144.526,144.829,144.519,144.740
2024-01-05 18:00,144.745,144.894,144.607,144.633
2024-01-05 19:00,144.633,144.700,144.491,144.660
2024-01-05 20:00,144.663,144.766,144.619,144.746
2024-01-05 21:00,144.744,144.789,144.520,144.603
2024-01-08 00:00,144.718,144.797,144.580,144.594
2024-01-08 01:00,144.591,144.664,144.315,144.375
2024-01-08 02:00,144.371,144.564,144.371,144.524
2024-01-08 03:00,144.519,144.554,144.308,144.489
2024-01-08 04:00,144.488,144.538,144.392,144.462
2024-01-08 05:00,144.459,144.479,144.358,144.361
2024-01-08 06:00,144.360,144.370,144.166,144.174
2024-01-08 07:00,144.180,144.471,144.085,144.415
2024-01-08 08:00,144.417,144.611,144.375,144.523
2024-01-08 09:00,144.523,144.574,144.182,144.233
2024-01-08 10:00,144.233,144.495,144.196,144.399
2024-01-08 11:00,144.397,144.586,144.320,144.574
2024-01-08 12:00,144.578,144.683,144.429,144.475
2024-01-08 13:00,144.473,144.575,144.261,144.454
2024-01-08 14:00,144.450,144.470,144.075,144.095
2024-01-08 15:00,144.095,144.166,143.850,143.931
2024-01-08 16:00,143.935,143.956,143.656,143.899
2024-01-08 17:00,143.897,143.987,143.802,143.962
2024-01-08 18:00,143.961,144.182,143.952,144.139
2024-01-08 19:00,144.141,144.172,144.068,144.099
2024-01-08 20:00,144.110,144.270,144.066,144.156
2024-01-08 21:00,144.159,144.239,144.108,144.222
2024-01-08 22:00,144.224,144.241,144.170,144.217
2024-01-08 23:00,144.220,144.280,144.095,144.200
2024-01-09 00:00,144.224,144.258,143.847,143.925
2024-01-09 01:00,143.928,143.974,143.448,143.480
2024-01-09 02:00,143.480,143.703,143.416,143.676
2024-01-09 03:00,143.677,143.689,143.496,143.620
2024-01-09 04:00,143.621,143.688,143.567,143.585
2024-01-09 05:00,143.582,143.883,143.577,143.791
2024-01-09 06:00,143.785,144.105,143.784,144.064
2024-01-09 07:00,144.069,144.152,143.858,144.058
2024-01-09 08:00,144.063,144.316,143.954,144.031
2024-01-09 09:00,144.028,144.041,143.737,143.945
2024-01-09 10:00,143.946,144.090,143.841,144.061
2024-01-09 11:00,144.057,144.170,143.976,144.072
2024-01-09 12:00,144.068,144.140,143.950,143.999
2024-01-09 13:00,143.994,144.190,143.741,143.766
2024-01-09 14:00,143.768,143.917,143.648,143.909
2024-01-09 15:00,143.909,144.363,143.755,144.309
2024-01-09 16:00,144.310,144.442,144.264,144.352
2024-01-09 17:00,144.351,144.484,144.319,144.405
2024-01-09 18:00,144.405,144.623,144.239,144.553
2024-01-09 19:00,144.553,144.591,144.455,144.546
2024-01-09 20:00,144.542,144.547,144.342,144.519
2024-01-09 21:00,144.515,144.528,144.452,144.470
2024-01-09 22:00,144.464,144.469,144.376,144.409
2024-01-09 23:00,144.404,144.456,144.310,144.437
2024-01-10 00:00,144.428,144.715,144.413,144.530
2024-01-10 01:00,144.528,144.823,144.522,144.740
2024-01-10 02:00,144.738,144.905,144.700,144.848
2024-01-10 03:00,144.847,144.936,144.751,144.846
2024-01-10 04:00,144.847,144.859,144.754,144.802
2024-01-10 05:00,144.804,144.866,144.664,144.775
2024-01-10 06:00,144.771,145.131,144.730,145.065
2024-01-10 07:00,145.065,145.151,144.834,144.936
2024-01-10 08:00,144.941,145.052,144.844,144.985
2024-01-10 09:00,144.986,145.035,144.824,144.914
2024-01-10 10:00,144.918,144.952,144.758,144.934
2024-01-10 11:00,144.932,145.129,144.924,144.990
2024-01-10 12:00,144.994,145.287,144.976,145.274
2024-01-10 13:00,145.272,145.333,145.143,145.294
2024-01-10 14:00,145.290,145.524,145.224,145.447
2024-01-10 15:00,145.444,145.676,145.418,145.609
2024-01-10 16:00,145.613,145.827,145.510,145.684
2024-01-10 17:00,145.686,145.740,145.562,145.611
2024-01-10 18:00,145.613,145.699,145.560,145.632
2024-01-10 19:00,145.628,145.716,145.602,145.688
2024-01-10 20:00,145.690,145.831,145.603,145.802
2024-01-10 21:00,145.801,145.827,145.706,145.755
2024-01-10 22:00,145.746,145.746,145.578,145.639
2024-01-10 23:00,145.629,145.833,145.595,145.754
2024-01-11 00:00,145.724,145.804,145.422,145.507
2024-01-11 01:00,145.506,145.573,145.321,145.389
2024-01-11 02:00,145.364,145.588,145.332,145.543
2024-01-11 03:00,145.538,145.555,145.299,145.311
2024-01-11 04:00,145.308,145.412,145.274,145.389
2024-01-11 05:00,145.387,145.510,145.278,145.487
2024-01-11 06:00,145.485,145.544,145.394,145.425
2024-01-11 07:00,145.422,145.463,145.334,145.407
2024-01-11 08:00,145.406,145.492,145.326,145.475
2024-01-11 09:00,145.472,145.575,145.447,145.541
2024-01-11 10:00,145.544,145.593,145.400,145.410
2024-01-11 11:00,145.413,145.555,145.344,145.395
2024-01-11 12:00,145.391,145.447,145.312,145.388
2024-01-11 13:00,145.386,146.264,144.968,146.248
2024-01-11 14:00,146.249,146.415,145.724,145.903
2024-01-11 15:00,145.901,146.232,145.641,145.948
2024-01-11 16:00,145.950,146.189,145.838,146.027
2024-01-11 17:00,146.030,146.036,145.859,145.951
2024-01-11 18:00,145.951,146.019,145.772,145.796
2024-01-11 19:00,145.802,145.806,145.437,145.484
2024-01-11 20:00,145.483,145.547,145.371,145.403
2024-01-11 21:00,145.401,145.477,145.255,145.280
2024-01-11 22:00,145.266,145.413,145.222,145.330
2024-01-11 23:00,145.321,145.347,144.934,145.085
2024-01-12 00:00,145.096,145.384,145.076,145.252
2024-01-12 01:00,145.251,145.405,144.960,145.114
2024-01-12 02:00,145.112,145.257,145.039,145.125
2024-01-12 03:00,145.121,145.124,144.839,144.916
2024-01-12 04:00,144.912,145.066,144.893,145.001
2024-01-12 05:00,145.001,145.252,144.981,145.248
2024-01-12 06:00,145.252,145.266,145.055,145.129
2024-01-12 07:00,145.128,145.286,145.088,145.148
2024-01-12 08:00,145.146,145.166,144.862,145.004
2024-01-12 09:00,145.006,145.153,144.962,145.134
2024-01-12 10:00,145.132,145.245,145.084,145.144
2024-01-12 11:00,145.145,145.280,145.076,145.235
2024-01-12 12:00,145.234,145.382,145.147,145.369
2024-01-12 13:00,145.366,145.526,144.745,144.787
2024-01-12 14:00,144.796,144.913,144.370,144.534
2024-01-12 15:00,144.540,144.807,144.349,144.709
2024-01-12 16:00,144.708,144.875,144.560,144.853
2024-01-12 17:00,144.854,145.007,144.844,144.954
2024-01-12 18:00,144.948,145.020,144.842,144.872
2024-01-12 19:00,144.873,144.886,144.792,144.870
2024-01-12 20:00,144.866,144.944,144.818,144.897
2024-01-12 21:00,144.891,144.941,144.762,144.904
2024-01-15 00:00,145.146,145.233,145.087,145.121
2024-01-15 01:00,145.129,145.149,145.018,145.071
2024-01-15 02:00,145.071,145.082,144.929,144.963
2024-01-15 03:00,144.960,145.175,144.948,145.132
2024-01-15 04:00,145.128,145.232,145.114,145.168
2024-01-15 05:00,145.162,145.289,145.094,145.269
2024-01-15 06:00,145.271,145.292,145.190,145.262
2024-01-15 07:00,145.260,145.554,145.258,145.444
2024-01-15 08:00,145.449,145.457,145.312,145.437
2024-01-15 09:00,145.438,145.762,145.424,145.663
2024-01-15 10:00,145.660,145.824,145.645,145.673
2024-01-15 11:00,145.667,145.694,145.543,145.668
2024-01-15 12:00,145.669,145.914,145.662,145.841
2024-01-15 13:00,145.838,145.905,145.732,145.782
2024-01-15 14:00,145.779,145.941,145.743,145.873
2024-01-15 15:00,145.874,145.910,145.674,145.791
2024-01-15 16:00,145.789,145.858,145.732,145.755
2024-01-15 17:00,145.758,145.807,145.675,145.781
2024-01-15 18:00,145.779,145.803,145.751,145.771
2024-01-15 19:00,145.773,145.803,145.764,145.790
2024-01-15 20:00,145.789,145.810,145.779,145.794
2024-01-15 21:00,145.792,145.799,145.694,145.715
2024-01-15 22:00,145.715,145.753,145.669,145.705
2024-01-15 23:00,145.731,145.868,145.715,145.784
2024-01-16 00:00,145.790,145.868,145.580,145.848
2024-01-16 01:00,145.846,146.111,145.796,145.900
2024-01-16 02:00,145.899,146.196,145.888,146.047
2024-01-16 03:00,146.050,146.171,145.931,146.097
2024-01-16 04:00,146.096,146.233,146.083,146.112
2024-01-16 05:00,146.111,146.272,146.066,146.160
2024-01-16 06:00,146.164,146.225,146.036,146.087
2024-01-16 07:00,146.084,146.247,145.991,146.157
2024-01-16 08:00,146.158,146.487,146.000,146.427
2024-01-16 09:00,146.429,146.632,146.399,146.534
2024-01-16 10:00,146.533,146.749,146.515,146.661
2024-01-16 11:00,146.659,146.718,146.580,146.600
2024-01-16 12:00,146.603,146.789,146.587,146.683
2024-01-16 13:00,146.682,146.785,146.281,146.631
2024-01-16 14:00,146.620,146.775,146.393,146.757
2024-01-16 15:00,146.752,146.795,146.600,146.704
2024-01-16 16:00,146.700,147.190,146.692,147.009
2024-01-16 17:00,147.005,147.271,146.988,147.250
2024-01-16 18:00,147.248,147.311,147.132,147.271
2024-01-16 19:00,147.268,147.293,147.214,147.249
2024-01-16 20:00,147.250,147.275,147.198,147.265
2024-01-16 21:00,147.264,147.270,147.162,147.172
2024-01-16 22:00,147.173,147.196,147.044,147.102
2024-01-16 23:00,147.102,147.292,147.081,147.243
2024-01-17 00:00,147.242,147.487,147.228,147.329
2024-01-17 01:00,147.332,147.396,147.145,147.194
2024-01-17 02:00,147.191,147.279,147.092,147.257
2024-01-17 03:00,147.252,147.411,147.232,147.330
2024-01-17 04:00,147.330,147.379,147.280,147.349
2024-01-17 05:00,147.348,147.670,147.347,147.579
2024-01-17 06:00,147.579,147.891,147.564,147.704
2024-01-17 07:00,147.700,147.967,147.686,147.872
2024-01-17 08:00,147.868,147.885,147.694,147.877
2024-01-17 09:00,147.874,147.928,147.638,147.718
2024-01-17 10:00,147.720,147.783,147.560,147.748
2024-01-17 11:00,147.752,147.819,147.655,147.661
2024-01-17 12:00,147.657,147.750,147.581,147.731
2024-01-17 13:00,147.729,147.981,147.668,147.933
2024-01-17 14:00,147.937,148.372,147.880,148.340
2024-01-17 15:00,148.343,148.524,148.116,148.442
2024-01-17 16:00,148.448,148.520,148.280,148.389
2024-01-17 17:00,148.390,148.398,148.168,148.225
2024-01-17 18:00,148.223,148.390,148.213,148.325
2024-01-17 19:00,148.320,148.327,148.160,148.269
2024-01-17 20:00,148.263,148.292,148.169,148.193
2024-01-17 21:00,148.193,148.214,148.120,148.155
2024-01-17 22:00,148.139,148.185,148.023,148.097
2024-01-17 23:00,148.108,148.161,148.077,148.134
2024-01-18 00:00,148.134,148.252,147.990,148.001
2024-01-18 01:00,148.004,148.095,147.864,148.033
2024-01-18 02:00,148.028,148.094,147.902,148.044
2024-01-18 03:00,148.046,148.159,147.997,148.019
2024-01-18 04:00,148.016,148.023,147.884,147.924
2024-01-18 05:00,147.924,148.065,147.857,147.873
2024-01-18 06:00,147.870,147.923,147.683,147.748
2024-01-18 07:00,147.746,147.885,147.708,147.787
2024-01-18 08:00,147.784,147.959,147.710,147.892
2024-01-18 09:00,147.897,147.943,147.650,147.844
2024-01-18 10:00,147.845,147.929,147.794,147.852
2024-01-18 11:00,147.858,147.962,147.800,147.817
2024-01-18 12:00,147.820,147.938,147.750,147.900
2024-01-18 13:00,147.898,148.300,147.887,148.229
2024-01-18 14:00,148.229,148.241,147.850,148.002
2024-01-18 15:00,148.000,148.201,147.944,148.175
2024-01-18 16:00,148.176,148.237,147.998,148.156
2024-01-18 17:00,148.152,148.262,148.152,148.219
2024-01-18 18:00,148.218,148.253,148.069,148.142
2024-01-18 19:00,148.144,148.230,148.099,148.223
2024-01-18 20:00,148.225,148.277,148.170,148.183
2024-01-18 21:00,148.176,148.200,148.078,148.153
2024-01-18 22:00,148.150,148.160,148.065,148.113
2024-01-18 23:00,148.120,148.186,148.028,148.138
2024-01-19 00:00,148.122,148.142,147.935,148.028
2024-01-19 01:00,148.028,148.393,148.000,148.354
2024-01-19 02:00,148.349,148.473,148.139,148.254
2024-01-19 03:00,148.253,148.294,148.184,148.218
2024-01-19 04:00,148.222,148.369,148.214,148.354
2024-01-19 05:00,148.357,148.675,148.349,148.647
2024-01-19 06:00,148.646,148.804,148.558,148.584
2024-01-19 07:00,148.585,148.609,148.188,148.272
2024-01-19 08:00,148.271,148.354,148.046,148.074
2024-01-19 09:00,148.076,148.138,147.920,147.981
2024-01-19 10:00,147.981,148.022,147.834,147.948
2024-01-19 11:00,147.947,148.121,147.922,147.977
2024-01-19 12:00,147.974,148.188,147.955,148.154
2024-01-19 13:00,148.152,148.212,147.958,148.134
2024-01-19 14:00,148.139,148.450,148.072,148.305
2024-01-19 15:00,148.291,148.532,148.088,148.101
2024-01-19 16:00,148.100,148.246,148.048,148.204
2024-01-19 17:00,148.208,148.229,148.017,148.121
2024-01-19 18:00,148.116,148.309,148.115,148.244
2024-01-19 19:00,148.246,148.259,148.134,148.189
2024-01-19 20:00,148.187,148.202,148.124,148.151
2024-01-19 21:00,148.151,148.193,148.075,148.128
2024-01-22 00:00,148.124,148.230,148.005,148.086
2024-01-22 01:00,148.087,148.104,147.775,147.858
2024-01-22 02:00,147.860,147.971,147.728,147.742
2024-01-22 03:00,147.745,147.955,147.738,147.913
2024-01-22 04:00,147.917,147.940,147.827,147.838
2024-01-22 05:00,147.839,148.123,147.830,148.053
2024-01-22 06:00,148.052,148.116,147.974,148.084
2024-01-22 07:00,148.082,148.132,147.912,148.033
2024-01-22 08:00,148.036,148.304,147.996,148.241
2024-01-22 09:00,148.243,148.274,148.051,148.110
2024-01-22 10:00,148.108,148.143,147.974,148.017
2024-01-22 11:00,148.018,148.027,147.852,147.879
2024-01-22 12:00,147.884,147.914,147.704,147.783
2024-01-22 13:00,147.785,147.895,147.614,147.687
2024-01-22 14:00,147.682,147.954,147.682,147.845
2024-01-22 15:00,147.846,147.932,147.726,147.844
2024-01-22 16:00,147.845,148.017,147.841,147.950
2024-01-22 17:00,147.953,148.037,147.903,147.981
2024-01-22 18:00,147.979,148.145,147.979,148.089
2024-01-22 19:00,148.087,148.134,147.999,148.032
2024-01-22 20:00,148.030,148.123,148.004,148.044
2024-01-22 21:00,148.044,148.149,148.028,148.095
2024-01-22 22:00,148.082,148.108,147.897,147.980
2024-01-22 23:00,147.974,148.150,147.953,148.132
2024-01-23 00:00,148.140,148.222,148.051,148.114
2024-01-23 01:00,148.117,148.166,148.062,148.100
2024-01-23 02:00,148.098,148.275,148.072,148.218
2024-01-23 03:00,148.216,148.552,147.846,147.891
2024-01-23 04:00,147.891,148.208,147.855,147.943
2024-01-23 05:00,147.944,148.070,147.858,147.918
2024-01-23 06:00,147.921,148.172,146.967,147.126
2024-01-23 07:00,147.129,147.778,147.030,147.583
2024-01-23 08:00,147.582,147.670,147.250,147.347
2024-01-23 09:00,147.345,147.734,147.335,147.707
2024-01-23 10:00,147.711,147.927,147.710,147.840
2024-01-23 11:00,147.834,148.155,147.755,148.023
2024-01-23 12:00,148.022,148.140,147.870,147.985
2024-01-23 13:00,147.983,148.070,147.874,148.053
2024-01-23 14:00,148.049,148.374,148.046,148.333
2024-01-23 15:00,148.332,148.541,148.218,148.480
2024-01-23 16:00,148.476,148.593,148.356,148.550
2024-01-23 17:00,148.548,148.696,148.506,148.596
2024-01-23 18:00,148.591,148.620,148.442,148.518
2024-01-23 19:00,148.521,148.567,148.291,148.379
2024-01-23 20:00,148.376,148.412,148.328,148.350
2024-01-23 21:00,148.350,148.396,148.293,148.327
2024-01-23 22:00,148.303,148.384,148.277,148.371
2024-01-23 23:00,148.370,148.391,148.206,148.252
2024-01-24 00:00,148.248,148.260,148.042,148.112
2024-01-24 01:00,148.109,148.180,147.972,148.019
2024-01-24 02:00,148.018,148.253,148.008,148.103
2024-01-24 03:00,148.098,148.145,147.760,147.800
2024-01-24 04:00,147.804,147.922,147.764,147.873
2024-01-24 05:00,147.879,148.016,147.810,147.873
2024-01-24 06:00,147.870,147.957,147.818,147.866
2024-01-24 07:00,147.865,147.911,147.698,147.790
2024-01-24 08:00,147.790,147.795,147.446,147.563
2024-01-24 09:00,147.563,147.625,147.374,147.530
2024-01-24 10:00,147.530,147.626,147.462,147.484
2024-01-24 11:00,147.481,147.595,147.436,147.514
2024-01-24 12:00,147.515,147.519,147.202,147.294
2024-01-24 13:00,147.294,147.302,146.718,146.764
2024-01-24 14:00,146.762,147.269,146.644,147.074
2024-01-24 15:00,147.073,147.217,146.753,146.941
2024-01-24 16:00,146.942,147.432,146.883,147.308
2024-01-24 17:00,147.308,147.323,147.118,147.184
2024-01-24 18:00,147.188,147.492,147.156,147.474
2024-01-24 19:00,147.476,147.594,147.450,147.562
2024-01-24 20:00,147.559,147.624,147.505,147.607
2024-01-24 21:00,147.608,147.639,147.476,147.494
2024-01-24 22:00,147.505,147.510,147.371,147.423
2024-01-24 23:00,147.437,147.622,147.425,147.578
2024-01-25 00:00,147.583,147.764,147.540,147.729
2024-01-25 01:00,147.727,147.854,147.608,147.668
2024-01-25 02:00,147.660,147.768,147.594,147.707
2024-01-25 03:00,147.707,147.719,147.562,147.652
2024-01-25 04:00,147.653,147.780,147.582,147.772
2024-01-25 05:00,147.768,147.857,147.706,147.800
2024-01-25 06:00,147.795,147.880,147.667,147.718
2024-01-25 07:00,147.723,147.749,147.530,147.669
2024-01-25 08:00,147.670,147.843,147.643,147.656
2024-01-25 09:00,147.651,147.693,147.574,147.639
2024-01-25 10:00,147.636,147.658,147.510,147.594
2024-01-25 11:00,147.590,147.661,147.471,147.514
2024-01-25 12:00,147.512,147.763,147.495,147.742
2024-01-25 13:00,147.745,147.958,147.282,147.370
2024-01-25 14:00,147.373,147.424,147.077,147.311
2024-01-25 15:00,147.309,147.624,147.222,147.578
2024-01-25 16:00,147.576,147.765,147.502,147.696
2024-01-25 17:00,147.700,147.901,147.628,147.829
2024-01-25 18:00,147.822,147.875,147.690,147.837
2024-01-25 19:00,147.842,147.876,147.767,147.838
2024-01-25 20:00,147.837,147.848,147.690,147.722
2024-01-25 21:00,147.719,147.745,147.641,147.658
2024-01-25 22:00,147.648,147.670,147.522,147.635
2024-01-25 23:00,147.635,147.741,147.495,147.729
2024-01-26 00:00,147.716,147.849,147.530,147.567
2024-01-26 01:00,147.564,147.672,147.476,147.551
2024-01-26 02:00,147.547,147.647,147.506,147.645
2024-01-26 03:00,147.638,147.712,147.544,147.664
2024-01-26 04:00,147.663,147.803,147.644,147.790
2024-01-26 05:00,147.791,147.823,147.688,147.732
2024-01-26 06:00,147.727,147.867,147.727,147.757
2024-01-26 07:00,147.758,147.882,147.730,147.771
2024-01-26 08:00,147.766,147.858,147.730,147.805
2024-01-26 09:00,147.804,148.089,147.788,147.830
2024-01-26 10:00,147.831,147.833,147.628,147.653
2024-01-26 11:00,147.652,147.764,147.592,147.715
2024-01-26 12:00,147.711,147.829,147.638,147.763
2024-01-26 13:00,147.770,147.915,147.393,147.650
2024-01-26 14:00,147.646,147.947,147.632,147.871
2024-01-26 15:00,147.868,148.165,147.868,148.077
2024-01-26 16:00,148.076,148.111,147.892,147.940
2024-01-26 17:00,147.945,148.030,147.879,147.990
2024-01-26 18:00,147.986,148.209,147.958,148.136
2024-01-26 19:00,148.142,148.166,148.046,148.098
2024-01-26 20:00,148.098,148.109,148.044,148.078
2024-01-26 21:00,148.078,148.168,148.046,148.149
2024-01-26 22:00,148.149,148.149,148.140,148.140
2024-01-29 00:00,148.178,148.333,148.159,148.207
2024-01-29 01:00,148.206,148.209,148.023,148.128
2024-01-29 02:00,148.128,148.249,148.113,148.120
2024-01-29 03:00,148.120,148.186,148.087,148.136
2024-01-29 04:00,148.136,148.137,147.988,148.068
2024-01-29 05:00,148.062,148.103,148.011,148.030
2024-01-29 06:00,148.026,148.071,147.875,147.890
2024-01-29 07:00,147.891,147.903,147.747,147.801
2024-01-29 08:00,147.798,147.909,147.711,147.878
2024-01-29 09:00,147.878,147.910,147.706,147.739
2024-01-29 10:00,147.738,147.859,147.728,147.822
2024-01-29 11:00,147.827,147.927,147.777,147.872
2024-01-29 12:00,147.870,147.990,147.834,147.965
2024-01-29 13:00,147.964,148.091,147.880,147.972
2024-01-29 14:00,147.969,148.050,147.892,147.926
2024-01-29 15:00,147.929,147.995,147.618,147.664
2024-01-29 16:00,147.663,147.740,147.587,147.649
2024-01-29 17:00,147.650,147.701,147.580,147.655
2024-01-29 18:00,147.657,147.713,147.583,147.670
2024-01-29 19:00,147.669,147.692,147.581,147.649
2024-01-29 20:00,147.650,147.650,147.248,147.454
2024-01-29 21:00,147.452,147.541,147.447,147.497
2024-01-29 22:00,147.480,147.526,147.377,147.496
2024-01-29 23:00,147.503,147.505,147.367,147.491
2024-01-30 00:00,147.485,147.489,147.188,147.297
2024-01-30 01:00,147.297,147.432,147.245,147.308
2024-01-30 02:00,147.317,147.443,147.296,147.440
2024-01-30 03:00,147.438,147.486,147.366,147.393
2024-01-30 04:00,147.394,147.401,147.302,147.365
2024-01-30 05:00,147.364,147.401,147.298,147.384
2024-01-30 06:00,147.379,147.408,147.270,147.392
2024-01-30 07:00,147.395,147.407,147.156,147.220
2024-01-30 08:00,147.224,147.552,147.220,147.428
2024-01-30 09:00,147.424,147.503,147.294,147.388
2024-01-30 10:00,147.386,147.394,147.204,147.259
2024-01-30 11:00,147.258,147.392,147.240,147.379
2024-01-30 12:00,147.381,147.477,147.337,147.439
2024-01-30 13:00,147.438,147.579,147.427,147.517
2024-01-30 14:00,147.513,147.518,147.094,147.179
2024-01-30 15:00,147.186,147.891,147.123,147.845
2024-01-30 16:00,147.847,147.927,147.692,147.712
2024-01-30 17:00,147.716,147.821,147.659,147.803
2024-01-30 18:00,147.802,147.867,147.733,147.760
2024-01-30 19:00,147.760,147.768,147.576,147.602
2024-01-30 20:00,147.599,147.666,147.592,147.612
2024-01-30 21:00,147.612,147.630,147.561,147.599
2024-01-30 22:00,147.592,147.627,147.510,147.600
2024-01-30 23:00,147.599,147.607,147.355,147.360
2024-01-31 00:00,147.333,147.518,147.186,147.499
2024-01-31 01:00,147.502,147.605,147.387,147.547
2024-01-31 02:00,147.546,147.719,147.543,147.684
2024-01-31 03:00,147.676,147.748,147.615,147.730
2024-01-31 04:00,147.730,147.816,147.573,147.606
2024-01-31 05:00,147.610,147.747,147.578,147.715
2024-01-31 06:00,147.712,147.883,147.710,147.879
2024-01-31 07:00,147.877,147.898,147.602,147.657
2024-01-31 08:00,147.653,147.658,147.412,147.452
2024-01-31 09:00,147.450,147.809,147.400,147.768
2024-01-31 10:00,147.770,147.849,147.704,147.822
2024-01-31 11:00,147.824,147.884,147.732,147.844
2024-01-31 12:00,147.843,147.885,147.725,147.796
2024-01-31 13:00,147.797,147.872,147.454,147.499
2024-01-31 14:00,147.499,147.565,146.465,146.634
2024-01-31 15:00,146.638,146.773,146.135,146.178
2024-01-31 16:00,146.179,146.400,146.067,146.263
2024-01-31 17:00,146.263,146.425,146.244,146.353
2024-01-31 18:00,146.355,146.510,146.347,146.399
2024-01-31 19:00,146.431,146.879,146.005,146.375
2024-01-31 20:00,146.375,147.445,146.302,147.151
2024-01-31 21:00,147.150,147.219,146.845,146.889
2024-01-31 22:00,146.886,146.961,146.830,146.864
2024-01-31 23:00,146.886,147.047,146.756,147.035
2024-02-01 00:00,147.008,147.081,146.609,146.755
2024-02-01 01:00,146.754,146.936,146.638,146.776
2024-02-01 02:00,146.773,146.781,146.470,146.575
2024-02-01 03:00,146.571,146.734,146.542,146.702
2024-02-01 04:00,146.704,146.818,146.614,146.792
2024-02-01 05:00,146.791,146.887,146.747,146.861
2024-02-01 06:00,146.861,146.945,146.810,146.892
2024-02-01 07:00,146.892,147.049,146.712,146.802
2024-02-01 08:00,146.806,146.860,146.585,146.614
2024-02-01 09:00,146.606,146.912,146.590,146.793
2024-02-01 10:00,146.793,146.894,146.725,146.836
2024-02-01 11:00,146.837,146.874,146.728,146.842
2024-02-01 12:00,146.838,147.114,146.836,146.962
2024-02-01 13:00,146.959,147.053,146.452,146.662
2024-02-01 14:00,146.659,146.669,146.324,146.374
2024-02-01 15:00,146.372,146.822,146.244,146.310
2024-02-01 16:00,146.311,146.312,145.891,146.187
2024-02-01 17:00,146.185,146.415,146.140,146.353
2024-02-01 18:00,146.354,146.481,146.270,146.368
2024-02-01 19:00,146.367,146.371,146.190,146.267
2024-02-01 20:00,146.270,146.348,146.254,146.325
2024-02-01 21:00,146.324,146.448,146.320,146.408
2024-02-01 22:00,146.398,146.480,146.297,146.457
2024-02-01 23:00,146.453,146.513,146.360,146.448
2024-02-02 00:00,146.459,146.494,146.270,146.385
2024-02-02 01:00,146.384,146.459,146.237,146.357
2024-02-02 02:00,146.352,146.460,146.302,146.337
2024-02-02 03:00,146.339,146.412,146.320,146.375
2024-02-02 04:00,146.374,146.479,146.314,146.422
2024-02-02 05:00,146.419,146.516,146.382,146.426
2024-02-02 06:00,146.426,146.528,146.350,146.480
2024-02-02 07:00,146.478,146.638,146.471,146.623
2024-02-02 08:00,146.622,146.749,146.542,146.736
2024-02-02 09:00,146.731,146.798,146.668,146.694
2024-02-02 10:00,146.693,146.726,146.600,146.607
2024-02-02 11:00,146.610,146.613,146.459,146.531
2024-02-02 12:00,146.539,146.626,146.507,146.576
2024-02-02 13:00,146.576,147.989,146.552,147.963
2024-02-02 14:00,147.963,148.054,147.678,147.868
2024-02-02 15:00,147.870,148.344,147.822,148.277
2024-02-02 16:00,148.277,148.584,148.192,148.539
2024-02-02 17:00,148.540,148.571,148.405,148.522
2024-02-02 18:00,148.525,148.568,148.236,148.306
2024-02-02 19:00,148.307,148.355,148.229,148.327
2024-02-02 20:00,148.322,148.352,148.242,148.309
2024-02-02 21:00,148.309,148.406,148.268,148.335
2024-02-05 00:00,148.507,148.821,148.384,148.689
2024-02-05 01:00,148.687,148.693,148.364,148.370
2024-02-05 02:00,148.372,148.544,148.349,148.520
2024-02-05 03:00,148.521,148.553,148.353,148.402
2024-02-05 04:00,148.400,148.442,148.312,148.431
2024-02-05 05:00,148.430,148.503,148.327,148.332
2024-02-05 06:00,148.333,148.407,148.262,148.325
2024-02-05 07:00,148.319,148.489,148.269,148.477
2024-02-05 08:00,148.478,148.606,148.403,148.495
2024-02-05 09:00,148.495,148.553,148.363,148.501
2024-02-05 10:00,148.500,148.560,148.417,148.431
2024-02-05 11:00,148.427,148.457,148.304,148.432
2024-02-05 12:00,148.435,148.628,148.428,148.626
2024-02-05 13:00,148.628,148.679,148.468,148.568
2024-02-05 14:00,148.567,148.568,148.388,148.392
2024-02-05 15:00,148.397,148.876,148.397,148.874
2024-02-05 16:00,148.872,148.895,148.714,148.798
2024-02-05 17:00,148.800,148.808,148.571,148.622
2024-02-05 18:00,148.620,148.623,148.500,148.534
2024-02-05 19:00,148.531,148.708,148.502,148.697
2024-02-05 20:00,148.696,148.766,148.630,148.643
2024-02-05 21:00,148.638,148.718,148.638,148.667
2024-02-05 22:00,148.667,148.745,148.600,148.661
2024-02-05 23:00,148.668,148.674,148.594,148.651
2024-02-06 00:00,148.660,148.664,148.538,148.591
2024-02-06 01:00,148.587,148.603,148.462,148.518
2024-02-06 02:00,148.520,148.588,148.499,148.576
2024-02-06 03:00,148.576,148.672,148.534,148.628
2024-02-06 04:00,148.629,148.631,148.427,148.469
2024-02-06 05:00,148.469,148.508,148.376,148.435
2024-02-06 06:00,148.432,148.474,148.355,148.444
2024-02-06 07:00,148.445,148.558,148.387,148.510
2024-02-06 08:00,148.509,148.669,148.490,148.652
2024-02-06 09:00,148.651,148.705,148.536,148.678
2024-02-06 10:00,148.681,148.770,148.630,148.765
2024-02-06 11:00,148.764,148.789,148.646,148.679
2024-02-06 12:00,148.677,148.785,148.582,148.591
2024-02-06 13:00,148.589,148.650,148.456,148.618
2024-02-06 14:00,148.619,148.626,148.393,148.412
2024-02-06 15:00,148.408,148.507,147.996,148.093
2024-02-06 16:00,148.090,148.189,147.970,148.023
2024-02-06 17:00,148.026,148.085,147.843,147.914
2024-02-06 18:00,147.917,148.038,147.797,147.868
2024-02-06 19:00,147.868,147.999,147.840,147.966
2024-02-06 20:00,147.962,147.964,147.824,147.844
2024-02-06 21:00,147.847,147.953,147.841,147.934
2024-02-06 22:00,147.939,147.944,147.852,147.874
2024-02-06 23:00,147.880,147.891,147.734,147.817
2024-02-07 00:00,147.818,147.944,147.816,147.853
2024-02-07 01:00,147.849,147.865,147.706,147.803
2024-02-07 02:00,147.804,147.990,147.800,147.906
2024-02-07 03:00,147.898,147.915,147.816,147.898
2024-02-07 04:00,147.898,147.975,147.872,147.968
2024-02-07 05:00,147.973,147.999,147.908,147.951
2024-02-07 06:00,147.952,148.062,147.908,148.027
2024-02-07 07:00,148.025,148.029,147.747,147.821
2024-02-07 08:00,147.819,148.093,147.808,148.066
2024-02-07 09:00,148.071,148.079,147.887,147.917
2024-02-07 10:00,147.914,148.157,147.900,148.123
2024-02-07 11:00,148.121,148.135,147.955,148.082
2024-02-07 12:00,148.080,148.256,148.078,148.205
2024-02-07 13:00,148.207,148.258,148.072,148.176
2024-02-07 14:00,148.181,148.227,147.618,147.787
2024-02-07 15:00,147.784,148.148,147.764,147.943
2024-02-07 16:00,147.942,148.071,147.870,148.037
2024-02-07 17:00,148.035,148.166,148.029,148.133
2024-02-07 18:00,148.130,148.190,147.986,148.136
2024-02-07 19:00,148.136,148.190,148.096,148.132
2024-02-07 20:00,148.134,148.199,148.101,148.176
2024-02-07 21:00,148.169,148.196,148.142,148.179
2024-02-07 22:00,148.171,148.171,148.014,148.049
2024-02-07 23:00,148.050,148.096,147.991,148.080
2024-02-08 00:00,148.082,148.094,147.941,148.054
2024-02-08 01:00,148.054,148.366,147.925,148.292
2024-02-08 02:00,148.290,148.403,148.260,148.356
2024-02-08 03:00,148.353,148.362,148.280,148.348
2024-02-08 04:00,148.352,148.497,148.324,148.483
2024-02-08 05:00,148.484,148.662,148.468,148.582
2024-02-08 06:00,148.577,148.737,148.573,148.722
2024-02-08 07:00,148.727,148.810,148.676,148.734
2024-02-08 08:00,148.728,148.850,148.683,148.754
2024-02-08 09:00,148.756,148.778,148.641,148.753
2024-02-08 10:00,148.754,149.146,148.736,149.101
2024-02-08 11:00,149.100,149.252,148.994,149.157
2024-02-08 12:00,149.161,149.376,149.110,149.250
2024-02-08 13:00,149.253,149.464,149.082,149.389
2024-02-08 14:00,149.388,149.417,149.188,149.258
2024-02-08 15:00,149.261,149.479,149.225,149.431
2024-02-08 16:00,149.431,149.456,149.238,149.241
2024-02-08 17:00,149.246,149.376,149.237,149.374
2024-02-08 18:00,149.369,149.377,149.118,149.336
2024-02-08 19:00,149.337,149.409,149.294,149.389
2024-02-08 20:00,149.387,149.395,149.299,149.304
2024-02-08 21:00,149.301,149.342,149.264,149.315
2024-02-08 22:00,149.298,149.328,149.221,149.272
2024-02-08 23:00,149.271,149.311,149.248,149.271
2024-02-09 00:00,149.256,149.414,149.230,149.381
2024-02-09 01:00,149.386,149.386,149.241,149.283
2024-02-09 02:00,149.280,149.334,149.244,149.300
2024-02-09 03:00,149.301,149.490,149.294,149.431
2024-02-09 04:00,149.433,149.466,149.362,149.416
2024-02-09 05:00,149.414,149.432,149.338,149.397
2024-02-09 06:00,149.395,149.428,149.327,149.334
2024-02-09 07:00,149.330,149.416,149.212,149.396
2024-02-09 08:00,149.397,149.575,149.364,149.412
2024-02-09 09:00,149.408,149.446,149.256,149.420
2024-02-09 10:00,149.421,149.443,149.314,149.374
2024-02-09 11:00,149.370,149.462,149.344,149.399
2024-02-09 12:00,149.398,149.536,149.388,149.480
2024-02-09 13:00,149.474,149.530,149.002,149.386
2024-02-09 14:00,149.377,149.445,149.169,149.349
2024-02-09 15:00,149.349,149.415,149.218,149.323
2024-02-09 16:00,149.318,149.415,149.270,149.382
2024-02-09 17:00,149.380,149.400,149.336,149.348
2024-02-09 18:00,149.344,149.372,149.299,149.356
2024-02-09 19:00,149.357,149.372,149.303,149.354
2024-02-09 20:00,149.353,149.366,149.260,149.281
2024-02-09 21:00,149.280,149.293,149.237,149.258
2024-02-12 00:00,149.179,149.198,149.104,149.132
2024-02-12 01:00,149.136,149.211,149.119,149.182
2024-02-12 02:00,149.181,149.190,149.122,149.176
2024-02-12 03:00,149.178,149.252,149.138,149.246
2024-02-12 04:00,149.249,149.253,149.202,149.223
2024-02-12 05:00,149.218,149.230,149.170,149.208
2024-02-12 06:00,149.207,149.230,149.166,149.204
2024-02-12 07:00,149.202,149.222,149.042,149.097
2024-02-12 08:00,149.093,149.154,148.984,149.140
2024-02-12 09:00,149.146,149.194,149.076,149.124
2024-02-12 10:00,149.127,149.158,149.036,149.052
2024-02-12 11:00,149.048,149.092,148.992,149.023
2024-02-12 12:00,149.021,149.054,148.924,148.976
2024-02-12 13:00,148.974,149.214,148.922,149.200
2024-02-12 14:00,149.203,149.342,149.154,149.311
2024-02-12 15:00,149.312,149.476,149.287,149.459
2024-02-12 16:00,149.456,149.481,149.343,149.374
2024-02-12 17:00,149.371,149.384,149.248,149.255
2024-02-12 18:00,149.251,149.350,149.238,149.269
2024-02-12 19:00,149.261,149.437,149.235,149.411
2024-02-12 20:00,149.413,149.414,149.306,149.333
2024-02-12 21:00,149.328,149.365,149.297,149.340
2024-02-12 22:00,149.332,149.364,149.282,149.324
2024-02-12 23:00,149.314,149.416,149.260,149.400
2024-02-13 00:00,149.404,149.426,149.295,149.308
2024-02-13 01:00,149.302,149.392,149.278,149.365
2024-02-13 02:00,149.368,149.485,149.354,149.465
2024-02-13 03:00,149.466,149.534,149.447,149.529
2024-02-13 04:00,149.530,149.578,149.492,149.550
2024-02-13 05:00,149.552,149.565,149.490,149.550
2024-02-13 06:00,149.553,149.558,149.442,149.468
2024-02-13 07:00,149.471,149.651,149.456,149.588
2024-02-13 08:00,149.586,149.694,149.547,149.614
2024-02-13 09:00,149.615,149.684,149.552,149.572
2024-02-13 10:00,149.575,149.576,149.476,149.519
2024-02-13 11:00,149.521,149.528,149.372,149.379
2024-02-13 12:00,149.377,149.409,149.314,149.343
2024-02-13 13:00,149.344,150.487,149.224,150.433
2024-02-13 14:00,150.438,150.584,150.298,150.563
2024-02-13 15:00,150.552,150.608,150.384,150.591
2024-02-13 16:00,150.588,150.758,150.518,150.720
2024-02-13 17:00,150.719,150.805,150.694,150.780
2024-02-13 18:00,150.782,150.807,150.716,150.779
2024-02-13 19:00,150.781,150.885,150.773,150.870
2024-02-13 20:00,150.869,150.876,150.720,150.783
2024-02-13 21:00,150.781,150.822,150.752,150.779
2024-02-13 22:00,150.781,150.808,150.544,150.628
2024-02-13 23:00,150.630,150.761,150.578,150.728
2024-02-14 00:00,150.721,150.776,150.590,150.649
2024-02-14 01:00,150.649,150.698,150.521,150.539
2024-02-14 02:00,150.540,150.643,150.506,150.623
2024-02-14 03:00,150.621,150.633,150.494,150.514
2024-02-14 04:00,150.516,150.528,150.414,150.439
2024-02-14 05:00,150.440,150.536,150.432,150.517
2024-02-14 06:00,150.518,150.553,150.445,150.483
2024-02-14 07:00,150.480,150.534,150.339,150.449
2024-02-14 08:00,150.451,150.567,150.392,150.542
2024-02-14 09:00,150.547,150.644,150.516,150.644
2024-02-14 10:00,150.644,150.684,150.578,150.588
2024-02-14 11:00,150.586,150.656,150.550,150.576
2024-02-14 12:00,150.573,150.669,150.555,150.602
2024-02-14 13:00,150.601,150.737,150.496,150.712
2024-02-14 14:00,150.713,150.730,150.487,150.682
2024-02-14 15:00,150.686,150.751,150.568,150.613
2024-02-14 16:00,150.617,150.623,150.472,150.500
2024-02-14 17:00,150.498,150.595,150.370,150.430
2024-02-14 18:00,150.432,150.516,150.346,150.479
2024-02-14 19:00,150.478,150.569,150.448,150.559
2024-02-14 20:00,150.560,150.586,150.482,150.581
2024-02-14 21:00,150.582,150.625,150.534,150.556
2024-02-14 22:00,150.535,150.589,150.437,150.482
2024-02-14 23:00,150.491,150.570,150.414,150.564
2024-02-15 00:00,150.554,150.559,150.261,150.281
2024-02-15 01:00,150.282,150.313,150.136,150.196
2024-02-15 02:00,150.196,150.283,150.179,150.259
2024-02-15 03:00,150.256,150.294,150.218,150.269
2024-02-15 04:00,150.269,150.272,150.114,150.140
2024-02-15 05:00,150.141,150.193,150.075,150.180
2024-02-15 06:00,150.180,150.203,150.072,150.092
2024-02-15 07:00,150.091,150.218,150.050,150.202
2024-02-15 08:00,150.204,150.218,150.006,150.027
2024-02-15 09:00,150.027,150.110,149.919,150.023
2024-02-15 10:00,150.024,150.098,149.984,150.047
2024-02-15 11:00,150.045,150.077,149.988,150.071
2024-02-15 12:00,150.074,150.095,150.008,150.054
2024-02-15 13:00,150.056,150.096,149.522,149.826
2024-02-15 14:00,149.825,150.066,149.807,149.898
2024-02-15 15:00,149.894,150.135,149.806,150.052
2024-02-15 16:00,150.050,150.248,150.044,150.195
2024-02-15 17:00,150.195,150.196,150.064,150.091
2024-02-15 18:00,150.089,150.093,149.904,149.923
2024-02-15 19:00,149.919,149.981,149.851,149.955
2024-02-15 20:00,149.954,150.008,149.928,149.947
2024-02-15 21:00,149.951,149.995,149.900,149.906
2024-02-15 22:00,149.904,149.938,149.855,149.883
2024-02-15 23:00,149.891,149.958,149.818,149.946
2024-02-16 00:00,149.958,150.168,149.922,150.152
2024-02-16 01:00,150.157,150.240,150.046,150.058
2024-02-16 02:00,150.056,150.284,150.054,150.282
2024-02-16 03:00,150.278,150.366,150.223,150.310
2024-02-16 04:00,150.310,150.349,150.235,150.252
2024-02-16 05:00,150.251,150.293,150.168,150.177
2024-02-16 06:00,150.176,150.290,150.171,150.189
2024-02-16 07:00,150.189,150.271,150.134,150.233
2024-02-16 08:00,150.235,150.303,150.199,150.241
2024-02-16 09:00,150.242,150.295,150.198,150.283
2024-02-16 10:00,150.287,150.307,150.245,150.256
2024-02-16 11:00,150.252,150.266,150.139,150.179
2024-02-16 12:00,150.177,150.295,150.159,150.291
2024-02-16 13:00,150.289,150.646,150.280,150.520
2024-02-16 14:00,150.520,150.636,150.442,150.455
2024-02-16 15:00,150.464,150.500,150.107,150.243
2024-02-16 16:00,150.240,150.365,150.204,150.345
2024-02-16 17:00,150.343,150.394,150.218,150.223
2024-02-16 18:00,150.224,150.249,150.112,150.144
2024-02-16 19:00,150.140,150.232,150.082,150.230
2024-02-16 20:00,150.231,150.288,150.204,150.240
2024-02-16 21:00,150.242,150.244,150.156,150.181
2024-02-16 22:00,150.175,150.175,150.175,150.175
2024-02-19 00:00,150.146,150.152,149.918,149.936
2024-02-19 01:00,149.933,150.004,149.873,149.970
2024-02-19 02:00,149.976,150.006,149.922,149.939
2024-02-19 03:00,149.940,149.982,149.907,149.936
2024-02-19 04:00,149.935,150.039,149.927,150.025
2024-02-19 05:00,150.026,150.027,149.942,150.007
2024-02-19 06:00,150.004,150.031,149.955,149.979
2024-02-19 07:00,149.978,150.003,149.931,149.972
2024-02-19 08:00,149.977,150.004,149.924,149.956
2024-02-19 09:00,149.952,149.963,149.888,149.935
2024-02-19 10:00,149.937,149.999,149.924,149.989
2024-02-19 11:00,149.986,149.998,149.942,149.987
2024-02-19 12:00,149.986,150.028,149.945,150.027
2024-02-19 13:00,150.021,150.032,149.933,149.968
2024-02-19 14:00,149.964,150.067,149.948,150.040
2024-02-19 15:00,150.041,150.163,150.040,150.157
2024-02-19 16:00,150.162,150.192,150.150,150.167
2024-02-19 17:00,150.167,150.190,150.147,150.182
2024-02-19 18:00,150.185,150.189,150.147,150.149
2024-02-19 19:00,150.151,150.169,150.125,150.136
2024-02-19 20:00,150.133,150.150,150.125,150.133
2024-02-19 21:00,150.129,150.151,150.092,150.112
2024-02-19 22:00,150.077,150.148,150.074,150.113
2024-02-19 23:00,150.113,150.302,150.099,150.258
2024-02-20 00:00,150.271,150.333,150.200,150.270
2024-02-20 01:00,150.269,150.346,150.188,150.272
2024-02-20 02:00,150.268,150.368,150.264,150.319
2024-02-20 03:00,150.318,150.355,150.275,150.319
2024-02-20 04:00,150.319,150.341,150.288,150.335
2024-02-20 05:00,150.332,150.437,150.316,150.419
2024-02-20 06:00,150.418,150.435,150.344,150.384
2024-02-20 07:00,150.386,150.407,150.294,150.356
2024-02-20 08:00,150.359,150.388,150.274,150.317
2024-02-20 09:00,150.315,150.346,150.248,150.272
2024-02-20 10:00,150.270,150.296,150.110,150.138
2024-02-20 11:00,150.136,150.251,150.102,150.226
2024-02-20 12:00,150.222,150.228,150.054,150.147
2024-02-20 13:00,150.151,150.202,149.928,149.985
2024-02-20 14:00,149.980,150.038,149.774,149.814
2024-02-20 15:00,149.818,149.838,149.679,149.785
2024-02-20 16:00,149.786,149.902,149.738,149.878
2024-02-20 17:00,149.875,149.962,149.844,149.894
2024-02-20 18:00,149.895,150.010,149.878,149.974
2024-02-20 19:00,149.972,150.029,149.904,150.023
2024-02-20 20:00,150.022,150.071,149.960,149.967
2024-02-20 21:00,149.968,150.045,149.962,150.003
2024-02-20 22:00,149.994,149.994,149.907,149.926
2024-02-20 23:00,149.927,149.970,149.881,149.959
2024-02-21 00:00,149.963,150.055,149.924,150.014
2024-02-21 01:00,150.015,150.091,149.988,149.990
2024-02-21 02:00,149.991,150.000,149.900,149.936
2024-02-21 03:00,149.938,149.940,149.848,149.868
2024-02-21 04:00,149.870,150.016,149.863,150.000
2024-02-21 05:00,149.999,150.037,149.930,149.982
2024-02-21 06:00,149.978,150.078,149.944,150.063
2024-02-21 07:00,150.058,150.150,150.023,150.146
2024-02-21 08:00,150.142,150.188,150.114,150.174
2024-02-21 09:00,150.174,150.182,150.050,150.090
2024-02-21 10:00,150.087,150.102,149.976,149.992
2024-02-21 11:00,149.996,150.074,149.981,150.068
2024-02-21 12:00,150.067,150.094,149.928,150.016
2024-02-21 13:00,150.017,150.086,149.936,150.078
2024-02-21 14:00,150.076,150.142,149.984,150.103
2024-02-21 15:00,150.104,150.263,150.036,150.248
2024-02-21 16:00,150.248,150.298,150.224,150.289
2024-02-21 17:00,150.287,150.388,150.274,150.304
2024-02-21 18:00,150.306,150.390,150.243,150.276
2024-02-21 19:00,150.276,150.393,150.121,150.197
2024-02-21 20:00,150.195,150.240,150.170,150.195
2024-02-21 21:00,150.195,150.298,150.186,150.274
2024-02-21 22:00,150.294,150.353,150.229,150.306
2024-02-21 23:00,150.312,150.381,150.260,150.343
2024-02-22 00:00,150.337,150.437,150.336,150.392
2024-02-22 01:00,150.395,150.460,150.292,150.311
2024-02-22 02:00,150.310,150.416,150.302,150.406
2024-02-22 03:00,150.402,150.440,150.366,150.424
2024-02-22 04:00,150.425,150.452,150.230,150.285
2024-02-22 05:00,150.287,150.301,150.221,150.279
2024-02-22 06:00,150.283,150.298,150.202,150.230
2024-02-22 07:00,150.231,150.264,150.078,150.132
2024-02-22 08:00,150.133,150.247,150.012,150.167
2024-02-22 09:00,150.166,150.290,150.123,150.173
2024-02-22 10:00,150.173,150.202,150.116,150.162
2024-02-22 11:00,150.158,150.256,150.142,150.215
2024-02-22 12:00,150.212,150.414,150.202,150.404
2024-02-22 13:00,150.402,150.597,150.368,150.563
2024-02-22 14:00,150.564,150.646,150.400,150.423
2024-02-22 15:00,150.424,150.596,150.416,150.506
2024-02-22 16:00,150.503,150.640,150.472,150.622
2024-02-22 17:00,150.625,150.689,150.545,150.606
2024-02-22 18:00,150.606,150.651,150.476,150.542
2024-02-22 19:00,150.537,150.581,150.497,150.551
2024-02-22 20:00,150.551,150.570,150.492,150.501
2024-02-22 21:00,150.502,150.564,150.497,150.528
2024-02-22 22:00,150.527,150.544,150.467,150.507
2024-02-22 23:00,150.512,150.513,150.443,150.474
2024-02-23 00:00,150.470,150.560,150.388,150.441
2024-02-23 01:00,150.439,150.483,150.368,150.460
2024-02-23 02:00,150.457,150.493,150.418,150.490
2024-02-23 03:00,150.486,150.509,150.464,150.484
2024-02-23 04:00,150.479,150.535,150.454,150.527
2024-02-23 05:00,150.527,150.607,150.524,150.602
2024-02-23 06:00,150.600,150.651,150.554,150.579
2024-02-23 07:00,150.579,150.608,150.520,150.557
2024-02-23 08:00,150.556,150.674,150.522,150.624
2024-02-23 09:00,150.626,150.762,150.624,150.742
2024-02-23 10:00,150.746,150.770,150.694,150.729
2024-02-23 11:00,150.728,150.746,150.646,150.653
2024-02-23 12:00,150.650,150.656,150.394,150.418
2024-02-23 13:00,150.414,150.492,150.330,150.472
2024-02-23 14:00,150.474,150.498,150.315,150.356
2024-02-23 15:00,150.355,150.557,150.342,150.525
2024-02-23 16:00,150.524,150.539,150.290,150.358
2024-02-23 17:00,150.358,150.424,150.314,150.409
2024-02-23 18:00,150.408,150.420,150.339,150.371
2024-02-23 19:00,150.373,150.464,150.350,150.457
2024-02-23 20:00,150.457,150.510,150.437,150.495
2024-02-23 21:00,150.497,150.545,150.450,150.473
2024-02-23 22:00,150.469,150.469,150.440,150.440
2024-02-26 00:00,150.501,150.501,150.294,150.368
2024-02-26 01:00,150.366,150.432,150.288,150.422
2024-02-26 02:00,150.422,150.493,150.420,150.490
2024-02-26 03:00,150.490,150.497,150.451,150.472
2024-02-26 04:00,150.474,150.519,150.436,150.500
2024-02-26 05:00,150.497,150.505,150.362,150.433
2024-02-26 06:00,150.434,150.489,150.378,150.414
2024-02-26 07:00,150.416,150.455,150.362,150.455
2024-02-26 08:00,150.448,150.592,150.402,150.584
2024-02-26 09:00,150.585,150.670,150.572,150.633
2024-02-26 10:00,150.632,150.657,150.588,150.627
2024-02-26 11:00,150.633,150.697,150.589,150.686
2024-02-26 12:00,150.684,150.689,150.522,150.610
2024-02-26 13:00,150.607,150.652,150.527,150.645
2024-02-26 14:00,150.642,150.745,150.619,150.704
2024-02-26 15:00,150.707,150.808,150.665,150.745
2024-02-26 16:00,150.744,150.817,150.732,150.793
2024-02-26 17:00,150.793,150.838,150.719,150.769
2024-02-26 18:00,150.764,150.816,150.755,150.777
2024-02-26 19:00,150.774,150.796,150.728,150.764
2024-02-26 20:00,150.764,150.766,150.668,150.679
2024-02-26 21:00,150.676,150.724,150.674,150.697
2024-02-26 22:00,150.689,150.705,150.624,150.648
2024-02-26 23:00,150.655,150.703,150.498,150.557
2024-02-27 00:00,150.570,150.609,150.523,150.568
2024-02-27 01:00,150.567,150.575,150.485,150.507
2024-02-27 02:00,150.502,150.517,150.458,150.492
2024-02-27 03:00,150.490,150.500,150.418,150.420
2024-02-27 04:00,150.419,150.468,150.404,150.455
2024-02-27 05:00,150.454,150.528,150.402,150.514
2024-02-27 06:00,150.514,150.537,150.458,150.487
2024-02-27 07:00,150.487,150.503,150.318,150.353
2024-02-27 08:00,150.350,150.361,150.113,150.168
2024-02-27 09:00,150.171,150.266,150.136,150.262
2024-02-27 10:00,150.266,150.296,150.224,150.270
2024-02-27 11:00,150.269,150.377,150.254,150.309
2024-02-27 12:00,150.312,150.314,150.163,150.224
2024-02-27 13:00,150.221,150.318,150.068,150.269
2024-02-27 14:00,150.272,150.443,150.262,150.390
2024-02-27 15:00,150.373,150.548,150.241,150.435
2024-02-27 16:00,150.433,150.492,150.368,150.463
2024-02-27 17:00,150.464,150.536,150.398,150.418
2024-02-27 18:00,150.422,150.478,150.296,150.462
2024-02-27 19:00,150.462,150.583,150.453,150.526
2024-02-27 20:00,150.532,150.535,150.452,150.495
2024-02-27 21:00,150.494,150.532,150.476,150.487
2024-02-27 22:00,150.503,150.507,150.441,150.463
2024-02-27 23:00,150.478,150.514,150.444,150.502
2024-02-28 00:00,150.511,150.537,150.372,150.467
2024-02-28 01:00,150.470,150.493,150.378,150.393
2024-02-28 02:00,150.396,150.475,150.368,150.456
2024-02-28 03:00,150.456,150.540,150.438,150.532
2024-02-28 04:00,150.532,150.640,150.512,150.618
2024-02-28 05:00,150.618,150.639,150.590,150.599
2024-02-28 06:00,150.600,150.686,150.576,150.680
2024-02-28 07:00,150.676,150.751,150.647,150.739
2024-02-28 08:00,150.741,150.792,150.732,150.787
2024-02-28 09:00,150.787,150.797,150.702,150.740
2024-02-28 10:00,150.743,150.747,150.642,150.667
2024-02-28 11:00,150.664,150.700,150.606,150.629
2024-02-28 12:00,150.633,150.741,150.590,150.738
2024-02-28 13:00,150.734,150.741,150.522,150.713
2024-02-28 14:00,150.708,150.798,150.654,150.794
2024-02-28 15:00,150.795,150.844,150.700,150.812
2024-02-28 16:00,150.808,150.817,150.674,150.680
2024-02-28 17:00,150.674,150.721,150.647,150.699
2024-02-28 18:00,150.693,150.740,150.638,150.712
2024-02-28 19:00,150.715,150.724,150.649,150.696
2024-02-28 20:00,150.695,150.724,150.659,150.688
2024-02-28 21:00,150.684,150.709,150.666,150.685
2024-02-28 22:00,150.688,150.688,150.548,150.632
2024-02-28 23:00,150.637,150.662,150.527,150.652
2024-02-29 00:00,150.656,150.656,150.545,150.566
2024-02-29 01:00,150.562,150.566,150.189,150.211
2024-02-29 02:00,150.208,150.227,149.756,149.786
2024-02-29 03:00,149.786,149.869,149.708,149.812
2024-02-29 04:00,149.811,149.884,149.688,149.820
2024-02-29 05:00,149.822,150.108,149.692,149.899
2024-02-29 06:00,149.906,149.932,149.710,149.753
2024-02-29 07:00,149.747,149.805,149.620,149.666
2024-02-29 08:00,149.664,149.828,149.608,149.666
2024-02-29 09:00,149.667,149.907,149.646,149.803
2024-02-29 10:00,149.805,150.101,149.783,150.092
2024-02-29 11:00,150.095,150.106,149.958,149.971
2024-02-29 12:00,149.971,150.099,149.920,150.070
2024-02-29 13:00,150.070,150.150,149.728,149.778
2024-02-29 14:00,149.776,149.849,149.472,149.508
2024-02-29 15:00,149.512,149.699,149.204,149.643
2024-02-29 16:00,149.645,149.905,149.634,149.904
2024-02-29 17:00,149.900,150.046,149.887,149.989
2024-02-29 18:00,149.992,150.016,149.835,149.867
2024-02-29 19:00,149.866,149.987,149.840,149.966
2024-02-29 20:00,149.965,149.969,149.901,149.911
2024-02-29 21:00,149.915,150.005,149.898,149.971
2024-02-29 22:00,149.968,150.027,149.915,149.975
2024-02-29 23:00,149.979,150.179,149.932,150.088
2024-03-01 00:00,150.064,150.292,150.055,150.212
2024-03-01 01:00,150.211,150.369,150.211,150.351
2024-03-01 02:00,150.352,150.413,150.315,150.350
2024-03-01 03:00,150.349,150.364,150.297,150.324
2024-03-01 04:00,150.325,150.400,150.319,150.386
2024-03-01 05:00,150.381,150.480,150.369,150.442
2024-03-01 06:00,150.440,150.462,150.324,150.346
2024-03-01 07:00,150.347,150.499,150.344,150.494
2024-03-01 08:00,150.498,150.686,150.485,150.648
2024-03-01 09:00,150.646,150.661,150.444,150.625
2024-03-01 10:00,150.624,150.648,150.302,150.354
2024-03-01 11:00,150.358,150.485,150.318,150.387
2024-03-01 12:00,150.384,150.568,150.364,150.561
2024-03-01 13:00,150.557,150.657,150.463,150.643
2024-03-01 14:00,150.638,150.720,150.554,150.666
2024-03-01 15:00,150.663,150.663,150.081,150.122
2024-03-01 16:00,150.122,150.268,150.070,150.202
2024-03-01 17:00,150.198,150.225,150.096,150.147
2024-03-01 18:00,150.147,150.244,150.068,150.129
2024-03-01 19:00,150.125,150.130,150.048,150.115
2024-03-01 20:00,150.113,150.164,150.094,150.149
2024-03-01 21:00,150.146,150.157,150.051,150.064
2024-03-04 00:00,150.126,150.144,149.836,149.979
2024-03-04 01:00,149.977,150.209,149.968,150.127
2024-03-04 02:00,150.126,150.189,150.097,150.170
2024-03-04 03:00,150.170,150.195,150.108,150.160
2024-03-04 04:00,150.158,150.265,150.137,150.248
2024-03-04 05:00,150.253,150.322,150.220,150.302
2024-03-04 06:00,150.302,150.387,150.265,150.354
2024-03-04 07:00,150.355,150.400,150.294,150.308
2024-03-04 08:00,150.308,150.382,150.169,150.373
2024-03-04 09:00,150.374,150.398,150.186,150.245
2024-03-04 10:00,150.242,150.466,150.241,150.417
2024-03-04 11:00,150.415,150.457,150.382,150.423
2024-03-04 12:00,150.419,150.445,150.339,150.445
2024-03-04 13:00,150.444,150.570,150.431,150.458
2024-03-04 14:00,150.457,150.550,150.308,150.329
2024-03-04 15:00,150.325,150.501,150.319,150.485
2024-03-04 16:00,150.480,150.525,150.430,150.447
2024-03-04 17:00,150.451,150.543,150.430,150.523
2024-03-04 18:00,150.522,150.559,150.483,150.553
2024-03-04 19:00,150.553,150.563,150.490,150.553
2024-03-04 20:00,150.551,150.559,150.481,150.519
2024-03-04 21:00,150.520,150.539,150.494,150.524
2024-03-04 22:00,150.514,150.531,150.399,150.431
2024-03-04 23:00,150.441,150.543,150.378,150.464
2024-03-05 00:00,150.453,150.489,150.348,150.396
2024-03-05 01:00,150.399,150.484,150.378,150.460
2024-03-05 02:00,150.466,150.538,150.450,150.493
2024-03-05 03:00,150.492,150.509,150.438,150.500
2024-03-05 04:00,150.495,150.537,150.478,150.529
2024-03-05 05:00,150.529,150.546,150.457,150.497
2024-03-05 06:00,150.496,150.544,150.457,150.479
2024-03-05 07:00,150.478,150.503,150.346,150.421
2024-03-05 08:00,150.418,150.485,150.340,150.447
2024-03-05 09:00,150.443,150.463,150.366,150.415
2024-03-05 10:00,150.415,150.429,150.386,150.410
2024-03-05 11:00,150.408,150.441,150.360,150.412
2024-03-05 12:00,150.416,150.441,150.370,150.393
2024-03-05 13:00,150.390,150.393,150.058,150.089
2024-03-05 14:00,150.084,150.181,149.994,150.122
2024-03-05 15:00,150.109,150.119,149.700,149.980
2024-03-05 16:00,149.982,150.226,149.960,150.146
2024-03-05 17:00,150.147,150.172,150.048,150.092
2024-03-05 18:00,150.089,150.113,149.967,149.977
2024-03-05 19:00,149.979,150.051,149.923,149.931
2024-03-05 20:00,149.933,149.954,149.834,149.918
2024-03-05 21:00,149.919,150.080,149.900,150.036
2024-03-05 22:00,150.030,150.057,149.975,150.007
2024-03-05 23:00,150.016,150.042,149.811,150.028
2024-03-06 00:00,150.048,150.084,149.893,149.993
2024-03-06 01:00,149.993,150.042,149.952,150.030
2024-03-06 02:00,150.028,150.031,149.889,149.904
2024-03-06 03:00,149.903,149.995,149.901,149.978
2024-03-06 04:00,149.974,150.022,149.930,149.934
2024-03-06 05:00,149.935,149.940,149.804,149.909
2024-03-06 06:00,149.908,149.937,149.824,149.844
2024-03-06 07:00,149.843,149.846,149.322,149.534
2024-03-06 08:00,149.535,149.808,149.526,149.748
2024-03-06 09:00,149.747,149.865,149.618,149.642
2024-03-06 10:00,149.645,149.810,149.564,149.738
2024-03-06 11:00,149.738,149.799,149.681,149.708
2024-03-06 12:00,149.707,149.742,149.550,149.627
2024-03-06 13:00,149.629,149.702,149.330,149.365
2024-03-06 14:00,149.366,149.445,149.268,149.373
2024-03-06 15:00,149.381,149.644,149.258,149.365
2024-03-06 16:00,149.362,149.448,149.128,149.172
2024-03-06 17:00,149.170,149.357,149.089,149.320
2024-03-06 18:00,149.320,149.331,149.197,149.263
2024-03-06 19:00,149.261,149.386,149.250,149.341
2024-03-06 20:00,149.344,149.472,149.342,149.351
2024-03-06 21:00,149.350,149.448,149.326,149.367
2024-03-06 22:00,149.349,149.370,149.262,149.329
2024-03-06 23:00,149.324,149.332,149.191,149.261
2024-03-07 00:00,149.261,149.261,148.876,148.893
2024-03-07 01:00,148.892,148.973,148.554,148.619
2024-03-07 02:00,148.615,148.794,148.598,148.756
2024-03-07 03:00,148.755,148.771,148.604,148.662
2024-03-07 04:00,148.665,148.671,148.398,148.547
2024-03-07 05:00,148.551,148.681,148.506,148.632
2024-03-07 06:00,148.633,148.681,148.114,148.195
2024-03-07 07:00,148.196,148.251,147.932,147.935
2024-03-07 08:00,147.941,148.099,147.806,147.928
2024-03-07 09:00,147.930,148.110,147.828,147.981
2024-03-07 10:00,147.985,147.995,147.862,147.868
2024-03-07 11:00,147.869,147.906,147.765,147.835
2024-03-07 12:00,147.836,147.880,147.680,147.830
2024-03-07 13:00,147.828,147.925,147.582,147.761
2024-03-07 14:00,147.769,148.223,147.728,148.115
2024-03-07 15:00,148.119,148.299,148.012,148.134
2024-03-07 16:00,148.140,148.180,147.886,148.089
2024-03-07 17:00,148.085,148.234,148.079,148.104
2024-03-07 18:00,148.104,148.127,148.018,148.112
2024-03-07 19:00,148.112,148.134,147.998,147.999
2024-03-07 20:00,148.002,148.110,147.989,148.077
2024-03-07 21:00,148.079,148.079,148.000,148.045
2024-03-07 22:00,148.037,148.046,147.840,147.907
2024-03-07 23:00,147.907,147.943,147.821,147.858
2024-03-08 00:00,147.864,147.892,147.518,147.745
2024-03-08 01:00,147.748,148.117,147.650,147.973
2024-03-08 02:00,147.970,148.088,147.875,147.961
2024-03-08 03:00,147.966,148.054,147.800,147.815
2024-03-08 04:00,147.809,147.905,147.770,147.852
2024-03-08 05:00,147.849,147.868,147.772,147.802
2024-03-08 06:00,147.796,147.988,147.796,147.855
2024-03-08 07:00,147.860,148.045,147.794,147.882
2024-03-08 08:00,147.880,147.969,147.796,147.812
2024-03-08 09:00,147.815,147.825,146.874,147.130
2024-03-08 10:00,147.133,147.206,146.948,147.097
2024-03-08 11:00,147.093,147.122,146.948,147.099
2024-03-08 12:00,147.098,147.239,147.078,147.224
2024-03-08 13:00,147.225,147.496,146.478,146.958
2024-03-08 14:00,146.959,147.046,146.687,146.892
2024-03-08 15:00,146.888,147.234,146.847,147.029
2024-03-08 16:00,147.028,147.258,147.022,147.177
2024-03-08 17:00,147.176,147.189,147.020,147.023
2024-03-08 18:00,147.026,147.144,146.986,147.067
2024-03-08 19:00,147.066,147.160,147.040,147.047
2024-03-08 20:00,147.047,147.105,147.026,147.057
2024-03-08 21:00,147.065,147.111,147.023,147.030
2024-03-08 22:00,147.020,147.020,147.020,147.020
2024-03-11 00:00,146.792,146.928,146.667,146.759
2024-03-11 01:00,146.762,146.894,146.530,146.871
2024-03-11 02:00,146.873,147.088,146.868,147.068
2024-03-11 03:00,147.068,147.075,146.914,146.931
2024-03-11 04:00,146.932,147.048,146.885,146.903
2024-03-11 05:00,146.900,147.082,146.860,146.972
2024-03-11 06:00,146.974,147.067,146.868,146.919
2024-03-11 07:00,146.918,147.025,146.727,146.747
2024-03-11 08:00,146.746,146.857,146.628,146.719
2024-03-11 09:00,146.718,146.739,146.483,146.611
2024-03-11 10:00,146.609,146.707,146.528,146.670
2024-03-11 11:00,146.667,146.743,146.616,146.642
2024-03-11 12:00,146.642,146.897,146.616,146.825
2024-03-11 13:00,146.825,146.973,146.756,146.963
2024-03-11 14:00,146.963,147.147,146.951,146.991
2024-03-11 15:00,146.993,147.049,146.824,146.857
2024-03-11 16:00,146.860,146.940,146.811,146.871
2024-03-11 17:00,146.871,146.933,146.739,146.916
2024-03-11 18:00,146.918,147.054,146.914,146.944
2024-03-11 19:00,146.945,146.980,146.932,146.965
2024-03-11 20:00,146.964,146.980,146.918,146.937
2024-03-11 21:00,146.921,146.974,146.847,146.964
2024-03-11 22:00,146.968,146.969,146.892,146.947
2024-03-11 23:00,146.946,146.952,146.710,146.731
2024-03-12 00:00,146.737,146.883,146.613,146.869
2024-03-12 01:00,146.869,146.991,146.850,146.934
2024-03-12 02:00,146.935,147.425,146.927,147.409
2024-03-12 03:00,147.409,147.432,147.319,147.390
2024-03-12 04:00,147.389,147.434,147.324,147.382
2024-03-12 05:00,147.383,147.594,147.339,147.517
2024-03-12 06:00,147.516,147.577,147.204,147.398
2024-03-12 07:00,147.396,147.447,147.270,147.334
2024-03-12 08:00,147.333,147.487,147.278,147.325
2024-03-12 09:00,147.327,147.432,147.307,147.419
2024-03-12 10:00,147.422,147.568,147.310,147.325
2024-03-12 11:00,147.328,147.460,147.313,147.433
2024-03-12 12:00,147.436,148.186,147.063,147.649
2024-03-12 13:00,147.649,147.984,147.572,147.810
2024-03-12 14:00,147.809,147.964,147.704,147.899
2024-03-12 15:00,147.899,147.905,147.683,147.698
2024-03-12 16:00,147.692,147.790,147.639,147.701
2024-03-12 17:00,147.701,147.796,147.660,147.786
2024-03-12 18:00,147.786,147.796,147.640,147.688
2024-03-12 19:00,147.687,147.720,147.656,147.680
2024-03-12 20:00,147.677,147.692,147.626,147.641
2024-03-12 21:00,147.636,147.679,147.593,147.621
2024-03-12 22:00,147.618,147.640,147.556,147.579
2024-03-12 23:00,147.574,147.650,147.542,147.639
2024-03-13 00:00,147.616,147.635,147.364,147.369
2024-03-13 01:00,147.366,147.447,147.228,147.416
2024-03-13 02:00,147.421,147.537,147.324,147.371
2024-03-13 03:00,147.369,147.440,147.281,147.380
2024-03-13 04:00,147.379,147.584,147.372,147.573
2024-03-13 05:00,147.569,147.645,147.542,147.567
2024-03-13 06:00,147.566,147.790,147.496,147.740
2024-03-13 07:00,147.742,147.762,147.560,147.678
2024-03-13 08:00,147.677,147.888,147.636,147.872
2024-03-13 09:00,147.872,148.047,147.704,147.991
2024-03-13 10:00,147.989,148.035,147.897,147.914
2024-03-13 11:00,147.914,148.029,147.900,147.968
2024-03-13 12:00,147.972,148.014,147.886,147.945
2024-03-13 13:00,147.943,147.947,147.775,147.889
2024-03-13 14:00,147.888,147.969,147.807,147.838
2024-03-13 15:00,147.837,147.850,147.680,147.734
2024-03-13 16:00,147.737,147.803,147.670,147.709
2024-03-13 17:00,147.706,147.722,147.458,147.631
2024-03-13 18:00,147.627,147.804,147.604,147.766
2024-03-13 19:00,147.767,147.856,147.742,147.839
2024-03-13 20:00,147.842,147.851,147.740,147.752
2024-03-13 21:00,147.747,147.747,147.601,147.619
2024-03-13 22:00,147.616,147.717,147.616,147.704
2024-03-13 23:00,147.700,147.705,147.578,147.636
2024-03-14 00:00,147.589,147.724,147.537,147.591
2024-03-14 01:00,147.590,147.719,147.525,147.673
2024-03-14 02:00,147.672,147.926,147.657,147.899
2024-03-14 03:00,147.897,147.901,147.787,147.856
2024-03-14 04:00,147.854,147.971,147.846,147.910
2024-03-14 05:00,147.908,147.969,147.874,147.919
2024-03-14 06:00,147.919,147.937,147.851,147.883
2024-03-14 07:00,147.887,147.972,147.808,147.866
2024-03-14 08:00,147.863,147.916,147.764,147.864
2024-03-14 09:00,147.862,147.895,147.768,147.774
2024-03-14 10:00,147.778,147.834,147.728,147.748
2024-03-14 11:00,147.744,147.779,147.664,147.700
2024-03-14 12:00,147.698,147.987,147.562,147.844
2024-03-14 13:00,147.847,148.146,147.428,147.996
2024-03-14 14:00,147.995,148.194,147.922,148.110
2024-03-14 15:00,148.107,148.320,148.047,148.189
2024-03-14 16:00,148.189,148.217,148.098,148.187
2024-03-14 17:00,148.186,148.310,148.127,148.274
2024-03-14 18:00,148.281,148.358,148.268,148.296
2024-03-14 19:00,148.294,148.319,148.224,148.235
2024-03-14 20:00,148.235,148.329,148.203,148.312
2024-03-14 21:00,148.322,148.336,148.239,148.285
2024-03-14 22:00,148.279,148.287,148.216,148.258
2024-03-14 23:00,148.258,148.334,148.247,148.298
2024-03-15 00:00,148.299,148.534,148.263,148.443
2024-03-15 01:00,148.444,148.492,148.382,148.468
2024-03-15 02:00,148.468,148.659,148.429,148.454
2024-03-15 03:00,148.453,148.500,148.342,148.371
2024-03-15 04:00,148.373,148.401,148.248,148.310
2024-03-15 05:00,148.309,148.376,148.269,148.317
2024-03-15 06:00,148.316,148.343,148.094,148.218
2024-03-15 07:00,148.210,148.603,148.028,148.571
2024-03-15 08:00,148.567,148.831,148.567,148.707
2024-03-15 09:00,148.704,148.782,148.671,148.718
2024-03-15 10:00,148.722,148.785,148.656,148.774
2024-03-15 11:00,148.770,148.798,148.582,148.646
2024-03-15 12:00,148.651,148.870,148.618,148.801
2024-03-15 13:00,148.800,148.967,148.728,148.913
2024-03-15 14:00,148.912,149.000,148.807,148.975
2024-03-15 15:00,148.972,149.142,148.964,149.136
2024-03-15 16:00,149.136,149.164,148.970,149.090
2024-03-15 17:00,149.089,149.097,149.009,149.036
2024-03-15 18:00,149.036,149.079,148.993,149.038
2024-03-15 19:00,149.036,149.120,148.994,149.073
2024-03-15 20:00,149.074,149.099,148.984,149.033
2024-03-18 00:00,148.955,149.287,148.928,149.277
2024-03-18 01:00,149.274,149.330,149.164,149.191
2024-03-18 02:00,149.191,149.205,148.904,148.973
2024-03-18 03:00,148.974,149.095,148.958,149.091
2024-03-18 04:00,149.089,149.133,149.077,149.110
2024-03-18 05:00,149.112,149.191,149.064,149.113
2024-03-18 06:00,149.113,149.244,149.096,149.216
2024-03-18 07:00,149.219,149.311,149.094,149.118
2024-03-18 08:00,149.121,149.166,149.051,149.122
2024-03-18 09:00,149.120,149.245,149.100,149.205
2024-03-18 10:00,149.207,149.236,149.110,149.130
2024-03-18 11:00,149.129,149.137,149.012,149.028
2024-03-18 12:00,149.029,149.197,149.007,149.177
2024-03-18 13:00,149.173,149.240,149.114,149.213
2024-03-18 14:00,149.208,149.301,149.158,149.284
2024-03-18 15:00,149.280,149.291,149.096,149.131
2024-03-18 16:00,149.133,149.211,149.094,149.140
2024-03-18 17:00,149.138,149.167,148.953,149.103
2024-03-18 18:00,149.102,149.117,149.023,149.114
2024-03-18 19:00,149.111,149.187,149.082,149.187
2024-03-18 20:00,149.187,149.192,149.134,149.147
2024-03-18 21:00,149.141,149.146,149.079,149.106
2024-03-18 22:00,149.107,149.143,149.034,149.037
2024-03-18 23:00,149.039,149.163,149.027,149.156
2024-03-19 00:00,149.150,149.220,149.108,149.208
2024-03-19 01:00,149.207,149.393,149.207,149.297
2024-03-19 02:00,149.297,149.369,149.185,149.362
2024-03-19 03:00,149.360,149.921,148.988,149.697
2024-03-19 04:00,149.700,150.076,149.667,149.967
2024-03-19 05:00,149.967,150.396,149.938,150.299
2024-03-19 06:00,150.297,150.486,150.071,150.375
2024-03-19 07:00,150.365,150.392,149.981,150.258
2024-03-19 08:00,150.257,150.513,150.193,150.335
2024-03-19 09:00,150.335,150.701,150.304,150.680
2024-03-19 10:00,150.674,150.693,150.496,150.532
2024-03-19 11:00,150.534,150.572,150.344,150.384
2024-03-19 12:00,150.385,150.609,150.338,150.491
2024-03-19 13:00,150.501,150.682,150.399,150.667
2024-03-19 14:00,150.667,150.729,150.600,150.686
2024-03-19 15:00,150.687,150.853,150.656,150.732
2024-03-19 16:00,150.729,150.947,150.708,150.938
2024-03-19 17:00,150.942,150.962,150.840,150.897
2024-03-19 18:00,150.891,150.929,150.843,150.919
2024-03-19 19:00,150.920,150.924,150.850,150.891
2024-03-19 20:00,150.890,150.899,150.838,150.845
2024-03-19 21:00,150.847,150.865,150.756,150.806
2024-03-19 22:00,150.799,150.868,150.778,150.837
2024-03-19 23:00,150.836,151.065,150.815,151.046
2024-03-20 00:00,151.019,151.341,150.998,151.153
2024-03-20 01:00,151.153,151.240,151.132,151.167
2024-03-20 02:00,151.166,151.241,151.154,151.232
2024-03-20 03:00,151.229,151.315,151.227,151.312
2024-03-20 04:00,151.316,151.539,151.310,151.482
2024-03-20 05:00,151.482,151.575,151.429,151.536
2024-03-20 06:00,151.534,151.585,151.460,151.468
2024-03-20 07:00,151.472,151.506,151.332,151.487
2024-03-20 08:00,151.483,151.545,151.418,151.450
2024-03-20 09:00,151.449,151.765,151.445,151.682
2024-03-20 10:00,151.682,151.751,151.642,151.667
2024-03-20 11:00,151.666,151.735,151.628,151.707
2024-03-20 12:00,151.707,151.785,151.653,151.758
2024-03-20 13:00,151.760,151.817,151.692,151.741
2024-03-20 14:00,151.741,151.755,151.616,151.670
2024-03-20 15:00,151.670,151.673,151.528,151.661
2024-03-20 16:00,151.656,151.675,151.547,151.611
2024-03-20 17:00,151.611,151.633,151.521,151.584
2024-03-20 18:00,151.588,151.709,150.712,150.785
2024-03-20 19:00,150.785,151.224,150.770,151.202
2024-03-20 20:00,151.203,151.404,151.203,151.250
2024-03-20 21:00,151.243,151.298,151.157,151.195
2024-03-20 22:00,151.195,151.211,150.845,150.849
2024-03-20 23:00,150.851,150.945,150.676,150.732
2024-03-21 00:00,150.736,150.868,150.539,150.614
2024-03-21 01:00,150.622,150.649,150.259,150.497
2024-03-21 02:00,150.499,150.521,150.339,150.488
2024-03-21 03:00,150.489,150.551,150.384,150.486
2024-03-21 04:00,150.487,150.792,150.445,150.766
2024-03-21 05:00,150.761,151.004,150.748,150.996
2024-03-21 06:00,150.993,151.091,150.848,150.997
2024-03-21 07:00,150.993,151.227,150.847,151.219
2024-03-21 08:00,151.220,151.456,151.090,151.172
2024-03-21 09:00,151.174,151.240,151.045,151.079
2024-03-21 10:00,151.084,151.119,150.867,151.110
2024-03-21 11:00,151.108,151.173,150.964,151.111
2024-03-21 12:00,151.106,151.317,151.010,151.162
2024-03-21 13:00,151.163,151.445,151.158,151.402
2024-03-21 14:00,151.405,151.573,151.392,151.504
2024-03-21 15:00,151.506,151.670,151.472,151.593
2024-03-21 16:00,151.592,151.753,151.567,151.688
2024-03-21 17:00,151.688,151.739,151.657,151.723
2024-03-21 18:00,151.719,151.723,151.644,151.672
2024-03-21 19:00,151.672,151.730,151.658,151.682
2024-03-21 20:00,151.681,151.695,151.597,151.609
2024-03-21 21:00,151.609,151.645,151.564,151.580
2024-03-21 22:00,151.596,151.623,151.540,151.544
2024-03-21 23:00,151.545,151.699,151.544,151.645
2024-03-22 00:00,151.633,151.652,151.440,151.528
2024-03-22 01:00,151.527,151.862,151.486,151.780
2024-03-22 02:00,151.780,151.793,151.418,151.627
2024-03-22 03:00,151.626,151.654,151.508,151.567
2024-03-22 04:00,151.567,151.606,151.492,151.584
2024-03-22 05:00,151.580,151.594,151.469,151.485
2024-03-22 06:00,151.482,151.527,151.254,151.307
2024-03-22 07:00,151.307,151.505,151.270,151.418
2024-03-22 08:00,151.418,151.538,151.302,151.474
2024-03-22 09:00,151.479,151.652,151.428,151.618
2024-03-22 10:00,151.617,151.650,151.544,151.611
2024-03-22 11:00,151.613,151.624,151.434,151.466
2024-03-22 12:00,151.467,151.490,150.998,151.213
2024-03-22 13:00,151.209,151.319,151.054,151.168
2024-03-22 14:00,151.168,151.265,151.080,151.187
2024-03-22 15:00,151.184,151.395,151.184,151.344
2024-03-22 16:00,151.349,151.436,151.328,151.389
2024-03-22 17:00,151.389,151.432,151.344,151.418
2024-03-22 18:00,151.422,151.456,151.377,151.450
2024-03-22 19:00,151.451,151.484,151.397,151.425
2024-03-22 20:00,151.424,151.451,151.338,151.429
2024-03-25 00:00,151.312,151.424,151.234,151.302
2024-03-25 01:00,151.305,151.320,151.088,151.244
2024-03-25 02:00,151.243,151.266,151.048,151.136
2024-03-25 03:00,151.133,151.258,151.126,151.231
2024-03-25 04:00,151.231,151.376,151.230,151.365
2024-03-25 05:00,151.362,151.373,151.182,151.212
2024-03-25 06:00,151.216,151.321,151.173,151.320
2024-03-25 07:00,151.320,151.386,151.166,151.323
2024-03-25 08:00,151.323,151.400,151.218,151.356
2024-03-25 09:00,151.356,151.440,151.328,151.400
2024-03-25 10:00,151.398,151.410,151.254,151.289
2024-03-25 11:00,151.290,151.379,151.281,151.295
2024-03-25 12:00,151.291,151.318,151.136,151.231
2024-03-25 13:00,151.230,151.291,151.122,151.269
2024-03-25 14:00,151.268,151.384,151.240,151.357
2024-03-25 15:00,151.354,151.431,151.340,151.419
2024-03-25 16:00,151.419,151.545,151.414,151.480
2024-03-25 17:00,151.483,151.508,151.425,151.502
2024-03-25 18:00,151.506,151.534,151.464,151.472
2024-03-25 19:00,151.474,151.488,151.417,151.444
2024-03-25 20:00,151.444,151.468,151.399,151.407
2024-03-25 21:00,151.400,151.430,151.380,151.405
2024-03-25 22:00,151.402,151.422,151.353,151.419
2024-03-25 23:00,151.416,151.418,151.356,151.370
2024-03-26 00:00,151.377,151.444,151.256,151.279
2024-03-26 01:00,151.279,151.374,151.215,151.359
2024-03-26 02:00,151.356,151.363,151.271,151.332
2024-03-26 03:00,151.332,151.428,151.295,151.403
2024-03-26 04:00,151.402,151.424,151.322,151.358
2024-03-26 05:00,151.357,151.396,151.324,151.368
2024-03-26 06:00,151.367,151.399,151.298,151.311
2024-03-26 07:00,151.311,151.362,151.260,151.319
2024-03-26 08:00,151.317,151.349,151.249,151.258
2024-03-26 09:00,151.258,151.294,151.202,151.268
2024-03-26 10:00,151.264,151.347,151.242,151.272
2024-03-26 11:00,151.270,151.392,151.268,151.388
2024-03-26 12:00,151.388,151.474,151.346,151.452
2024-03-26 13:00,151.449,151.467,151.372,151.405
2024-03-26 14:00,151.404,151.452,151.296,151.385
2024-03-26 15:00,151.385,151.603,151.368,151.583
2024-03-26 16:00,151.580,151.586,151.469,151.520
2024-03-26 17:00,151.520,151.564,151.438,151.563
2024-03-26 18:00,151.563,151.579,151.468,151.533
2024-03-26 19:00,151.536,151.584,151.510,151.579
2024-03-26 20:00,151.579,151.583,151.537,151.556
2024-03-26 21:00,151.556,151.564,151.494,151.501
2024-03-26 22:00,151.510,151.554,151.492,151.524
2024-03-26 23:00,151.526,151.574,151.497,151.532
2024-03-27 00:00,151.517,151.572,151.442,151.513
2024-03-27 01:00,151.515,151.806,151.493,151.729
2024-03-27 02:00,151.729,151.971,151.716,151.889
2024-03-27 03:00,151.886,151.930,151.595,151.696
2024-03-27 04:00,151.697,151.715,151.588,151.687
2024-03-27 05:00,151.687,151.807,151.650,151.751
2024-03-27 06:00,151.748,151.765,151.638,151.695
2024-03-27 07:00,151.693,151.731,151.612,151.705
2024-03-27 08:00,151.705,151.839,151.640,151.781
2024-03-27 09:00,151.782,151.803,151.093,151.364
2024-03-27 10:00,151.365,151.373,151.048,151.198
2024-03-27 11:00,151.202,151.253,151.022,151.232
2024-03-27 12:00,151.232,151.275,151.168,151.249
2024-03-27 13:00,151.248,151.373,151.240,151.326
2024-03-27 14:00,151.326,151.354,151.208,151.248
2024-03-27 15:00,151.248,151.379,151.162,151.343
2024-03-27 16:00,151.343,151.425,151.298,151.319
2024-03-27 17:00,151.317,151.414,151.274,151.388
2024-03-27 18:00,151.386,151.404,151.344,151.362
2024-03-27 19:00,151.356,151.386,151.293,151.323
2024-03-27 20:00,151.319,151.361,151.291,151.317
2024-03-27 21:00,151.310,151.313,151.211,151.249
2024-03-27 22:00,151.250,151.403,151.249,151.328
2024-03-27 23:00,151.329,151.374,151.260,151.290
2024-03-28 00:00,151.290,151.436,151.266,151.412
2024-03-28 01:00,151.410,151.544,151.331,151.348
2024-03-28 02:00,151.346,151.380,151.255,151.362
2024-03-28 03:00,151.363,151.378,151.296,151.356
2024-03-28 04:00,151.360,151.388,151.323,151.353
2024-03-28 05:00,151.354,151.375,151.248,151.345
2024-03-28 06:00,151.349,151.391,151.301,151.336
2024-03-28 07:00,151.341,151.450,151.316,151.435
2024-03-28 08:00,151.436,151.446,151.328,151.425
2024-03-28 09:00,151.426,151.502,151.410,151.458
2024-03-28 10:00,151.455,151.466,151.366,151.398
2024-03-28 11:00,151.398,151.400,151.344,151.369
2024-03-28 12:00,151.368,151.400,151.181,151.210
2024-03-28 13:00,151.210,151.344,151.156,151.263
2024-03-28 14:00,151.264,151.316,151.188,151.211
2024-03-28 15:00,151.207,151.343,151.144,151.336
2024-03-28 16:00,151.339,151.372,151.239,151.337
2024-03-28 17:00,151.334,151.398,151.307,151.384
2024-03-28 18:00,151.385,151.420,151.368,151.387
2024-03-28 19:00,151.387,151.423,151.368,151.389
2024-03-28 20:00,151.383,151.402,151.352,151.367
2024-03-28 21:00,151.375,151.388,151.306,151.368
2024-03-28 22:00,151.373,151.446,151.354,151.409
2024-03-28 23:00,151.408,151.470,151.399,151.446
2024-03-29 00:00,151.440,151.496,151.169,151.313
2024-03-29 01:00,151.314,151.444,151.305,151.343
2024-03-29 02:00,151.340,151.358,151.239,151.307
2024-03-29 03:00,151.307,151.328,151.253,151.287
2024-03-29 04:00,151.284,151.325,151.257,151.280
2024-03-29 05:00,151.279,151.390,151.275,151.355
2024-03-29 06:00,151.352,151.474,151.320,151.408
2024-03-29 07:00,151.409,151.414,151.312,151.342
2024-03-29 08:00,151.342,151.367,151.323,151.345
2024-03-29 09:00,151.344,151.356,151.327,151.334
2024-03-29 10:00,151.330,151.345,151.278,151.309
2024-03-29 11:00,151.307,151.355,151.296,151.341
2024-03-29 12:00,151.335,151.367,151.183,151.220
2024-03-29 13:00,151.221,151.266,151.185,151.214
2024-03-29 14:00,151.212,151.247,151.160,151.241
2024-03-29 15:00,151.240,151.254,151.192,151.226
2024-03-29 16:00,151.221,151.293,151.204,151.277
2024-03-29 17:00,151.280,151.339,151.214,151.298
2024-03-29 18:00,151.306,151.391,151.273,151.391
2024-03-29 19:00,151.387,151.391,151.301,151.307
2024-03-29 20:00,151.331,151.376,151.280,151.311
2024-03-29 21:00,151.303,151.303,151.303,151.303
2024-03-31 23:00,151.353,151.428,151.320,151.409
2024-04-01 00:00,151.405,151.430,151.248,151.375
2024-04-01 01:00,151.376,151.391,151.246,151.274
2024-04-01 02:00,151.277,151.325,151.251,151.314
2024-04-01 03:00,151.316,151.355,151.304,151.344
2024-04-01 04:00,151.347,151.402,151.331,151.365
2024-04-01 05:00,151.367,151.410,151.358,151.382
2024-04-01 06:00,151.380,151.391,151.299,151.367
2024-04-01 07:00,151.364,151.397,151.336,151.340
2024-04-01 08:00,151.339,151.366,151.321,151.335
2024-04-01 09:00,151.338,151.387,151.324,151.382
2024-04-01 10:00,151.383,151.401,151.354,151.364
2024-04-01 11:00,151.366,151.401,151.346,151.389
2024-04-01 12:00,151.391,151.484,151.382,151.451
2024-04-01 13:00,151.455,151.653,151.437,151.565
2024-04-01 14:00,151.565,151.758,151.562,151.694
2024-04-01 15:00,151.695,151.772,151.686,151.722
2024-04-01 16:00,151.718,151.742,151.679,151.699
2024-04-01 17:00,151.695,151.704,151.572,151.618
2024-04-01 18:00,151.615,151.657,151.598,151.652
2024-04-01 19:00,151.653,151.677,151.623,151.643
2024-04-01 20:00,151.645,151.656,151.593,151.635
2024-04-01 21:00,151.631,151.678,151.595,151.618
2024-04-01 22:00,151.626,151.636,151.587,151.604
2024-04-01 23:00,151.606,151.673,151.567,151.592
2024-04-02 00:00,151.592,151.696,151.497,151.681
2024-04-02 01:00,151.682,151.782,151.628,151.772
2024-04-02 02:00,151.774,151.783,151.657,151.678
2024-04-02 03:00,151.680,151.765,151.650,151.758
2024-04-02 04:00,151.759,151.767,151.706,151.760
2024-04-02 05:00,151.760,151.801,151.706,151.740
2024-04-02 06:00,151.740,151.752,151.660,151.680
2024-04-02 07:00,151.681,151.754,151.658,151.674
2024-04-02 08:00,151.671,151.687,151.552,151.639
2024-04-02 09:00,151.637,151.693,151.604,151.671
2024-04-02 10:00,151.667,151.715,151.667,151.694
2024-04-02 11:00,151.693,151.712,151.625,151.651
2024-04-02 12:00,151.653,151.716,151.597,151.689
2024-04-02 13:00,151.684,151.696,151.556,151.568
2024-04-02 14:00,151.564,151.640,151.460,151.577
2024-04-02 15:00,151.579,151.619,151.502,151.547
2024-04-02 16:00,151.549,151.614,151.537,151.590
2024-04-02 17:00,151.590,151.615,151.557,151.564
2024-04-02 18:00,151.565,151.599,151.535,151.595
2024-04-02 19:00,151.594,151.611,151.555,151.566
2024-04-02 20:00,151.562,151.597,151.527,151.543
2024-04-02 21:00,151.540,151.566,151.516,151.562
2024-04-02 22:00,151.561,151.570,151.485,151.550
2024-04-02 23:00,151.552,151.579,151.528,151.543
2024-04-03 00:00,151.544,151.554,151.437,151.551
2024-04-03 01:00,151.552,151.639,151.549,151.592
2024-04-03 02:00,151.595,151.613,151.536,151.583
2024-04-03 03:00,151.581,151.584,151.538,151.561
2024-04-03 04:00,151.558,151.593,151.530,151.589
2024-04-03 05:00,151.592,151.609,151.531,151.588
2024-04-03 06:00,151.589,151.681,151.572,151.665
2024-04-03 07:00,151.667,151.736,151.664,151.678
2024-04-03 08:00,151.678,151.735,151.674,151.728
2024-04-03 09:00,151.732,151.800,151.710,151.755
2024-04-03 10:00,151.751,151.757,151.702,151.706
2024-04-03 11:00,151.710,151.786,151.678,151.771
2024-04-03 12:00,151.772,151.914,151.746,151.849
2024-04-03 13:00,151.846,151.953,151.797,151.920
2024-04-03 14:00,151.912,151.917,151.643,151.786
2024-04-03 15:00,151.785,151.826,151.672,151.677
2024-04-03 16:00,151.678,151.763,151.572,151.641
2024-04-03 17:00,151.645,151.700,151.628,151.679
2024-04-03 18:00,151.676,151.691,151.647,151.670
2024-04-03 19:00,151.670,151.707,151.653,151.679
2024-04-03 20:00,151.682,151.706,151.667,151.684
2024-04-03 21:00,151.682,151.682,151.610,151.642
2024-04-03 22:00,151.648,151.648,151.563,151.589
2024-04-03 23:00,151.585,151.632,151.558,151.581
2024-04-04 00:00,151.581,151.680,151.534,151.566
2024-04-04 01:00,151.567,151.670,151.556,151.640
2024-04-04 02:00,151.642,151.712,151.634,151.708
2024-04-04 03:00,151.705,151.723,151.656,151.671
2024-04-04 04:00,151.667,151.702,151.647,151.694
2024-04-04 05:00,151.695,151.701,151.636,151.641
2024-04-04 06:00,151.639,151.701,151.595,151.690
2024-04-04 07:00,151.684,151.756,151.672,151.689
2024-04-04 08:00,151.684,151.744,151.682,151.711
2024-04-04 09:00,151.712,151.760,151.702,151.748
2024-04-04 10:00,151.744,151.748,151.688,151.700
2024-04-04 11:00,151.694,151.748,151.608,151.738
2024-04-04 12:00,151.738,151.770,151.607,151.622
2024-04-04 13:00,151.623,151.674,151.500,151.587
2024-04-04 14:00,151.588,151.687,151.514,151.663
2024-04-04 15:00,151.662,151.703,151.647,151.663
2024-04-04 16:00,151.662,151.670,151.617,151.644
2024-04-04 17:00,151.644,151.677,151.616,151.671
2024-04-04 18:00,151.671,151.686,151.144,151.200
2024-04-04 19:00,151.202,151.330,151.116,151.229
2024-04-04 20:00,151.231,151.351,151.160,151.329
2024-04-04 21:00,151.328,151.339,151.263,151.302
2024-04-04 22:00,151.308,151.316,151.205,151.296
2024-04-04 23:00,151.307,151.307,151.208,151.293
2024-04-05 00:00,151.292,151.338,150.807,150.908
2024-04-05 01:00,150.907,151.086,150.808,151.064
2024-04-05 02:00,151.065,151.219,151.060,151.180
2024-04-05 03:00,151.181,151.267,151.140,151.258
2024-04-05 04:00,151.262,151.293,151.198,151.216
2024-04-05 05:00,151.210,151.223,151.102,151.184
2024-04-05 06:00,151.183,151.293,151.088,151.261
2024-04-05 07:00,151.260,151.354,151.163,151.338
2024-04-05 08:00,151.332,151.451,151.304,151.411
2024-04-05 09:00,151.410,151.447,151.370,151.419
2024-04-05 10:00,151.416,151.427,151.330,151.340
2024-04-05 11:00,151.332,151.412,151.332,151.374
2024-04-05 12:00,151.370,151.748,151.262,151.655
2024-04-05 13:00,151.655,151.750,151.590,151.613
2024-04-05 14:00,151.613,151.644,151.434,151.522
2024-04-05 15:00,151.521,151.666,151.521,151.589
2024-04-05 16:00,151.587,151.616,151.524,151.575
2024-04-05 17:00,151.578,151.613,151.544,151.585
2024-04-05 18:00,151.583,151.588,151.533,151.548
2024-04-05 19:00,151.549,151.649,151.539,151.645
2024-04-05 20:00,151.645,151.647,151.586,151.586
2024-04-05 21:00,151.612,151.612,151.609,151.609
2024-04-07 23:00,151.689,151.694,151.641,151.680
2024-04-08 00:00,151.679,151.779,151.667,151.708
2024-04-08 01:00,151.706,151.798,151.673,151.778
2024-04-08 02:00,151.777,151.780,151.678,151.767
2024-04-08 03:00,151.770,151.786,151.742,151.769
2024-04-08 04:00,151.766,151.796,151.761,151.789
2024-04-08 05:00,151.793,151.803,151.749,151.787
2024-04-08 06:00,151.788,151.834,151.750,151.760
2024-04-08 07:00,151.755,151.877,151.752,151.866
2024-04-08 08:00,151.868,151.913,151.838,151.906
2024-04-08 09:00,151.902,151.919,151.858,151.870
2024-04-08 10:00,151.872,151.890,151.823,151.853
2024-04-08 11:00,151.848,151.922,151.844,151.915
2024-04-08 12:00,151.914,151.944,151.848,151.876
2024-04-08 13:00,151.875,151.880,151.716,151.734
2024-04-08 14:00,151.735,151.843,151.723,151.811
2024-04-08 15:00,151.809,151.850,151.768,151.785
2024-04-08 16:00,151.782,151.844,151.778,151.831
2024-04-08 17:00,151.833,151.833,151.737,151.772
2024-04-08 18:00,151.773,151.795,151.714,151.772
2024-04-08 19:00,151.771,151.834,151.743,151.833
2024-04-08 20:00,151.833,151.867,151.765,151.774
2024-04-08 21:00,151.765,151.862,151.744,151.812
2024-04-08 22:00,151.813,151.844,151.769,151.835
2024-04-08 23:00,151.804,151.879,151.800,151.866
2024-04-09 00:00,151.833,151.921,151.785,151.908
2024-04-09 01:00,151.905,151.916,151.854,151.888
2024-04-09 02:00,151.889,151.895,151.811,151.875
2024-04-09 03:00,151.869,151.882,151.840,151.856
2024-04-09 04:00,151.854,151.895,151.845,151.886
2024-04-09 05:00,151.890,151.903,151.865,151.890
2024-04-09 06:00,151.889,151.922,151.868,151.914
2024-04-09 07:00,151.913,151.936,151.878,151.904
2024-04-09 08:00,151.905,151.913,151.858,151.886
2024-04-09 09:00,151.887,151.897,151.725,151.836
2024-04-09 10:00,151.839,151.840,151.759,151.793
2024-04-09 11:00,151.791,151.846,151.770,151.828
2024-04-09 12:00,151.827,151.845,151.738,151.766
2024-04-09 13:00,151.764,151.790,151.704,151.764
2024-04-09 14:00,151.769,151.771,151.564,151.651
2024-04-09 15:00,151.652,151.736,151.627,151.728
2024-04-09 16:00,151.724,151.749,151.650,151.664
2024-04-09 17:00,151.668,151.723,151.650,151.691
2024-04-09 18:00,151.690,151.744,151.688,151.735
2024-04-09 19:00,151.739,151.788,151.730,151.736
2024-04-09 20:00,151.735,151.784,151.724,151.727
2024-04-09 21:00,151.727,151.767,151.684,151.736
2024-04-09 22:00,151.744,151.785,151.727,151.745
2024-04-09 23:00,151.748,151.787,151.735,151.776
2024-04-10 00:00,151.775,151.782,151.678,151.718
2024-04-10 01:00,151.719,151.782,151.708,151.720
2024-04-10 02:00,151.724,151.765,151.694,151.755
2024-04-10 03:00,151.752,151.769,151.732,151.750
2024-04-10 04:00,151.754,151.787,151.738,151.783
2024-04-10 05:00,151.781,151.821,151.776,151.810
2024-04-10 06:00,151.809,151.816,151.770,151.781
2024-04-10 07:00,151.780,151.844,151.776,151.839
2024-04-10 08:00,151.837,151.886,151.822,151.852
2024-04-10 09:00,151.849,151.873,151.829,151.854
2024-04-10 10:00,151.854,151.870,151.804,151.829
2024-04-10 11:00,151.828,151.855,151.810,151.841
2024-04-10 12:00,151.838,152.518,151.768,152.382
2024-04-10 13:00,152.380,152.696,152.367,152.670
2024-04-10 14:00,152.667,152.779,152.574,152.771
2024-04-10 15:00,152.772,152.943,152.741,152.900
2024-04-10 16:00,152.901,152.965,152.872,152.944
2024-04-10 17:00,152.938,152.982,152.637,152.779
2024-04-10 18:00,152.765,152.979,152.753,152.961
2024-04-10 19:00,152.962,152.968,152.915,152.959
2024-04-10 20:00,152.957,153.238,152.940,153.146
2024-04-10 21:00,153.144,153.164,152.923,152.984
2024-04-10 22:00,152.985,153.012,152.892,152.924
2024-04-10 23:00,152.913,152.970,152.800,152.951
2024-04-11 00:00,152.948,153.004,152.796,152.835
2024-04-11 01:00,152.830,152.899,152.753,152.810
2024-04-11 02:00,152.807,152.859,152.778,152.826
2024-04-11 03:00,152.826,152.947,152.808,152.942
2024-04-11 04:00,152.946,152.969,152.860,152.894
2024-04-11 05:00,152.890,152.974,152.880,152.965
2024-04-11 06:00,152.968,153.188,152.956,153.164
2024-04-11 07:00,153.162,153.205,153.078,153.130
2024-04-11 08:00,153.138,153.290,153.096,153.236
2024-04-11 09:00,153.238,153.280,153.149,153.163
2024-04-11 10:00,153.167,153.174,153.046,153.066
2024-04-11 11:00,153.069,153.189,153.019,153.088
2024-04-11 12:00,153.086,153.243,152.792,152.843
2024-04-11 13:00,152.841,153.142,152.832,153.135
2024-04-11 14:00,153.132,153.298,153.124,153.268
2024-04-11 15:00,153.266,153.318,153.188,153.193
2024-04-11 16:00,153.193,153.303,153.175,153.234
2024-04-11 17:00,153.231,153.252,153.154,153.177
2024-04-11 18:00,153.173,153.246,153.084,153.240
2024-04-11 19:00,153.242,153.257,153.163,153.200
2024-04-11 20:00,153.200,153.284,153.192,153.251
2024-04-11 21:00,153.256,153.256,153.153,153.202
2024-04-11 22:00,153.213,153.238,153.163,153.224
2024-04-11 23:00,153.223,153.252,153.164,153.198
2024-04-12 00:00,153.188,153.300,152.960,152.969
2024-04-12 01:00,152.969,153.100,152.964,153.099
2024-04-12 02:00,153.096,153.187,153.045,153.179
2024-04-12 03:00,153.182,153.230,153.156,153.204
2024-04-12 04:00,153.206,153.272,153.172,153.235
2024-04-12 05:00,153.237,153.240,153.128,153.207
2024-04-12 06:00,153.201,153.288,153.196,153.271
2024-04-12 07:00,153.270,153.386,153.227,153.247
2024-04-12 08:00,153.242,153.308,153.200,153.302
2024-04-12 09:00,153.305,153.351,153.259,153.299
2024-04-12 10:00,153.297,153.351,153.262,153.266
2024-04-12 11:00,153.267,153.292,153.156,153.160
2024-04-12 12:00,153.159,153.184,152.790,152.854
2024-04-12 13:00,152.855,153.088,152.588,152.925
2024-04-12 14:00,152.927,153.015,152.727,152.927
2024-04-12 15:00,152.925,153.157,152.898,153.122
2024-04-12 16:00,153.120,153.154,153.049,153.102
2024-04-12 17:00,153.102,153.142,153.045,153.124
2024-04-12 18:00,153.127,153.217,153.116,153.213
2024-04-12 19:00,153.214,153.245,153.179,153.234
2024-04-12 20:00,153.237,153.327,153.199,153.243
2024-04-14 23:00,153.278,153.320,153.224,153.308
2024-04-15 00:00,153.299,153.461,153.274,153.458
2024-04-15 01:00,153.457,153.688,153.446,153.567
2024-04-15 02:00,153.568,153.744,153.525,153.709
2024-04-15 03:00,153.709,153.731,153.649,153.671
2024-04-15 04:00,153.670,153.851,153.661,153.776
2024-04-15 05:00,153.781,153.852,153.771,153.822
2024-04-15 06:00,153.822,153.888,153.758,153.872
2024-04-15 07:00,153.872,153.970,153.867,153.905
2024-04-15 08:00,153.904,153.954,153.693,153.865
2024-04-15 09:00,153.868,153.895,153.754,153.870
2024-04-15 10:00,153.869,153.945,153.818,153.927
2024-04-15 11:00,153.927,153.938,153.858,153.912
2024-04-15 12:00,153.912,154.415,153.875,154.190
2024-04-15 13:00,154.186,154.419,154.107,154.358
2024-04-15 14:00,154.356,154.445,153.855,154.330
2024-04-15 15:00,154.329,154.343,154.192,154.254
2024-04-15 16:00,154.257,154.323,154.202,154.301
2024-04-15 17:00,154.300,154.301,154.110,154.172
2024-04-15 18:00,154.174,154.244,154.155,154.208
2024-04-15 19:00,154.205,154.232,154.169,154.222
2024-04-15 20:00,154.220,154.274,154.213,154.252
2024-04-15 21:00,154.262,154.273,154.167,154.223
2024-04-15 22:00,154.220,154.225,154.140,154.157
2024-04-15 23:00,154.171,154.243,154.141,154.213
2024-04-16 00:00,154.208,154.365,154.128,154.289
2024-04-16 01:00,154.288,154.385,154.249,154.360
2024-04-16 02:00,154.355,154.422,154.293,154.318
2024-04-16 03:00,154.317,154.375,154.310,154.352
2024-04-16 04:00,154.348,154.354,154.228,154.271
2024-04-16 05:00,154.268,154.358,154.258,154.347
2024-04-16 06:00,154.343,154.605,154.280,154.510
2024-04-16 07:00,154.508,154.522,154.367,154.389
2024-04-16 08:00,154.390,154.553,154.372,154.503
2024-04-16 09:00,154.501,154.565,154.470,154.561
2024-04-16 10:00,154.557,154.601,154.530,154.595
2024-04-16 11:00,154.590,154.707,154.578,154.616
2024-04-16 12:00,154.618,154.701,154.560,154.644
2024-04-16 13:00,154.644,154.767,153.890,154.566
2024-04-16 14:00,154.565,154.712,154.403,154.591
2024-04-16 15:00,154.589,154.636,154.460,154.572
2024-04-16 16:00,154.568,154.648,154.534,154.577
2024-04-16 17:00,154.579,154.784,154.574,154.698
2024-04-16 18:00,154.698,154.736,154.569,154.646
2024-04-16 19:00,154.647,154.699,154.619,154.624
2024-04-16 20:00,154.630,154.756,154.627,154.737
2024-04-16 21:00,154.690,154.736,154.609,154.650
2024-04-16 22:00,154.650,154.750,154.647,154.707
2024-04-16 23:00,154.678,154.751,154.648,154.694
2024-04-17 00:00,154.698,154.763,154.606,154.720
2024-04-17 01:00,154.720,154.743,154.612,154.712
2024-04-17 02:00,154.683,154.725,154.623,154.678
2024-04-17 03:00,154.680,154.715,154.598,154.644
2024-04-17 04:00,154.642,154.682,154.594,154.643
2024-04-17 05:00,154.644,154.678,154.600,154.619
2024-04-17 06:00,154.617,154.647,154.450,154.472
2024-04-17 07:00,154.473,154.636,154.470,154.610
2024-04-17 08:00,154.611,154.647,154.467,154.562
2024-04-17 09:00,154.560,154.600,154.493,154.595
2024-04-17 10:00,154.590,154.636,154.542,154.626
2024-04-17 11:00,154.626,154.659,154.587,154.630
2024-04-17 12:00,154.627,154.701,154.602,154.626
2024-04-17 13:00,154.626,154.656,154.522,154.652
2024-04-17 14:00,154.651,154.711,154.641,154.652
2024-04-17 15:00,154.652,154.673,154.581,154.611
2024-04-17 16:00,154.610,154.612,154.242,154.273
2024-04-17 17:00,154.269,154.444,154.163,154.311
2024-04-17 18:00,154.303,154.350,154.154,154.348
2024-04-17 19:00,154.349,154.400,154.307,154.333
2024-04-17 20:00,154.331,154.403,154.303,154.377
2024-04-17 21:00,154.365,154.373,154.290,154.317
2024-04-17 22:00,154.319,154.331,154.242,154.276
2024-04-17 23:00,154.276,154.366,154.170,154.341
2024-04-18 00:00,154.335,154.408,154.248,154.280
2024-04-18 01:00,154.280,154.302,154.163,154.223
2024-04-18 02:00,154.219,154.249,153.951,154.131
2024-04-18 03:00,154.128,154.321,154.107,154.236
2024-04-18 04:00,154.232,154.311,154.231,154.294
2024-04-18 05:00,154.289,154.348,154.251,154.285
2024-04-18 06:00,154.287,154.306,154.064,154.277
2024-04-18 07:00,154.276,154.325,154.188,154.264
2024-04-18 08:00,154.262,154.368,154.251,154.355
2024-04-18 09:00,154.354,154.424,154.334,154.417
2024-04-18 10:00,154.416,154.479,154.376,154.443
2024-04-18 11:00,154.442,154.510,154.310,154.370
2024-04-18 12:00,154.371,154.499,154.314,154.369
2024-04-18 13:00,154.369,154.594,154.334,154.521
2024-04-18 14:00,154.518,154.640,154.454,154.633
2024-04-18 15:00,154.633,154.647,154.564,154.613
2024-04-18 16:00,154.610,154.650,154.568,154.620
2024-04-18 17:00,154.620,154.680,154.598,154.639
2024-04-18 18:00,154.638,154.654,154.544,154.593
2024-04-18 19:00,154.595,154.632,154.572,154.616
2024-04-18 20:00,154.620,154.678,154.597,154.637
2024-04-18 21:00,154.624,154.648,154.580,154.594
2024-04-18 22:00,154.590,154.651,154.532,154.641
2024-04-18 23:00,154.644,154.645,154.546,154.611
2024-04-19 00:00,154.610,154.673,154.540,154.625
2024-04-19 01:00,154.624,154.629,153.969,154.232
2024-04-19 02:00,154.231,154.246,153.584,153.896
2024-04-19 03:00,153.897,154.383,153.895,154.306
2024-04-19 04:00,154.309,154.474,154.300,154.321
2024-04-19 05:00,154.321,154.426,154.244,154.337
2024-04-19 06:00,154.333,154.462,154.204,154.420
2024-04-19 07:00,154.416,154.528,154.352,154.468
2024-04-19 08:00,154.470,154.487,154.338,154.408
2024-04-19 09:00,154.409,154.511,154.392,154.481
2024-04-19 10:00,154.486,154.576,154.468,154.530
2024-04-19 11:00,154.526,154.609,154.526,154.601
2024-04-19 12:00,154.596,154.607,154.487,154.530
2024-04-19 13:00,154.531,154.614,154.520,154.580
2024-04-19 14:00,154.580,154.633,154.452,154.592
2024-04-19 15:00,154.589,154.600,154.460,154.545
2024-04-19 16:00,154.546,154.606,154.538,154.579
2024-04-19 17:00,154.580,154.627,154.560,154.620
2024-04-19 18:00,154.621,154.641,154.547,154.575
2024-04-19 19:00,154.573,154.620,154.548,154.604
2024-04-19 20:00,154.603,154.654,154.562,154.562
2024-04-21 23:00,154.628,154.652,154.536,154.635
2024-04-22 00:00,154.633,154.736,154.607,154.669
2024-04-22 01:00,154.672,154.696,154.582,154.616
2024-04-22 02:00,154.616,154.705,154.610,154.653
2024-04-22 03:00,154.652,154.709,154.650,154.680
2024-04-22 04:00,154.681,154.728,154.678,154.712
2024-04-22 05:00,154.714,154.742,154.674,154.721
2024-04-22 06:00,154.720,154.760,154.654,154.674
2024-04-22 07:00,154.675,154.687,154.590,154.650
2024-04-22 08:00,154.652,154.732,154.623,154.722
2024-04-22 09:00,154.722,154.769,154.698,154.767
2024-04-22 10:00,154.767,154.780,154.717,154.749
2024-04-22 11:00,154.754,154.778,154.722,154.759
2024-04-22 12:00,154.761,154.770,154.680,154.746
2024-04-22 13:00,154.742,154.766,154.700,154.736
2024-04-22 14:00,154.734,154.775,154.711,154.729
2024-04-22 15:00,154.728,154.788,154.714,154.773
2024-04-22 16:00,154.768,154.849,154.752,154.795
2024-04-22 17:00,154.793,154.814,154.759,154.812
2024-04-22 18:00,154.813,154.830,154.776,154.797
2024-04-22 19:00,154.796,154.846,154.793,154.833
2024-04-22 20:00,154.833,154.847,154.816,154.835
2024-04-22 21:00,154.830,154.834,154.790,154.811
2024-04-22 22:00,154.804,154.826,154.766,154.811
2024-04-22 23:00,154.805,154.839,154.774,154.808
2024-04-23 00:00,154.813,154.824,154.697,154.784
2024-04-23 01:00,154.784,154.790,154.652,154.726
2024-04-23 02:00,154.722,154.770,154.707,154.760
2024-04-23 03:00,154.765,154.776,154.720,154.749
2024-04-23 04:00,154.746,154.763,154.714,154.737
2024-04-23 05:00,154.736,154.794,154.736,154.764
2024-04-23 06:00,154.769,154.784,154.712,154.758
2024-04-23 07:00,154.756,154.860,154.752,154.821
2024-04-23 08:00,154.822,154.862,154.795,154.844
2024-04-23 09:00,154.840,154.854,154.802,154.837
2024-04-23 10:00,154.832,154.837,154.775,154.797
2024-04-23 11:00,154.795,154.824,154.758,154.801
2024-04-23 12:00,154.798,154.834,154.764,154.810
2024-04-23 13:00,154.809,154.875,154.570,154.638
2024-04-23 14:00,154.636,154.802,154.568,154.791
2024-04-23 15:00,154.794,154.838,154.764,154.813
2024-04-23 16:00,154.816,154.836,154.773,154.824
2024-04-23 17:00,154.824,154.831,154.550,154.749
2024-04-23 18:00,154.750,154.812,154.706,154.756
2024-04-23 19:00,154.756,154.826,154.740,154.824
2024-04-23 20:00,154.824,154.835,154.797,154.824
2024-04-23 21:00,154.823,154.825,154.728,154.767
2024-04-23 22:00,154.768,154.808,154.740,154.778
2024-04-23 23:00,154.778,154.784,154.726,154.745
2024-04-24 00:00,154.744,154.821,154.735,154.797
2024-04-24 01:00,154.792,154.824,154.768,154.797
2024-04-24 02:00,154.793,154.816,154.786,154.810
2024-04-24 03:00,154.806,154.853,154.796,154.844
2024-04-24 04:00,154.844,154.875,154.828,154.838
2024-04-24 05:00,154.835,154.884,154.830,154.873
2024-04-24 06:00,154.869,154.942,154.858,154.925
2024-04-24 07:00,154.924,154.971,154.764,154.902
2024-04-24 08:00,154.898,154.925,154.858,154.894
2024-04-24 09:00,154.898,154.937,154.868,154.931
2024-04-24 10:00,154.934,154.937,154.900,154.929
2024-04-24 11:00,154.933,154.944,154.898,154.927
2024-04-24 12:00,154.922,155.172,154.760,154.950
2024-04-24 13:00,154.949,155.017,154.835,154.985
2024-04-24 14:00,154.985,155.107,154.938,155.002
2024-04-24 15:00,154.998,155.135,154.970,155.116
2024-04-24 16:00,155.112,155.132,155.058,155.112
2024-04-24 17:00,155.112,155.372,155.081,155.288
2024-04-24 18:00,155.285,155.334,155.236,155.262
2024-04-24 19:00,155.265,155.305,155.215,155.295
2024-04-24 20:00,155.294,155.372,155.286,155.332
2024-04-24 21:00,155.330,155.343,155.179,155.225
2024-04-24 22:00,155.224,155.241,155.192,155.223
2024-04-24 23:00,155.225,155.275,155.204,155.263
2024-04-25 00:00,155.264,155.416,155.240,155.368
2024-04-25 01:00,155.373,155.451,155.346,155.392
2024-04-25 02:00,155.388,155.443,155.360,155.431
2024-04-25 03:00,155.430,155.518,155.411,155.461
2024-04-25 04:00,155.458,155.629,155.446,155.588
2024-04-25 05:00,155.584,155.741,155.584,155.659
2024-04-25 06:00,155.659,155.690,155.598,155.660
2024-04-25 07:00,155.663,155.690,155.557,155.627
2024-04-25 08:00,155.626,155.693,155.608,155.672
2024-04-25 09:00,155.671,155.692,155.624,155.632
2024-04-25 10:00,155.632,155.641,155.511,155.543
2024-04-25 11:00,155.544,155.577,155.490,155.556
2024-04-25 12:00,155.556,155.747,155.301,155.679
2024-04-25 13:00,155.673,155.685,155.349,155.649
2024-04-25 14:00,155.648,155.684,155.502,155.567
2024-04-25 15:00,155.566,155.586,155.494,155.516
2024-04-25 16:00,155.519,155.610,155.493,155.508
2024-04-25 17:00,155.511,155.612,155.469,155.560
2024-04-25 18:00,155.563,155.644,155.525,155.597
2024-04-25 19:00,155.596,155.636,155.554,155.630
2024-04-25 20:00,155.630,155.656,155.606,155.646
2024-04-25 21:00,155.639,155.648,155.511,155.579
2024-04-25 22:00,155.588,155.613,155.538,155.577
2024-04-25 23:00,155.566,155.639,155.542,155.617
2024-04-26 00:00,155.621,155.646,155.566,155.633
2024-04-26 01:00,155.633,155.659,155.547,155.592
2024-04-26 02:00,155.598,155.629,155.531,155.561
2024-04-26 03:00,155.557,156.143,155.408,155.938
2024-04-26 04:00,155.943,156.215,155.938,156.194
2024-04-26 05:00,156.193,156.213,156.086,156.103
2024-04-26 06:00,156.104,156.463,155.904,156.386
2024-04-26 07:00,156.380,156.822,156.370,156.698
2024-04-26 08:00,156.703,156.707,154.962,156.557
2024-04-26 09:00,156.558,156.694,156.458,156.685
2024-04-26 10:00,156.684,156.842,156.627,156.816
2024-04-26 11:00,156.812,156.866,156.270,156.817
2024-04-26 12:00,156.812,156.953,156.593,156.831
2024-04-26 13:00,156.835,156.934,156.768,156.931
2024-04-26 14:00,156.928,157.311,156.837,157.271
2024-04-26 15:00,157.262,157.673,157.202,157.621
2024-04-26 16:00,157.616,157.791,157.584,157.645
2024-04-26 17:00,157.648,157.790,157.575,157.702
2024-04-26 18:00,157.701,157.777,157.693,157.726
2024-04-26 19:00,157.725,157.897,157.700,157.886
2024-04-26 20:00,157.884,158.439,157.848,158.291
2024-04-26 21:00,158.312,158.312,158.296,158.296
2024-04-28 23:00,158.218,158.335,158.184,158.199
2024-04-29 00:00,158.198,158.302,158.046,158.192
2024-04-29 01:00,158.191,160.216,158.187,159.164
2024-04-29 02:00,159.160,159.477,159.082,159.369
2024-04-29 03:00,159.369,159.457,159.298,159.399
2024-04-29 04:00,159.395,159.594,155.187,156.292
2024-04-29 05:00,156.299,156.938,155.032,156.788
2024-04-29 06:00,156.792,157.233,156.667,157.032
2024-04-29 07:00,157.028,157.184,154.487,155.559
2024-04-29 08:00,155.556,155.945,155.062,155.868
2024-04-29 09:00,155.869,155.956,155.450,155.733
2024-04-29 10:00,155.733,155.958,155.463,155.883
2024-04-29 11:00,155.883,156.384,155.823,156.229
2024-04-29 12:00,156.226,156.504,156.084,156.415
2024-04-29 13:00,156.411,156.728,156.241,156.706
2024-04-29 14:00,156.706,156.892,156.640,156.678
2024-04-29 15:00,156.680,156.750,156.570,156.715
2024-04-29 16:00,156.712,156.733,155.078,155.852
2024-04-29 17:00,155.854,156.171,155.745,156.092
2024-04-29 18:00,156.094,156.100,155.565,155.809
2024-04-29 19:00,155.811,156.094,155.809,156.037
2024-04-29 20:00,156.035,156.363,156.003,156.334
2024-04-29 21:00,156.322,156.329,156.161,156.268
2024-04-29 22:00,156.266,156.306,156.049,156.272
2024-04-29 23:00,156.261,156.387,156.163,156.331
2024-04-30 00:00,156.331,156.837,156.160,156.815
2024-04-30 01:00,156.809,157.000,156.559,156.853
2024-04-30 02:00,156.849,156.891,156.684,156.721
2024-04-30 03:00,156.715,156.870,156.704,156.735
2024-04-30 04:00,156.734,156.841,156.728,156.754
2024-04-30 05:00,156.753,156.830,156.697,156.820
2024-04-30 06:00,156.826,156.890,156.712,156.826
2024-04-30 07:00,156.825,156.950,156.472,156.862
2024-04-30 08:00,156.862,156.978,156.816,156.928
2024-04-30 09:00,156.935,156.960,156.870,156.928
2024-04-30 10:00,156.927,156.952,156.817,156.922
2024-04-30 11:00,156.916,156.957,156.895,156.955
2024-04-30 12:00,156.950,157.494,156.812,157.454
2024-04-30 13:00,157.454,157.539,157.302,157.428
2024-04-30 14:00,157.423,157.464,157.236,157.334
2024-04-30 15:00,157.330,157.573,157.310,157.545
2024-04-30 16:00,157.546,157.576,157.429,157.455
2024-04-30 17:00,157.463,157.644,157.440,157.567
2024-04-30 18:00,157.565,157.731,157.546,157.700
2024-04-30 19:00,157.693,157.761,157.670,157.707
2024-04-30 20:00,157.704,157.847,157.704,157.790
2024-04-30 21:00,157.778,157.782,157.613,157.700
2024-04-30 22:00,157.704,157.812,157.639,157.710
2024-04-30 23:00,157.696,157.751,157.673,157.747
2024-05-01 00:00,157.737,157.856,157.678,157.744
2024-05-01 01:00,157.744,157.848,157.726,157.801
2024-05-01 02:00,157.799,157.893,157.788,157.877
2024-05-01 03:00,157.883,157.935,157.835,157.913
2024-05-01 04:00,157.915,157.925,157.812,157.856
2024-05-01 05:00,157.855,157.923,157.818,157.920
2024-05-01 06:00,157.913,157.979,157.846,157.971
2024-05-01 07:00,157.966,157.987,157.864,157.880
2024-05-01 08:00,157.877,157.983,157.862,157.952
2024-05-01 09:00,157.953,157.968,157.893,157.916
2024-05-01 10:00,157.914,157.927,157.854,157.909
2024-05-01 11:00,157.903,157.912,157.857,157.874
2024-05-01 12:00,157.874,157.922,157.758,157.775
2024-05-01 13:00,157.779,157.817,157.504,157.596
2024-05-01 14:00,157.590,157.715,157.381,157.662
2024-05-01 15:00,157.656,157.737,157.584,157.646
2024-05-01 16:00,157.642,157.664,157.596,157.617
2024-05-01 17:00,157.614,157.668,157.557,157.630
2024-05-01 18:00,157.630,157.756,156.998,157.113
2024-05-01 19:00,157.123,157.488,157.100,157.476
2024-05-01 20:00,157.477,157.586,152.986,154.520
2024-05-01 21:00,154.560,155.337,154.224,154.252
2024-05-01 22:00,154.255,155.423,154.158,155.390
2024-05-01 23:00,155.428,155.756,155.196,155.727
2024-05-02 00:00,155.727,156.083,155.650,156.011
2024-05-02 01:00,156.017,156.283,155.920,156.074
2024-05-02 02:00,156.077,156.144,155.693,155.821
2024-05-02 03:00,155.817,156.101,155.779,155.938
2024-05-02 04:00,155.937,156.074,155.698,155.827
2024-05-02 05:00,155.824,155.890,155.590,155.695
2024-05-02 06:00,155.697,155.709,155.158,155.434
2024-05-02 07:00,155.440,155.523,155.198,155.500
2024-05-02 08:00,155.498,155.553,155.096,155.140
2024-05-02 09:00,155.140,155.312,155.016,155.264
2024-05-02 10:00,155.258,155.352,155.080,155.091
2024-05-02 11:00,155.090,155.172,154.667,154.741
2024-05-02 12:00,154.737,154.866,154.396,154.518
2024-05-02 13:00,154.519,154.785,154.342,154.394
2024-05-02 14:00,154.398,154.546,154.040,154.068
2024-05-02 15:00,154.068,154.150,153.472,153.781
2024-05-02 16:00,153.781,153.924,153.494,153.765
2024-05-02 17:00,153.765,153.811,153.235,153.379
2024-05-02 18:00,153.379,153.414,153.056,153.056
2024-05-02 19:00,153.067,153.318,153.053,153.192
2024-05-02 20:00,153.188,153.821,153.183,153.627
2024-05-02 21:00,153.584,153.784,153.582,153.697
2024-05-02 22:00,153.692,153.717,153.207,153.284
2024-05-02 23:00,153.273,153.302,152.872,153.136
2024-05-03 00:00,153.146,153.446,152.930,153.146
2024-05-03 01:00,153.143,153.232,152.748,152.836
2024-05-03 02:00,152.835,153.064,152.752,153.038
2024-05-03 03:00,153.034,153.143,152.934,153.006
2024-05-03 04:00,153.005,153.079,152.806,152.910
2024-05-03 05:00,152.913,153.063,152.843,152.988
2024-05-03 06:00,152.994,153.313,152.892,153.286
2024-05-03 07:00,153.278,153.302,153.140,153.293
2024-05-03 08:00,153.296,153.332,153.130,153.189
2024-05-03 09:00,153.189,153.199,152.948,153.051
2024-05-03 10:00,153.050,153.130,153.035,153.098
2024-05-03 11:00,153.097,153.238,153.088,153.199
2024-05-03 12:00,153.194,153.306,151.853,152.199
2024-05-03 13:00,152.200,152.631,152.168,152.504
2024-05-03 14:00,152.456,153.073,152.141,152.893
2024-05-03 15:00,152.891,152.958,152.734,152.859
2024-05-03 16:00,152.857,152.903,152.745,152.872
2024-05-03 17:00,152.870,152.958,152.839,152.901
2024-05-03 18:00,152.897,152.981,152.892,152.935
2024-05-03 19:00,152.936,152.960,152.838,152.888
2024-05-03 20:00,152.888,153.008,152.840,153.008
2024-05-03 21:00,152.949,152.949,152.949,152.949
2024-05-05 23:00,153.226,153.703,153.116,153.653
2024-05-06 00:00,153.655,153.755,153.315,153.413
2024-05-06 01:00,153.411,153.647,153.335,153.558
2024-05-06 02:00,153.558,153.812,153.546,153.756
2024-05-06 03:00,153.757,153.970,153.738,153.917
2024-05-06 04:00,153.918,154.005,153.837,153.931
2024-05-06 05:00,153.930,153.978,153.868,153.921
2024-05-06 06:00,153.921,153.947,153.679,153.687
2024-05-06 07:00,153.685,153.823,153.656,153.802
2024-05-06 08:00,153.799,153.878,153.676,153.728
2024-05-06 09:00,153.729,153.843,153.702,153.778
2024-05-06 10:00,153.776,153.825,153.680,153.809
2024-05-06 11:00,153.811,153.819,153.735,153.747
2024-05-06 12:00,153.750,153.791,153.408,153.516
2024-05-06 13:00,153.520,153.808,153.494,153.785
2024-05-06 14:00,153.782,153.964,153.670,153.926
2024-05-06 15:00,153.924,154.001,153.844,153.853
2024-05-06 16:00,153.853,153.965,153.835,153.904
2024-05-06 17:00,153.904,153.935,153.812,153.907
2024-05-06 18:00,153.907,153.963,153.868,153.909
2024-05-06 19:00,153.907,153.963,153.881,153.934
2024-05-06 20:00,153.935,153.948,153.861,153.883
2024-05-06 21:00,153.889,153.902,153.819,153.854
2024-05-06 22:00,153.861,153.959,153.852,153.955
2024-05-06 23:00,153.952,154.282,153.946,154.239
2024-05-07 00:00,154.239,154.288,153.874,153.937
2024-05-07 01:00,153.938,154.436,153.880,154.361
2024-05-07 02:00,154.354,154.592,154.346,154.550
2024-05-07 03:00,154.548,154.575,154.453,154.550
2024-05-07 04:00,154.548,154.650,154.420,154.473
2024-05-07 05:00,154.472,154.553,154.375,154.540
2024-05-07 06:00,154.539,154.577,154.310,154.347
2024-05-07 07:00,154.345,154.440,154.060,154.112
2024-05-07 08:00,154.113,154.433,153.972,154.401
2024-05-07 09:00,154.401,154.615,154.390,154.559
2024-05-07 10:00,154.557,154.631,154.450,154.477
2024-05-07 11:00,154.475,154.562,154.360,154.527
2024-05-07 12:00,154.526,154.630,154.380,154.408
2024-05-07 13:00,154.408,154.488,154.240,154.399
2024-05-07 14:00,154.401,154.467,154.230,154.415
2024-05-07 15:00,154.418,154.594,154.358,154.592
2024-05-07 16:00,154.592,154.592,154.478,154.499
2024-05-07 17:00,154.499,154.672,154.453,154.646
2024-05-07 18:00,154.647,154.746,154.646,154.741
2024-05-07 19:00,154.738,154.745,154.623,154.636
2024-05-07 20:00,154.634,154.706,154.632,154.670
2024-05-07 21:00,154.680,154.688,154.515,154.588
2024-05-07 22:00,154.584,154.738,154.563,154.732
2024-05-07 23:00,154.742,154.840,154.724,154.768
2024-05-08 00:00,154.770,154.925,154.682,154.891
2024-05-08 01:00,154.894,155.183,154.877,155.133
2024-05-08 02:00,155.132,155.263,155.084,155.160
2024-05-08 03:00,155.159,155.219,155.063,155.162
2024-05-08 04:00,155.161,155.204,155.080,155.173
2024-05-08 05:00,155.171,155.260,155.154,155.170
2024-05-08 06:00,155.169,155.277,155.110,155.259
2024-05-08 07:00,155.259,155.360,155.190,155.325
2024-05-08 08:00,155.327,155.453,155.204,155.430
2024-05-08 09:00,155.429,155.510,155.260,155.390
2024-05-08 10:00,155.390,155.430,155.328,155.374
2024-05-08 11:00,155.377,155.516,155.350,155.491
2024-05-08 12:00,155.491,155.686,155.484,155.607
2024-05-08 13:00,155.605,155.651,155.496,155.634
2024-05-08 14:00,155.637,155.643,155.500,155.587
2024-05-08 15:00,155.588,155.623,155.341,155.424
2024-05-08 16:00,155.423,155.562,155.419,155.543
2024-05-08 17:00,155.542,155.601,155.508,155.546
2024-05-08 18:00,155.546,155.628,155.538,155.612
2024-05-08 19:00,155.613,155.658,155.600,155.630
2024-05-08 20:00,155.633,155.646,155.461,155.461
2024-05-08 21:00,155.488,155.544,155.394,155.499
2024-05-08 22:00,155.496,155.594,155.470,155.576
2024-05-08 23:00,155.587,155.595,155.339,155.372
2024-05-09 00:00,155.373,155.698,155.144,155.622
2024-05-09 01:00,155.623,155.665,155.423,155.568
2024-05-09 02:00,155.575,155.616,155.528,155.596
2024-05-09 03:00,155.596,155.618,155.503,155.548
2024-05-09 04:00,155.549,155.605,155.530,155.570
2024-05-09 05:00,155.568,155.654,155.537,155.622
2024-05-09 06:00,155.620,155.821,155.616,155.755
2024-05-09 07:00,155.755,155.846,155.708,155.835
2024-05-09 08:00,155.835,155.875,155.794,155.846
2024-05-09 09:00,155.843,155.951,155.838,155.913
2024-05-09 10:00,155.912,155.943,155.876,155.912
2024-05-09 11:00,155.912,155.948,155.818,155.874
2024-05-09 12:00,155.877,155.919,155.514,155.701
2024-05-09 13:00,155.703,155.797,155.563,155.645
2024-05-09 14:00,155.640,155.663,155.424,155.557
2024-05-09 15:00,155.555,155.728,155.499,155.682
2024-05-09 16:00,155.680,155.709,155.591,155.626
2024-05-09 17:00,155.630,155.642,155.506,155.552
2024-05-09 18:00,155.551,155.571,155.422,155.441
2024-05-09 19:00,155.442,155.497,155.406,155.427
2024-05-09 20:00,155.427,155.488,155.396,155.455
2024-05-09 21:00,155.456,155.569,155.424,155.471
2024-05-09 22:00,155.466,155.472,155.291,155.349
2024-05-09 23:00,155.355,155.403,155.257,155.386
2024-05-10 00:00,155.392,155.605,155.353,155.532
2024-05-10 01:00,155.529,155.689,155.453,155.684
2024-05-10 02:00,155.685,155.774,155.658,155.756
2024-05-10 03:00,155.758,155.758,155.682,155.729
2024-05-10 04:00,155.726,155.735,155.654,155.668
2024-05-10 05:00,155.669,155.685,155.570,155.621
2024-05-10 06:00,155.626,155.711,155.495,155.670
2024-05-10 07:00,155.668,155.779,155.630,155.687
2024-05-10 08:00,155.685,155.735,155.600,155.717
2024-05-10 09:00,155.712,155.748,155.650,155.710
2024-05-10 10:00,155.707,155.764,155.680,155.742
2024-05-10 11:00,155.740,155.775,155.678,155.734
2024-05-10 12:00,155.736,155.872,155.706,155.824
2024-05-10 13:00,155.825,155.850,155.597,155.630
2024-05-10 14:00,155.630,155.903,155.620,155.874
2024-05-10 15:00,155.871,155.895,155.820,155.850
2024-05-10 16:00,155.853,155.895,155.766,155.824
2024-05-10 17:00,155.822,155.842,155.747,155.837
2024-05-10 18:00,155.836,155.885,155.830,155.849
2024-05-10 19:00,155.844,155.849,155.757,155.772
2024-05-10 20:00,155.772,155.810,155.720,155.761
2024-05-10 21:00,155.703,155.703,155.703,155.703
2024-05-12 23:00,155.777,155.835,155.752,155.828
2024-05-13 00:00,155.830,155.960,155.813,155.925
2024-05-13 01:00,155.927,155.954,155.493,155.832
2024-05-13 02:00,155.836,155.893,155.690,155.744
2024-05-13 03:00,155.740,155.816,155.708,155.756
2024-05-13 04:00,155.756,155.806,155.748,155.800
2024-05-13 05:00,155.801,155.870,155.757,155.847
2024-05-13 06:00,155.844,155.928,155.770,155.843
2024-05-13 07:00,155.845,155.895,155.784,155.881
2024-05-13 08:00,155.878,155.922,155.820,155.859
2024-05-13 09:00,155.859,155.892,155.832,155.888
2024-05-13 10:00,155.887,155.898,155.832,155.874
2024-05-13 11:00,155.875,155.894,155.840,155.878
2024-05-13 12:00,155.878,155.879,155.712,155.756
2024-05-13 13:00,155.753,155.864,155.678,155.833
2024-05-13 14:00,155.836,155.937,155.832,155.915
2024-05-13 15:00,155.918,156.222,155.869,156.172
2024-05-13 16:00,156.175,156.224,156.113,156.214
2024-05-13 17:00,156.217,156.251,156.198,156.222
2024-05-13 18:00,156.224,156.240,156.166,156.202
2024-05-13 19:00,156.200,156.233,156.177,156.213
2024-05-13 20:00,156.212,156.240,156.182,156.195
2024-05-13 21:00,156.178,156.229,156.094,156.193
2024-05-13 22:00,156.193,156.241,156.165,156.212
2024-05-13 23:00,156.219,156.240,156.174,156.228
2024-05-14 00:00,156.228,156.398,156.218,156.291
2024-05-14 01:00,156.290,156.458,156.285,156.421
2024-05-14 02:00,156.420,156.496,156.414,156.440
2024-05-14 03:00,156.440,156.451,156.374,156.411
2024-05-14 04:00,156.409,156.434,156.369,156.413
2024-05-14 05:00,156.407,156.446,156.390,156.417
2024-05-14 06:00,156.414,156.543,156.404,156.447
2024-05-14 07:00,156.452,156.509,156.420,156.462
2024-05-14 08:00,156.461,156.491,156.407,156.454
2024-05-14 09:00,156.455,156.470,156.284,156.348
2024-05-14 10:00,156.351,156.435,156.342,156.427
2024-05-14 11:00,156.425,156.462,156.402,156.450
2024-05-14 12:00,156.446,156.785,156.402,156.577
2024-05-14 13:00,156.578,156.655,156.224,156.351
2024-05-14 14:00,156.348,156.520,156.278,156.389
2024-05-14 15:00,156.393,156.515,156.376,156.502
2024-05-14 16:00,156.500,156.544,156.447,156.482
2024-05-14 17:00,156.480,156.517,156.424,156.502
2024-05-14 18:00,156.500,156.509,156.378,156.432
2024-05-14 19:00,156.430,156.473,156.402,156.459
2024-05-14 20:00,156.461,156.465,156.391,156.403
2024-05-14 21:00,156.411,156.434,156.376,156.417
2024-05-14 22:00,156.411,156.480,156.382,156.427
2024-05-14 23:00,156.433,156.524,156.417,156.521
2024-05-15 00:00,156.516,156.560,156.377,156.385
2024-05-15 01:00,156.385,156.446,156.297,156.377
2024-05-15 02:00,156.385,156.478,156.376,156.456
2024-05-15 03:00,156.455,156.463,156.379,156.394
2024-05-15 04:00,156.389,156.395,156.338,156.357
2024-05-15 05:00,156.354,156.364,156.166,156.232
2024-05-15 06:00,156.236,156.392,156.224,156.255
2024-05-15 07:00,156.245,156.284,155.958,156.092
2024-05-15 08:00,156.095,156.121,155.568,155.644
2024-05-15 09:00,155.645,155.848,155.598,155.828
2024-05-15 10:00,155.824,155.879,155.699,155.732
2024-05-15 11:00,155.739,155.758,155.570,155.674
2024-05-15 12:00,155.671,155.687,154.741,155.119
2024-05-15 13:00,155.118,155.804,155.026,155.734
2024-05-15 14:00,155.738,155.763,155.290,155.309
2024-05-15 15:00,155.312,155.352,154.736,155.024
2024-05-15 16:00,155.018,155.130,154.830,154.976
2024-05-15 17:00,154.978,155.004,154.688,154.747
2024-05-15 18:00,154.744,155.025,154.728,154.906
2024-05-15 19:00,154.906,155.021,154.862,154.966
2024-05-15 20:00,154.964,154.969,154.822,154.865
2024-05-15 21:00,154.854,154.869,154.730,154.777
2024-05-15 22:00,154.768,154.809,154.495,154.559
2024-05-15 23:00,154.554,154.677,154.145,154.296
2024-05-16 00:00,154.300,154.535,153.594,153.659
2024-05-16 01:00,153.658,154.124,153.623,154.097
2024-05-16 02:00,154.093,154.312,153.827,154.006
2024-05-16 03:00,154.001,154.082,153.890,153.970
2024-05-16 04:00,153.968,154.050,153.797,153.933
2024-05-16 05:00,153.933,154.194,153.843,154.175
2024-05-16 06:00,154.175,154.380,154.107,154.363
2024-05-16 07:00,154.358,154.450,154.272,154.411
2024-05-16 08:00,154.413,154.810,154.332,154.708
2024-05-16 09:00,154.713,154.785,154.630,154.675
2024-05-16 10:00,154.672,154.739,154.607,154.672
2024-05-16 11:00,154.676,154.942,154.652,154.875
2024-05-16 12:00,154.873,155.336,154.602,155.304
2024-05-16 13:00,155.309,155.537,155.256,155.460
2024-05-16 14:00,155.478,155.491,155.222,155.301
2024-05-16 15:00,155.298,155.327,155.158,155.255
2024-05-16 16:00,155.252,155.356,155.234,155.263
2024-05-16 17:00,155.262,155.299,155.207,155.251
2024-05-16 18:00,155.249,155.333,155.232,155.327
2024-05-16 19:00,155.326,155.427,155.309,155.413
2024-05-16 20:00,155.412,155.432,155.356,155.366
2024-05-16 21:00,155.363,155.389,155.305,155.341
2024-05-16 22:00,155.342,155.430,155.294,155.380
2024-05-16 23:00,155.382,155.454,155.338,155.396
2024-05-17 00:00,155.393,155.589,155.338,155.443
2024-05-17 01:00,155.445,155.869,155.410,155.816
2024-05-17 02:00,155.817,155.927,155.771,155.875
2024-05-17 03:00,155.874,155.900,155.772,155.790
2024-05-17 04:00,155.791,155.853,155.730,155.804
2024-05-17 05:00,155.802,155.849,155.712,155.792
2024-05-17 06:00,155.794,155.802,155.592,155.643
2024-05-17 07:00,155.646,155.837,155.617,155.818
2024-05-17 08:00,155.823,155.977,155.811,155.864
2024-05-17 09:00,155.864,155.908,155.774,155.832
2024-05-17 10:00,155.832,155.906,155.795,155.837
2024-05-17 11:00,155.839,155.920,155.821,155.854
2024-05-17 12:00,155.853,155.892,155.708,155.786
2024-05-17 13:00,155.786,155.797,155.678,155.742
2024-05-17 14:00,155.742,155.746,155.338,155.401
2024-05-17 15:00,155.404,155.577,155.245,155.572
2024-05-17 16:00,155.576,155.633,155.462,155.620
2024-05-17 17:00,155.623,155.688,155.577,155.665
2024-05-17 18:00,155.664,155.684,155.603,155.675
2024-05-17 19:00,155.676,155.693,155.615,155.671
2024-05-17 20:00,155.670,155.722,155.582,155.636
2024-05-19 23:00,155.698,155.820,155.679,155.756
2024-05-20 00:00,155.763,155.877,155.724,155.868
2024-05-20 01:00,155.863,155.935,155.793,155.866
2024-05-20 02:00,155.862,155.893,155.772,155.813
2024-05-20 03:00,155.813,155.835,155.674,155.721
2024-05-20 04:00,155.720,155.789,155.662,155.758
2024-05-20 05:00,155.767,155.802,155.638,155.702
2024-05-20 06:00,155.700,155.783,155.650,155.738
2024-05-20 07:00,155.741,155.761,155.492,155.729
2024-05-20 08:00,155.733,155.785,155.630,155.682
2024-05-20 09:00,155.678,155.709,155.620,155.709
2024-05-20 10:00,155.708,155.727,155.640,155.700
2024-05-20 11:00,155.704,155.758,155.680,155.748
2024-05-20 12:00,155.744,156.231,155.710,156.150
2024-05-20 13:00,156.149,156.184,156.039,156.079
2024-05-20 14:00,156.082,156.182,155.992,156.061
2024-05-20 15:00,156.063,156.156,156.052,156.091
2024-05-20 16:00,156.094,156.116,156.066,156.106
2024-05-20 17:00,156.106,156.179,156.044,156.172
2024-05-20 18:00,156.173,156.270,156.162,156.269
2024-05-20 19:00,156.267,156.307,156.240,156.288
2024-05-20 20:00,156.284,156.299,156.228,156.239
2024-05-20 21:00,156.226,156.260,156.134,156.208
2024-05-20 22:00,156.208,156.288,156.187,156.263
2024-05-20 23:00,156.263,156.402,156.252,156.401
2024-05-21 00:00,156.397,156.465,156.334,156.420
2024-05-21 01:00,156.424,156.492,156.412,156.475
2024-05-21 02:00,156.476,156.496,156.388,156.433
2024-05-21 03:00,156.434,156.491,156.401,156.472
2024-05-21 04:00,156.473,156.545,156.399,156.444
2024-05-21 05:00,156.449,156.473,156.294,156.377
2024-05-21 06:00,156.374,156.376,156.093,156.245
2024-05-21 07:00,156.246,156.268,156.020,156.232
2024-05-21 08:00,156.232,156.294,156.120,156.257
2024-05-21 09:00,156.254,156.278,156.080,156.114
2024-05-21 10:00,156.115,156.246,156.098,156.217
2024-05-21 11:00,156.214,156.321,156.204,156.223
2024-05-21 12:00,156.224,156.394,156.170,156.241
2024-05-21 13:00,156.241,156.433,155.940,156.049
2024-05-21 14:00,156.049,156.148,155.838,155.944
2024-05-21 15:00,155.946,156.146,155.942,156.080
2024-05-21 16:00,156.084,156.187,156.068,156.119
2024-05-21 17:00,156.119,156.252,156.102,156.221
2024-05-21 18:00,156.214,156.247,156.172,156.213
2024-05-21 19:00,156.210,156.251,156.132,156.168
2024-05-21 20:00,156.168,156.214,156.138,156.147
2024-05-21 21:00,156.145,156.175,156.060,156.123
2024-05-21 22:00,156.144,156.182,156.114,156.178
2024-05-21 23:00,156.180,156.288,156.170,156.266
2024-05-22 00:00,156.271,156.287,156.134,156.259
2024-05-22 01:00,156.268,156.349,156.242,156.249
2024-05-22 02:00,156.254,156.307,156.199,156.296
2024-05-22 03:00,156.296,156.318,156.272,156.308
2024-05-22 04:00,156.305,156.393,156.289,156.349
2024-05-22 05:00,156.348,156.383,156.277,156.296
2024-05-22 06:00,156.294,156.471,156.279,156.372
2024-05-22 07:00,156.372,156.459,156.370,156.399
2024-05-22 08:00,156.397,156.508,156.380,156.473
2024-05-22 09:00,156.475,156.517,156.408,156.437
2024-05-22 10:00,156.435,156.468,156.388,156.421
2024-05-22 11:00,156.423,156.615,156.408,156.583
2024-05-22 12:00,156.583,156.602,156.500,156.539
2024-05-22 13:00,156.542,156.548,156.330,156.432
2024-05-22 14:00,156.429,156.549,156.376,156.521
2024-05-22 15:00,156.521,156.557,156.462,156.501
2024-05-22 16:00,156.496,156.520,156.454,156.489
2024-05-22 17:00,156.485,156.545,156.442,156.478
2024-05-22 18:00,156.478,156.638,156.457,156.631
2024-05-22 19:00,156.632,156.725,156.624,156.704
2024-05-22 20:00,156.700,156.842,156.697,156.790
2024-05-22 21:00,156.769,156.804,156.646,156.667
2024-05-22 22:00,156.666,156.787,156.621,156.747
2024-05-22 23:00,156.740,156.761,156.652,156.734
2024-05-23 00:00,156.734,156.828,156.682,156.797
2024-05-23 01:00,156.796,156.902,156.735,156.740
2024-05-23 02:00,156.741,156.798,156.642,156.732
2024-05-23 03:00,156.730,156.788,156.716,156.758
2024-05-23 04:00,156.754,156.787,156.688,156.715
2024-05-23 05:00,156.716,156.749,156.664,156.719
2024-05-23 06:00,156.721,156.746,156.573,156.642
2024-05-23 07:00,156.645,156.777,156.554,156.757
2024-05-23 08:00,156.758,156.791,156.707,156.753
2024-05-23 09:00,156.755,156.783,156.640,156.662
2024-05-23 10:00,156.663,156.729,156.631,156.707
2024-05-23 11:00,156.708,156.724,156.554,156.584
2024-05-23 12:00,156.586,156.760,156.520,156.750
2024-05-23 13:00,156.748,157.138,156.670,157.089
2024-05-23 14:00,157.085,157.194,156.719,156.990
2024-05-23 15:00,156.993,157.142,156.972,157.053
2024-05-23 16:00,157.053,157.071,156.958,157.042
2024-05-23 17:00,157.047,157.065,156.930,156.941
2024-05-23 18:00,156.941,156.963,156.823,156.892
2024-05-23 19:00,156.891,156.935,156.856,156.875
2024-05-23 20:00,156.877,156.975,156.848,156.880
2024-05-23 21:00,156.888,157.018,156.861,156.955
2024-05-23 22:00,156.948,157.011,156.900,157.000
2024-05-23 23:00,156.996,157.007,156.913,156.991
2024-05-24 00:00,156.989,157.135,156.914,157.033
2024-05-24 01:00,157.032,157.105,156.985,157.098
2024-05-24 02:00,157.099,157.146,157.055,157.060
2024-05-24 03:00,157.058,157.096,157.038,157.053
2024-05-24 04:00,157.052,157.094,157.012,157.074
2024-05-24 05:00,157.075,157.117,157.038,157.075
2024-05-24 06:00,157.074,157.092,156.980,157.032
2024-05-24 07:00,157.036,157.068,157.000,157.048
2024-05-24 08:00,157.052,157.088,156.980,157.023
2024-05-24 09:00,157.021,157.032,156.950,157.017
2024-05-24 10:00,157.015,157.032,156.920,156.975
2024-05-24 11:00,156.977,157.047,156.954,157.024
2024-05-24 12:00,157.025,157.126,157.000,157.073
2024-05-24 13:00,157.070,157.127,157.025,157.047
2024-05-24 14:00,157.072,157.072,156.912,156.986
2024-05-24 15:00,156.984,156.992,156.844,156.901
2024-05-24 16:00,156.903,156.936,156.818,156.912
2024-05-24 17:00,156.913,156.967,156.876,156.951
2024-05-24 18:00,156.954,156.989,156.906,156.975
2024-05-24 19:00,156.977,156.994,156.924,156.930
2024-05-24 20:00,156.927,156.998,156.891,156.943
2024-05-26 23:00,156.857,156.914,156.816,156.864
2024-05-27 00:00,156.865,156.926,156.744,156.827
2024-05-27 01:00,156.821,156.846,156.672,156.797
2024-05-27 02:00,156.796,156.805,156.680,156.722
2024-05-27 03:00,156.723,156.767,156.657,156.694
2024-05-27 04:00,156.703,156.783,156.681,156.769
2024-05-27 05:00,156.767,156.797,156.717,156.758
2024-05-27 06:00,156.758,156.842,156.741,156.816
2024-05-27 07:00,156.817,156.959,156.800,156.904
2024-05-27 08:00,156.904,156.948,156.850,156.942
2024-05-27 09:00,156.944,156.949,156.860,156.889
2024-05-27 10:00,156.891,156.892,156.820,156.857
2024-05-27 11:00,156.858,156.892,156.800,156.873
2024-05-27 12:00,156.878,156.893,156.812,156.818
2024-05-27 13:00,156.819,156.832,156.753,156.815
2024-05-27 14:00,156.816,156.830,156.718,156.721
2024-05-27 15:00,156.719,156.874,156.702,156.868
2024-05-27 16:00,156.867,156.915,156.853,156.895
2024-05-27 17:00,156.894,156.913,156.860,156.867
2024-05-27 18:00,156.867,156.876,156.840,156.867
2024-05-27 19:00,156.868,156.879,156.838,156.877
2024-05-27 20:00,156.876,156.930,156.828,156.828
2024-05-27 21:00,156.848,156.880,156.789,156.857
2024-05-27 22:00,156.863,156.949,156.822,156.916
2024-05-27 23:00,156.916,156.944,156.826,156.832
2024-05-28 00:00,156.828,156.898,156.773,156.889
2024-05-28 01:00,156.893,156.928,156.730,156.778
2024-05-28 02:00,156.774,156.794,156.683,156.755
2024-05-28 03:00,156.748,156.769,156.619,156.657
2024-05-28 04:00,156.656,156.722,156.616,156.686
2024-05-28 05:00,156.682,156.869,156.652,156.832
2024-05-28 06:00,156.833,156.894,156.782,156.879
2024-05-28 07:00,156.878,156.923,156.838,156.893
2024-05-28 08:00,156.889,156.954,156.850,156.867
2024-05-28 09:00,156.868,156.992,156.863,156.939
2024-05-28 10:00,156.942,156.948,156.815,156.862
2024-05-28 11:00,156.861,156.888,156.768,156.796
2024-05-28 12:00,156.801,156.801,156.648,156.675
2024-05-28 13:00,156.677,156.844,156.576,156.807
2024-05-28 14:00,156.814,156.959,156.803,156.862
2024-05-28 15:00,156.863,156.955,156.826,156.903
2024-05-28 16:00,156.906,156.997,156.871,156.961
2024-05-28 17:00,156.961,157.126,156.959,157.095
2024-05-28 18:00,157.095,157.156,157.082,157.148
2024-05-28 19:00,157.153,157.157,157.102,157.133
2024-05-28 20:00,157.131,157.200,157.111,157.135
2024-05-28 21:00,157.138,157.163,157.085,157.136
2024-05-28 22:00,157.136,157.263,157.112,157.239
2024-05-28 23:00,157.210,157.286,157.205,157.267
2024-05-29 00:00,157.265,157.405,157.253,157.372
2024-05-29 01:00,157.375,157.386,157.218,157.242
2024-05-29 02:00,157.245,157.308,157.202,157.288
2024-05-29 03:00,157.287,157.335,157.264,157.309
2024-05-29 04:00,157.308,157.348,157.225,157.251
2024-05-29 05:00,157.250,157.270,157.197,157.224
2024-05-29 06:00,157.217,157.233,156.892,157.095
2024-05-29 07:00,157.098,157.154,157.010,157.151
2024-05-29 08:00,157.144,157.187,157.062,157.101
2024-05-29 09:00,157.094,157.176,157.090,157.158
2024-05-29 10:00,157.160,157.282,157.154,157.228
2024-05-29 11:00,157.228,157.293,157.196,157.268
2024-05-29 12:00,157.266,157.292,157.152,157.196
2024-05-29 13:00,157.196,157.387,157.160,157.337
2024-05-29 14:00,157.339,157.500,157.303,157.491
2024-05-29 15:00,157.497,157.641,157.431,157.622
2024-05-29 16:00,157.627,157.707,157.610,157.684
2024-05-29 17:00,157.684,157.708,157.620,157.631
2024-05-29 18:00,157.635,157.682,157.618,157.664
2024-05-29 19:00,157.667,157.700,157.637,157.687
2024-05-29 20:00,157.685,157.703,157.610,157.624
2024-05-29 21:00,157.612,157.630,157.540,157.580
2024-05-29 22:00,157.581,157.667,157.569,157.637
2024-05-29 23:00,157.632,157.663,157.587,157.629
2024-05-30 00:00,157.628,157.629,157.301,157.364
2024-05-30 01:00,157.363,157.455,157.344,157.446
2024-05-30 02:00,157.442,157.456,157.307,157.340
2024-05-30 03:00,157.337,157.430,157.258,157.373
2024-05-30 04:00,157.374,157.382,157.120,157.182
2024-05-30 05:00,157.180,157.231,156.898,156.961
2024-05-30 06:00,156.963,156.971,156.698,156.740
2024-05-30 07:00,156.739,157.008,156.532,156.969
2024-05-30 08:00,156.968,157.112,156.903,156.940
2024-05-30 09:00,156.944,156.980,156.841,156.915
2024-05-30 10:00,156.913,157.089,156.913,156.918
2024-05-30 11:00,156.919,156.924,156.675,156.728
2024-05-30 12:00,156.726,156.855,156.567,156.645
2024-05-30 13:00,156.646,156.765,156.369,156.727
2024-05-30 14:00,156.728,156.845,156.525,156.591
2024-05-30 15:00,156.589,156.704,156.576,156.636
2024-05-30 16:00,156.636,156.732,156.628,156.693
2024-05-30 17:00,156.697,156.755,156.661,156.746
2024-05-30 18:00,156.748,156.831,156.746,156.824
2024-05-30 19:00,156.820,156.857,156.791,156.839
2024-05-30 20:00,156.837,156.879,156.772,156.813
2024-05-30 21:00,156.772,156.820,156.724,156.772
2024-05-30 22:00,156.779,156.851,156.732,156.808
2024-05-30 23:00,156.796,156.995,156.779,156.992
2024-05-31 00:00,156.986,157.023,156.599,156.736
2024-05-31 01:00,156.734,156.923,156.634,156.672
2024-05-31 02:00,156.678,156.827,156.568,156.808
2024-05-31 03:00,156.810,156.877,156.720,156.798
2024-05-31 04:00,156.804,156.850,156.668,156.701
2024-05-31 05:00,156.701,156.834,156.686,156.802
2024-05-31 06:00,156.801,156.960,156.784,156.925
2024-05-31 07:00,156.922,157.151,156.922,157.141
2024-05-31 08:00,157.142,157.335,157.059,157.297
2024-05-31 09:00,157.293,157.354,157.240,157.329
2024-05-31 10:00,157.329,157.364,157.208,157.234
2024-05-31 11:00,157.236,157.242,157.122,157.163
2024-05-31 12:00,157.167,157.192,156.747,156.856
2024-05-31 13:00,156.856,156.954,156.675,156.695
2024-05-31 14:00,156.695,157.166,156.556,157.157
2024-05-31 15:00,157.159,157.278,157.075,157.190
2024-05-31 16:00,157.189,157.247,157.144,157.176
2024-05-31 17:00,157.174,157.248,157.174,157.220
2024-05-31 18:00,157.217,157.273,157.166,157.265
2024-05-31 19:00,157.268,157.348,157.222,157.266
2024-05-31 20:00,157.264,157.344,157.216,157.291
2024-06-02 23:00,157.286,157.300,157.124,157.179
2024-06-03 00:00,157.182,157.309,157.043,157.085
2024-06-03 01:00,157.087,157.149,156.990,157.058
2024-06-03 02:00,157.058,157.253,157.050,157.235
2024-06-03 03:00,157.235,157.475,157.202,157.421
2024-06-03 04:00,157.425,157.447,157.366,157.412
2024-06-03 05:00,157.409,157.461,157.359,157.410
2024-06-03 06:00,157.407,157.413,157.236,157.254
2024-06-03 07:00,157.250,157.295,157.100,157.135
2024-06-03 08:00,157.134,157.142,156.999,157.054
2024-06-03 09:00,157.056,157.146,157.010,157.067
2024-06-03 10:00,157.070,157.075,156.720,156.741
2024-06-03 11:00,156.737,156.882,156.630,156.854
2024-06-03 12:00,156.857,156.940,156.680,156.782
2024-06-03 13:00,156.782,156.837,156.621,156.655
2024-06-03 14:00,156.645,156.658,156.126,156.198
2024-06-03 15:00,156.195,156.240,155.947,156.033
2024-06-03 16:00,156.035,156.162,156.011,156.062
2024-06-03 17:00,156.065,156.184,156.032,156.182
2024-06-03 18:00,156.181,156.271,156.172,156.223
2024-06-03 19:00,156.219,156.287,156.200,156.238
2024-06-03 20:00,156.230,156.253,156.018,156.037
2024-06-03 21:00,156.038,156.108,156.001,156.103
2024-06-03 22:00,156.106,156.159,156.049,156.151
2024-06-03 23:00,156.152,156.239,155.983,156.087
2024-06-04 00:00,156.089,156.406,155.978,156.383
2024-06-04 01:00,156.384,156.484,156.309,156.459
2024-06-04 02:00,156.461,156.463,156.316,156.373
2024-06-04 03:00,156.371,156.424,156.305,156.385
2024-06-04 04:00,156.384,156.418,156.247,156.297
2024-06-04 05:00,156.297,156.305,156.080,156.192
2024-06-04 06:00,156.194,156.207,155.796,155.952
2024-06-04 07:00,155.944,155.959,155.357,155.387
2024-06-04 08:00,155.385,155.470,155.208,155.301
2024-06-04 09:00,155.298,155.374,155.020,155.149
2024-06-04 10:00,155.150,155.195,154.700,154.929
2024-06-04 11:00,154.927,155.228,154.840,154.860
2024-06-04 12:00,154.863,155.141,154.705,155.118
2024-06-04 13:00,155.120,155.206,154.798,154.869
2024-06-04 14:00,154.867,155.250,154.541,154.880
2024-06-04 15:00,154.882,155.026,154.755,154.868
2024-06-04 16:00,154.871,154.872,154.742,154.783
2024-06-04 17:00,154.782,154.827,154.541,154.597
2024-06-04 18:00,154.602,154.750,154.594,154.709
2024-06-04 19:00,154.710,154.786,154.700,154.772
2024-06-04 20:00,154.772,154.910,154.764,154.842
2024-06-04 21:00,154.853,154.891,154.774,154.807
2024-06-04 22:00,154.800,154.862,154.771,154.853
2024-06-04 23:00,154.853,155.180,154.816,155.112
2024-06-05 00:00,155.112,155.435,155.090,155.223
2024-06-05 01:00,155.221,155.391,155.215,155.358
2024-06-05 02:00,155.358,155.479,155.356,155.476
2024-06-05 03:00,155.474,155.593,155.355,155.482
2024-06-05 04:00,155.485,155.614,155.439,155.580
2024-06-05 05:00,155.581,155.707,155.530,155.642
2024-06-05 06:00,155.643,155.922,155.600,155.894
2024-06-05 07:00,155.897,156.187,155.856,156.142
2024-06-05 08:00,156.141,156.300,156.060,156.247
2024-06-05 09:00,156.247,156.304,156.010,156.041
2024-06-05 10:00,156.038,156.168,155.954,156.062
2024-06-05 11:00,156.066,156.210,156.020,156.146
2024-06-05 12:00,156.141,156.199,155.894,156.093
2024-06-05 13:00,156.096,156.176,155.716,155.774
2024-06-05 14:00,155.762,156.485,155.684,156.314
2024-06-05 15:00,156.313,156.321,156.076,156.209
2024-06-05 16:00,156.209,156.244,156.097,156.121
2024-06-05 17:00,156.122,156.150,156.065,156.103
2024-06-05 18:00,156.100,156.159,156.065,156.092
2024-06-05 19:00,156.096,156.133,156.064,156.090
2024-06-05 20:00,156.084,156.159,156.049,156.079
2024-06-05 21:00,156.049,156.104,155.959,156.023
2024-06-05 22:00,156.037,156.111,155.849,155.885
2024-06-05 23:00,155.883,156.019,155.796,155.916
2024-06-06 00:00,155.908,155.927,155.590,155.647
2024-06-06 01:00,155.647,155.724,155.349,155.642
2024-06-06 02:00,155.640,155.703,155.425,155.649
2024-06-06 03:00,155.651,155.689,155.526,155.564
2024-06-06 04:00,155.566,155.944,155.561,155.733
2024-06-06 05:00,155.734,155.958,155.705,155.903
2024-06-06 06:00,155.900,156.181,155.808,156.064
2024-06-06 07:00,156.064,156.309,156.027,156.281
2024-06-06 08:00,156.276,156.381,156.114,156.161
2024-06-06 09:00,156.159,156.208,155.908,155.970
2024-06-06 10:00,155.965,156.100,155.892,156.033
2024-06-06 11:00,156.038,156.232,156.025,156.188
2024-06-06 12:00,156.188,156.341,155.872,156.278
2024-06-06 13:00,156.282,156.445,155.901,156.132
2024-06-06 14:00,156.137,156.344,155.996,156.021
2024-06-06 15:00,156.029,156.090,155.928,155.978
2024-06-06 16:00,155.979,156.069,155.768,155.794
2024-06-06 17:00,155.796,155.868,155.706,155.756
2024-06-06 18:00,155.759,155.787,155.647,155.674
2024-06-06 19:00,155.673,155.740,155.457,155.609
2024-06-06 20:00,155.610,155.659,155.560,155.580
2024-06-06 21:00,155.591,155.706,155.527,155.592
2024-06-06 22:00,155.582,155.618,155.539,155.593
2024-06-06 23:00,155.614,155.717,155.574,155.673
2024-06-07 00:00,155.680,155.851,155.574,155.770
2024-06-07 01:00,155.769,155.937,155.656,155.678
2024-06-07 02:00,155.680,155.847,155.668,155.813
2024-06-07 03:00,155.811,155.825,155.732,155.752
2024-06-07 04:00,155.748,155.761,155.491,155.575
2024-06-07 05:00,155.573,155.701,155.438,155.509
2024-06-07 06:00,155.508,155.535,155.129,155.359
2024-06-07 07:00,155.359,155.437,155.116,155.415
2024-06-07 08:00,155.417,155.565,155.308,155.356
2024-06-07 09:00,155.350,155.496,155.325,155.483
2024-06-07 10:00,155.483,155.599,155.448,155.573
2024-06-07 11:00,155.569,155.637,155.426,155.591
2024-06-07 12:00,155.586,156.878,155.357,156.774
2024-06-07 13:00,156.777,156.981,156.618,156.957
2024-06-07 14:00,156.956,157.076,156.776,156.869
2024-06-07 15:00,156.864,156.887,156.418,156.592
2024-06-07 16:00,156.590,156.686,156.510,156.663
2024-06-07 17:00,156.663,156.738,156.568,156.607
2024-06-07 18:00,156.603,156.693,156.561,156.634
2024-06-07 19:00,156.630,156.763,156.613,156.740
2024-06-07 20:00,156.746,156.767,156.668,156.700
2024-06-07 21:00,156.752,156.752,156.752,156.752
2024-06-09 23:00,156.896,156.912,156.800,156.822
2024-06-10 00:00,156.820,156.968,156.717,156.837
2024-06-10 01:00,156.838,156.980,156.768,156.902
2024-06-10 02:00,156.898,156.996,156.884,156.976
2024-06-10 03:00,156.974,157.193,156.966,157.153
2024-06-10 04:00,157.149,157.180,157.020,157.124
2024-06-10 05:00,157.120,157.171,157.021,157.071
2024-06-10 06:00,157.068,157.182,157.003,157.103
2024-06-10 07:00,157.099,157.104,156.928,157.001
2024-06-10 08:00,156.998,157.039,156.874,156.955
2024-06-10 09:00,156.953,156.968,156.782,156.902
2024-06-10 10:00,156.898,156.911,156.740,156.827
2024-06-10 11:00,156.827,156.963,156.810,156.881
2024-06-10 12:00,156.876,157.007,156.795,156.970
2024-06-10 13:00,156.983,156.995,156.811,156.897
2024-06-10 14:00,156.892,156.944,156.829,156.903
2024-06-10 15:00,156.904,156.973,156.882,156.934
2024-06-10 16:00,156.933,157.001,156.908,156.991
2024-06-10 17:00,156.989,157.062,156.948,157.000
2024-06-10 18:00,157.000,157.092,156.980,157.080
2024-06-10 19:00,157.079,157.095,157.005,157.013
2024-06-10 20:00,157.010,157.057,156.987,156.990
2024-06-10 21:00,156.998,157.036,156.913,157.002
2024-06-10 22:00,157.002,157.037,156.948,157.031
2024-06-10 23:00,157.030,157.072,157.016,157.040
2024-06-11 00:00,157.040,157.265,157.028,157.215
2024-06-11 01:00,157.214,157.236,157.124,157.219
2024-06-11 02:00,157.219,157.288,157.182,157.287
2024-06-11 03:00,157.285,157.334,157.192,157.217
2024-06-11 04:00,157.217,157.292,157.197,157.260
2024-06-11 05:00,157.267,157.302,157.148,157.278
2024-06-11 06:00,157.280,157.327,157.205,157.278
2024-06-11 07:00,157.272,157.366,157.244,157.337
2024-06-11 08:00,157.341,157.393,157.192,157.219
2024-06-11 09:00,157.215,157.289,157.139,157.245
2024-06-11 10:00,157.244,157.247,157.080,157.091
2024-06-11 11:00,157.095,157.177,157.041,157.100
2024-06-11 12:00,157.099,157.112,156.802,156.889
2024-06-11 13:00,156.888,157.164,156.888,157.138
2024-06-11 14:00,157.135,157.337,157.096,157.318
2024-06-11 15:00,157.318,157.386,157.248,157.325
2024-06-11 16:00,157.320,157.402,157.294,157.376
2024-06-11 17:00,157.381,157.382,157.096,157.121
2024-06-11 18:00,157.118,157.129,157.012,157.017
2024-06-11 19:00,157.017,157.088,156.928,157.087
2024-06-11 20:00,157.083,157.149,157.055,157.078
2024-06-11 21:00,157.086,157.126,157.040,157.113
2024-06-11 22:00,157.107,157.156,157.042,157.138
2024-06-11 23:00,157.138,157.177,157.048,157.110
2024-06-12 00:00,157.112,157.217,157.062,157.181
2024-06-12 01:00,157.180,157.241,157.040,157.135
2024-06-12 02:00,157.134,157.187,157.091,157.182
2024-06-12 03:00,157.184,157.214,157.160,157.178
2024-06-12 04:00,157.176,157.252,157.124,157.240
2024-06-12 05:00,157.242,157.285,157.188,157.244
2024-06-12 06:00,157.238,157.294,157.182,157.287
2024-06-12 07:00,157.285,157.355,157.249,157.266
2024-06-12 08:00,157.266,157.316,157.250,157.301
2024-06-12 09:00,157.300,157.328,157.248,157.317
2024-06-12 10:00,157.314,157.380,157.290,157.326
2024-06-12 11:00,157.326,157.368,157.280,157.330
2024-06-12 12:00,157.328,157.350,156.060,156.158
2024-06-12 13:00,156.157,156.172,155.760,155.779
2024-06-12 14:00,155.778,156.110,155.710,155.777
2024-06-12 15:00,155.777,155.885,155.720,155.881
2024-06-12 16:00,155.878,155.907,155.714,155.796
2024-06-12 17:00,155.794,155.986,155.752,155.902
2024-06-12 18:00,155.898,156.694,155.821,156.599
2024-06-12 19:00,156.595,156.875,156.526,156.834
2024-06-12 20:00,156.835,156.901,156.658,156.679
2024-06-12 21:00,156.680,156.705,156.547,156.580
2024-06-12 22:00,156.584,156.803,156.563,156.799
2024-06-12 23:00,156.799,156.857,156.698,156.797
2024-06-13 00:00,156.797,156.908,156.701,156.791
2024-06-13 01:00,156.789,156.866,156.690,156.830
2024-06-13 02:00,156.829,157.016,156.824,156.994
2024-06-13 03:00,156.993,157.055,156.964,157.002
2024-06-13 04:00,157.000,157.050,156.985,157.038
2024-06-13 05:00,157.046,157.195,157.039,157.082
2024-06-13 06:00,157.082,157.255,157.058,157.148
2024-06-13 07:00,157.147,157.307,157.116,157.275
2024-06-13 08:00,157.272,157.311,157.168,157.255
2024-06-13 09:00,157.252,157.284,157.150,157.183
2024-06-13 10:00,157.178,157.201,157.120,157.170
2024-06-13 11:00,157.170,157.266,157.140,157.210
2024-06-13 12:00,157.212,157.262,156.570,157.024
2024-06-13 13:00,157.024,157.269,156.956,157.182
2024-06-13 14:00,157.182,157.186,156.911,156.941
2024-06-13 15:00,156.942,156.999,156.747,156.768
2024-06-13 16:00,156.773,156.918,156.690,156.845
2024-06-13 17:00,156.847,156.948,156.718,156.932
2024-06-13 18:00,156.934,156.982,156.849,156.893
2024-06-13 19:00,156.897,157.075,156.886,157.061
2024-06-13 20:00,157.056,157.100,156.972,156.973
2024-06-13 21:00,156.972,157.034,156.935,156.984
2024-06-13 22:00,156.985,157.076,156.952,157.036
2024-06-13 23:00,157.078,157.143,157.053,157.121
2024-06-14 00:00,157.121,157.239,157.059,157.198
2024-06-14 01:00,157.197,157.328,157.182,157.254
2024-06-14 02:00,157.253,157.333,157.131,157.323
2024-06-14 03:00,157.320,157.980,156.795,157.815
2024-06-14 04:00,157.817,157.959,157.780,157.943
2024-06-14 05:00,157.931,158.193,157.848,158.145
2024-06-14 06:00,158.146,158.257,157.623,157.954
2024-06-14 07:00,157.953,158.213,157.646,157.670
2024-06-14 08:00,157.669,157.787,157.264,157.492
2024-06-14 09:00,157.489,157.530,156.918,157.092
2024-06-14 10:00,157.093,157.161,156.880,156.957
2024-06-14 11:00,156.954,157.309,156.948,157.060
2024-06-14 12:00,157.062,157.431,156.944,157.252
2024-06-14 13:00,157.249,157.375,157.103,157.258
2024-06-14 14:00,157.261,157.496,157.026,157.380
2024-06-14 15:00,157.378,157.451,157.138,157.285
2024-06-14 16:00,157.283,157.351,157.256,157.308
2024-06-14 17:00,157.311,157.344,157.220,157.313
2024-06-14 18:00,157.310,157.340,157.267,157.276
2024-06-14 19:00,157.274,157.331,157.261,157.301
2024-06-14 20:00,157.300,157.458,157.278,157.323
2024-06-16 23:00,157.517,157.662,157.488,157.552
2024-06-17 00:00,157.553,157.560,157.290,157.450
2024-06-17 01:00,157.452,157.515,157.382,157.483
2024-06-17 02:00,157.485,157.529,157.430,157.441
2024-06-17 03:00,157.444,157.511,157.326,157.367
2024-06-17 04:00,157.365,157.408,157.322,157.378
2024-06-17 05:00,157.379,157.522,157.379,157.452
2024-06-17 06:00,157.452,157.478,157.150,157.351
2024-06-17 07:00,157.351,157.558,157.279,157.547
2024-06-17 08:00,157.551,157.688,157.536,157.650
2024-06-17 09:00,157.644,157.702,157.591,157.654
2024-06-17 10:00,157.656,157.679,157.540,157.631
2024-06-17 11:00,157.627,157.867,157.620,157.846
2024-06-17 12:00,157.846,157.943,157.790,157.893
2024-06-17 13:00,157.889,157.933,157.782,157.886
2024-06-17 14:00,157.889,157.960,157.825,157.855
2024-06-17 15:00,157.851,157.893,157.775,157.808
2024-06-17 16:00,157.806,157.814,157.724,157.781
2024-06-17 17:00,157.779,157.792,157.725,157.742
2024-06-17 18:00,157.747,157.750,157.672,157.701
2024-06-17 19:00,157.704,157.753,157.690,157.731
2024-06-17 20:00,157.728,157.732,157.681,157.705
2024-06-17 21:00,157.698,157.731,157.636,157.728
2024-06-17 22:00,157.726,157.731,157.634,157.700
2024-06-17 23:00,157.703,157.733,157.628,157.694
2024-06-18 00:00,157.694,157.729,157.599,157.680
2024-06-18 01:00,157.679,157.708,157.512,157.590
2024-06-18 02:00,157.589,157.666,157.548,157.642
2024-06-18 03:00,157.647,157.661,157.578,157.638
2024-06-18 04:00,157.638,157.736,157.576,157.716
2024-06-18 05:00,157.714,157.860,157.664,157.837
2024-06-18 06:00,157.837,157.986,157.816,157.964
2024-06-18 07:00,157.963,158.136,157.926,158.129
2024-06-18 08:00,158.124,158.229,158.067,158.152
2024-06-18 09:00,158.148,158.158,157.992,158.093
2024-06-18 10:00,158.098,158.154,158.063,158.101
2024-06-18 11:00,158.104,158.151,158.022,158.080
2024-06-18 12:00,158.085,158.126,157.620,157.833
2024-06-18 13:00,157.828,157.897,157.659,157.799
2024-06-18 14:00,157.792,158.007,157.756,157.968
2024-06-18 15:00,157.970,158.004,157.742,157.815
2024-06-18 16:00,157.812,157.841,157.696,157.709
2024-06-18 17:00,157.709,157.873,157.635,157.856
2024-06-18 18:00,157.852,157.898,157.763,157.797
2024-06-18 19:00,157.795,157.865,157.743,157.861
2024-06-18 20:00,157.861,157.876,157.811,157.833
2024-06-18 21:00,157.849,157.859,157.791,157.821
2024-06-18 22:00,157.821,157.891,157.771,157.856
2024-06-18 23:00,157.860,157.864,157.804,157.857
2024-06-19 00:00,157.862,157.923,157.845,157.879
2024-06-19 01:00,157.878,157.891,157.718,157.761
2024-06-19 02:00,157.766,157.833,157.726,157.826
2024-06-19 03:00,157.825,157.865,157.801,157.850
2024-06-19 04:00,157.852,157.868,157.811,157.847
2024-06-19 05:00,157.847,157.862,157.766,157.787
2024-06-19 06:00,157.783,157.838,157.638,157.665
2024-06-19 07:00,157.665,157.772,157.595,157.744
2024-06-19 08:00,157.741,157.800,157.731,157.800
2024-06-19 09:00,157.801,157.863,157.790,157.846
2024-06-19 10:00,157.849,157.908,157.814,157.829
2024-06-19 11:00,157.828,157.907,157.827,157.898
2024-06-19 12:00,157.899,157.951,157.868,157.879
2024-06-19 13:00,157.881,157.908,157.867,157.882
2024-06-19 14:00,157.884,157.912,157.863,157.897
2024-06-19 15:00,157.897,157.946,157.886,157.931
2024-06-19 16:00,157.927,157.946,157.887,157.935
2024-06-19 17:00,157.930,157.955,157.915,157.941
2024-06-19 18:00,157.940,158.022,157.932,158.018
2024-06-19 19:00,158.015,158.044,157.988,158.007
2024-06-19 20:00,158.003,158.131,157.995,158.069
2024-06-19 21:00,158.063,158.075,157.789,157.988
2024-06-19 22:00,157.983,158.052,157.929,158.003
2024-06-19 23:00,158.001,158.025,157.916,157.957
2024-06-20 00:00,157.955,158.091,157.950,158.030
2024-06-20 01:00,158.029,158.111,157.967,158.051
2024-06-20 02:00,158.053,158.098,158.045,158.075
2024-06-20 03:00,158.078,158.139,158.057,158.080
2024-06-20 04:00,158.078,158.160,158.069,158.146
2024-06-20 05:00,158.142,158.192,158.074,158.088
2024-06-20 06:00,158.093,158.189,158.062,158.123
2024-06-20 07:00,158.120,158.279,158.078,158.273
2024-06-20 08:00,158.270,158.467,158.264,158.438
2024-06-20 09:00,158.437,158.463,158.363,158.453
2024-06-20 10:00,158.448,158.470,158.386,158.415
2024-06-20 11:00,158.414,158.447,158.365,158.433
2024-06-20 12:00,158.428,158.550,158.235,158.545
2024-06-20 13:00,158.545,158.730,158.492,158.708
2024-06-20 14:00,158.704,158.745,158.629,158.722
2024-06-20 15:00,158.722,158.781,158.663,158.775
2024-06-20 16:00,158.770,158.911,158.744,158.860
2024-06-20 17:00,158.861,158.908,158.814,158.881
2024-06-20 18:00,158.882,158.894,158.687,158.799
2024-06-20 19:00,158.797,158.910,158.794,158.907
2024-06-20 20:00,158.904,158.938,158.866,158.907
2024-06-20 21:00,158.884,158.938,158.855,158.894
2024-06-20 22:00,158.899,158.939,158.874,158.898
2024-06-20 23:00,158.895,158.950,158.813,158.936
2024-06-21 00:00,158.936,159.125,158.895,159.105
2024-06-21 01:00,159.104,159.114,158.902,158.954
2024-06-21 02:00,158.955,158.981,158.821,158.953
2024-06-21 03:00,158.952,158.964,158.865,158.886
2024-06-21 04:00,158.881,158.912,158.863,158.885
2024-06-21 05:00,158.882,158.968,158.812,158.950
2024-06-21 06:00,158.947,159.002,158.908,158.959
2024-06-21 07:00,158.957,159.002,158.664,158.770
2024-06-21 08:00,158.771,158.855,158.671,158.827
2024-06-21 09:00,158.830,158.911,158.776,158.903
2024-06-21 10:00,158.899,159.019,158.870,159.003
2024-06-21 11:00,158.998,159.017,158.896,158.900
2024-06-21 12:00,158.900,159.001,158.846,158.928
2024-06-21 13:00,158.925,159.209,158.901,159.150
2024-06-21 14:00,159.150,159.600,159.131,159.574
2024-06-21 15:00,159.575,159.630,159.394,159.450
2024-06-21 16:00,159.448,159.504,159.407,159.475
2024-06-21 17:00,159.475,159.595,159.446,159.575
2024-06-21 18:00,159.574,159.604,159.515,159.541
2024-06-21 19:00,159.541,159.609,159.519,159.607
2024-06-21 20:00,159.600,159.835,159.562,159.775
2024-06-23 23:00,159.710,159.905,159.673,159.895
2024-06-24 00:00,159.894,159.934,159.774,159.796
2024-06-24 01:00,159.795,159.832,159.641,159.687
2024-06-24 02:00,159.689,159.740,159.633,159.703
2024-06-24 03:00,159.705,159.743,159.616,159.700
2024-06-24 04:00,159.698,159.765,159.680,159.753
2024-06-24 05:00,159.750,159.819,159.707,159.715
2024-06-24 06:00,159.713,159.766,159.661,159.675
2024-06-24 07:00,159.677,159.734,159.644,159.689
2024-06-24 08:00,159.685,159.788,159.659,159.787
2024-06-24 09:00,159.782,159.809,159.585,159.642
2024-06-24 10:00,159.638,159.647,158.740,159.509
2024-06-24 11:00,159.509,159.572,159.338,159.461
2024-06-24 12:00,159.464,159.556,159.340,159.393
2024-06-24 13:00,159.388,159.510,159.319,159.446
2024-06-24 14:00,159.447,159.735,159.368,159.722
2024-06-24 15:00,159.722,159.755,159.623,159.707
2024-06-24 16:00,159.708,159.758,159.629,159.724
2024-06-24 17:00,159.723,159.737,159.677,159.701
2024-06-24 18:00,159.705,159.710,159.534,159.635
2024-06-24 19:00,159.633,159.718,159.604,159.640
2024-06-24 20:00,159.640,159.660,159.558,159.606
2024-06-24 21:00,159.609,159.625,159.556,159.576
2024-06-24 22:00,159.572,159.632,159.538,159.623
2024-06-24 23:00,159.637,159.703,159.613,159.693
2024-06-25 00:00,159.694,159.701,159.330,159.388
2024-06-25 01:00,159.391,159.503,159.186,159.400
2024-06-25 02:00,159.398,159.445,159.307,159.326
2024-06-25 03:00,159.326,159.498,159.317,159.478
2024-06-25 04:00,159.482,159.509,159.408,159.423
2024-06-25 05:00,159.429,159.457,159.270,159.455
2024-06-25 06:00,159.449,159.504,159.375,159.471
2024-06-25 07:00,159.471,159.550,159.365,159.488
2024-06-25 08:00,159.490,159.520,159.416,159.479
2024-06-25 09:00,159.473,159.518,159.418,159.437
2024-06-25 10:00,159.440,159.441,159.288,159.429
2024-06-25 11:00,159.430,159.479,159.412,159.462
2024-06-25 12:00,159.457,159.672,159.422,159.660
2024-06-25 13:00,159.664,159.702,159.558,159.624
2024-06-25 14:00,159.622,159.724,159.582,159.690
2024-06-25 15:00,159.682,159.757,159.658,159.678
2024-06-25 16:00,159.673,159.749,159.670,159.740
2024-06-25 17:00,159.742,159.747,159.650,159.732
2024-06-25 18:00,159.731,159.731,159.659,159.672
2024-06-25 19:00,159.670,159.674,159.597,159.619
2024-06-25 20:00,159.622,159.699,159.613,159.652
2024-06-25 21:00,159.649,159.695,159.595,159.641
2024-06-25 22:00,159.644,159.671,159.586,159.664
2024-06-25 23:00,159.672,159.707,159.614,159.699
2024-06-26 00:00,159.698,159.761,159.662,159.718
2024-06-26 01:00,159.717,159.900,159.689,159.777
2024-06-26 02:00,159.777,159.873,159.750,159.832
2024-06-26 03:00,159.833,159.872,159.780,159.837
2024-06-26 04:00,159.833,159.857,159.735,159.748
2024-06-26 05:00,159.752,159.835,159.741,159.813
2024-06-26 06:00,159.816,159.852,159.789,159.817
2024-06-26 07:00,159.819,159.929,159.812,159.897
2024-06-26 08:00,159.896,159.970,159.864,159.957
2024-06-26 09:00,159.952,160.060,159.854,159.980
2024-06-26 10:00,159.981,160.346,159.981,160.299
2024-06-26 11:00,160.298,160.394,160.200,160.301
2024-06-26 12:00,160.300,160.386,160.273,160.351
2024-06-26 13:00,160.350,160.628,160.012,160.497
2024-06-26 14:00,160.499,160.642,160.430,160.612
2024-06-26 15:00,160.609,160.824,160.589,160.681
2024-06-26 16:00,160.681,160.773,160.598,160.636
2024-06-26 17:00,160.630,160.672,160.586,160.635
2024-06-26 18:00,160.632,160.738,160.632,160.702
2024-06-26 19:00,160.702,160.843,160.679,160.787
2024-06-26 20:00,160.792,160.865,160.765,160.789
2024-06-26 21:00,160.771,160.795,160.690,160.752
2024-06-26 22:00,160.752,160.759,160.654,160.695
2024-06-26 23:00,160.694,160.708,160.578,160.627
2024-06-27 00:00,160.627,160.705,160.487,160.687
2024-06-27 01:00,160.687,160.716,160.390,160.493
2024-06-27 02:00,160.493,160.508,160.376,160.452
2024-06-27 03:00,160.457,160.488,160.388,160.425
2024-06-27 04:00,160.427,160.432,160.301,160.335
2024-06-27 05:00,160.332,160.465,160.305,160.401
2024-06-27 06:00,160.402,160.494,160.316,160.417
2024-06-27 07:00,160.419,160.561,160.388,160.545
2024-06-27 08:00,160.543,160.606,160.501,160.549
2024-06-27 09:00,160.551,160.572,160.471,160.485
2024-06-27 10:00,160.488,160.496,160.389,160.435
2024-06-27 11:00,160.432,160.549,160.412,160.549
2024-06-27 12:00,160.542,160.551,160.276,160.397
2024-06-27 13:00,160.400,160.548,160.354,160.519
2024-06-27 14:00,160.524,160.669,160.416,160.591
2024-06-27 15:00,160.592,160.729,160.564,160.698
2024-06-27 16:00,160.701,160.737,160.674,160.707
2024-06-27 17:00,160.713,160.729,160.660,160.726
2024-06-27 18:00,160.723,160.813,160.704,160.767
2024-06-27 19:00,160.762,160.826,160.748,160.819
2024-06-27 20:00,160.812,160.819,160.715,160.737
2024-06-27 21:00,160.728,160.754,160.662,160.719
2024-06-27 22:00,160.727,160.765,160.680,160.703
2024-06-27 23:00,160.713,160.757,160.628,160.703
2024-06-28 00:00,160.697,161.147,160.645,161.123
2024-06-28 01:00,161.123,161.282,160.946,161.062
2024-06-28 02:00,161.056,161.096,160.836,160.932
2024-06-28 03:00,160.929,161.013,160.849,160.987
2024-06-28 04:00,160.981,161.133,160.980,161.035
2024-06-28 05:00,161.032,161.047,160.896,160.940
2024-06-28 06:00,160.937,160.990,160.875,160.930
2024-06-28 07:00,160.933,161.059,160.836,160.925
2024-06-28 08:00,160.926,160.963,160.853,160.908
2024-06-28 09:00,160.913,160.922,160.653,160.687
2024-06-28 10:00,160.687,160.740,160.456,160.458
2024-06-28 11:00,160.462,160.660,160.430,160.648
2024-06-28 12:00,160.648,160.662,160.330,160.511
2024-06-28 13:00,160.510,160.514,160.258,160.463
2024-06-28 14:00,160.467,160.866,160.374,160.830
2024-06-28 15:00,160.830,160.968,160.796,160.882
2024-06-28 16:00,160.882,160.888,160.801,160.850
2024-06-28 17:00,160.849,160.904,160.747,160.793
2024-06-28 18:00,160.797,160.819,160.699,160.804
2024-06-28 19:00,160.803,160.887,160.789,160.857
2024-06-28 20:00,160.863,160.944,160.776,160.831
2024-06-28 21:00,160.835,160.835,160.835,160.835
2024-06-30 23:00,160.817,160.934,160.768,160.925
2024-07-01 00:00,160.922,161.186,160.731,160.985
2024-07-01 01:00,160.992,161.035,160.834,160.919
2024-07-01 02:00,160.922,160.938,160.831,160.896
2024-07-01 03:00,160.896,161.072,160.891,161.046
2024-07-01 04:00,161.049,161.083,160.970,161.070
2024-07-01 05:00,161.069,161.122,160.990,161.037
2024-07-01 06:00,161.032,161.052,160.900,160.904
2024-07-01 07:00,160.903,161.075,160.866,161.008
2024-07-01 08:00,161.013,161.091,160.948,161.004
2024-07-01 09:00,161.009,161.075,160.967,161.063
2024-07-01 10:00,161.065,161.150,161.028,161.123
2024-07-01 11:00,161.124,161.134,161.070,161.100
2024-07-01 12:00,161.100,161.390,161.098,161.350
2024-07-01 13:00,161.355,161.457,161.269,161.344
2024-07-01 14:00,161.346,161.667,160.946,161.655
2024-07-01 15:00,161.654,161.728,161.530,161.557
2024-07-01 16:00,161.554,161.599,161.469,161.521
2024-07-01 17:00,161.519,161.521,161.400,161.498
2024-07-01 18:00,161.498,161.567,161.467,161.518
2024-07-01 19:00,161.519,161.521,161.455,161.470
2024-07-01 20:00,161.473,161.486,161.402,161.451
2024-07-01 21:00,161.424,161.554,161.384,161.442
2024-07-01 22:00,161.443,161.490,161.391,161.433
2024-07-01 23:00,161.433,161.517,161.413,161.512
2024-07-02 00:00,161.513,161.641,161.500,161.519
2024-07-02 01:00,161.519,161.666,161.456,161.634
2024-07-02 02:00,161.637,161.643,161.532,161.617
2024-07-02 03:00,161.613,161.681,161.612,161.659
2024-07-02 04:00,161.660,161.743,161.592,161.672
2024-07-02 05:00,161.675,161.728,161.622,161.706
2024-07-02 06:00,161.700,161.723,161.587,161.672
2024-07-02 07:00,161.670,161.718,161.594,161.653
2024-07-02 08:00,161.652,161.696,161.551,161.590
2024-07-02 09:00,161.587,161.668,161.557,161.662
2024-07-02 10:00,161.662,161.689,161.600,161.606
2024-07-02 11:00,161.611,161.672,161.584,161.623
2024-07-02 12:00,161.620,161.623,161.476,161.512
2024-07-02 13:00,161.513,161.554,161.264,161.368
2024-07-02 14:00,161.375,161.622,161.324,161.439
2024-07-02 15:00,161.435,161.559,161.406,161.534
2024-07-02 16:00,161.532,161.603,161.526,161.574
2024-07-02 17:00,161.570,161.588,161.507,161.519
2024-07-02 18:00,161.523,161.532,161.449,161.487
2024-07-02 19:00,161.489,161.497,161.418,161.458
2024-07-02 20:00,161.454,161.480,161.384,161.410
2024-07-02 21:00,161.396,161.477,161.356,161.422
2024-07-02 22:00,161.421,161.450,161.381,161.428
2024-07-02 23:00,161.416,161.523,161.414,161.488
2024-07-03 00:00,161.486,161.579,161.438,161.558
2024-07-03 01:00,161.559,161.642,161.516,161.624
2024-07-03 02:00,161.627,161.650,161.562,161.642
2024-07-03 03:00,161.642,161.656,161.614,161.626
2024-07-03 04:00,161.624,161.741,161.607,161.710
2024-07-03 05:00,161.710,161.894,161.694,161.868
2024-07-03 06:00,161.868,161.939,161.667,161.809
2024-07-03 07:00,161.810,161.900,161.720,161.770
2024-07-03 08:00,161.767,161.857,161.755,161.842
2024-07-03 09:00,161.847,161.896,161.796,161.863
2024-07-03 10:00,161.866,161.952,161.840,161.938
2024-07-03 11:00,161.939,161.950,161.890,161.916
2024-07-03 12:00,161.920,161.932,161.788,161.821
2024-07-03 13:00,161.816,161.831,161.590,161.700
2024-07-03 14:00,161.677,161.695,160.768,161.330
2024-07-03 15:00,161.330,161.543,161.264,161.476
2024-07-03 16:00,161.481,161.575,161.397,161.534
2024-07-03 17:00,161.533,161.559,161.447,161.483
2024-07-03 18:00,161.483,161.703,161.462,161.663
2024-07-03 19:00,161.666,161.738,161.635,161.698
2024-07-03 20:00,161.700,161.750,161.640,161.640
2024-07-03 21:00,161.650,161.683,161.520,161.546
2024-07-03 22:00,161.533,161.634,161.521,161.595
2024-07-03 23:00,161.594,161.673,161.568,161.585
2024-07-04 00:00,161.585,161.601,161.368,161.442
2024-07-04 01:00,161.441,161.465,161.132,161.367
2024-07-04 02:00,161.369,161.452,161.312,161.447
2024-07-04 03:00,161.448,161.562,161.378,161.526
2024-07-04 04:00,161.528,161.575,161.460,161.498
2024-07-04 05:00,161.497,161.553,161.444,161.480
2024-07-04 06:00,161.479,161.484,161.334,161.347
2024-07-04 07:00,161.346,161.458,161.264,161.281
2024-07-04 08:00,161.284,161.325,161.188,161.240
2024-07-04 09:00,161.240,161.310,161.237,161.250
2024-07-04 10:00,161.252,161.262,161.048,161.061
2024-07-04 11:00,161.061,161.100,160.942,160.998
2024-07-04 12:00,160.997,161.181,160.942,161.136
2024-07-04 13:00,161.138,161.195,161.087,161.155
2024-07-04 14:00,161.157,161.185,160.957,161.062
2024-07-04 15:00,161.056,161.168,161.050,161.142
2024-07-04 16:00,161.141,161.172,161.110,161.131
2024-07-04 17:00,161.129,161.153,161.104,161.149
2024-07-04 18:00,161.153,161.256,161.145,161.237
2024-07-04 19:00,161.242,161.247,161.162,161.215
2024-07-04 20:00,161.214,161.323,161.192,161.237
2024-07-04 21:00,161.253,161.301,161.158,161.222
2024-07-04 22:00,161.218,161.285,161.164,161.270
2024-07-04 23:00,161.268,161.399,161.247,161.354
2024-07-05 00:00,161.358,161.394,160.816,161.074
2024-07-05 01:00,161.073,161.143,160.875,161.013
2024-07-05 02:00,161.010,161.065,160.927,160.963
2024-07-05 03:00,160.963,160.988,160.522,160.614
2024-07-05 04:00,160.613,160.672,160.528,160.637
2024-07-05 05:00,160.637,160.785,160.636,160.678
2024-07-05 06:00,160.674,160.804,160.567,160.767
2024-07-05 07:00,160.770,160.855,160.647,160.770
2024-07-05 08:00,160.770,160.824,160.628,160.735
2024-07-05 09:00,160.734,160.769,160.610,160.698
2024-07-05 10:00,160.698,160.833,160.644,160.802
2024-07-05 11:00,160.796,160.883,160.767,160.815
2024-07-05 12:00,160.814,161.162,160.326,160.942
2024-07-05 13:00,160.941,161.326,160.778,161.266
2024-07-05 14:00,161.264,161.319,160.894,160.962
2024-07-05 15:00,160.964,161.020,160.626,160.729
2024-07-05 16:00,160.727,160.949,160.700,160.885
2024-07-05 17:00,160.888,160.914,160.808,160.845
2024-07-05 18:00,160.844,160.850,160.705,160.719
2024-07-05 19:00,160.719,160.773,160.705,160.765
2024-07-05 20:00,160.766,160.837,160.715,160.719
2024-07-07 23:00,160.762,160.813,160.569,160.632
2024-07-08 00:00,160.638,160.730,160.556,160.605
2024-07-08 01:00,160.610,160.714,160.390,160.410
2024-07-08 02:00,160.410,160.480,160.258,160.369
2024-07-08 03:00,160.369,160.558,160.352,160.483
2024-07-08 04:00,160.487,160.582,160.468,160.539
2024-07-08 05:00,160.538,160.700,160.524,160.694
2024-07-08 06:00,160.692,160.867,160.536,160.836
2024-07-08 07:00,160.836,160.956,160.778,160.899
2024-07-08 08:00,160.894,161.120,160.870,161.095
2024-07-08 09:00,161.087,161.102,160.980,161.032
2024-07-08 10:00,161.038,161.039,160.900,160.931
2024-07-08 11:00,160.934,161.057,160.862,161.009
2024-07-08 12:00,161.008,161.020,160.660,160.690
2024-07-08 13:00,160.689,160.814,160.582,160.650
2024-07-08 14:00,160.658,160.660,160.472,160.615
2024-07-08 15:00,160.611,160.816,160.587,160.774
2024-07-08 16:00,160.777,160.795,160.727,160.730
2024-07-08 17:00,160.727,160.747,160.684,160.720
2024-07-08 18:00,160.719,160.820,160.708,160.784
2024-07-08 19:00,160.790,160.799,160.731,160.791
2024-07-08 20:00,160.788,160.844,160.769,160.796
2024-07-08 21:00,160.796,160.811,160.740,160.789
2024-07-08 22:00,160.769,160.812,160.758,160.791
2024-07-08 23:00,160.782,160.873,160.724,160.859
2024-07-09 00:00,160.856,160.919,160.760,160.889
2024-07-09 01:00,160.889,161.019,160.850,160.978
2024-07-09 02:00,160.974,161.131,160.953,161.006
2024-07-09 03:00,161.003,161.103,160.904,161.050
2024-07-09 04:00,161.054,161.062,160.900,160.960
2024-07-09 05:00,160.960,161.006,160.898,160.898
2024-07-09 06:00,160.904,160.934,160.790,160.826
2024-07-09 07:00,160.825,160.943,160.731,160.923
2024-07-09 08:00,160.924,161.078,160.880,161.048
2024-07-09 09:00,161.052,161.078,160.968,161.043
2024-07-09 10:00,161.045,161.053,160.948,161.015
2024-07-09 11:00,161.015,161.178,161.012,161.121
2024-07-09 12:00,161.116,161.162,161.027,161.128
2024-07-09 13:00,161.129,161.150,160.971,161.015
2024-07-09 14:00,161.015,161.386,160.887,161.361
2024-07-09 15:00,161.359,161.517,161.304,161.394
2024-07-09 16:00,161.398,161.406,161.308,161.321
2024-07-09 17:00,161.316,161.340,161.224,161.312
2024-07-09 18:00,161.316,161.340,161.259,161.309
2024-07-09 19:00,161.315,161.315,161.248,161.286
2024-07-09 20:00,161.287,161.317,161.252,161.270
2024-07-09 21:00,161.296,161.323,161.206,161.275
2024-07-09 22:00,161.279,161.344,161.236,161.330
2024-07-09 23:00,161.327,161.367,161.315,161.327
2024-07-10 00:00,161.327,161.512,161.298,161.465
2024-07-10 01:00,161.463,161.584,161.446,161.532
2024-07-10 02:00,161.530,161.591,161.470,161.505
2024-07-10 03:00,161.502,161.508,161.401,161.427
2024-07-10 04:00,161.430,161.474,161.404,161.444
2024-07-10 05:00,161.444,161.562,161.422,161.498
2024-07-10 06:00,161.498,161.501,161.350,161.362
2024-07-10 07:00,161.365,161.502,161.336,161.492
2024-07-10 08:00,161.495,161.537,161.420,161.506
2024-07-10 09:00,161.507,161.612,161.507,161.580
2024-07-10 10:00,161.585,161.608,161.501,161.539
2024-07-10 11:00,161.541,161.549,161.450,161.482
2024-07-10 12:00,161.479,161.512,161.423,161.447
2024-07-10 13:00,161.446,161.600,161.422,161.597
2024-07-10 14:00,161.598,161.686,161.538,161.656
2024-07-10 15:00,161.661,161.755,161.617,161.738
2024-07-10 16:00,161.735,161.743,161.648,161.685
2024-07-10 17:00,161.690,161.767,161.644,161.746
2024-07-10 18:00,161.745,161.805,161.737,161.775
2024-07-10 19:00,161.775,161.791,161.728,161.735
2024-07-10 20:00,161.734,161.749,161.645,161.663
2024-07-10 21:00,161.656,161.664,161.543,161.570
2024-07-10 22:00,161.564,161.628,161.555,161.589
2024-07-10 23:00,161.594,161.639,161.552,161.589
2024-07-11 00:00,161.589,161.615,161.470,161.562
2024-07-11 01:00,161.563,161.661,161.552,161.582
2024-07-11 02:00,161.582,161.669,161.532,161.656
2024-07-11 03:00,161.651,161.685,161.619,161.636
2024-07-11 04:00,161.633,161.695,161.616,161.682
2024-07-11 05:00,161.686,161.718,161.662,161.691
2024-07-11 06:00,161.689,161.753,161.683,161.724
2024-07-11 07:00,161.725,161.759,161.534,161.633
2024-07-11 08:00,161.633,161.633,161.498,161.527
2024-07-11 09:00,161.529,161.556,161.468,161.548
2024-07-11 10:00,161.544,161.583,161.502,161.544
2024-07-11 11:00,161.542,161.590,161.510,161.510
2024-07-11 12:00,161.532,161.624,158.319,158.633
2024-07-11 13:00,158.636,158.971,157.409,158.598
2024-07-11 14:00,158.602,158.792,158.343,158.554
2024-07-11 15:00,158.552,158.635,158.445,158.582
2024-07-11 16:00,158.582,158.644,158.527,158.563
2024-07-11 17:00,158.562,158.893,158.547,158.808
2024-07-11 18:00,158.804,158.874,158.707,158.736
2024-07-11 19:00,158.735,158.833,158.726,158.821
2024-07-11 20:00,158.817,158.916,158.754,158.815
2024-07-11 21:00,158.814,158.939,158.739,158.931
2024-07-11 22:00,158.932,159.281,158.900,159.266
2024-07-11 23:00,159.257,159.445,157.728,158.273
2024-07-12 00:00,158.273,159.132,157.968,159.072
2024-07-12 01:00,159.079,159.383,159.062,159.358
2024-07-12 02:00,159.358,159.388,158.747,159.307
2024-07-12 03:00,159.308,159.334,159.149,159.234
2024-07-12 04:00,159.230,159.237,159.026,159.114
2024-07-12 05:00,159.109,159.140,158.862,159.038
2024-07-12 06:00,159.036,159.214,158.951,159.133
2024-07-12 07:00,159.135,159.320,159.112,159.216
2024-07-12 08:00,159.217,159.266,159.020,159.105
2024-07-12 09:00,159.104,159.219,159.042,159.178
2024-07-12 10:00,159.178,159.255,159.107,159.107
2024-07-12 11:00,159.110,159.143,158.932,158.972
2024-07-12 12:00,158.972,159.155,158.504,158.808
2024-07-12 13:00,158.810,158.843,157.359,158.294
2024-07-12 14:00,158.296,158.351,157.378,157.716
2024-07-12 15:00,157.716,158.093,157.505,157.894
2024-07-12 16:00,157.901,158.023,157.837,157.877
2024-07-12 17:00,157.871,158.015,157.858,157.972
2024-07-12 18:00,157.974,157.991,157.858,157.918
2024-07-12 19:00,157.915,157.925,157.793,157.828
2024-07-12 20:00,157.828,157.943,157.783,157.848
2024-07-14 23:00,158.336,158.419,158.165,158.283
2024-07-15 00:00,158.282,158.365,157.987,158.108
2024-07-15 01:00,158.111,158.239,157.947,158.050
2024-07-15 02:00,158.050,158.137,157.908,158.033
2024-07-15 03:00,158.028,158.033,157.906,157.970
2024-07-15 04:00,157.969,158.032,157.950,157.992
2024-07-15 05:00,157.990,157.996,157.827,157.956
2024-07-15 06:00,157.950,158.243,157.872,158.107
2024-07-15 07:00,158.105,158.127,157.841,157.928
2024-07-15 08:00,157.922,157.967,157.776,157.813
2024-07-15 09:00,157.816,157.980,157.743,157.957
2024-07-15 10:00,157.958,158.108,157.932,157.952
2024-07-15 11:00,157.951,158.173,157.889,158.114
2024-07-15 12:00,158.112,158.162,157.936,157.961
2024-07-15 13:00,157.948,158.067,157.868,157.939
2024-07-15 14:00,157.938,157.952,157.820,157.860
2024-07-15 15:00,157.858,157.922,157.800,157.890
2024-07-15 16:00,157.888,157.962,157.151,157.713
2024-07-15 17:00,157.711,158.020,157.708,157.921
2024-07-15 18:00,157.914,157.938,157.837,157.852
2024-07-15 19:00,157.853,157.982,157.832,157.918
2024-07-15 20:00,157.916,158.148,157.876,158.039
2024-07-15 21:00,158.054,158.113,157.955,158.061
2024-07-15 22:00,158.062,158.155,158.038,158.125
2024-07-15 23:00,158.124,158.251,158.057,158.150
2024-07-16 00:00,158.148,158.393,158.098,158.360
2024-07-16 01:00,158.361,158.628,158.348,158.525
2024-07-16 02:00,158.529,158.725,158.508,158.692
2024-07-16 03:00,158.692,158.708,158.586,158.633
2024-07-16 04:00,158.633,158.726,158.610,158.636
2024-07-16 05:00,158.637,158.789,158.636,158.730
2024-07-16 06:00,158.729,158.745,158.460,158.567
2024-07-16 07:00,158.564,158.576,158.353,158.494
2024-07-16 08:00,158.493,158.591,158.439,158.468
2024-07-16 09:00,158.471,158.496,158.327,158.404
2024-07-16 10:00,158.405,158.452,158.344,158.427
2024-07-16 11:00,158.429,158.458,158.316,158.342
2024-07-16 12:00,158.343,158.860,158.238,158.752
2024-07-16 13:00,158.755,158.807,158.527,158.631
2024-07-16 14:00,158.630,158.745,158.578,158.588
2024-07-16 15:00,158.590,158.655,158.531,158.568
2024-07-16 16:00,158.572,158.633,158.508,158.542
2024-07-16 17:00,158.543,158.556,158.426,158.468
2024-07-16 18:00,158.472,158.475,158.334,158.348
2024-07-16 19:00,158.347,158.432,158.318,158.388
2024-07-16 20:00,158.389,158.407,158.293,158.318
2024-07-16 21:00,158.307,158.380,158.257,158.312
2024-07-16 22:00,158.309,158.387,158.286,158.346
2024-07-16 23:00,158.333,158.371,158.294,158.359
2024-07-17 00:00,158.358,158.536,158.302,158.483
2024-07-17 01:00,158.486,158.624,158.422,158.468
2024-07-17 02:00,158.471,158.475,158.353,158.415
2024-07-17 03:00,158.415,158.450,158.318,158.372
2024-07-17 04:00,158.375,158.386,158.212,158.212
2024-07-17 05:00,158.212,158.236,157.868,157.895
2024-07-17 06:00,157.895,158.091,157.700,157.813
2024-07-17 07:00,157.816,157.831,157.003,157.072
2024-07-17 08:00,157.072,157.102,156.096,156.240
2024-07-17 09:00,156.238,156.593,156.100,156.415
2024-07-17 10:00,156.421,156.736,156.221,156.732
2024-07-17 11:00,156.736,156.797,156.347,156.508
2024-07-17 12:00,156.510,156.743,156.456,156.562
2024-07-17 13:00,156.571,156.624,156.147,156.274
2024-07-17 14:00,156.278,156.635,156.250,156.499
2024-07-17 15:00,156.498,156.636,156.481,156.565
2024-07-17 16:00,156.566,156.594,156.194,156.292
2024-07-17 17:00,156.292,156.476,156.184,156.462
2024-07-17 18:00,156.462,156.488,156.087,156.098
2024-07-17 19:00,156.101,156.234,156.055,156.184
2024-07-17 20:00,156.187,156.344,156.125,156.149
2024-07-17 21:00,156.184,156.195,156.091,156.150
2024-07-17 22:00,156.147,156.271,155.983,156.180
2024-07-17 23:00,156.158,156.204,155.364,155.675
2024-07-18 00:00,155.668,155.833,155.452,155.732
2024-07-18 01:00,155.734,156.299,155.715,156.252
2024-07-18 02:00,156.253,156.441,156.186,156.312
2024-07-18 03:00,156.312,156.572,156.290,156.432
2024-07-18 04:00,156.433,156.537,156.174,156.340
2024-07-18 05:00,156.341,156.453,155.796,156.029
2024-07-18 06:00,156.024,156.410,155.987,156.118
2024-07-18 07:00,156.122,156.255,155.910,156.248
2024-07-18 08:00,156.244,156.586,156.170,156.461
2024-07-18 09:00,156.464,156.502,156.299,156.482
2024-07-18 10:00,156.484,156.498,156.315,156.390
2024-07-18 11:00,156.393,156.526,156.378,156.493
2024-07-18 12:00,156.492,156.582,156.175,156.432
2024-07-18 13:00,156.431,156.702,156.316,156.587
2024-07-18 14:00,156.588,156.774,156.499,156.756
2024-07-18 15:00,156.755,156.984,156.692,156.970
2024-07-18 16:00,156.971,157.158,156.869,157.143
2024-07-18 17:00,157.143,157.224,157.088,157.187
2024-07-18 18:00,157.188,157.331,157.144,157.284
2024-07-18 19:00,157.281,157.400,157.278,157.361
2024-07-18 20:00,157.365,157.397,157.323,157.351
2024-07-18 21:00,157.359,157.359,157.298,157.334
2024-07-18 22:00,157.342,157.342,157.230,157.261
2024-07-18 23:00,157.263,157.282,157.105,157.173
2024-07-19 00:00,157.170,157.416,157.058,157.209
2024-07-19 01:00,157.211,157.529,157.192,157.452
2024-07-19 02:00,157.457,157.520,157.339,157.415
2024-07-19 03:00,157.416,157.446,157.322,157.375
2024-07-19 04:00,157.373,157.482,157.354,157.479
2024-07-19 05:00,157.474,157.862,157.469,157.766
2024-07-19 06:00,157.767,157.824,157.131,157.268
2024-07-19 07:00,157.263,157.554,156.958,157.320
2024-07-19 08:00,157.315,157.424,157.156,157.260
2024-07-19 09:00,157.260,157.439,157.140,157.362
2024-07-19 10:00,157.363,157.575,157.359,157.453
2024-07-19 11:00,157.455,157.537,157.325,157.467
2024-07-19 12:00,157.465,157.697,157.419,157.673
2024-07-19 13:00,157.670,157.698,157.410,157.510
2024-07-19 14:00,157.508,157.529,157.262,157.334
2024-07-19 15:00,157.338,157.455,157.272,157.389
2024-07-19 16:00,157.385,157.440,157.338,157.407
2024-07-19 17:00,157.409,157.428,157.349,157.410
2024-07-19 18:00,157.412,157.498,157.396,157.492
2024-07-19 19:00,157.488,157.525,157.460,157.499
2024-07-19 20:00,157.499,157.528,157.377,157.426
2024-07-21 23:00,157.265,157.428,157.150,157.423
2024-07-22 00:00,157.420,157.491,157.328,157.422
2024-07-22 01:00,157.423,157.552,157.344,157.542
2024-07-22 02:00,157.540,157.613,157.520,157.550
2024-07-22 03:00,157.549,157.569,157.456,157.476
2024-07-22 04:00,157.474,157.515,157.386,157.438
2024-07-22 05:00,157.442,157.442,157.005,157.035
2024-07-22 06:00,157.034,157.060,156.280,156.447
2024-07-22 07:00,156.447,156.845,156.342,156.805
2024-07-22 08:00,156.809,156.967,156.670,156.802
2024-07-22 09:00,156.790,156.858,156.606,156.691
2024-07-22 10:00,156.691,156.954,156.554,156.833
2024-07-22 11:00,156.840,156.899,156.648,156.855
2024-07-22 12:00,156.853,157.089,156.784,156.788
2024-07-22 13:00,156.790,156.921,156.688,156.864
2024-07-22 14:00,156.858,156.955,156.750,156.873
2024-07-22 15:00,156.874,157.147,156.860,157.086
2024-07-22 16:00,157.082,157.131,157.028,157.073
2024-07-22 17:00,157.068,157.153,157.030,157.132
2024-07-22 18:00,157.137,157.171,157.053,157.062
2024-07-22 19:00,157.063,157.118,157.056,157.079
2024-07-22 20:00,157.079,157.098,156.991,157.001
2024-07-22 21:00,156.997,157.021,156.864,156.921
2024-07-22 22:00,156.940,157.076,156.922,157.012
2024-07-22 23:00,157.036,157.101,156.882,156.901
2024-07-23 00:00,156.900,156.927,156.644,156.657
2024-07-23 01:00,156.656,156.851,156.579,156.704
2024-07-23 02:00,156.704,156.766,156.516,156.629
2024-07-23 03:00,156.632,156.669,156.198,156.278
2024-07-23 04:00,156.277,156.385,156.200,156.300
2024-07-23 05:00,156.304,156.450,156.261,156.315
2024-07-23 06:00,156.313,156.623,156.216,156.587
2024-07-23 07:00,156.586,156.635,155.928,156.038
2024-07-23 08:00,156.040,156.136,155.818,156.011
2024-07-23 09:00,156.007,156.071,155.819,155.944
2024-07-23 10:00,155.941,156.163,155.916,156.046
2024-07-23 11:00,156.050,156.189,156.032,156.153
2024-07-23 12:00,156.153,156.266,155.939,156.025
2024-07-23 13:00,156.027,156.209,155.980,156.075
2024-07-23 14:00,156.092,156.197,155.967,155.976
2024-07-23 15:00,155.980,156.090,155.939,156.018
2024-07-23 16:00,156.016,156.055,155.691,155.778
2024-07-23 17:00,155.783,155.805,155.573,155.690
2024-07-23 18:00,155.684,155.755,155.621,155.628
2024-07-23 19:00,155.627,155.671,155.587,155.639
2024-07-23 20:00,155.638,155.650,155.532,155.552
2024-07-23 21:00,155.550,155.589,155.509,155.569
2024-07-23 22:00,155.575,155.641,155.550,155.638
2024-07-23 23:00,155.633,155.817,155.624,155.761
2024-07-24 00:00,155.763,155.991,155.758,155.825
2024-07-24 01:00,155.820,155.876,155.164,155.248
2024-07-24 02:00,155.249,155.526,155.224,155.256
2024-07-24 03:00,155.255,155.293,155.044,155.054
2024-07-24 04:00,155.054,155.055,154.538,154.600
2024-07-24 05:00,154.605,154.795,154.351,154.632
2024-07-24 06:00,154.628,154.688,154.372,154.589
2024-07-24 07:00,154.586,154.881,154.410,154.591
2024-07-24 08:00,154.590,154.945,154.541,154.861
2024-07-24 09:00,154.861,154.932,154.272,154.770
2024-07-24 10:00,154.774,154.841,154.485,154.561
2024-07-24 11:00,154.562,154.578,154.051,154.188
2024-07-24 12:00,154.187,154.225,153.752,153.806
2024-07-24 13:00,153.807,153.996,153.343,153.433
2024-07-24 14:00,153.431,153.593,153.100,153.267
2024-07-24 15:00,153.264,153.499,153.260,153.378
2024-07-24 16:00,153.379,153.584,153.338,153.470
2024-07-24 17:00,153.465,153.858,153.441,153.821
2024-07-24 18:00,153.823,154.074,153.803,154.003
2024-07-24 19:00,154.003,154.100,153.874,154.015
2024-07-24 20:00,154.016,154.018,153.835,153.886
2024-07-24 21:00,153.851,153.898,153.522,153.751
2024-07-24 22:00,153.744,153.789,153.547,153.626
2024-07-24 23:00,153.586,153.952,153.580,153.917
2024-07-25 00:00,153.924,153.968,152.835,153.240
2024-07-25 01:00,153.242,153.345,152.640,152.857
2024-07-25 02:00,152.856,152.954,152.512,152.637
2024-07-25 03:00,152.634,152.637,152.226,152.317
2024-07-25 04:00,152.315,152.653,152.308,152.619
2024-07-25 05:00,152.620,152.973,152.579,152.740
2024-07-25 06:00,152.738,152.867,152.540,152.849
2024-07-25 07:00,152.845,152.933,152.050,152.193
2024-07-25 08:00,152.193,152.753,151.935,152.704
2024-07-25 09:00,152.704,152.740,152.244,152.302
2024-07-25 10:00,152.304,152.360,152.086,152.207
2024-07-25 11:00,152.210,152.732,152.168,152.720
2024-07-25 12:00,152.722,153.736,152.548,153.520
2024-07-25 13:00,153.518,154.193,153.410,153.652
2024-07-25 14:00,153.644,153.742,153.226,153.647
2024-07-25 15:00,153.641,154.102,153.627,153.978
2024-07-25 16:00,153.977,154.318,153.900,154.025
2024-07-25 17:00,154.019,154.043,153.745,154.033
2024-07-25 18:00,154.027,154.050,153.761,153.784
2024-07-25 19:00,153.791,153.917,153.781,153.916
2024-07-25 20:00,153.913,154.049,153.794,153.899
2024-07-25 21:00,153.907,153.968,153.866,153.915
2024-07-25 22:00,153.924,153.989,153.882,153.906
2024-07-25 23:00,153.898,153.901,153.373,153.697
2024-07-26 00:00,153.700,154.139,153.366,153.917
2024-07-26 01:00,153.919,154.088,153.424,153.588
2024-07-26 02:00,153.585,153.970,153.561,153.919
2024-07-26 03:00,153.916,153.922,153.734,153.754
2024-07-26 04:00,153.752,153.831,153.575,153.678
2024-07-26 05:00,153.676,153.799,153.494,153.642
2024-07-26 06:00,153.640,153.756,153.536,153.635
2024-07-26 07:00,153.634,154.170,153.564,153.912
2024-07-26 08:00,153.917,154.433,153.862,154.300
2024-07-26 09:00,154.301,154.359,154.030,154.202
2024-07-26 10:00,154.203,154.647,154.190,154.563
2024-07-26 11:00,154.567,154.738,154.515,154.609
2024-07-26 12:00,154.607,154.728,154.021,154.215
2024-07-26 13:00,154.215,154.223,153.668,153.783
2024-07-26 14:00,153.798,154.103,153.088,153.500
2024-07-26 15:00,153.498,153.875,153.493,153.875
2024-07-26 16:00,153.869,153.877,153.705,153.784
2024-07-26 17:00,153.784,153.874,153.673,153.729
2024-07-26 18:00,153.723,153.827,153.704,153.728
2024-07-26 19:00,153.728,153.767,153.671,153.754
2024-07-26 20:00,153.752,153.797,153.704,153.718
2024-07-28 23:00,154.016,154.212,153.978,154.142
2024-07-29 00:00,154.140,154.351,153.513,153.659
2024-07-29 01:00,153.660,153.831,153.234,153.437
2024-07-29 02:00,153.439,153.534,153.009,153.414
2024-07-29 03:00,153.414,153.694,153.325,153.511
2024-07-29 04:00,153.509,153.608,153.318,153.408
2024-07-29 05:00,153.413,153.667,153.298,153.382
2024-07-29 06:00,153.375,153.448,153.138,153.355
2024-07-29 07:00,153.354,153.723,153.229,153.617
2024-07-29 08:00,153.624,153.916,153.577,153.686
2024-07-29 09:00,153.686,153.772,153.584,153.698
2024-07-29 10:00,153.698,153.893,153.598,153.680
2024-07-29 11:00,153.681,153.839,153.588,153.833
2024-07-29 12:00,153.829,154.032,153.750,153.882
2024-07-29 13:00,153.885,154.211,153.726,154.175
2024-07-29 14:00,154.171,154.204,153.997,154.042
2024-07-29 15:00,154.047,154.048,153.867,153.960
2024-07-29 16:00,153.963,154.091,153.924,153.942
2024-07-29 17:00,153.943,154.031,153.881,154.002
2024-07-29 18:00,153.997,154.055,153.961,153.988
2024-07-29 19:00,153.989,154.039,153.953,154.000
2024-07-29 20:00,153.996,154.054,153.968,154.010
2024-07-29 21:00,154.005,154.068,153.898,154.000
2024-07-29 22:00,153.998,154.061,153.957,154.027
2024-07-29 23:00,154.012,154.028,153.760,153.836
2024-07-30 00:00,153.833,154.061,153.612,153.956
2024-07-30 01:00,153.961,154.248,153.845,153.976
2024-07-30 02:00,153.992,154.133,153.948,154.021
2024-07-30 03:00,154.025,154.167,153.973,154.068
2024-07-30 04:00,154.070,154.443,154.057,154.438
2024-07-30 05:00,154.437,154.768,154.416,154.665
2024-07-30 06:00,154.662,155.219,154.595,155.049
2024-07-30 07:00,155.054,155.113,154.716,154.894
2024-07-30 08:00,154.897,154.912,154.600,154.665
2024-07-30 09:00,154.662,154.933,154.656,154.809
2024-07-30 10:00,154.809,154.878,154.688,154.730
2024-07-30 11:00,154.730,154.898,154.720,154.884
2024-07-30 12:00,154.884,155.022,154.808,154.940
2024-07-30 13:00,154.939,154.941,154.288,154.310
2024-07-30 14:00,154.333,154.655,154.286,154.596
2024-07-30 15:00,154.599,154.601,153.643,153.719
2024-07-30 16:00,153.720,153.856,153.134,153.238
2024-07-30 17:00,153.236,153.382,152.975,153.203
2024-07-30 18:00,153.208,153.441,153.133,153.256
2024-07-30 19:00,153.255,153.319,153.200,153.275
2024-07-30 20:00,153.269,153.282,152.630,152.732
2024-07-30 21:00,152.736,152.830,152.616,152.658
2024-07-30 22:00,152.658,153.139,152.410,152.935
2024-07-30 23:00,152.875,152.974,152.405,152.658
2024-07-31 00:00,152.654,152.741,152.098,152.378
2024-07-31 01:00,152.373,152.529,152.162,152.417
2024-07-31 02:00,152.423,153.345,152.332,152.875
2024-07-31 03:00,152.874,153.823,151.568,153.592
2024-07-31 04:00,153.628,153.894,152.406,152.549
2024-07-31 05:00,152.552,153.169,152.464,152.864
2024-07-31 06:00,152.870,153.062,152.209,152.231
2024-07-31 07:00,152.238,152.434,150.602,150.921
2024-07-31 08:00,150.921,150.985,150.043,150.918
2024-07-31 09:00,150.919,150.946,150.351,150.404
2024-07-31 10:00,150.403,150.587,150.141,150.510
2024-07-31 11:00,150.503,150.582,150.076,150.181
2024-07-31 12:00,150.187,150.478,149.781,150.330
2024-07-31 13:00,150.331,150.351,149.818,149.830
2024-07-31 14:00,149.820,150.674,149.625,150.431
2024-07-31 15:00,150.435,150.577,150.270,150.380
2024-07-31 16:00,150.381,150.662,150.362,150.557
2024-07-31 17:00,150.557,150.955,150.540,150.816
2024-07-31 18:00,150.793,151.261,150.326,150.451
2024-07-31 19:00,150.437,150.499,149.602,149.786
2024-07-31 20:00,149.800,150.293,149.752,149.969
2024-07-31 21:00,149.956,149.967,149.814,149.859
2024-07-31 22:00,149.864,150.192,149.777,150.152
2024-07-31 23:00,150.170,150.318,149.663,149.782
2024-08-01 00:00,149.785,149.895,149.343,149.436
2024-08-01 01:00,149.435,149.465,148.506,149.149
2024-08-01 02:00,149.138,149.788,149.030,149.758
2024-08-01 03:00,149.763,149.791,149.382,149.560
2024-08-01 04:00,149.560,149.717,149.336,149.680
2024-08-01 05:00,149.685,150.045,149.610,149.756
2024-08-01 06:00,149.756,150.337,149.564,150.025
2024-08-01 07:00,150.016,150.197,149.798,149.862
2024-08-01 08:00,149.861,149.989,149.421,149.692
2024-08-01 09:00,149.690,149.969,149.604,149.949
2024-08-01 10:00,149.950,150.196,149.916,150.027
2024-08-01 11:00,150.023,150.622,149.968,150.520
2024-08-01 12:00,150.523,150.864,150.188,150.855
2024-08-01 13:00,150.859,150.890,150.388,150.518
2024-08-01 14:00,150.519,150.525,149.827,150.044
2024-08-01 15:00,150.045,150.218,149.867,150.056
2024-08-01 16:00,150.060,150.137,149.676,149.894
2024-08-01 17:00,149.894,149.942,149.640,149.745
2024-08-01 18:00,149.745,149.769,149.528,149.553
2024-08-01 19:00,149.551,149.841,149.468,149.771
2024-08-01 20:00,149.778,149.786,149.269,149.335
2024-08-01 21:00,149.369,149.436,149.267,149.295
2024-08-01 22:00,149.295,149.443,148.979,149.317
2024-08-01 23:00,149.304,149.311,148.863,149.208
2024-08-02 00:00,149.205,149.417,148.933,149.375
2024-08-02 01:00,149.379,149.774,149.349,149.499
2024-08-02 02:00,149.494,149.680,149.227,149.560
2024-08-02 03:00,149.569,149.644,149.367,149.487
2024-08-02 04:00,149.490,149.584,149.248,149.260
2024-08-02 05:00,149.259,149.373,148.886,148.944
2024-08-02 06:00,148.938,149.295,148.801,148.852
2024-08-02 07:00,148.848,149.225,148.618,149.208
2024-08-02 08:00,149.209,149.326,148.830,149.071
2024-08-02 09:00,149.067,149.095,148.817,148.886
2024-08-02 10:00,148.881,148.957,148.727,148.796
2024-08-02 11:00,148.796,149.122,148.788,149.008
2024-08-02 12:00,149.002,149.115,147.014,147.433
2024-08-02 13:00,147.441,148.168,147.054,147.062
2024-08-02 14:00,147.076,147.423,146.538,146.667
2024-08-02 15:00,146.675,147.106,146.412,146.973
2024-08-02 16:00,146.981,147.460,146.749,146.844
2024-08-02 17:00,146.840,146.958,146.744,146.840
2024-08-02 18:00,146.833,146.899,146.433,146.492
2024-08-02 19:00,146.491,146.694,146.443,146.583
2024-08-02 20:00,146.590,146.619,146.465,146.519
2024-08-04 23:00,146.317,146.343,145.271,145.587
2024-08-05 00:00,145.589,145.941,145.174,145.518
2024-08-05 01:00,145.513,145.592,144.762,145.114
2024-08-05 02:00,145.118,145.550,145.034,145.134
2024-08-05 03:00,145.130,145.155,144.163,144.361
2024-08-05 04:00,144.360,144.432,142.151,143.177
2024-08-05 05:00,143.172,143.487,142.409,142.660
2024-08-05 06:00,142.660,143.110,141.681,142.754
2024-08-05 07:00,142.762,143.989,142.715,143.474
2024-08-05 08:00,143.475,143.560,141.998,142.392
2024-08-05 09:00,142.394,142.576,141.740,142.282
2024-08-05 10:00,142.287,142.466,141.901,142.373
2024-08-05 11:00,142.369,142.962,142.242,142.306
2024-08-05 12:00,142.310,142.471,141.827,142.246
2024-08-05 13:00,142.244,142.982,142.109,142.714
2024-08-05 14:00,143.496,143.851,142.542,142.653
2024-08-05 15:00,142.648,143.991,142.332,143.953
2024-08-05 16:00,143.962,144.889,143.892,144.180
2024-08-05 17:00,144.178,144.602,143.901,144.007
2024-08-05 18:00,144.009,144.164,143.385,143.454
2024-08-05 19:00,143.451,143.860,143.440,143.737
2024-08-05 20:00,143.739,144.281,143.698,144.137
2024-08-05 21:00,144.146,144.193,144.027,144.052
2024-08-05 22:00,144.055,144.863,143.619,144.806
2024-08-05 23:00,144.760,145.826,144.725,145.794
2024-08-06 00:00,145.799,146.369,144.833,145.037
2024-08-06 01:00,145.040,145.485,144.358,144.801
2024-08-06 02:00,144.800,145.352,144.296,145.299
2024-08-06 03:00,145.302,145.912,145.112,145.347
2024-08-06 04:00,145.348,145.645,145.098,145.511
2024-08-06 05:00,145.508,146.142,145.101,145.867
2024-08-06 06:00,145.857,146.296,145.418,145.629
2024-08-06 07:00,145.631,145.936,145.168,145.288
2024-08-06 08:00,145.293,145.376,144.465,144.919
2024-08-06 09:00,144.919,144.922,144.494,144.745
2024-08-06 10:00,144.746,145.119,144.350,144.887
2024-08-06 11:00,144.887,145.428,144.887,145.153
2024-08-06 12:00,145.149,145.203,144.475,144.599
2024-08-06 13:00,144.614,144.712,144.040,144.393
2024-08-06 14:00,144.394,144.990,144.265,144.500
2024-08-06 15:00,144.504,145.209,144.499,145.114
2024-08-06 16:00,145.107,145.420,145.012,145.373
2024-08-06 17:00,145.376,145.389,145.046,145.337
2024-08-06 18:00,145.337,145.363,144.999,145.001
2024-08-06 19:00,145.002,145.070,144.726,144.733
2024-08-06 20:00,144.729,144.820,144.137,144.296
2024-08-06 21:00,144.293,144.625,144.221,144.518
2024-08-06 22:00,144.509,144.734,144.294,144.496
2024-08-06 23:00,144.552,144.758,144.374,144.739
2024-08-07 00:00,144.734,145.254,144.542,144.728
2024-08-07 01:00,144.722,147.493,144.556,146.725
2024-08-07 02:00,146.729,146.951,146.335,146.847
2024-08-07 03:00,146.840,147.370,146.627,147.122
2024-08-07 04:00,147.113,147.901,147.097,147.613
2024-08-07 05:00,147.612,147.814,146.834,146.979
2024-08-07 06:00,146.975,147.137,146.433,146.575
2024-08-07 07:00,146.610,146.944,146.081,146.680
2024-08-07 08:00,146.687,147.229,146.616,147.200
2024-08-07 09:00,147.200,147.636,147.077,147.575
2024-08-07 10:00,147.574,147.608,147.037,147.189
2024-08-07 11:00,147.193,147.506,146.980,147.198
2024-08-07 12:00,147.198,147.234,146.862,146.995
2024-08-07 13:00,146.992,147.339,146.916,147.219
2024-08-07 14:00,147.218,147.397,146.646,147.277
2024-08-07 15:00,147.278,147.690,147.249,147.416
2024-08-07 16:00,147.417,147.498,147.064,147.177
2024-08-07 17:00,147.175,147.405,146.960,147.027
2024-08-07 18:00,147.028,147.044,146.674,146.840
2024-08-07 19:00,146.837,147.188,146.783,146.846
2024-08-07 20:00,146.847,146.907,146.646,146.657
2024-08-07 21:00,146.660,146.747,146.604,146.702
2024-08-07 22:00,146.696,146.784,146.340,146.540
2024-08-07 23:00,146.520,146.535,145.564,146.276
2024-08-08 00:00,146.284,146.539,145.415,146.002
2024-08-08 01:00,146.000,146.619,145.946,146.373
2024-08-08 02:00,146.372,146.871,146.344,146.590
2024-08-08 03:00,146.591,146.718,146.301,146.376
2024-08-08 04:00,146.376,146.388,145.903,146.128
2024-08-08 05:00,146.131,146.401,145.934,145.979
2024-08-08 06:00,145.962,146.342,145.872,146.197
2024-08-08 07:00,146.193,146.226,145.622,145.866
2024-08-08 08:00,145.868,146.275,145.750,146.194
2024-08-08 09:00,146.188,146.487,146.014,146.124
2024-08-08 10:00,146.124,146.301,146.014,146.100
2024-08-08 11:00,146.104,146.301,145.938,146.161
2024-08-08 12:00,146.159,147.294,145.943,147.064
2024-08-08 13:00,147.063,147.547,146.911,147.124
2024-08-08 14:00,147.125,147.431,146.930,147.290
2024-08-08 15:00,147.289,147.302,147.010,147.092
2024-08-08 16:00,147.092,147.260,147.069,147.238
2024-08-08 17:00,147.234,147.421,147.146,147.360
2024-08-08 18:00,147.360,147.438,147.200,147.214
2024-08-08 19:00,147.218,147.271,147.087,147.146
2024-08-08 20:00,147.140,147.300,147.093,147.215
2024-08-08 21:00,147.222,147.280,147.155,147.181
2024-08-08 22:00,147.185,147.308,147.153,147.289
2024-08-08 23:00,147.273,147.813,147.235,147.694
2024-08-09 00:00,147.689,147.775,147.194,147.476
2024-08-09 01:00,147.482,147.615,147.074,147.084
2024-08-09 02:00,147.084,147.505,147.016,147.481
2024-08-09 03:00,147.487,147.570,147.140,147.221
2024-08-09 04:00,147.225,147.255,146.812,146.886
2024-08-09 05:00,146.880,147.108,146.710,147.009
2024-08-09 06:00,147.006,147.217,146.880,147.200
2024-08-09 07:00,147.199,147.214,146.915,147.199
2024-08-09 08:00,147.204,147.321,146.914,147.205
2024-08-09 09:00,147.208,147.287,147.136,147.233
2024-08-09 10:00,147.234,147.266,147.032,147.136
2024-08-09 11:00,147.137,147.158,146.819,147.010
2024-08-09 12:00,147.012,147.034,146.503,146.776
2024-08-09 13:00,146.776,146.791,146.507,146.604
2024-08-09 14:00,146.610,146.634,146.265,146.538
2024-08-09 15:00,146.537,146.732,146.438,146.495
2024-08-09 16:00,146.493,146.666,146.474,146.609
2024-08-09 17:00,146.609,146.762,146.591,146.695
2024-08-09 18:00,146.693,146.722,146.588,146.611
2024-08-09 19:00,146.608,146.673,146.552,146.643
2024-08-09 20:00,146.641,146.699,146.543,146.623
2024-08-11 23:00,146.989,147.128,146.913,147.069
2024-08-12 00:00,147.072,147.074,146.794,146.847
2024-08-12 01:00,146.852,146.994,146.691,146.960
2024-08-12 02:00,146.962,146.980,146.837,146.928
2024-08-12 03:00,146.928,147.220,146.878,147.197
2024-08-12 04:00,147.194,147.209,147.020,147.120
2024-08-12 05:00,147.115,147.222,147.081,147.200
2024-08-12 06:00,147.194,147.280,147.148,147.224
2024-08-12 07:00,147.222,147.320,147.084,147.218
2024-08-12 08:00,147.214,147.443,147.185,147.356
2024-08-12 09:00,147.357,147.383,147.203,147.312
2024-08-12 10:00,147.315,147.438,147.282,147.417
2024-08-12 11:00,147.415,147.667,147.378,147.568
2024-08-12 12:00,147.575,147.737,147.516,147.711
2024-08-12 13:00,147.713,148.222,147.667,147.774
2024-08-12 14:00,147.770,147.944,147.656,147.874
2024-08-12 15:00,147.873,147.892,147.244,147.544
2024-08-12 16:00,147.540,147.574,147.271,147.348
2024-08-12 17:00,147.349,147.355,147.084,147.174
2024-08-12 18:00,147.175,147.313,147.070,147.301
2024-08-12 19:00,147.299,147.323,147.039,147.184
2024-08-12 20:00,147.180,147.280,147.144,147.209
2024-08-12 21:00,147.182,147.210,147.117,147.178
2024-08-12 22:00,147.175,147.224,147.077,147.127
2024-08-12 23:00,147.131,147.223,146.909,147.021
2024-08-13 00:00,147.022,147.303,147.000,147.262
2024-08-13 01:00,147.262,147.514,147.257,147.323
2024-08-13 02:00,147.322,147.394,147.224,147.378
2024-08-13 03:00,147.375,147.507,147.304,147.478
2024-08-13 04:00,147.481,147.794,147.428,147.714
2024-08-13 05:00,147.714,147.823,147.595,147.650
2024-08-13 06:00,147.645,147.946,147.548,147.881
2024-08-13 07:00,147.879,147.945,147.761,147.854
2024-08-13 08:00,147.854,147.892,147.664,147.841
2024-08-13 09:00,147.837,147.919,147.698,147.886
2024-08-13 10:00,147.890,147.916,147.529,147.531
2024-08-13 11:00,147.532,147.613,147.306,147.347
2024-08-13 12:00,147.348,147.510,147.051,147.398
2024-08-13 13:00,147.403,147.471,146.844,147.077
2024-08-13 14:00,147.075,147.171,146.889,146.996
2024-08-13 15:00,146.993,147.093,146.937,146.974
2024-08-13 16:00,146.965,146.973,146.700,146.730
2024-08-13 17:00,146.733,146.910,146.704,146.900
2024-08-13 18:00,146.901,146.902,146.640,146.676
2024-08-13 19:00,146.676,146.856,146.589,146.829
2024-08-13 20:00,146.829,146.900,146.775,146.818
2024-08-13 21:00,146.808,146.860,146.701,146.833
2024-08-13 22:00,146.830,146.875,146.730,146.788
2024-08-13 23:00,146.820,147.013,146.775,146.941
2024-08-14 00:00,146.943,147.145,146.914,147.092
2024-08-14 01:00,147.090,147.185,146.745,146.862
2024-08-14 02:00,146.867,146.898,146.067,146.461
2024-08-14 03:00,146.461,146.903,146.323,146.774
2024-08-14 04:00,146.776,147.071,146.750,146.864
2024-08-14 05:00,146.863,147.096,146.769,147.083
2024-08-14 06:00,147.083,147.314,146.898,147.185
2024-08-14 07:00,147.189,147.423,147.105,147.407
2024-08-14 08:00,147.407,147.496,147.096,147.113
2024-08-14 09:00,147.110,147.162,147.024,147.098
2024-08-14 10:00,147.100,147.148,146.836,146.866
2024-08-14 11:00,146.864,146.971,146.824,146.886
2024-08-14 12:00,146.886,147.580,146.508,147.309
2024-08-14 13:00,147.310,147.440,146.908,146.955
2024-08-14 14:00,146.958,147.009,146.571,146.762
2024-08-14 15:00,146.762,146.887,146.632,146.862
2024-08-14 16:00,146.867,146.968,146.816,146.946
2024-08-14 17:00,146.942,147.263,146.928,147.210
2024-08-14 18:00,147.210,147.265,147.162,147.239
2024-08-14 19:00,147.242,147.378,147.200,147.342
2024-08-14 20:00,147.341,147.440,147.286,147.317
2024-08-14 21:00,147.298,147.308,147.190,147.245
2024-08-14 22:00,147.249,147.309,147.131,147.289
2024-08-14 23:00,147.284,147.404,147.208,147.269
2024-08-15 00:00,147.268,147.355,147.150,147.224
2024-08-15 01:00,147.229,147.614,147.196,147.517
2024-08-15 02:00,147.516,147.584,147.410,147.461
2024-08-15 03:00,147.460,147.472,147.334,147.402
2024-08-15 04:00,147.400,147.416,147.226,147.263
2024-08-15 05:00,147.263,147.346,147.049,147.135
2024-08-15 06:00,147.132,147.335,147.102,147.160
2024-08-15 07:00,147.165,147.263,147.092,147.213
2024-08-15 08:00,147.208,147.392,147.201,147.332
2024-08-15 09:00,147.333,147.448,147.317,147.376
2024-08-15 10:00,147.377,147.384,147.193,147.230
2024-08-15 11:00,147.229,147.329,147.174,147.219
2024-08-15 12:00,147.219,149.158,147.179,148.956
2024-08-15 13:00,148.957,149.325,148.864,149.078
2024-08-15 14:00,149.078,149.153,148.774,149.035
2024-08-15 15:00,149.033,149.036,148.860,148.914
2024-08-15 16:00,148.913,149.050,148.843,149.039
2024-08-15 17:00,149.041,149.185,148.954,149.089
2024-08-15 18:00,149.093,149.112,148.978,149.004
2024-08-15 19:00,149.006,149.048,148.965,149.039
2024-08-15 20:00,149.042,149.400,149.011,149.270
2024-08-15 21:00,149.250,149.331,149.242,149.293
2024-08-15 22:00,149.302,149.311,149.028,149.253
2024-08-15 23:00,149.258,149.262,149.143,149.227
2024-08-16 00:00,149.228,149.268,148.904,149.152
2024-08-16 01:00,149.152,149.227,148.838,148.915
2024-08-16 02:00,148.919,148.995,148.735,148.872
2024-08-16 03:00,148.872,148.955,148.786,148.928
2024-08-16 04:00,148.931,149.008,148.828,148.861
2024-08-16 05:00,148.864,149.056,148.842,148.916
2024-08-16 06:00,148.922,149.095,148.852,149.058
2024-08-16 07:00,149.056,149.062,148.893,149.015
2024-08-16 08:00,149.011,149.054,148.650,148.711
2024-08-16 09:00,148.707,148.765,148.591,148.675
2024-08-16 10:00,148.677,148.679,148.320,148.351
2024-08-16 11:00,148.352,148.354,147.954,148.044
2024-08-16 12:00,148.043,148.105,147.613,147.682
2024-08-16 13:00,147.684,147.932,147.620,147.763
2024-08-16 14:00,147.750,148.259,147.734,147.997
2024-08-16 15:00,147.999,148.269,147.972,148.127
2024-08-16 16:00,148.129,148.192,147.992,147.997
2024-08-16 17:00,147.997,148.011,147.704,147.745
2024-08-16 18:00,147.746,147.815,147.639,147.671
2024-08-16 19:00,147.672,147.724,147.628,147.698
2024-08-16 20:00,147.699,147.701,147.561,147.589
2024-08-18 23:00,147.857,148.052,147.822,147.962
2024-08-19 00:00,147.957,148.002,147.728,147.818
2024-08-19 01:00,147.812,147.883,147.314,147.409
2024-08-19 02:00,147.410,147.639,147.290,147.344
2024-08-19 03:00,147.346,147.374,146.307,146.458
2024-08-19 04:00,146.458,146.624,145.855,146.186
2024-08-19 05:00,146.188,146.297,145.408,145.423
2024-08-19 06:00,145.421,145.876,145.180,145.871
2024-08-19 07:00,145.873,146.256,145.666,146.103
2024-08-19 08:00,146.100,146.230,145.899,146.076
2024-08-19 09:00,146.076,146.278,145.956,146.265
2024-08-19 10:00,146.268,146.521,146.238,146.349
2024-08-19 11:00,146.348,146.387,146.022,146.036
2024-08-19 12:00,146.034,146.270,145.927,146.216
2024-08-19 13:00,146.214,146.576,146.212,146.396
2024-08-19 14:00,146.396,146.674,146.185,146.360
2024-08-19 15:00,146.363,146.712,146.350,146.424
2024-08-19 16:00,146.406,146.595,146.386,146.499
2024-08-19 17:00,146.494,146.619,146.454,146.536
2024-08-19 18:00,146.538,146.688,146.475,146.657
2024-08-19 19:00,146.651,146.680,146.543,146.635
2024-08-19 20:00,146.630,146.692,146.551,146.577
2024-08-19 21:00,146.576,146.661,146.531,146.561
2024-08-19 22:00,146.566,146.645,146.528,146.627
2024-08-19 23:00,146.628,146.866,146.605,146.705
2024-08-20 00:00,146.705,146.723,146.174,146.341
2024-08-20 01:00,146.342,146.531,145.842,146.337
2024-08-20 02:00,146.337,147.100,146.291,147.009
2024-08-20 03:00,146.998,147.162,146.835,147.064
2024-08-20 04:00,147.066,147.102,146.780,146.924
2024-08-20 05:00,146.925,147.327,146.919,147.279
2024-08-20 06:00,147.283,147.345,146.899,147.047
2024-08-20 07:00,147.047,147.194,146.324,146.556
2024-08-20 08:00,146.551,146.584,146.227,146.520
2024-08-20 09:00,146.519,146.555,146.376,146.475
2024-08-20 10:00,146.470,146.507,146.322,146.445
2024-08-20 11:00,146.444,146.556,146.334,146.374
2024-08-20 12:00,146.369,146.489,146.123,146.164
2024-08-20 13:00,146.165,146.295,146.040,146.110
2024-08-20 14:00,146.111,146.246,145.514,145.597
2024-08-20 15:00,145.596,145.867,145.580,145.693
2024-08-20 16:00,145.692,145.744,145.367,145.396
2024-08-20 17:00,145.393,145.490,145.341,145.485
2024-08-20 18:00,145.484,145.535,145.363,145.384
2024-08-20 19:00,145.384,145.431,145.318,145.336
2024-08-20 20:00,145.332,145.360,145.190,145.252
2024-08-20 21:00,145.224,145.280,145.053,145.110
2024-08-20 22:00,145.113,145.178,144.981,145.133
2024-08-20 23:00,145.118,145.351,144.940,145.320
2024-08-21 00:00,145.318,145.552,144.927,145.444
2024-08-21 01:00,145.447,145.584,145.248,145.408
2024-08-21 02:00,145.404,145.492,145.268,145.383
2024-08-21 03:00,145.383,145.568,145.357,145.474
2024-08-21 04:00,145.474,145.759,145.387,145.668
2024-08-21 05:00,145.669,145.781,145.511,145.667
2024-08-21 06:00,145.665,145.979,145.564,145.945
2024-08-21 07:00,145.947,146.226,145.684,146.142
2024-08-21 08:00,146.142,146.171,145.876,146.025
2024-08-21 09:00,146.030,146.183,145.947,146.111
2024-08-21 10:00,146.117,146.225,146.034,146.175
2024-08-21 11:00,146.170,146.198,146.029,146.057
2024-08-21 12:00,146.061,146.061,145.729,145.773
2024-08-21 13:00,145.776,145.811,145.493,145.736
2024-08-21 14:00,145.742,146.895,145.408,145.639
2024-08-21 15:00,145.646,145.647,145.026,145.195
2024-08-21 16:00,145.200,145.241,145.032,145.190
2024-08-21 17:00,145.191,145.224,144.935,145.060
2024-08-21 18:00,145.055,145.063,144.450,144.741
2024-08-21 19:00,144.743,145.041,144.734,145.002
2024-08-21 20:00,145.008,145.293,145.003,145.222
2024-08-21 21:00,145.200,145.224,145.031,145.152
2024-08-21 22:00,145.158,145.171,144.955,144.981
2024-08-21 23:00,144.887,145.144,144.840,145.123
2024-08-22 00:00,145.123,145.438,144.938,145.334
2024-08-22 01:00,145.329,145.641,145.210,145.612
2024-08-22 02:00,145.613,145.633,145.367,145.440
2024-08-22 03:00,145.446,145.482,145.200,145.261
2024-08-22 04:00,145.261,145.409,144.979,145.131
2024-08-22 05:00,145.131,145.303,145.006,145.266
2024-08-22 06:00,145.264,145.453,145.195,145.380
2024-08-22 07:00,145.379,145.474,145.083,145.241
2024-08-22 08:00,145.244,145.670,145.238,145.634
2024-08-22 09:00,145.630,145.757,145.554,145.605
2024-08-22 10:00,145.607,145.888,145.558,145.761
2024-08-22 11:00,145.761,146.150,145.734,145.988
2024-08-22 12:00,145.987,146.346,145.868,146.047
2024-08-22 13:00,146.049,146.494,145.817,146.276
2024-08-22 14:00,146.285,146.525,146.216,146.230
2024-08-22 15:00,146.233,146.349,145.870,145.964
2024-08-22 16:00,145.976,146.350,145.961,146.325
2024-08-22 17:00,146.326,146.491,146.270,146.316
2024-08-22 18:00,146.314,146.347,146.195,146.217
2024-08-22 19:00,146.221,146.322,146.170,146.290
2024-08-22 20:00,146.292,146.373,146.244,146.268
2024-08-22 21:00,146.281,146.283,146.202,146.219
2024-08-22 22:00,146.213,146.276,146.142,146.167
2024-08-22 23:00,146.177,146.234,146.015,146.207
2024-08-23 00:00,146.207,146.334,145.885,146.069
2024-08-23 01:00,146.069,146.106,145.455,145.481
2024-08-23 02:00,145.480,145.697,145.290,145.597
2024-08-23 03:00,145.599,145.718,145.471,145.667
2024-08-23 04:00,145.666,145.901,145.572,145.768
2024-08-23 05:00,145.768,145.769,145.552,145.668
2024-08-23 06:00,145.673,145.796,145.285,145.451
2024-08-23 07:00,145.451,145.978,145.408,145.821
2024-08-23 08:00,145.825,146.027,145.746,145.932
2024-08-23 09:00,145.929,146.152,145.923,146.137
2024-08-23 10:00,146.137,146.175,145.988,146.018
2024-08-23 11:00,146.019,146.103,145.934,146.030
2024-08-23 12:00,146.028,146.175,145.940,145.986
2024-08-23 13:00,145.982,146.483,145.972,146.247
2024-08-23 14:00,146.246,146.284,144.945,145.203
2024-08-23 15:00,145.206,145.211,144.593,144.866
2024-08-23 16:00,144.865,144.979,144.748,144.843
2024-08-23 17:00,144.843,144.852,144.339,144.401
2024-08-23 18:00,144.401,144.450,144.127,144.288
2024-08-23 19:00,144.291,144.304,144.042,144.232
2024-08-23 20:00,144.234,144.411,144.205,144.352
2024-08-23 21:00,144.367,144.367,144.367,144.367
2024-08-25 23:00,143.892,144.022,143.550,143.919
2024-08-26 00:00,143.918,144.052,143.440,143.708
2024-08-26 01:00,143.707,143.883,143.442,143.735
2024-08-26 02:00,143.738,143.988,143.530,143.931
2024-08-26 03:00,143.929,144.090,143.789,143.964
2024-08-26 04:00,143.964,144.045,143.738,144.035
2024-08-26 05:00,144.039,144.216,143.922,144.052
2024-08-26 06:00,144.048,144.066,143.680,143.765
2024-08-26 07:00,143.764,143.910,143.594,143.890
2024-08-26 08:00,143.885,143.962,143.774,143.857
2024-08-26 09:00,143.863,144.001,143.816,143.965
2024-08-26 10:00,143.967,144.119,143.965,144.031
2024-08-26 11:00,144.029,144.230,143.960,144.132
2024-08-26 12:00,144.127,144.365,143.908,143.932
2024-08-26 13:00,143.932,144.415,143.850,144.407
2024-08-26 14:00,144.410,144.457,144.102,144.142
2024-08-26 15:00,144.145,144.605,144.130,144.508
2024-08-26 16:00,144.504,144.602,144.442,144.459
2024-08-26 17:00,144.458,144.556,144.314,144.518
2024-08-26 18:00,144.525,144.654,144.498,144.502
2024-08-26 19:00,144.503,144.599,144.493,144.596
2024-08-26 20:00,144.593,144.611,144.450,144.517
2024-08-26 21:00,144.508,144.547,144.428,144.481
2024-08-26 22:00,144.473,144.511,144.311,144.386
2024-08-26 23:00,144.361,144.528,144.228,144.502
2024-08-27 00:00,144.509,144.859,144.447,144.838
2024-08-27 01:00,144.845,144.951,144.600,144.695
2024-08-27 02:00,144.695,144.962,144.643,144.870
2024-08-27 03:00,144.869,144.971,144.798,144.829
2024-08-27 04:00,144.832,144.835,144.621,144.638
2024-08-27 05:00,144.632,144.892,144.568,144.787
2024-08-27 06:00,144.786,144.860,144.638,144.824
2024-08-27 07:00,144.819,145.175,144.774,144.997
2024-08-27 08:00,144.997,145.149,144.932,145.059
2024-08-27 09:00,145.063,145.072,144.730,144.828
2024-08-27 10:00,144.829,144.865,144.676,144.777
2024-08-27 11:00,144.778,144.882,144.502,144.532
2024-08-27 12:00,144.527,144.603,144.330,144.384
2024-08-27 13:00,144.380,144.485,144.234,144.333
2024-08-27 14:00,144.335,144.506,144.148,144.248
2024-08-27 15:00,144.250,144.368,144.179,144.262
2024-08-27 16:00,144.263,144.291,144.097,144.136
2024-08-27 17:00,144.131,144.165,143.939,144.149
2024-08-27 18:00,144.144,144.151,143.912,144.010
2024-08-27 19:00,144.013,144.067,143.938,143.974
2024-08-27 20:00,143.970,144.009,143.915,143.926
2024-08-27 21:00,143.935,144.012,143.882,143.930
2024-08-27 22:00,143.920,143.943,143.677,143.855
2024-08-27 23:00,143.863,143.982,143.716,143.962
2024-08-28 00:00,143.960,144.249,143.905,144.106
2024-08-28 01:00,144.109,144.394,144.083,144.357
2024-08-28 02:00,144.357,144.460,144.290,144.436
2024-08-28 03:00,144.439,144.490,144.318,144.410
2024-08-28 04:00,144.409,144.540,144.338,144.348
2024-08-28 05:00,144.353,144.536,144.284,144.391
2024-08-28 06:00,144.393,144.603,144.360,144.534
2024-08-28 07:00,144.528,144.571,144.329,144.561
2024-08-28 08:00,144.559,144.576,144.314,144.343
2024-08-28 09:00,144.348,144.349,144.056,144.278
2024-08-28 10:00,144.274,144.489,144.241,144.407
2024-08-28 11:00,144.410,144.487,144.265,144.323
2024-08-28 12:00,144.321,144.778,144.308,144.709
2024-08-28 13:00,144.706,145.039,144.697,144.847
2024-08-28 14:00,144.843,144.843,144.438,144.489
2024-08-28 15:00,144.485,144.626,144.343,144.473
2024-08-28 16:00,144.469,144.758,144.463,144.740
2024-08-28 17:00,144.735,144.809,144.566,144.630
2024-08-28 18:00,144.630,144.728,144.506,144.653
2024-08-28 19:00,144.647,144.758,144.647,144.698
2024-08-28 20:00,144.700,144.770,144.410,144.572
2024-08-28 21:00,144.573,144.620,144.403,144.433
2024-08-28 22:00,144.433,144.483,144.275,144.322
2024-08-28 23:00,144.293,144.468,144.215,144.435
2024-08-29 00:00,144.435,144.598,144.262,144.426
2024-08-29 01:00,144.428,144.662,144.340,144.631
2024-08-29 02:00,144.629,144.695,144.447,144.587
2024-08-29 03:00,144.581,144.615,144.476,144.525
2024-08-29 04:00,144.523,144.716,144.456,144.671
2024-08-29 05:00,144.668,144.862,144.553,144.616
2024-08-29 06:00,144.616,144.673,144.454,144.579
2024-08-29 07:00,144.582,144.844,144.550,144.728
2024-08-29 08:00,144.726,144.742,144.462,144.689
2024-08-29 09:00,144.691,144.737,144.440,144.519
2024-08-29 10:00,144.518,144.586,144.456,144.487
2024-08-29 11:00,144.482,144.700,144.460,144.587
2024-08-29 12:00,144.591,145.423,144.516,145.400
2024-08-29 13:00,145.400,145.496,145.258,145.363
2024-08-29 14:00,145.371,145.553,145.182,145.342
2024-08-29 15:00,145.347,145.391,144.970,144.983
2024-08-29 16:00,144.983,145.045,144.898,144.997
2024-08-29 17:00,145.000,145.022,144.810,144.853
2024-08-29 18:00,144.854,144.896,144.723,144.774
2024-08-29 19:00,144.778,144.935,144.751,144.912
2024-08-29 20:00,144.913,145.012,144.895,144.975
2024-08-29 21:00,144.974,145.024,144.889,144.955
2024-08-29 22:00,144.961,145.013,144.835,144.899
2024-08-29 23:00,144.894,145.072,144.833,144.886
2024-08-30 00:00,144.885,144.943,144.647,144.724
2024-08-30 01:00,144.720,144.876,144.698,144.762
2024-08-30 02:00,144.762,144.844,144.698,144.770
2024-08-30 03:00,144.770,144.809,144.746,144.789
2024-08-30 04:00,144.791,144.885,144.768,144.842
2024-08-30 05:00,144.845,144.944,144.784,144.856
2024-08-30 06:00,144.856,145.092,144.855,144.950
2024-08-30 07:00,144.955,145.008,144.812,144.928
2024-08-30 08:00,144.930,145.136,144.845,145.114
2024-08-30 09:00,145.114,145.150,145.014,145.128
2024-08-30 10:00,145.129,145.294,145.104,145.292
2024-08-30 11:00,145.285,145.456,145.223,145.424
2024-08-30 12:00,145.423,145.742,145.243,145.634
2024-08-30 13:00,145.634,145.690,145.420,145.592
2024-08-30 14:00,145.584,145.720,145.309,145.591
2024-08-30 15:00,145.590,145.971,145.556,145.953
2024-08-30 16:00,145.954,146.247,145.905,146.225
2024-08-30 17:00,146.221,146.243,146.069,146.151
2024-08-30 18:00,146.151,146.177,146.044,146.088
2024-08-30 19:00,146.089,146.245,146.065,146.184
2024-08-30 20:00,146.185,146.212,146.083,146.166
2024-09-01 23:00,146.443,146.597,146.354,146.399
2024-09-02 00:00,146.399,146.544,146.152,146.188
2024-09-02 01:00,146.185,146.279,146.052,146.213
2024-09-02 02:00,146.215,146.256,145.898,145.966
2024-09-02 03:00,145.967,146.011,145.824,145.946
2024-09-02 04:00,145.948,145.949,145.768,145.929
2024-09-02 05:00,145.933,146.214,145.924,146.108
2024-09-02 06:00,146.106,146.293,146.061,146.157
2024-09-02 07:00,146.157,146.476,146.120,146.472
2024-09-02 08:00,146.469,146.844,146.428,146.698
2024-09-02 09:00,146.703,146.746,146.594,146.674
2024-09-02 10:00,146.677,146.807,146.620,146.803
2024-09-02 11:00,146.801,146.991,146.744,146.986
2024-09-02 12:00,146.984,146.990,146.908,146.980
2024-09-02 13:00,146.981,147.175,146.833,146.963
2024-09-02 14:00,146.960,147.017,146.913,146.962
2024-09-02 15:00,146.961,147.068,146.902,146.950
2024-09-02 16:00,146.950,146.986,146.802,146.817
2024-09-02 17:00,146.814,146.894,146.812,146.888
2024-09-02 18:00,146.888,146.908,146.849,146.901
2024-09-02 19:00,146.897,146.900,146.852,146.885
2024-09-02 20:00,146.898,146.927,146.841,146.893
2024-09-02 21:00,146.889,146.909,146.805,146.882
2024-09-02 22:00,146.882,146.960,146.828,146.960
2024-09-02 23:00,146.947,146.963,146.708,146.748
2024-09-03 00:00,146.745,147.210,146.662,147.121
2024-09-03 01:00,147.124,147.144,146.584,146.612
2024-09-03 02:00,146.615,146.763,146.561,146.639
2024-09-03 03:00,146.638,146.733,146.442,146.540
2024-09-03 04:00,146.541,146.573,146.389,146.531
2024-09-03 05:00,146.530,146.594,146.132,146.305
2024-09-03 06:00,146.309,146.408,145.988,146.016
2024-09-03 07:00,146.016,146.243,145.884,145.947
2024-09-03 08:00,145.945,146.016,145.602,145.813
2024-09-03 09:00,145.815,145.984,145.789,145.933
2024-09-03 10:00,145.933,146.065,145.858,146.030
2024-09-03 11:00,146.032,146.238,145.891,146.170
2024-09-03 12:00,146.174,146.289,145.869,145.878
2024-09-03 13:00,145.881,145.923,145.277,145.441
2024-09-03 14:00,145.421,145.676,145.098,145.565
2024-09-03 15:00,145.564,145.918,145.564,145.820
2024-09-03 16:00,145.821,145.922,145.708,145.762
2024-09-03 17:00,145.764,145.904,145.731,145.896
2024-09-03 18:00,145.894,145.908,145.765,145.796
2024-09-03 19:00,145.803,145.834,145.561,145.628
2024-09-03 20:00,145.634,145.712,145.435,145.454
2024-09-03 21:00,145.457,145.524,145.379,145.401
2024-09-03 22:00,145.400,145.556,145.265,145.327
2024-09-03 23:00,145.329,145.395,145.085,145.363
2024-09-04 00:00,145.361,145.552,144.884,145.174
2024-09-04 01:00,145.171,145.533,145.140,145.403
2024-09-04 02:00,145.401,145.504,145.213,145.443
2024-09-04 03:00,145.443,145.546,145.265,145.309
2024-09-04 04:00,145.310,145.538,145.207,145.245
2024-09-04 05:00,145.249,145.256,145.027,145.163
2024-09-04 06:00,145.168,145.316,144.852,144.872
2024-09-04 07:00,144.872,145.043,144.748,144.981
2024-09-04 08:00,144.979,145.233,144.913,145.206
2024-09-04 09:00,145.202,145.269,145.066,145.105
2024-09-04 10:00,145.109,145.188,144.930,145.075
2024-09-04 11:00,145.068,145.092,144.857,144.886
2024-09-04 12:00,144.885,145.218,144.876,145.073
2024-09-04 13:00,145.068,145.147,144.742,144.778
2024-09-04 14:00,144.777,144.777,144.020,144.119
2024-09-04 15:00,144.116,144.416,144.030,144.307
2024-09-04 16:00,144.303,144.370,144.007,144.046
2024-09-04 17:00,144.048,144.082,143.941,144.071
2024-09-04 18:00,144.075,144.125,143.854,143.886
2024-09-04 19:00,143.881,143.947,143.790,143.821
2024-09-04 20:00,143.822,143.874,143.698,143.720
2024-09-04 21:00,143.716,143.747,143.574,143.626
2024-09-04 22:00,143.642,143.746,143.504,143.639
2024-09-04 23:00,143.620,143.685,143.179,143.333
2024-09-05 00:00,143.332,143.802,143.294,143.716
2024-09-05 01:00,143.717,143.831,143.426,143.700
2024-09-05 02:00,143.699,143.903,143.603,143.828
2024-09-05 03:00,143.827,143.878,143.670,143.757
2024-09-05 04:00,143.758,143.852,143.482,143.575
2024-09-05 05:00,143.578,143.600,143.316,143.400
2024-09-05 06:00,143.400,143.451,143.044,143.235
2024-09-05 07:00,143.236,143.738,143.222,143.609
2024-09-05 08:00,143.611,143.750,143.523,143.571
2024-09-05 09:00,143.573,143.646,143.424,143.605
2024-09-05 10:00,143.608,143.646,143.462,143.490
2024-09-05 11:00,143.491,143.570,143.410,143.449
2024-09-05 12:00,143.448,143.599,142.841,143.094
2024-09-05 13:00,143.098,143.269,143.029,143.192
2024-09-05 14:00,143.192,144.230,143.186,143.912
2024-09-05 15:00,143.911,144.026,143.409,143.433
2024-09-05 16:00,143.428,143.543,143.366,143.432
2024-09-05 17:00,143.430,143.449,143.186,143.348
2024-09-05 18:00,143.343,143.482,143.199,143.418
2024-09-05 19:00,143.412,143.507,143.308,143.459
2024-09-05 20:00,143.460,143.494,143.369,143.434
2024-09-05 21:00,143.430,143.463,143.366,143.404
2024-09-05 22:00,143.406,143.456,143.313,143.439
2024-09-05 23:00,143.410,143.480,143.342,143.388
2024-09-06 00:00,143.385,143.420,143.148,143.175
2024-09-06 01:00,143.174,143.363,143.095,143.274
2024-09-06 02:00,143.284,143.311,143.166,143.198
2024-09-06 03:00,143.195,143.224,142.983,143.028
2024-09-06 04:00,143.027,143.033,142.887,142.989
2024-09-06 05:00,142.990,143.006,142.404,142.607
2024-09-06 06:00,142.605,142.654,142.252,142.390
2024-09-06 07:00,142.391,142.536,142.053,142.518
2024-09-06 08:00,142.521,142.725,142.478,142.613
2024-09-06 09:00,142.610,142.894,142.609,142.801
2024-09-06 10:00,142.799,142.957,142.789,142.854
2024-09-06 11:00,142.853,143.127,142.822,143.058
2024-09-06 12:00,143.057,144.041,141.979,142.986
2024-09-06 13:00,142.985,143.890,142.792,143.522
2024-09-06 14:00,143.520,143.550,142.207,142.430
2024-09-06 15:00,142.436,142.751,141.765,142.137
2024-09-06 16:00,142.130,142.666,142.071,142.440
2024-09-06 17:00,142.443,142.690,142.229,142.423
2024-09-06 18:00,142.419,142.481,142.242,142.360
2024-09-06 19:00,142.357,142.477,142.352,142.420
2024-09-06 20:00,142.422,142.437,142.215,142.251
2024-09-08 23:00,142.141,142.528,142.082,142.487
2024-09-09 00:00,142.487,142.741,142.414,142.693
2024-09-09 01:00,142.693,142.981,142.605,142.954
2024-09-09 02:00,142.956,142.989,142.695,142.817
2024-09-09 03:00,142.816,142.958,142.635,142.757
2024-09-09 04:00,142.758,143.096,142.736,142.973
2024-09-09 05:00,142.972,143.070,142.768,142.911
2024-09-09 06:00,142.913,143.057,142.790,143.000
2024-09-09 07:00,143.002,143.358,142.996,143.157
2024-09-09 08:00,143.154,143.433,143.089,143.378
2024-09-09 09:00,143.380,143.575,143.264,143.486
2024-09-09 10:00,143.486,143.777,143.468,143.667
2024-09-09 11:00,143.668,143.800,143.534,143.606
2024-09-09 12:00,143.604,143.696,143.089,143.232
2024-09-09 13:00,143.229,143.232,142.724,142.789
2024-09-09 14:00,142.792,142.993,142.650,142.737
2024-09-09 15:00,142.743,143.011,142.709,142.921
2024-09-09 16:00,142.925,142.952,142.822,142.876
2024-09-09 17:00,142.880,142.917,142.709,142.812
2024-09-09 18:00,142.815,142.896,142.756,142.807
2024-09-09 19:00,142.807,142.961,142.775,142.953
2024-09-09 20:00,142.954,143.210,142.944,143.155
2024-09-09 21:00,143.165,143.165,143.094,143.121
2024-09-09 22:00,143.118,143.137,142.848,143.027
2024-09-09 23:00,143.039,143.295,143.037,143.181
2024-09-10 00:00,143.178,143.487,143.113,143.465
2024-09-10 01:00,143.464,143.546,143.349,143.421
2024-09-10 02:00,143.422,143.432,143.188,143.405
2024-09-10 03:00,143.405,143.430,143.170,143.230
2024-09-10 04:00,143.232,143.280,143.046,143.080
2024-09-10 05:00,143.080,143.187,143.031,143.152
2024-09-10 06:00,143.152,143.453,143.087,143.399
2024-09-10 07:00,143.397,143.614,143.334,143.601
2024-09-10 08:00,143.602,143.711,143.435,143.510
2024-09-10 09:00,143.509,143.520,143.149,143.160
2024-09-10 10:00,143.160,143.212,142.947,143.039
2024-09-10 11:00,143.039,143.189,142.990,143.125
2024-09-10 12:00,143.122,143.189,142.753,142.858
2024-09-10 13:00,142.861,143.112,142.822,143.005
2024-09-10 14:00,143.006,143.047,142.526,142.718
2024-09-10 15:00,142.716,142.731,142.253,142.288
2024-09-10 16:00,142.287,142.473,142.192,142.461
2024-09-10 17:00,142.461,142.569,142.320,142.393
2024-09-10 18:00,142.393,142.460,142.218,142.342
2024-09-10 19:00,142.346,142.388,142.286,142.309
2024-09-10 20:00,142.307,142.491,142.296,142.433
2024-09-10 21:00,142.438,142.438,142.326,142.405
2024-09-10 22:00,142.407,142.472,142.328,142.464
2024-09-10 23:00,142.443,142.467,142.205,142.227
2024-09-11 00:00,142.222,142.293,142.016,142.287
2024-09-11 01:00,142.284,142.425,141.494,141.828
2024-09-11 02:00,141.838,141.900,141.554,141.828
2024-09-11 03:00,141.833,141.960,141.248,141.395
2024-09-11 04:00,141.394,141.398,140.887,141.091
2024-09-11 05:00,141.086,141.293,140.704,141.283
2024-09-11 06:00,141.282,141.452,141.144,141.374
2024-09-11 07:00,141.371,141.544,141.165,141.386
2024-09-11 08:00,141.382,141.699,141.328,141.528
2024-09-11 09:00,141.532,141.577,141.286,141.568
2024-09-11 10:00,141.571,141.694,141.484,141.570
2024-09-11 11:00,141.575,141.822,141.499,141.689
2024-09-11 12:00,141.684,142.546,141.684,142.292
2024-09-11 13:00,142.291,142.495,141.774,141.814
2024-09-11 14:00,141.815,141.956,141.244,141.427
2024-09-11 15:00,141.430,141.820,141.377,141.722
2024-09-11 16:00,141.726,142.035,141.723,141.945
2024-09-11 17:00,141.944,142.324,141.892,142.199
2024-09-11 18:00,142.203,142.250,142.089,142.195
2024-09-11 19:00,142.201,142.411,142.188,142.373
2024-09-11 20:00,142.373,142.456,142.331,142.347
2024-09-11 21:00,142.344,142.344,142.241,142.266
2024-09-11 22:00,142.272,142.470,142.221,142.455
2024-09-11 23:00,142.457,142.674,142.437,142.636
2024-09-12 00:00,142.637,142.949,142.604,142.678
2024-09-12 01:00,142.682,142.708,142.254,142.543
2024-09-12 02:00,142.540,142.633,142.342,142.525
2024-09-12 03:00,142.527,142.613,142.348,142.589
2024-09-12 04:00,142.587,142.843,142.576,142.786
2024-09-12 05:00,142.780,142.914,142.612,142.831
2024-09-12 06:00,142.832,142.840,142.463,142.575
2024-09-12 07:00,142.575,143.044,142.547,142.765
2024-09-12 08:00,142.764,142.764,142.528,142.579
2024-09-12 09:00,142.582,142.711,142.513,142.673
2024-09-12 10:00,142.671,142.776,142.585,142.619
2024-09-12 11:00,142.618,142.642,142.366,142.561
2024-09-12 12:00,142.563,142.619,141.951,142.098
2024-09-12 13:00,142.095,142.433,141.907,142.008
2024-09-12 14:00,142.007,142.661,142.002,142.478
2024-09-12 15:00,142.484,142.557,142.190,142.240
2024-09-12 16:00,142.240,142.655,142.208,142.514
2024-09-12 17:00,142.512,142.568,142.235,142.271
2024-09-12 18:00,142.267,142.366,141.908,142.022
2024-09-12 19:00,142.021,142.090,141.747,141.881
2024-09-12 20:00,141.880,141.924,141.721,141.791
2024-09-12 21:00,141.802,141.842,141.756,141.816
2024-09-12 22:00,141.820,141.875,141.690,141.808
2024-09-12 23:00,141.839,141.841,141.421,141.503
2024-09-13 00:00,141.509,141.557,141.160,141.196
2024-09-13 01:00,141.191,141.294,140.997,141.226
2024-09-13 02:00,141.225,141.289,140.774,141.035
2024-09-13 03:00,141.035,141.132,140.812,140.975
2024-09-13 04:00,140.976,141.020,140.639,140.954
2024-09-13 05:00,140.950,141.175,140.740,140.861
2024-09-13 06:00,140.860,141.173,140.823,141.088
2024-09-13 07:00,141.087,141.414,140.816,140.912
2024-09-13 08:00,140.913,140.969,140.406,140.700
2024-09-13 09:00,140.700,140.729,140.358,140.572
2024-09-13 10:00,140.569,140.718,140.361,140.693
2024-09-13 11:00,140.697,140.979,140.594,140.831
2024-09-13 12:00,140.830,141.020,140.696,140.726
2024-09-13 13:00,140.726,140.728,140.278,140.359
2024-09-13 14:00,140.352,140.775,140.281,140.639
2024-09-13 15:00,140.639,140.676,140.338,140.661
2024-09-13 16:00,140.665,140.942,140.586,140.806
2024-09-13 17:00,140.807,140.964,140.765,140.909
2024-09-13 18:00,140.908,141.007,140.832,140.928
2024-09-13 19:00,140.931,140.966,140.880,140.930
2024-09-13 20:00,140.926,140.937,140.764,140.780
2024-09-13 21:00,140.764,140.764,140.764,140.764
2024-09-15 23:00,140.686,140.897,140.677,140.844
2024-09-16 00:00,140.844,140.849,140.418,140.525
2024-09-16 01:00,140.525,140.586,140.442,140.538
2024-09-16 02:00,140.540,140.563,140.468,140.531
2024-09-16 03:00,140.534,140.543,140.041,140.120
2024-09-16 04:00,140.120,140.304,139.945,140.215
2024-09-16 05:00,140.210,140.287,140.062,140.192
2024-09-16 06:00,140.194,140.234,139.721,139.851
2024-09-16 07:00,139.852,139.935,139.572,139.875
2024-09-16 08:00,139.872,139.944,139.728,139.851
2024-09-16 09:00,139.850,140.275,139.824,140.206
2024-09-16 10:00,140.205,140.232,140.021,140.124
2024-09-16 11:00,140.120,140.165,139.874,139.886
2024-09-16 12:00,139.886,140.443,139.748,140.235
2024-09-16 13:00,140.231,140.481,140.208,140.455
2024-09-16 14:00,140.457,140.708,140.320,140.447
2024-09-16 15:00,140.446,140.912,140.424,140.797
2024-09-16 16:00,140.800,140.857,140.598,140.640
2024-09-16 17:00,140.642,140.766,140.596,140.675
2024-09-16 18:00,140.677,140.740,140.607,140.713
2024-09-16 19:00,140.713,140.881,140.692,140.705
2024-09-16 20:00,140.697,140.720,140.557,140.604
2024-09-16 21:00,140.599,140.641,140.545,140.601
2024-09-16 22:00,140.607,140.866,140.597,140.859
2024-09-16 23:00,140.860,141.241,140.749,140.793
2024-09-17 00:00,140.792,140.845,140.467,140.662
2024-09-17 01:00,140.659,140.670,140.337,140.443
2024-09-17 02:00,140.439,140.588,140.315,140.573
2024-09-17 03:00,140.572,140.667,140.458,140.596
2024-09-17 04:00,140.595,140.753,140.568,140.675
2024-09-17 05:00,140.678,140.804,140.500,140.706
2024-09-17 06:00,140.704,140.723,140.511,140.678
2024-09-17 07:00,140.679,140.697,140.344,140.600
2024-09-17 08:00,140.600,140.695,140.434,140.574
2024-09-17 09:00,140.570,140.650,140.469,140.644
2024-09-17 10:00,140.641,140.684,140.568,140.665
2024-09-17 11:00,140.665,140.741,140.477,140.604
2024-09-17 12:00,140.605,141.128,140.536,140.970
2024-09-17 13:00,140.966,141.664,140.861,141.581
2024-09-17 14:00,141.580,141.901,141.526,141.695
2024-09-17 15:00,141.699,141.814,141.574,141.774
2024-09-17 16:00,141.768,141.994,141.686,141.728
2024-09-17 17:00,141.727,142.006,141.715,141.901
2024-09-17 18:00,141.902,141.987,141.790,141.806
2024-09-17 19:00,141.809,142.297,141.776,142.223
2024-09-17 20:00,142.220,142.465,142.192,142.393
2024-09-17 21:00,142.387,142.397,142.292,142.341
2024-09-17 22:00,142.333,142.376,142.008,142.035
2024-09-17 23:00,142.040,142.097,141.890,142.002
2024-09-18 00:00,142.008,142.020,141.546,141.644
2024-09-18 01:00,141.643,141.762,141.467,141.515
2024-09-18 02:00,141.516,141.624,141.375,141.468
2024-09-18 03:00,141.468,141.468,141.287,141.393
2024-09-18 04:00,141.390,141.555,141.218,141.315
2024-09-18 05:00,141.314,141.542,141.276,141.532
2024-09-18 06:00,141.532,141.704,141.436,141.542
2024-09-18 07:00,141.545,141.929,141.527,141.877
2024-09-18 08:00,141.875,141.996,141.646,141.710
2024-09-18 09:00,141.708,141.810,141.564,141.645
2024-09-18 10:00,141.647,141.708,141.545,141.605
2024-09-18 11:00,141.604,141.912,141.556,141.841
2024-09-18 12:00,141.841,142.059,141.808,141.926
2024-09-18 13:00,141.869,141.910,141.674,141.760
2024-09-18 14:00,141.759,142.066,141.691,141.998
2024-09-18 15:00,142.002,142.036,141.857,141.930
2024-09-18 16:00,141.934,141.989,141.836,141.882
2024-09-18 17:00,141.879,142.064,141.803,141.906
2024-09-18 18:00,141.962,141.966,140.433,141.126
2024-09-18 19:00,141.311,142.711,141.311,142.436
2024-09-18 20:00,142.441,142.491,142.196,142.273
2024-09-18 21:00,142.268,142.305,142.084,142.098
2024-09-18 22:00,142.098,142.208,141.876,142.095
2024-09-18 23:00,142.107,142.763,142.104,142.700
2024-09-19 00:00,142.699,143.591,142.698,143.483
2024-09-19 01:00,143.481,143.944,143.414,143.724
2024-09-19 02:00,143.722,143.764,143.166,143.197
2024-09-19 03:00,143.197,143.320,142.944,143.165
2024-09-19 04:00,143.163,143.293,143.050,143.176
2024-09-19 05:00,143.173,143.200,142.546,142.572
2024-09-19 06:00,142.573,142.756,142.094,142.243
2024-09-19 07:00,142.246,142.548,142.035,142.508
2024-09-19 08:00,142.506,142.917,142.450,142.792
2024-09-19 09:00,142.792,142.977,142.679,142.757
2024-09-19 10:00,142.755,143.171,142.722,142.830
2024-09-19 11:00,142.828,143.253,142.756,142.917
2024-09-19 12:00,142.917,143.760,142.704,143.756
2024-09-19 13:00,143.755,143.768,143.276,143.330
2024-09-19 14:00,143.329,143.337,142.795,142.908
2024-09-19 15:00,142.911,142.985,142.728,142.881
2024-09-19 16:00,142.878,143.134,142.848,143.036
2024-09-19 17:00,143.034,143.115,142.892,142.916
2024-09-19 18:00,142.915,142.931,142.524,142.658
2024-09-19 19:00,142.660,142.744,142.568,142.631
2024-09-19 20:00,142.630,142.674,142.519,142.613
2024-09-19 21:00,142.612,142.640,142.526,142.624
2024-09-19 22:00,142.614,142.634,142.514,142.587
2024-09-19 23:00,142.660,142.926,142.644,142.861
2024-09-20 00:00,142.862,142.897,142.405,142.407
2024-09-20 01:00,142.407,142.478,142.136,142.397
2024-09-20 02:00,142.398,142.782,142.296,142.462
2024-09-20 03:00,142.462,142.481,141.948,142.291
2024-09-20 04:00,142.289,142.308,142.095,142.184
2024-09-20 05:00,142.184,142.372,142.139,142.280
2024-09-20 06:00,142.278,143.043,141.733,142.980
2024-09-20 07:00,142.979,143.646,142.816,143.628
2024-09-20 08:00,143.622,143.882,143.473,143.807
2024-09-20 09:00,143.803,143.945,143.640,143.936
2024-09-20 10:00,143.937,144.267,143.768,144.253
2024-09-20 11:00,144.253,144.430,144.207,144.215
2024-09-20 12:00,144.216,144.285,143.573,143.667
2024-09-20 13:00,143.666,144.090,143.463,144.072
2024-09-20 14:00,144.068,144.445,144.024,144.423
2024-09-20 15:00,144.417,144.495,143.840,143.906
2024-09-20 16:00,143.907,143.930,143.642,143.753
2024-09-20 17:00,143.753,144.151,143.732,143.975
2024-09-20 18:00,143.974,143.981,143.795,143.870
2024-09-20 19:00,143.870,143.922,143.715,143.918
2024-09-20 20:00,143.917,144.048,143.808,143.808
2024-09-22 23:00,143.923,144.089,143.802,144.079
2024-09-23 00:00,144.065,144.258,144.025,144.116
2024-09-23 01:00,144.117,144.459,144.116,144.367
2024-09-23 02:00,144.371,144.449,144.302,144.357
2024-09-23 03:00,144.361,144.401,144.256,144.312
2024-09-23 04:00,144.312,144.350,144.177,144.255
2024-09-23 05:00,144.250,144.319,144.095,144.112
2024-09-23 06:00,144.111,144.196,143.862,143.989
2024-09-23 07:00,143.988,144.041,143.559,143.665
2024-09-23 08:00,143.660,143.745,143.431,143.589
2024-09-23 09:00,143.588,143.746,143.513,143.625
2024-09-23 10:00,143.624,143.667,143.274,143.371
2024-09-23 11:00,143.368,143.645,143.160,143.607
2024-09-23 12:00,143.603,143.876,143.451,143.772
2024-09-23 13:00,143.768,144.205,143.449,144.052
2024-09-23 14:00,144.057,144.345,143.706,143.771
2024-09-23 15:00,143.771,143.942,143.567,143.590
2024-09-23 16:00,143.593,143.627,143.308,143.342
2024-09-23 17:00,143.338,143.403,143.248,143.403
2024-09-23 18:00,143.404,143.436,143.288,143.319
2024-09-23 19:00,143.317,143.510,143.316,143.489
2024-09-23 20:00,143.489,143.645,143.484,143.598
2024-09-23 21:00,143.577,143.592,143.468,143.574
2024-09-23 22:00,143.562,143.700,143.546,143.628
2024-09-23 23:00,143.624,143.780,143.512,143.628
2024-09-24 00:00,143.632,143.735,143.404,143.551
2024-09-24 01:00,143.550,143.911,143.521,143.630
2024-09-24 02:00,143.626,143.713,143.370,143.666
2024-09-24 03:00,143.663,143.855,143.564,143.771
2024-09-24 04:00,143.772,143.941,143.747,143.839
2024-09-24 05:00,143.838,144.194,143.834,144.091
2024-09-24 06:00,144.088,144.467,144.067,144.426
2024-09-24 07:00,144.422,144.677,144.232,144.452
2024-09-24 08:00,144.451,144.635,144.211,144.288
2024-09-24 09:00,144.289,144.477,144.206,144.265
2024-09-24 10:00,144.262,144.354,143.871,143.935
2024-09-24 11:00,143.935,144.164,143.824,143.970
2024-09-24 12:00,143.973,144.121,143.781,143.962
2024-09-24 13:00,143.963,144.207,143.895,144.098
2024-09-24 14:00,144.101,144.105,143.426,143.670
2024-09-24 15:00,143.670,143.870,143.595,143.776
2024-09-24 16:00,143.776,143.794,143.395,143.456
2024-09-24 17:00,143.464,143.711,143.426,143.475
2024-09-24 18:00,143.475,143.494,143.268,143.383
2024-09-24 19:00,143.384,143.436,143.218,143.239
2024-09-24 20:00,143.237,143.257,143.108,143.211
2024-09-24 21:00,143.208,143.250,143.122,143.159
2024-09-24 22:00,143.159,143.246,142.884,143.033
2024-09-24 23:00,143.043,143.148,142.927,142.946
2024-09-25 00:00,142.944,143.308,142.904,143.173
2024-09-25 01:00,143.173,143.474,143.093,143.442
2024-09-25 02:00,143.444,143.494,143.242,143.345
2024-09-25 03:00,143.347,143.451,143.280,143.298
2024-09-25 04:00,143.292,143.395,143.216,143.253
2024-09-25 05:00,143.251,143.376,143.174,143.255
2024-09-25 06:00,143.255,143.739,143.218,143.678
2024-09-25 07:00,143.680,143.907,143.572,143.879
2024-09-25 08:00,143.879,144.064,143.878,143.937
2024-09-25 09:00,143.938,144.260,143.903,144.184
2024-09-25 10:00,144.181,144.296,144.064,144.282
2024-09-25 11:00,144.282,144.442,144.259,144.303
2024-09-25 12:00,144.299,144.410,144.138,144.200
2024-09-25 13:00,144.199,144.212,143.854,144.047
2024-09-25 14:00,144.050,144.396,144.040,144.358
2024-09-25 15:00,144.357,144.603,144.306,144.398
2024-09-25 16:00,144.401,144.538,144.370,144.533
2024-09-25 17:00,144.532,144.741,144.477,144.551
2024-09-25 18:00,144.549,144.717,144.511,144.676
2024-09-25 19:00,144.677,144.768,144.605,144.758
2024-09-25 20:00,144.757,144.842,144.722,144.746
2024-09-25 21:00,144.732,144.766,144.628,144.648
2024-09-25 22:00,144.661,144.680,144.536,144.643
2024-09-25 23:00,144.647,144.773,144.606,144.714
2024-09-26 00:00,144.714,144.722,144.438,144.494
2024-09-26 01:00,144.489,144.945,144.467,144.812
2024-09-26 02:00,144.813,144.945,144.759,144.830
2024-09-26 03:00,144.835,145.037,144.784,144.927
2024-09-26 04:00,144.926,144.966,144.620,144.688
2024-09-26 05:00,144.691,144.870,144.632,144.715
2024-09-26 06:00,144.715,144.857,144.612,144.829
2024-09-26 07:00,144.830,145.172,144.713,145.025
2024-09-26 08:00,145.024,145.199,144.678,144.823
2024-09-26 09:00,144.825,144.968,144.697,144.703
2024-09-26 10:00,144.705,144.747,144.333,144.357
2024-09-26 11:00,144.357,144.433,144.150,144.163
2024-09-26 12:00,144.163,144.723,144.104,144.559
2024-09-26 13:00,144.563,144.704,144.299,144.593
2024-09-26 14:00,144.583,145.220,144.552,144.832
2024-09-26 15:00,144.833,144.947,144.605,144.674
2024-09-26 16:00,144.677,144.904,144.675,144.856
2024-09-26 17:00,144.854,144.856,144.533,144.716
2024-09-26 18:00,144.713,144.773,144.560,144.624
2024-09-26 19:00,144.620,144.686,144.504,144.658
2024-09-26 20:00,144.661,144.899,144.655,144.805
2024-09-26 21:00,144.775,144.836,144.703,144.770
2024-09-26 22:00,144.767,144.970,144.746,144.857
2024-09-26 23:00,144.868,145.142,144.867,145.082
2024-09-27 00:00,145.078,145.473,144.930,145.455
2024-09-27 01:00,145.462,145.576,145.267,145.305
2024-09-27 02:00,145.301,145.345,144.960,145.091
2024-09-27 03:00,145.087,145.263,144.978,145.253
2024-09-27 04:00,145.249,145.800,145.244,145.792
2024-09-27 05:00,145.792,146.491,145.753,146.256
2024-09-27 06:00,146.253,146.352,143.130,143.171
2024-09-27 07:00,143.171,143.468,142.770,143.193
2024-09-27 08:00,143.187,143.769,142.942,143.142
2024-09-27 09:00,143.138,143.495,143.062,143.128
2024-09-27 10:00,143.130,143.328,142.958,143.219
2024-09-27 11:00,143.223,143.365,143.085,143.103
2024-09-27 12:00,143.107,143.220,142.495,142.513
2024-09-27 13:00,142.521,142.994,142.490,142.536
2024-09-27 14:00,142.538,143.071,142.380,142.857
2024-09-27 15:00,142.856,143.086,142.557,142.596
2024-09-27 16:00,142.599,142.702,142.407,142.508
2024-09-27 17:00,142.503,142.603,142.279,142.327
2024-09-27 18:00,142.327,142.416,142.075,142.168
2024-09-27 19:00,142.170,142.265,142.062,142.149
2024-09-27 20:00,142.154,142.282,142.119,142.150
2024-09-29 23:00,142.670,142.952,142.578,142.790
2024-09-30 00:00,142.790,142.841,142.452,142.685
2024-09-30 01:00,142.681,142.843,142.408,142.466
2024-09-30 02:00,142.465,142.553,142.264,142.526
2024-09-30 03:00,142.522,142.526,142.329,142.448
2024-09-30 04:00,142.447,142.501,142.077,142.126
2024-09-30 05:00,142.125,142.158,141.652,141.703
2024-09-30 06:00,141.704,142.079,141.638,142.048
2024-09-30 07:00,142.053,142.428,141.925,142.366
2024-09-30 08:00,142.363,142.580,142.337,142.535
2024-09-30 09:00,142.532,142.602,142.446,142.529
2024-09-30 10:00,142.528,142.798,142.528,142.594
2024-09-30 11:00,142.602,142.611,142.398,142.561
2024-09-30 12:00,142.561,142.999,142.538,142.944
2024-09-30 13:00,142.943,143.142,142.741,143.124
2024-09-30 14:00,143.121,143.190,142.818,143.033
2024-09-30 15:00,143.032,143.368,142.992,143.262
2024-09-30 16:00,143.256,143.323,143.070,143.110
2024-09-30 17:00,143.108,143.128,142.923,143.093
2024-09-30 18:00,143.089,143.915,143.087,143.684
2024-09-30 19:00,143.682,143.909,143.638,143.729
2024-09-30 20:00,143.729,143.746,143.594,143.626
2024-09-30 21:00,143.620,143.640,143.537,143.575
2024-09-30 22:00,143.560,143.700,143.528,143.555
2024-09-30 23:00,143.552,143.734,143.366,143.711
2024-10-01 00:00,143.714,144.119,143.680,143.961
2024-10-01 01:00,143.962,144.131,143.679,143.715
2024-10-01 02:00,143.712,144.022,143.654,144.002
2024-10-01 03:00,144.004,144.331,143.948,144.272
2024-10-01 04:00,144.268,144.396,144.218,144.272
2024-10-01 05:00,144.273,144.413,144.217,144.254
2024-10-01 06:00,144.263,144.530,144.178,144.344
2024-10-01 07:00,144.333,144.349,143.878,144.173
2024-10-01 08:00,144.168,144.225,143.694,143.805
2024-10-01 09:00,143.804,143.835,143.616,143.730
2024-10-01 10:00,143.731,143.796,143.672,143.734
2024-10-01 11:00,143.736,143.788,143.558,143.751
2024-10-01 12:00,143.752,144.067,143.675,144.035
2024-10-01 13:00,144.040,144.071,143.175,143.513
2024-10-01 14:00,143.512,143.843,142.964,143.598
2024-10-01 15:00,143.603,143.922,143.524,143.673
2024-10-01 16:00,143.673,143.718,143.257,143.630
2024-10-01 17:00,143.634,143.853,143.315,143.813
2024-10-01 18:00,143.819,143.919,143.593,143.666
2024-10-01 19:00,143.667,143.743,143.507,143.545
2024-10-01 20:00,143.554,143.589,143.495,143.553
2024-10-01 21:00,143.553,143.632,143.511,143.603
2024-10-01 22:00,143.606,143.662,143.415,143.493
2024-10-01 23:00,143.512,143.760,143.502,143.723
2024-10-02 00:00,143.724,143.881,143.646,143.816
2024-10-02 01:00,143.812,143.912,143.557,143.893
2024-10-02 02:00,143.896,144.024,143.855,144.000
2024-10-02 03:00,143.997,144.185,143.876,144.132
2024-10-02 04:00,144.132,144.151,143.571,143.730
2024-10-02 05:00,143.728,143.853,143.524,143.709
2024-10-02 06:00,143.709,144.007,143.653,143.893
2024-10-02 07:00,143.893,144.178,143.893,144.065
2024-10-02 08:00,144.060,144.325,143.944,144.318
2024-10-02 09:00,144.319,144.410,144.198,144.261
2024-10-02 10:00,144.261,144.855,144.069,144.791
2024-10-02 11:00,144.786,144.889,144.618,144.699
2024-10-02 12:00,144.701,145.444,144.673,145.368
2024-10-02 13:00,145.366,145.754,145.294,145.745
2024-10-02 14:00,145.744,146.265,145.574,146.193
2024-10-02 15:00,146.189,146.256,146.026,146.045
2024-10-02 16:00,146.046,146.163,145.907,146.028
2024-10-02 17:00,146.027,146.193,145.962,146.170
2024-10-02 18:00,146.165,146.373,146.162,146.333
2024-10-02 19:00,146.332,146.478,146.293,146.442
2024-10-02 20:00,146.441,146.516,146.363,146.455
2024-10-02 21:00,146.444,146.470,146.286,146.345
2024-10-02 22:00,146.348,146.916,146.273,146.570
2024-10-02 23:00,146.591,146.794,146.427,146.575
2024-10-03 00:00,146.577,147.060,146.458,146.988
2024-10-03 01:00,146.987,147.239,146.792,146.800
2024-10-03 02:00,146.798,146.922,146.678,146.776
2024-10-03 03:00,146.780,146.964,146.768,146.850
2024-10-03 04:00,146.850,146.932,146.672,146.722
2024-10-03 05:00,146.721,146.811,146.531,146.557
2024-10-03 06:00,146.548,146.775,146.469,146.722
2024-10-03 07:00,146.723,146.859,146.296,146.450
2024-10-03 08:00,146.447,146.792,146.387,146.745
2024-10-03 09:00,146.748,146.988,146.742,146.922
2024-10-03 10:00,146.922,146.945,146.816,146.832
2024-10-03 11:00,146.835,146.993,146.581,146.664
2024-10-03 12:00,146.665,146.871,146.491,146.772
2024-10-03 13:00,146.771,146.787,146.468,146.608
2024-10-03 14:00,146.592,147.180,146.592,146.773
2024-10-03 15:00,146.770,146.846,146.600,146.826
2024-10-03 16:00,146.829,146.927,146.703,146.716
2024-10-03 17:00,146.713,146.716,146.574,146.651
2024-10-03 18:00,146.649,146.885,146.645,146.869
2024-10-03 19:00,146.869,146.883,146.756,146.859
2024-10-03 20:00,146.859,146.967,146.849,146.921
2024-10-03 21:00,146.907,146.915,146.758,146.850
2024-10-03 22:00,146.829,146.897,146.787,146.861
2024-10-03 23:00,146.849,146.857,146.713,146.842
2024-10-04 00:00,146.840,146.932,146.610,146.640
2024-10-04 01:00,146.638,146.677,146.521,146.551
2024-10-04 02:00,146.549,146.565,146.388,146.406
2024-10-04 03:00,146.408,146.498,146.350,146.369
2024-10-04 04:00,146.373,146.383,146.146,146.227
2024-10-04 05:00,146.226,146.309,145.912,146.081
2024-10-04 06:00,146.085,146.233,145.944,146.220
2024-10-04 07:00,146.219,146.341,146.174,146.304
2024-10-04 08:00,146.299,146.410,146.243,146.337
2024-10-04 09:00,146.336,146.477,146.334,146.473
2024-10-04 10:00,146.472,146.562,146.410,146.497
2024-10-04 11:00,146.493,146.630,146.440,146.588
2024-10-04 12:00,146.585,148.692,146.428,148.642
2024-10-04 13:00,148.637,148.806,148.316,148.400
2024-10-04 14:00,148.405,148.569,148.307,148.495
2024-10-04 15:00,148.497,148.761,148.416,148.696
2024-10-04 16:00,148.696,149.005,148.670,148.936
2024-10-04 17:00,148.932,148.953,148.784,148.793
2024-10-04 18:00,148.788,148.883,148.750,148.871
2024-10-04 19:00,148.864,148.895,148.763,148.768
2024-10-04 20:00,148.762,148.770,148.628,148.679
2024-10-06 23:00,148.936,149.113,148.768,148.794
2024-10-07 00:00,148.792,148.796,148.353,148.421
2024-10-07 01:00,148.425,148.567,148.320,148.381
2024-10-07 02:00,148.383,148.584,148.217,148.578
2024-10-07 03:00,148.580,148.647,148.353,148.402
2024-10-07 04:00,148.404,148.540,148.332,148.532
2024-10-07 05:00,148.534,148.616,148.399,148.429
2024-10-07 06:00,148.430,148.544,148.333,148.385
2024-10-07 07:00,148.383,148.447,148.147,148.273
2024-10-07 08:00,148.274,148.357,148.057,148.314
2024-10-07 09:00,148.313,148.489,148.208,148.342
2024-10-07 10:00,148.343,148.644,148.285,148.633
2024-10-07 11:00,148.635,148.685,148.172,148.271
2024-10-07 12:00,148.271,148.272,148.022,148.165
2024-10-07 13:00,148.166,148.235,147.830,147.917
2024-10-07 14:00,147.916,148.244,147.879,148.220
2024-10-07 15:00,148.221,148.279,147.994,148.125
2024-10-07 16:00,148.126,148.193,147.987,148.002
2024-10-07 17:00,147.999,148.047,147.881,148.019
2024-10-07 18:00,148.019,148.107,147.945,148.102
2024-10-07 19:00,148.103,148.159,148.021,148.073
2024-10-07 20:00,148.072,148.209,148.053,148.172
2024-10-07 21:00,148.172,148.186,148.096,148.107
2024-10-07 22:00,148.128,148.229,147.708,147.708
2024-10-07 23:00,147.696,148.159,147.678,148.126
2024-10-08 00:00,148.130,148.191,147.738,147.815
2024-10-08 01:00,147.823,147.940,147.746,147.843
2024-10-08 02:00,147.838,147.859,147.504,147.689
2024-10-08 03:00,147.689,147.959,147.680,147.905
2024-10-08 04:00,147.913,148.104,147.902,148.075
2024-10-08 05:00,148.075,148.162,147.833,147.972
2024-10-08 06:00,147.969,148.127,147.838,147.985
2024-10-08 07:00,147.963,148.060,147.341,147.591
2024-10-08 08:00,147.583,147.852,147.526,147.838
2024-10-08 09:00,147.836,147.955,147.716,147.819
2024-10-08 10:00,147.825,147.996,147.775,147.877
2024-10-08 11:00,147.876,147.999,147.805,147.853
2024-10-08 12:00,147.851,148.176,147.848,148.035
2024-10-08 13:00,148.032,148.286,147.948,148.246
2024-10-08 14:00,148.253,148.335,148.107,148.308
2024-10-08 15:00,148.311,148.362,148.170,148.226
2024-10-08 16:00,148.223,148.271,148.036,148.147
2024-10-08 17:00,148.153,148.293,148.148,148.245
2024-10-08 18:00,148.242,148.366,148.200,148.353
2024-10-08 19:00,148.350,148.382,148.258,148.283
2024-10-08 20:00,148.283,148.323,148.153,148.180
2024-10-08 21:00,148.179,148.220,148.142,148.210
2024-10-08 22:00,148.227,148.305,148.182,148.190
2024-10-08 23:00,148.197,148.311,148.106,148.137
2024-10-09 00:00,148.140,148.233,148.006,148.221
2024-10-09 01:00,148.221,148.431,148.153,148.170
2024-10-09 02:00,148.170,148.296,148.071,148.271
2024-10-09 03:00,148.271,148.345,148.177,148.317
2024-10-09 04:00,148.315,148.369,148.277,148.333
2024-10-09 05:00,148.335,148.612,148.311,148.594
2024-10-09 06:00,148.590,148.653,148.421,148.443
2024-10-09 07:00,148.441,148.563,148.260,148.542
2024-10-09 08:00,148.541,148.729,148.474,148.719
2024-10-09 09:00,148.715,148.755,148.556,148.617
2024-10-09 10:00,148.618,148.694,148.504,148.597
2024-10-09 11:00,148.600,148.737,148.506,148.721
2024-10-09 12:00,148.718,148.917,148.667,148.905
2024-10-09 13:00,148.905,149.123,148.805,149.112
2024-10-09 14:00,149.114,149.177,149.025,149.146
2024-10-09 15:00,149.145,149.266,149.067,149.198
2024-10-09 16:00,149.193,149.300,149.187,149.231
2024-10-09 17:00,149.234,149.295,149.167,149.185
2024-10-09 18:00,149.174,149.365,149.150,149.356
2024-10-09 19:00,149.361,149.364,149.231,149.321
2024-10-09 20:00,149.320,149.356,149.282,149.292
2024-10-09 21:00,149.288,149.288,149.038,149.142
2024-10-09 22:00,149.148,149.299,149.133,149.234
2024-10-09 23:00,149.228,149.293,149.136,149.158
2024-10-10 00:00,149.158,149.290,148.997,149.213
2024-10-10 01:00,149.212,149.214,149.058,149.088
2024-10-10 02:00,149.086,149.220,149.066,149.210
2024-10-10 03:00,149.208,149.226,149.138,149.218
2024-10-10 04:00,149.217,149.544,149.217,149.398
2024-10-10 05:00,149.399,149.472,149.200,149.259
2024-10-10 06:00,149.259,149.259,149.044,149.117
2024-10-10 07:00,149.114,149.185,148.900,149.014
2024-10-10 08:00,149.014,149.210,148.982,149.068
2024-10-10 09:00,149.065,149.097,148.826,148.882
2024-10-10 10:00,148.876,148.935,148.771,148.845
2024-10-10 11:00,148.841,149.092,148.840,148.953
2024-10-10 12:00,148.953,149.572,148.226,148.606
2024-10-10 13:00,148.606,148.767,148.395,148.563
2024-10-10 14:00,148.558,148.878,148.345,148.717
2024-10-10 15:00,148.712,148.824,148.439,148.567
2024-10-10 16:00,148.566,148.960,148.437,148.919
2024-10-10 17:00,148.917,149.084,148.727,148.812
2024-10-10 18:00,148.810,148.839,148.626,148.751
2024-10-10 19:00,148.751,148.755,148.487,148.563
2024-10-10 20:00,148.560,148.593,148.509,148.562
2024-10-10 21:00,148.554,148.557,148.473,148.515
2024-10-10 22:00,148.523,148.652,148.500,148.641
2024-10-10 23:00,148.659,148.746,148.558,148.703
2024-10-11 00:00,148.701,148.762,148.412,148.459
2024-10-11 01:00,148.457,148.798,148.396,148.760
2024-10-11 02:00,148.757,148.777,148.635,148.666
2024-10-11 03:00,148.666,148.734,148.576,148.711
2024-10-11 04:00,148.705,148.764,148.668,148.706
2024-10-11 05:00,148.710,148.732,148.598,148.691
2024-10-11 06:00,148.688,148.857,148.655,148.692
2024-10-11 07:00,148.689,148.810,148.656,148.773
2024-10-11 08:00,148.774,148.826,148.665,148.730
2024-10-11 09:00,148.733,148.956,148.723,148.937
2024-10-11 10:00,148.942,149.083,148.899,149.054
2024-10-11 11:00,149.059,149.141,148.992,149.001
2024-10-11 12:00,149.004,149.261,148.768,149.058
2024-10-11 13:00,149.061,149.177,148.972,149.112
2024-10-11 14:00,149.099,149.283,148.982,149.257
2024-10-11 15:00,149.258,149.270,149.062,149.122
2024-10-11 16:00,149.121,149.130,148.974,148.998
2024-10-11 17:00,148.995,149.105,148.950,149.032
2024-10-11 18:00,149.031,149.110,149.028,149.108
2024-10-11 19:00,149.109,149.150,149.080,149.139
2024-10-11 20:00,149.139,149.176,149.070,149.091
2024-10-11 21:00,149.090,149.090,149.090,149.090
2024-10-13 23:00,149.333,149.391,149.224,149.305
2024-10-14 00:00,149.306,149.367,149.137,149.217
2024-10-14 01:00,149.214,149.278,149.139,149.210
2024-10-14 02:00,149.208,149.318,149.184,149.315
2024-10-14 03:00,149.317,149.353,149.253,149.323
2024-10-14 04:00,149.327,149.338,149.254,149.283
2024-10-14 05:00,149.287,149.321,149.164,149.221
2024-10-14 06:00,149.218,149.241,149.164,149.205
2024-10-14 07:00,149.210,149.397,149.183,149.353
2024-10-14 08:00,149.358,149.468,149.320,149.420
2024-10-14 09:00,149.423,149.430,149.340,149.392
2024-10-14 10:00,149.395,149.539,149.390,149.515
2024-10-14 11:00,149.512,149.727,149.502,149.640
2024-10-14 12:00,149.633,149.800,149.622,149.734
2024-10-14 13:00,149.739,149.882,149.688,149.784
2024-10-14 14:00,149.781,149.960,149.781,149.841
2024-10-14 15:00,149.834,149.897,149.797,149.823
2024-10-14 16:00,149.822,149.941,149.801,149.928
2024-10-14 17:00,149.926,149.938,149.845,149.869
2024-10-14 18:00,149.872,149.915,149.828,149.901
2024-10-14 19:00,149.902,149.981,149.704,149.758
2024-10-14 20:00,149.762,149.793,149.704,149.736
2024-10-14 21:00,149.746,149.814,149.707,149.755
2024-10-14 22:00,149.754,149.786,149.705,149.726
2024-10-14 23:00,149.730,149.837,149.663,149.715
2024-10-15 00:00,149.714,149.744,149.522,149.575
2024-10-15 01:00,149.569,149.598,149.435,149.523
2024-10-15 02:00,149.524,149.715,149.499,149.615
2024-10-15 03:00,149.621,149.718,149.565,149.711
2024-10-15 04:00,149.710,149.758,149.660,149.678
2024-10-15 05:00,149.674,149.702,149.437,149.639
2024-10-15 06:00,149.640,149.640,149.301,149.307
2024-10-15 07:00,149.307,149.335,149.165,149.234
2024-10-15 08:00,149.228,149.245,149.032,149.153
2024-10-15 09:00,149.150,149.168,148.845,148.904
2024-10-15 10:00,148.900,149.184,148.872,149.144
2024-10-15 11:00,149.139,149.373,149.138,149.348
2024-10-15 12:00,149.347,149.418,148.996,149.085
2024-10-15 13:00,149.083,149.248,149.068,149.184
2024-10-15 14:00,149.187,149.344,148.933,149.231
2024-10-15 15:00,149.228,149.319,149.164,149.217
2024-10-15 16:00,149.221,149.481,149.218,149.449
2024-10-15 17:00,149.444,149.544,149.421,149.427
2024-10-15 18:00,149.432,149.455,149.233,149.277
2024-10-15 19:00,149.276,149.291,149.160,149.239
2024-10-15 20:00,149.240,149.248,149.172,149.188
2024-10-15 21:00,149.186,149.341,149.151,149.178
2024-10-15 22:00,149.174,149.261,149.148,149.233
2024-10-15 23:00,149.226,149.338,149.066,149.087
2024-10-16 00:00,149.088,149.285,149.026,149.269
2024-10-16 01:00,149.270,149.299,148.860,149.027
2024-10-16 02:00,149.028,149.116,148.948,149.087
2024-10-16 03:00,149.085,149.201,149.028,149.173
2024-10-16 04:00,149.168,149.287,149.128,149.260
2024-10-16 05:00,149.267,149.374,149.184,149.359
2024-10-16 06:00,149.360,149.374,149.164,149.267
2024-10-16 07:00,149.260,149.488,149.162,149.451
2024-10-16 08:00,149.447,149.490,149.303,149.463
2024-10-16 09:00,149.460,149.471,149.176,149.276
2024-10-16 10:00,149.268,149.391,149.210,149.382
2024-10-16 11:00,149.381,149.422,149.144,149.172
2024-10-16 12:00,149.173,149.482,149.139,149.444
2024-10-16 13:00,149.446,149.536,149.202,149.312
2024-10-16 14:00,149.307,149.746,149.293,149.636
2024-10-16 15:00,149.627,149.745,149.540,149.717
2024-10-16 16:00,149.715,149.775,149.690,149.741
2024-10-16 17:00,149.745,149.792,149.714,149.750
2024-10-16 18:00,149.749,149.801,149.739,149.776
2024-10-16 19:00,149.775,149.807,149.712,149.714
2024-10-16 20:00,149.714,149.726,149.587,149.621
2024-10-16 21:00,149.618,149.627,149.536,149.580
2024-10-16 22:00,149.560,149.660,149.516,149.570
2024-10-16 23:00,149.571,149.663,149.517,149.562
2024-10-17 00:00,149.562,149.617,149.431,149.540
2024-10-17 01:00,149.542,149.565,149.292,149.379
2024-10-17 02:00,149.377,149.421,149.238,149.409
2024-10-17 03:00,149.407,149.572,149.407,149.553
2024-10-17 04:00,149.549,149.575,149.388,149.541
2024-10-17 05:00,149.537,149.563,149.446,149.516
2024-10-17 06:00,149.510,149.648,149.437,149.631
2024-10-17 07:00,149.629,149.794,149.627,149.773
2024-10-17 08:00,149.776,149.871,149.728,149.835
2024-10-17 09:00,149.828,149.834,149.609,149.640
2024-10-17 10:00,149.639,149.640,149.544,149.619
2024-10-17 11:00,149.618,149.649,149.484,149.522
2024-10-17 12:00,149.524,150.083,149.459,149.829
2024-10-17 13:00,149.829,149.955,149.634,149.780
2024-10-17 14:00,149.787,150.046,149.722,150.023
2024-10-17 15:00,150.021,150.152,149.930,150.128
2024-10-17 16:00,150.128,150.299,150.117,150.212
2024-10-17 17:00,150.211,150.257,150.137,150.247
2024-10-17 18:00,150.246,150.280,150.183,150.272
2024-10-17 19:00,150.277,150.322,150.190,150.215
2024-10-17 20:00,150.220,150.245,150.183,150.200
2024-10-17 21:00,150.200,150.230,150.119,150.156
2024-10-17 22:00,150.151,150.225,150.124,150.204
2024-10-17 23:00,150.209,150.286,150.067,150.101
2024-10-18 00:00,150.103,150.150,149.894,150.048
2024-10-18 01:00,150.046,150.062,149.869,150.008
2024-10-18 02:00,150.009,150.094,149.900,149.920
2024-10-18 03:00,149.924,149.973,149.849,149.894
2024-10-18 04:00,149.889,150.018,149.860,149.898
2024-10-18 05:00,149.899,149.916,149.764,149.879
2024-10-18 06:00,149.885,150.014,149.790,149.959
2024-10-18 07:00,149.960,150.137,149.913,150.095
2024-10-18 08:00,150.094,150.156,149.884,149.920
2024-10-18 09:00,149.919,149.945,149.833,149.921
2024-10-18 10:00,149.919,149.980,149.573,149.940
2024-10-18 11:00,149.939,150.100,149.910,150.002
2024-10-18 12:00,150.000,150.083,149.782,149.861
2024-10-18 13:00,149.862,149.925,149.687,149.737
2024-10-18 14:00,149.731,149.751,149.584,149.599
2024-10-18 15:00,149.602,149.651,149.510,149.580
2024-10-18 16:00,149.580,149.632,149.358,149.416
2024-10-18 17:00,149.416,149.651,149.409,149.593
2024-10-18 18:00,149.593,149.596,149.452,149.528
2024-10-18 19:00,149.530,149.569,149.457,149.520
2024-10-18 20:00,149.520,149.575,149.441,149.503
2024-10-18 21:00,149.485,149.485,149.485,149.485
2024-10-20 23:00,149.564,149.626,149.475,149.604
2024-10-21 00:00,149.604,149.617,149.248,149.382
2024-10-21 01:00,149.380,149.410,149.089,149.198
2024-10-21 02:00,149.199,149.286,149.092,149.226
2024-10-21 03:00,149.225,149.242,149.085,149.223
2024-10-21 04:00,149.223,149.358,149.198,149.318
2024-10-21 05:00,149.321,149.372,149.207,149.362
2024-10-21 06:00,149.360,149.645,149.298,149.627
2024-10-21 07:00,149.631,149.855,149.616,149.831
2024-10-21 08:00,149.836,149.950,149.818,149.942
2024-10-21 09:00,149.942,150.092,149.816,150.057
2024-10-21 10:00,150.059,150.079,149.890,149.942
2024-10-21 11:00,149.938,149.959,149.856,149.923
2024-10-21 12:00,149.919,150.031,149.742,149.917
2024-10-21 13:00,149.921,150.146,149.916,150.127
2024-10-21 14:00,150.126,150.277,150.086,150.232
2024-10-21 15:00,150.238,150.485,150.189,150.469
2024-10-21 16:00,150.473,150.559,150.435,150.518
2024-10-21 17:00,150.511,150.796,150.497,150.744
2024-10-21 18:00,150.750,150.834,150.708,150.776
2024-10-21 19:00,150.774,150.839,150.722,150.772
2024-10-21 20:00,150.772,150.887,150.755,150.817
2024-10-21 21:00,150.829,150.832,150.593,150.708
2024-10-21 22:00,150.715,150.766,150.625,150.686
2024-10-21 23:00,150.679,150.799,150.594,150.621
2024-10-22 00:00,150.616,150.763,150.579,150.630
2024-10-22 01:00,150.629,150.706,150.490,150.660
2024-10-22 02:00,150.658,150.845,150.627,150.831
2024-10-22 03:00,150.830,150.985,150.808,150.922
2024-10-22 04:00,150.922,151.103,150.844,150.869
2024-10-22 05:00,150.870,150.993,150.778,150.844
2024-10-22 06:00,150.845,150.876,150.658,150.826
2024-10-22 07:00,150.826,151.061,150.688,151.000
2024-10-22 08:00,151.003,151.035,150.784,150.984
2024-10-22 09:00,150.991,151.024,150.800,150.884
2024-10-22 10:00,150.887,150.908,150.744,150.841
2024-10-22 11:00,150.840,150.937,150.777,150.863
2024-10-22 12:00,150.861,150.925,150.762,150.910
2024-10-22 13:00,150.910,150.951,150.600,150.919
2024-10-22 14:00,150.920,151.073,150.850,150.977
2024-10-22 15:00,150.970,151.146,150.896,151.109
2024-10-22 16:00,151.104,151.196,151.042,151.060
2024-10-22 17:00,151.060,151.117,150.946,150.974
2024-10-22 18:00,150.978,151.072,150.891,151.060
2024-10-22 19:00,151.064,151.125,151.048,151.119
2024-10-22 20:00,151.118,151.152,151.054,151.063
2024-10-22 21:00,151.062,151.086,150.962,151.017
2024-10-22 22:00,151.023,151.080,150.990,151.061
2024-10-22 23:00,151.060,151.159,151.040,151.148
2024-10-23 00:00,151.151,151.475,151.132,151.463
2024-10-23 01:00,151.463,151.805,151.436,151.644
2024-10-23 02:00,151.643,151.789,151.632,151.741
2024-10-23 03:00,151.741,151.830,151.716,151.747
2024-10-23 04:00,151.747,152.136,151.721,152.070
2024-10-23 05:00,152.071,152.271,152.017,152.165
2024-10-23 06:00,152.166,152.379,152.112,152.293
2024-10-23 07:00,152.292,152.557,152.266,152.369
2024-10-23 08:00,152.369,152.549,152.314,152.415
2024-10-23 09:00,152.417,152.761,152.405,152.724
2024-10-23 10:00,152.721,152.877,152.600,152.819
2024-10-23 11:00,152.824,153.077,152.758,153.054
2024-10-23 12:00,153.050,153.187,152.908,153.069
2024-10-23 13:00,153.068,153.084,152.835,153.061
2024-10-23 14:00,153.065,153.110,152.917,153.025
2024-10-23 15:00,153.025,153.051,152.753,152.819
2024-10-23 16:00,152.821,152.934,152.813,152.859
2024-10-23 17:00,152.859,152.909,152.764,152.773
2024-10-23 18:00,152.772,152.776,152.462,152.663
2024-10-23 19:00,152.663,152.696,152.550,152.592
2024-10-23 20:00,152.591,152.765,152.548,152.745
2024-10-23 21:00,152.748,152.748,152.624,152.655
2024-10-23 22:00,152.655,152.827,152.655,152.756
2024-10-23 23:00,152.748,152.799,152.602,152.767
2024-10-24 00:00,152.764,152.770,152.513,152.634
2024-10-24 01:00,152.634,152.792,152.602,152.675
2024-10-24 02:00,152.677,152.696,152.336,152.427
2024-10-24 03:00,152.427,152.518,152.347,152.397
2024-10-24 04:00,152.392,152.398,152.105,152.210
2024-10-24 05:00,152.212,152.389,152.196,152.389
2024-10-24 06:00,152.382,152.386,152.044,152.054
2024-10-24 07:00,152.051,152.317,152.023,152.127
2024-10-24 08:00,152.136,152.248,151.915,152.008
2024-10-24 09:00,152.007,152.076,151.824,151.989
2024-10-24 10:00,151.986,151.990,151.818,151.855
2024-10-24 11:00,151.850,152.074,151.760,152.046
2024-10-24 12:00,152.048,152.322,151.832,152.053
2024-10-24 13:00,152.049,152.333,151.937,152.200
2024-10-24 14:00,152.199,152.279,151.844,151.926
2024-10-24 15:00,151.923,151.977,151.779,151.872
2024-10-24 16:00,151.869,151.884,151.654,151.687
2024-10-24 17:00,151.687,151.784,151.546,151.623
2024-10-24 18:00,151.624,151.853,151.612,151.817
2024-10-24 19:00,151.820,151.902,151.820,151.832
2024-10-24 20:00,151.840,151.869,151.786,151.812
2024-10-24 21:00,151.814,151.892,151.759,151.798
2024-10-24 22:00,151.799,151.828,151.677,151.695
2024-10-24 23:00,151.688,151.817,151.576,151.788
2024-10-25 00:00,151.784,152.106,151.748,152.012
2024-10-25 01:00,152.000,152.065,151.791,151.838
2024-10-25 02:00,151.845,151.891,151.733,151.834
2024-10-25 03:00,151.828,151.905,151.812,151.845
2024-10-25 04:00,151.858,151.870,151.606,151.701
2024-10-25 05:00,151.700,151.747,151.452,151.727
2024-10-25 06:00,151.732,152.006,151.674,151.863
2024-10-25 07:00,151.863,152.040,151.819,151.951
2024-10-25 08:00,151.948,152.059,151.916,151.961
2024-10-25 09:00,151.965,152.095,151.906,152.001
2024-10-25 10:00,152.002,152.027,151.860,151.893
2024-10-25 11:00,151.896,151.938,151.692,151.793
2024-10-25 12:00,151.788,152.093,151.788,151.918
2024-10-25 13:00,151.916,152.162,151.832,152.044
2024-10-25 14:00,152.016,152.118,151.902,152.026
2024-10-25 15:00,152.028,152.143,151.920,152.079
2024-10-25 16:00,152.082,152.230,152.050,152.193
2024-10-25 17:00,152.196,152.296,152.089,152.160
2024-10-25 18:00,152.163,152.281,152.092,152.240
2024-10-25 19:00,152.247,152.380,152.234,152.260
2024-10-25 20:00,152.255,152.354,152.177,152.298
2024-10-28 00:00,152.955,153.481,152.765,153.463
2024-10-28 01:00,153.459,153.882,153.435,153.844
2024-10-28 02:00,153.847,153.857,153.524,153.577
2024-10-28 03:00,153.573,153.697,153.493,153.626
2024-10-28 04:00,153.627,153.654,153.374,153.643
2024-10-28 05:00,153.643,153.747,153.489,153.539
2024-10-28 06:00,153.537,153.561,153.230,153.409
2024-10-28 07:00,153.411,153.531,153.156,153.326
2024-10-28 08:00,153.350,153.429,153.162,153.178
2024-10-28 09:00,153.174,153.191,152.898,152.929
2024-10-28 10:00,152.929,152.929,152.444,152.532
2024-10-28 11:00,152.533,152.737,152.467,152.683
2024-10-28 12:00,152.728,152.732,152.403,152.622
2024-10-28 13:00,152.623,152.765,152.574,152.752
2024-10-28 14:00,152.756,153.065,152.742,152.944
2024-10-28 15:00,152.950,153.235,152.840,153.213
2024-10-28 16:00,153.206,153.282,153.127,153.260
2024-10-28 17:00,153.257,153.308,153.198,153.276
2024-10-28 18:00,153.278,153.377,153.228,153.262
2024-10-28 19:00,153.262,153.267,153.194,153.228
2024-10-28 20:00,153.229,153.302,153.195,153.276
2024-10-28 21:00,153.275,153.290,153.176,153.206
2024-10-28 22:00,153.222,153.359,153.203,153.304
2024-10-28 23:00,153.299,153.323,153.161,153.177
2024-10-29 00:00,153.139,153.242,152.892,153.012
2024-10-29 01:00,153.012,153.133,152.858,152.936
2024-10-29 02:00,152.938,153.051,152.844,152.992
2024-10-29 03:00,152.992,153.163,152.940,153.037
2024-10-29 04:00,153.037,153.046,152.868,152.921
2024-10-29 05:00,152.919,152.957,152.750,152.828
2024-10-29 06:00,152.836,153.071,152.831,152.998
2024-10-29 07:00,152.997,153.278,152.996,153.166
2024-10-29 08:00,153.232,153.448,153.155,153.395
2024-10-29 09:00,153.390,153.443,153.321,153.407
2024-10-29 10:00,153.411,153.490,153.313,153.340
2024-10-29 11:00,153.338,153.674,153.318,153.674
2024-10-29 12:00,153.676,153.866,153.650,153.759
2024-10-29 13:00,153.764,153.810,153.621,153.645
2024-10-29 14:00,153.640,153.664,152.936,153.379
2024-10-29 15:00,153.386,153.749,153.370,153.494
2024-10-29 16:00,153.489,153.584,153.359,153.545
2024-10-29 17:00,153.550,153.598,153.305,153.418
2024-10-29 18:00,153.414,153.554,153.376,153.426
2024-10-29 19:00,153.425,153.508,153.371,153.421
2024-10-29 20:00,153.425,153.445,153.325,153.341
2024-10-29 21:00,153.347,153.415,153.302,153.338
2024-10-29 22:00,153.336,153.391,153.195,153.245
2024-10-29 23:00,153.248,153.352,153.151,153.285
2024-10-30 00:00,153.259,153.306,153.068,153.248
2024-10-30 01:00,153.242,153.313,153.105,153.217
2024-10-30 02:00,153.214,153.441,153.197,153.313
2024-10-30 03:00,153.314,153.400,153.280,153.342
2024-10-30 04:00,153.336,153.374,153.188,153.355
2024-10-30 05:00,153.351,153.367,153.187,153.225
2024-10-30 06:00,153.226,153.463,153.190,153.270
2024-10-30 07:00,153.271,153.380,153.255,153.329
2024-10-30 08:00,153.324,153.362,152.801,152.848
2024-10-30 09:00,152.851,153.191,152.831,153.058
2024-10-30 10:00,153.055,153.059,152.829,152.895
2024-10-30 11:00,152.894,153.043,152.775,153.028
2024-10-30 12:00,153.030,153.495,152.987,153.354
2024-10-30 13:00,153.353,153.433,152.865,152.934
2024-10-30 14:00,152.937,153.329,152.902,153.262
2024-10-30 15:00,153.261,153.387,153.148,153.153
2024-10-30 16:00,153.151,153.219,152.998,153.076
2024-10-30 17:00,153.078,153.260,153.078,153.231
2024-10-30 18:00,153.225,153.265,153.160,153.242
2024-10-30 19:00,153.242,153.432,153.233,153.298
2024-10-30 20:00,153.299,153.429,153.262,153.402
2024-10-30 21:00,153.398,153.404,153.206,153.315
2024-10-30 22:00,153.310,153.336,153.235,153.295
2024-10-30 23:00,153.296,153.356,153.200,153.241
2024-10-31 00:00,153.234,153.579,153.154,153.524
2024-10-31 01:00,153.523,153.557,153.389,153.490
2024-10-31 02:00,153.485,153.616,153.175,153.397
2024-10-31 03:00,153.398,153.409,152.937,153.051
2024-10-31 04:00,153.051,153.078,152.816,152.917
2024-10-31 05:00,152.917,153.085,152.826,152.840
2024-10-31 06:00,152.840,152.963,152.049,152.171
2024-10-31 07:00,152.172,152.587,152.048,152.249
2024-10-31 08:00,152.251,152.443,151.916,152.399
2024-10-31 09:00,152.399,152.569,152.299,152.554
2024-10-31 10:00,152.552,152.563,152.240,152.463
2024-10-31 11:00,152.463,152.847,152.461,152.722
2024-10-31 12:00,152.718,152.980,152.559,152.690
2024-10-31 13:00,152.688,152.991,152.556,152.965
2024-10-31 14:00,152.963,153.050,152.464,152.584
2024-10-31 15:00,152.585,152.710,152.075,152.356
2024-10-31 16:00,152.356,152.510,152.224,152.444
2024-10-31 17:00,152.445,152.490,152.154,152.173
2024-10-31 18:00,152.170,152.174,151.828,152.052
2024-10-31 19:00,152.048,152.147,151.907,151.934
2024-10-31 20:00,151.926,152.093,151.907,152.019
2024-10-31 21:00,152.019,152.043,151.964,152.040
2024-10-31 22:00,152.041,152.137,152.013,152.061
2024-10-31 23:00,152.058,152.061,151.778,151.928
2024-11-01 00:00,151.981,152.164,151.869,152.028
2024-11-01 01:00,152.021,152.291,151.914,152.114
2024-11-01 02:00,152.112,152.353,152.109,152.298
2024-11-01 03:00,152.298,152.423,152.240,152.416
2024-11-01 04:00,152.412,152.541,152.412,152.482
2024-11-01 05:00,152.482,152.652,152.402,152.541
2024-11-01 06:00,152.542,152.570,152.331,152.396
2024-11-01 07:00,152.389,152.580,152.198,152.542
2024-11-01 08:00,152.545,152.692,152.518,152.642
2024-11-01 09:00,152.628,152.833,152.558,152.776
2024-11-01 10:00,152.777,152.848,152.664,152.671
2024-11-01 11:00,152.671,152.800,152.586,152.669
2024-11-01 12:00,152.668,152.829,151.787,152.038
2024-11-01 13:00,152.037,152.489,151.969,152.363
2024-11-01 14:00,152.393,152.961,152.237,152.892
2024-11-01 15:00,152.894,153.068,152.799,152.944
2024-11-01 16:00,152.938,153.044,152.824,152.886
2024-11-01 17:00,152.888,153.068,152.854,152.908
2024-11-01 18:00,152.907,152.961,152.847,152.961
2024-11-01 19:00,152.960,153.021,152.933,152.969
2024-11-01 20:00,152.968,153.094,152.896,152.946
2024-11-04 00:00,152.287,152.288,151.998,152.068
2024-11-04 01:00,152.072,152.079,151.700,151.786
2024-11-04 02:00,151.785,151.964,151.767,151.807
2024-11-04 03:00,151.811,151.812,151.594,151.734
2024-11-04 04:00,151.735,151.857,151.687,151.818
2024-11-04 05:00,151.818,151.963,151.812,151.854
2024-11-04 06:00,151.846,152.155,151.792,152.147
2024-11-04 07:00,152.147,152.279,152.080,152.177
2024-11-04 08:00,152.172,152.228,151.961,152.090
2024-11-04 09:00,152.086,152.142,151.798,151.885
2024-11-04 10:00,151.885,152.011,151.748,151.809
2024-11-04 11:00,151.806,151.815,151.528,151.550
2024-11-04 12:00,151.551,151.825,151.542,151.809
2024-11-04 13:00,151.810,152.067,151.724,151.828
2024-11-04 14:00,151.831,151.970,151.622,151.811
2024-11-04 15:00,151.815,152.104,151.698,151.988
2024-11-04 16:00,151.991,152.156,151.923,152.022
2024-11-04 17:00,152.018,152.114,151.887,152.008
2024-11-04 18:00,152.011,152.198,151.981,152.056
2024-11-04 19:00,152.061,152.172,152.056,152.149
2024-11-04 20:00,152.148,152.180,152.097,152.149
2024-11-04 21:00,152.149,152.194,152.112,152.119
2024-11-04 22:00,152.119,152.159,152.068,152.110
2024-11-04 23:00,152.112,152.265,152.093,152.247
2024-11-05 00:00,152.273,152.399,152.107,152.281
2024-11-05 01:00,152.274,152.445,152.219,152.275
2024-11-05 02:00,152.269,152.294,152.160,152.255
2024-11-05 03:00,152.251,152.417,152.222,152.378
2024-11-05 04:00,152.381,152.498,152.379,152.464
2024-11-05 05:00,152.466,152.544,152.351,152.427
2024-11-05 06:00,152.427,152.447,152.260,152.346
2024-11-05 07:00,152.343,152.367,152.176,152.267
2024-11-05 08:00,152.271,152.386,152.165,152.185
2024-11-05 09:00,152.188,152.246,152.082,152.184
2024-11-05 10:00,152.180,152.272,152.135,152.255
2024-11-05 11:00,152.253,152.264,152.137,152.154
2024-11-05 12:00,152.153,152.340,152.080,152.288
2024-11-05 13:00,152.289,152.323,151.955,152.038
2024-11-05 14:00,152.045,152.117,151.768,151.812
2024-11-05 15:00,151.802,152.234,151.798,152.042
2024-11-05 16:00,152.042,152.096,151.898,151.961
2024-11-05 17:00,151.959,151.962,151.590,151.680
2024-11-05 18:00,151.680,151.698,151.364,151.556
2024-11-05 19:00,151.550,151.629,151.332,151.451
2024-11-05 20:00,151.453,151.546,151.387,151.528
2024-11-05 21:00,151.524,151.655,151.496,151.609
2024-11-05 22:00,151.604,151.664,151.471,151.591
2024-11-05 23:00,151.576,151.906,151.396,151.461
2024-11-06 00:00,151.442,152.921,151.282,152.916
2024-11-06 01:00,152.917,153.124,152.682,152.925
2024-11-06 02:00,152.925,154.112,152.868,154.051
2024-11-06 03:00,154.049,154.338,153.705,153.936
2024-11-06 04:00,153.935,154.089,153.441,153.556
2024-11-06 05:00,153.556,153.772,153.125,153.746
2024-11-06 06:00,153.742,154.381,153.660,154.049
2024-11-06 07:00,154.047,154.134,153.690,153.940
2024-11-06 08:00,153.937,154.141,153.810,153.898
2024-11-06 09:00,153.900,154.033,153.793,153.996
2024-11-06 10:00,153.998,154.181,153.868,154.000
2024-11-06 11:00,153.997,154.254,153.930,154.219
2024-11-06 12:00,154.215,154.458,154.112,154.405
2024-11-06 13:00,154.406,154.439,154.054,154.302
2024-11-06 14:00,154.307,154.478,154.206,154.288
2024-11-06 15:00,154.282,154.369,153.975,154.347
2024-11-06 16:00,154.354,154.666,154.204,154.583
2024-11-06 17:00,154.584,154.683,154.461,154.666
2024-11-06 18:00,154.663,154.698,154.348,154.429
2024-11-06 19:00,154.423,154.559,154.368,154.442
2024-11-06 20:00,154.446,154.572,154.397,154.558
2024-11-06 21:00,154.559,154.660,154.554,154.616
2024-11-06 22:00,154.609,154.622,154.476,154.529
2024-11-06 23:00,154.521,154.546,154.207,154.308
2024-11-07 00:00,154.307,154.713,154.219,154.569
2024-11-07 01:00,154.574,154.671,154.376,154.512
2024-11-07 02:00,154.507,154.527,154.323,154.437
2024-11-07 03:00,154.436,154.525,154.272,154.316
2024-11-07 04:00,154.320,154.375,153.929,154.171
2024-11-07 05:00,154.171,154.288,153.985,154.003
2024-11-07 06:00,154.008,154.201,153.928,153.932
2024-11-07 07:00,153.931,154.007,153.648,154.001
2024-11-07 08:00,154.000,154.072,153.810,154.036
2024-11-07 09:00,154.042,154.134,153.892,153.943
2024-11-07 10:00,153.945,154.040,153.872,154.015
2024-11-07 11:00,154.015,154.101,153.981,154.066
2024-11-07 12:00,154.063,154.110,153.735,153.763
2024-11-07 13:00,153.761,153.786,153.447,153.496
2024-11-07 14:00,153.500,153.558,153.082,153.222
2024-11-07 15:00,153.224,153.285,152.848,152.961
2024-11-07 16:00,152.961,153.227,152.924,153.132
2024-11-07 17:00,153.134,153.201,152.954,153.013
2024-11-07 18:00,153.012,153.027,152.859,152.962
2024-11-07 19:00,152.957,153.472,152.847,153.076
2024-11-07 20:00,153.081,153.145,152.687,152.851
2024-11-07 21:00,152.849,152.963,152.794,152.923
2024-11-07 22:00,152.921,152.938,152.841,152.923
2024-11-07 23:00,152.929,153.188,152.912,153.152
2024-11-08 00:00,153.170,153.237,152.965,153.131
2024-11-08 01:00,153.127,153.366,153.042,153.093
2024-11-08 02:00,153.090,153.189,152.955,153.122
2024-11-08 03:00,153.125,153.131,152.727,152.810
2024-11-08 04:00,152.811,152.835,152.547,152.736
2024-11-08 05:00,152.731,152.917,152.707,152.804
2024-11-08 06:00,152.801,152.956,152.659,152.766
2024-11-08 07:00,152.760,152.898,152.608,152.637
2024-11-08 08:00,152.638,152.747,152.317,152.348
2024-11-08 09:00,152.347,152.448,152.250,152.281
2024-11-08 10:00,152.276,152.398,152.138,152.177
2024-11-08 11:00,152.179,152.447,152.136,152.426
2024-11-08 12:00,152.425,152.547,152.357,152.368
2024-11-08 13:00,152.374,152.817,152.328,152.740
2024-11-08 14:00,152.741,152.859,152.530,152.702
2024-11-08 15:00,152.693,152.790,152.377,152.421
2024-11-08 16:00,152.422,152.718,152.405,152.589
2024-11-08 17:00,152.590,152.814,152.570,152.655
2024-11-08 18:00,152.655,152.816,152.540,152.694
2024-11-08 19:00,152.689,152.797,152.652,152.672
2024-11-08 20:00,152.670,152.754,152.490,152.514
2024-11-08 21:00,152.513,152.637,152.428,152.608
2024-11-08 22:00,152.620,152.620,152.620,152.620
2024-11-11 00:00,152.907,153.147,152.865,153.140
2024-11-11 01:00,153.139,153.222,153.025,153.222
2024-11-11 02:00,153.217,153.433,153.126,153.390
2024-11-11 03:00,153.383,153.461,153.304,153.449
2024-11-11 04:00,153.446,153.644,153.439,153.570
2024-11-11 05:00,153.570,153.671,153.468,153.524
2024-11-11 06:00,153.528,153.589,153.392,153.400
2024-11-11 07:00,153.395,153.666,153.312,153.633
2024-11-11 08:00,153.638,153.855,153.608,153.761
2024-11-11 09:00,153.763,153.854,153.591,153.617
2024-11-11 10:00,153.621,153.750,153.550,153.682
2024-11-11 11:00,153.685,153.777,153.680,153.754
2024-11-11 12:00,153.751,153.851,153.732,153.789
2024-11-11 13:00,153.792,153.952,153.716,153.775
2024-11-11 14:00,153.776,153.896,153.640,153.845
2024-11-11 15:00,153.845,153.948,153.798,153.859
2024-11-11 16:00,153.858,153.909,153.766,153.822
2024-11-11 17:00,153.824,153.911,153.770,153.878
2024-11-11 18:00,153.878,153.881,153.743,153.806
2024-11-11 19:00,153.802,153.812,153.721,153.764
2024-11-11 20:00,153.765,153.768,153.624,153.648
2024-11-11 21:00,153.645,153.733,153.625,153.697
2024-11-11 22:00,153.704,153.727,153.654,153.714
2024-11-11 23:00,153.714,153.770,153.465,153.473
2024-11-12 00:00,153.518,153.813,153.480,153.765
2024-11-12 01:00,153.769,153.966,153.734,153.962
2024-11-12 02:00,153.958,154.061,153.736,153.807
2024-11-12 03:00,153.809,153.816,153.573,153.652
2024-11-12 04:00,153.656,153.656,153.480,153.503
2024-11-12 05:00,153.497,153.615,153.403,153.611
2024-11-12 06:00,153.614,153.831,153.607,153.775
2024-11-12 07:00,153.784,153.892,153.695,153.823
2024-11-12 08:00,153.823,153.949,153.701,153.934
2024-11-12 09:00,153.935,154.167,153.880,154.104
2024-11-12 10:00,154.102,154.124,153.974,154.045
2024-11-12 11:00,154.051,154.139,153.928,154.072
2024-11-12 12:00,154.073,154.190,153.996,154.074
2024-11-12 13:00,154.070,154.397,154.052,154.376
2024-11-12 14:00,154.382,154.497,154.285,154.415
2024-11-12 15:00,154.414,154.550,154.323,154.517
2024-11-12 16:00,154.520,154.768,154.456,154.741
2024-11-12 17:00,154.745,154.925,154.707,154.779
2024-11-12 18:00,154.778,154.856,154.717,154.730
2024-11-12 19:00,154.729,154.765,154.664,154.748
2024-11-12 20:00,154.749,154.785,154.542,154.578
2024-11-12 21:00,154.577,154.670,154.508,154.602
2024-11-12 22:00,154.571,154.649,154.498,154.525
2024-11-12 23:00,154.520,154.665,154.489,154.661
2024-11-13 00:00,154.653,154.931,154.648,154.931
2024-11-13 01:00,154.932,154.939,154.592,154.600
2024-11-13 02:00,154.602,154.807,154.533,154.734
2024-11-13 03:00,154.737,154.898,154.686,154.803
2024-11-13 04:00,154.804,154.891,154.746,154.845
2024-11-13 05:00,154.848,154.936,154.770,154.915
2024-11-13 06:00,154.909,155.155,154.890,155.038
2024-11-13 07:00,155.041,155.120,154.922,155.114
2024-11-13 08:00,155.112,155.238,154.962,155.007
2024-11-13 09:00,155.005,155.065,154.792,154.895
2024-11-13 10:00,154.895,155.000,154.868,154.993
2024-11-13 11:00,154.989,155.032,154.796,154.819
2024-11-13 12:00,154.818,154.962,154.747,154.922
2024-11-13 13:00,154.920,155.069,154.407,154.509
2024-11-13 14:00,154.510,154.883,154.335,154.836
2024-11-13 15:00,154.835,155.139,154.793,154.983
2024-11-13 16:00,154.988,155.300,154.978,155.280
2024-11-13 17:00,155.278,155.432,155.216,155.412
2024-11-13 18:00,155.412,155.616,155.399,155.592
2024-11-13 19:00,155.596,155.628,155.423,155.545
2024-11-13 20:00,155.544,155.598,155.495,155.589
2024-11-13 21:00,155.590,155.594,155.410,155.446
2024-11-13 22:00,155.441,155.488,155.331,155.383
2024-11-13 23:00,155.402,155.475,155.315,155.419
2024-11-14 00:00,155.410,155.775,155.398,155.716
2024-11-14 01:00,155.717,155.921,155.700,155.864
2024-11-14 02:00,155.869,156.063,155.830,156.005
2024-11-14 03:00,156.010,156.011,155.807,155.948
2024-11-14 04:00,155.946,156.135,155.938,156.055
2024-11-14 05:00,156.056,156.134,155.948,156.018
2024-11-14 06:00,156.015,156.044,155.808,155.919
2024-11-14 07:00,155.920,155.960,155.698,155.840
2024-11-14 08:00,155.832,155.959,155.736,155.943
2024-11-14 09:00,155.945,156.148,155.927,156.109
2024-11-14 10:00,156.109,156.242,156.048,156.057
2024-11-14 11:00,156.058,156.143,155.893,155.922
2024-11-14 12:00,155.916,156.030,155.855,155.994
2024-11-14 13:00,155.991,156.196,155.766,156.021
2024-11-14 14:00,156.022,156.027,155.515,155.800
2024-11-14 15:00,155.801,156.077,155.646,155.952
2024-11-14 16:00,155.948,156.041,155.710,155.968
2024-11-14 17:00,155.970,156.042,155.670,155.740
2024-11-14 18:00,155.742,155.944,155.692,155.888
2024-11-14 19:00,155.891,156.000,155.847,155.921
2024-11-14 20:00,155.919,156.419,155.883,156.295
2024-11-14 21:00,156.295,156.371,156.234,156.243
2024-11-14 22:00,156.237,156.286,156.188,156.269
2024-11-14 23:00,156.268,156.535,156.242,156.501
2024-11-15 00:00,156.481,156.748,156.428,156.629
2024-11-15 01:00,156.632,156.646,156.323,156.550
2024-11-15 02:00,156.549,156.556,156.320,156.392
2024-11-15 03:00,156.387,156.515,156.270,156.500
2024-11-15 04:00,156.501,156.548,156.300,156.356
2024-11-15 05:00,156.356,156.455,156.324,156.450
2024-11-15 06:00,156.455,156.505,156.031,156.097
2024-11-15 07:00,156.098,156.172,155.756,155.780
2024-11-15 08:00,155.779,155.780,155.386,155.516
2024-11-15 09:00,155.516,155.730,155.260,155.366
2024-11-15 10:00,155.366,155.459,155.214,155.298
2024-11-15 11:00,155.304,155.511,155.254,155.495
2024-11-15 12:00,155.494,155.630,155.367,155.392
2024-11-15 13:00,155.386,155.722,155.150,155.325
2024-11-15 14:00,155.325,155.781,155.118,155.545
2024-11-15 15:00,155.550,155.598,154.835,154.949
2024-11-15 16:00,154.949,155.017,154.524,154.595
2024-11-15 17:00,154.594,154.607,154.180,154.282
2024-11-15 18:00,154.278,154.307,153.857,153.928
2024-11-15 19:00,153.923,154.343,153.908,154.213
2024-11-15 20:00,154.214,154.421,154.170,154.288
2024-11-15 21:00,154.287,154.480,154.233,154.312
2024-11-18 00:00,154.636,154.659,153.834,154.269
2024-11-18 01:00,154.267,155.138,154.089,154.596
2024-11-18 02:00,154.595,154.927,154.581,154.728
2024-11-18 03:00,154.729,154.892,154.616,154.649
2024-11-18 04:00,154.655,154.693,154.410,154.648
2024-11-18 05:00,154.648,154.760,154.410,154.595
2024-11-18 06:00,154.590,154.627,154.293,154.584
2024-11-18 07:00,154.582,154.766,154.473,154.566
2024-11-18 08:00,154.567,154.954,154.498,154.950
2024-11-18 09:00,154.947,154.974,154.550,154.772
2024-11-18 10:00,154.778,155.052,154.770,154.997
2024-11-18 11:00,154.999,155.126,154.947,155.057
2024-11-18 12:00,155.056,155.279,155.024,155.266
2024-11-18 13:00,155.268,155.359,154.862,154.904
2024-11-18 14:00,154.906,154.986,154.577,154.794
2024-11-18 15:00,154.804,155.053,154.747,154.992
2024-11-18 16:00,154.992,155.066,154.786,154.793
2024-11-18 17:00,154.798,154.851,154.634,154.701
2024-11-18 18:00,154.697,154.789,154.585,154.631
2024-11-18 19:00,154.630,154.758,154.564,154.741
2024-11-18 20:00,154.740,154.742,154.584,154.590
2024-11-18 21:00,154.593,154.690,154.562,154.649
2024-11-18 22:00,154.648,154.654,154.590,154.628
2024-11-18 23:00,154.624,154.649,154.416,154.612
2024-11-19 00:00,154.610,154.614,154.294,154.373
2024-11-19 01:00,154.376,154.405,154.037,154.114
2024-11-19 02:00,154.116,154.249,153.968,154.150
2024-11-19 03:00,154.155,154.214,153.947,154.175
2024-11-19 04:00,154.177,154.473,154.107,154.417
2024-11-19 05:00,154.419,154.520,154.293,154.423
2024-11-19 06:00,154.418,154.582,154.340,154.513
2024-11-19 07:00,154.506,154.656,154.438,154.526
2024-11-19 08:00,154.527,154.574,153.272,153.746
2024-11-19 09:00,153.745,154.078,153.345,153.767
2024-11-19 10:00,153.763,153.827,153.434,153.776
2024-11-19 11:00,153.776,154.176,153.721,154.094
2024-11-19 12:00,154.077,154.210,153.960,153.977
2024-11-19 13:00,153.975,154.011,153.405,153.471
2024-11-19 14:00,153.471,154.137,153.442,154.047
2024-11-19 15:00,154.049,154.233,153.844,153.963
2024-11-19 16:00,153.957,154.494,153.912,154.348
2024-11-19 17:00,154.346,154.754,154.255,154.721
2024-11-19 18:00,154.719,154.797,154.573,154.585
2024-11-19 19:00,154.587,154.707,154.558,154.694
2024-11-19 20:00,154.696,154.733,154.629,154.685
2024-11-19 21:00,154.683,154.728,154.608,154.632
2024-11-19 22:00,154.647,154.669,154.526,154.572
2024-11-19 23:00,154.573,154.755,154.518,154.715
2024-11-20 00:00,154.717,154.937,154.581,154.916
2024-11-20 01:00,154.917,154.988,154.690,154.771
2024-11-20 02:00,154.768,154.906,154.720,154.866
2024-11-20 03:00,154.867,154.986,154.816,154.950
2024-11-20 04:00,154.955,155.140,154.939,155.052
2024-11-20 05:00,155.053,155.186,154.986,155.186
2024-11-20 06:00,155.185,155.459,155.157,155.355
2024-11-20 07:00,155.356,155.682,155.320,155.656
2024-11-20 08:00,155.658,155.748,155.576,155.633
2024-11-20 09:00,155.627,155.850,155.595,155.750
2024-11-20 10:00,155.755,155.847,155.660,155.744
2024-11-20 11:00,155.747,155.864,155.710,155.832
2024-11-20 12:00,155.830,155.886,155.681,155.691
2024-11-20 13:00,155.688,155.790,155.625,155.730
2024-11-20 14:00,155.727,155.841,155.383,155.601
2024-11-20 15:00,155.600,155.611,155.052,155.530
2024-11-20 16:00,155.522,155.611,155.226,155.382
2024-11-20 17:00,155.383,155.444,155.178,155.220
2024-11-20 18:00,155.220,155.437,155.195,155.341
2024-11-20 19:00,155.336,155.376,155.236,155.365
2024-11-20 20:00,155.363,155.520,155.359,155.475
2024-11-20 21:00,155.474,155.543,155.343,155.398
2024-11-20 22:00,155.393,155.411,155.300,155.320
2024-11-20 23:00,155.327,155.370,155.228,155.295
2024-11-21 00:00,155.274,155.299,154.920,155.079
2024-11-21 01:00,155.075,155.092,154.876,155.041
2024-11-21 02:00,155.040,155.087,154.871,154.965
2024-11-21 03:00,154.961,155.035,154.887,154.925
2024-11-21 04:00,154.922,155.111,154.859,155.058
2024-11-21 05:00,155.052,155.263,155.027,155.187
2024-11-21 06:00,155.190,155.190,154.552,154.757
2024-11-21 07:00,154.755,155.044,154.604,154.901
2024-11-21 08:00,154.905,155.037,154.400,154.438
2024-11-21 09:00,154.439,154.448,154.080,154.397
2024-11-21 10:00,154.397,154.435,154.198,154.403
2024-11-21 11:00,154.398,154.586,154.300,154.528
2024-11-21 12:00,154.532,154.717,154.294,154.441
2024-11-21 13:00,154.439,154.691,154.097,154.249
2024-11-21 14:00,154.251,154.544,153.960,154.093
2024-11-21 15:00,154.098,154.351,153.902,154.319
2024-11-21 16:00,154.320,154.668,154.306,154.656
2024-11-21 17:00,154.652,154.693,154.401,154.439
2024-11-21 18:00,154.436,154.700,154.428,154.548
2024-11-21 19:00,154.548,154.646,154.476,154.507
2024-11-21 20:00,154.506,154.592,154.447,154.504
2024-11-21 21:00,154.502,154.570,154.444,154.522
2024-11-21 22:00,154.516,154.528,154.437,154.464
2024-11-21 23:00,154.471,154.529,154.101,154.149
2024-11-22 00:00,154.155,154.417,153.960,154.331
2024-11-22 01:00,154.332,154.440,154.218,154.413
2024-11-22 02:00,154.410,154.496,154.345,154.395
2024-11-22 03:00,154.390,154.484,154.182,154.265
2024-11-22 04:00,154.264,154.446,154.263,154.420
2024-11-22 05:00,154.419,154.732,154.419,154.704
2024-11-22 06:00,154.702,154.957,154.679,154.904
2024-11-22 07:00,154.897,154.928,154.655,154.725
2024-11-22 08:00,154.727,154.869,154.393,154.511
2024-11-22 09:00,154.512,154.822,154.242,154.500
2024-11-22 10:00,154.502,154.552,154.246,154.326
2024-11-22 11:00,154.324,154.468,154.278,154.312
2024-11-22 12:00,154.313,154.549,154.288,154.499
2024-11-22 13:00,154.498,154.568,154.186,154.269
2024-11-22 14:00,154.270,155.004,154.269,154.869
2024-11-22 15:00,154.872,154.914,154.592,154.882
2024-11-22 16:00,154.906,154.924,154.707,154.733
2024-11-22 17:00,154.736,154.826,154.670,154.757
2024-11-22 18:00,154.758,154.808,154.697,154.736
2024-11-22 19:00,154.741,154.816,154.658,154.799
2024-11-22 20:00,154.798,154.887,154.739,154.836
2024-11-22 21:00,154.834,154.854,154.688,154.730
2024-11-25 00:00,154.152,154.205,153.814,154.205
2024-11-25 01:00,154.202,154.235,153.642,153.767
2024-11-25 02:00,153.765,153.805,153.545,153.761
2024-11-25 03:00,153.761,153.962,153.626,153.946
2024-11-25 04:00,153.941,154.169,153.935,154.097
2024-11-25 05:00,154.091,154.400,154.088,154.261
2024-11-25 06:00,154.263,154.481,154.178,154.300
2024-11-25 07:00,154.300,154.558,154.148,154.538
2024-11-25 08:00,154.538,154.723,154.479,154.694
2024-11-25 09:00,154.688,154.699,154.353,154.423
2024-11-25 10:00,154.421,154.482,154.342,154.418
2024-11-25 11:00,154.419,154.508,154.312,154.502
2024-11-25 12:00,154.500,154.562,154.130,154.198
2024-11-25 13:00,154.195,154.197,153.754,153.923
2024-11-25 14:00,153.929,154.021,153.624,153.748
2024-11-25 15:00,153.745,154.392,153.640,154.372
2024-11-25 16:00,154.363,154.517,154.274,154.295
2024-11-25 17:00,154.293,154.385,154.220,154.318
2024-11-25 18:00,154.318,154.341,154.091,154.103
2024-11-25 19:00,154.109,154.199,153.991,154.133
2024-11-25 20:00,154.133,154.180,154.073,154.136
2024-11-25 21:00,154.140,154.265,154.134,154.182
2024-11-25 22:00,154.182,154.287,154.027,154.087
2024-11-25 23:00,154.100,154.485,153.876,154.360
2024-11-26 00:00,154.380,154.415,153.930,154.009
2024-11-26 01:00,154.010,154.111,153.830,154.048
2024-11-26 02:00,154.048,154.221,153.894,153.981
2024-11-26 03:00,153.979,154.064,153.718,153.737
2024-11-26 04:00,153.739,153.911,153.661,153.831
2024-11-26 05:00,153.838,153.842,153.540,153.714
2024-11-26 06:00,153.711,154.065,153.595,154.053
2024-11-26 07:00,154.054,154.221,154.026,154.030
2024-11-26 08:00,154.036,154.055,153.786,153.968
2024-11-26 09:00,153.966,154.121,153.878,153.925
2024-11-26 10:00,153.924,153.982,153.704,153.765
2024-11-26 11:00,153.765,153.870,153.712,153.778
2024-11-26 12:00,153.777,153.804,153.062,153.255
2024-11-26 13:00,153.255,153.483,152.983,153.429
2024-11-26 14:00,153.432,153.679,153.392,153.510
2024-11-26 15:00,153.507,153.721,153.360,153.462
2024-11-26 16:00,153.466,153.683,153.409,153.485
2024-11-26 17:00,153.488,153.517,153.248,153.325
2024-11-26 18:00,153.325,153.487,153.264,153.377
2024-11-26 19:00,153.371,153.413,153.074,153.109
2024-11-26 20:00,153.106,153.142,153.021,153.055
2024-11-26 21:00,153.057,153.152,152.993,153.061
2024-11-26 22:00,153.042,153.111,153.012,153.066
2024-11-26 23:00,153.053,153.233,152.942,152.964
2024-11-27 00:00,152.926,153.012,152.754,152.906
2024-11-27 01:00,152.910,153.032,152.500,152.545
2024-11-27 02:00,152.545,152.748,152.519,152.640
2024-11-27 03:00,152.636,152.654,152.377,152.445
2024-11-27 04:00,152.446,152.467,152.244,152.306
2024-11-27 05:00,152.307,152.477,152.229,152.433
2024-11-27 06:00,152.436,152.467,152.062,152.079
2024-11-27 07:00,152.078,152.168,151.837,151.952
2024-11-27 08:00,151.947,151.957,151.424,151.826
2024-11-27 09:00,151.822,151.893,151.348,151.474
2024-11-27 10:00,151.474,151.491,151.220,151.397
2024-11-27 11:00,151.397,151.615,151.362,151.485
2024-11-27 12:00,151.484,151.591,151.302,151.483
2024-11-27 13:00,151.482,151.632,151.292,151.330
2024-11-27 14:00,151.328,151.491,150.994,151.372
2024-11-27 15:00,151.360,151.804,150.927,151.099
2024-11-27 16:00,151.101,151.373,150.449,150.707
2024-11-27 17:00,150.704,150.865,150.527,150.763
2024-11-27 18:00,150.763,150.883,150.673,150.856
2024-11-27 19:00,150.855,151.057,150.848,151.019
2024-11-27 20:00,151.018,151.190,151.018,151.091
2024-11-27 21:00,151.093,151.193,151.053,151.053
2024-11-27 22:00,151.056,151.125,150.891,150.912
2024-11-27 23:00,150.913,151.379,150.893,151.373
2024-11-28 00:00,151.334,151.708,151.277,151.681
2024-11-28 01:00,151.681,151.746,151.402,151.430
2024-11-28 02:00,151.430,151.616,151.337,151.444
2024-11-28 03:00,151.443,151.716,151.412,151.628
2024-11-28 04:00,151.621,151.655,151.527,151.624
2024-11-28 05:00,151.622,151.664,151.478,151.543
2024-11-28 06:00,151.542,151.652,151.356,151.544
2024-11-28 07:00,151.542,151.777,151.534,151.751
2024-11-28 08:00,151.753,151.917,151.689,151.833
2024-11-28 09:00,151.831,151.949,151.787,151.891
2024-11-28 10:00,151.887,151.950,151.836,151.850
2024-11-28 11:00,151.847,151.896,151.755,151.830
2024-11-28 12:00,151.834,151.848,151.634,151.764
2024-11-28 13:00,151.761,151.774,151.553,151.564
2024-11-28 14:00,151.567,151.605,151.474,151.522
2024-11-28 15:00,151.523,151.571,151.396,151.516
2024-11-28 16:00,151.518,151.571,151.462,151.479
2024-11-28 17:00,151.475,151.547,151.449,151.493
2024-11-28 18:00,151.490,151.557,151.448,151.531
2024-11-28 19:00,151.531,151.549,151.464,151.495
2024-11-28 20:00,151.494,151.517,151.473,151.478
2024-11-28 21:00,151.473,151.555,151.431,151.514
2024-11-28 22:00,151.525,151.544,151.497,151.519
2024-11-28 23:00,151.521,151.529,150.976,151.208
2024-11-29 00:00,151.179,151.206,150.522,150.574
2024-11-29 01:00,150.574,150.616,149.845,149.932
2024-11-29 02:00,149.932,150.395,149.928,150.152
2024-11-29 03:00,150.158,150.372,150.048,150.093
2024-11-29 04:00,150.093,150.134,149.754,150.008
2024-11-29 05:00,150.008,150.274,149.921,150.104
2024-11-29 06:00,150.098,150.205,149.960,149.996
2024-11-29 07:00,150.001,150.013,149.529,149.988
2024-11-29 08:00,149.987,150.273,149.982,150.187
2024-11-29 09:00,150.187,150.305,149.922,150.154
2024-11-29 10:00,150.157,150.363,149.935,149.959
2024-11-29 11:00,149.961,150.076,149.825,150.039
2024-11-29 12:00,150.038,150.260,149.996,150.153
2024-11-29 13:00,150.152,150.233,149.942,149.965
2024-11-29 14:00,149.964,150.158,149.870,149.937
2024-11-29 15:00,149.940,150.349,149.913,150.181
2024-11-29 16:00,150.179,150.531,150.149,150.417
2024-11-29 17:00,150.422,150.448,149.576,149.590
2024-11-29 18:00,149.587,149.686,149.460,149.647
2024-11-29 19:00,149.646,149.697,149.460,149.603
2024-11-29 20:00,149.604,149.667,149.516,149.642
2024-11-29 21:00,149.639,149.761,149.578,149.743
2024-11-29 22:00,149.730,149.730,149.730,149.730
2024-12-02 00:00,149.861,150.288,149.800,150.200
2024-12-02 01:00,150.201,150.554,150.146,150.529
2024-12-02 02:00,150.531,150.687,150.468,150.594
2024-12-02 03:00,150.593,150.744,150.497,150.527
2024-12-02 04:00,150.528,150.680,150.432,150.575
2024-12-02 05:00,150.576,150.750,150.510,150.721
2024-12-02 06:00,150.720,150.728,150.250,150.329
2024-12-02 07:00,150.327,150.450,149.984,150.248
2024-12-02 08:00,150.249,150.375,150.072,150.217
2024-12-02 09:00,150.218,150.442,150.042,150.343
2024-12-02 10:00,150.346,150.387,150.157,150.173
2024-12-02 11:00,150.175,150.241,150.068,150.149
2024-12-02 12:00,150.148,150.168,149.915,150.130
2024-12-02 13:00,150.133,150.354,150.038,150.074
2024-12-02 14:00,150.078,150.093,149.828,149.977
2024-12-02 15:00,149.964,150.243,149.717,149.880
2024-12-02 16:00,149.867,149.948,149.076,149.267
2024-12-02 17:00,149.266,149.627,149.209,149.597
2024-12-02 18:00,149.598,149.791,149.540,149.655
2024-12-02 19:00,149.648,149.688,149.478,149.524
2024-12-02 20:00,149.522,149.647,149.221,149.538
2024-12-02 21:00,149.541,149.613,149.500,149.571
2024-12-02 22:00,149.570,149.584,149.503,149.513
2024-12-02 23:00,149.514,149.823,149.490,149.508
2024-12-03 00:00,149.508,149.935,149.494,149.881
2024-12-03 01:00,149.881,149.975,149.592,149.874
2024-12-03 02:00,149.873,149.997,149.783,149.858
2024-12-03 03:00,149.859,150.138,149.840,150.094
2024-12-03 04:00,150.095,150.219,150.042,150.140
2024-12-03 05:00,150.144,150.236,149.986,150.028
2024-12-03 06:00,150.028,150.165,149.960,150.107
2024-12-03 07:00,150.110,150.133,149.869,150.006
2024-12-03 08:00,150.004,150.184,149.820,149.918
2024-12-03 09:00,149.917,149.956,149.773,149.814
2024-12-03 10:00,149.816,150.081,149.761,150.047
2024-12-03 11:00,150.048,150.110,149.681,149.733
2024-12-03 12:00,149.731,149.874,149.596,149.679
2024-12-03 13:00,149.685,149.699,148.794,148.855
2024-12-03 14:00,148.855,149.072,148.641,148.815
2024-12-03 15:00,148.816,149.253,148.731,149.150
2024-12-03 16:00,149.150,149.521,149.076,149.119
2024-12-03 17:00,149.118,149.510,149.078,149.205
2024-12-03 18:00,149.204,149.212,148.976,149.038
2024-12-03 19:00,149.034,149.539,148.959,149.506
2024-12-03 20:00,149.507,149.524,149.398,149.453
2024-12-03 21:00,149.467,149.636,149.439,149.590
2024-12-03 22:00,149.562,149.606,149.549,149.566
2024-12-03 23:00,149.566,149.698,149.551,149.649
2024-12-04 00:00,149.613,149.911,149.515,149.870
2024-12-04 01:00,149.867,150.079,149.676,149.926
2024-12-04 02:00,149.920,149.952,149.684,149.774
2024-12-04 03:00,149.774,149.935,149.618,149.932
2024-12-04 04:00,149.927,150.170,149.873,149.967
2024-12-04 05:00,149.966,150.106,149.877,150.098
2024-12-04 06:00,150.097,150.167,149.854,150.007
2024-12-04 07:00,150.003,150.437,149.975,150.377
2024-12-04 08:00,150.376,150.544,150.290,150.439
2024-12-04 09:00,150.448,150.782,150.431,150.627
2024-12-04 10:00,150.620,150.892,150.610,150.866
2024-12-04 11:00,150.867,151.050,150.772,150.888
2024-12-04 12:00,150.886,151.226,150.854,151.169
2024-12-04 13:00,151.170,151.231,150.790,151.069
2024-12-04 14:00,151.073,151.131,150.805,150.848
2024-12-04 15:00,150.832,150.850,150.277,150.405
2024-12-04 16:00,150.403,150.444,150.050,150.184
2024-12-04 17:00,150.184,150.242,149.990,150.170
2024-12-04 18:00,150.164,150.427,150.034,150.411
2024-12-04 19:00,150.350,150.597,150.216,150.438
2024-12-04 20:00,150.438,150.675,150.425,150.515
2024-12-04 21:00,150.521,150.661,150.481,150.539
2024-12-04 22:00,150.580,150.580,150.432,150.505
2024-12-04 23:00,150.502,150.774,150.502,150.573
2024-12-05 00:00,150.547,150.548,150.183,150.224
2024-12-05 01:00,150.222,150.680,150.177,150.532
2024-12-05 02:00,150.537,150.563,150.212,150.334
2024-12-05 03:00,150.331,150.344,150.190,150.282
2024-12-05 04:00,150.288,150.428,150.230,150.389
2024-12-05 05:00,150.385,150.397,149.779,149.931
2024-12-05 06:00,149.931,149.933,149.656,149.778
2024-12-05 07:00,149.780,150.020,149.707,149.781
2024-12-05 08:00,149.785,150.213,149.661,150.190
2024-12-05 09:00,150.189,150.313,150.100,150.309
2024-12-05 10:00,150.310,150.352,150.086,150.118
2024-12-05 11:00,150.118,150.237,150.038,150.157
2024-12-05 12:00,150.158,150.504,150.141,150.400
2024-12-05 13:00,150.400,150.696,150.186,150.605
2024-12-05 14:00,150.612,150.616,150.270,150.484
2024-12-05 15:00,150.483,150.502,150.172,150.264
2024-12-05 16:00,150.243,150.340,150.091,150.201
2024-12-05 17:00,150.203,150.218,150.065,150.129
2024-12-05 18:00,150.128,150.349,150.116,150.154
2024-12-05 19:00,150.153,150.157,149.915,150.020
2024-12-05 20:00,150.021,150.108,149.945,150.073
2024-12-05 21:00,150.080,150.125,150.029,150.073
2024-12-05 22:00,150.057,150.105,149.999,150.047
2024-12-05 23:00,150.046,150.231,150.032,150.198
2024-12-06 00:00,150.120,150.272,149.858,150.101
2024-12-06 01:00,150.099,150.222,150.015,150.038
2024-12-06 02:00,150.038,150.042,149.812,149.825
2024-12-06 03:00,149.826,149.919,149.762,149.876
2024-12-06 04:00,149.880,150.023,149.825,149.977
2024-12-06 05:00,149.974,150.068,149.870,149.933
2024-12-06 06:00,149.938,150.023,149.765,149.864
2024-12-06 07:00,149.865,150.171,149.814,150.091
2024-12-06 08:00,150.092,150.418,150.090,150.364
2024-12-06 09:00,150.366,150.605,150.355,150.574
2024-12-06 10:00,150.570,150.699,150.494,150.568
2024-12-06 11:00,150.573,150.621,150.471,150.506
2024-12-06 12:00,150.507,150.657,150.363,150.402
2024-12-06 13:00,150.403,150.573,149.648,149.660
2024-12-06 14:00,149.665,149.884,149.356,149.650
2024-12-06 15:00,149.644,150.044,149.635,149.862
2024-12-06 16:00,149.867,150.115,149.674,149.793
2024-12-06 17:00,149.788,150.042,149.788,149.962
2024-12-06 18:00,149.958,150.045,149.873,149.991
2024-12-06 19:00,149.985,150.134,149.959,149.969
2024-12-06 20:00,149.969,150.056,149.944,149.958
2024-12-06 21:00,149.959,150.060,149.936,149.989
2024-12-09 00:00,149.887,149.969,149.684,149.842
2024-12-09 01:00,149.843,150.053,149.746,149.907
2024-12-09 02:00,149.913,149.996,149.855,149.905
2024-12-09 03:00,149.906,150.036,149.872,149.974
2024-12-09 04:00,149.975,149.995,149.834,149.889
2024-12-09 05:00,149.891,149.989,149.854,149.966
2024-12-09 06:00,149.967,150.193,149.939,150.144
2024-12-09 07:00,150.139,150.349,150.102,150.342
2024-12-09 08:00,150.344,150.523,150.309,150.419
2024-12-09 09:00,150.419,150.489,150.344,150.415
2024-12-09 10:00,150.410,150.482,150.347,150.453
2024-12-09 11:00,150.458,150.502,150.385,150.485
2024-12-09 12:00,150.489,150.844,150.435,150.766
2024-12-09 13:00,150.761,150.949,150.736,150.875
2024-12-09 14:00,150.875,150.948,150.694,150.930
2024-12-09 15:00,150.931,151.243,150.920,151.020
2024-12-09 16:00,151.021,151.246,150.964,151.237
2024-12-09 17:00,151.238,151.347,151.190,151.323
2024-12-09 18:00,151.330,151.338,151.225,151.269
2024-12-09 19:00,151.270,151.315,151.179,151.236
2024-12-09 20:00,151.239,151.295,151.154,151.214
2024-12-09 21:00,151.213,151.252,151.129,151.204
2024-12-09 22:00,151.180,151.299,151.101,151.223
2024-12-09 23:00,151.223,151.433,151.168,151.418
2024-12-10 00:00,151.391,151.489,151.221,151.436
2024-12-10 01:00,151.437,151.548,151.278,151.312
2024-12-10 02:00,151.313,151.315,151.034,151.201
2024-12-10 03:00,151.201,151.272,151.028,151.072
2024-12-10 04:00,151.066,151.144,150.944,151.123
2024-12-10 05:00,151.128,151.299,150.893,150.930
2024-12-10 06:00,150.937,151.277,150.899,151.223
2024-12-10 07:00,151.220,151.584,151.173,151.565
2024-12-10 08:00,151.555,151.786,151.500,151.634
2024-12-10 09:00,151.634,151.667,151.409,151.599
2024-12-10 10:00,151.599,151.612,151.465,151.587
2024-12-10 11:00,151.587,151.734,151.570,151.699
2024-12-10 12:00,151.704,151.797,151.548,151.784
2024-12-10 13:00,151.783,151.836,151.525,151.674
2024-12-10 14:00,151.680,151.828,151.582,151.824
2024-12-10 15:00,151.819,152.170,151.748,152.122
2024-12-10 16:00,152.125,152.181,151.970,152.050
2024-12-10 17:00,152.046,152.149,151.986,152.111
2024-12-10 18:00,152.109,152.121,151.875,151.922
2024-12-10 19:00,151.917,151.955,151.842,151.931
2024-12-10 20:00,151.932,151.948,151.823,151.930
2024-12-10 21:00,151.931,151.988,151.891,151.923
2024-12-10 22:00,151.920,151.954,151.898,151.932
2024-12-10 23:00,151.932,151.945,151.774,151.832
2024-12-11 00:00,151.842,151.874,151.699,151.728
2024-12-11 01:00,151.724,151.828,151.692,151.704
2024-12-11 02:00,151.705,151.722,151.438,151.446
2024-12-11 03:00,151.446,151.640,151.410,151.545
2024-12-11 04:00,151.547,151.617,151.459,151.538
2024-12-11 05:00,151.539,151.766,151.527,151.748
2024-12-11 06:00,151.753,151.790,151.620,151.761
2024-12-11 07:00,151.761,151.795,151.417,151.654
2024-12-11 08:00,151.648,151.717,151.461,151.627
2024-12-11 09:00,151.626,152.724,151.000,152.683
2024-12-11 10:00,152.675,152.795,152.484,152.589
2024-12-11 11:00,152.594,152.711,152.508,152.551
2024-12-11 12:00,152.546,152.705,152.524,152.652
2024-12-11 13:00,152.650,152.864,152.049,152.291
2024-12-11 14:00,152.296,152.330,151.915,152.134
2024-12-11 15:00,152.138,152.520,152.077,152.457
2024-12-11 16:00,152.458,152.558,152.237,152.339
2024-12-11 17:00,152.337,152.542,152.310,152.494
2024-12-11 18:00,152.496,152.691,152.313,152.674
2024-12-11 19:00,152.676,152.719,152.528,152.646
2024-12-11 20:00,152.647,152.647,152.519,152.591
2024-12-11 21:00,152.588,152.599,152.408,152.411
2024-12-11 22:00,152.412,152.461,152.329,152.409
2024-12-11 23:00,152.405,152.449,152.230,152.258
2024-12-12 00:00,152.262,152.339,152.093,152.183
2024-12-12 01:00,152.187,152.198,151.947,151.978
2024-12-12 02:00,151.975,152.320,151.948,152.318
2024-12-12 03:00,152.310,152.415,152.207,152.355
2024-12-12 04:00,152.350,152.391,152.177,152.190
2024-12-12 05:00,152.189,152.609,152.177,152.495
2024-12-12 06:00,152.491,152.774,152.454,152.483
2024-12-12 07:00,152.479,152.587,152.269,152.569
2024-12-12 08:00,152.571,152.660,152.360,152.500
2024-12-12 09:00,152.496,152.629,152.441,152.524
2024-12-12 10:00,152.523,152.538,152.198,152.315
2024-12-12 11:00,152.315,152.343,152.159,152.185
2024-12-12 12:00,152.185,152.362,152.114,152.270
2024-12-12 13:00,152.267,152.383,151.796,152.029
2024-12-12 14:00,152.033,152.399,151.873,152.242
2024-12-12 15:00,152.245,152.381,152.103,152.289
2024-12-12 16:00,152.280,152.314,152.039,152.075
2024-12-12 17:00,152.075,152.300,152.036,152.264
2024-12-12 18:00,152.258,152.523,152.234,152.482
2024-12-12 19:00,152.475,152.547,152.431,152.537
2024-12-12 20:00,152.538,152.675,152.519,152.657
2024-12-12 21:00,152.659,152.691,152.587,152.602
2024-12-12 22:00,152.566,152.621,152.510,152.567
2024-12-12 23:00,152.566,152.642,152.445,152.581
2024-12-13 00:00,152.589,152.952,152.550,152.823
2024-12-13 01:00,152.821,152.953,152.691,152.767
2024-12-13 02:00,152.760,152.918,152.640,152.905
2024-12-13 03:00,152.901,153.050,152.870,152.897
2024-12-13 04:00,152.896,153.088,152.884,152.955
2024-12-13 05:00,152.952,153.034,152.875,152.895
2024-12-13 06:00,152.891,153.001,152.670,152.711
2024-12-13 07:00,152.706,152.895,152.706,152.794
2024-12-13 08:00,152.794,153.184,152.790,153.158
2024-12-13 09:00,153.156,153.478,153.115,153.413
2024-12-13 10:00,153.406,153.496,153.363,153.466
2024-12-13 11:00,153.466,153.624,153.439,153.624
2024-12-13 12:00,153.623,153.667,153.315,153.455
2024-12-13 13:00,153.455,153.532,153.257,153.297
2024-12-13 14:00,153.299,153.631,153.295,153.596
2024-12-13 15:00,153.597,153.689,153.453,153.664
2024-12-13 16:00,153.665,153.778,153.548,153.756
2024-12-13 17:00,153.751,153.802,153.679,153.687
2024-12-13 18:00,153.692,153.743,153.657,153.700
2024-12-13 19:00,153.694,153.747,153.674,153.680
2024-12-13 20:00,153.685,153.729,153.646,153.651
2024-12-13 21:00,153.656,153.697,153.577,153.683
2024-12-13 22:00,153.745,153.745,153.745,153.745
2024-12-16 00:00,153.450,153.898,153.320,153.811
2024-12-16 01:00,153.809,153.931,153.700,153.906
2024-12-16 02:00,153.906,153.971,153.840,153.870
2024-12-16 03:00,153.873,153.882,153.747,153.819
2024-12-16 04:00,153.813,153.893,153.721,153.745
2024-12-16 05:00,153.741,153.773,153.600,153.657
2024-12-16 06:00,153.660,153.770,153.542,153.644
2024-12-16 07:00,153.647,153.688,153.473,153.526
2024-12-16 08:00,153.526,153.722,153.440,153.693
2024-12-16 09:00,153.694,153.829,153.640,153.802
2024-12-16 10:00,153.798,153.845,153.642,153.830
2024-12-16 11:00,153.827,153.859,153.739,153.798
2024-12-16 12:00,153.799,154.097,153.775,154.082
2024-12-16 13:00,154.082,154.102,153.967,154.024
2024-12-16 14:00,154.018,154.359,154.002,154.299
2024-12-16 15:00,154.303,154.478,154.223,154.233
2024-12-16 16:00,154.234,154.312,154.124,154.171
2024-12-16 17:00,154.175,154.251,154.049,154.153
2024-12-16 18:00,154.148,154.202,154.044,154.052
2024-12-16 19:00,154.054,154.137,154.002,154.118
2024-12-16 20:00,154.123,154.163,154.084,154.150
2024-12-16 21:00,154.152,154.218,154.107,154.115
2024-12-16 22:00,154.076,154.150,154.061,154.122
2024-12-16 23:00,154.121,154.261,154.071,154.080
2024-12-17 00:00,154.094,154.340,154.007,154.145
2024-12-17 01:00,154.136,154.232,153.968,154.092
2024-12-17 02:00,154.092,154.107,153.795,153.999
2024-12-17 03:00,154.001,154.084,153.866,154.045
2024-12-17 04:00,154.039,154.207,153.996,154.065
2024-12-17 05:00,154.063,154.261,154.025,154.134
2024-12-17 06:00,154.128,154.172,154.026,154.135
2024-12-17 07:00,154.137,154.167,153.920,154.064
2024-12-17 08:00,154.066,154.168,153.803,153.856
2024-12-17 09:00,153.855,153.912,153.705,153.792
2024-12-17 10:00,153.793,153.884,153.708,153.840
2024-12-17 11:00,153.840,153.928,153.679,153.905
2024-12-17 12:00,153.907,153.939,153.805,153.818
2024-12-17 13:00,153.815,153.997,153.650,153.771
2024-12-17 14:00,153.769,153.774,153.549,153.558
2024-12-17 15:00,153.557,153.577,153.417,153.512
2024-12-17 16:00,153.503,153.642,153.394,153.412
2024-12-17 17:00,153.413,153.422,153.238,153.267
2024-12-17 18:00,153.269,153.392,153.155,153.275
2024-12-17 19:00,153.275,153.344,153.223,153.339
2024-12-17 20:00,153.340,153.562,153.324,153.521
2024-12-17 21:00,153.517,153.596,153.405,153.412
2024-12-17 22:00,153.416,153.509,153.359,153.414
2024-12-17 23:00,153.415,153.594,153.380,153.579
2024-12-18 00:00,153.568,153.769,153.538,153.684
2024-12-18 01:00,153.688,153.785,153.574,153.591
2024-12-18 02:00,153.590,153.749,153.572,153.689
2024-12-18 03:00,153.688,153.728,153.558,153.617
2024-12-18 04:00,153.613,153.654,153.349,153.443
2024-12-18 05:00,153.441,153.464,153.336,153.352
2024-12-18 06:00,153.353,153.494,153.330,153.472
2024-12-18 07:00,153.467,153.650,153.348,153.574
2024-12-18 08:00,153.574,153.622,153.516,153.565
2024-12-18 09:00,153.562,153.743,153.529,153.630
2024-12-18 10:00,153.628,153.696,153.547,153.575
2024-12-18 11:00,153.574,153.697,153.566,153.661
2024-12-18 12:00,153.658,153.828,153.632,153.821
2024-12-18 13:00,153.825,153.953,153.805,153.847
2024-12-18 14:00,153.842,153.903,153.700,153.781
2024-12-18 15:00,153.779,154.054,153.676,154.021
2024-12-18 16:00,154.021,154.089,153.960,153.996
2024-12-18 17:00,153.999,154.018,153.737,153.826
2024-12-18 18:00,153.820,153.836,153.707,153.725
2024-12-18 19:00,153.721,154.661,153.703,154.647
2024-12-18 20:00,154.648,154.777,154.324,154.686
2024-12-18 21:00,154.688,154.870,154.498,154.815
2024-12-18 22:00,154.785,154.805,154.658,154.732
2024-12-18 23:00,154.734,154.769,154.428,154.699
2024-12-19 00:00,154.665,154.895,154.532,154.818
2024-12-19 01:00,154.823,154.862,154.627,154.643
2024-12-19 02:00,154.643,155.278,154.462,155.084
2024-12-19 03:00,155.092,155.442,154.953,155.264
2024-12-19 04:00,155.259,155.352,155.140,155.305
2024-12-19 05:00,155.302,155.472,155.188,155.226
2024-12-19 06:00,155.220,156.146,154.911,156.104
2024-12-19 07:00,156.101,156.782,156.096,156.470
2024-12-19 08:00,156.472,157.068,156.428,156.876
2024-12-19 09:00,156.868,157.145,156.717,157.039
2024-12-19 10:00,157.040,157.063,156.819,156.952
2024-12-19 11:00,156.947,157.062,156.670,156.689
2024-12-19 12:00,156.693,156.978,156.684,156.939
2024-12-19 13:00,156.938,157.050,156.391,156.907
2024-12-19 14:00,156.908,157.349,156.868,157.171
2024-12-19 15:00,157.169,157.735,157.149,157.712
2024-12-19 16:00,157.713,157.807,157.585,157.728
2024-12-19 17:00,157.730,157.768,157.522,157.694
2024-12-19 18:00,157.690,157.730,157.524,157.541
2024-12-19 19:00,157.536,157.554,157.344,157.420
2024-12-19 20:00,157.421,157.437,157.301,157.328
2024-12-19 21:00,157.330,157.451,157.317,157.417
2024-12-19 22:00,157.375,157.449,157.354,157.426
2024-12-19 23:00,157.419,157.669,157.382,157.648
2024-12-20 00:00,157.646,157.925,157.597,157.743
2024-12-20 01:00,157.732,157.783,157.140,157.276
2024-12-20 02:00,157.276,157.378,156.877,156.972
2024-12-20 03:00,156.967,157.157,156.830,157.064
2024-12-20 04:00,157.062,157.312,157.052,157.296
2024-12-20 05:00,157.299,157.318,156.960,157.035
2024-12-20 06:00,157.031,157.134,156.863,156.980
2024-12-20 07:00,156.983,157.056,156.760,156.828
2024-12-20 08:00,156.831,156.967,156.730,156.884
2024-12-20 09:00,156.883,156.917,156.615,156.720
2024-12-20 10:00,156.717,156.772,156.630,156.738
2024-12-20 11:00,156.741,156.844,156.672,156.772
2024-12-20 12:00,156.773,156.817,156.590,156.733
2024-12-20 13:00,156.735,156.798,156.347,156.516
2024-12-20 14:00,156.512,156.660,156.315,156.595
2024-12-20 15:00,156.590,156.778,156.398,156.502
2024-12-20 16:00,156.503,156.582,156.096,156.106
2024-12-20 17:00,156.104,156.160,155.947,156.069
2024-12-20 18:00,156.072,156.212,156.018,156.087
2024-12-20 19:00,156.083,156.109,155.968,156.003
2024-12-20 20:00,156.009,156.359,155.992,156.357
2024-12-20 21:00,156.359,156.471,156.278,156.407
2024-12-23 00:00,156.559,156.651,156.421,156.606
2024-12-23 01:00,156.605,156.691,156.344,156.454
2024-12-23 02:00,156.450,156.558,156.329,156.553
2024-12-23 03:00,156.554,156.610,156.482,156.516
2024-12-23 04:00,156.517,156.626,156.482,156.577
2024-12-23 05:00,156.577,156.662,156.551,156.641
2024-12-23 06:00,156.643,156.664,156.516,156.611
2024-12-23 07:00,156.615,156.810,156.608,156.793
2024-12-23 08:00,156.795,156.799,156.458,156.567
2024-12-23 09:00,156.572,156.761,156.484,156.696
2024-12-23 10:00,156.698,156.830,156.652,156.820
2024-12-23 11:00,156.820,156.879,156.745,156.847
2024-12-23 12:00,156.847,157.188,156.839,157.144
2024-12-23 13:00,157.134,157.257,157.100,157.221
2024-12-23 14:00,157.210,157.232,157.045,157.163
2024-12-23 15:00,157.175,157.267,157.076,157.128
2024-12-23 16:00,157.130,157.214,157.021,157.029
2024-12-23 17:00,157.028,157.173,156.975,157.157
2024-12-23 18:00,157.158,157.209,157.066,157.130
2024-12-23 19:00,157.129,157.155,157.053,157.103
2024-12-23 20:00,157.097,157.154,157.045,157.142
2024-12-23 21:00,157.143,157.182,157.085,157.096
2024-12-23 22:00,157.089,157.181,157.071,157.133
2024-12-23 23:00,157.132,157.238,157.094,157.169
2024-12-24 00:00,157.176,157.393,157.153,157.311
2024-12-24 01:00,157.307,157.310,157.051,157.126
2024-12-24 02:00,157.119,157.178,157.053,157.120
2024-12-24 03:00,157.120,157.133,157.046,157.080
2024-12-24 04:00,157.078,157.090,156.924,157.010
2024-12-24 05:00,157.009,157.049,156.884,156.999
2024-12-24 06:00,157.000,157.143,156.902,157.085
2024-12-24 07:00,157.082,157.145,157.007,157.141
2024-12-24 08:00,157.141,157.180,156.980,157.052
2024-12-24 09:00,157.056,157.101,156.997,157.084
2024-12-24 10:00,157.091,157.098,157.016,157.089
2024-12-24 11:00,157.087,157.172,157.059,157.140
2024-12-24 12:00,157.140,157.156,157.070,157.135
2024-12-24 13:00,157.133,157.193,157.093,157.185
2024-12-24 14:00,157.191,157.298,157.176,157.277
2024-12-24 15:00,157.275,157.348,157.173,157.335
2024-12-24 16:00,157.330,157.376,157.270,157.300
2024-12-24 17:00,157.298,157.348,157.254,157.309
2024-12-24 18:00,157.310,157.351,157.214,157.287
2024-12-24 19:00,157.317,157.379,157.249,157.301
2024-12-24 20:00,157.301,157.311,157.121,157.148
2024-12-24 21:00,157.154,157.214,157.023,157.145
2024-12-24 22:00,157.111,157.149,157.098,157.098
2024-12-24 23:00,157.098,157.124,157.046,157.091
2024-12-25 00:00,157.056,157.319,157.041,157.211
2024-12-25 01:00,157.210,157.249,157.031,157.115
2024-12-25 02:00,157.090,157.109,157.002,157.071
2024-12-25 03:00,157.071,157.128,156.974,157.109
2024-12-25 04:00,157.111,157.346,156.960,157.308
2024-12-25 05:00,157.311,157.354,157.253,157.311
2024-12-25 06:00,157.335,157.340,157.226,157.300
2024-12-25 07:00,157.300,157.300,156.964,157.016
2024-12-25 17:00,157.193,157.193,157.193,157.193
2024-12-25 18:00,157.194,157.215,157.190,157.215
2024-12-25 19:00,157.206,157.215,157.192,157.207
2024-12-25 20:00,157.235,157.240,157.228,157.228
2024-12-25 21:00,157.227,157.238,157.049,157.192
2024-12-25 22:00,157.201,157.311,157.143,157.215
2024-12-25 23:00,157.214,157.270,157.124,157.143
2024-12-26 00:00,157.121,157.372,157.061,157.321
2024-12-26 01:00,157.322,157.473,157.234,157.417
2024-12-26 02:00,157.413,157.478,157.357,157.421
2024-12-26 03:00,157.423,157.441,157.328,157.371
2024-12-26 04:00,157.360,157.466,157.350,157.426
2024-12-26 05:00,157.424,157.433,157.304,157.349
2024-12-26 06:00,157.348,157.418,157.323,157.366
2024-12-26 07:00,157.368,157.446,157.333,157.373
2024-12-26 08:00,157.373,157.415,157.335,157.342
2024-12-26 09:00,157.344,157.463,157.302,157.429
2024-12-26 10:00,157.430,157.455,157.396,157.439
2024-12-26 11:00,157.441,157.590,157.428,157.585
2024-12-26 12:00,157.583,157.664,157.577,157.643
2024-12-26 13:00,157.651,157.843,157.592,157.832
2024-12-26 14:00,157.836,157.945,157.824,157.932
2024-12-26 15:00,157.930,158.072,157.876,158.066
2024-12-26 16:00,158.068,158.084,157.979,158.014
2024-12-26 17:00,158.013,158.072,157.927,158.037
2024-12-26 18:00,158.037,158.074,157.865,157.931
2024-12-26 19:00,157.924,158.024,157.912,157.989
2024-12-26 20:00,157.981,157.986,157.883,157.965
2024-12-26 21:00,157.966,158.036,157.932,157.932
2024-12-26 22:00,157.931,157.987,157.835,157.864
2024-12-26 23:00,157.864,157.886,157.666,157.739
2024-12-27 00:00,157.763,157.953,157.652,157.916
2024-12-27 01:00,157.916,157.948,157.675,157.745
2024-12-27 02:00,157.740,157.766,157.502,157.597
2024-12-27 03:00,157.601,157.718,157.590,157.646
2024-12-27 04:00,157.643,157.674,157.541,157.569
2024-12-27 05:00,157.571,157.772,157.553,157.762
2024-12-27 06:00,157.757,157.816,157.655,157.752
2024-12-27 07:00,157.745,157.856,157.727,157.810
2024-12-27 08:00,157.814,157.917,157.779,157.837
2024-12-27 09:00,157.848,157.900,157.746,157.878
2024-12-27 10:00,157.875,157.880,157.698,157.755
2024-12-27 11:00,157.756,157.789,157.616,157.649
2024-12-27 12:00,157.653,157.796,157.580,157.795
2024-12-27 13:00,157.794,157.872,157.679,157.795
2024-12-27 14:00,157.793,157.897,157.684,157.815
2024-12-27 15:00,157.814,157.876,157.528,157.572
2024-12-27 16:00,157.569,157.737,157.344,157.731
2024-12-27 17:00,157.729,157.846,157.671,157.821
2024-12-27 18:00,157.825,157.856,157.762,157.831
2024-12-27 19:00,157.828,157.944,157.825,157.944
2024-12-27 20:00,157.943,157.945,157.845,157.903
2024-12-27 21:00,157.904,157.925,157.772,157.772
2024-12-30 00:00,157.897,157.990,157.688,157.943
2024-12-30 01:00,157.941,157.961,157.722,157.793
2024-12-30 02:00,157.794,157.828,157.690,157.809
2024-12-30 03:00,157.808,157.849,157.790,157.809
2024-12-30 04:00,157.816,157.823,157.751,157.790
2024-12-30 05:00,157.791,157.963,157.764,157.858
2024-12-30 06:00,157.853,158.075,157.814,157.871
2024-12-30 07:00,157.871,157.892,157.801,157.886
2024-12-30 08:00,157.895,157.932,157.808,157.902
2024-12-30 09:00,157.902,157.987,157.847,157.873
2024-12-30 10:00,157.871,157.882,157.750,157.782
2024-12-30 11:00,157.779,157.783,157.554,157.635
2024-12-30 12:00,157.633,157.649,157.483,157.554
2024-12-30 13:00,157.553,157.645,157.444,157.452
2024-12-30 14:00,157.451,157.551,157.060,157.089
2024-12-30 15:00,157.086,157.282,156.666,157.170
2024-12-30 16:00,157.176,157.296,157.000,157.262
2024-12-30 17:00,157.260,157.356,157.110,157.151
2024-12-30 18:00,157.150,157.153,156.937,156.971
2024-12-30 19:00,156.974,157.104,156.917,157.094
2024-12-30 20:00,157.084,157.115,156.798,156.821
2024-12-30 21:00,156.823,156.880,156.751,156.850
2024-12-30 22:00,156.821,156.919,156.807,156.880
2024-12-30 23:00,156.865,157.063,156.827,156.989
2024-12-31 00:00,157.004,157.045,156.687,156.698
2024-12-31 01:00,156.696,156.744,156.362,156.438
2024-12-31 02:00,156.442,156.506,156.362,156.388
2024-12-31 03:00,156.387,156.480,156.329,156.437
2024-12-31 04:00,156.436,156.461,156.139,156.231
2024-12-31 05:00,156.230,156.238,156.133,156.234
2024-12-31 06:00,156.232,156.380,156.146,156.356
2024-12-31 07:00,156.356,156.363,156.059,156.202
2024-12-31 08:00,156.204,156.257,156.014,156.147
2024-12-31 09:00,156.149,156.675,156.119,156.644
2024-12-31 10:00,156.642,156.962,156.606,156.836
2024-12-31 11:00,156.835,156.842,156.630,156.799
2024-12-31 12:00,156.796,156.893,156.549,156.890
2024-12-31 13:00,156.894,157.088,156.822,157.015
2024-12-31 14:00,157.013,157.068,156.678,156.771
2024-12-31 15:00,156.771,157.194,156.704,157.160
2024-12-31 16:00,157.159,157.425,157.098,157.370
2024-12-31 17:00,157.368,157.549,157.308,157.358
2024-12-31 18:00,157.364,157.396,157.228,157.295
2024-12-31 19:00,157.295,157.311,157.232,157.308
2024-12-31 20:00,157.308,157.376,157.288,157.343
2024-12-31 21:00,157.346,157.347,157.148,157.210
2025-01-01 18:00,157.267,157.268,157.080,157.246
2025-01-01 19:00,157.247,157.247,157.246,157.246
2025-01-01 20:00,157.246,157.247,157.095,157.121
2025-01-01 21:00,157.121,157.264,157.121,157.247
2025-01-01 22:00,157.194,157.286,157.141,157.238
2025-01-01 23:00,157.238,157.765,157.221,157.751
2025-01-02 00:00,157.701,157.774,157.287,157.428
2025-01-02 01:00,157.427,157.664,157.410,157.512
2025-01-02 02:00,157.505,157.511,157.258,157.286
2025-01-02 03:00,157.284,157.304,157.126,157.154
2025-01-02 04:00,157.153,157.162,156.986,157.020
2025-01-02 05:00,157.023,157.209,156.973,157.205
2025-01-02 06:00,157.204,157.212,156.648,156.664
2025-01-02 07:00,156.662,156.747,156.430,156.670
2025-01-02 08:00,156.666,156.828,156.458,156.782
2025-01-02 09:00,156.777,156.919,156.744,156.792
2025-01-02 10:00,156.788,157.166,156.781,157.133
2025-01-02 11:00,157.128,157.285,157.047,157.200
2025-01-02 12:00,157.203,157.217,157.008,157.080
2025-01-02 13:00,157.073,157.237,156.714,156.825
2025-01-02 14:00,156.827,157.115,156.632,157.021
2025-01-02 15:00,157.025,157.186,156.778,157.149
2025-01-02 16:00,157.145,157.751,157.130,157.660
2025-01-02 17:00,157.660,157.852,157.487,157.563
2025-01-02 18:00,157.564,157.632,157.460,157.495
2025-01-02 19:00,157.501,157.675,157.466,157.620
2025-01-02 20:00,157.619,157.656,157.561,157.628
2025-01-02 21:00,157.626,157.632,157.446,157.446
2025-01-02 22:00,157.480,157.492,157.414,157.454
2025-01-02 23:00,157.451,157.564,157.346,157.354
2025-01-03 00:00,157.350,157.400,157.170,157.211
2025-01-03 01:00,157.210,157.406,157.180,157.275
2025-01-03 02:00,157.283,157.359,157.241,157.313
2025-01-03 03:00,157.308,157.460,157.182,157.307
2025-01-03 04:00,157.308,157.389,157.244,157.282
2025-01-03 05:00,157.283,157.356,157.233,157.300
2025-01-03 06:00,157.295,157.300,157.126,157.169
2025-01-03 07:00,157.168,157.265,157.032,157.135
2025-01-03 08:00,157.136,157.425,157.125,157.329
2025-01-03 09:00,157.331,157.334,157.084,157.252
2025-01-03 10:00,157.250,157.384,157.163,157.376
2025-01-03 11:00,157.376,157.390,157.198,157.244
2025-01-03 12:00,157.244,157.258,157.055,157.163
2025-01-03 13:00,157.163,157.240,157.020,157.186
2025-01-03 14:00,157.186,157.312,157.109,157.112
2025-01-03 15:00,157.121,157.491,157.121,157.395
2025-01-03 16:00,157.393,157.402,157.195,157.198
2025-01-03 17:00,157.203,157.212,156.870,157.161
2025-01-03 18:00,157.168,157.241,157.101,157.166
2025-01-03 19:00,157.167,157.227,157.097,157.204
2025-01-03 20:00,157.205,157.350,157.136,157.337
2025-01-03 21:00,157.337,157.381,157.183,157.236
2025-01-06 00:00,157.504,157.830,157.494,157.584
2025-01-06 01:00,157.586,157.668,157.480,157.615
2025-01-06 02:00,157.616,157.778,157.560,157.717
2025-01-06 03:00,157.716,157.783,157.648,157.714
2025-01-06 04:00,157.714,157.753,157.651,157.712
2025-01-06 05:00,157.712,157.809,157.671,157.778
2025-01-06 06:00,157.774,157.793,157.626,157.650
2025-01-06 07:00,157.644,157.696,157.529,157.659
2025-01-06 08:00,157.664,157.767,157.613,157.665
2025-01-06 09:00,157.661,157.764,157.584,157.732
2025-01-06 10:00,157.737,157.917,157.678,157.903
2025-01-06 11:00,157.898,157.961,157.160,157.198
2025-01-06 12:00,157.197,157.211,156.616,156.782
2025-01-06 13:00,156.783,156.811,156.236,156.611
2025-01-06 14:00,156.613,157.423,156.461,157.291
2025-01-06 15:00,157.293,157.657,157.192,157.534
2025-01-06 16:00,157.532,157.612,157.342,157.542
2025-01-06 17:00,157.545,157.600,157.462,157.507
2025-01-06 18:00,157.507,157.669,157.422,157.536
2025-01-06 19:00,157.534,157.591,157.467,157.545
2025-01-06 20:00,157.544,157.639,157.487,157.622
2025-01-06 21:00,157.623,157.663,157.542,157.550
2025-01-06 22:00,157.552,157.644,157.494,157.579
2025-01-06 23:00,157.575,157.811,157.575,157.748
2025-01-07 00:00,157.734,158.224,157.732,158.107
2025-01-07 01:00,158.101,158.416,158.036,158.312
2025-01-07 02:00,158.309,158.320,158.136,158.275
2025-01-07 03:00,158.275,158.312,158.080,158.126
2025-01-07 04:00,158.122,158.157,158.007,158.083
2025-01-07 05:00,158.080,158.155,157.780,157.859
2025-01-07 06:00,157.865,157.865,157.678,157.757
2025-01-07 07:00,157.748,157.796,157.452,157.493
2025-01-07 08:00,157.495,157.603,157.397,157.423
2025-01-07 09:00,157.427,157.681,157.362,157.608
2025-01-07 10:00,157.602,157.783,157.560,157.745
2025-01-07 11:00,157.745,157.851,157.618,157.712
2025-01-07 12:00,157.709,157.848,157.678,157.742
2025-01-07 13:00,157.739,157.783,157.578,157.668
2025-01-07 14:00,157.667,157.836,157.532,157.718
2025-01-07 15:00,157.741,158.427,157.711,157.941
2025-01-07 16:00,157.943,158.041,157.617,157.832
2025-01-07 17:00,157.829,157.852,157.617,157.693
2025-01-07 18:00,157.696,157.917,157.581,157.842
2025-01-07 19:00,157.841,157.868,157.750,157.772
2025-01-07 20:00,157.777,157.872,157.731,157.869
2025-01-07 21:00,157.872,158.093,157.863,158.012
2025-01-07 22:00,158.034,158.055,157.957,158.016
2025-01-07 23:00,158.013,158.245,158.013,158.215
2025-01-08 00:00,158.223,158.233,157.898,158.165
2025-01-08 01:00,158.166,158.174,157.928,157.970
2025-01-08 02:00,157.970,158.142,157.930,158.099
2025-01-08 03:00,158.095,158.216,158.068,158.199
2025-01-08 04:00,158.199,158.263,158.156,158.229
2025-01-08 05:00,158.228,158.269,158.093,158.169
2025-01-08 06:00,158.173,158.173,157.986,158.052
2025-01-08 07:00,158.047,158.138,157.923,158.112
2025-01-08 08:00,158.114,158.285,158.097,158.247
2025-01-08 09:00,158.242,158.249,158.047,158.158
2025-01-08 10:00,158.161,158.349,158.144,158.324
2025-01-08 11:00,158.322,158.554,158.310,158.375
2025-01-08 12:00,158.368,158.550,158.347,158.505
2025-01-08 13:00,158.502,158.506,158.170,158.219
2025-01-08 14:00,158.215,158.465,158.137,158.352
2025-01-08 15:00,158.347,158.421,158.214,158.371
2025-01-08 16:00,158.371,158.442,158.286,158.320
2025-01-08 17:00,158.319,158.496,158.307,158.387
2025-01-08 18:00,158.393,158.501,158.269,158.462
2025-01-08 19:00,158.436,158.519,158.350,158.465
2025-01-08 20:00,158.464,158.466,158.319,158.360
2025-01-08 21:00,158.360,158.437,158.327,158.335
2025-01-08 22:00,158.301,158.352,158.213,158.286
2025-01-08 23:00,158.298,158.398,158.180,158.187
2025-01-09 00:00,158.188,158.327,158.097,158.260
2025-01-09 01:00,158.258,158.290,158.066,158.111
2025-01-09 02:00,158.106,158.138,157.986,158.086
2025-01-09 03:00,158.085,158.095,157.912,157.972
2025-01-09 04:00,157.971,157.978,157.756,157.924
2025-01-09 05:00,157.922,158.148,157.888,158.059
2025-01-09 06:00,158.059,158.197,158.026,158.141
2025-01-09 07:00,158.145,158.201,158.022,158.188
2025-01-09 08:00,158.197,158.286,158.058,158.134
2025-01-09 09:00,158.128,158.178,158.003,158.082
2025-01-09 10:00,158.083,158.102,157.951,157.993
2025-01-09 11:00,157.993,158.027,157.817,157.902
2025-01-09 12:00,157.902,157.929,157.648,157.745
2025-01-09 13:00,157.744,157.848,157.572,157.657
2025-01-09 14:00,157.657,157.864,157.648,157.817
2025-01-09 15:00,157.821,157.976,157.810,157.969
2025-01-09 16:00,157.973,158.031,157.918,158.014
2025-01-09 17:00,158.013,158.136,157.979,158.101
2025-01-09 18:00,158.102,158.162,158.058,158.068
2025-01-09 19:00,158.072,158.124,158.051,158.112
2025-01-09 20:00,158.111,158.126,158.077,158.121
2025-01-09 21:00,158.122,158.149,158.074,158.109
2025-01-09 22:00,158.052,158.184,158.052,158.130
2025-01-09 23:00,158.126,158.155,158.008,158.041
2025-01-10 00:00,158.040,158.231,157.947,157.999
2025-01-10 01:00,157.998,158.175,157.924,158.127
2025-01-10 02:00,158.126,158.283,158.099,158.267
2025-01-10 03:00,158.259,158.274,158.178,158.235
2025-01-10 04:00,158.235,158.409,158.227,158.383
2025-01-10 05:00,158.386,158.425,158.350,158.416
2025-01-10 06:00,158.410,158.427,158.302,158.325
2025-01-10 07:00,158.323,158.446,158.257,158.384
2025-01-10 08:00,158.382,158.427,157.748,157.821
2025-01-10 09:00,157.821,157.947,157.611,157.929
2025-01-10 10:00,157.931,158.132,157.858,158.074
2025-01-10 11:00,158.078,158.173,157.985,157.996
2025-01-10 12:00,157.995,158.024,157.888,157.990
2025-01-10 13:00,157.989,158.879,157.898,158.549
2025-01-10 14:00,158.548,158.654,157.760,157.946
2025-01-10 15:00,157.950,158.163,157.221,157.554
2025-01-10 16:00,157.555,157.874,157.538,157.688
2025-01-10 17:00,157.687,157.801,157.574,157.664
2025-01-10 18:00,157.668,157.960,157.656,157.899
2025-01-10 19:00,157.899,157.984,157.803,157.869
2025-01-10 20:00,157.872,157.933,157.805,157.809
2025-01-10 21:00,157.814,157.816,157.650,157.709
2025-01-10 22:00,157.657,157.657,157.657,157.657
2025-01-13 00:00,157.903,157.964,157.782,157.783
2025-01-13 01:00,157.782,157.865,157.264,157.444
2025-01-13 02:00,157.441,157.652,157.393,157.519
2025-01-13 03:00,157.511,157.642,157.404,157.413
2025-01-13 04:00,157.412,157.581,157.407,157.543
2025-01-13 05:00,157.540,157.548,157.278,157.408
2025-01-13 06:00,157.407,157.596,157.242,157.526
2025-01-13 07:00,157.533,157.549,157.291,157.458
2025-01-13 08:00,157.456,157.670,157.385,157.603
2025-01-13 09:00,157.601,157.615,157.030,157.106
2025-01-13 10:00,157.106,157.433,157.007,157.431
2025-01-13 11:00,157.431,157.473,157.216,157.316
2025-01-13 12:00,157.315,157.461,156.922,157.027
2025-01-13 13:00,157.030,157.205,156.908,157.202
2025-01-13 14:00,157.203,157.427,157.099,157.349
2025-01-13 15:00,157.346,157.584,157.306,157.514
2025-01-13 16:00,157.516,157.790,157.460,157.511
2025-01-13 17:00,157.516,157.571,157.306,157.325
2025-01-13 18:00,157.326,157.525,157.288,157.478
2025-01-13 19:00,157.475,157.820,157.474,157.813
2025-01-13 20:00,157.813,157.814,157.603,157.647
2025-01-13 21:00,157.648,157.697,157.449,157.459
2025-01-13 22:00,157.452,157.508,157.164,157.303
2025-01-13 23:00,157.305,157.454,157.112,157.344
2025-01-14 00:00,157.305,157.580,157.140,157.533
2025-01-14 01:00,157.537,158.028,157.032,157.426
2025-01-14 02:00,157.435,157.730,157.435,157.695
2025-01-14 03:00,157.694,157.754,157.521,157.558
2025-01-14 04:00,157.553,157.584,157.458,157.483
2025-01-14 05:00,157.485,157.723,157.354,157.583
2025-01-14 06:00,157.578,157.698,157.450,157.482
2025-01-14 07:00,157.482,157.555,157.295,157.525
2025-01-14 08:00,157.520,157.733,157.382,157.694
2025-01-14 09:00,157.695,158.030,157.678,157.938
2025-01-14 10:00,157.937,157.982,157.824,157.830
2025-01-14 11:00,157.826,157.956,157.826,157.937
2025-01-14 12:00,157.938,158.131,157.835,157.869
2025-01-14 13:00,157.860,157.925,157.387,157.768
2025-01-14 14:00,157.774,157.919,157.619,157.803
2025-01-14 15:00,157.803,158.152,157.740,157.962
2025-01-14 16:00,157.963,158.078,157.827,157.948
2025-01-14 17:00,157.948,158.198,157.900,158.130
2025-01-14 18:00,158.133,158.140,157.972,158.006
2025-01-14 19:00,158.006,158.076,157.901,157.943
2025-01-14 20:00,157.939,157.988,157.865,157.981
2025-01-14 21:00,157.980,158.020,157.914,157.948
2025-01-14 22:00,157.953,158.071,157.887,157.921
2025-01-14 23:00,157.942,158.066,157.888,158.041
2025-01-15 00:00,158.047,158.082,157.892,157.970
2025-01-15 01:00,157.972,158.035,157.824,157.899
2025-01-15 02:00,157.898,157.975,157.875,157.947
2025-01-15 03:00,157.942,157.954,157.837,157.889
2025-01-15 04:00,157.883,157.936,157.582,157.599
2025-01-15 05:00,157.603,157.607,157.191,157.318
2025-01-15 06:00,157.317,157.444,157.279,157.338
2025-01-15 07:00,157.345,157.346,156.837,156.881
2025-01-15 08:00,156.881,157.215,156.716,157.112
2025-01-15 09:00,157.105,157.127,156.704,156.864
2025-01-15 10:00,156.862,156.928,156.739,156.788
2025-01-15 11:00,156.784,157.060,156.711,157.006
2025-01-15 12:00,157.008,157.052,156.853,156.977
2025-01-15 13:00,156.975,157.090,156.247,156.392
2025-01-15 14:00,156.395,156.461,155.935,156.282
2025-01-15 15:00,156.283,156.527,156.072,156.291
2025-01-15 16:00,156.289,156.734,156.284,156.600
2025-01-15 17:00,156.599,156.609,156.476,156.544
2025-01-15 18:00,156.550,156.578,156.400,156.499
2025-01-15 19:00,156.496,156.566,156.428,156.462
2025-01-15 20:00,156.463,156.507,156.405,156.466
2025-01-15 21:00,156.462,156.553,156.422,156.435
2025-01-15 22:00,156.421,156.438,156.315,156.370
2025-01-15 23:00,156.373,156.405,156.209,156.233
2025-01-16 00:00,156.217,156.528,156.162,156.181
2025-01-16 01:00,156.185,156.188,155.475,155.551
2025-01-16 02:00,155.549,155.774,155.202,155.729
2025-01-16 03:00,155.729,155.856,155.698,155.769
2025-01-16 04:00,155.772,155.970,155.598,155.951
2025-01-16 05:00,155.953,156.120,155.939,156.110
2025-01-16 06:00,156.115,156.314,156.024,156.094
2025-01-16 07:00,156.094,156.240,156.022,156.183
2025-01-16 08:00,156.184,156.236,155.856,155.898
2025-01-16 09:00,155.894,155.934,155.608,155.680
2025-01-16 10:00,155.681,155.771,155.628,155.662
2025-01-16 11:00,155.665,155.876,155.644,155.780
2025-01-16 12:00,155.785,156.199,155.776,156.110
2025-01-16 13:00,156.104,156.364,155.841,155.903
2025-01-16 14:00,155.903,156.176,155.895,156.130
2025-01-16 15:00,156.131,156.196,155.385,155.428
2025-01-16 16:00,155.427,155.554,155.098,155.439
2025-01-16 17:00,155.437,155.511,155.168,155.266
2025-01-16 18:00,155.271,155.387,155.143,155.354
2025-01-16 19:00,155.351,155.377,155.165,155.293
2025-01-16 20:00,155.294,155.318,155.166,155.202
2025-01-16 21:00,155.202,155.237,155.083,155.106
2025-01-16 22:00,155.169,155.264,155.043,155.153
2025-01-16 23:00,155.157,155.377,155.146,155.377
2025-01-17 00:00,155.370,155.483,154.973,155.187
2025-01-17 01:00,155.182,155.373,155.137,155.213
2025-01-17 02:00,155.211,155.467,155.154,155.428
2025-01-17 03:00,155.429,155.464,155.338,155.442
2025-01-17 04:00,155.443,155.496,155.360,155.382
2025-01-17 05:00,155.389,155.689,155.358,155.560
2025-01-17 06:00,155.562,155.740,155.510,155.642
2025-01-17 07:00,155.641,155.772,155.525,155.608
2025-01-17 08:00,155.615,155.725,155.403,155.698
2025-01-17 09:00,155.703,155.850,155.403,155.737
2025-01-17 10:00,155.732,155.783,155.604,155.772
2025-01-17 11:00,155.772,155.804,155.630,155.695
2025-01-17 12:00,155.694,155.751,155.583,155.714
2025-01-17 13:00,155.718,155.720,155.546,155.686
2025-01-17 14:00,155.685,156.194,155.647,156.041
2025-01-17 15:00,156.031,156.139,155.775,156.104
2025-01-17 16:00,156.105,156.374,156.098,156.304
2025-01-17 17:00,156.310,156.343,156.221,156.255
2025-01-17 18:00,156.254,156.287,156.118,156.189
2025-01-17 19:00,156.188,156.232,156.100,156.142
2025-01-17 20:00,156.142,156.196,156.101,156.145
2025-01-17 21:00,156.146,156.313,156.122,156.266
2025-01-20 00:00,156.304,156.358,155.976,155.981
2025-01-20 01:00,155.982,156.109,155.857,155.921
2025-01-20 02:00,155.924,156.049,155.878,155.938
2025-01-20 03:00,155.938,155.966,155.700,155.741
2025-01-20 04:00,155.742,156.029,155.723,155.970
2025-01-20 05:00,155.969,156.066,155.888,156.062
2025-01-20 06:00,156.058,156.200,156.006,156.191
2025-01-20 07:00,156.194,156.284,155.954,155.990
2025-01-20 08:00,155.991,156.184,155.944,156.151
2025-01-20 09:00,156.153,156.363,156.126,156.285
2025-01-20 10:00,156.277,156.406,156.224,156.372
2025-01-20 11:00,156.371,156.458,156.312,156.346
2025-01-20 12:00,156.339,156.459,156.276,156.378
2025-01-20 13:00,156.371,156.469,155.716,155.724
2025-01-20 14:00,155.719,155.915,155.405,155.544
2025-01-20 15:00,155.544,155.929,155.523,155.685
2025-01-20 16:00,155.687,155.727,155.594,155.681
2025-01-20 17:00,155.682,156.062,155.623,155.824
2025-01-20 18:00,155.822,155.895,155.682,155.690
2025-01-20 19:00,155.689,155.775,155.581,155.633
2025-01-20 20:00,155.635,155.640,155.482,155.609
2025-01-20 21:00,155.606,155.720,155.495,155.550
2025-01-20 22:00,155.637,155.669,155.537,155.622
2025-01-20 23:00,155.619,155.654,155.156,155.272
2025-01-21 00:00,155.272,156.235,154.898,156.021
2025-01-21 01:00,156.020,156.195,155.462,155.539
2025-01-21 02:00,155.542,155.577,154.946,155.135
2025-01-21 03:00,155.133,155.241,154.770,155.186
2025-01-21 04:00,155.186,155.193,154.947,155.062
2025-01-21 05:00,155.064,155.328,155.000,155.311
2025-01-21 06:00,155.309,155.553,155.309,155.517
2025-01-21 07:00,155.514,155.751,155.494,155.675
2025-01-21 08:00,155.675,155.771,155.610,155.744
2025-01-21 09:00,155.740,155.957,155.700,155.895
2025-01-21 10:00,155.900,156.003,155.804,155.981
2025-01-21 11:00,155.982,156.053,155.868,155.912
2025-01-21 12:00,155.908,155.951,155.705,155.820
2025-01-21 13:00,155.819,155.838,155.456,155.488
2025-01-21 14:00,155.487,155.672,155.330,155.576
2025-01-21 15:00,155.580,155.735,155.247,155.331
2025-01-21 16:00,155.326,155.573,155.303,155.494
2025-01-21 17:00,155.492,155.581,155.412,155.572
2025-01-21 18:00,155.577,155.596,155.421,155.509
2025-01-21 19:00,155.508,155.587,155.466,155.554
2025-01-21 20:00,155.555,155.595,155.510,155.512
2025-01-21 21:00,155.519,155.560,155.445,155.519
2025-01-21 22:00,155.456,155.513,155.394,155.444
2025-01-21 23:00,155.448,155.828,155.440,155.768
2025-01-22 00:00,155.739,155.767,155.350,155.420
2025-01-22 01:00,155.423,155.717,155.396,155.684
2025-01-22 02:00,155.683,155.764,155.626,155.736
2025-01-22 03:00,155.743,155.959,155.674,155.924
2025-01-22 04:00,155.919,155.928,155.712,155.796
2025-01-22 05:00,155.795,155.955,155.782,155.829
2025-01-22 06:00,155.829,155.978,155.676,155.883
2025-01-22 07:00,155.883,156.074,155.796,156.047
2025-01-22 08:00,156.047,156.116,155.547,155.721
2025-01-22 09:00,155.719,155.826,155.642,155.668
2025-01-22 10:00,155.672,155.786,155.625,155.763
2025-01-22 11:00,155.759,155.900,155.709,155.869
2025-01-22 12:00,155.869,156.051,155.800,155.809
2025-01-22 13:00,155.811,155.972,155.741,155.892
2025-01-22 14:00,155.890,156.189,155.808,156.154
2025-01-22 15:00,156.153,156.424,156.044,156.406
2025-01-22 16:00,156.408,156.648,156.375,156.621
2025-01-22 17:00,156.618,156.708,156.555,156.614
2025-01-22 18:00,156.610,156.631,156.496,156.577
2025-01-22 19:00,156.573,156.586,156.468,156.515
2025-01-22 20:00,156.516,156.561,156.442,156.545
2025-01-22 21:00,156.546,156.594,156.483,156.494
2025-01-22 22:00,156.486,156.533,156.387,156.415
2025-01-22 23:00,156.407,156.518,156.366,156.432
2025-01-23 00:00,156.433,156.459,156.306,156.388
2025-01-23 01:00,156.394,156.563,156.280,156.549
2025-01-23 02:00,156.547,156.610,156.447,156.492
2025-01-23 03:00,156.486,156.559,156.469,156.500
2025-01-23 04:00,156.499,156.615,156.468,156.587
2025-01-23 05:00,156.590,156.751,156.581,156.704
2025-01-23 06:00,156.699,156.726,156.480,156.605
2025-01-23 07:00,156.605,156.689,156.518,156.610
2025-01-23 08:00,156.611,156.633,156.447,156.481
2025-01-23 09:00,156.484,156.549,156.346,156.373
2025-01-23 10:00,156.377,156.402,156.200,156.400
2025-01-23 11:00,156.398,156.558,156.359,156.542
2025-01-23 12:00,156.549,156.598,156.363,156.396
2025-01-23 13:00,156.398,156.420,156.100,156.206
2025-01-23 14:00,156.202,156.404,156.146,156.251
2025-01-23 15:00,156.249,156.476,156.142,156.163
2025-01-23 16:00,156.168,156.321,155.858,156.006
2025-01-23 17:00,156.005,156.129,155.874,155.913
2025-01-23 18:00,155.910,156.001,155.872,155.991
2025-01-23 19:00,155.994,156.036,155.738,155.805
2025-01-23 20:00,155.800,155.972,155.748,155.956
2025-01-23 21:00,155.967,156.072,155.944,156.025
2025-01-23 22:00,156.024,156.053,155.969,156.020
2025-01-23 23:00,156.022,156.178,155.938,156.150
2025-01-24 00:00,156.133,156.275,156.002,156.240
2025-01-24 01:00,156.242,156.351,156.131,156.307
2025-01-24 02:00,156.305,156.373,155.875,155.981
2025-01-24 03:00,155.971,156.412,155.422,155.476
2025-01-24 04:00,155.476,155.512,155.000,155.227
2025-01-24 05:00,155.226,155.469,155.096,155.364
2025-01-24 06:00,155.353,155.751,154.834,155.352
2025-01-24 07:00,155.355,155.638,155.217,155.383
2025-01-24 08:00,155.384,155.452,154.934,155.376
2025-01-24 09:00,155.380,155.627,155.115,155.581
2025-01-24 10:00,155.583,155.964,155.546,155.905
2025-01-24 11:00,155.909,156.107,155.898,156.096
2025-01-24 12:00,156.093,156.473,156.060,156.459
2025-01-24 13:00,156.460,156.577,156.237,156.318
2025-01-24 14:00,156.319,156.488,156.094,156.306
2025-01-24 15:00,156.304,156.393,155.624,155.726
2025-01-24 16:00,155.726,155.813,155.573,155.584
2025-01-24 17:00,155.580,155.757,155.510,155.745
2025-01-24 18:00,155.746,156.022,155.722,155.931
2025-01-24 19:00,155.934,155.962,155.774,155.817
2025-01-24 20:00,155.815,155.984,155.812,155.903
2025-01-24 21:00,155.902,156.006,155.852,155.920
2025-01-24 22:00,155.920,155.920,155.920,155.920
2025-01-27 00:00,155.718,155.846,155.388,155.524
2025-01-27 01:00,155.529,155.603,155.284,155.479
2025-01-27 02:00,155.480,155.666,155.414,155.636
2025-01-27 03:00,155.637,155.877,155.613,155.790
2025-01-27 04:00,155.793,156.058,155.782,156.013
2025-01-27 05:00,156.010,156.095,155.931,156.060
2025-01-27 06:00,156.058,156.248,155.971,155.992
2025-01-27 07:00,155.989,155.998,155.678,155.876
2025-01-27 08:00,155.880,155.910,155.046,155.133
2025-01-27 09:00,155.130,155.188,154.462,154.596
2025-01-27 10:00,154.594,154.601,153.732,153.974
2025-01-27 11:00,153.972,154.089,153.708,153.963
2025-01-27 12:00,153.962,154.228,153.860,154.040
2025-01-27 13:00,154.041,154.460,153.894,154.203
2025-01-27 14:00,154.202,154.392,153.949,154.365
2025-01-27 15:00,154.360,154.684,154.226,154.342
2025-01-27 16:00,154.339,154.421,154.097,154.227
2025-01-27 17:00,154.224,154.431,154.170,154.293
2025-01-27 18:00,154.293,154.589,154.219,154.430
2025-01-27 19:00,154.431,154.722,154.424,154.542
2025-01-27 20:00,154.544,154.699,154.528,154.580
2025-01-27 21:00,154.580,154.661,154.448,154.502
2025-01-27 22:00,154.474,154.549,154.438,154.523
2025-01-27 23:00,154.523,154.985,154.500,154.910
2025-01-28 00:00,154.912,155.158,154.792,155.140
2025-01-28 01:00,155.146,155.636,155.114,155.489
2025-01-28 02:00,155.483,155.671,155.395,155.544
2025-01-28 03:00,155.545,155.745,155.482,155.735
2025-01-28 04:00,155.729,155.950,155.718,155.784
2025-01-28 05:00,155.784,155.832,155.642,155.700
2025-01-28 06:00,155.702,155.847,155.515,155.771
2025-01-28 07:00,155.773,155.978,155.668,155.865
2025-01-28 08:00,155.864,155.933,155.548,155.732
2025-01-28 09:00,155.727,155.819,155.250,155.441
2025-01-28 10:00,155.443,155.497,155.203,155.469
2025-01-28 11:00,155.470,155.496,155.242,155.433
2025-01-28 12:00,155.435,155.484,155.244,155.277
2025-01-28 13:00,155.272,155.566,155.211,155.485
2025-01-28 14:00,155.486,155.565,155.044,155.288
2025-01-28 15:00,155.280,155.744,155.206,155.714
2025-01-28 16:00,155.721,155.760,155.578,155.658
2025-01-28 17:00,155.659,155.699,155.548,155.608
2025-01-28 18:00,155.603,155.682,155.516,155.682
2025-01-28 19:00,155.678,155.727,155.504,155.534
2025-01-28 20:00,155.533,155.601,155.488,155.519
2025-01-28 21:00,155.518,155.562,155.486,155.501
2025-01-28 22:00,155.573,155.573,155.477,155.520
2025-01-28 23:00,155.518,155.613,155.498,155.554
2025-01-29 00:00,155.556,155.651,155.428,155.626
2025-01-29 01:00,155.633,155.792,155.584,155.712
2025-01-29 02:00,155.711,155.783,155.586,155.622
2025-01-29 03:00,155.619,155.626,155.311,155.423
2025-01-29 04:00,155.420,155.433,155.225,155.295
2025-01-29 05:00,155.290,155.300,154.997,155.015
2025-01-29 06:00,155.009,155.316,154.996,155.220
2025-01-29 07:00,155.221,155.408,155.136,155.286
2025-01-29 08:00,155.282,155.337,155.004,155.146
2025-01-29 09:00,155.149,155.363,155.085,155.340
2025-01-29 10:00,155.345,155.456,155.312,155.385
2025-01-29 11:00,155.384,155.520,155.319,155.419
2025-01-29 12:00,155.417,155.496,155.319,155.362
2025-01-29 13:00,155.359,155.468,155.250,155.421
2025-01-29 14:00,155.421,155.446,155.167,155.190
2025-01-29 15:00,155.193,155.324,154.934,155.005
2025-01-29 16:00,155.005,155.241,154.967,155.224
2025-01-29 17:00,155.222,155.233,155.043,155.047
2025-01-29 18:00,155.053,155.171,154.998,155.140
2025-01-29 19:00,155.130,155.611,155.081,155.242
2025-01-29 20:00,155.240,155.388,155.092,155.354
2025-01-29 21:00,155.352,155.377,155.182,155.191
2025-01-29 22:00,155.218,155.228,155.109,155.172
2025-01-29 23:00,155.172,155.236,155.030,155.183
2025-01-30 00:00,155.170,155.203,154.672,154.717
2025-01-30 01:00,154.716,154.723,154.457,154.639
2025-01-30 02:00,154.638,154.661,154.277,154.373
2025-01-30 03:00,154.378,154.548,154.310,154.529
2025-01-30 04:00,154.527,154.681,154.477,154.602
2025-01-30 05:00,154.601,154.636,154.412,154.482
2025-01-30 06:00,154.482,154.732,154.346,154.434
2025-01-30 07:00,154.430,154.636,154.364,154.493
2025-01-30 08:00,154.495,154.648,154.429,154.481
2025-01-30 09:00,154.478,154.592,154.310,154.450
2025-01-30 10:00,154.442,154.538,154.347,154.495
2025-01-30 11:00,154.495,154.603,154.416,154.594
2025-01-30 12:00,154.591,154.598,154.092,154.151
2025-01-30 13:00,154.151,154.267,153.831,153.902
2025-01-30 14:00,153.904,154.226,153.842,154.057
2025-01-30 15:00,154.053,154.151,153.785,154.134
2025-01-30 16:00,154.132,154.478,154.068,154.428
2025-01-30 17:00,154.419,154.450,154.256,154.292
2025-01-30 18:00,154.293,154.495,154.284,154.374
2025-01-30 19:00,154.381,154.382,154.081,154.107
2025-01-30 20:00,154.109,154.455,153.992,154.250
2025-01-30 21:00,154.252,154.458,154.179,154.285
2025-01-30 22:00,154.260,154.278,154.132,154.208
2025-01-30 23:00,154.213,154.499,154.068,154.090
2025-01-31 00:00,154.085,154.363,154.013,154.305
2025-01-31 01:00,154.306,154.319,153.910,154.088
2025-01-31 02:00,154.088,154.218,153.928,154.178
2025-01-31 03:00,154.178,154.424,154.146,154.359
2025-01-31 04:00,154.353,154.445,154.308,154.439
2025-01-31 05:00,154.437,154.878,154.430,154.719
2025-01-31 06:00,154.713,154.936,154.640,154.689
2025-01-31 07:00,154.689,154.765,154.576,154.651
2025-01-31 08:00,154.650,154.811,154.543,154.589
2025-01-31 09:00,154.603,154.718,154.480,154.718
2025-01-31 10:00,154.719,154.786,154.669,154.674
2025-01-31 11:00,154.670,154.854,154.600,154.840
2025-01-31 12:00,154.840,154.894,154.755,154.824
2025-01-31 13:00,154.822,155.020,154.732,154.796
2025-01-31 14:00,154.795,154.977,154.555,154.619
2025-01-31 15:00,154.621,154.876,154.524,154.820
2025-01-31 16:00,154.830,155.004,154.800,154.914
2025-01-31 17:00,154.920,154.973,154.655,154.764
2025-01-31 18:00,154.763,155.221,154.754,155.139
2025-01-31 19:00,155.140,155.203,154.988,155.139
2025-01-31 20:00,155.138,155.212,155.082,155.089
2025-01-31 21:00,155.088,155.219,155.011,155.182
2025-01-31 22:00,155.181,155.181,155.181,155.181
2025-02-03 00:00,155.352,155.803,155.340,155.698
2025-02-03 01:00,155.702,155.887,155.642,155.708
2025-02-03 02:00,155.700,155.873,155.465,155.536
2025-02-03 03:00,155.539,155.759,155.488,155.652
2025-02-03 04:00,155.653,155.747,155.558,155.718
2025-02-03 05:00,155.710,155.716,155.459,155.575
2025-02-03 06:00,155.575,155.613,155.277,155.378
2025-02-03 07:00,155.378,155.666,155.377,155.625
2025-02-03 08:00,155.618,155.717,155.341,155.451
2025-02-03 09:00,155.453,155.472,154.997,155.002
2025-02-03 10:00,154.999,155.133,154.829,154.937
2025-02-03 11:00,154.936,154.965,154.590,154.608
2025-02-03 12:00,154.606,154.623,154.283,154.570
2025-02-03 13:00,154.568,154.837,154.397,154.645
2025-02-03 14:00,154.647,154.746,154.374,154.528
2025-02-03 15:00,154.526,154.865,154.004,154.723
2025-02-03 16:00,154.724,154.870,154.538,154.692
2025-02-03 17:00,154.688,154.725,154.516,154.648
2025-02-03 18:00,154.651,155.013,154.568,154.952
2025-02-03 19:00,154.959,155.002,154.823,154.900
2025-02-03 20:00,154.896,154.902,154.649,154.704
2025-02-03 21:00,154.708,154.926,154.540,154.689
2025-02-03 22:00,154.721,154.882,154.677,154.788
2025-02-03 23:00,154.786,155.296,154.770,155.285
2025-02-04 00:00,155.263,155.403,155.179,155.307
2025-02-04 01:00,155.310,155.396,155.042,155.109
2025-02-04 02:00,155.107,155.255,155.037,155.149
2025-02-04 03:00,155.150,155.305,155.063,155.204
2025-02-04 04:00,155.213,155.290,155.179,155.280
2025-02-04 05:00,155.284,155.336,154.819,155.250
2025-02-04 06:00,155.250,155.392,155.154,155.219
2025-02-04 07:00,155.220,155.361,155.166,155.327
2025-02-04 08:00,155.322,155.521,155.124,155.243
2025-02-04 09:00,155.245,155.357,155.064,155.338
2025-02-04 10:00,155.340,155.363,155.238,155.269
2025-02-04 11:00,155.270,155.339,155.136,155.309
2025-02-04 12:00,155.315,155.397,155.234,155.277
2025-02-04 13:00,155.278,155.388,155.235,155.261
2025-02-04 14:00,155.259,155.263,154.951,155.008
2025-02-04 15:00,155.012,155.035,154.533,154.672
2025-02-04 16:00,154.673,154.675,154.462,154.561
2025-02-04 17:00,154.557,154.626,154.244,154.269
2025-02-04 18:00,154.269,154.335,154.164,154.299
2025-02-04 19:00,154.301,154.337,154.224,154.287
2025-02-04 20:00,154.285,154.320,154.231,154.264
2025-02-04 21:00,154.259,154.346,154.228,154.318
2025-02-04 22:00,154.307,154.393,154.272,154.342
2025-02-04 23:00,154.348,154.459,154.027,154.150
2025-02-05 00:00,154.140,154.359,153.821,153.850
2025-02-05 01:00,153.862,153.862,153.462,153.609
2025-02-05 02:00,153.604,153.642,153.168,153.382
2025-02-05 03:00,153.385,153.462,153.085,153.220
2025-02-05 04:00,153.215,153.390,153.104,153.356
2025-02-05 05:00,153.360,153.571,153.345,153.420
2025-02-05 06:00,153.421,153.452,153.159,153.188
2025-02-05 07:00,153.185,153.365,153.062,153.303
2025-02-05 08:00,153.301,153.392,152.912,153.053
2025-02-05 09:00,153.054,153.134,152.638,152.838
2025-02-05 10:00,152.839,152.842,152.548,152.638
2025-02-05 11:00,152.639,152.886,152.623,152.870
2025-02-05 12:00,152.870,152.949,152.736,152.861
2025-02-05 13:00,152.860,153.108,152.733,153.042
2025-02-05 14:00,153.044,153.206,152.767,152.788
2025-02-05 15:00,152.435,152.479,152.109,152.138
2025-02-05 16:00,152.139,152.389,152.110,152.337
2025-02-05 17:00,152.336,152.443,152.250,152.290
2025-02-05 18:00,152.287,152.409,152.242,152.319
2025-02-05 19:00,152.315,152.543,152.305,152.524
2025-02-05 20:00,152.520,152.769,152.518,152.694
2025-02-05 21:00,152.694,152.710,152.570,152.597
2025-02-05 22:00,152.606,152.606,152.495,152.557
2025-02-05 23:00,152.559,152.751,152.456,152.642
2025-02-06 00:00,152.650,152.684,152.327,152.354
2025-02-06 01:00,152.353,152.385,151.808,152.024
2025-02-06 02:00,152.023,152.301,151.930,152.254
2025-02-06 03:00,152.254,152.289,152.050,152.232
2025-02-06 04:00,152.235,152.359,152.126,152.343
2025-02-06 05:00,152.350,152.514,152.160,152.417
2025-02-06 06:00,152.416,152.590,152.393,152.562
2025-02-06 07:00,152.558,152.674,152.484,152.575
2025-02-06 08:00,152.577,152.700,152.448,152.642
2025-02-06 09:00,152.634,152.897,152.534,152.657
2025-02-06 10:00,152.660,152.684,152.501,152.530
2025-02-06 11:00,152.531,152.543,152.356,152.431
2025-02-06 12:00,152.428,152.469,152.260,152.372
2025-02-06 13:00,152.375,152.530,152.050,152.076
2025-02-06 14:00,152.079,152.216,151.857,152.108
2025-02-06 15:00,152.108,152.155,151.656,151.687
2025-02-06 16:00,151.689,152.046,151.663,152.045
2025-02-06 17:00,152.040,152.063,151.849,151.867
2025-02-06 18:00,151.867,151.880,151.308,151.338
2025-02-06 19:00,151.330,151.434,151.233,151.383
2025-02-06 20:00,151.387,151.538,151.352,151.531
2025-02-06 21:00,151.525,151.538,151.334,151.334
2025-02-06 22:00,151.414,151.483,151.353,151.433
2025-02-06 23:00,151.441,151.447,151.157,151.214
2025-02-07 00:00,151.166,151.265,150.952,151.214
2025-02-07 01:00,151.215,151.660,151.203,151.572
2025-02-07 02:00,151.570,151.740,151.540,151.603
2025-02-07 03:00,151.602,151.734,151.442,151.576
2025-02-07 04:00,151.580,151.714,151.535,151.679
2025-02-07 05:00,151.675,151.792,151.612,151.717
2025-02-07 06:00,151.714,151.836,151.585,151.830
2025-02-07 07:00,151.834,151.888,151.660,151.821
2025-02-07 08:00,151.823,151.893,151.661,151.743
2025-02-07 09:00,151.740,151.836,151.689,151.822
2025-02-07 10:00,151.822,152.162,151.797,152.136
2025-02-07 11:00,152.130,152.186,152.065,152.150
2025-02-07 12:00,152.154,152.245,151.978,152.008
2025-02-07 13:00,152.012,152.425,151.300,151.950
2025-02-07 14:00,151.954,152.000,151.480,151.530
2025-02-07 15:00,151.522,151.761,151.272,151.388
2025-02-07 16:00,151.388,151.565,150.924,151.303
2025-02-07 17:00,151.303,151.852,151.261,151.662
2025-02-07 18:00,151.667,151.739,151.346,151.385
2025-02-07 19:00,151.381,151.529,151.196,151.381
2025-02-07 20:00,151.376,151.429,151.248,151.301
2025-02-07 21:00,151.301,151.457,151.267,151.377
2025-02-07 22:00,151.385,151.385,151.385,151.385
2025-02-10 00:00,151.874,151.919,151.619,151.871
2025-02-10 01:00,151.871,152.138,151.866,152.010
2025-02-10 02:00,152.006,152.211,151.904,152.148
2025-02-10 03:00,152.145,152.151,151.879,151.923
2025-02-10 04:00,151.918,151.969,151.820,151.903
2025-02-10 05:00,151.900,152.046,151.900,151.951
2025-02-10 06:00,151.948,151.969,151.759,151.894
2025-02-10 07:00,151.892,152.192,151.857,152.167
2025-02-10 08:00,152.165,152.538,152.124,152.387
2025-02-10 09:00,152.383,152.410,152.164,152.191
2025-02-10 10:00,152.193,152.308,152.066,152.089
2025-02-10 11:00,152.087,152.195,152.009,152.120
2025-02-10 12:00,152.120,152.244,152.025,152.066
2025-02-10 13:00,152.063,152.084,151.800,151.860
2025-02-10 14:00,151.862,151.864,151.581,151.636
2025-02-10 15:00,151.635,151.694,151.559,151.609
2025-02-10 16:00,151.607,151.792,151.568,151.721
2025-02-10 17:00,151.725,151.920,151.704,151.866
2025-02-10 18:00,151.863,152.073,151.854,152.035
2025-02-10 19:00,152.036,152.061,151.944,151.975
2025-02-10 20:00,151.974,152.033,151.944,151.949
2025-02-10 21:00,151.948,152.011,151.916,151.988
2025-02-10 22:00,151.988,151.988,151.848,151.873
2025-02-10 23:00,151.874,151.959,151.745,151.787
2025-02-11 00:00,151.785,151.886,151.681,151.803
2025-02-11 01:00,151.802,152.060,151.790,152.019
2025-02-11 02:00,152.018,152.039,151.918,151.971
2025-02-11 03:00,151.965,152.050,151.911,151.985
2025-02-11 04:00,151.984,152.041,151.974,151.984
2025-02-11 05:00,151.988,152.004,151.935,151.950
2025-02-11 06:00,151.952,151.988,151.827,151.917
2025-02-11 07:00,151.918,152.046,151.868,151.950
2025-02-11 08:00,151.950,152.098,151.645,151.864
2025-02-11 09:00,151.864,152.000,151.822,151.946
2025-02-11 10:00,151.945,152.149,151.939,152.133
2025-02-11 11:00,152.128,152.377,152.116,152.334
2025-02-11 12:00,152.335,152.413,152.218,152.374
2025-02-11 13:00,152.374,152.509,152.298,152.303
2025-02-11 14:00,152.301,152.464,152.221,152.288
2025-02-11 15:00,152.288,152.597,152.230,152.490
2025-02-11 16:00,152.496,152.535,152.246,152.364
2025-02-11 17:00,152.363,152.406,152.288,152.367
2025-02-11 18:00,152.365,152.479,152.286,152.431
2025-02-11 19:00,152.431,152.556,152.290,152.491
2025-02-11 20:00,152.491,152.606,152.446,152.554
2025-02-11 21:00,152.557,152.562,152.420,152.470
2025-02-11 22:00,152.460,152.474,152.353,152.440
2025-02-11 23:00,152.437,152.767,152.415,152.738
2025-02-12 00:00,152.765,153.228,152.722,153.185
2025-02-12 01:00,153.185,153.486,153.069,153.470
2025-02-12 02:00,153.470,153.529,153.359,153.456
2025-02-12 03:00,153.458,153.681,153.449,153.631
2025-02-12 04:00,153.633,153.733,153.574,153.685
2025-02-12 05:00,153.686,153.706,153.524,153.539
2025-02-12 06:00,153.538,153.705,153.501,153.585
2025-02-12 07:00,153.587,153.686,153.410,153.679
2025-02-12 08:00,153.677,153.886,153.499,153.553
2025-02-12 09:00,153.551,153.594,153.409,153.519
2025-02-12 10:00,153.515,153.696,153.485,153.581
2025-02-12 11:00,153.578,153.636,153.459,153.552
2025-02-12 12:00,153.553,153.644,153.377,153.559
2025-02-12 13:00,153.557,154.456,153.262,154.414
2025-02-12 14:00,154.415,154.477,154.137,154.426
2025-02-12 15:00,154.425,154.618,154.310,154.439
2025-02-12 16:00,154.437,154.803,154.394,154.623
2025-02-12 17:00,154.626,154.631,154.314,154.350
2025-02-12 18:00,154.352,154.493,154.278,154.365
2025-02-12 19:00,154.363,154.481,154.304,154.423
2025-02-12 20:00,154.429,154.462,154.322,154.432
2025-02-12 21:00,154.432,154.486,154.368,154.401
2025-02-12 22:00,154.409,154.409,154.275,154.344
2025-02-12 23:00,154.348,154.469,154.180,154.264
2025-02-13 00:00,154.232,154.555,154.118,154.535
2025-02-13 01:00,154.535,154.669,154.220,154.258
2025-02-13 02:00,154.257,154.350,154.156,154.228
2025-02-13 03:00,154.227,154.293,154.172,154.244
2025-02-13 04:00,154.239,154.489,154.214,154.358
2025-02-13 05:00,154.359,154.409,154.131,154.166
2025-02-13 06:00,154.164,154.236,153.957,154.048
2025-02-13 07:00,154.047,154.314,153.952,154.272
2025-02-13 08:00,154.280,154.340,154.015,154.015
2025-02-13 09:00,154.019,154.091,153.892,153.976
2025-02-13 10:00,153.974,154.018,153.767,153.788
2025-02-13 11:00,153.789,153.880,153.730,153.847
2025-02-13 12:00,153.844,153.907,153.737,153.853
2025-02-13 13:00,153.849,154.015,153.421,153.524
2025-02-13 14:00,153.511,153.606,153.347,153.515
2025-02-13 15:00,153.515,153.722,153.071,153.135
2025-02-13 16:00,153.133,153.174,152.920,153.173
2025-02-13 17:00,153.176,153.197,153.043,153.165
2025-02-13 18:00,153.164,153.347,153.130,153.268
2025-02-13 19:00,153.268,153.277,152.766,152.929
2025-02-13 20:00,152.929,152.993,152.697,152.741
2025-02-13 21:00,152.739,152.848,152.725,152.784
2025-02-13 22:00,152.778,152.851,152.752,152.834
2025-02-13 23:00,152.834,153.151,152.784,152.976
2025-02-14 00:00,152.983,153.101,152.569,152.639
2025-02-14 01:00,152.638,152.643,152.442,152.564
2025-02-14 02:00,152.567,152.878,152.516,152.825
2025-02-14 03:00,152.826,153.006,152.801,152.835
2025-02-14 04:00,152.834,152.894,152.617,152.632
2025-02-14 05:00,152.632,152.735,152.553,152.617
2025-02-14 06:00,152.612,152.691,152.436,152.500
2025-02-14 07:00,152.498,152.743,152.380,152.726
2025-02-14 08:00,152.724,152.786,152.477,152.752
2025-02-14 09:00,152.745,152.840,152.498,152.513
2025-02-14 10:00,152.511,152.589,152.462,152.521
2025-02-14 11:00,152.520,152.742,152.484,152.701
2025-02-14 12:00,152.704,152.740,152.592,152.736
2025-02-14 13:00,152.737,152.824,152.095,152.179
2025-02-14 14:00,152.172,152.310,152.059,152.241
2025-02-14 15:00,152.241,152.378,152.098,152.135
2025-02-14 16:00,152.139,152.261,152.021,152.248
2025-02-14 17:00,152.249,152.348,152.217,152.296
2025-02-14 18:00,152.292,152.392,152.276,152.301
2025-02-14 19:00,152.302,152.344,152.172,152.206
2025-02-14 20:00,152.209,152.356,152.208,152.328
2025-02-14 21:00,152.327,152.352,152.226,152.271
2025-02-17 00:00,152.004,152.113,151.781,151.877
2025-02-17 01:00,151.878,151.909,151.734,151.894
2025-02-17 02:00,151.894,151.934,151.503,151.548
2025-02-17 03:00,151.552,151.664,151.530,151.618
2025-02-17 04:00,151.618,151.777,151.601,151.680
2025-02-17 05:00,151.687,151.704,151.470,151.525
2025-02-17 06:00,151.521,151.790,151.485,151.706
2025-02-17 07:00,151.706,151.892,151.590,151.866
2025-02-17 08:00,151.864,151.944,151.740,151.759
2025-02-17 09:00,151.762,151.847,151.718,151.801
2025-02-17 10:00,151.802,151.841,151.592,151.610
2025-02-17 11:00,151.613,151.717,151.491,151.503
2025-02-17 12:00,151.505,151.537,151.396,151.507
2025-02-17 13:00,151.506,151.528,151.432,151.474
2025-02-17 14:00,151.472,151.498,151.416,151.469
2025-02-17 15:00,151.473,151.479,151.332,151.362
2025-02-17 16:00,151.364,151.444,151.329,151.438
2025-02-17 17:00,151.437,151.451,151.363,151.385
2025-02-17 18:00,151.385,151.423,151.367,151.376
2025-02-17 19:00,151.375,151.405,151.359,151.403
2025-02-17 20:00,151.403,151.427,151.370,151.403
2025-02-17 21:00,151.400,151.533,151.395,151.483
2025-02-17 22:00,151.485,151.516,151.414,151.502
2025-02-17 23:00,151.513,151.622,151.226,151.422
2025-02-18 00:00,151.435,151.718,151.412,151.678
2025-02-18 01:00,151.683,151.797,151.590,151.730
2025-02-18 02:00,151.728,151.855,151.687,151.836
2025-02-18 03:00,151.839,152.094,151.793,152.077
2025-02-18 04:00,152.078,152.196,152.031,152.143
2025-02-18 05:00,152.137,152.221,151.986,152.005
2025-02-18 06:00,152.000,152.074,151.878,151.935
2025-02-18 07:00,151.940,152.068,151.787,152.055
2025-02-18 08:00,152.052,152.103,151.812,151.943
2025-02-18 09:00,151.942,151.969,151.789,151.843
2025-02-18 10:00,151.835,151.848,151.702,151.763
2025-02-18 11:00,151.765,151.812,151.673,151.784
2025-02-18 12:00,151.784,151.882,151.708,151.722
2025-02-18 13:00,151.725,151.762,151.624,151.699
2025-02-18 14:00,151.698,151.857,151.640,151.815
2025-02-18 15:00,151.812,151.812,151.526,151.653
2025-02-18 16:00,151.657,151.868,151.642,151.787
2025-02-18 17:00,151.790,151.963,151.774,151.934
2025-02-18 18:00,151.930,152.044,151.906,151.976
2025-02-18 19:00,151.977,151.989,151.865,151.922
2025-02-18 20:00,151.924,152.063,151.922,152.019
2025-02-18 21:00,152.011,152.128,151.998,152.049
2025-02-18 22:00,152.022,152.082,151.957,152.056
2025-02-18 23:00,152.058,152.095,151.922,151.934
2025-02-19 00:00,151.918,152.109,151.829,152.075
2025-02-19 01:00,152.068,152.162,151.742,152.141
2025-02-19 02:00,152.132,152.313,151.967,152.030
2025-02-19 03:00,152.031,152.089,151.856,151.891
2025-02-19 04:00,151.889,151.937,151.738,151.760
2025-02-19 05:00,151.760,151.873,151.704,151.754
2025-02-19 06:00,151.754,151.777,151.587,151.636
2025-02-19 07:00,151.632,151.784,151.584,151.662
2025-02-19 08:00,151.659,151.858,151.609,151.722
2025-02-19 09:00,151.719,151.754,151.547,151.650
2025-02-19 10:00,151.652,151.834,151.648,151.733
2025-02-19 11:00,151.731,151.955,151.727,151.843
2025-02-19 12:00,151.839,151.930,151.754,151.907
2025-02-19 13:00,151.908,151.912,151.688,151.692
2025-02-19 14:00,151.693,151.722,151.322,151.334
2025-02-19 15:00,151.335,151.503,151.242,151.417
2025-02-19 16:00,151.418,151.695,151.418,151.672
2025-02-19 17:00,151.668,151.759,151.624,151.711
2025-02-19 18:00,151.712,151.831,151.615,151.634
2025-02-19 19:00,151.633,151.671,151.390,151.520
2025-02-19 20:00,151.522,151.569,151.446,151.472
2025-02-19 21:00,151.477,151.528,151.450,151.452
2025-02-19 22:00,151.438,151.460,151.351,151.374
2025-02-19 23:00,151.379,151.428,151.116,151.220
2025-02-20 00:00,151.221,151.232,150.831,150.984
2025-02-20 01:00,150.982,150.992,150.568,150.634
2025-02-20 02:00,150.635,150.759,150.447,150.699
2025-02-20 03:00,150.700,150.745,150.382,150.431
2025-02-20 04:00,150.426,150.481,150.239,150.249
2025-02-20 05:00,150.251,150.406,150.180,150.400
2025-02-20 06:00,150.399,150.412,149.979,150.046
2025-02-20 07:00,150.044,150.222,149.945,150.171
2025-02-20 08:00,150.170,150.391,150.158,150.341
2025-02-20 09:00,150.342,150.433,150.195,150.310
2025-02-20 10:00,150.305,150.318,150.057,150.076
2025-02-20 11:00,150.073,150.254,149.980,150.222
2025-02-20 12:00,150.221,150.232,149.927,150.093
2025-02-20 13:00,150.091,150.140,149.702,150.083
2025-02-20 14:00,150.088,150.218,149.794,149.819
2025-02-20 15:00,149.815,149.858,149.465,149.511
2025-02-20 16:00,149.511,149.739,149.495,149.629
2025-02-20 17:00,149.624,149.702,149.393,149.470
2025-02-20 18:00,149.469,149.637,149.458,149.626
2025-02-20 19:00,149.625,149.815,149.619,149.774
2025-02-20 20:00,149.776,149.827,149.644,149.650
2025-02-20 21:00,149.654,149.675,149.590,149.608
2025-02-20 22:00,149.578,149.695,149.443,149.526
2025-02-20 23:00,149.527,149.636,149.261,149.436
2025-02-21 00:00,149.475,149.908,149.466,149.833
2025-02-21 01:00,149.833,150.448,149.784,150.340
2025-02-21 02:00,150.343,150.736,150.152,150.479
2025-02-21 03:00,150.474,150.535,150.220,150.309
2025-02-21 04:00,150.312,150.339,150.118,150.327
2025-02-21 05:00,150.329,150.490,150.311,150.364
2025-02-21 06:00,150.364,150.546,150.290,150.516
2025-02-21 07:00,150.516,150.654,150.354,150.546
2025-02-21 08:00,150.546,150.618,150.339,150.426
2025-02-21 09:00,150.427,150.497,150.255,150.471
2025-02-21 10:00,150.470,150.536,150.345,150.374
2025-02-21 11:00,150.374,150.429,150.185,150.273
2025-02-21 12:00,150.270,150.489,150.240,150.475
2025-02-21 13:00,150.472,150.514,150.322,150.432
2025-02-21 14:00,150.431,150.441,149.744,149.786
2025-02-21 15:00,149.787,149.839,149.504,149.551
2025-02-21 16:00,149.550,149.621,149.388,149.493
2025-02-21 17:00,149.492,149.532,149.194,149.216
2025-02-21 18:00,149.212,149.224,148.967,149.124
2025-02-21 19:00,149.124,149.140,148.922,149.067
2025-02-21 20:00,149.072,149.168,148.996,149.133
2025-02-21 21:00,149.134,149.346,149.118,149.262
2025-02-24 00:00,149.405,149.405,148.839,148.924
2025-02-24 01:00,148.927,149.259,148.914,149.236
2025-02-24 02:00,149.240,149.498,149.223,149.228
2025-02-24 03:00,149.231,149.348,149.112,149.158
2025-02-24 04:00,149.159,149.313,149.124,149.205
2025-02-24 05:00,149.210,149.465,149.182,149.400
2025-02-24 06:00,149.403,149.545,149.338,149.462
2025-02-24 07:00,149.465,149.537,149.319,149.455
2025-02-24 08:00,149.455,149.570,149.228,149.418
2025-02-24 09:00,149.418,149.598,149.375,149.564
2025-02-24 10:00,149.562,149.671,149.548,149.626
2025-02-24 11:00,149.625,149.792,149.600,149.732
2025-02-24 12:00,149.731,149.835,149.616,149.763
2025-02-24 13:00,149.768,149.875,149.604,149.763
2025-02-24 14:00,149.762,149.821,149.292,149.317
2025-02-24 15:00,149.320,149.429,149.185,149.298
2025-02-24 16:00,149.327,149.764,149.323,149.572
2025-02-24 17:00,149.571,149.712,149.510,149.574
2025-02-24 18:00,149.577,149.615,149.382,149.588
2025-02-24 19:00,149.588,149.802,149.584,149.675
2025-02-24 20:00,149.674,149.793,149.608,149.721
2025-02-24 21:00,149.722,149.793,149.684,149.684
2025-02-24 22:00,149.687,149.738,149.622,149.715
2025-02-24 23:00,149.714,149.910,149.692,149.871
2025-02-25 00:00,149.909,150.187,149.908,150.147
2025-02-25 01:00,150.139,150.301,150.046,150.053
2025-02-25 02:00,150.052,150.093,149.806,149.825
2025-02-25 03:00,149.822,149.903,149.608,149.663
2025-02-25 04:00,149.663,149.713,149.456,149.563
2025-02-25 05:00,149.559,149.771,149.503,149.710
2025-02-25 06:00,149.714,149.868,149.619,149.763
2025-02-25 07:00,149.760,149.784,149.186,149.280
2025-02-25 08:00,149.278,149.611,149.216,149.453
2025-02-25 09:00,149.453,149.761,149.434,149.595
2025-02-25 10:00,149.598,149.830,149.589,149.765
2025-02-25 11:00,149.763,149.955,149.656,149.809
2025-02-25 12:00,149.803,149.810,149.480,149.682
2025-02-25 13:00,149.684,149.819,149.328,149.432
2025-02-25 14:00,149.436,149.540,149.107,149.183
2025-02-25 15:00,149.181,149.182,148.562,149.071
2025-02-25 16:00,149.071,149.135,148.772,149.095
2025-02-25 17:00,149.093,149.255,149.008,149.073
2025-02-25 18:00,149.075,149.249,149.048,149.169
2025-02-25 19:00,149.164,149.174,148.998,149.075
2025-02-25 20:00,149.075,149.096,148.900,148.946
2025-02-25 21:00,148.946,149.039,148.930,149.023
2025-02-25 22:00,149.023,149.122,148.977,149.119
2025-02-25 23:00,149.121,149.179,148.847,149.068
2025-02-26 00:00,149.049,149.083,148.615,148.900
2025-02-26 01:00,148.903,149.234,148.713,149.220
2025-02-26 02:00,149.220,149.471,149.168,149.460
2025-02-26 03:00,149.458,149.518,149.308,149.393
2025-02-26 04:00,149.390,149.556,149.281,149.439
2025-02-26 05:00,149.438,149.632,149.403,149.430
2025-02-26 06:00,149.435,149.631,149.427,149.574
2025-02-26 07:00,149.570,149.605,149.327,149.526
2025-02-26 08:00,149.528,149.546,149.247,149.291
2025-02-26 09:00,149.290,149.441,149.251,149.362
2025-02-26 10:00,149.363,149.528,149.219,149.519
2025-02-26 11:00,149.514,149.592,149.471,149.542
2025-02-26 12:00,149.544,149.646,149.443,149.611
2025-02-26 13:00,149.613,149.688,149.304,149.533
2025-02-26 14:00,149.538,149.734,149.290,149.661
2025-02-26 15:00,149.660,149.887,149.398,149.488
2025-02-26 16:00,149.488,149.531,149.118,149.132
2025-02-26 17:00,149.134,149.248,149.009,149.149
2025-02-26 18:00,149.150,149.157,148.827,148.922
2025-02-26 19:00,148.922,148.968,148.810,148.835
2025-02-26 20:00,148.833,149.053,148.825,149.029
2025-02-26 21:00,149.025,149.235,148.984,149.076
2025-02-26 22:00,149.052,149.089,148.915,148.965
2025-02-26 23:00,148.968,149.015,148.741,148.829
2025-02-27 00:00,148.874,149.177,148.778,149.134
2025-02-27 01:00,149.136,149.403,149.068,149.355
2025-02-27 02:00,149.357,149.380,149.164,149.258
2025-02-27 03:00,149.259,149.356,149.185,149.219
2025-02-27 04:00,149.219,149.265,149.072,149.097
2025-02-27 05:00,149.098,149.372,149.095,149.339
2025-02-27 06:00,149.341,149.424,149.197,149.255
2025-02-27 07:00,149.256,149.332,149.182,149.262
2025-02-27 08:00,149.265,149.730,149.154,149.714
2025-02-27 09:00,149.712,149.967,149.626,149.838
2025-02-27 10:00,149.841,149.972,149.796,149.848
2025-02-27 11:00,149.853,149.900,149.677,149.797
2025-02-27 12:00,149.793,149.800,149.556,149.652
2025-02-27 13:00,149.650,149.881,149.348,149.722
2025-02-27 14:00,149.725,150.140,149.639,149.731
2025-02-27 15:00,149.731,150.102,149.536,149.943
2025-02-27 16:00,149.942,150.163,149.762,149.806
2025-02-27 17:00,149.807,150.016,149.776,149.967
2025-02-27 18:00,149.962,150.154,149.911,150.111
2025-02-27 19:00,150.113,150.123,149.782,149.861
2025-02-27 20:00,149.853,149.862,149.620,149.693
2025-02-27 21:00,149.694,149.825,149.663,149.801
2025-02-27 22:00,149.770,149.895,149.693,149.754
2025-02-27 23:00,149.751,150.066,149.530,150.047
2025-02-28 00:00,150.077,150.142,149.350,149.364
2025-02-28 01:00,149.371,149.530,149.268,149.296
2025-02-28 02:00,149.298,149.566,149.094,149.529
2025-02-28 03:00,149.524,149.630,149.456,149.600
2025-02-28 04:00,149.607,149.697,149.515,149.607
2025-02-28 05:00,149.605,149.885,149.576,149.829
2025-02-28 06:00,149.829,150.117,149.780,150.044
2025-02-28 07:00,150.039,150.570,149.932,150.430
2025-02-28 08:00,150.431,150.686,150.310,150.564
2025-02-28 09:00,150.566,150.635,150.184,150.248
2025-02-28 10:00,150.250,150.396,150.238,150.374
2025-02-28 11:00,150.371,150.488,150.286,150.389
2025-02-28 12:00,150.388,150.718,150.378,150.661
2025-02-28 13:00,150.658,150.990,150.595,150.651
2025-02-28 14:00,150.644,150.813,150.279,150.684
2025-02-28 15:00,150.686,150.864,150.504,150.677
2025-02-28 16:00,150.676,150.793,150.232,150.641
2025-02-28 17:00,150.642,150.682,150.332,150.365
2025-02-28 18:00,150.362,150.546,150.238,150.327
2025-02-28 19:00,150.326,150.600,150.303,150.540
2025-02-28 20:00,150.540,150.624,150.435,150.505
2025-02-28 21:00,150.507,150.622,150.482,150.545
2025-03-03 00:00,150.806,150.950,150.488,150.541
2025-03-03 01:00,150.541,150.721,150.309,150.408
2025-03-03 02:00,150.409,150.476,150.265,150.406
2025-03-03 03:00,150.401,150.489,150.241,150.450
2025-03-03 04:00,150.453,150.517,150.320,150.337
2025-03-03 05:00,150.330,150.534,150.329,150.408
2025-03-03 06:00,150.413,150.526,150.267,150.461
2025-03-03 07:00,150.460,150.525,150.148,150.168
2025-03-03 08:00,150.171,150.242,150.024,150.110
2025-03-03 09:00,150.110,150.371,149.942,150.344
2025-03-03 10:00,150.341,150.893,150.341,150.838
2025-03-03 11:00,150.834,151.238,150.788,151.207
2025-03-03 12:00,151.205,151.303,151.110,151.236
2025-03-03 13:00,151.238,151.302,150.938,150.966
2025-03-03 14:00,150.967,150.974,150.583,150.613
2025-03-03 15:00,150.612,150.675,150.076,150.231
2025-03-03 16:00,150.237,150.373,150.047,150.169
2025-03-03 17:00,150.170,150.340,150.126,150.178
2025-03-03 18:00,150.182,150.252,150.059,150.179
2025-03-03 19:00,150.178,150.305,150.136,150.248
2025-03-03 20:00,150.251,150.260,149.096,149.419
2025-03-03 21:00,149.417,149.629,149.410,149.485
2025-03-03 22:00,149.472,149.648,149.464,149.550
2025-03-03 23:00,149.564,149.623,149.140,149.309
2025-03-04 00:00,149.309,149.529,148.975,149.149
2025-03-04 01:00,149.150,149.258,148.592,148.933
2025-03-04 02:00,148.930,149.424,148.835,149.298
2025-03-04 03:00,149.288,149.345,149.028,149.162
2025-03-04 04:00,149.161,149.178,148.912,149.138
2025-03-04 05:00,149.136,149.463,149.090,149.377
2025-03-04 06:00,149.381,149.563,149.271,149.532
2025-03-04 07:00,149.529,149.577,149.058,149.345
2025-03-04 08:00,149.344,149.454,148.998,149.089
2025-03-04 09:00,149.086,149.150,148.795,149.049
2025-03-04 10:00,149.048,149.049,148.758,148.799
2025-03-04 11:00,148.798,148.835,148.288,148.364
2025-03-04 12:00,148.361,148.366,148.093,148.228
2025-03-04 13:00,148.224,148.562,148.183,148.208
2025-03-04 14:00,148.206,148.710,148.194,148.429
2025-03-04 15:00,148.433,148.612,148.192,148.350
2025-03-04 16:00,148.352,148.861,148.300,148.817
2025-03-04 17:00,148.812,148.916,148.686,148.740
2025-03-04 18:00,148.746,149.135,148.700,149.093
2025-03-04 19:00,149.097,149.372,149.047,149.316
2025-03-04 20:00,149.315,149.514,149.004,149.100
2025-03-04 21:00,149.099,149.877,149.040,149.801
2025-03-04 22:00,149.754,149.787,149.629,149.732
2025-03-04 23:00,149.734,149.970,149.639,149.730
2025-03-05 00:00,149.831,149.922,149.573,149.911
2025-03-05 01:00,149.912,150.184,149.780,149.977
2025-03-05 02:00,149.971,150.006,149.743,149.828
2025-03-05 03:00,149.828,150.096,149.708,149.972
2025-03-05 04:00,149.973,149.973,149.704,149.825
2025-03-05 05:00,149.825,149.894,149.692,149.714
2025-03-05 06:00,149.712,149.750,149.566,149.683
2025-03-05 07:00,149.687,149.817,149.410,149.442
2025-03-05 08:00,149.446,149.642,149.197,149.224
2025-03-05 09:00,149.220,149.450,149.094,149.373
2025-03-05 10:00,149.369,149.566,149.310,149.339
2025-03-05 11:00,149.342,149.544,149.288,149.393
2025-03-05 12:00,149.395,149.513,149.151,149.512
2025-03-05 13:00,149.508,149.739,148.931,149.017
2025-03-05 14:00,149.016,149.028,148.386,148.386
2025-03-05 15:00,148.382,149.107,148.382,148.913
2025-03-05 16:00,148.914,148.984,148.470,148.829
2025-03-05 17:00,148.831,148.926,148.631,148.858
2025-03-05 18:00,148.866,149.020,148.764,148.953
2025-03-05 19:00,148.953,149.143,148.778,148.787
2025-03-05 20:00,148.787,148.895,148.734,148.879
2025-03-05 21:00,148.881,148.999,148.805,148.863
2025-03-05 22:00,148.871,148.928,148.732,148.806
2025-03-05 23:00,148.806,148.941,148.716,148.894
2025-03-06 00:00,148.879,149.310,148.855,149.152
2025-03-06 01:00,149.153,149.331,148.960,148.995
2025-03-06 02:00,148.992,149.223,148.944,149.196
2025-03-06 03:00,149.194,149.285,149.105,149.232
2025-03-06 04:00,149.236,149.307,149.154,149.188
2025-03-06 05:00,149.188,149.221,148.924,148.934
2025-03-06 06:00,148.928,148.964,148.743,148.779
2025-03-06 07:00,148.782,148.783,148.262,148.372
2025-03-06 08:00,148.375,148.415,148.063,148.156
2025-03-06 09:00,148.155,148.158,147.782,147.879
2025-03-06 10:00,147.884,148.073,147.694,147.861
2025-03-06 11:00,147.865,147.986,147.758,147.830
2025-03-06 12:00,147.829,147.879,147.560,147.608
2025-03-06 13:00,147.612,147.681,147.348,147.431
2025-03-06 14:00,147.424,147.849,147.308,147.564
2025-03-06 15:00,147.564,148.315,147.488,148.238
2025-03-06 16:00,148.238,148.392,147.900,147.909
2025-03-06 17:00,147.909,148.027,147.647,147.912
2025-03-06 18:00,147.910,147.961,147.738,147.801
2025-03-06 19:00,147.799,147.855,147.563,147.688
2025-03-06 20:00,147.691,147.877,147.660,147.807
2025-03-06 21:00,147.811,148.059,147.801,147.976
2025-03-06 22:00,147.948,148.021,147.640,147.927
2025-03-06 23:00,147.946,148.139,147.876,148.094
2025-03-07 00:00,148.145,148.162,147.650,147.957
2025-03-07 01:00,147.956,148.123,147.809,147.898
2025-03-07 02:00,147.899,148.036,147.550,147.593
2025-03-07 03:00,147.594,147.656,147.440,147.605
2025-03-07 04:00,147.602,147.710,147.472,147.670
2025-03-07 05:00,147.674,147.755,147.448,147.456
2025-03-07 06:00,147.452,147.648,147.384,147.495
2025-03-07 07:00,147.490,147.751,147.483,147.651
2025-03-07 08:00,147.651,147.753,147.200,147.336
2025-03-07 09:00,147.338,147.584,147.285,147.437
2025-03-07 10:00,147.438,147.561,147.377,147.555
2025-03-07 11:00,147.553,147.747,147.494,147.695
2025-03-07 12:00,147.690,147.854,147.623,147.742
2025-03-07 13:00,147.746,147.973,147.112,147.225
2025-03-07 14:00,147.226,147.677,146.943,147.512
2025-03-07 15:00,147.513,147.731,147.190,147.517
2025-03-07 16:00,147.519,147.597,147.022,147.133
2025-03-07 17:00,147.138,147.708,146.956,147.491
2025-03-07 18:00,147.484,148.031,147.478,147.974
2025-03-07 19:00,147.974,148.200,147.858,148.035
2025-03-07 20:00,148.033,148.117,147.885,147.952
2025-03-07 21:00,147.953,148.051,147.830,148.018
2025-03-10 00:00,147.586,147.647,147.226,147.296
2025-03-10 01:00,147.289,147.446,147.088,147.417
2025-03-10 02:00,147.416,147.634,147.327,147.608
2025-03-10 03:00,147.612,147.756,147.542,147.637
2025-03-10 04:00,147.638,147.671,147.532,147.635
2025-03-10 05:00,147.634,147.793,147.517,147.522
2025-03-10 06:00,147.522,147.757,147.499,147.701
2025-03-10 07:00,147.698,147.789,147.495,147.564
2025-03-10 08:00,147.567,147.640,147.137,147.184
2025-03-10 09:00,147.183,147.360,147.146,147.233
2025-03-10 10:00,147.228,147.285,146.909,146.920
2025-03-10 11:00,146.916,147.139,146.860,147.124
2025-03-10 12:00,147.123,147.150,146.718,147.016
2025-03-10 13:00,147.014,147.175,146.766,147.066
2025-03-10 14:00,147.065,147.070,146.628,146.766
2025-03-10 15:00,146.763,147.306,146.748,147.151
2025-03-10 16:00,147.150,147.307,147.048,147.263
2025-03-10 17:00,147.262,147.317,147.036,147.187
2025-03-10 18:00,147.186,147.389,147.170,147.238
2025-03-10 19:00,147.239,147.467,147.081,147.293
2025-03-10 20:00,147.288,147.368,147.226,147.253
2025-03-10 21:00,147.252,147.301,147.107,147.151
2025-03-10 22:00,147.140,147.174,146.948,146.983
2025-03-10 23:00,146.987,147.095,146.770,147.068
2025-03-11 00:00,147.075,147.101,146.538,146.751
2025-03-11 01:00,146.750,146.929,146.590,146.806
2025-03-11 02:00,146.807,147.192,146.758,146.915
2025-03-11 03:00,146.916,147.157,146.910,147.112
2025-03-11 04:00,147.115,147.225,146.918,146.968
2025-03-11 05:00,146.969,147.289,146.916,147.221
2025-03-11 06:00,147.221,147.404,147.187,147.233
2025-03-11 07:00,147.234,147.288,146.757,146.942
2025-03-11 08:00,146.937,147.303,146.873,147.287
2025-03-11 09:00,147.284,147.518,147.214,147.371
2025-03-11 10:00,147.375,147.645,147.367,147.556
2025-03-11 11:00,147.558,147.726,147.472,147.607
2025-03-11 12:00,147.606,147.937,147.328,147.760
2025-03-11 13:00,147.762,148.114,147.629,147.763
2025-03-11 14:00,147.773,148.084,147.264,147.353
2025-03-11 15:00,147.357,147.741,147.287,147.496
2025-03-11 16:00,147.495,147.522,147.246,147.293
2025-03-11 17:00,147.291,147.294,147.018,147.188
2025-03-11 18:00,147.183,147.915,147.150,147.825
2025-03-11 19:00,147.826,147.859,147.605,147.752
2025-03-11 20:00,147.755,147.866,147.736,147.765
2025-03-11 21:00,147.762,147.817,147.641,147.708
2025-03-11 22:00,147.722,147.935,147.714,147.891
2025-03-11 23:00,147.894,148.066,147.806,148.040
2025-03-12 00:00,148.051,148.151,147.939,148.130
2025-03-12 01:00,148.128,148.152,147.841,148.031
2025-03-12 02:00,148.038,148.068,147.861,148.041
2025-03-12 03:00,148.042,148.105,147.918,148.072
2025-03-12 04:00,148.073,148.270,148.058,148.148
2025-03-12 05:00,148.150,148.288,148.023,148.053
2025-03-12 06:00,148.048,148.408,147.957,148.360
2025-03-12 07:00,148.365,148.602,148.271,148.592
2025-03-12 08:00,148.593,148.652,148.257,148.339
2025-03-12 09:00,148.339,148.676,148.302,148.605
2025-03-12 10:00,148.602,148.770,148.522,148.682
2025-03-12 11:00,148.682,148.750,148.596,148.737
2025-03-12 12:00,148.732,149.199,148.073,149.131
2025-03-12 13:00,149.127,149.150,148.614,148.704
2025-03-12 14:00,148.702,148.709,148.288,148.316
2025-03-12 15:00,148.316,148.446,148.203,148.317
2025-03-12 16:00,148.321,148.434,148.193,148.282
2025-03-12 17:00,148.279,148.362,148.118,148.126
2025-03-12 18:00,148.127,148.415,148.104,148.344
2025-03-12 19:00,148.342,148.380,148.264,148.349
2025-03-12 20:00,148.350,148.368,148.224,148.228
2025-03-12 21:00,148.225,148.231,148.167,148.197
2025-03-12 22:00,148.197,148.293,148.093,148.221
2025-03-12 23:00,148.223,148.305,148.083,148.280
2025-03-13 00:00,148.293,148.376,148.101,148.112
2025-03-13 01:00,148.107,148.326,148.074,148.116
2025-03-13 02:00,148.114,148.237,148.092,148.176
2025-03-13 03:00,148.172,148.250,148.014,148.041
2025-03-13 04:00,148.038,148.117,147.818,147.847
2025-03-13 05:00,147.848,147.931,147.693,147.712
2025-03-13 06:00,147.713,147.809,147.574,147.792
2025-03-13 07:00,147.791,147.942,147.702,147.790
2025-03-13 08:00,147.785,147.919,147.679,147.919
2025-03-13 09:00,147.918,148.201,147.815,148.150
2025-03-13 10:00,148.147,148.237,148.076,148.151
2025-03-13 11:00,148.153,148.186,147.896,147.995
2025-03-13 12:00,147.993,148.257,147.712,148.204
2025-03-13 13:00,148.209,148.356,148.026,148.107
2025-03-13 14:00,148.105,148.177,147.837,147.872
2025-03-13 15:00,147.874,147.982,147.640,147.702
2025-03-13 16:00,147.706,147.832,147.527,147.585
2025-03-13 17:00,147.587,147.707,147.410,147.630
2025-03-13 18:00,147.627,147.788,147.563,147.746
2025-03-13 19:00,147.746,147.780,147.628,147.697
2025-03-13 20:00,147.697,147.829,147.693,147.798
2025-03-13 21:00,147.801,147.801,147.695,147.730
2025-03-13 22:00,147.722,147.986,147.714,147.933
2025-03-13 23:00,147.930,147.972,147.858,147.923
2025-03-14 00:00,147.938,148.329,147.842,148.294
2025-03-14 01:00,148.298,148.430,148.152,148.174
2025-03-14 02:00,148.169,148.314,148.156,148.246
2025-03-14 03:00,148.246,148.391,148.245,148.335
2025-03-14 04:00,148.330,148.556,148.320,148.497
2025-03-14 05:00,148.493,148.650,148.425,148.468
2025-03-14 06:00,148.467,148.754,148.426,148.706
2025-03-14 07:00,148.705,149.024,148.552,148.751
2025-03-14 08:00,148.751,148.914,148.647,148.875
2025-03-14 09:00,148.877,149.005,148.845,148.968
2025-03-14 10:00,148.970,148.986,148.602,148.802
2025-03-14 11:00,148.801,148.819,148.637,148.727
2025-03-14 12:00,148.725,148.804,148.580,148.658
2025-03-14 13:00,148.654,148.792,148.518,148.680
2025-03-14 14:00,148.680,148.898,148.344,148.457
2025-03-14 15:00,148.463,148.569,148.366,148.518
2025-03-14 16:00,148.518,148.525,148.256,148.359
2025-03-14 17:00,148.358,148.505,148.315,148.440
2025-03-14 18:00,148.434,148.584,148.434,148.536
2025-03-14 19:00,148.537,148.660,148.493,148.642
2025-03-14 20:00,148.642,148.675,148.548,148.606
2025-03-14 21:00,148.610,148.610,148.610,148.610
2025-03-17 00:00,148.599,148.888,148.459,148.794
2025-03-17 01:00,148.792,148.899,148.556,148.618
2025-03-17 02:00,148.612,148.707,148.532,148.641
2025-03-17 03:00,148.646,148.813,148.566,148.724
2025-03-17 04:00,148.723,149.041,148.718,149.035
2025-03-17 05:00,149.037,149.067,148.887,148.991
2025-03-17 06:00,148.978,149.098,148.797,148.965
2025-03-17 07:00,148.961,148.995,148.818,148.834
2025-03-17 08:00,148.837,148.982,148.677,148.922
2025-03-17 09:00,148.937,148.937,148.598,148.665
2025-03-17 10:00,148.665,148.679,148.476,148.496
2025-03-17 11:00,148.498,148.553,148.411,148.455
2025-03-17 12:00,148.455,148.953,148.261,148.819
2025-03-17 13:00,148.815,149.097,148.721,148.830
2025-03-17 14:00,148.830,148.848,148.564,148.601
2025-03-17 15:00,148.598,148.659,148.439,148.555
2025-03-17 16:00,148.555,148.730,148.516,148.729
2025-03-17 17:00,148.728,149.028,148.695,148.989
2025-03-17 18:00,148.990,149.241,148.948,149.176
2025-03-17 19:00,149.176,149.284,149.134,149.158
2025-03-17 20:00,149.157,149.259,149.050,149.196
2025-03-17 21:00,149.176,149.226,149.087,149.134
2025-03-17 22:00,149.136,149.331,149.129,149.326
2025-03-17 23:00,149.328,149.400,149.306,149.378
2025-03-18 00:00,149.395,149.486,149.251,149.463
2025-03-18 01:00,149.460,149.535,149.358,149.424
2025-03-18 02:00,149.422,149.725,149.394,149.673
2025-03-18 03:00,149.673,149.725,149.640,149.680
2025-03-18 04:00,149.685,149.731,149.540,149.549
2025-03-18 05:00,149.555,149.739,149.510,149.738
2025-03-18 06:00,149.739,149.879,149.724,149.735
2025-03-18 07:00,149.736,149.860,149.706,149.829
2025-03-18 08:00,149.830,149.902,149.650,149.753
2025-03-18 09:00,149.752,149.848,149.698,149.784
2025-03-18 10:00,149.786,149.818,149.594,149.652
2025-03-18 11:00,149.649,149.771,149.560,149.746
2025-03-18 12:00,149.741,149.936,149.628,149.842
2025-03-18 13:00,149.842,149.894,149.587,149.597
2025-03-18 14:00,149.597,149.752,149.446,149.669
2025-03-18 15:00,149.670,149.700,149.413,149.491
2025-03-18 16:00,149.492,149.650,149.280,149.419
2025-03-18 17:00,149.416,149.423,149.211,149.249
2025-03-18 18:00,149.249,149.255,149.094,149.233
2025-03-18 19:00,149.233,149.291,149.141,149.272
2025-03-18 20:00,149.274,149.390,149.250,149.254
2025-03-18 21:00,149.232,149.330,149.199,149.230
2025-03-18 22:00,149.230,149.400,149.177,149.385
2025-03-18 23:00,149.387,149.468,149.280,149.463
2025-03-19 00:00,149.439,149.646,149.294,149.603
2025-03-19 01:00,149.603,149.644,149.431,149.458
2025-03-19 02:00,149.459,149.559,149.200,149.424
2025-03-19 03:00,149.420,149.518,149.298,149.324
2025-03-19 04:00,149.322,149.572,149.300,149.530
2025-03-19 05:00,149.532,149.777,149.530,149.770
2025-03-19 06:00,149.770,150.021,149.558,149.659
2025-03-19 07:00,149.660,149.683,149.136,149.274
2025-03-19 08:00,149.272,149.685,149.272,149.627
2025-03-19 09:00,149.625,149.793,149.564,149.758
2025-03-19 10:00,149.758,149.814,149.666,149.775
2025-03-19 11:00,149.773,149.883,149.750,149.826
2025-03-19 12:00,149.830,149.850,149.591,149.793
2025-03-19 13:00,149.794,150.108,149.738,150.075
2025-03-19 14:00,150.077,150.147,149.792,149.877
2025-03-19 15:00,149.877,150.050,149.808,150.027
2025-03-19 16:00,150.030,150.032,149.845,149.942
2025-03-19 17:00,149.939,149.998,149.870,149.907
2025-03-19 18:00,149.906,149.939,148.659,148.824
2025-03-19 19:00,148.827,149.146,148.766,148.844
2025-03-19 20:00,148.840,148.901,148.593,148.679
2025-03-19 21:00,148.650,148.817,148.650,148.798
2025-03-19 22:00,148.801,148.872,148.544,148.592
2025-03-19 23:00,148.594,148.713,148.472,148.486
2025-03-20 00:00,148.463,148.521,148.273,148.301
2025-03-20 01:00,148.296,148.419,148.196,148.303
2025-03-20 02:00,148.303,148.432,148.176,148.431
2025-03-20 03:00,148.428,148.449,148.327,148.363
2025-03-20 04:00,148.367,148.417,148.298,148.392
2025-03-20 05:00,148.395,148.463,148.340,148.368
2025-03-20 06:00,148.367,148.367,148.175,148.276
2025-03-20 07:00,148.275,148.645,148.251,148.585
2025-03-20 08:00,148.586,148.685,148.392,148.542
2025-03-20 09:00,148.541,148.782,148.534,148.744
2025-03-20 10:00,148.744,148.747,148.436,148.599
2025-03-20 11:00,148.593,148.639,148.394,148.456
2025-03-20 12:00,148.457,148.695,148.396,148.559
2025-03-20 13:00,148.559,148.826,148.447,148.777
2025-03-20 14:00,148.781,148.922,148.685,148.699
2025-03-20 15:00,148.703,148.961,148.681,148.849
2025-03-20 16:00,148.847,148.959,148.720,148.753
2025-03-20 17:00,148.753,148.924,148.744,148.767
2025-03-20 18:00,148.769,148.883,148.710,148.805
2025-03-20 19:00,148.804,148.859,148.742,148.785
2025-03-20 20:00,148.787,148.824,148.743,148.765
2025-03-20 21:00,148.747,148.800,148.660,148.759
2025-03-20 22:00,148.758,148.795,148.672,148.721
2025-03-20 23:00,148.717,148.771,148.577,148.617
2025-03-21 00:00,148.619,149.032,148.587,148.996
2025-03-21 01:00,148.995,149.194,148.940,149.086
2025-03-21 02:00,149.088,149.103,148.928,149.069
2025-03-21 03:00,149.072,149.248,148.975,149.208
2025-03-21 04:00,149.207,149.481,149.200,149.411
2025-03-21 05:00,149.416,149.635,149.408,149.555
2025-03-21 06:00,149.551,149.613,149.436,149.573
2025-03-21 07:00,149.568,149.662,149.240,149.310
2025-03-21 08:00,149.311,149.536,149.256,149.480
2025-03-21 09:00,149.481,149.485,149.276,149.383
2025-03-21 10:00,149.384,149.442,149.194,149.197
2025-03-21 11:00,149.198,149.220,148.851,148.887
2025-03-21 12:00,148.884,148.937,148.633,148.669
2025-03-21 13:00,148.669,148.905,148.600,148.869
2025-03-21 14:00,148.869,148.997,148.768,148.871
2025-03-21 15:00,148.869,148.991,148.702,148.983
2025-03-21 16:00,148.982,149.257,148.932,149.234
2025-03-21 17:00,149.236,149.313,149.154,149.229
2025-03-21 18:00,149.223,149.320,149.171,149.215
2025-03-21 19:00,149.216,149.344,149.155,149.336
2025-03-21 20:00,149.333,149.365,149.256,149.269
2025-03-21 21:00,149.275,149.275,149.275,149.275
2025-03-24 00:00,149.662,149.780,149.454,149.742
2025-03-24 01:00,149.737,149.953,149.679,149.821
2025-03-24 02:00,149.820,149.847,149.727,149.832
2025-03-24 03:00,149.833,149.912,149.731,149.809
2025-03-24 04:00,149.808,149.825,149.704,149.770
2025-03-24 05:00,149.769,149.867,149.652,149.690
2025-03-24 06:00,149.690,149.784,149.530,149.662
2025-03-24 07:00,149.663,149.850,149.610,149.645
2025-03-24 08:00,149.648,149.753,149.524,149.620
2025-03-24 09:00,149.624,149.715,149.512,149.560
2025-03-24 10:00,149.563,149.624,149.488,149.604
2025-03-24 11:00,149.602,149.800,149.599,149.750
2025-03-24 12:00,149.750,149.870,149.697,149.826
2025-03-24 13:00,149.824,150.258,149.747,150.238
2025-03-24 14:00,150.237,150.543,150.132,150.470
2025-03-24 15:00,150.471,150.757,150.442,150.739
2025-03-24 16:00,150.738,150.754,150.524,150.571
2025-03-24 17:00,150.572,150.640,150.478,150.606
2025-03-24 18:00,150.606,150.631,150.486,150.546
2025-03-24 19:00,150.540,150.656,150.500,150.646
2025-03-24 20:00,150.646,150.719,150.636,150.687
2025-03-24 21:00,150.688,150.695,150.593,150.663
2025-03-24 22:00,150.665,150.761,150.652,150.724
2025-03-24 23:00,150.725,150.864,150.653,150.791
2025-03-25 00:00,150.776,150.943,150.770,150.931
2025-03-25 01:00,150.934,150.938,150.597,150.666
2025-03-25 02:00,150.664,150.792,150.582,150.771
2025-03-25 03:00,150.772,150.799,150.598,150.618
2025-03-25 04:00,150.619,150.660,150.507,150.555
2025-03-25 05:00,150.555,150.570,150.419,150.426
2025-03-25 06:00,150.430,150.575,150.411,150.544
2025-03-25 07:00,150.546,150.742,150.535,150.723
2025-03-25 08:00,150.721,150.767,150.541,150.621
2025-03-25 09:00,150.623,150.670,150.399,150.486
2025-03-25 10:00,150.492,150.502,150.172,150.206
2025-03-25 11:00,150.202,150.260,150.056,150.175
2025-03-25 12:00,150.174,150.178,149.859,149.966
2025-03-25 13:00,149.966,149.977,149.716,149.779
2025-03-25 14:00,149.782,149.869,149.661,149.721
2025-03-25 15:00,149.718,149.807,149.544,149.763
2025-03-25 16:00,149.762,149.828,149.702,149.774
2025-03-25 17:00,149.772,149.856,149.723,149.748
2025-03-25 18:00,149.744,149.861,149.707,149.848
2025-03-25 19:00,149.844,149.941,149.842,149.858
2025-03-25 20:00,149.857,149.940,149.848,149.893
2025-03-25 21:00,149.874,149.909,149.833,149.870
2025-03-25 22:00,149.871,149.981,149.854,149.957
2025-03-25 23:00,149.953,150.010,149.914,149.942
2025-03-26 00:00,149.944,150.196,149.838,150.175
2025-03-26 01:00,150.174,150.280,150.049,150.073
2025-03-26 02:00,150.070,150.277,150.044,150.262
2025-03-26 03:00,150.261,150.467,150.235,150.433
2025-03-26 04:00,150.430,150.548,150.427,150.540
2025-03-26 05:00,150.539,150.625,150.447,150.469
2025-03-26 06:00,150.470,150.609,150.435,150.444
2025-03-26 07:00,150.443,150.590,150.363,150.397
2025-03-26 08:00,150.393,150.410,150.090,150.118
2025-03-26 09:00,150.121,150.194,150.043,150.113
2025-03-26 10:00,150.110,150.226,150.013,150.182
2025-03-26 11:00,150.186,150.271,150.130,150.206
2025-03-26 12:00,150.206,150.438,150.110,150.392
2025-03-26 13:00,150.391,150.551,150.303,150.402
2025-03-26 14:00,150.403,150.596,150.374,150.557
2025-03-26 15:00,150.558,150.745,150.545,150.678
2025-03-26 16:00,150.683,150.685,150.404,150.572
2025-03-26 17:00,150.572,150.719,150.307,150.420
2025-03-26 18:00,150.419,150.604,150.377,150.456
2025-03-26 19:00,150.455,150.599,150.443,150.577
2025-03-26 20:00,150.576,150.599,150.503,150.557
2025-03-26 21:00,150.542,150.570,150.469,150.503
2025-03-26 22:00,150.521,150.597,150.303,150.307
2025-03-26 23:00,150.303,150.482,150.280,150.453
2025-03-27 00:00,150.470,150.620,150.392,150.480
2025-03-27 01:00,150.479,150.482,150.081,150.120
2025-03-27 02:00,150.119,150.284,150.109,150.179
2025-03-27 03:00,150.180,150.258,150.098,150.148
2025-03-27 04:00,150.148,150.217,150.056,150.197
2025-03-27 05:00,150.196,150.294,150.134,150.241
2025-03-27 06:00,150.236,150.451,150.150,150.393
2025-03-27 07:00,150.388,150.546,150.278,150.530
2025-03-27 08:00,150.535,150.632,150.490,150.625
2025-03-27 09:00,150.628,150.931,150.596,150.928
2025-03-27 10:00,150.927,150.981,150.878,150.927
2025-03-27 11:00,150.922,151.025,150.816,151.023
2025-03-27 12:00,151.022,151.092,150.667,150.728
2025-03-27 13:00,150.725,150.897,150.575,150.874
2025-03-27 14:00,150.873,151.058,150.763,151.010
2025-03-27 15:00,151.014,151.034,150.655,150.971
2025-03-27 16:00,150.967,151.156,150.910,151.010
2025-03-27 17:00,151.006,151.144,150.960,151.078
2025-03-27 18:00,151.072,151.146,151.034,151.115
2025-03-27 19:00,151.114,151.148,151.014,151.040
2025-03-27 20:00,151.046,151.062,151.020,151.035
2025-03-27 21:00,151.025,151.052,150.973,151.020
2025-03-27 22:00,151.031,151.116,151.003,151.045
2025-03-27 23:00,151.048,151.062,150.760,150.864
2025-03-28 00:00,150.846,151.208,150.824,150.961
2025-03-28 01:00,150.961,150.975,150.696,150.748
2025-03-28 02:00,150.747,150.855,150.734,150.830
2025-03-28 03:00,150.827,150.868,150.707,150.808
2025-03-28 04:00,150.806,150.942,150.750,150.871
2025-03-28 05:00,150.869,150.936,150.735,150.764
2025-03-28 06:00,150.765,150.846,150.603,150.610
2025-03-28 07:00,150.613,150.650,150.381,150.393
2025-03-28 08:00,150.393,150.547,150.356,150.533
2025-03-28 09:00,150.529,150.657,150.498,150.577
2025-03-28 10:00,150.579,150.733,150.559,150.718
2025-03-28 11:00,150.713,150.866,150.680,150.800
2025-03-28 12:00,150.803,150.933,150.558,150.641
2025-03-28 13:00,150.639,150.786,150.387,150.437
2025-03-28 14:00,150.435,150.445,149.905,150.086
2025-03-28 15:00,150.092,150.330,149.995,150.259
2025-03-28 16:00,150.255,150.297,150.028,150.086
2025-03-28 17:00,150.087,150.114,149.856,149.982
2025-03-28 18:00,149.979,150.135,149.908,149.960
2025-03-28 19:00,149.962,150.004,149.741,149.749
2025-03-28 20:00,149.747,149.889,149.680,149.798
2025-03-28 21:00,149.830,149.830,149.830,149.830
2025-03-28 22:00,149.830,149.830,149.830,149.830
2025-03-30 23:00,149.500,149.627,149.291,149.620
2025-03-31 00:00,149.612,149.638,149.055,149.298
2025-03-31 01:00,149.297,149.377,149.019,149.156
2025-03-31 02:00,149.157,149.196,148.719,148.888
2025-03-31 03:00,148.889,148.950,148.730,148.919
2025-03-31 04:00,148.925,149.146,148.829,149.076
2025-03-31 05:00,149.079,149.246,148.948,149.039
2025-03-31 06:00,149.043,149.097,148.802,148.998
2025-03-31 07:00,148.995,149.168,148.697,149.144
2025-03-31 08:00,149.138,149.292,148.956,149.056
2025-03-31 09:00,149.052,149.246,148.964,149.197
2025-03-31 10:00,149.196,149.432,149.160,149.322
2025-03-31 11:00,149.319,149.411,149.152,149.373
2025-03-31 12:00,149.375,149.639,149.344,149.601
2025-03-31 13:00,149.599,149.801,149.402,149.660
2025-03-31 14:00,149.662,149.887,149.510,149.516
2025-03-31 15:00,149.513,149.958,149.454,149.907
2025-03-31 16:00,149.909,149.985,149.795,149.897
2025-03-31 17:00,149.893,150.101,149.868,150.025
2025-03-31 18:00,150.021,150.267,150.010,150.118
2025-03-31 19:00,150.118,150.154,149.868,149.962
2025-03-31 20:00,149.958,150.011,149.884,149.938
2025-03-31 21:00,149.949,149.978,149.849,149.919
2025-03-31 22:00,149.887,149.985,149.828,149.885
2025-03-31 23:00,149.891,150.140,149.876,149.941
2025-04-01 00:00,149.946,149.983,149.672,149.724
2025-04-01 01:00,149.732,149.912,149.631,149.820
2025-04-01 02:00,149.825,149.853,149.686,149.840
2025-04-01 03:00,149.844,149.917,149.654,149.658
2025-04-01 04:00,149.656,149.664,149.527,149.559
2025-04-01 05:00,149.556,149.922,149.542,149.830
2025-04-01 06:00,149.828,149.991,149.750,149.942
2025-04-01 07:00,149.941,149.948,149.580,149.618
2025-04-01 08:00,149.614,149.690,149.497,149.662
2025-04-01 09:00,149.666,149.722,149.529,149.622
2025-04-01 10:00,149.618,149.658,149.355,149.401
2025-04-01 11:00,149.400,149.434,149.117,149.198
2025-04-01 12:00,149.195,149.394,149.123,149.386
2025-04-01 13:00,149.386,149.544,149.381,149.473
2025-04-01 14:00,149.486,149.509,148.970,149.279
2025-04-01 15:00,149.286,149.512,149.197,149.405
2025-04-01 16:00,149.405,149.743,149.376,149.512
2025-04-01 17:00,149.513,149.561,149.380,149.459
2025-04-01 18:00,149.458,149.470,149.232,149.396
2025-04-01 19:00,149.398,149.646,149.386,149.616
2025-04-01 20:00,149.614,149.640,149.522,149.587
2025-04-01 21:00,149.578,149.654,149.506,149.630
2025-04-01 22:00,149.641,149.888,149.600,149.832
2025-04-01 23:00,149.821,149.870,149.739,149.751
2025-04-02 00:00,149.747,149.919,149.683,149.791
2025-04-02 01:00,149.790,149.954,149.774,149.863
2025-04-02 02:00,149.856,149.891,149.756,149.788
2025-04-02 03:00,149.790,149.796,149.703,149.746
2025-04-02 04:00,149.744,149.916,149.722,149.903
2025-04-02 05:00,149.896,149.951,149.826,149.888
2025-04-02 06:00,149.889,150.001,149.724,149.760
2025-04-02 07:00,149.760,149.824,149.630,149.671
2025-04-02 08:00,149.669,149.680,149.517,149.657
2025-04-02 09:00,149.654,149.718,149.422,149.447
2025-04-02 10:00,149.446,149.483,149.312,149.403
2025-04-02 11:00,149.407,149.433,149.190,149.217
2025-04-02 12:00,149.217,149.409,149.098,149.174
2025-04-02 13:00,149.174,149.568,149.147,149.503
2025-04-02 14:00,149.508,149.788,149.487,149.697
2025-04-02 15:00,149.692,150.091,149.632,149.987
2025-04-02 16:00,149.989,150.255,149.949,150.191
2025-04-02 17:00,150.190,150.207,150.059,150.134
2025-04-02 18:00,150.136,150.165,149.921,149.926
2025-04-02 19:00,149.927,150.086,149.916,150.028
2025-04-02 20:00,150.025,150.491,149.217,149.256
2025-04-02 21:00,149.253,149.287,148.658,148.686
2025-04-02 22:00,148.680,148.702,148.143,148.410
2025-04-02 23:00,148.406,148.409,147.681,147.881
2025-04-03 00:00,147.881,148.335,147.685,147.884
2025-04-03 01:00,147.885,148.107,147.538,147.750
2025-04-03 02:00,147.753,147.888,147.516,147.786
2025-04-03 03:00,147.783,147.793,147.113,147.270
2025-04-03 04:00,147.269,147.557,147.202,147.551
2025-04-03 05:00,147.551,147.638,146.965,147.010
2025-04-03 06:00,147.008,147.390,146.819,146.833
2025-04-03 07:00,146.834,147.471,146.803,147.260
2025-04-03 08:00,147.266,147.364,146.683,146.812
2025-04-03 09:00,146.813,146.857,146.302,146.557
2025-04-03 10:00,146.554,146.750,146.255,146.701
2025-04-03 11:00,146.707,146.774,146.019,146.041
2025-04-03 12:00,146.042,146.360,145.747,145.889
2025-04-03 13:00,145.888,146.084,145.524,145.618
2025-04-03 14:00,145.611,145.921,145.182,145.431
2025-04-03 15:00,145.430,146.254,145.358,146.044
2025-04-03 16:00,146.044,146.429,146.010,146.152
2025-04-03 17:00,146.153,146.275,146.004,146.087
2025-04-03 18:00,146.086,146.482,145.963,146.415
2025-04-03 19:00,146.425,146.519,146.210,146.247
2025-04-03 20:00,146.241,146.308,146.014,146.059
2025-04-03 21:00,146.055,146.090,145.870,145.934
2025-04-03 22:00,145.938,146.010,145.532,145.607
2025-04-03 23:00,145.630,146.267,145.617,146.253
2025-04-04 00:00,146.256,146.408,145.807,145.960
2025-04-04 01:00,145.960,146.404,145.884,146.071
2025-04-04 02:00,146.064,146.292,145.985,146.123
2025-04-04 03:00,146.121,146.179,145.618,145.667
2025-04-04 04:00,145.661,145.797,145.356,145.422
2025-04-04 05:00,145.426,145.900,145.294,145.858
2025-04-04 06:00,145.854,146.159,145.770,146.035
2025-04-04 07:00,146.035,146.302,145.792,146.276
2025-04-04 08:00,146.269,146.487,146.144,146.404
2025-04-04 09:00,146.417,146.551,146.271,146.327
2025-04-04 10:00,146.326,146.371,145.022,145.103
2025-04-04 11:00,145.112,145.466,144.544,145.394
2025-04-04 12:00,145.395,145.646,145.012,145.599
2025-04-04 13:00,145.596,145.794,145.172,145.712
2025-04-04 14:00,145.711,145.876,145.040,145.519
2025-04-04 15:00,145.518,146.224,145.492,145.923
2025-04-04 16:00,145.921,146.783,145.854,146.717
2025-04-04 17:00,146.711,147.364,146.527,147.246
2025-04-04 18:00,147.244,147.432,146.635,146.888
2025-04-04 19:00,146.895,147.290,146.672,146.825
2025-04-04 20:00,146.827,147.006,146.758,146.965
2025-04-06 23:00,145.159,145.439,144.813,145.433
2025-04-07 00:00,145.432,145.848,145.182,145.819
2025-04-07 01:00,145.813,146.340,145.780,146.187
2025-04-07 02:00,146.184,146.852,146.091,146.619
2025-04-07 03:00,146.623,146.628,146.192,146.283
2025-04-07 04:00,146.287,146.469,145.806,145.879
2025-04-07 05:00,145.877,146.251,145.686,145.743
2025-04-07 06:00,145.744,145.942,145.112,145.382
2025-04-07 07:00,145.380,145.806,145.069,145.788
2025-04-07 08:00,145.790,146.370,145.697,146.219
2025-04-07 09:00,146.219,146.341,145.811,146.021
2025-04-07 10:00,146.025,146.624,146.010,146.229
2025-04-07 11:00,146.234,146.500,146.130,146.377
2025-04-07 12:00,146.383,147.049,146.379,146.980
2025-04-07 13:00,146.985,147.092,146.510,147.054
2025-04-07 14:00,147.058,147.983,146.920,147.565
2025-04-07 15:00,147.564,147.973,147.102,147.964
2025-04-07 16:00,147.962,148.108,147.803,147.941
2025-04-07 17:00,147.938,148.149,147.675,147.939
2025-04-07 18:00,147.936,148.129,147.738,147.859
2025-04-07 19:00,147.864,148.014,147.521,147.938
2025-04-07 20:00,147.958,148.143,147.761,147.837
2025-04-07 21:00,147.804,147.935,147.681,147.705
2025-04-07 22:00,147.717,148.118,147.689,147.887
2025-04-07 23:00,147.883,148.121,147.729,147.792
2025-04-08 00:00,147.790,147.971,147.500,147.603
2025-04-08 01:00,147.605,147.707,147.398,147.541
2025-04-08 02:00,147.544,147.550,147.248,147.320
2025-04-08 03:00,147.320,147.628,147.259,147.595
2025-04-08 04:00,147.590,147.769,147.447,147.763
2025-04-08 05:00,147.755,147.800,147.574,147.604
2025-04-08 06:00,147.601,147.601,147.228,147.243
2025-04-08 07:00,147.241,147.411,146.964,147.393
2025-04-08 08:00,147.393,147.485,147.018,147.418
2025-04-08 09:00,147.427,147.518,147.108,147.188
2025-04-08 10:00,147.185,147.272,146.848,146.869
2025-04-08 11:00,146.869,147.183,146.766,146.903
2025-04-08 12:00,146.904,146.968,146.671,146.824
2025-04-08 13:00,146.825,147.406,146.659,147.356
2025-04-08 14:00,147.354,147.668,147.218,147.337
2025-04-08 15:00,147.338,147.391,146.796,147.021
2025-04-08 16:00,147.020,147.097,146.490,146.529
2025-04-08 17:00,146.529,146.670,146.245,146.650
2025-04-08 18:00,146.648,146.737,146.254,146.387
2025-04-08 19:00,146.385,146.447,145.958,146.279
2025-04-08 20:00,146.278,146.477,146.217,146.248
2025-04-08 21:00,146.249,146.328,146.061,146.283
2025-04-08 22:00,146.285,146.345,145.891,145.983
2025-04-08 23:00,145.981,146.002,145.596,145.854
2025-04-09 00:00,145.849,145.907,145.128,145.409
2025-04-09 01:00,145.405,145.716,145.294,145.575
2025-04-09 02:00,145.570,145.942,145.418,145.624
2025-04-09 03:00,145.630,145.773,145.256,145.329
2025-04-09 04:00,145.330,145.414,144.574,144.940
2025-04-09 05:00,144.941,145.459,144.843,145.102
2025-04-09 06:00,145.107,145.546,144.700,144.818
2025-04-09 07:00,144.812,145.638,144.778,145.521
2025-04-09 08:00,145.523,145.782,145.175,145.295
2025-04-09 09:00,145.295,145.488,145.158,145.368
2025-04-09 10:00,145.371,145.444,144.936,145.240
2025-04-09 11:00,145.234,145.247,144.644,144.651
2025-04-09 12:00,144.648,144.657,143.991,144.319
2025-04-09 13:00,144.320,145.084,144.204,144.964
2025-04-09 14:00,145.026,145.089,144.531,144.721
2025-04-09 15:00,144.722,145.098,144.722,145.096
2025-04-09 16:00,145.096,145.205,144.876,144.925
2025-04-09 17:00,144.922,147.259,144.567,147.061
2025-04-09 18:00,147.077,148.281,147.039,147.434
2025-04-09 19:00,147.441,148.148,147.284,147.948
2025-04-09 20:00,147.945,148.019,147.644,147.715
2025-04-09 21:00,147.785,147.859,147.330,147.368
2025-04-09 22:00,147.362,147.536,147.257,147.401
2025-04-09 23:00,147.408,147.710,147.360,147.402
2025-04-10 00:00,147.403,147.460,146.677,146.725
2025-04-10 01:00,146.722,147.035,146.641,146.944
2025-04-10 02:00,146.946,146.983,146.645,146.746
2025-04-10 03:00,146.746,146.857,146.603,146.828
2025-04-10 04:00,146.829,146.898,146.500,146.619
2025-04-10 05:00,146.616,146.744,146.448,146.606
2025-04-10 06:00,146.605,147.146,146.605,147.047
2025-04-10 07:00,147.045,147.061,146.234,146.266
2025-04-10 08:00,146.270,146.428,146.142,146.309
2025-04-10 09:00,146.308,146.335,145.993,146.015
2025-04-10 10:00,146.009,146.036,145.550,145.558
2025-04-10 11:00,145.557,145.646,145.332,145.526
2025-04-10 12:00,145.526,145.599,144.866,145.453
2025-04-10 13:00,145.451,145.540,144.777,144.816
2025-04-10 14:00,144.810,145.054,144.558,144.662
2025-04-10 15:00,144.664,144.749,144.004,144.348
2025-04-10 16:00,144.348,144.541,144.064,144.532
2025-04-10 17:00,144.528,144.874,144.436,144.754
2025-04-10 18:00,144.751,144.833,144.468,144.577
2025-04-10 19:00,144.578,145.134,144.572,144.662
2025-04-10 20:00,144.657,144.838,144.406,144.421
2025-04-10 21:00,144.416,144.664,144.399,144.476
2025-04-10 22:00,144.495,144.552,143.967,144.149
2025-04-10 23:00,144.077,144.237,143.711,143.757
2025-04-11 00:00,143.749,143.772,142.867,143.350
2025-04-11 01:00,143.355,143.786,143.229,143.534
2025-04-11 02:00,143.533,143.741,143.267,143.575
2025-04-11 03:00,143.575,143.608,143.122,143.189
2025-04-11 04:00,143.188,143.327,142.876,142.922
2025-04-11 05:00,142.921,143.784,142.918,143.603
2025-04-11 06:00,143.598,144.143,143.550,143.889
2025-04-11 07:00,143.890,143.944,142.797,142.829
2025-04-11 08:00,142.830,143.083,142.062,142.410
2025-04-11 09:00,142.410,142.712,142.060,142.520
2025-04-11 10:00,142.518,143.221,142.516,142.988
2025-04-11 11:00,142.990,143.043,142.500,142.599
2025-04-11 12:00,142.602,142.962,142.396,142.523
2025-04-11 13:00,142.516,143.572,142.212,143.097
2025-04-11 14:00,143.101,143.610,142.825,143.529
2025-04-11 15:00,143.527,143.721,143.300,143.572
2025-04-11 16:00,143.580,143.986,143.558,143.776
2025-04-11 17:00,143.781,144.199,143.681,144.136
2025-04-11 18:00,144.128,144.168,143.723,143.804
2025-04-11 19:00,143.805,143.849,143.509,143.594
2025-04-11 20:00,143.595,143.653,143.424,143.451
2025-04-13 23:00,143.650,143.898,143.564,143.688
2025-04-14 00:00,143.691,143.745,142.886,142.904
2025-04-14 01:00,142.903,142.971,142.247,142.671
2025-04-14 02:00,142.674,143.000,142.569,142.966
2025-04-14 03:00,142.959,143.191,142.710,143.017
2025-04-14 04:00,143.018,143.202,142.635,143.035
2025-04-14 05:00,143.035,143.276,142.662,142.764
2025-04-14 06:00,142.762,142.909,142.340,142.422
2025-04-14 07:00,142.425,143.089,142.226,143.076
2025-04-14 08:00,143.080,143.165,142.820,142.912
2025-04-14 09:00,142.912,143.096,142.756,143.071
2025-04-14 10:00,143.070,143.298,143.048,143.098
2025-04-14 11:00,143.097,143.357,143.004,143.236
2025-04-14 12:00,143.241,143.701,143.147,143.671
2025-04-14 13:00,143.670,144.080,143.512,143.630
2025-04-14 14:00,143.638,143.824,143.262,143.282
2025-04-14 15:00,143.282,143.341,142.887,142.971
2025-04-14 16:00,142.971,143.239,142.779,143.216
2025-04-14 17:00,143.219,143.353,142.875,143.069
2025-04-14 18:00,143.066,143.174,142.861,142.889
2025-04-14 19:00,142.891,143.075,142.856,143.024
2025-04-14 20:00,143.022,143.186,142.970,142.990
2025-04-14 21:00,143.006,143.050,142.940,142.963
2025-04-14 22:00,142.962,143.180,142.903,143.116
2025-04-14 23:00,143.106,143.333,143.001,143.213
2025-04-15 00:00,143.211,143.591,143.171,143.508
2025-04-15 01:00,143.508,143.594,143.268,143.385
2025-04-15 02:00,143.384,143.388,143.092,143.123
2025-04-15 03:00,143.127,143.183,143.045,143.124
2025-04-15 04:00,143.122,143.220,142.901,143.037
2025-04-15 05:00,143.038,143.217,142.988,143.071
2025-04-15 06:00,143.068,143.382,142.841,143.320
2025-04-15 07:00,143.320,143.509,143.267,143.301
2025-04-15 08:00,143.299,143.306,142.837,142.906
2025-04-15 09:00,142.905,142.936,142.680,142.928
2025-04-15 10:00,142.931,142.991,142.834,142.842
2025-04-15 11:00,142.841,143.184,142.818,142.900
2025-04-15 12:00,142.898,142.926,142.593,142.870
2025-04-15 13:00,142.874,143.138,142.768,143.045
2025-04-15 14:00,143.049,143.266,142.668,142.723
2025-04-15 15:00,142.722,143.193,142.684,143.100
2025-04-15 16:00,143.097,143.251,143.048,143.091
2025-04-15 17:00,143.089,143.248,143.038,143.117
2025-04-15 18:00,143.119,143.224,143.110,143.158
2025-04-15 19:00,143.158,143.226,143.134,143.188
2025-04-15 20:00,143.190,143.279,143.130,143.246
2025-04-15 21:00,143.186,143.245,143.069,143.169
2025-04-15 22:00,143.180,143.191,142.900,143.071
2025-04-15 23:00,143.053,143.282,143.042,143.159
2025-04-16 00:00,143.157,143.173,142.760,142.887
2025-04-16 01:00,142.890,142.994,142.700,142.814
2025-04-16 02:00,142.811,142.820,142.650,142.718
2025-04-16 03:00,142.716,142.734,142.490,142.523
2025-04-16 04:00,142.523,142.673,142.465,142.630
2025-04-16 05:00,142.626,142.675,142.098,142.140
2025-04-16 06:00,142.140,142.511,142.099,142.411
2025-04-16 07:00,142.412,142.459,142.040,142.095
2025-04-16 08:00,142.097,142.955,142.064,142.620
2025-04-16 09:00,142.619,142.880,142.487,142.830
2025-04-16 10:00,142.842,142.916,142.607,142.796
2025-04-16 11:00,142.795,142.814,142.620,142.657
2025-04-16 12:00,142.656,142.786,142.431,142.640
2025-04-16 13:00,142.646,142.690,142.399,142.436
2025-04-16 14:00,142.436,142.710,142.315,142.505
2025-04-16 15:00,142.508,142.860,142.489,142.577
2025-04-16 16:00,142.571,142.644,142.488,142.550
2025-04-16 17:00,142.549,142.696,142.307,142.351
2025-04-16 18:00,142.352,142.443,142.064,142.100
2025-04-16 19:00,142.099,142.129,141.638,142.109
2025-04-16 20:00,142.109,142.200,141.792,141.837
2025-04-16 21:00,141.816,141.913,141.669,141.717
2025-04-16 22:00,141.744,141.957,141.704,141.859
2025-04-16 23:00,141.838,141.970,141.609,141.928
2025-04-17 00:00,141.925,142.605,141.845,142.582
2025-04-17 01:00,142.583,142.863,142.508,142.718
2025-04-17 02:00,142.714,142.731,142.382,142.558
2025-04-17 03:00,142.558,142.642,142.428,142.610
2025-04-17 04:00,142.605,142.693,142.577,142.672
2025-04-17 05:00,142.670,142.866,142.485,142.733
2025-04-17 06:00,142.739,142.882,142.644,142.738
2025-04-17 07:00,142.737,142.913,142.603,142.892
2025-04-17 08:00,142.891,143.087,142.642,142.677
2025-04-17 09:00,142.677,142.844,142.643,142.768
2025-04-17 10:00,142.766,142.817,142.497,142.582
2025-04-17 11:00,142.581,142.620,142.452,142.596
2025-04-17 12:00,142.593,142.697,142.286,142.318
2025-04-17 13:00,142.316,142.359,142.136,142.142
2025-04-17 14:00,142.143,142.278,141.895,142.213
2025-04-17 15:00,142.212,142.370,142.141,142.333
2025-04-17 16:00,142.333,142.632,142.186,142.461
2025-04-17 17:00,142.461,142.565,142.390,142.559
2025-04-17 18:00,142.559,142.718,142.358,142.445
2025-04-17 19:00,142.444,142.460,142.347,142.395
2025-04-17 20:00,142.396,142.516,142.353,142.388
2025-04-17 21:00,142.377,142.467,142.242,142.430
2025-04-17 22:00,142.437,142.459,142.283,142.371
2025-04-17 23:00,142.365,142.470,142.301,142.333
2025-04-18 00:00,142.348,142.421,142.155,142.393
2025-04-18 01:00,142.394,142.443,142.317,142.357
2025-04-18 02:00,142.359,142.369,142.252,142.311
2025-04-18 03:00,142.312,142.355,142.271,142.323
2025-04-18 04:00,142.322,142.357,142.285,142.334
2025-04-18 05:00,142.332,142.415,142.282,142.353
2025-04-18 06:00,142.352,142.389,142.277,142.366
2025-04-18 07:00,142.369,142.392,142.286,142.389
2025-04-18 08:00,142.388,142.397,142.304,142.378
2025-04-18 09:00,142.379,142.396,142.313,142.382
2025-04-18 10:00,142.372,142.386,142.296,142.367
2025-04-18 11:00,142.364,142.376,142.274,142.327
2025-04-18 12:00,142.325,142.365,142.259,142.320
2025-04-18 13:00,142.325,142.357,142.283,142.347
2025-04-18 14:00,142.344,142.356,142.227,142.290
2025-04-18 15:00,142.289,142.306,142.195,142.246
2025-04-18 16:00,142.238,142.251,142.105,142.204
2025-04-18 17:00,142.202,142.294,142.141,142.187
2025-04-18 18:00,142.180,142.196,142.145,142.179
2025-04-18 19:00,142.179,142.196,142.107,142.171
2025-04-18 20:00,142.168,142.198,142.098,142.151
2025-04-20 23:00,141.734,141.766,141.493,141.590
2025-04-21 00:00,141.588,141.594,141.137,141.188
2025-04-21 01:00,141.189,141.203,140.963,140.980
2025-04-21 02:00,140.977,141.084,140.611,140.788
2025-04-21 03:00,140.788,140.835,140.652,140.758
2025-04-21 04:00,140.757,140.977,140.756,140.765
2025-04-21 05:00,140.765,140.784,140.613,140.646
2025-04-21 06:00,140.645,140.906,140.616,140.756
2025-04-21 07:00,140.758,140.821,140.542,140.555
2025-04-21 08:00,140.549,140.727,140.538,140.570
2025-04-21 09:00,140.572,140.691,140.467,140.653
2025-04-21 10:00,140.653,140.994,140.631,140.983
2025-04-21 11:00,140.986,141.076,140.745,140.790
2025-04-21 12:00,140.791,141.019,140.638,140.783
2025-04-21 13:00,140.782,141.041,140.699,140.739
2025-04-21 14:00,140.740,140.919,140.564,140.902
2025-04-21 15:00,140.901,141.014,140.790,140.814
2025-04-21 16:00,140.814,140.974,140.766,140.834
2025-04-21 17:00,140.832,140.924,140.634,140.643
2025-04-21 18:00,140.645,140.693,140.557,140.578
2025-04-21 19:00,140.578,140.889,140.547,140.859
2025-04-21 20:00,140.857,140.980,140.790,140.825
2025-04-21 21:00,140.824,140.906,140.721,140.808
2025-04-21 22:00,140.800,140.861,140.704,140.729
2025-04-21 23:00,140.735,140.914,140.647,140.869
2025-04-22 00:00,140.874,141.172,140.846,140.851
2025-04-22 01:00,140.855,140.992,140.751,140.864
2025-04-22 02:00,140.862,140.864,140.539,140.547
2025-04-22 03:00,140.548,140.550,140.085,140.202
2025-04-22 04:00,140.203,140.211,140.082,140.192
2025-04-22 05:00,140.194,140.346,139.888,139.921
2025-04-22 06:00,139.916,140.509,139.882,140.395
2025-04-22 07:00,140.394,140.512,140.204,140.279
2025-04-22 08:00,140.282,140.631,140.188,140.514
2025-04-22 09:00,140.515,140.575,140.323,140.455
2025-04-22 10:00,140.453,140.475,140.206,140.328
2025-04-22 11:00,140.328,140.387,140.166,140.246
2025-04-22 12:00,140.253,140.566,140.206,140.529
2025-04-22 13:00,140.530,140.797,140.508,140.762
2025-04-22 14:00,140.763,140.920,140.625,140.717
2025-04-22 15:00,140.714,140.923,140.655,140.871
2025-04-22 16:00,140.873,141.362,140.786,141.303
2025-04-22 17:00,141.301,141.391,141.036,141.109
2025-04-22 18:00,141.111,141.510,141.103,141.490
2025-04-22 19:00,141.491,141.635,141.436,141.610
2025-04-22 20:00,141.610,141.670,141.498,141.509
2025-04-22 21:00,141.564,142.558,141.440,142.551
2025-04-22 22:00,142.543,143.218,142.533,142.992
2025-04-22 23:00,143.010,143.102,142.553,142.700
2025-04-23 00:00,142.697,142.719,142.057,142.082
2025-04-23 01:00,142.083,142.254,141.662,141.760
2025-04-23 02:00,141.758,142.003,141.745,141.900
2025-04-23 03:00,141.899,142.196,141.799,142.191
2025-04-23 04:00,142.188,142.246,141.913,141.956
2025-04-23 05:00,141.956,142.147,141.729,142.074
2025-04-23 06:00,142.072,142.147,141.597,141.717
2025-04-23 07:00,141.710,141.944,141.524,141.864
2025-04-23 08:00,141.865,141.950,141.702,141.738
2025-04-23 09:00,141.737,141.942,141.574,141.881
2025-04-23 10:00,141.882,142.032,141.795,141.989
2025-04-23 11:00,141.995,142.188,141.643,141.650
2025-04-23 12:00,141.648,141.884,141.572,141.840
2025-04-23 13:00,141.840,142.694,141.750,142.690
2025-04-23 14:00,142.687,142.798,142.240,142.632
2025-04-23 15:00,142.633,142.725,142.177,142.638
2025-04-23 16:00,142.646,143.074,142.564,143.019
2025-04-23 17:00,143.019,143.291,142.928,143.237
2025-04-23 18:00,143.236,143.496,143.234,143.436
2025-04-23 19:00,143.430,143.487,143.238,143.393
2025-04-23 20:00,143.392,143.574,143.382,143.488
2025-04-23 21:00,143.439,143.446,143.015,143.124
2025-04-23 22:00,143.150,143.187,142.870,143.095
2025-04-23 23:00,143.114,143.279,143.047,143.195
2025-04-24 00:00,143.194,143.338,142.857,142.943
2025-04-24 01:00,142.946,143.079,142.704,142.760
2025-04-24 02:00,142.760,142.811,142.597,142.783
2025-04-24 03:00,142.781,142.897,142.738,142.866
2025-04-24 04:00,142.863,142.916,142.719,142.752
2025-04-24 05:00,142.750,142.959,142.728,142.786
2025-04-24 06:00,142.783,142.885,142.663,142.689
2025-04-24 07:00,142.690,142.747,142.546,142.579
2025-04-24 08:00,142.581,142.737,142.484,142.634
2025-04-24 09:00,142.644,142.698,142.420,142.451
2025-04-24 10:00,142.449,142.513,142.303,142.491
2025-04-24 11:00,142.489,142.634,142.349,142.595
2025-04-24 12:00,142.592,142.635,142.286,142.403
2025-04-24 13:00,142.398,142.586,142.316,142.499
2025-04-24 14:00,142.497,142.606,142.274,142.472
2025-04-24 15:00,142.472,142.776,142.445,142.655
2025-04-24 16:00,142.656,142.792,142.566,142.646
2025-04-24 17:00,142.646,142.830,142.616,142.784
2025-04-24 18:00,142.782,142.834,142.709,142.730
2025-04-24 19:00,142.731,142.734,142.484,142.694
2025-04-24 20:00,142.693,142.744,142.511,142.643
2025-04-24 21:00,142.600,142.709,142.532,142.676
2025-04-24 22:00,142.682,142.790,142.632,142.701
2025-04-24 23:00,142.714,142.928,142.688,142.852
2025-04-25 00:00,142.851,143.116,142.817,143.063
2025-04-25 01:00,143.064,143.109,142.907,142.963
2025-04-25 02:00,142.961,142.984,142.823,142.964
2025-04-25 03:00,142.962,143.666,142.891,143.645
2025-04-25 04:00,143.640,143.801,143.568,143.615
2025-04-25 05:00,143.612,143.799,143.506,143.621
2025-04-25 06:00,143.618,143.850,143.438,143.551
2025-04-25 07:00,143.540,143.685,143.220,143.398
2025-04-25 08:00,143.395,143.521,143.247,143.416
2025-04-25 09:00,143.416,143.635,143.231,143.611
2025-04-25 10:00,143.612,143.733,143.251,143.301
2025-04-25 11:00,143.300,143.389,143.222,143.373
2025-04-25 12:00,143.375,143.424,143.300,143.415
2025-04-25 13:00,143.413,143.871,143.407,143.752
2025-04-25 14:00,143.753,143.989,143.617,143.985
2025-04-25 15:00,143.981,144.030,143.722,143.749
2025-04-25 16:00,143.750,143.817,143.673,143.812
2025-04-25 17:00,143.811,143.847,143.437,143.522
2025-04-25 18:00,143.523,143.632,143.454,143.556
2025-04-25 19:00,143.558,143.652,143.487,143.651
2025-04-25 20:00,143.646,143.849,143.616,143.647
2025-04-27 23:00,143.767,143.877,143.709,143.846
2025-04-28 00:00,143.849,143.851,143.476,143.484
2025-04-28 01:00,143.488,143.718,143.342,143.711
2025-04-28 02:00,143.712,143.859,143.645,143.692
2025-04-28 03:00,143.692,143.702,143.508,143.582
2025-04-28 04:00,143.581,143.641,143.313,143.321
2025-04-28 05:00,143.321,143.537,143.284,143.490
2025-04-28 06:00,143.491,143.856,143.489,143.828
2025-04-28 07:00,143.833,143.894,143.618,143.632
2025-04-28 08:00,143.631,143.706,143.533,143.549
2025-04-28 09:00,143.551,143.578,143.327,143.448
2025-04-28 10:00,143.448,143.503,143.380,143.460
2025-04-28 11:00,143.462,143.547,143.341,143.373
2025-04-28 12:00,143.371,143.377,143.141,143.342
2025-04-28 13:00,143.342,143.437,143.062,143.084
2025-04-28 14:00,143.081,143.127,142.596,142.848
2025-04-28 15:00,142.849,142.886,142.639,142.704
2025-04-28 16:00,142.703,142.711,142.268,142.336
2025-04-28 17:00,142.334,142.370,142.116,142.357
2025-04-28 18:00,142.359,142.385,142.104,142.122
2025-04-28 19:00,142.124,142.157,142.029,142.061
2025-04-28 20:00,142.064,142.098,141.954,141.956
2025-04-28 21:00,141.968,142.086,141.957,142.065
2025-04-28 22:00,142.069,142.224,141.996,142.215
2025-04-28 23:00,142.215,142.315,142.078,142.179
2025-04-29 00:00,142.183,142.280,142.063,142.243
2025-04-29 01:00,142.240,142.436,142.136,142.409
2025-04-29 02:00,142.412,142.425,142.112,142.381
2025-04-29 03:00,142.382,142.490,142.310,142.428
2025-04-29 04:00,142.428,142.577,142.403,142.525
2025-04-29 05:00,142.524,142.550,142.382,142.445
2025-04-29 06:00,142.446,142.556,142.299,142.472
2025-04-29 07:00,142.472,142.530,142.343,142.387
2025-04-29 08:00,142.386,142.610,142.323,142.588
2025-04-29 09:00,142.588,142.756,142.528,142.739
2025-04-29 10:00,142.737,142.755,142.638,142.646
2025-04-29 11:00,142.658,142.757,142.584,142.736
2025-04-29 12:00,142.740,142.756,142.250,142.304
2025-04-29 13:00,142.307,142.364,142.042,142.200
2025-04-29 14:00,142.200,142.394,142.005,142.369
2025-04-29 15:00,142.368,142.375,142.126,142.295
2025-04-29 16:00,142.294,142.304,141.968,142.043
2025-04-29 17:00,142.043,142.302,142.007,142.288
2025-04-29 18:00,142.287,142.379,142.246,142.282
2025-04-29 19:00,142.283,142.381,142.200,142.313
2025-04-29 20:00,142.314,142.447,142.254,142.263
2025-04-29 21:00,142.265,142.305,142.148,142.264
2025-04-29 22:00,142.268,142.366,142.187,142.268
2025-04-29 23:00,142.263,142.323,142.154,142.255
2025-04-30 00:00,142.258,142.510,142.169,142.429
2025-04-30 01:00,142.427,142.459,142.223,142.445
2025-04-30 02:00,142.443,142.548,142.357,142.458
2025-04-30 03:00,142.461,142.530,142.322,142.513
2025-04-30 04:00,142.512,142.555,142.413,142.515
2025-04-30 05:00,142.515,142.547,142.448,142.491
2025-04-30 06:00,142.502,142.719,142.489,142.584
2025-04-30 07:00,142.584,142.888,142.574,142.798
2025-04-30 08:00,142.803,142.946,142.718,142.906
2025-04-30 09:00,142.902,143.154,142.869,143.110
2025-04-30 10:00,143.107,143.110,142.996,143.064
2025-04-30 11:00,143.067,143.136,142.896,143.015
2025-04-30 12:00,143.012,143.049,142.684,142.817
2025-04-30 13:00,142.816,142.909,142.639,142.665
2025-04-30 14:00,142.663,143.042,142.581,142.635
2025-04-30 15:00,142.632,142.940,142.491,142.629
2025-04-30 16:00,142.626,142.761,142.589,142.676
2025-04-30 17:00,142.673,142.846,142.598,142.835
2025-04-30 18:00,142.836,143.007,142.755,142.774
2025-04-30 19:00,142.774,142.980,142.712,142.914
2025-04-30 20:00,142.911,143.190,142.900,143.063
2025-04-30 21:00,143.035,143.044,142.905,142.950
2025-04-30 22:00,142.951,143.073,142.935,142.977
2025-04-30 23:00,143.010,143.078,142.951,143.023
2025-05-01 00:00,143.023,143.038,142.875,143.004
2025-05-01 01:00,143.000,143.243,142.988,143.196
2025-05-01 02:00,143.198,143.211,143.053,143.080
2025-05-01 03:00,143.083,143.752,142.916,143.688
2025-05-01 04:00,143.685,143.898,143.685,143.874
2025-05-01 05:00,143.878,144.254,143.866,144.048
2025-05-01 06:00,144.045,144.594,144.002,144.586
2025-05-01 07:00,144.580,144.743,144.304,144.367
2025-05-01 08:00,144.362,144.391,144.150,144.217
2025-05-01 09:00,144.217,144.432,144.120,144.392
2025-05-01 10:00,144.388,144.424,144.243,144.275
2025-05-01 11:00,144.275,144.555,144.154,144.481
2025-05-01 12:00,144.483,144.766,144.146,144.701
2025-05-01 13:00,144.708,144.801,144.535,144.535
2025-05-01 14:00,144.540,145.505,144.535,145.349
2025-05-01 15:00,145.347,145.660,145.228,145.476
2025-05-01 16:00,145.472,145.539,145.349,145.390
2025-05-01 17:00,145.398,145.582,145.355,145.529
2025-05-01 18:00,145.536,145.741,145.517,145.681
2025-05-01 19:00,145.677,145.707,145.500,145.532
2025-05-01 20:00,145.537,145.560,145.323,145.344
2025-05-01 21:00,145.420,145.492,145.264,145.281
2025-05-01 22:00,145.283,145.398,145.248,145.360
2025-05-01 23:00,145.332,145.611,145.328,145.408
2025-05-02 00:00,145.406,145.924,145.317,145.867
2025-05-02 01:00,145.870,145.875,145.427,145.435
2025-05-02 02:00,145.436,145.508,145.292,145.463
2025-05-02 03:00,145.458,145.474,145.141,145.223
2025-05-02 04:00,145.220,145.422,145.213,145.390
2025-05-02 05:00,145.388,145.414,145.174,145.251
2025-05-02 06:00,145.250,145.301,145.040,145.201
2025-05-02 07:00,145.202,145.271,145.031,145.131
2025-05-02 08:00,145.126,145.207,144.814,144.831
2025-05-02 09:00,144.825,144.902,144.436,144.570
2025-05-02 10:00,144.568,144.814,144.540,144.666
2025-05-02 11:00,144.665,144.714,144.360,144.556
2025-05-02 12:00,144.557,144.962,144.331,144.640
2025-05-02 13:00,144.641,144.644,143.727,143.849
2025-05-02 14:00,143.865,144.158,143.725,144.008
2025-05-02 15:00,144.009,144.635,144.005,144.522
2025-05-02 16:00,144.525,144.794,144.484,144.672
2025-05-02 17:00,144.672,144.779,144.575,144.721
2025-05-02 18:00,144.723,145.084,144.673,145.024
2025-05-02 19:00,145.028,145.076,144.880,144.981
2025-05-02 20:00,144.982,145.062,144.834,144.900
2025-05-02 21:00,144.918,144.918,144.918,144.918
2025-05-04 23:00,144.752,144.861,144.506,144.651
2025-05-05 00:00,144.649,144.798,144.608,144.640
2025-05-05 01:00,144.638,144.641,144.101,144.232
2025-05-05 02:00,144.231,144.315,144.060,144.166
2025-05-05 03:00,144.169,144.349,144.150,144.292
2025-05-05 04:00,144.290,144.294,144.090,144.144
2025-05-05 05:00,144.150,144.234,143.960,144.175
2025-05-05 06:00,144.177,144.419,144.165,144.323
2025-05-05 07:00,144.321,144.423,144.192,144.360
2025-05-05 08:00,144.358,144.369,143.891,144.053
2025-05-05 09:00,144.049,144.071,143.813,143.863
2025-05-05 10:00,143.861,144.000,143.794,143.954
2025-05-05 11:00,143.953,143.973,143.742,143.847
2025-05-05 12:00,143.849,143.895,143.568,143.636
2025-05-05 13:00,143.632,143.734,143.535,143.646
2025-05-05 14:00,143.641,144.028,143.630,143.775
2025-05-05 15:00,143.771,144.005,143.586,143.978
2025-05-05 16:00,143.976,144.234,143.947,144.167
2025-05-05 17:00,144.166,144.174,144.031,144.096
2025-05-05 18:00,144.095,144.137,143.883,143.917
2025-05-05 19:00,143.918,143.926,143.690,143.764
2025-05-05 20:00,143.762,143.792,143.650,143.689
2025-05-05 21:00,143.683,143.758,143.625,143.700
2025-05-05 22:00,143.695,143.754,143.617,143.742
2025-05-05 23:00,143.746,143.805,143.542,143.702
2025-05-06 00:00,143.702,144.021,143.682,143.999
2025-05-06 01:00,143.997,144.275,143.942,144.047
2025-05-06 02:00,144.045,144.060,143.648,143.818
2025-05-06 03:00,143.815,143.861,143.727,143.785
2025-05-06 04:00,143.787,143.803,143.618,143.709
2025-05-06 05:00,143.711,143.832,143.691,143.796
2025-05-06 06:00,143.791,143.928,143.640,143.690
2025-05-06 07:00,143.690,143.727,143.196,143.327
2025-05-06 08:00,143.329,143.355,142.900,143.129
2025-05-06 09:00,143.129,143.352,143.063,143.302
2025-05-06 10:00,143.301,143.324,143.045,143.059
2025-05-06 11:00,143.060,143.125,142.742,142.775
2025-05-06 12:00,142.775,142.962,142.486,142.511
2025-05-06 13:00,142.511,142.752,142.349,142.463
2025-05-06 14:00,142.460,142.891,142.406,142.854
2025-05-06 15:00,142.852,142.942,142.747,142.771
2025-05-06 16:00,142.771,143.034,142.657,142.725
2025-05-06 17:00,142.724,142.737,142.502,142.511
2025-05-06 18:00,142.510,142.648,142.429,142.440
2025-05-06 19:00,142.444,142.476,142.347,142.393
2025-05-06 20:00,142.396,142.504,142.373,142.414
2025-05-06 21:00,142.434,142.542,142.387,142.416
2025-05-06 22:00,142.420,143.282,142.389,143.220
2025-05-06 23:00,143.239,143.310,142.999,143.088
2025-05-07 00:00,143.089,143.303,142.834,142.950
2025-05-07 01:00,142.945,143.173,142.740,142.954
2025-05-07 02:00,142.952,143.196,142.952,143.126
2025-05-07 03:00,143.121,143.214,143.052,143.107
2025-05-07 04:00,143.105,143.325,143.040,143.280
2025-05-07 05:00,143.278,143.304,142.996,143.055
2025-05-07 06:00,143.056,143.095,142.824,142.862
2025-05-07 07:00,142.859,143.278,142.859,143.169
2025-05-07 08:00,143.175,143.441,143.169,143.312
2025-05-07 09:00,143.317,143.454,143.255,143.318
2025-05-07 10:00,143.318,143.323,143.154,143.251
2025-05-07 11:00,143.249,143.415,143.187,143.391
2025-05-07 12:00,143.392,143.449,143.270,143.353
2025-05-07 13:00,143.352,143.360,143.112,143.209
2025-05-07 14:00,143.208,143.394,143.136,143.304
2025-05-07 15:00,143.305,143.474,143.205,143.472
2025-05-07 16:00,143.473,143.587,143.395,143.411
2025-05-07 17:00,143.412,143.543,143.258,143.355
2025-05-07 18:00,143.342,143.783,142.902,143.520
2025-05-07 19:00,143.518,143.976,143.465,143.813
2025-05-07 20:00,143.809,143.999,143.764,143.811
2025-05-07 21:00,143.788,143.819,143.651,143.763
2025-05-07 22:00,143.762,143.915,143.732,143.895
2025-05-07 23:00,143.882,143.888,143.727,143.859
2025-05-08 00:00,143.864,143.955,143.562,143.852
2025-05-08 01:00,143.852,143.897,143.440,143.504
2025-05-08 02:00,143.507,143.678,143.462,143.667
2025-05-08 03:00,143.671,143.676,143.525,143.599
2025-05-08 04:00,143.602,143.785,143.544,143.774
2025-05-08 05:00,143.779,144.071,143.763,143.925
2025-05-08 06:00,143.923,144.433,143.839,144.404
2025-05-08 07:00,144.409,144.518,144.308,144.322
2025-05-08 08:00,144.322,144.848,144.257,144.808
2025-05-08 09:00,144.807,144.950,144.735,144.795
2025-05-08 10:00,144.798,145.005,144.655,144.779
2025-05-08 11:00,144.778,144.812,144.594,144.640
2025-05-08 12:00,144.644,144.860,144.508,144.685
2025-05-08 13:00,144.685,144.685,144.429,144.537
2025-05-08 14:00,144.540,145.118,144.432,145.011
2025-05-08 15:00,145.009,145.592,144.898,145.462
2025-05-08 16:00,145.462,145.786,145.448,145.721
2025-05-08 17:00,145.723,145.949,145.615,145.714
2025-05-08 18:00,145.713,145.928,145.672,145.879
2025-05-08 19:00,145.882,146.177,145.813,145.915
2025-05-08 20:00,145.914,145.972,145.802,145.909
2025-05-08 21:00,145.891,145.962,145.759,145.910
2025-05-08 22:00,145.917,145.939,145.757,145.821
2025-05-08 23:00,145.822,146.068,145.796,145.944
2025-05-09 00:00,145.950,146.187,145.670,145.695
2025-05-09 01:00,145.695,145.832,145.618,145.748
2025-05-09 02:00,145.750,145.970,145.639,145.665
2025-05-09 03:00,145.664,145.710,145.459,145.654
2025-05-09 04:00,145.653,145.657,145.444,145.501
2025-05-09 05:00,145.500,145.630,145.397,145.422
2025-05-09 06:00,145.426,145.460,145.234,145.290
2025-05-09 07:00,145.290,145.412,145.129,145.172
2025-05-09 08:00,145.169,145.327,145.071,145.183
2025-05-09 09:00,145.184,145.325,145.092,145.312
2025-05-09 10:00,145.313,145.404,145.215,145.288
2025-05-09 11:00,145.289,145.330,144.927,145.126
2025-05-09 12:00,145.126,145.350,145.094,145.248
2025-05-09 13:00,145.246,145.299,145.017,145.155
2025-05-09 14:00,145.154,145.270,144.820,145.001
2025-05-09 15:00,144.998,145.203,144.994,145.150
2025-05-09 16:00,145.150,145.300,145.052,145.279
2025-05-09 17:00,145.275,145.353,145.197,145.232
2025-05-09 18:00,145.233,145.309,145.142,145.263
2025-05-09 19:00,145.260,145.370,145.245,145.297
2025-05-09 20:00,145.298,145.381,145.287,145.323
2025-05-11 23:00,145.838,145.920,145.694,145.838
2025-05-12 00:00,145.833,146.081,145.727,145.906
2025-05-12 01:00,145.903,146.285,145.841,146.090
2025-05-12 02:00,146.088,146.105,145.714,145.849
2025-05-12 03:00,145.848,145.915,145.719,145.727
2025-05-12 04:00,145.724,145.939,145.712,145.926
2025-05-12 05:00,145.921,146.128,145.885,146.009
2025-05-12 06:00,146.008,146.167,145.870,146.120
2025-05-12 07:00,146.119,147.994,146.097,147.915
2025-05-12 08:00,147.915,148.228,147.621,147.755
2025-05-12 09:00,147.752,148.148,147.662,148.066
2025-05-12 10:00,148.068,148.591,148.041,148.402
2025-05-12 11:00,148.402,148.415,147.862,147.878
2025-05-12 12:00,147.942,148.243,147.887,148.047
2025-05-12 13:00,148.049,148.146,147.808,148.085
2025-05-12 14:00,148.086,148.328,147.966,148.195
2025-05-12 15:00,148.196,148.219,148.024,148.093
2025-05-12 16:00,148.096,148.557,148.042,148.511
2025-05-12 17:00,148.512,148.636,148.469,148.496
2025-05-12 18:00,148.496,148.651,148.274,148.338
2025-05-12 19:00,148.337,148.436,148.257,148.382
2025-05-12 20:00,148.378,148.479,148.353,148.444
2025-05-12 21:00,148.449,148.456,148.285,148.350
2025-05-12 22:00,148.320,148.437,148.306,148.365
2025-05-12 23:00,148.364,148.456,148.187,148.256
2025-05-13 00:00,148.255,148.259,147.788,147.814
2025-05-13 01:00,147.810,148.030,147.755,147.827
2025-05-13 02:00,147.832,147.991,147.754,147.957
2025-05-13 03:00,147.962,147.990,147.724,147.752
2025-05-13 04:00,147.750,147.917,147.687,147.701
2025-05-13 05:00,147.694,147.908,147.640,147.818
2025-05-13 06:00,147.817,147.987,147.779,147.938
2025-05-13 07:00,147.939,148.056,147.757,147.857
2025-05-13 08:00,147.848,148.061,147.730,147.915
2025-05-13 09:00,147.917,148.027,147.859,147.976
2025-05-13 10:00,147.979,148.135,147.940,148.052
2025-05-13 11:00,148.057,148.137,148.020,148.121
2025-05-13 12:00,148.113,148.275,147.840,147.989
2025-05-13 13:00,147.990,148.016,147.654,147.878
2025-05-13 14:00,147.881,148.063,147.808,147.841
2025-05-13 15:00,147.841,147.911,147.694,147.752
2025-05-13 16:00,147.752,147.801,147.450,147.607
2025-05-13 17:00,147.607,147.772,147.560,147.609
2025-05-13 18:00,147.609,147.665,147.456,147.498
2025-05-13 19:00,147.507,147.561,147.369,147.424
2025-05-13 20:00,147.426,147.490,147.372,147.469
2025-05-13 21:00,147.465,147.510,147.390,147.453
2025-05-13 22:00,147.472,147.490,147.299,147.352
2025-05-13 23:00,147.348,147.546,147.337,147.520
2025-05-14 00:00,147.521,147.670,147.275,147.362
2025-05-14 01:00,147.362,147.412,147.000,147.203
2025-05-14 02:00,147.201,147.303,147.112,147.195
2025-05-14 03:00,147.195,147.240,147.036,147.084
2025-05-14 04:00,147.082,147.162,146.875,146.945
2025-05-14 05:00,146.944,147.070,146.834,147.062
2025-05-14 06:00,147.064,147.215,146.956,147.156
2025-05-14 07:00,147.154,147.212,146.922,146.978
2025-05-14 08:00,146.975,146.985,146.123,146.249
2025-05-14 09:00,146.250,146.351,145.601,145.882
2025-05-14 10:00,145.880,146.073,145.784,145.923
2025-05-14 11:00,145.924,146.203,145.917,146.175
2025-05-14 12:00,146.175,146.394,145.999,146.191
2025-05-14 13:00,146.190,146.392,145.757,146.001
2025-05-14 14:00,146.000,146.349,145.988,146.310
2025-05-14 15:00,146.309,146.651,146.252,146.550
2025-05-14 16:00,146.546,147.121,146.459,146.696
2025-05-14 17:00,146.695,146.731,146.433,146.574
2025-05-14 18:00,146.573,146.798,146.546,146.723
2025-05-14 19:00,146.718,146.900,146.714,146.820
2025-05-14 20:00,146.819,146.893,146.725,146.741
2025-05-14 21:00,146.739,146.739,146.598,146.630
2025-05-14 22:00,146.624,146.688,146.551,146.610
2025-05-14 23:00,146.613,146.661,146.422,146.635
2025-05-15 00:00,146.633,146.752,146.156,146.212
2025-05-15 01:00,146.207,146.330,146.066,146.282
2025-05-15 02:00,146.283,146.378,146.192,146.225
2025-05-15 03:00,146.225,146.286,145.948,146.088
2025-05-15 04:00,146.090,146.171,145.974,146.090
2025-05-15 05:00,146.088,146.141,145.930,145.980
2025-05-15 06:00,145.979,146.091,145.478,145.534
2025-05-15 07:00,145.534,145.941,145.524,145.884
2025-05-15 08:00,145.882,145.993,145.639,145.746
2025-05-15 09:00,145.749,145.948,145.725,145.934
2025-05-15 10:00,145.935,145.980,145.825,145.972
2025-05-15 11:00,145.974,146.100,145.900,146.082
2025-05-15 12:00,146.081,146.254,145.628,145.800
2025-05-15 13:00,145.797,145.927,145.573,145.795
2025-05-15 14:00,145.796,146.041,145.409,145.859
2025-05-15 15:00,145.858,145.918,145.607,145.616
2025-05-15 16:00,145.613,145.715,145.531,145.616
2025-05-15 17:00,145.614,145.767,145.554,145.752
2025-05-15 18:00,145.753,145.754,145.609,145.686
2025-05-15 19:00,145.683,145.726,145.538,145.619
2025-05-15 20:00,145.620,145.697,145.566,145.653
2025-05-15 21:00,145.659,145.695,145.554,145.592
2025-05-15 22:00,145.567,145.669,145.437,145.440
2025-05-15 23:00,145.461,145.680,145.421,145.574
2025-05-16 00:00,145.573,145.623,144.997,145.087
2025-05-16 01:00,145.089,145.256,144.960,145.182
2025-05-16 02:00,145.181,145.425,145.120,145.412
2025-05-16 03:00,145.408,145.464,145.226,145.259
2025-05-16 04:00,145.259,145.384,145.188,145.305
2025-05-16 05:00,145.303,145.373,145.167,145.224
2025-05-16 06:00,145.224,145.368,144.984,145.052
2025-05-16 07:00,145.062,145.261,144.916,145.235
2025-05-16 08:00,145.237,145.419,145.222,145.297
2025-05-16 09:00,145.299,145.595,145.260,145.558
2025-05-16 10:00,145.561,145.600,145.438,145.539
2025-05-16 11:00,145.531,145.678,145.436,145.642
2025-05-16 12:00,145.644,145.693,145.480,145.511
2025-05-16 13:00,145.509,145.600,145.422,145.499
2025-05-16 14:00,145.500,146.078,145.396,145.959
2025-05-16 15:00,145.948,146.054,145.914,146.026
2025-05-16 16:00,146.019,146.103,145.860,145.938
2025-05-16 17:00,145.934,146.032,145.886,145.916
2025-05-16 18:00,145.914,145.932,145.823,145.889
2025-05-16 19:00,145.898,145.984,145.823,145.959
2025-05-16 20:00,145.958,145.963,145.516,145.630
2025-05-18 23:00,145.156,145.446,145.122,145.232
2025-05-19 00:00,145.234,145.334,144.835,144.905
2025-05-19 01:00,144.902,145.185,144.804,145.130
2025-05-19 02:00,145.130,145.304,145.039,145.221
2025-05-19 03:00,145.228,145.292,145.111,145.241
2025-05-19 04:00,145.238,145.345,145.216,145.313
2025-05-19 05:00,145.312,145.316,145.148,145.167
2025-05-19 06:00,145.164,145.214,144.979,144.993
2025-05-19 07:00,144.989,145.094,144.656,144.850
2025-05-19 08:00,144.849,145.027,144.824,144.883
2025-05-19 09:00,144.878,144.976,144.748,144.834
2025-05-19 10:00,144.825,144.881,144.700,144.799
2025-05-19 11:00,144.801,145.043,144.774,144.897
2025-05-19 12:00,144.897,145.023,144.858,145.018
2025-05-19 13:00,145.017,145.134,144.854,144.992
2025-05-19 14:00,144.980,145.216,144.826,144.895
2025-05-19 15:00,144.892,145.017,144.780,144.990
2025-05-19 16:00,144.988,145.089,144.952,144.986
2025-05-19 17:00,144.980,145.112,144.923,145.038
2025-05-19 18:00,145.039,145.090,144.948,144.971
2025-05-19 19:00,144.969,144.986,144.793,144.848
2025-05-19 20:00,144.848,144.891,144.768,144.850
2025-05-19 21:00,144.839,144.889,144.789,144.854
2025-05-19 22:00,144.854,144.973,144.824,144.935
2025-05-19 23:00,144.941,145.013,144.838,144.979
2025-05-20 00:00,144.974,145.514,144.972,145.271
2025-05-20 01:00,145.267,145.271,144.723,144.897
2025-05-20 02:00,144.896,145.296,144.742,145.121
2025-05-20 03:00,145.116,145.181,144.769,144.808
2025-05-20 04:00,144.807,144.852,144.708,144.759
2025-05-20 05:00,144.760,144.765,144.316,144.375
2025-05-20 06:00,144.378,144.530,144.297,144.499
2025-05-20 07:00,144.496,144.511,144.088,144.124
2025-05-20 08:00,144.124,144.488,144.121,144.482
2025-05-20 09:00,144.485,144.616,144.367,144.476
2025-05-20 10:00,144.484,144.624,144.451,144.591
2025-05-20 11:00,144.592,144.671,144.453,144.594
2025-05-20 12:00,144.593,144.837,144.548,144.810
2025-05-20 13:00,144.809,144.977,144.801,144.849
2025-05-20 14:00,144.848,144.861,144.509,144.561
2025-05-20 15:00,144.556,144.771,144.547,144.714
2025-05-20 16:00,144.721,144.884,144.615,144.811
2025-05-20 17:00,144.808,144.885,144.628,144.637
2025-05-20 18:00,144.641,144.694,144.497,144.544
2025-05-20 19:00,144.545,144.552,144.427,144.542
2025-05-20 20:00,144.540,144.571,144.446,144.493
2025-05-20 21:00,144.468,144.583,144.423,144.474
2025-05-20 22:00,144.472,144.490,144.156,144.429
2025-05-20 23:00,144.421,144.439,144.292,144.314
2025-05-21 00:00,144.313,144.348,144.109,144.171
2025-05-21 01:00,144.170,144.351,144.035,144.209
2025-05-21 02:00,144.203,144.236,143.843,143.863
2025-05-21 03:00,143.860,143.972,143.718,143.787
2025-05-21 04:00,143.787,143.873,143.638,143.741
2025-05-21 05:00,143.742,143.776,143.526,143.569
2025-05-21 06:00,143.569,143.794,143.456,143.707
2025-05-21 07:00,143.701,143.962,143.677,143.901
2025-05-21 08:00,143.902,144.192,143.829,144.118
2025-05-21 09:00,144.114,144.181,143.978,143.984
2025-05-21 10:00,143.981,144.022,143.461,143.664
2025-05-21 11:00,143.661,143.852,143.551,143.751
2025-05-21 12:00,143.751,143.859,143.620,143.689
2025-05-21 13:00,143.687,143.890,143.590,143.715
2025-05-21 14:00,143.714,143.894,143.554,143.673
2025-05-21 15:00,143.670,143.779,143.595,143.683
2025-05-21 16:00,143.684,143.771,143.620,143.648
2025-05-21 17:00,143.648,143.687,143.278,143.489
2025-05-21 18:00,143.482,143.670,143.450,143.634
2025-05-21 19:00,143.636,143.694,143.547,143.687
2025-05-21 20:00,143.686,143.765,143.627,143.662
2025-05-21 21:00,143.661,143.695,143.531,143.648
2025-05-21 22:00,143.636,144.398,143.630,144.086
2025-05-21 23:00,144.096,144.151,143.639,143.688
2025-05-22 00:00,143.695,143.728,143.284,143.468
2025-05-22 01:00,143.470,143.645,143.196,143.346
2025-05-22 02:00,143.350,143.468,143.141,143.191
2025-05-22 03:00,143.189,143.359,143.175,143.313
2025-05-22 04:00,143.315,143.393,143.250,143.299
2025-05-22 05:00,143.293,143.436,143.234,143.367
2025-05-22 06:00,143.368,143.391,143.097,143.330
2025-05-22 07:00,143.329,143.392,143.000,143.049
2025-05-22 08:00,143.052,143.388,142.798,143.276
2025-05-22 09:00,143.272,143.553,143.255,143.475
2025-05-22 10:00,143.479,143.694,143.404,143.655
2025-05-22 11:00,143.656,143.780,143.333,143.361
2025-05-22 12:00,143.360,143.696,143.267,143.552
2025-05-22 13:00,143.551,143.901,143.429,143.879
2025-05-22 14:00,143.878,143.965,143.676,143.759
2025-05-22 15:00,143.760,144.048,143.752,143.894
2025-05-22 16:00,143.894,144.117,143.858,144.019
2025-05-22 17:00,144.018,144.331,143.998,144.216
2025-05-22 18:00,144.219,144.277,144.088,144.147
2025-05-22 19:00,144.146,144.151,143.922,143.996
2025-05-22 20:00,143.996,144.024,143.895,144.003
2025-05-22 21:00,143.976,144.110,143.965,144.029
2025-05-22 22:00,144.068,144.070,143.801,143.816
2025-05-22 23:00,143.811,143.922,143.758,143.854
2025-05-23 00:00,143.854,144.014,143.748,143.863
2025-05-23 01:00,143.862,143.968,143.582,143.598
2025-05-23 02:00,143.599,143.654,143.536,143.549
2025-05-23 03:00,143.546,143.551,143.410,143.434
2025-05-23 04:00,143.432,143.486,143.356,143.462
2025-05-23 05:00,143.465,143.582,143.404,143.425
2025-05-23 06:00,143.424,143.564,143.330,143.428
2025-05-23 07:00,143.430,143.470,143.229,143.308
2025-05-23 08:00,143.306,143.421,143.276,143.311
2025-05-23 09:00,143.311,143.336,143.141,143.306
2025-05-23 10:00,143.309,143.391,143.268,143.370
2025-05-23 11:00,143.367,143.431,142.506,142.623
2025-05-23 12:00,142.626,142.827,142.450,142.602
2025-05-23 13:00,142.607,142.895,142.525,142.800
2025-05-23 14:00,142.798,142.887,142.517,142.660
2025-05-23 15:00,142.662,142.836,142.541,142.612
2025-05-23 16:00,142.610,142.786,142.610,142.642
2025-05-23 17:00,142.644,142.733,142.522,142.590
2025-05-23 18:00,142.594,142.621,142.418,142.521
2025-05-23 19:00,142.517,142.555,142.454,142.502
2025-05-23 20:00,142.501,142.587,142.480,142.538
2025-05-23 21:00,142.550,142.550,142.550,142.550
2025-05-25 23:00,142.785,142.935,142.748,142.827
2025-05-26 00:00,142.821,142.883,142.532,142.564
2025-05-26 01:00,142.566,142.683,142.292,142.369
2025-05-26 02:00,142.364,142.395,142.222,142.342
2025-05-26 03:00,142.341,142.567,142.332,142.457
2025-05-26 04:00,142.453,142.669,142.453,142.565
2025-05-26 05:00,142.566,142.752,142.471,142.513
2025-05-26 06:00,142.515,142.803,142.498,142.751
2025-05-26 07:00,142.753,142.917,142.702,142.896
2025-05-26 08:00,142.893,142.921,142.750,142.891
2025-05-26 09:00,142.894,142.989,142.858,142.873
2025-05-26 10:00,142.871,142.953,142.824,142.859
2025-05-26 11:00,142.856,142.970,142.814,142.928
2025-05-26 12:00,142.932,143.034,142.862,142.975
2025-05-26 13:00,142.971,142.988,142.822,142.835
2025-05-26 14:00,142.833,142.861,142.744,142.780
2025-05-26 15:00,142.779,142.859,142.759,142.845
2025-05-26 16:00,142.842,142.873,142.720,142.725
2025-05-26 17:00,142.722,142.789,142.702,142.768
2025-05-26 18:00,142.766,142.772,142.745,142.758
2025-05-26 19:00,142.756,142.779,142.736,142.774
2025-05-26 20:00,142.771,142.844,142.754,142.828
2025-05-26 21:00,142.831,142.970,142.706,142.740
2025-05-26 22:00,142.740,142.772,142.635,142.685
2025-05-26 23:00,142.680,142.748,142.612,142.629
2025-05-27 00:00,142.630,142.630,142.244,142.277
2025-05-27 01:00,142.275,142.385,142.110,142.283
2025-05-27 02:00,142.280,142.408,142.158,142.385
2025-05-27 03:00,142.383,142.459,142.346,142.445
2025-05-27 04:00,142.441,142.861,142.380,142.855
2025-05-27 05:00,142.851,143.438,142.851,143.256
2025-05-27 06:00,143.258,143.490,142.972,143.463
2025-05-27 07:00,143.463,143.864,143.325,143.742
2025-05-27 08:00,143.740,143.887,143.615,143.869
2025-05-27 09:00,143.866,144.044,143.803,143.914
2025-05-27 10:00,143.912,144.178,143.893,144.142
2025-05-27 11:00,144.142,144.149,144.004,144.097
2025-05-27 12:00,144.092,144.188,144.005,144.024
2025-05-27 13:00,144.021,144.183,143.871,144.174
2025-05-27 14:00,144.171,144.460,144.167,144.391
2025-05-27 15:00,144.389,144.414,144.220,144.377
2025-05-27 16:00,144.380,144.438,144.286,144.375
2025-05-27 17:00,144.371,144.375,144.274,144.318
2025-05-27 18:00,144.315,144.341,144.239,144.258
2025-05-27 19:00,144.259,144.334,144.230,144.322
2025-05-27 20:00,144.321,144.413,144.291,144.313
2025-05-27 21:00,144.321,144.366,144.250,144.263
2025-05-27 22:00,144.263,144.299,144.160,144.189
2025-05-27 23:00,144.178,144.309,144.128,144.133
2025-05-28 00:00,144.132,144.138,143.847,144.121
2025-05-28 01:00,144.123,144.767,144.077,144.339
2025-05-28 02:00,144.339,144.643,144.207,144.601
2025-05-28 03:00,144.599,144.766,144.294,144.361
2025-05-28 04:00,144.359,144.505,144.265,144.424
2025-05-28 05:00,144.422,144.772,144.248,144.275
2025-05-28 06:00,144.277,144.527,144.217,144.525
2025-05-28 07:00,144.526,144.541,144.067,144.144
2025-05-28 08:00,144.150,144.194,143.991,144.038
2025-05-28 09:00,144.038,144.257,143.997,144.223
2025-05-28 10:00,144.225,144.307,144.078,144.275
2025-05-28 11:00,144.272,144.430,144.189,144.424
2025-05-28 12:00,144.421,144.536,144.304,144.514
2025-05-28 13:00,144.513,144.973,144.509,144.893
2025-05-28 14:00,144.888,144.919,144.511,144.847
2025-05-28 15:00,144.842,145.077,144.822,145.044
2025-05-28 16:00,145.040,145.051,144.906,144.912
2025-05-28 17:00,144.915,144.941,144.822,144.888
2025-05-28 18:00,144.885,145.008,144.750,144.837
2025-05-28 19:00,144.835,144.925,144.804,144.905
2025-05-28 20:00,144.903,144.910,144.808,144.825
2025-05-28 21:00,144.825,144.825,144.724,144.775
2025-05-28 22:00,144.816,144.936,144.770,144.906
2025-05-28 23:00,144.896,146.026,144.881,145.720
2025-05-29 00:00,145.716,146.102,145.601,146.092
2025-05-29 01:00,146.096,146.276,145.733,145.776
2025-05-29 02:00,145.772,145.905,145.594,145.788
2025-05-29 03:00,145.785,145.814,145.616,145.739
2025-05-29 04:00,145.738,145.849,145.659,145.742
2025-05-29 05:00,145.743,146.093,145.697,145.933
2025-05-29 06:00,145.934,146.018,145.470,145.578
2025-05-29 07:00,145.577,145.608,145.199,145.256
2025-05-29 08:00,145.258,145.360,145.134,145.268
2025-05-29 09:00,145.264,145.290,145.023,145.218
2025-05-29 10:00,145.221,145.235,144.924,145.015
2025-05-29 11:00,145.011,145.115,144.876,145.084
2025-05-29 12:00,145.082,145.082,144.404,144.433
2025-05-29 13:00,144.430,144.539,144.263,144.359
2025-05-29 14:00,144.361,144.464,144.150,144.403
2025-05-29 15:00,144.400,144.417,144.052,144.096
2025-05-29 16:00,144.093,144.175,144.043,144.146
2025-05-29 17:00,144.142,144.256,143.975,144.044
2025-05-29 18:00,144.048,144.075,143.956,143.998
2025-05-29 19:00,144.001,144.142,143.974,144.139
2025-05-29 20:00,144.134,144.245,144.100,144.231
2025-05-29 21:00,144.228,144.228,144.099,144.120
2025-05-29 22:00,144.125,144.157,143.898,144.019
2025-05-29 23:00,144.012,144.089,143.737,143.756
2025-05-30 00:00,143.755,144.037,143.582,143.770
2025-05-30 01:00,143.769,143.941,143.430,143.903
2025-05-30 02:00,143.902,143.994,143.819,143.926
2025-05-30 03:00,143.928,143.985,143.827,143.856
2025-05-30 04:00,143.858,143.862,143.690,143.772
2025-05-30 05:00,143.774,143.968,143.707,143.824
2025-05-30 06:00,143.826,144.140,143.755,143.852
2025-05-30 07:00,143.854,144.158,143.829,144.027
2025-05-30 08:00,144.023,144.120,143.890,144.049
2025-05-30 09:00,144.049,144.225,143.997,144.041
2025-05-30 10:00,144.043,144.054,143.784,143.928
2025-05-30 11:00,143.932,144.032,143.811,143.845
2025-05-30 12:00,143.846,143.863,143.466,143.725
2025-05-30 13:00,143.720,144.138,143.706,143.995
2025-05-30 14:00,143.996,144.443,143.804,144.268
2025-05-30 15:00,144.264,144.332,144.070,144.184
2025-05-30 16:00,144.181,144.189,143.882,143.895
2025-05-30 17:00,143.894,143.952,143.788,143.871
2025-05-30 18:00,143.870,143.940,143.828,143.891
2025-05-30 19:00,143.887,144.004,143.867,143.876
2025-05-30 20:00,143.875,144.088,143.867,144.015
2025-06-01 23:00,143.837,143.865,143.719,143.790
2025-06-02 00:00,143.798,143.799,143.524,143.535
2025-06-02 01:00,143.539,143.595,143.321,143.462
2025-06-02 02:00,143.460,143.597,143.410,143.528
2025-06-02 03:00,143.522,143.643,143.504,143.522
2025-06-02 04:00,143.523,143.613,143.505,143.534
2025-06-02 05:00,143.540,143.558,143.300,143.351
2025-06-02 06:00,143.352,143.377,143.127,143.224
2025-06-02 07:00,143.220,143.282,142.822,142.904
2025-06-02 08:00,142.900,142.952,142.789,142.930
2025-06-02 09:00,142.931,142.937,142.778,142.936
2025-06-02 10:00,142.936,142.974,142.748,142.806
2025-06-02 11:00,142.809,142.854,142.618,142.755
2025-06-02 12:00,142.756,142.896,142.683,142.827
2025-06-02 13:00,142.830,143.072,142.823,142.900
2025-06-02 14:00,142.897,142.900,142.535,142.669
2025-06-02 15:00,142.669,142.844,142.625,142.773
2025-06-02 16:00,142.770,142.994,142.758,142.930
2025-06-02 17:00,142.931,142.997,142.870,142.961
2025-06-02 18:00,142.960,143.001,142.805,142.814
2025-06-02 19:00,142.815,142.859,142.663,142.708
2025-06-02 20:00,142.707,142.743,142.662,142.683
2025-06-02 21:00,142.672,142.700,142.618,142.671
2025-06-02 22:00,142.662,142.701,142.516,142.519
2025-06-02 23:00,142.527,142.591,142.372,142.424
2025-06-03 00:00,142.426,142.787,142.418,142.707
2025-06-03 01:00,142.708,143.227,142.702,143.129
2025-06-03 02:00,143.123,143.252,143.005,143.100
2025-06-03 03:00,143.096,143.261,143.019,143.155
2025-06-03 04:00,143.159,143.217,142.898,142.943
2025-06-03 05:00,142.945,143.125,142.864,142.952
2025-06-03 06:00,142.949,143.098,142.850,142.885
2025-06-03 07:00,142.889,142.976,142.606,142.825
2025-06-03 08:00,142.827,142.904,142.670,142.798
2025-06-03 09:00,142.796,142.932,142.767,142.856
2025-06-03 10:00,142.852,143.079,142.834,143.056
2025-06-03 11:00,143.057,143.161,143.042,143.079
2025-06-03 12:00,143.078,143.447,143.045,143.421
2025-06-03 13:00,143.417,143.615,143.326,143.536
2025-06-03 14:00,143.532,143.939,143.532,143.774
2025-06-03 15:00,143.772,143.991,143.718,143.942
2025-06-03 16:00,143.939,144.109,143.873,143.977
2025-06-03 17:00,143.980,144.029,143.836,143.843
2025-06-03 18:00,143.847,143.943,143.835,143.907
2025-06-03 19:00,143.905,144.107,143.894,144.073
2025-06-03 20:00,144.073,144.077,143.924,143.960
2025-06-03 21:00,143.958,144.052,143.680,143.941
2025-06-03 22:00,143.943,144.043,143.893,143.956
2025-06-03 23:00,143.959,144.033,143.795,143.818
2025-06-04 00:00,143.816,144.027,143.771,143.993
2025-06-04 01:00,143.990,144.298,143.662,143.755
2025-06-04 02:00,143.755,143.977,143.700,143.919
2025-06-04 03:00,143.921,144.106,143.833,144.057
2025-06-04 04:00,144.059,144.282,143.979,144.253
2025-06-04 05:00,144.251,144.395,144.132,144.211
2025-06-04 06:00,144.209,144.316,143.881,143.971
2025-06-04 07:00,143.975,144.096,143.788,144.087
2025-06-04 08:00,144.093,144.181,143.842,143.891
2025-06-04 09:00,143.891,144.106,143.843,144.091
2025-06-04 10:00,144.089,144.311,144.048,144.250
2025-06-04 11:00,144.246,144.314,144.136,144.270
2025-06-04 12:00,144.270,144.272,143.502,143.554
2025-06-04 13:00,143.554,143.831,143.509,143.691
2025-06-04 14:00,143.691,143.691,142.990,143.132
2025-06-04 15:00,143.132,143.230,142.911,142.917
2025-06-04 16:00,142.917,142.920,142.600,142.635
2025-06-04 17:00,142.640,142.784,142.622,142.773
2025-06-04 18:00,142.775,142.835,142.708,142.810
2025-06-04 19:00,142.807,142.926,142.782,142.882
2025-06-04 20:00,142.878,142.897,142.690,142.721
2025-06-04 21:00,142.719,142.809,142.682,142.734
2025-06-04 22:00,142.734,142.829,142.716,142.760
2025-06-04 23:00,142.764,142.831,142.520,142.726
2025-06-05 00:00,142.721,142.850,142.605,142.661
2025-06-05 01:00,142.665,142.972,142.568,142.920
2025-06-05 02:00,142.920,142.973,142.812,142.889
2025-06-05 03:00,142.888,143.025,142.700,142.994
2025-06-05 04:00,142.993,143.076,142.899,143.027
2025-06-05 05:00,143.029,143.175,143.000,143.152
2025-06-05 06:00,143.152,143.242,143.027,143.227
2025-06-05 07:00,143.230,143.394,143.070,143.346
2025-06-05 08:00,143.342,143.404,143.248,143.281
2025-06-05 09:00,143.277,143.301,143.110,143.215
2025-06-05 10:00,143.220,143.225,143.026,143.133
2025-06-05 11:00,143.128,143.323,143.058,143.268
2025-06-05 12:00,143.268,143.687,142.771,143.365
2025-06-05 13:00,143.366,143.532,142.893,143.026
2025-06-05 14:00,143.021,143.544,143.021,143.455
2025-06-05 15:00,143.455,143.972,143.450,143.865
2025-06-05 16:00,143.861,143.977,143.518,143.532
2025-06-05 17:00,143.530,143.854,143.514,143.678
2025-06-05 18:00,143.681,143.760,143.568,143.629
2025-06-05 19:00,143.631,143.764,143.468,143.686
2025-06-05 20:00,143.685,143.781,143.479,143.494
2025-06-05 21:00,143.527,143.644,143.345,143.500
2025-06-05 22:00,143.519,143.558,143.443,143.514
2025-06-05 23:00,143.518,143.597,143.454,143.554
2025-06-06 00:00,143.552,143.749,143.526,143.718
2025-06-06 01:00,143.727,143.790,143.620,143.665
2025-06-06 02:00,143.666,143.900,143.642,143.839
2025-06-06 03:00,143.841,143.850,143.712,143.759
2025-06-06 04:00,143.758,143.881,143.730,143.837
2025-06-06 05:00,143.833,143.978,143.810,143.864
2025-06-06 06:00,143.865,144.132,143.806,144.023
2025-06-06 07:00,144.022,144.132,143.798,143.906
2025-06-06 08:00,143.907,144.068,143.876,144.052
2025-06-06 09:00,144.053,144.191,143.995,144.159
2025-06-06 10:00,144.156,144.160,144.015,144.088
2025-06-06 11:00,144.081,144.186,144.052,144.156
2025-06-06 12:00,144.152,144.743,144.076,144.618
2025-06-06 13:00,144.623,144.967,144.550,144.904
2025-06-06 14:00,144.905,145.029,144.613,144.898
2025-06-06 15:00,144.896,145.089,144.760,144.876
2025-06-06 16:00,144.879,144.982,144.809,144.964
2025-06-06 17:00,144.967,144.968,144.824,144.867
2025-06-06 18:00,144.862,144.907,144.807,144.844
2025-06-06 19:00,144.827,144.840,144.770,144.782
2025-06-06 20:00,144.782,144.891,144.776,144.816
2025-06-08 23:00,144.691,144.747,144.594,144.693
2025-06-09 00:00,144.690,144.948,144.574,144.932
2025-06-09 01:00,144.938,144.939,144.470,144.542
2025-06-09 02:00,144.541,144.571,144.345,144.496
2025-06-09 03:00,144.494,144.510,144.349,144.492
2025-06-09 04:00,144.489,144.495,144.346,144.377
2025-06-09 05:00,144.379,144.496,144.347,144.413
2025-06-09 06:00,144.412,144.464,144.195,144.209
2025-06-09 07:00,144.208,144.318,144.098,144.143
2025-06-09 08:00,144.143,144.176,144.032,144.155
2025-06-09 09:00,144.153,144.166,143.970,144.103
2025-06-09 10:00,144.103,144.189,144.029,144.172
2025-06-09 11:00,144.170,144.529,144.154,144.485
2025-06-09 12:00,144.492,144.692,144.428,144.628
2025-06-09 13:00,144.633,144.772,144.592,144.663
2025-06-09 14:00,144.662,144.751,144.528,144.612
2025-06-09 15:00,144.612,144.622,144.344,144.350
2025-06-09 16:00,144.374,144.460,144.360,144.397
2025-06-09 17:00,144.397,144.474,144.385,144.459
2025-06-09 18:00,144.463,144.567,144.385,144.557
2025-06-09 19:00,144.553,144.599,144.496,144.560
2025-06-09 20:00,144.562,144.635,144.522,144.540
2025-06-09 21:00,144.518,144.551,144.487,144.525
2025-06-09 22:00,144.524,144.651,144.493,144.631
2025-06-09 23:00,144.602,144.651,144.496,144.561
2025-06-10 00:00,144.563,144.657,144.394,144.521
2025-06-10 01:00,144.517,145.060,144.424,145.010
2025-06-10 02:00,145.009,145.290,144.892,144.931
2025-06-10 03:00,144.931,144.986,144.780,144.824
2025-06-10 04:00,144.825,144.949,144.801,144.933
2025-06-10 05:00,144.936,144.942,144.444,144.555
2025-06-10 06:00,144.553,144.659,144.421,144.590
2025-06-10 07:00,144.585,144.831,144.537,144.740
2025-06-10 08:00,144.741,144.745,144.561,144.646
2025-06-10 09:00,144.647,144.773,144.618,144.683
2025-06-10 10:00,144.680,144.738,144.587,144.601
2025-06-10 11:00,144.606,144.620,144.478,144.583
2025-06-10 12:00,144.583,144.648,144.453,144.635
2025-06-10 13:00,144.641,144.678,144.438,144.529
2025-06-10 14:00,144.529,144.834,144.512,144.798
2025-06-10 15:00,144.808,144.948,144.790,144.914
2025-06-10 16:00,144.914,145.044,144.872,144.969
2025-06-10 17:00,144.967,145.024,144.910,144.935
2025-06-10 18:00,144.932,145.021,144.893,144.955
2025-06-10 19:00,144.957,145.033,144.778,144.906
2025-06-10 20:00,144.902,144.932,144.823,144.850
2025-06-10 21:00,144.829,144.876,144.803,144.859
2025-06-10 22:00,144.846,144.966,144.813,144.942
2025-06-10 23:00,144.958,145.163,144.793,144.843
2025-06-11 00:00,144.842,144.966,144.678,144.919
2025-06-11 01:00,144.924,145.037,144.838,145.005
2025-06-11 02:00,145.006,145.150,144.848,144.947
2025-06-11 03:00,144.946,145.062,144.919,145.007
2025-06-11 04:00,145.003,145.073,144.886,145.030
2025-06-11 05:00,145.032,145.142,144.973,144.980
2025-06-11 06:00,144.981,145.246,144.964,145.127
2025-06-11 07:00,145.125,145.242,145.079,145.116
2025-06-11 08:00,145.117,145.148,144.998,145.066
2025-06-11 09:00,145.066,145.096,144.917,145.082
2025-06-11 10:00,145.079,145.166,145.041,145.125
2025-06-11 11:00,145.141,145.336,145.109,145.281
2025-06-11 12:00,145.282,145.466,144.321,144.731
2025-06-11 13:00,144.728,145.184,144.608,145.046
2025-06-11 14:00,145.050,145.088,144.731,144.791
2025-06-11 15:00,144.822,144.845,144.462,144.487
2025-06-11 16:00,144.490,144.628,144.435,144.616
2025-06-11 17:00,144.614,144.652,144.510,144.525
2025-06-11 18:00,144.525,144.542,144.321,144.505
2025-06-11 19:00,144.509,144.648,144.494,144.630
2025-06-11 20:00,144.630,144.693,144.518,144.541
2025-06-11 21:00,144.525,144.552,144.458,144.530
2025-06-11 22:00,144.532,144.532,144.192,144.228
2025-06-11 23:00,144.253,144.318,144.110,144.180
2025-06-12 00:00,144.177,144.345,143.950,144.042
2025-06-12 01:00,144.038,144.102,143.721,143.982
2025-06-12 02:00,143.982,144.094,143.903,143.950
2025-06-12 03:00,143.953,144.055,143.834,143.893
2025-06-12 04:00,143.894,144.046,143.885,143.943
2025-06-12 05:00,143.942,143.984,143.670,143.732
2025-06-12 06:00,143.732,143.924,143.631,143.734
2025-06-12 07:00,143.734,144.139,143.734,143.874
2025-06-12 08:00,143.878,143.942,143.748,143.795
2025-06-12 09:00,143.790,143.873,143.561,143.698
2025-06-12 10:00,143.698,143.755,143.444,143.548
2025-06-12 11:00,143.547,143.787,143.400,143.619
2025-06-12 12:00,143.617,143.742,143.180,143.288
2025-06-12 13:00,143.286,143.523,143.195,143.465
2025-06-12 14:00,143.463,143.753,143.423,143.735
2025-06-12 15:00,143.732,143.904,143.588,143.647
2025-06-12 16:00,143.644,143.738,143.542,143.611
2025-06-12 17:00,143.607,143.734,143.522,143.542
2025-06-12 18:00,143.548,143.595,143.468,143.524
2025-06-12 19:00,143.562,143.599,143.481,143.573
2025-06-12 20:00,143.576,143.595,143.445,143.445
2025-06-12 21:00,143.432,143.627,143.402,143.534
2025-06-12 22:00,143.505,143.541,143.380,143.467
2025-06-12 23:00,143.450,143.463,143.071,143.092
2025-06-13 00:00,143.090,143.192,142.790,143.037
2025-06-13 01:00,143.040,143.292,142.915,143.172
2025-06-13 02:00,143.171,143.238,142.948,143.074
2025-06-13 03:00,143.075,143.744,143.072,143.494
2025-06-13 04:00,143.495,143.768,143.427,143.652
2025-06-13 05:00,143.649,143.873,143.505,143.538
2025-06-13 06:00,143.537,143.741,143.376,143.647
2025-06-13 07:00,143.645,143.796,143.528,143.795
2025-06-13 08:00,143.794,143.895,143.662,143.791
2025-06-13 09:00,143.791,144.163,143.746,144.111
2025-06-13 10:00,144.109,144.399,143.968,144.352
2025-06-13 11:00,144.351,144.445,144.098,144.124
2025-06-13 12:00,144.129,144.318,144.083,144.293
2025-06-13 13:00,144.290,144.484,144.050,144.100
2025-06-13 14:00,144.098,144.207,144.014,144.121
2025-06-13 15:00,144.121,144.190,143.952,144.047
2025-06-13 16:00,144.042,144.071,143.961,144.033
2025-06-13 17:00,144.031,144.196,144.011,144.091
2025-06-13 18:00,144.092,144.098,143.849,143.952
2025-06-13 19:00,143.958,143.996,143.852,143.935
2025-06-13 20:00,143.935,144.149,143.923,144.073
2025-06-15 23:00,144.471,144.749,144.420,144.570
2025-06-16 00:00,144.569,144.605,144.347,144.365
2025-06-16 01:00,144.369,144.385,144.157,144.345
2025-06-16 02:00,144.340,144.464,144.288,144.411
2025-06-16 03:00,144.413,144.488,144.333,144.477
2025-06-16 04:00,144.481,144.482,144.284,144.304
2025-06-16 05:00,144.298,144.316,143.968,144.067
2025-06-16 06:00,144.066,144.243,143.991,144.229
2025-06-16 07:00,144.234,144.391,144.132,144.176
2025-06-16 08:00,144.181,144.351,144.091,144.260
2025-06-16 09:00,144.260,144.339,144.095,144.112
2025-06-16 10:00,144.112,144.177,144.007,144.042
2025-06-16 11:00,144.044,144.158,143.972,144.115
2025-06-16 12:00,144.111,144.282,144.076,144.094
2025-06-16 13:00,144.098,144.112,143.768,143.808
2025-06-16 14:00,143.807,144.120,143.649,144.052
2025-06-16 15:00,144.046,144.208,143.986,144.134
2025-06-16 16:00,144.132,144.225,144.084,144.171
2025-06-16 17:00,144.166,144.414,144.152,144.365
2025-06-16 18:00,144.370,144.605,144.364,144.599
2025-06-16 19:00,144.599,144.876,144.588,144.856
2025-06-16 20:00,144.860,144.866,144.696,144.725
2025-06-16 21:00,144.705,144.737,144.664,144.706
2025-06-16 22:00,144.701,144.824,144.571,144.602
2025-06-16 23:00,144.617,144.799,144.602,144.684
2025-06-17 00:00,144.681,145.112,144.670,145.061
2025-06-17 01:00,145.062,145.064,144.788,144.869
2025-06-17 02:00,144.865,144.998,144.811,144.946
2025-06-17 03:00,144.941,144.967,144.615,144.660
2025-06-17 04:00,144.657,144.671,144.398,144.588
2025-06-17 05:00,144.588,144.726,144.496,144.663
2025-06-17 06:00,144.662,144.892,144.555,144.890
2025-06-17 07:00,144.887,145.024,144.402,144.527
2025-06-17 08:00,144.528,144.900,144.463,144.899
2025-06-17 09:00,144.900,144.942,144.772,144.816
2025-06-17 10:00,144.822,144.833,144.660,144.689
2025-06-17 11:00,144.687,144.705,144.483,144.615
2025-06-17 12:00,144.611,144.915,144.363,144.856
2025-06-17 13:00,144.848,144.940,144.685,144.885
2025-06-17 14:00,144.881,145.293,144.852,145.184
2025-06-17 15:00,145.185,145.207,145.010,145.039
2025-06-17 16:00,145.039,145.257,144.902,145.223
2025-06-17 17:00,145.218,145.300,145.124,145.244
2025-06-17 18:00,145.240,145.375,145.186,145.367
2025-06-17 19:00,145.366,145.383,145.200,145.218
2025-06-17 20:00,145.212,145.327,145.195,145.253
2025-06-17 21:00,145.252,145.290,145.180,145.213
2025-06-17 22:00,145.206,145.391,145.188,145.380
2025-06-17 23:00,145.380,145.434,145.314,145.382
2025-06-18 00:00,145.385,145.440,145.184,145.316
2025-06-18 01:00,145.315,145.341,145.148,145.160
2025-06-18 02:00,145.161,145.223,145.102,145.123
2025-06-18 03:00,145.122,145.134,145.036,145.067
2025-06-18 04:00,145.068,145.111,144.920,145.016
2025-06-18 05:00,145.017,145.057,144.897,145.016
2025-06-18 06:00,145.011,145.079,144.854,144.900
2025-06-18 07:00,144.896,145.049,144.848,144.953
2025-06-18 08:00,144.957,145.128,144.927,144.965
2025-06-18 09:00,144.965,145.025,144.895,144.928
2025-06-18 10:00,144.930,144.956,144.796,144.823
2025-06-18 11:00,144.822,144.929,144.808,144.848
2025-06-18 12:00,144.844,144.965,144.736,144.889
2025-06-18 13:00,144.891,144.921,144.711,144.866
2025-06-18 14:00,144.860,144.967,144.671,144.801
2025-06-18 15:00,144.802,144.815,144.564,144.573
2025-06-18 16:00,144.576,144.689,144.520,144.676
2025-06-18 17:00,144.696,144.823,144.636,144.752
2025-06-18 18:00,144.757,145.086,144.320,145.043
2025-06-18 19:00,145.045,145.224,144.994,145.116
2025-06-18 20:00,145.120,145.190,145.060,145.095
2025-06-18 21:00,145.110,145.121,145.006,145.056
2025-06-18 22:00,145.050,145.146,144.889,145.009
2025-06-18 23:00,144.994,145.081,144.923,144.954
2025-06-19 00:00,144.954,144.982,144.836,144.884
2025-06-19 01:00,144.884,145.158,144.732,145.146
2025-06-19 02:00,145.144,145.215,145.061,145.177
2025-06-19 03:00,145.176,145.221,145.029,145.070
2025-06-19 04:00,145.070,145.109,145.016,145.036
2025-06-19 05:00,145.034,145.265,145.028,145.111
2025-06-19 06:00,145.111,145.357,145.111,145.262
2025-06-19 07:00,145.261,145.404,145.236,145.386
2025-06-19 08:00,145.383,145.410,145.249,145.283
2025-06-19 09:00,145.279,145.473,145.244,145.437
2025-06-19 10:00,145.433,145.757,145.408,145.695
2025-06-19 11:00,145.700,145.770,145.579,145.664
2025-06-19 12:00,145.670,145.712,145.497,145.543
2025-06-19 13:00,145.542,145.576,145.341,145.422
2025-06-19 14:00,145.419,145.716,145.399,145.706
2025-06-19 15:00,145.705,145.746,145.603,145.634
2025-06-19 16:00,145.639,145.733,145.621,145.711
2025-06-19 17:00,145.713,145.731,145.465,145.504
2025-06-19 18:00,145.502,145.535,145.410,145.486
2025-06-19 19:00,145.487,145.489,145.340,145.432
2025-06-19 20:00,145.433,145.494,145.379,145.444
2025-06-19 21:00,145.381,145.534,145.331,145.433
2025-06-19 22:00,145.449,145.564,145.383,145.487
2025-06-19 23:00,145.487,145.506,145.191,145.229
2025-06-20 00:00,145.232,145.313,145.119,145.247
2025-06-20 01:00,145.252,145.357,145.214,145.335
2025-06-20 02:00,145.333,145.364,145.226,145.247
2025-06-20 03:00,145.246,145.314,145.186,145.274
2025-06-20 04:00,145.272,145.396,145.238,145.345
2025-06-20 05:00,145.347,145.485,145.302,145.439
2025-06-20 06:00,145.439,145.477,145.280,145.381
2025-06-20 07:00,145.382,145.438,145.287,145.412
2025-06-20 08:00,145.412,145.414,145.262,145.327
2025-06-20 09:00,145.324,145.355,145.248,145.338
2025-06-20 10:00,145.338,145.447,145.289,145.436
2025-06-20 11:00,145.436,145.614,145.410,145.587
2025-06-20 12:00,145.593,145.716,145.442,145.592
2025-06-20 13:00,145.588,145.822,145.555,145.739
2025-06-20 14:00,145.744,145.946,145.730,145.911
2025-06-20 15:00,145.914,145.958,145.783,145.925
2025-06-20 16:00,145.926,145.946,145.784,145.839
2025-06-20 17:00,145.836,145.909,145.774,145.897
2025-06-20 18:00,145.899,145.994,145.850,145.971
2025-06-20 19:00,145.972,146.194,145.964,146.174
2025-06-20 20:00,146.182,146.216,146.036,146.054
2025-06-22 23:00,146.362,146.424,146.201,146.212
2025-06-23 00:00,146.208,146.521,146.138,146.451
2025-06-23 01:00,146.448,146.764,146.423,146.666
2025-06-23 02:00,146.668,146.701,146.368,146.563
2025-06-23 03:00,146.563,146.732,146.512,146.694
2025-06-23 04:00,146.698,147.031,146.691,146.982
2025-06-23 05:00,146.983,147.295,146.943,147.100
2025-06-23 06:00,147.105,147.396,147.062,147.159
2025-06-23 07:00,147.157,147.343,147.036,147.340
2025-06-23 08:00,147.338,147.629,147.338,147.604
2025-06-23 09:00,147.606,147.952,147.606,147.869
2025-06-23 10:00,147.870,147.987,147.768,147.982
2025-06-23 11:00,147.980,148.029,147.508,147.591
2025-06-23 12:00,147.591,147.634,147.348,147.412
2025-06-23 13:00,147.416,147.505,147.136,147.310
2025-06-23 14:00,147.310,147.332,146.491,146.563
2025-06-23 15:00,146.561,146.620,146.329,146.468
2025-06-23 16:00,146.466,146.540,146.228,146.362
2025-06-23 17:00,146.379,146.524,146.147,146.209
2025-06-23 18:00,146.209,146.244,146.005,146.155
2025-06-23 19:00,146.163,146.203,146.078,146.144
2025-06-23 20:00,146.146,146.167,146.022,146.153
2025-06-23 21:00,146.106,146.163,146.029,146.112
2025-06-23 22:00,146.128,146.177,145.752,145.955
2025-06-23 23:00,145.926,146.041,145.696,145.920
2025-06-24 00:00,145.919,145.937,145.560,145.598
2025-06-24 01:00,145.603,145.733,145.472,145.677
2025-06-24 02:00,145.678,145.708,145.432,145.505
2025-06-24 03:00,145.505,145.511,145.285,145.412
2025-06-24 04:00,145.414,145.514,145.330,145.419
2025-06-24 05:00,145.417,145.513,145.281,145.306
2025-06-24 06:00,145.303,145.313,145.033,145.196
2025-06-24 07:00,145.195,145.409,144.992,145.311
2025-06-24 08:00,145.314,145.334,144.941,145.092
2025-06-24 09:00,145.090,145.150,144.846,144.967
2025-06-24 10:00,144.965,145.127,144.910,145.094
2025-06-24 11:00,145.096,145.148,144.896,144.962
2025-06-24 12:00,144.963,145.182,144.920,144.988
2025-06-24 13:00,144.988,145.196,144.850,145.048
2025-06-24 14:00,145.049,145.050,144.509,144.738
2025-06-24 15:00,144.739,144.906,144.600,144.902
2025-06-24 16:00,144.898,144.963,144.658,144.703
2025-06-24 17:00,144.703,144.752,144.558,144.728
2025-06-24 18:00,144.728,144.769,144.648,144.682
2025-06-24 19:00,144.678,144.789,144.652,144.773
2025-06-24 20:00,144.773,144.917,144.768,144.884
2025-06-24 21:00,144.886,144.912,144.759,144.801
2025-06-24 22:00,144.803,144.963,144.803,144.932
2025-06-24 23:00,144.927,144.973,144.788,144.928
2025-06-25 00:00,144.930,145.045,144.766,144.881
2025-06-25 01:00,144.884,144.894,144.621,144.654
2025-06-25 02:00,144.654,144.837,144.604,144.799
2025-06-25 03:00,144.800,144.981,144.780,144.972
2025-06-25 04:00,144.970,144.988,144.860,144.936
2025-06-25 05:00,144.942,145.163,144.938,145.031
2025-06-25 06:00,145.034,145.334,145.002,145.296
2025-06-25 07:00,145.299,145.372,145.228,145.311
2025-06-25 08:00,145.307,145.497,145.231,145.473
2025-06-25 09:00,145.476,145.679,145.452,145.623
2025-06-25 10:00,145.625,145.751,145.543,145.729
2025-06-25 11:00,145.730,145.799,145.664,145.749
2025-06-25 12:00,145.750,145.923,145.697,145.860
2025-06-25 13:00,145.856,145.951,145.752,145.861
2025-06-25 14:00,145.859,145.876,145.567,145.697
2025-06-25 15:00,145.701,145.735,145.523,145.590
2025-06-25 16:00,145.591,145.603,145.390,145.447
2025-06-25 17:00,145.447,145.508,145.362,145.392
2025-06-25 18:00,145.389,145.405,145.144,145.152
2025-06-25 19:00,145.148,145.245,145.099,145.236
2025-06-25 20:00,145.242,145.335,145.185,145.239
2025-06-25 21:00,145.186,145.263,145.130,145.167
2025-06-25 22:00,145.169,145.262,145.149,145.226
2025-06-25 23:00,145.222,145.227,144.871,144.913
2025-06-26 00:00,144.912,144.944,144.676,144.690
2025-06-26 01:00,144.688,144.928,144.669,144.722
2025-06-26 02:00,144.716,144.841,144.659,144.692
2025-06-26 03:00,144.688,144.818,144.567,144.785
2025-06-26 04:00,144.782,144.965,144.727,144.779
2025-06-26 05:00,144.783,144.920,144.579,144.643
2025-06-26 06:00,144.642,144.703,144.278,144.308
2025-06-26 07:00,144.304,144.313,143.930,144.061
2025-06-26 08:00,144.061,144.103,143.747,143.901
2025-06-26 09:00,143.914,144.128,143.894,144.072
2025-06-26 10:00,144.068,144.201,144.003,144.183
2025-06-26 11:00,144.217,144.444,144.198,144.383
2025-06-26 12:00,144.391,144.497,144.122,144.297
2025-06-26 13:00,144.278,144.496,144.163,144.231
2025-06-26 14:00,144.230,144.472,144.152,144.407
2025-06-26 15:00,144.411,144.521,144.312,144.338
2025-06-26 16:00,144.339,144.419,144.052,144.246
2025-06-26 17:00,144.245,144.274,144.128,144.186
2025-06-26 18:00,144.188,144.264,144.148,144.199
2025-06-26 19:00,144.201,144.404,144.193,144.369
2025-06-26 20:00,144.371,144.472,144.326,144.352
2025-06-26 21:00,144.368,144.408,144.259,144.357
2025-06-26 22:00,144.344,144.660,144.320,144.598
2025-06-26 23:00,144.570,144.743,144.388,144.679
2025-06-27 00:00,144.676,144.808,144.518,144.650
2025-06-27 01:00,144.648,144.741,144.272,144.280
2025-06-27 02:00,144.281,144.393,144.191,144.324
2025-06-27 03:00,144.325,144.502,144.248,144.457
2025-06-27 04:00,144.454,144.587,144.407,144.542
2025-06-27 05:00,144.546,144.591,144.356,144.423
2025-06-27 06:00,144.425,144.503,144.200,144.240
2025-06-27 07:00,144.239,144.553,144.172,144.482
2025-06-27 08:00,144.479,144.515,144.254,144.418
2025-06-27 09:00,144.422,144.491,144.342,144.486
2025-06-27 10:00,144.482,144.681,144.459,144.535
2025-06-27 11:00,144.531,144.629,144.484,144.492
2025-06-27 12:00,144.488,144.624,144.360,144.443
2025-06-27 13:00,144.441,144.805,144.375,144.721
2025-06-27 14:00,144.719,144.945,144.564,144.880
2025-06-27 15:00,144.878,144.910,144.609,144.736
2025-06-27 16:00,144.735,144.754,144.536,144.645
2025-06-27 17:00,144.645,144.904,144.578,144.737
2025-06-27 18:00,144.738,144.850,144.631,144.699
2025-06-27 19:00,144.697,144.794,144.652,144.750
2025-06-27 20:00,144.751,144.761,144.604,144.614
2025-06-27 21:00,144.615,144.615,144.615,144.615
2025-06-29 23:00,144.474,144.540,144.378,144.498
2025-06-30 00:00,144.499,144.762,144.469,144.616
2025-06-30 01:00,144.616,144.652,144.241,144.328
2025-06-30 02:00,144.326,144.331,144.086,144.283
2025-06-30 03:00,144.288,144.312,144.155,144.216
2025-06-30 04:00,144.218,144.234,143.907,143.944
2025-06-30 05:00,143.944,143.948,143.790,143.908
2025-06-30 06:00,143.906,144.018,143.848,143.882
2025-06-30 07:00,143.881,144.169,143.778,144.126
2025-06-30 08:00,144.122,144.215,144.012,144.110
2025-06-30 09:00,144.113,144.267,144.050,144.265
2025-06-30 10:00,144.264,144.289,144.172,144.179
2025-06-30 11:00,144.182,144.342,144.149,144.329
2025-06-30 12:00,144.327,144.494,144.282,144.459
2025-06-30 13:00,144.456,144.511,144.314,144.364
2025-06-30 14:00,144.363,144.501,144.208,144.445
2025-06-30 15:00,144.447,144.497,144.152,144.163
2025-06-30 16:00,144.163,144.388,144.136,144.224
2025-06-30 17:00,144.224,144.324,144.147,144.252
2025-06-30 18:00,144.252,144.296,144.123,144.200
2025-06-30 19:00,144.203,144.245,143.988,144.035
2025-06-30 20:00,144.038,144.054,143.947,144.029
2025-06-30 21:00,143.998,144.051,143.969,144.010
2025-06-30 22:00,143.998,144.029,143.851,143.915
2025-06-30 23:00,143.916,143.930,143.770,143.802
2025-07-01 00:00,143.804,143.810,143.550,143.564
2025-07-01 01:00,143.565,143.807,143.432,143.792
2025-07-01 02:00,143.797,143.834,143.637,143.723
2025-07-01 03:00,143.727,143.891,143.627,143.879
2025-07-01 04:00,143.877,143.934,143.746,143.751
2025-07-01 05:00,143.746,143.750,143.567,143.582
2025-07-01 06:00,143.576,143.762,143.544,143.671
2025-07-01 07:00,143.669,143.739,143.063,143.069
2025-07-01 08:00,143.065,143.136,142.886,143.036
2025-07-01 09:00,143.039,143.167,142.820,142.943
2025-07-01 10:00,142.942,142.994,142.818,142.983
2025-07-01 11:00,142.985,142.990,142.699,142.736
2025-07-01 12:00,142.732,143.090,142.676,143.066
2025-07-01 13:00,143.062,143.287,142.932,143.065
2025-07-01 14:00,143.057,143.480,143.033,143.439
2025-07-01 15:00,143.435,143.668,143.435,143.576
2025-07-01 16:00,143.579,143.780,143.573,143.693
2025-07-01 17:00,143.691,143.752,143.600,143.622
2025-07-01 18:00,143.625,143.792,143.619,143.720
2025-07-01 19:00,143.722,143.802,143.578,143.771
2025-07-01 20:00,143.771,143.771,143.372,143.387
2025-07-01 21:00,143.429,143.473,143.356,143.380
2025-07-01 22:00,143.381,143.442,143.333,143.405
2025-07-01 23:00,143.404,143.473,143.336,143.371
2025-07-02 00:00,143.367,143.659,143.317,143.473
2025-07-02 01:00,143.474,143.686,143.438,143.654
2025-07-02 02:00,143.650,143.746,143.506,143.549
2025-07-02 03:00,143.542,143.589,143.475,143.528
2025-07-02 04:00,143.529,143.609,143.456,143.553
2025-07-02 05:00,143.551,143.854,143.536,143.757
2025-07-02 06:00,143.752,143.886,143.670,143.807
2025-07-02 07:00,143.806,144.050,143.800,143.899
2025-07-02 08:00,143.898,143.973,143.774,143.964
2025-07-02 09:00,143.965,144.244,143.925,144.147
2025-07-02 10:00,144.146,144.157,143.860,143.921
2025-07-02 11:00,143.918,144.198,143.888,144.178
2025-07-02 12:00,144.177,144.213,143.482,143.871
2025-07-02 13:00,143.872,144.131,143.630,144.008
2025-07-02 14:00,143.997,144.153,143.900,144.026
2025-07-02 15:00,144.024,144.040,143.731,143.757
2025-07-02 16:00,143.757,143.808,143.652,143.733
2025-07-02 17:00,143.736,143.745,143.614,143.693
2025-07-02 18:00,143.694,143.732,143.576,143.618
2025-07-02 19:00,143.619,143.668,143.567,143.615
2025-07-02 20:00,143.616,143.691,143.605,143.610
2025-07-02 21:00,143.659,143.750,143.587,143.619
2025-07-02 22:00,143.606,143.658,143.549,143.605
2025-07-02 23:00,143.610,143.616,143.478,143.520
2025-07-03 00:00,143.519,143.612,143.442,143.582
2025-07-03 01:00,143.587,143.690,143.483,143.549
2025-07-03 02:00,143.551,143.763,143.543,143.679
2025-07-03 03:00,143.681,143.880,143.666,143.850
2025-07-03 04:00,143.849,143.853,143.758,143.835
2025-07-03 05:00,143.838,143.927,143.762,143.856
2025-07-03 06:00,143.857,143.931,143.753,143.771
2025-07-03 07:00,143.769,143.917,143.668,143.860
2025-07-03 08:00,143.855,143.894,143.768,143.871
2025-07-03 09:00,143.876,143.894,143.822,143.850
2025-07-03 10:00,143.852,143.861,143.730,143.842
2025-07-03 11:00,143.847,143.896,143.812,143.865
2025-07-03 12:00,143.865,145.234,143.725,145.010
2025-07-03 13:00,145.008,145.072,144.603,144.741
2025-07-03 14:00,144.738,145.133,144.634,145.090
2025-07-03 15:00,145.095,145.165,144.814,144.965
2025-07-03 16:00,144.967,145.212,144.944,145.048
2025-07-03 17:00,145.053,145.092,144.992,145.070
2025-07-03 18:00,145.071,145.116,145.008,145.105
2025-07-03 19:00,145.100,145.116,144.980,145.037
2025-07-03 20:00,145.040,145.085,144.903,144.905
2025-07-03 21:00,144.915,144.971,144.884,144.916
2025-07-03 22:00,144.938,144.967,144.871,144.884
2025-07-03 23:00,144.868,144.926,144.680,144.707
2025-07-04 00:00,144.704,144.783,144.569,144.599
2025-07-04 01:00,144.598,144.783,144.579,144.757
2025-07-04 02:00,144.756,144.791,144.594,144.648
2025-07-04 03:00,144.645,144.668,144.457,144.518
2025-07-04 04:00,144.519,144.526,144.324,144.373
2025-07-04 05:00,144.375,144.399,144.301,144.336
2025-07-04 06:00,144.335,144.429,144.180,144.246
2025-07-04 07:00,144.245,144.428,144.232,144.408
2025-07-04 08:00,144.405,144.416,144.280,144.341
2025-07-04 09:00,144.338,144.373,144.271,144.310
2025-07-04 10:00,144.312,144.384,144.278,144.340
2025-07-04 11:00,144.343,144.401,144.298,144.391
2025-07-04 12:00,144.394,144.446,144.352,144.423
2025-07-04 13:00,144.420,144.509,144.383,144.456
2025-07-04 14:00,144.458,144.568,144.404,144.518
2025-07-04 15:00,144.522,144.554,144.500,144.529
2025-07-04 16:00,144.531,144.548,144.472,144.498
2025-07-04 17:00,144.495,144.525,144.462,144.468
2025-07-04 18:00,144.472,144.515,144.463,144.470
2025-07-04 19:00,144.474,144.582,144.435,144.566
2025-07-04 20:00,144.563,144.582,144.426,144.443
2025-07-06 23:00,144.483,144.583,144.457,144.487
2025-07-07 00:00,144.487,144.506,144.292,144.352
2025-07-07 01:00,144.350,144.579,144.220,144.532
2025-07-07 02:00,144.535,144.839,144.492,144.816
2025-07-07 03:00,144.810,144.850,144.704,144.832
2025-07-07 04:00,144.829,145.001,144.775,144.984
2025-07-07 05:00,144.979,145.078,144.933,144.983
2025-07-07 06:00,144.981,145.158,144.945,145.019
2025-07-07 07:00,145.018,145.202,144.975,145.192
2025-07-07 08:00,145.198,145.345,145.108,145.332
2025-07-07 09:00,145.333,145.488,145.270,145.430
2025-07-07 10:00,145.435,145.533,145.391,145.429
2025-07-07 11:00,145.434,145.513,145.369,145.492
2025-07-07 12:00,145.493,145.646,145.476,145.590
2025-07-07 13:00,145.586,145.783,145.568,145.734
2025-07-07 14:00,145.735,145.811,145.663,145.794
2025-07-07 15:00,145.796,145.893,145.776,145.865
2025-07-07 16:00,145.865,146.146,145.734,146.118
2025-07-07 17:00,146.102,146.235,146.011,146.061
2025-07-07 18:00,146.059,146.241,146.050,146.172
2025-07-07 19:00,146.169,146.187,145.997,146.050
2025-07-07 20:00,146.053,146.159,146.008,146.008
2025-07-07 21:00,146.012,146.070,145.992,145.999
2025-07-07 22:00,145.993,146.033,145.834,145.841
2025-07-07 23:00,145.860,146.069,145.852,145.880
2025-07-08 00:00,145.879,146.212,145.828,146.160
2025-07-08 01:00,146.154,146.443,146.039,146.246
2025-07-08 02:00,146.243,146.285,146.038,146.092
2025-07-08 03:00,146.091,146.168,146.037,146.072
2025-07-08 04:00,146.071,146.104,145.877,145.992
2025-07-08 05:00,145.993,146.108,145.943,146.093
2025-07-08 06:00,146.093,146.249,146.059,146.245
2025-07-08 07:00,146.245,146.280,145.992,146.038
2025-07-08 08:00,146.033,146.242,146.030,146.188
2025-07-08 09:00,146.191,146.267,146.053,146.231
2025-07-08 10:00,146.225,146.409,146.219,146.402
2025-07-08 11:00,146.402,146.651,146.350,146.559
2025-07-08 12:00,146.590,146.689,146.452,146.649
2025-07-08 13:00,146.648,146.899,146.626,146.772
2025-07-08 14:00,146.770,146.960,146.748,146.918
2025-07-08 15:00,146.913,146.976,146.772,146.814
2025-07-08 16:00,146.813,146.864,146.702,146.744
2025-07-08 17:00,146.744,146.807,146.652,146.716
2025-07-08 18:00,146.711,146.763,146.649,146.662
2025-07-08 19:00,146.658,146.694,146.611,146.622
2025-07-08 20:00,146.622,146.642,146.508,146.595
2025-07-08 21:00,146.596,146.619,146.497,146.519
2025-07-08 22:00,146.521,146.614,146.521,146.581
2025-07-08 23:00,146.585,146.876,146.579,146.869
2025-07-09 00:00,146.868,146.910,146.730,146.789
2025-07-09 01:00,146.791,147.030,146.733,146.863
2025-07-09 02:00,146.864,147.093,146.788,147.056
2025-07-09 03:00,147.058,147.182,147.053,147.099
2025-07-09 04:00,147.103,147.147,147.023,147.039
2025-07-09 05:00,147.035,147.068,146.896,146.986
2025-07-09 06:00,146.982,147.034,146.795,146.806
2025-07-09 07:00,146.800,146.879,146.678,146.841
2025-07-09 08:00,146.841,146.870,146.590,146.677
2025-07-09 09:00,146.677,146.694,146.536,146.627
2025-07-09 10:00,146.625,146.689,146.536,146.654
2025-07-09 11:00,146.657,146.780,146.604,146.765
2025-07-09 12:00,146.763,146.766,146.463,146.481
2025-07-09 13:00,146.485,146.544,146.355,146.460
2025-07-09 14:00,146.460,146.503,146.267,146.462
2025-07-09 15:00,146.462,146.566,146.445,146.532
2025-07-09 16:00,146.531,146.531,146.328,146.409
2025-07-09 17:00,146.413,146.434,146.276,146.332
2025-07-09 18:00,146.331,146.391,146.246,146.328
2025-07-09 19:00,146.331,146.371,146.249,146.314
2025-07-09 20:00,146.345,146.486,146.291,146.295
2025-07-09 21:00,146.323,146.391,146.233,146.294
2025-07-09 22:00,146.301,146.321,146.208,146.230
2025-07-09 23:00,146.238,146.303,146.068,146.105
2025-07-10 00:00,146.105,146.118,145.750,145.814
2025-07-10 01:00,145.812,145.954,145.758,145.886
2025-07-10 02:00,145.889,146.095,145.850,146.083
2025-07-10 03:00,146.078,146.258,146.065,146.251
2025-07-10 04:00,146.251,146.411,146.202,146.218
2025-07-10 05:00,146.215,146.344,146.168,146.255
2025-07-10 06:00,146.255,146.360,146.122,146.149
2025-07-10 07:00,146.147,146.464,146.062,146.278
2025-07-10 08:00,146.281,146.410,146.260,146.355
2025-07-10 09:00,146.353,146.374,146.168,146.180
2025-07-10 10:00,146.174,146.253,146.080,146.118
2025-07-10 11:00,146.121,146.393,146.081,146.250
2025-07-10 12:00,146.250,146.544,146.202,146.434
2025-07-10 13:00,146.438,146.613,146.344,146.579
2025-07-10 14:00,146.580,146.787,146.475,146.509
2025-07-10 15:00,146.510,146.562,146.378,146.461
2025-07-10 16:00,146.457,146.510,146.390,146.462
2025-07-10 17:00,146.463,146.479,146.307,146.325
2025-07-10 18:00,146.325,146.333,146.196,146.243
2025-07-10 19:00,146.241,146.288,146.164,146.238
2025-07-10 20:00,146.239,146.255,146.176,146.239
2025-07-10 21:00,146.240,146.255,146.164,146.219
2025-07-10 22:00,146.221,146.267,146.164,146.207
2025-07-10 23:00,146.207,146.297,146.126,146.271
2025-07-11 00:00,146.273,146.641,146.239,146.555
2025-07-11 01:00,146.548,146.838,146.511,146.762
2025-07-11 02:00,146.764,147.040,146.736,147.018
2025-07-11 03:00,147.014,147.033,146.854,146.945
2025-07-11 04:00,146.950,147.184,146.912,147.076
2025-07-11 05:00,147.074,147.110,146.824,146.868
2025-07-11 06:00,146.865,146.942,146.730,146.920
2025-07-11 07:00,146.922,146.922,146.716,146.851
2025-07-11 08:00,146.853,147.002,146.748,146.984
2025-07-11 09:00,146.985,147.084,146.913,147.009
2025-07-11 10:00,147.009,147.023,146.761,146.816
2025-07-11 11:00,146.813,147.034,146.764,147.024
2025-07-11 12:00,147.018,147.094,146.786,146.971
2025-07-11 13:00,146.972,147.284,146.902,147.284
2025-07-11 14:00,147.285,147.523,147.268,147.338
2025-07-11 15:00,147.392,147.431,147.257,147.292
2025-07-11 16:00,147.291,147.406,147.250,147.363
2025-07-11 17:00,147.363,147.419,147.313,147.390
2025-07-11 18:00,147.387,147.449,147.341,147.444
2025-07-11 19:00,147.446,147.479,147.368,147.374
2025-07-11 20:00,147.375,147.470,147.339,147.411
2025-07-13 23:00,147.497,147.568,147.230,147.296
2025-07-14 00:00,147.290,147.309,146.914,146.951
2025-07-14 01:00,146.947,147.153,146.847,147.131
2025-07-14 02:00,147.126,147.308,147.085,147.275
2025-07-14 03:00,147.275,147.386,147.102,147.302
2025-07-14 04:00,147.302,147.444,147.194,147.375
2025-07-14 05:00,147.370,147.484,147.279,147.362
2025-07-14 06:00,147.360,147.425,147.222,147.256
2025-07-14 07:00,147.261,147.371,147.236,147.366
2025-07-14 08:00,147.372,147.384,147.168,147.318
2025-07-14 09:00,147.318,147.346,147.151,147.279
2025-07-14 10:00,147.281,147.288,147.147,147.202
2025-07-14 11:00,147.200,147.464,147.200,147.407
2025-07-14 12:00,147.408,147.444,147.216,147.389
2025-07-14 13:00,147.390,147.487,147.307,147.354
2025-07-14 14:00,147.350,147.522,147.316,147.459
2025-07-14 15:00,147.462,147.702,147.433,147.690
2025-07-14 16:00,147.691,147.759,147.656,147.709
2025-07-14 17:00,147.710,147.762,147.668,147.715
2025-07-14 18:00,147.716,147.765,147.704,147.762
2025-07-14 19:00,147.761,147.766,147.702,147.723
2025-07-14 20:00,147.721,147.780,147.681,147.684
2025-07-14 21:00,147.675,147.740,147.670,147.693
2025-07-14 22:00,147.709,147.789,147.658,147.767
2025-07-14 23:00,147.760,147.887,147.759,147.783
2025-07-15 00:00,147.780,147.794,147.557,147.582
2025-07-15 01:00,147.585,147.800,147.580,147.771
2025-07-15 02:00,147.776,147.823,147.596,147.611
2025-07-15 03:00,147.610,147.685,147.548,147.667
2025-07-15 04:00,147.672,147.713,147.610,147.663
2025-07-15 05:00,147.661,147.671,147.548,147.567
2025-07-15 06:00,147.569,147.748,147.569,147.698
2025-07-15 07:00,147.698,147.788,147.636,147.734
2025-07-15 08:00,147.731,147.767,147.647,147.676
2025-07-15 09:00,147.671,147.746,147.606,147.706
2025-07-15 10:00,147.707,147.775,147.654,147.730
2025-07-15 11:00,147.732,147.950,147.712,147.909
2025-07-15 12:00,147.914,148.148,147.647,147.894
2025-07-15 13:00,147.887,148.657,147.884,148.581
2025-07-15 14:00,148.576,148.899,148.566,148.815
2025-07-15 15:00,148.816,149.023,148.752,148.758
2025-07-15 16:00,148.753,148.981,148.708,148.895
2025-07-15 17:00,148.894,148.996,148.873,148.936
2025-07-15 18:00,148.938,148.962,148.820,148.852
2025-07-15 19:00,148.851,148.922,148.803,148.844
2025-07-15 20:00,148.845,148.888,148.823,148.878
2025-07-15 21:00,148.859,148.901,148.805,148.829
2025-07-15 22:00,148.842,148.927,148.821,148.885
2025-07-15 23:00,148.878,148.942,148.718,148.774
2025-07-16 00:00,148.781,149.038,148.701,148.978
2025-07-16 01:00,148.975,149.036,148.734,148.823
2025-07-16 02:00,148.821,148.972,148.820,148.904
2025-07-16 03:00,148.905,149.089,148.859,149.035
2025-07-16 04:00,149.033,149.186,148.908,148.926
2025-07-16 05:00,148.931,148.949,148.782,148.815
2025-07-16 06:00,148.810,148.872,148.616,148.649
2025-07-16 07:00,148.647,148.928,148.614,148.886
2025-07-16 08:00,148.882,148.900,148.720,148.837
2025-07-16 09:00,148.833,148.889,148.649,148.718
2025-07-16 10:00,148.718,148.737,148.644,148.710
2025-07-16 11:00,148.714,148.785,148.622,148.765
2025-07-16 12:00,148.765,148.835,148.464,148.702
2025-07-16 13:00,148.705,148.929,148.600,148.807
2025-07-16 14:00,148.807,148.852,148.304,148.470
2025-07-16 15:00,148.469,148.512,146.904,148.101
2025-07-16 16:00,148.106,148.378,147.813,148.044
2025-07-16 17:00,148.044,148.059,147.483,147.681
2025-07-16 18:00,147.679,147.953,147.640,147.943
2025-07-16 19:00,147.945,148.023,147.819,147.842
2025-07-16 20:00,147.846,147.914,147.810,147.824
2025-07-16 21:00,147.832,147.872,147.753,147.805
2025-07-16 22:00,147.798,147.930,147.717,147.882
2025-07-16 23:00,147.876,148.070,147.762,147.988
2025-07-17 00:00,147.991,148.426,147.980,148.378
2025-07-17 01:00,148.378,148.493,148.274,148.339
2025-07-17 02:00,148.344,148.501,148.339,148.450
2025-07-17 03:00,148.451,148.661,148.436,148.545
2025-07-17 04:00,148.548,148.613,148.405,148.416
2025-07-17 05:00,148.419,148.495,148.364,148.482
2025-07-17 06:00,148.478,148.805,148.447,148.628
2025-07-17 07:00,148.627,148.767,148.586,148.721
2025-07-17 08:00,148.716,148.785,148.580,148.583
2025-07-17 09:00,148.586,148.773,148.518,148.748
2025-07-17 10:00,148.749,148.834,148.610,148.639
2025-07-17 11:00,148.637,148.801,148.599,148.767
2025-07-17 12:00,148.762,149.087,148.594,148.714
2025-07-17 13:00,148.713,148.753,148.450,148.574
2025-07-17 14:00,148.585,148.658,148.377,148.481
2025-07-17 15:00,148.481,148.611,148.451,148.552
2025-07-17 16:00,148.553,148.704,148.471,148.625
2025-07-17 17:00,148.620,148.673,148.556,148.659
2025-07-17 18:00,148.655,148.753,148.640,148.725
2025-07-17 19:00,148.721,148.753,148.546,148.586
2025-07-17 20:00,148.585,148.621,148.533,148.564
2025-07-17 21:00,148.567,148.588,148.505,148.507
2025-07-17 22:00,148.515,148.567,148.293,148.319
2025-07-17 23:00,148.313,148.454,148.285,148.445
2025-07-18 00:00,148.443,148.627,148.327,148.580
2025-07-18 01:00,148.581,148.622,148.378,148.485
2025-07-18 02:00,148.487,148.576,148.408,148.519
2025-07-18 03:00,148.516,148.670,148.472,148.668
2025-07-18 04:00,148.665,148.724,148.614,148.667
2025-07-18 05:00,148.664,148.809,148.664,148.754
2025-07-18 06:00,148.760,148.837,148.689,148.740
2025-07-18 07:00,148.741,148.884,148.648,148.780
2025-07-18 08:00,148.777,148.781,148.497,148.585
2025-07-18 09:00,148.595,148.724,148.509,148.704
2025-07-18 10:00,148.704,148.718,148.494,148.514
2025-07-18 11:00,148.519,148.583,148.448,148.503
2025-07-18 12:00,148.501,148.528,148.319,148.356
2025-07-18 13:00,148.359,148.468,148.188,148.258
2025-07-18 14:00,148.260,148.517,148.180,148.476
2025-07-18 15:00,148.479,148.563,148.358,148.549
2025-07-18 16:00,148.554,148.732,148.508,148.687
2025-07-18 17:00,148.684,148.794,148.650,148.714
2025-07-18 18:00,148.715,148.785,148.696,148.764
2025-07-18 19:00,148.770,148.808,148.730,148.744
2025-07-18 20:00,148.744,148.853,148.691,148.749
2025-07-20 23:00,148.587,148.665,148.371,148.453
2025-07-21 00:00,148.450,148.486,148.236,148.384
2025-07-21 01:00,148.385,148.541,148.328,148.513
2025-07-21 02:00,148.514,148.576,148.433,148.498
2025-07-21 03:00,148.499,148.559,148.389,148.477
2025-07-21 04:00,148.458,148.540,148.417,148.444
2025-07-21 05:00,148.440,148.485,148.258,148.296
2025-07-21 06:00,148.296,148.308,147.770,147.933
2025-07-21 07:00,147.935,148.245,147.912,148.104
2025-07-21 08:00,148.103,148.135,147.688,147.895
2025-07-21 09:00,147.896,147.972,147.843,147.921
2025-07-21 10:00,147.917,147.977,147.752,147.755
2025-07-21 11:00,147.753,147.766,147.504,147.545
2025-07-21 12:00,147.546,147.554,147.328,147.489
2025-07-21 13:00,147.494,147.723,147.490,147.527
2025-07-21 14:00,147.526,147.547,147.282,147.424
2025-07-21 15:00,147.425,147.428,147.254,147.269
2025-07-21 16:00,147.270,147.332,147.078,147.158
2025-07-21 17:00,147.163,147.309,147.110,147.249
2025-07-21 18:00,147.254,147.382,147.214,147.328
2025-07-21 19:00,147.326,147.374,147.269,147.358
2025-07-21 20:00,147.355,147.437,147.325,147.326
2025-07-21 21:00,147.313,147.427,147.193,147.307
2025-07-21 22:00,147.307,147.414,147.289,147.386
2025-07-21 23:00,147.395,147.496,147.386,147.401
2025-07-22 00:00,147.396,147.713,147.388,147.488
2025-07-22 01:00,147.482,147.642,147.448,147.582
2025-07-22 02:00,147.579,147.586,147.407,147.458
2025-07-22 03:00,147.464,147.612,147.414,147.575
2025-07-22 04:00,147.574,147.672,147.534,147.639
2025-07-22 05:00,147.638,147.809,147.598,147.773
2025-07-22 06:00,147.767,147.931,147.717,147.817
2025-07-22 07:00,147.823,147.947,147.700,147.705
2025-07-22 08:00,147.706,147.763,147.604,147.614
2025-07-22 09:00,147.615,147.615,147.419,147.432
2025-07-22 10:00,147.437,147.556,147.359,147.535
2025-07-22 11:00,147.531,147.571,147.153,147.192
2025-07-22 12:00,147.192,147.254,146.738,146.801
2025-07-22 13:00,146.798,146.890,146.502,146.573
2025-07-22 14:00,146.574,146.674,146.320,146.448
2025-07-22 15:00,146.446,146.530,146.338,146.367
2025-07-22 16:00,146.364,146.475,146.302,146.422
2025-07-22 17:00,146.424,146.586,146.423,146.556
2025-07-22 18:00,146.550,146.593,146.520,146.565
2025-07-22 19:00,146.566,146.604,146.487,146.561
2025-07-22 20:00,146.562,146.683,146.548,146.622
2025-07-22 21:00,146.620,146.626,146.556,146.582
2025-07-22 22:00,146.593,146.775,146.567,146.703
2025-07-22 23:00,146.688,146.945,146.242,146.757
2025-07-23 00:00,146.762,146.812,146.194,146.435
2025-07-23 01:00,146.434,146.725,146.385,146.605
2025-07-23 02:00,146.609,147.204,146.416,146.928
2025-07-23 03:00,146.934,147.018,146.742,146.925
2025-07-23 04:00,146.925,147.077,146.908,146.944
2025-07-23 05:00,146.938,147.207,146.852,147.156
2025-07-23 06:00,147.159,147.215,146.647,146.858
2025-07-23 07:00,146.880,146.885,146.593,146.752
2025-07-23 08:00,146.748,146.904,146.637,146.793
2025-07-23 09:00,146.789,146.799,146.462,146.501
2025-07-23 10:00,146.500,146.549,146.276,146.408
2025-07-23 11:00,146.404,146.419,146.104,146.202
2025-07-23 12:00,146.205,146.498,146.160,146.414
2025-07-23 13:00,146.415,146.729,146.367,146.540
2025-07-23 14:00,146.544,146.593,146.287,146.416
2025-07-23 15:00,146.417,146.570,146.232,146.548
2025-07-23 16:00,146.550,146.615,146.407,146.576
2025-07-23 17:00,146.577,146.623,146.470,146.529
2025-07-23 18:00,146.532,146.543,146.367,146.465
2025-07-23 19:00,146.465,146.580,146.422,146.529
2025-07-23 20:00,146.530,146.537,146.447,146.499
2025-07-23 21:00,146.513,146.543,146.340,146.473
2025-07-23 22:00,146.445,146.517,146.378,146.444
2025-07-23 23:00,146.444,146.451,146.238,146.347
2025-07-24 00:00,146.342,146.492,146.262,146.427
2025-07-24 01:00,146.431,146.437,145.850,145.933
2025-07-24 02:00,145.931,146.153,145.931,146.039
2025-07-24 03:00,146.039,146.109,145.894,146.004
2025-07-24 04:00,146.005,146.082,145.927,146.017
2025-07-24 05:00,146.016,146.113,145.952,146.010
2025-07-24 06:00,146.012,146.304,145.986,146.275
2025-07-24 07:00,146.270,146.460,146.140,146.416
2025-07-24 08:00,146.419,146.566,146.308,146.545
2025-07-24 09:00,146.546,146.647,146.520,146.554
2025-07-24 10:00,146.555,146.660,146.523,146.572
2025-07-24 11:00,146.567,146.624,146.460,146.479
2025-07-24 12:00,146.483,146.832,146.444,146.790
2025-07-24 13:00,146.795,146.873,146.477,146.542
2025-07-24 14:00,146.539,146.818,146.353,146.781
2025-07-24 15:00,146.778,146.946,146.734,146.927
2025-07-24 16:00,146.923,146.953,146.780,146.899
2025-07-24 17:00,146.902,146.902,146.748,146.813
2025-07-24 18:00,146.814,146.930,146.792,146.918
2025-07-24 19:00,146.917,146.969,146.847,146.937
2025-07-24 20:00,146.933,147.026,146.881,147.000
2025-07-24 21:00,146.993,147.107,146.937,147.085
2025-07-24 22:00,147.090,147.233,147.021,147.033
2025-07-24 23:00,147.053,147.116,146.958,147.001
2025-07-25 00:00,147.003,147.342,146.980,147.204
2025-07-25 01:00,147.205,147.461,147.157,147.360
2025-07-25 02:00,147.361,147.493,147.344,147.416
2025-07-25 03:00,147.415,147.438,147.188,147.219
2025-07-25 04:00,147.215,147.273,147.096,147.134
2025-07-25 05:00,147.136,147.162,146.808,146.933
2025-07-25 06:00,146.934,147.096,146.845,147.059
2025-07-25 07:00,147.055,147.415,147.036,147.384
2025-07-25 08:00,147.379,147.832,147.354,147.754
2025-07-25 09:00,147.755,147.894,147.723,147.866
2025-07-25 10:00,147.869,147.902,147.747,147.774
2025-07-25 11:00,147.772,147.940,147.640,147.674
2025-07-25 12:00,147.677,147.936,147.600,147.856
2025-07-25 13:00,147.855,147.920,147.596,147.669
2025-07-25 14:00,147.666,147.764,147.525,147.730
2025-07-25 15:00,147.727,147.806,147.656,147.783
2025-07-25 16:00,147.777,147.836,147.725,147.756
2025-07-25 17:00,147.761,147.780,147.652,147.672
2025-07-25 18:00,147.673,147.683,147.544,147.565
2025-07-25 19:00,147.566,147.617,147.525,147.614
2025-07-25 20:00,147.616,147.691,147.612,147.622
2025-07-27 23:00,147.810,147.877,147.736,147.785
2025-07-28 00:00,147.784,147.813,147.597,147.616
2025-07-28 01:00,147.613,147.877,147.514,147.866
2025-07-28 02:00,147.866,148.022,147.822,147.836
2025-07-28 03:00,147.837,147.870,147.684,147.710
2025-07-28 04:00,147.712,147.793,147.622,147.744
2025-07-28 05:00,147.745,147.876,147.728,147.855
2025-07-28 06:00,147.858,148.210,147.835,148.019
2025-07-28 07:00,148.014,148.338,147.786,148.292
2025-07-28 08:00,148.292,148.374,148.151,148.270
2025-07-28 09:00,148.268,148.414,148.222,148.385
2025-07-28 10:00,148.387,148.434,148.288,148.406
2025-07-28 11:00,148.411,148.447,148.074,148.139
2025-07-28 12:00,148.140,148.185,148.026,148.052
2025-07-28 13:00,148.052,148.328,147.934,148.289
2025-07-28 14:00,148.291,148.322,148.094,148.276
2025-07-28 15:00,148.277,148.495,148.254,148.456
2025-07-28 16:00,148.459,148.520,148.438,148.486
2025-07-28 17:00,148.484,148.546,148.389,148.521
2025-07-28 18:00,148.521,148.579,148.473,148.557
2025-07-28 19:00,148.555,148.560,148.516,148.549
2025-07-28 20:00,148.545,148.577,148.429,148.497
2025-07-28 21:00,148.421,148.561,148.421,148.541
2025-07-28 22:00,148.548,148.580,148.486,148.518
2025-07-28 23:00,148.500,148.637,148.452,148.457
2025-07-29 00:00,148.452,148.711,148.436,148.684
2025-07-29 01:00,148.682,148.705,148.462,148.584
2025-07-29 02:00,148.586,148.615,148.287,148.341
2025-07-29 03:00,148.346,148.454,148.304,148.373
2025-07-29 04:00,148.373,148.498,148.328,148.348
2025-07-29 05:00,148.345,148.407,148.170,148.235
2025-07-29 06:00,148.237,148.542,148.153,148.520
2025-07-29 07:00,148.517,148.752,148.484,148.577
2025-07-29 08:00,148.574,148.606,148.350,148.549
2025-07-29 09:00,148.549,148.575,148.444,148.551
2025-07-29 10:00,148.550,148.613,148.381,148.544
2025-07-29 11:00,148.543,148.756,148.512,148.717
2025-07-29 12:00,148.716,148.772,148.600,148.692
2025-07-29 13:00,148.700,148.808,148.524,148.554
2025-07-29 14:00,148.560,148.748,148.430,148.472
2025-07-29 15:00,148.468,148.623,148.356,148.571
2025-07-29 16:00,148.575,148.603,148.448,148.562
2025-07-29 17:00,148.561,148.585,148.333,148.489
2025-07-29 18:00,148.485,148.559,148.427,148.429
2025-07-29 19:00,148.428,148.505,148.342,148.501
2025-07-29 20:00,148.500,148.513,148.416,148.418
2025-07-29 21:00,148.431,148.480,148.399,148.437
2025-07-29 22:00,148.445,148.496,148.418,148.466
2025-07-29 23:00,148.467,148.525,148.410,148.418
2025-07-30 00:00,148.424,148.449,148.032,148.056
2025-07-30 01:00,148.055,148.163,147.940,148.142
2025-07-30 02:00,148.136,148.154,148.027,148.044
2025-07-30 03:00,148.044,148.044,147.843,147.974
2025-07-30 04:00,147.970,148.171,147.960,148.154
2025-07-30 05:00,148.155,148.172,147.852,148.024
2025-07-30 06:00,148.028,148.134,147.857,147.897
2025-07-30 07:00,147.897,148.082,147.798,148.078
2025-07-30 08:00,148.079,148.118,147.919,147.960
2025-07-30 09:00,147.956,148.070,147.852,148.035
2025-07-30 10:00,148.036,148.294,147.977,148.171
2025-07-30 11:00,148.170,148.359,148.109,148.310
2025-07-30 12:00,148.311,148.887,148.260,148.847
2025-07-30 13:00,148.851,149.105,148.826,149.051
2025-07-30 14:00,149.049,149.057,148.867,148.921
2025-07-30 15:00,148.922,149.114,148.842,149.076
2025-07-30 16:00,149.073,149.111,148.923,148.934
2025-07-30 17:00,148.930,148.933,148.766,148.790
2025-07-30 18:00,148.767,149.354,148.518,149.347
2025-07-30 19:00,149.350,149.438,149.220,149.408
2025-07-30 20:00,149.412,149.554,149.358,149.477
2025-07-30 21:00,149.491,149.492,149.417,149.447
2025-07-30 22:00,149.451,149.466,149.291,149.315
2025-07-30 23:00,149.312,149.394,149.203,149.220
2025-07-31 00:00,149.225,149.393,149.172,149.303
2025-07-31 01:00,149.301,149.340,148.962,148.974
2025-07-31 02:00,148.974,149.000,148.634,148.833
2025-07-31 03:00,148.835,148.920,148.582,148.745
2025-07-31 04:00,148.746,148.958,148.729,148.886
2025-07-31 05:00,148.886,148.926,148.738,148.785
2025-07-31 06:00,148.786,149.092,148.680,148.878
2025-07-31 07:00,148.875,149.722,148.848,149.396
2025-07-31 08:00,149.396,149.700,149.293,149.628
2025-07-31 09:00,149.634,149.959,149.618,149.947
2025-07-31 10:00,149.949,150.047,149.866,149.944
2025-07-31 11:00,149.942,150.103,149.808,149.876
2025-07-31 12:00,149.877,150.259,149.807,150.187
2025-07-31 13:00,150.189,150.584,150.173,150.567
2025-07-31 14:00,150.561,150.634,150.372,150.478
2025-07-31 15:00,150.477,150.603,150.343,150.601
2025-07-31 16:00,150.601,150.790,150.589,150.685
2025-07-31 17:00,150.681,150.724,150.555,150.661
2025-07-31 18:00,150.662,150.786,150.659,150.758
2025-07-31 19:00,150.757,150.802,150.687,150.797
2025-07-31 20:00,150.794,150.842,150.711,150.729
2025-07-31 21:00,150.721,150.740,150.660,150.698
2025-07-31 22:00,150.697,150.797,150.673,150.713
2025-07-31 23:00,150.739,150.882,150.635,150.808
2025-08-01 00:00,150.807,150.894,150.590,150.737
2025-08-01 01:00,150.737,150.919,150.627,150.902
2025-08-01 02:00,150.901,150.913,150.699,150.757
2025-08-01 03:00,150.764,150.778,150.548,150.588
2025-08-01 04:00,150.589,150.660,150.546,150.607
2025-08-01 05:00,150.602,150.660,150.410,150.475
2025-08-01 06:00,150.475,150.649,150.444,150.602
2025-08-01 07:00,150.605,150.622,150.450,150.533
2025-08-01 08:00,150.537,150.627,150.504,150.610
2025-08-01 09:00,150.605,150.630,150.415,150.509
2025-08-01 10:00,150.503,150.513,150.319,150.359
2025-08-01 11:00,150.355,150.529,150.278,150.520
2025-08-01 12:00,150.514,150.597,148.560,148.634
2025-08-01 13:00,148.634,148.661,147.983,148.132
2025-08-01 14:00,148.134,148.225,147.478,148.089
2025-08-01 15:00,148.085,148.167,147.923,148.055
2025-08-01 16:00,148.056,148.109,147.778,147.828
2025-08-01 17:00,147.822,147.950,147.724,147.876
2025-08-01 18:00,147.878,147.901,147.678,147.852
2025-08-01 19:00,147.850,147.862,147.322,147.438
2025-08-01 20:00,147.436,147.459,147.288,147.381
2025-08-03 23:00,147.242,147.385,147.112,147.345
2025-08-04 00:00,147.343,147.693,147.266,147.652
2025-08-04 01:00,147.655,147.907,147.618,147.760
2025-08-04 02:00,147.765,147.867,147.622,147.794
2025-08-04 03:00,147.795,147.795,147.584,147.692
2025-08-04 04:00,147.689,147.710,147.550,147.686
2025-08-04 05:00,147.681,147.872,147.650,147.780
2025-08-04 06:00,147.781,147.847,147.528,147.636
2025-08-04 07:00,147.644,148.045,147.592,147.882
2025-08-04 08:00,147.881,148.088,147.858,147.895
2025-08-04 09:00,147.894,147.945,147.675,147.812
2025-08-04 10:00,147.812,147.854,147.560,147.574
2025-08-04 11:00,147.577,147.598,147.339,147.344
2025-08-04 12:00,147.343,147.439,147.002,147.190
2025-08-04 13:00,147.187,147.319,146.952,147.088
2025-08-04 14:00,147.086,147.262,146.860,147.230
2025-08-04 15:00,147.229,147.355,147.040,147.093
2025-08-04 16:00,147.097,147.217,147.000,147.037
2025-08-04 17:00,147.036,147.097,146.956,146.969
2025-08-04 18:00,146.968,147.007,146.907,146.946
2025-08-04 19:00,146.946,147.059,146.908,147.028
2025-08-04 20:00,147.029,147.114,146.950,147.068
2025-08-04 21:00,147.074,147.155,147.010,147.071
2025-08-04 22:00,147.088,147.102,146.873,146.933
2025-08-04 23:00,146.907,146.932,146.692,146.791
2025-08-05 00:00,146.790,147.036,146.616,146.926
2025-08-05 01:00,146.926,147.114,146.878,147.051
2025-08-05 02:00,147.043,147.229,147.035,147.187
2025-08-05 03:00,147.184,147.261,147.127,147.216
2025-08-05 04:00,147.215,147.262,147.000,147.084
2025-08-05 05:00,147.084,147.241,147.054,147.173
2025-08-05 06:00,147.169,147.342,147.027,147.325
2025-08-05 07:00,147.326,147.487,147.152,147.383
2025-08-05 08:00,147.388,147.635,147.331,147.584
2025-08-05 09:00,147.579,147.639,147.447,147.627
2025-08-05 10:00,147.624,147.780,147.578,147.616
2025-08-05 11:00,147.616,147.696,147.544,147.633
2025-08-05 12:00,147.631,147.757,147.540,147.660
2025-08-05 13:00,147.662,147.835,147.502,147.730
2025-08-05 14:00,147.730,147.732,147.350,147.448
2025-08-05 15:00,147.450,147.570,147.303,147.496
2025-08-05 16:00,147.495,147.592,147.424,147.546
2025-08-05 17:00,147.542,147.656,147.483,147.616
2025-08-05 18:00,147.616,147.681,147.588,147.604
2025-08-05 19:00,147.609,147.704,147.578,147.609
2025-08-05 20:00,147.608,147.620,147.496,147.601
2025-08-05 21:00,147.601,147.601,147.498,147.564
2025-08-05 22:00,147.564,147.638,147.542,147.558
2025-08-05 23:00,147.559,147.646,147.514,147.527
2025-08-06 00:00,147.522,147.622,147.445,147.584
2025-08-06 01:00,147.585,147.729,147.580,147.695
2025-08-06 02:00,147.695,147.749,147.524,147.557
2025-08-06 03:00,147.557,147.558,147.328,147.395
2025-08-06 04:00,147.399,147.447,147.302,147.342
2025-08-06 05:00,147.342,147.544,147.331,147.452
2025-08-06 06:00,147.450,147.551,147.360,147.550
2025-08-06 07:00,147.546,147.693,147.530,147.559
2025-08-06 08:00,147.563,147.845,147.552,147.802
2025-08-06 09:00,147.810,147.886,147.705,147.823
2025-08-06 10:00,147.820,147.841,147.556,147.580
2025-08-06 11:00,147.581,147.655,147.436,147.535
2025-08-06 12:00,147.538,147.594,147.406,147.442
2025-08-06 13:00,147.439,147.453,147.236,147.240
2025-08-06 14:00,147.246,147.441,147.244,147.390
2025-08-06 15:00,147.389,147.665,147.208,147.256
2025-08-06 16:00,147.262,147.420,147.211,147.342
2025-08-06 17:00,147.349,147.405,147.214,147.242
2025-08-06 18:00,147.236,147.276,146.972,147.067
2025-08-06 19:00,147.068,147.187,147.062,147.178
2025-08-06 20:00,147.182,147.634,147.160,147.353
2025-08-06 21:00,147.360,147.452,147.297,147.331
2025-08-06 22:00,147.329,147.357,147.194,147.222
2025-08-06 23:00,147.214,147.253,147.145,147.189
2025-08-07 00:00,147.195,147.600,147.167,147.583
2025-08-07 01:00,147.582,147.686,147.476,147.493
2025-08-07 02:00,147.490,147.577,147.440,147.560
2025-08-07 03:00,147.561,147.711,147.476,147.510
2025-08-07 04:00,147.510,147.534,147.264,147.300
2025-08-07 05:00,147.300,147.346,147.210,147.278
2025-08-07 06:00,147.277,147.305,146.796,146.855
2025-08-07 07:00,146.850,146.963,146.688,146.800
2025-08-07 08:00,146.804,147.183,146.777,147.128
2025-08-07 09:00,147.131,147.353,147.110,147.340
2025-08-07 10:00,147.344,147.403,147.278,147.326
2025-08-07 11:00,147.325,147.494,147.253,147.309
2025-08-07 12:00,147.312,147.392,147.014,147.282
2025-08-07 13:00,147.285,147.319,147.105,147.271
2025-08-07 14:00,147.269,147.543,147.192,147.487
2025-08-07 15:00,147.492,147.585,147.320,147.361
2025-08-07 16:00,147.361,147.436,147.299,147.359
2025-08-07 17:00,147.359,147.470,147.356,147.418
2025-08-07 18:00,147.421,147.568,147.382,147.562
2025-08-07 19:00,147.560,147.567,146.942,147.080
2025-08-07 20:00,147.082,147.157,146.954,147.095
2025-08-07 21:00,147.098,147.121,146.999,147.028
2025-08-07 22:00,147.025,147.060,146.807,146.924
2025-08-07 23:00,146.945,146.957,146.755,146.804
2025-08-08 00:00,146.801,147.194,146.716,147.148
2025-08-08 01:00,147.144,147.374,147.129,147.286
2025-08-08 02:00,147.282,147.313,147.150,147.195
2025-08-08 03:00,147.197,147.308,147.162,147.187
2025-08-08 04:00,147.186,147.211,147.112,147.157
2025-08-08 05:00,147.159,147.421,147.144,147.412
2025-08-08 06:00,147.407,147.451,147.244,147.327
2025-08-08 07:00,147.323,147.395,147.132,147.324
2025-08-08 08:00,147.322,147.697,147.156,147.646
2025-08-08 09:00,147.647,147.726,147.540,147.704
2025-08-08 10:00,147.706,147.837,147.638,147.798
2025-08-08 11:00,147.802,147.850,147.707,147.814
2025-08-08 12:00,147.810,147.892,147.633,147.845
2025-08-08 13:00,147.838,147.902,147.640,147.879
2025-08-08 14:00,147.878,147.904,147.688,147.813
2025-08-08 15:00,147.816,147.833,147.630,147.705
2025-08-08 16:00,147.707,147.836,147.674,147.734
2025-08-08 17:00,147.734,147.751,147.654,147.740
2025-08-08 18:00,147.747,147.767,147.627,147.665
2025-08-08 19:00,147.662,147.819,147.642,147.753
2025-08-08 20:00,147.754,147.805,147.651,147.716
2025-08-10 23:00,147.726,147.771,147.620,147.652
2025-08-11 00:00,147.649,147.740,147.568,147.662
2025-08-11 01:00,147.659,147.716,147.586,147.615
2025-08-11 02:00,147.612,147.618,147.517,147.555
2025-08-11 03:00,147.556,147.602,147.427,147.475
2025-08-11 04:00,147.476,147.495,147.422,147.482
2025-08-11 05:00,147.481,147.533,147.468,147.522
2025-08-11 06:00,147.516,147.609,147.469,147.592
2025-08-11 07:00,147.592,147.662,147.350,147.389
2025-08-11 08:00,147.387,147.549,147.347,147.506
2025-08-11 09:00,147.502,147.707,147.482,147.684
2025-08-11 10:00,147.685,147.744,147.661,147.735
2025-08-11 11:00,147.736,147.947,147.716,147.861
2025-08-11 12:00,147.866,147.950,147.804,147.806
2025-08-11 13:00,147.804,147.944,147.782,147.887
2025-08-11 14:00,147.886,148.073,147.869,148.047
2025-08-11 15:00,148.048,148.113,147.940,147.997
2025-08-11 16:00,147.995,148.030,147.908,147.989
2025-08-11 17:00,147.988,148.068,147.967,147.993
2025-08-11 18:00,147.994,148.166,147.976,148.136
2025-08-11 19:00,148.130,148.240,148.116,148.229
2025-08-11 20:00,148.227,148.252,148.090,148.139
2025-08-11 21:00,148.141,148.157,147.923,148.099
2025-08-11 22:00,148.099,148.234,148.084,148.190
2025-08-11 23:00,148.190,148.221,148.114,148.152
2025-08-12 00:00,148.146,148.433,148.128,148.405
2025-08-12 01:00,148.406,148.406,148.204,148.300
2025-08-12 02:00,148.301,148.343,148.254,148.296
2025-08-12 03:00,148.295,148.444,148.264,148.410
2025-08-12 04:00,148.411,148.445,148.341,148.353
2025-08-12 05:00,148.349,148.402,148.232,148.339
2025-08-12 06:00,148.336,148.403,148.146,148.266
2025-08-12 07:00,148.273,148.368,148.202,148.264
2025-08-12 08:00,148.260,148.466,148.256,148.423
2025-08-12 09:00,148.423,148.485,148.347,148.468
2025-08-12 10:00,148.468,148.481,148.364,148.465
2025-08-12 11:00,148.463,148.494,148.438,148.443
2025-08-12 12:00,148.438,148.519,147.841,148.039
2025-08-12 13:00,148.033,148.447,147.900,148.205
2025-08-12 14:00,148.205,148.401,148.070,148.157
2025-08-12 15:00,148.159,148.177,147.574,147.805
2025-08-12 16:00,147.806,147.862,147.655,147.713
2025-08-12 17:00,147.711,147.794,147.685,147.760
2025-08-12 18:00,147.764,147.805,147.690,147.737
2025-08-12 19:00,147.738,147.787,147.694,147.756
2025-08-12 20:00,147.751,147.876,147.741,147.835
2025-08-12 21:00,147.819,147.858,147.691,147.834
2025-08-12 22:00,147.820,147.844,147.755,147.784
2025-08-12 23:00,147.793,147.820,147.730,147.770
2025-08-13 00:00,147.769,147.894,147.698,147.805
2025-08-13 01:00,147.801,148.087,147.728,148.056
2025-08-13 02:00,148.055,148.169,148.022,148.044
2025-08-13 03:00,148.046,148.108,147.956,147.996
2025-08-13 04:00,147.998,148.101,147.927,147.931
2025-08-13 05:00,147.930,148.009,147.891,147.930
2025-08-13 06:00,147.929,147.948,147.716,147.781
2025-08-13 07:00,147.783,147.795,147.398,147.524
2025-08-13 08:00,147.527,147.535,147.196,147.268
2025-08-13 09:00,147.264,147.270,147.174,147.212
2025-08-13 10:00,147.214,147.418,147.188,147.409
2025-08-13 11:00,147.408,147.566,147.269,147.278
2025-08-13 12:00,147.279,147.491,147.152,147.410
2025-08-13 13:00,147.409,147.434,147.188,147.203
2025-08-13 14:00,147.197,147.250,147.099,147.145
2025-08-13 15:00,147.144,147.312,147.087,147.249
2025-08-13 16:00,147.246,147.351,147.210,147.341
2025-08-13 17:00,147.345,147.424,147.314,147.388
2025-08-13 18:00,147.386,147.513,147.384,147.431
2025-08-13 19:00,147.434,147.475,147.380,147.442
2025-08-13 20:00,147.445,147.457,147.316,147.355
2025-08-13 21:00,147.361,147.398,147.230,147.249
2025-08-13 22:00,147.274,147.362,147.243,147.259
2025-08-13 23:00,147.256,147.259,147.108,147.123
2025-08-14 00:00,147.122,147.123,146.616,146.688
2025-08-14 01:00,146.688,146.693,146.369,146.495
2025-08-14 02:00,146.493,146.735,146.493,146.700
2025-08-14 03:00,146.696,146.751,146.537,146.544
2025-08-14 04:00,146.542,146.566,146.332,146.383
2025-08-14 05:00,146.384,146.570,146.380,146.468
2025-08-14 06:00,146.467,146.527,146.210,146.484
2025-08-14 07:00,146.481,146.584,146.308,146.548
2025-08-14 08:00,146.547,146.633,146.420,146.552
2025-08-14 09:00,146.551,146.653,146.433,146.631
2025-08-14 10:00,146.630,146.670,146.429,146.526
2025-08-14 11:00,146.524,146.629,146.431,146.493
2025-08-14 12:00,146.492,147.106,146.422,146.950
2025-08-14 13:00,146.954,147.418,146.945,147.415
2025-08-14 14:00,147.411,147.558,147.361,147.482
2025-08-14 15:00,147.482,147.804,147.470,147.691
2025-08-14 16:00,147.692,147.892,147.684,147.845
2025-08-14 17:00,147.847,147.908,147.747,147.866
2025-08-14 18:00,147.864,147.962,147.848,147.877
2025-08-14 19:00,147.872,147.880,147.762,147.774
2025-08-14 20:00,147.775,147.784,147.718,147.753
2025-08-14 21:00,147.739,147.852,147.694,147.761
2025-08-14 22:00,147.768,147.809,147.734,147.786
2025-08-14 23:00,147.776,147.868,147.657,147.679
2025-08-15 00:00,147.682,147.727,147.462,147.483
2025-08-15 01:00,147.476,147.515,147.198,147.285
2025-08-15 02:00,147.282,147.394,147.248,147.284
2025-08-15 03:00,147.284,147.297,147.174,147.227
2025-08-15 04:00,147.226,147.233,147.110,147.134
2025-08-15 05:00,147.139,147.173,147.042,147.152
2025-08-15 06:00,147.146,147.223,147.045,147.095
2025-08-15 07:00,147.094,147.223,146.976,147.005
2025-08-15 08:00,147.003,147.014,146.848,146.852
2025-08-15 09:00,146.855,146.912,146.754,146.892
2025-08-15 10:00,146.889,146.970,146.798,146.952
2025-08-15 11:00,146.949,147.054,146.902,146.980
2025-08-15 12:00,146.983,147.280,146.734,146.890
2025-08-15 13:00,146.882,147.099,146.764,146.961
2025-08-15 14:00,146.960,147.049,146.796,146.850
2025-08-15 15:00,146.851,147.046,146.810,147.006
2025-08-15 16:00,147.000,147.264,146.999,147.201
2025-08-15 17:00,147.196,147.332,147.195,147.238
2025-08-15 18:00,147.233,147.309,147.198,147.211
2025-08-15 19:00,147.211,147.253,147.188,147.239
2025-08-15 20:00,147.235,147.256,147.138,147.177
2025-08-17 23:00,147.170,147.385,147.161,147.233
2025-08-18 00:00,147.226,147.463,147.221,147.421
2025-08-18 01:00,147.421,147.584,147.328,147.330
2025-08-18 02:00,147.328,147.525,147.294,147.462
2025-08-18 03:00,147.463,147.484,147.330,147.383
2025-08-18 04:00,147.380,147.507,147.348,147.373
2025-08-18 05:00,147.373,147.455,147.330,147.380
2025-08-18 06:00,147.379,147.499,147.315,147.378
2025-08-18 07:00,147.370,147.470,147.113,147.448
2025-08-18 08:00,147.448,147.521,147.246,147.336
2025-08-18 09:00,147.336,147.473,147.273,147.408
2025-08-18 10:00,147.411,147.469,147.358,147.421
2025-08-18 11:00,147.420,147.574,147.359,147.548
2025-08-18 12:00,147.547,147.794,147.512,147.728
2025-08-18 13:00,147.728,147.920,147.708,147.820
2025-08-18 14:00,147.810,147.980,147.682,147.936
2025-08-18 15:00,147.936,147.985,147.730,147.754
2025-08-18 16:00,147.754,147.807,147.674,147.790
2025-08-18 17:00,147.780,147.825,147.654,147.797
2025-08-18 18:00,147.798,147.864,147.735,147.859
2025-08-18 19:00,147.857,147.886,147.819,147.819
2025-08-18 20:00,147.819,147.925,147.801,147.869
2025-08-18 21:00,147.870,147.870,147.712,147.803
2025-08-18 22:00,147.798,147.885,147.752,147.854
2025-08-18 23:00,147.871,147.981,147.871,147.916
2025-08-19 00:00,147.916,147.982,147.767,147.776
2025-08-19 01:00,147.771,148.113,147.615,147.746
2025-08-19 02:00,147.740,147.827,147.656,147.803
2025-08-19 03:00,147.810,147.878,147.718,147.824
2025-08-19 04:00,147.830,147.875,147.736,147.754
2025-08-19 05:00,147.760,147.778,147.608,147.639
2025-08-19 06:00,147.642,147.707,147.566,147.595
2025-08-19 07:00,147.598,147.710,147.527,147.699
2025-08-19 08:00,147.704,147.750,147.617,147.664
2025-08-19 09:00,147.659,147.813,147.617,147.764
2025-08-19 10:00,147.764,147.770,147.596,147.713
2025-08-19 11:00,147.705,147.820,147.642,147.706
2025-08-19 12:00,147.706,147.853,147.689,147.776
2025-08-19 13:00,147.776,147.903,147.631,147.647
2025-08-19 14:00,147.647,147.807,147.547,147.726
2025-08-19 15:00,147.732,147.791,147.624,147.726
2025-08-19 16:00,147.726,147.726,147.549,147.619
2025-08-19 17:00,147.619,147.647,147.439,147.472
2025-08-19 18:00,147.469,147.578,147.446,147.507
2025-08-19 19:00,147.507,147.587,147.454,147.578
2025-08-19 20:00,147.578,147.698,147.578,147.655
2025-08-19 21:00,147.662,147.665,147.551,147.551
2025-08-19 22:00,147.563,147.647,147.546,147.596
2025-08-19 23:00,147.594,147.756,147.589,147.739
2025-08-20 00:00,147.733,147.817,147.499,147.568
2025-08-20 01:00,147.568,147.666,147.416,147.497
2025-08-20 02:00,147.492,147.622,147.465,147.579
2025-08-20 03:00,147.573,147.591,147.449,147.526
2025-08-20 04:00,147.522,147.608,147.450,147.575
2025-08-20 05:00,147.575,147.581,147.399,147.455
2025-08-20 06:00,147.456,147.476,147.132,147.372
2025-08-20 07:00,147.378,147.696,147.324,147.621
2025-08-20 08:00,147.622,147.647,147.518,147.582
2025-08-20 09:00,147.580,147.591,147.417,147.473
2025-08-20 10:00,147.473,147.494,147.363,147.451
2025-08-20 11:00,147.446,147.547,147.412,147.533
2025-08-20 12:00,147.533,147.539,147.235,147.270
2025-08-20 13:00,147.270,147.440,147.078,147.145
2025-08-20 14:00,147.152,147.255,146.866,146.995
2025-08-20 15:00,146.990,147.211,146.944,147.190
2025-08-20 16:00,147.190,147.231,147.092,147.111
2025-08-20 17:00,147.113,147.141,147.007,147.023
2025-08-20 18:00,147.020,147.287,146.993,147.269
2025-08-20 19:00,147.266,147.357,147.232,147.342
2025-08-20 20:00,147.333,147.493,147.281,147.309
2025-08-20 21:00,147.311,147.334,147.258,147.293
2025-08-20 22:00,147.296,147.370,147.248,147.339
2025-08-20 23:00,147.339,147.413,147.292,147.297
2025-08-21 00:00,147.298,147.462,147.249,147.383
2025-08-21 01:00,147.381,147.507,147.307,147.421
2025-08-21 02:00,147.424,147.454,147.250,147.337
2025-08-21 03:00,147.337,147.447,147.283,147.419
2025-08-21 04:00,147.414,147.430,147.341,147.381
2025-08-21 05:00,147.382,147.500,147.364,147.422
2025-08-21 06:00,147.423,147.579,147.333,147.559
2025-08-21 07:00,147.559,147.639,147.506,147.590
2025-08-21 08:00,147.590,147.626,147.551,147.582
2025-08-21 09:00,147.585,147.697,147.474,147.665
2025-08-21 10:00,147.670,147.891,147.656,147.848
2025-08-21 11:00,147.836,147.933,147.816,147.924
2025-08-21 12:00,147.919,147.930,147.575,147.750
2025-08-21 13:00,147.749,147.941,147.578,147.789
2025-08-21 14:00,147.794,148.170,147.789,148.152
2025-08-21 15:00,148.156,148.403,148.073,148.353
2025-08-21 16:00,148.352,148.395,148.272,148.282
2025-08-21 17:00,148.282,148.306,148.165,148.272
2025-08-21 18:00,148.266,148.348,148.227,148.341
2025-08-21 19:00,148.347,148.407,148.339,148.371
2025-08-21 20:00,148.371,148.385,148.315,148.352
2025-08-21 21:00,148.363,148.381,148.215,148.349
2025-08-21 22:00,148.342,148.378,148.312,148.328
2025-08-21 23:00,148.328,148.454,148.288,148.386
2025-08-22 00:00,148.379,148.506,148.275,148.469
2025-08-22 01:00,148.470,148.685,148.405,148.544
2025-08-22 02:00,148.544,148.560,148.451,148.488
2025-08-22 03:00,148.484,148.717,148.478,148.670
2025-08-22 04:00,148.666,148.763,148.639,148.745
2025-08-22 05:00,148.739,148.778,148.594,148.657
2025-08-22 06:00,148.659,148.708,148.416,148.512
2025-08-22 07:00,148.510,148.622,148.406,148.601
2025-08-22 08:00,148.604,148.675,148.540,148.634
2025-08-22 09:00,148.632,148.710,148.595,148.707
2025-08-22 10:00,148.693,148.734,148.615,148.627
2025-08-22 11:00,148.627,148.740,148.592,148.710
2025-08-22 12:00,148.709,148.722,148.597,148.706
2025-08-22 13:00,148.699,148.720,148.488,148.599
2025-08-22 14:00,148.599,148.603,146.801,146.853
2025-08-22 15:00,146.849,146.896,146.568,146.818
2025-08-22 16:00,146.827,146.851,146.642,146.708
2025-08-22 17:00,146.702,146.738,146.572,146.637
2025-08-22 18:00,146.645,146.875,146.599,146.859
2025-08-22 19:00,146.865,147.001,146.839,146.963
2025-08-22 20:00,146.965,146.988,146.861,146.914
2025-08-24 23:00,147.063,147.306,147.039,147.263
2025-08-25 00:00,147.262,147.527,147.243,147.385
2025-08-25 01:00,147.385,147.461,147.248,147.397
2025-08-25 02:00,147.391,147.515,147.388,147.433
2025-08-25 03:00,147.433,147.437,147.299,147.337
2025-08-25 04:00,147.335,147.358,147.200,147.228
2025-08-25 05:00,147.230,147.376,147.226,147.296
2025-08-25 06:00,147.294,147.319,147.092,147.165
2025-08-25 07:00,147.158,147.371,147.134,147.331
2025-08-25 08:00,147.331,147.369,147.250,147.286
2025-08-25 09:00,147.281,147.383,147.216,147.343
2025-08-25 10:00,147.343,147.448,147.316,147.439
2025-08-25 11:00,147.434,147.446,147.277,147.316
2025-08-25 12:00,147.322,147.452,147.307,147.381
2025-08-25 13:00,147.375,147.546,147.299,147.299
2025-08-25 14:00,147.314,147.495,147.285,147.489
2025-08-25 15:00,147.482,147.673,147.394,147.606
2025-08-25 16:00,147.606,147.631,147.511,147.533
2025-08-25 17:00,147.531,147.596,147.495,147.562
2025-08-25 18:00,147.555,147.826,147.531,147.808
2025-08-25 19:00,147.805,147.937,147.783,147.822
2025-08-25 20:00,147.814,147.855,147.658,147.763
2025-08-25 21:00,147.764,147.882,147.598,147.680
2025-08-25 22:00,147.670,147.792,147.645,147.740
2025-08-25 23:00,147.725,147.854,147.688,147.809
2025-08-26 00:00,147.810,147.876,146.981,147.105
2025-08-26 01:00,147.105,147.379,147.102,147.318
2025-08-26 02:00,147.313,147.608,147.248,147.516
2025-08-26 03:00,147.512,147.807,147.510,147.791
2025-08-26 04:00,147.791,147.814,147.715,147.768
2025-08-26 05:00,147.771,147.887,147.665,147.710
2025-08-26 06:00,147.706,147.831,147.630,147.776
2025-08-26 07:00,147.771,147.908,147.633,147.690
2025-08-26 08:00,147.690,147.700,147.487,147.572
2025-08-26 09:00,147.564,147.622,147.482,147.543
2025-08-26 10:00,147.544,147.667,147.468,147.583
2025-08-26 11:00,147.582,147.623,147.394,147.462
2025-08-26 12:00,147.456,147.549,147.321,147.536
2025-08-26 13:00,147.544,147.686,147.529,147.545
2025-08-26 14:00,147.539,147.721,147.483,147.496
2025-08-26 15:00,147.496,147.502,147.289,147.310
2025-08-26 16:00,147.313,147.316,147.094,147.302
2025-08-26 17:00,147.302,147.387,147.265,147.381
2025-08-26 18:00,147.387,147.544,147.330,147.374
2025-08-26 19:00,147.376,147.443,147.299,147.432
2025-08-26 20:00,147.431,147.489,147.309,147.358
2025-08-26 21:00,147.359,147.386,147.227,147.349
2025-08-26 22:00,147.383,147.482,147.339,147.444
2025-08-26 23:00,147.425,147.509,147.355,147.470
2025-08-27 00:00,147.467,147.583,147.398,147.583
2025-08-27 01:00,147.575,147.649,147.508,147.596
2025-08-27 02:00,147.600,147.737,147.594,147.724
2025-08-27 03:00,147.715,147.852,147.706,147.825
2025-08-27 04:00,147.825,147.958,147.821,147.938
2025-08-27 05:00,147.938,147.969,147.797,147.812
2025-08-27 06:00,147.809,147.840,147.649,147.710
2025-08-27 07:00,147.705,147.896,147.705,147.751
2025-08-27 08:00,147.758,148.004,147.738,147.910
2025-08-27 09:00,147.910,148.031,147.858,148.027
2025-08-27 10:00,148.032,148.145,147.959,148.117
2025-08-27 11:00,148.113,148.183,148.026,148.141
2025-08-27 12:00,148.136,148.146,147.978,148.069
2025-08-27 13:00,148.064,148.128,147.912,148.084
2025-08-27 14:00,148.080,148.094,147.819,147.859
2025-08-27 15:00,147.863,147.866,147.685,147.742
2025-08-27 16:00,147.742,147.754,147.333,147.353
2025-08-27 17:00,147.361,147.428,147.287,147.349
2025-08-27 18:00,147.357,147.489,147.349,147.402
2025-08-27 19:00,147.409,147.521,147.402,147.474
2025-08-27 20:00,147.474,147.517,147.368,147.379
2025-08-27 21:00,147.408,147.466,147.249,147.383
2025-08-27 22:00,147.376,147.413,147.195,147.272
2025-08-27 23:00,147.276,147.343,147.216,147.337
2025-08-28 00:00,147.330,147.489,147.270,147.290
2025-08-28 01:00,147.292,147.447,147.185,147.340
2025-08-28 02:00,147.337,147.367,147.227,147.242
2025-08-28 03:00,147.243,147.291,147.077,147.089
2025-08-28 04:00,147.089,147.208,147.078,147.157
2025-08-28 05:00,147.154,147.208,147.077,147.157
2025-08-28 06:00,147.065,147.346,146.993,147.302
2025-08-28 07:00,147.302,147.403,147.150,147.162
2025-08-28 08:00,147.162,147.369,147.125,147.183
2025-08-28 09:00,147.189,147.189,147.060,147.134
2025-08-28 10:00,147.134,147.165,146.902,146.922
2025-08-28 11:00,146.922,146.967,146.802,146.923
2025-08-28 12:00,146.923,147.169,146.849,147.098
2025-08-28 13:00,147.103,147.232,147.021,147.092
2025-08-28 14:00,147.084,147.117,146.870,146.968
2025-08-28 15:00,146.967,147.070,146.943,146.991
2025-08-28 16:00,146.988,146.997,146.824,146.842
2025-08-28 17:00,146.850,146.854,146.654,146.801
2025-08-28 18:00,146.802,146.888,146.796,146.816
2025-08-28 19:00,146.817,146.935,146.802,146.917
2025-08-28 20:00,146.918,146.997,146.895,146.918
2025-08-28 21:00,146.895,146.945,146.816,146.935
2025-08-28 22:00,146.934,147.082,146.908,147.027
2025-08-28 23:00,147.034,147.035,146.790,146.830
2025-08-29 00:00,146.830,146.976,146.754,146.819
2025-08-29 01:00,146.819,147.114,146.777,147.005
2025-08-29 02:00,146.993,147.004,146.822,146.889
2025-08-29 03:00,146.888,146.993,146.886,146.987
2025-08-29 04:00,146.981,147.040,146.898,146.898
2025-08-29 05:00,146.899,147.026,146.897,147.010
2025-08-29 06:00,147.001,147.174,146.954,147.154
2025-08-29 07:00,147.154,147.198,146.955,146.996
2025-08-29 08:00,146.996,147.030,146.863,146.953
2025-08-29 09:00,146.945,147.113,146.932,147.090
2025-08-29 10:00,147.090,147.249,147.070,147.191
2025-08-29 11:00,147.191,147.264,147.169,147.245
2025-08-29 12:00,147.251,147.411,147.126,147.322
2025-08-29 13:00,147.315,147.390,147.078,147.085
2025-08-29 14:00,147.042,147.081,146.802,146.825
2025-08-29 15:00,146.827,146.972,146.761,146.900
2025-08-29 16:00,146.907,146.964,146.848,146.908
2025-08-29 17:00,146.910,147.007,146.878,146.976
2025-08-29 18:00,146.976,147.027,146.954,147.015
2025-08-29 19:00,147.009,147.045,146.916,146.955
2025-08-29 20:00,146.962,147.122,146.920,146.998
2025-08-29 21:00,146.993,146.993,146.993,146.993
2025-08-31 23:00,147.120,147.189,147.076,147.112
2025-09-01 00:00,147.120,147.257,147.113,147.227
2025-09-01 01:00,147.227,147.382,147.176,147.289
2025-09-01 02:00,147.288,147.297,146.844,146.892
2025-09-01 03:00,146.892,147.003,146.835,146.880
2025-09-01 04:00,146.880,147.062,146.877,147.041
2025-09-01 05:00,147.045,147.060,146.891,146.915
2025-09-01 06:00,146.908,146.947,146.780,146.937
2025-09-01 07:00,146.930,147.203,146.892,147.065
2025-09-01 08:00,147.068,147.202,146.956,146.982
2025-09-01 09:00,146.982,147.120,146.934,147.099
2025-09-01 10:00,147.099,147.144,147.045,147.131
2025-09-01 11:00,147.124,147.168,147.054,147.152
2025-09-01 12:00,147.158,147.233,147.146,147.196
2025-09-01 13:00,147.203,147.274,147.162,147.247
2025-09-01 14:00,147.247,147.298,147.216,147.288
2025-09-01 15:00,147.283,147.306,147.246,147.264
2025-09-01 16:00,147.264,147.286,147.194,147.232
2025-09-01 17:00,147.229,147.241,147.205,147.216
2025-09-01 18:00,147.211,147.235,147.202,147.214
2025-09-01 19:00,147.214,147.220,147.149,147.186
2025-09-01 20:00,147.185,147.191,147.137,147.160
2025-09-01 21:00,147.163,147.312,147.061,147.153
2025-09-01 22:00,147.138,147.200,147.117,147.148
2025-09-01 23:00,147.165,147.177,147.040,147.090
2025-09-02 00:00,147.085,147.359,147.082,147.305
2025-09-02 01:00,147.297,147.584,147.187,147.536
2025-09-02 02:00,147.536,147.716,147.522,147.657
2025-09-02 03:00,147.657,147.750,147.567,147.699
2025-09-02 04:00,147.699,147.861,147.679,147.720
2025-09-02 05:00,147.717,147.924,147.693,147.913
2025-09-02 06:00,147.918,148.051,147.901,147.958
2025-09-02 07:00,147.968,148.743,147.946,148.650
2025-09-02 08:00,148.656,148.793,148.217,148.439
2025-09-02 09:00,148.435,148.646,148.367,148.559
2025-09-02 10:00,148.556,148.709,148.530,148.601
2025-09-02 11:00,148.592,148.744,148.508,148.620
2025-09-02 12:00,148.622,148.945,148.527,148.824
2025-09-02 13:00,148.823,148.848,148.342,148.405
2025-09-02 14:00,148.407,148.410,147.930,148.082
2025-09-02 15:00,148.083,148.337,148.063,148.225
2025-09-02 16:00,148.225,148.337,148.196,148.295
2025-09-02 17:00,148.292,148.419,148.241,148.382
2025-09-02 18:00,148.377,148.534,148.363,148.468
2025-09-02 19:00,148.475,148.483,148.312,148.352
2025-09-02 20:00,148.339,148.413,148.303,148.355
2025-09-02 21:00,148.352,148.352,148.260,148.334
2025-09-02 22:00,148.319,148.560,148.296,148.497
2025-09-02 23:00,148.497,148.587,148.444,148.577
2025-09-03 00:00,148.581,148.766,148.505,148.751
2025-09-03 01:00,148.753,148.902,148.719,148.866
2025-09-03 02:00,148.859,148.903,148.704,148.835
2025-09-03 03:00,148.835,148.919,148.804,148.906
2025-09-03 04:00,148.906,148.923,148.548,148.582
2025-09-03 05:00,148.582,148.659,148.484,148.589
2025-09-03 06:00,148.598,148.683,148.506,148.606
2025-09-03 07:00,148.609,149.137,148.606,148.731
2025-09-03 08:00,148.735,148.773,148.558,148.586
2025-09-03 09:00,148.581,148.708,148.427,148.552
2025-09-03 10:00,148.552,148.735,148.471,148.695
2025-09-03 11:00,148.688,148.727,148.593,148.612
2025-09-03 12:00,148.611,148.798,148.541,148.721
2025-09-03 13:00,148.721,148.797,148.568,148.632
2025-09-03 14:00,148.626,148.638,148.065,148.166
2025-09-03 15:00,148.167,148.201,147.925,147.964
2025-09-03 16:00,147.965,148.031,147.903,147.935
2025-09-03 17:00,147.934,148.056,147.875,148.034
2025-09-03 18:00,148.032,148.069,147.912,147.966
2025-09-03 19:00,147.969,148.133,147.959,148.132
2025-09-03 20:00,148.130,148.160,148.072,148.072
2025-09-03 21:00,148.046,148.094,148.015,148.038
2025-09-03 22:00,148.043,148.144,148.028,148.054
2025-09-03 23:00,148.050,148.062,147.944,147.972
2025-09-04 00:00,147.971,148.170,147.899,148.023
2025-09-04 01:00,148.024,148.111,147.784,148.009
2025-09-04 02:00,148.006,148.191,148.006,148.132
2025-09-04 03:00,148.135,148.263,148.114,148.242
2025-09-04 04:00,148.242,148.284,148.123,148.239
2025-09-04 05:00,148.234,148.281,148.155,148.221
2025-09-04 06:00,148.222,148.246,148.126,148.190
2025-09-04 07:00,148.191,148.414,148.106,148.361
2025-09-04 08:00,148.359,148.405,148.131,148.211
2025-09-04 09:00,148.211,148.372,148.162,148.314
2025-09-04 10:00,148.314,148.336,148.199,148.257
2025-09-04 11:00,148.257,148.391,148.245,148.337
2025-09-04 12:00,148.337,148.530,148.002,148.422
2025-09-04 13:00,148.422,148.528,148.345,148.417
2025-09-04 14:00,148.417,148.751,148.380,148.734
2025-09-04 15:00,148.732,148.778,148.621,148.626
2025-09-04 16:00,148.625,148.740,148.592,148.621
2025-09-04 17:00,148.616,148.673,148.601,148.638
2025-09-04 18:00,148.638,148.651,148.533,148.565
2025-09-04 19:00,148.555,148.566,148.449,148.482
2025-09-04 20:00,148.479,148.552,148.426,148.466
2025-09-04 21:00,148.479,148.542,148.319,148.396
2025-09-04 22:00,148.396,148.515,148.375,148.440
2025-09-04 23:00,148.472,148.505,148.295,148.387
2025-09-05 00:00,148.416,148.438,148.097,148.168
2025-09-05 01:00,148.164,148.264,148.084,148.135
2025-09-05 02:00,148.135,148.181,148.076,148.173
2025-09-05 03:00,148.180,148.207,148.105,148.170
2025-09-05 04:00,148.176,148.237,148.163,148.213
2025-09-05 05:00,148.214,148.218,148.166,148.167
2025-09-05 06:00,148.167,148.274,148.143,148.235
2025-09-05 07:00,148.232,148.258,148.186,148.208
2025-09-05 08:00,148.212,148.223,148.108,148.156
2025-09-05 09:00,148.158,148.188,148.082,148.167
2025-09-05 10:00,148.167,148.185,148.076,148.140
2025-09-05 11:00,148.140,148.251,148.129,148.192
2025-09-05 12:00,148.192,148.198,147.166,147.293
2025-09-05 13:00,147.297,147.467,147.036,147.051
2025-09-05 14:00,147.087,147.209,146.986,147.073
2025-09-05 15:00,147.072,147.085,146.812,146.837
2025-09-05 16:00,146.839,147.151,146.817,147.142
2025-09-05 17:00,147.139,147.303,147.126,147.270
2025-09-05 18:00,147.270,147.485,147.260,147.460
2025-09-05 19:00,147.459,147.502,147.369,147.465
2025-09-05 20:00,147.458,147.506,147.325,147.394
2025-09-07 23:00,148.428,148.452,148.203,148.317
2025-09-08 00:00,148.315,148.577,148.287,148.333
2025-09-08 01:00,148.333,148.387,148.118,148.135
2025-09-08 02:00,148.131,148.153,148.000,148.076
2025-09-08 03:00,148.075,148.223,148.009,148.197
2025-09-08 04:00,148.196,148.253,148.106,148.169
2025-09-08 05:00,148.159,148.180,147.999,148.135
2025-09-08 06:00,148.136,148.161,147.797,147.827
2025-09-08 07:00,147.820,147.834,147.510,147.525
2025-09-08 08:00,147.525,147.740,147.460,147.682
2025-09-08 09:00,147.680,147.771,147.661,147.748
2025-09-08 10:00,147.751,147.879,147.741,147.801
2025-09-08 11:00,147.803,147.819,147.672,147.773
2025-09-08 12:00,147.774,147.881,147.643,147.695
2025-09-08 13:00,147.690,147.744,147.533,147.671
2025-09-08 14:00,147.665,147.874,147.618,147.744
2025-09-08 15:00,147.749,147.765,147.541,147.583
2025-09-08 16:00,147.583,147.777,147.548,147.687
2025-09-08 17:00,147.680,147.766,147.667,147.729
2025-09-08 18:00,147.725,147.731,147.442,147.459
2025-09-08 19:00,147.455,147.474,147.331,147.411
2025-09-08 20:00,147.411,147.539,147.374,147.448
2025-09-08 21:00,147.480,147.575,147.394,147.494
2025-09-08 22:00,147.493,147.511,147.378,147.404
2025-09-08 23:00,147.405,147.419,147.206,147.368
2025-09-09 00:00,147.368,147.432,147.146,147.339
2025-09-09 01:00,147.343,147.399,147.194,147.238
2025-09-09 02:00,147.231,147.341,147.206,147.328
2025-09-09 03:00,147.328,147.402,147.316,147.357
2025-09-09 04:00,147.357,147.376,147.089,147.123
2025-09-09 05:00,147.127,147.132,146.840,146.854
2025-09-09 06:00,146.846,147.134,146.812,147.046
2025-09-09 07:00,147.046,147.315,146.991,147.201
2025-09-09 08:00,147.201,147.333,146.553,146.622
2025-09-09 09:00,146.620,146.621,146.304,146.344
2025-09-09 10:00,146.343,146.520,146.323,146.465
2025-09-09 11:00,146.465,146.765,146.456,146.729
2025-09-09 12:00,146.725,147.007,146.721,146.918
2025-09-09 13:00,146.918,146.966,146.771,146.864
2025-09-09 14:00,146.870,147.133,146.514,147.095
2025-09-09 15:00,147.094,147.349,147.090,147.231
2025-09-09 16:00,147.231,147.336,147.174,147.268
2025-09-09 17:00,147.266,147.361,147.231,147.347
2025-09-09 18:00,147.353,147.432,147.310,147.395
2025-09-09 19:00,147.398,147.462,147.384,147.443
2025-09-09 20:00,147.445,147.470,147.374,147.395
2025-09-09 21:00,147.404,147.408,147.241,147.368
2025-09-09 22:00,147.366,147.415,147.336,147.343
2025-09-09 23:00,147.349,147.451,147.330,147.389
2025-09-10 00:00,147.389,147.476,147.363,147.418
2025-09-10 01:00,147.418,147.571,147.327,147.390
2025-09-10 02:00,147.390,147.412,147.291,147.296
2025-09-10 03:00,147.295,147.399,147.264,147.388
2025-09-10 04:00,147.388,147.459,147.318,147.326
2025-09-10 05:00,147.321,147.485,147.275,147.426
2025-09-10 06:00,147.419,147.586,147.328,147.565
2025-09-10 07:00,147.568,147.570,147.388,147.493
2025-09-10 08:00,147.493,147.557,147.390,147.517
2025-09-10 09:00,147.512,147.541,147.391,147.418
2025-09-10 10:00,147.423,147.483,147.390,147.471
2025-09-10 11:00,147.475,147.544,147.441,147.508
2025-09-10 12:00,147.508,147.647,147.084,147.527
2025-09-10 13:00,147.527,147.604,147.269,147.336
2025-09-10 14:00,147.340,147.427,147.258,147.401
2025-09-10 15:00,147.402,147.440,147.308,147.362
2025-09-10 16:00,147.361,147.412,147.275,147.371
2025-09-10 17:00,147.371,147.391,147.242,147.328
2025-09-10 18:00,147.328,147.353,147.242,147.320
2025-09-10 19:00,147.320,147.467,147.309,147.413
2025-09-10 20:00,147.407,147.463,147.374,147.449
2025-09-10 21:00,147.460,147.460,147.297,147.360
2025-09-10 22:00,147.369,147.422,147.333,147.344
2025-09-10 23:00,147.337,147.377,147.277,147.347
2025-09-11 00:00,147.349,147.467,147.341,147.455
2025-09-11 01:00,147.454,147.477,147.315,147.385
2025-09-11 02:00,147.387,147.479,147.370,147.461
2025-09-11 03:00,147.457,147.476,147.427,147.440
2025-09-11 04:00,147.440,147.455,147.409,147.432
2025-09-11 05:00,147.429,147.586,147.421,147.578
2025-09-11 06:00,147.578,147.790,147.554,147.719
2025-09-11 07:00,147.719,147.832,147.649,147.773
2025-09-11 08:00,147.773,147.863,147.762,147.846
2025-09-11 09:00,147.843,147.990,147.834,147.956
2025-09-11 10:00,147.956,147.988,147.891,147.969
2025-09-11 11:00,147.965,147.987,147.897,147.963
2025-09-11 12:00,147.963,148.180,147.355,147.525
2025-09-11 13:00,147.523,147.620,147.323,147.354
2025-09-11 14:00,147.354,147.377,146.988,147.183
2025-09-11 15:00,147.186,147.308,147.048,147.167
2025-09-11 16:00,147.162,147.169,146.980,147.054
2025-09-11 17:00,147.052,147.304,147.045,147.286
2025-09-11 18:00,147.286,147.306,147.140,147.170
2025-09-11 19:00,147.173,147.192,147.082,147.162
2025-09-11 20:00,147.159,147.243,147.110,147.193
2025-09-11 21:00,147.201,147.210,147.125,147.154
2025-09-11 22:00,147.172,147.229,147.110,147.197
2025-09-11 23:00,147.180,147.237,147.144,147.223
2025-09-12 00:00,147.223,147.338,147.159,147.225
2025-09-12 01:00,147.225,147.447,147.207,147.411
2025-09-12 02:00,147.413,147.478,147.393,147.417
2025-09-12 03:00,147.417,147.479,147.417,147.441
2025-09-12 04:00,147.441,147.545,147.441,147.501
2025-09-12 05:00,147.502,147.554,147.325,147.347
2025-09-12 06:00,147.341,147.506,147.318,147.398
2025-09-12 07:00,147.404,147.483,147.236,147.454
2025-09-12 08:00,147.450,147.926,147.447,147.890
2025-09-12 09:00,147.896,147.982,147.850,147.922
2025-09-12 10:00,147.921,147.938,147.736,147.746
2025-09-12 11:00,147.748,147.855,147.679,147.834
2025-09-12 12:00,147.835,148.072,147.802,147.844
2025-09-12 13:00,147.845,147.887,147.690,147.718
2025-09-12 14:00,147.720,147.761,147.584,147.666
2025-09-12 15:00,147.667,147.864,147.646,147.852
2025-09-12 16:00,147.852,147.875,147.625,147.679
2025-09-12 17:00,147.679,147.684,147.508,147.556
2025-09-12 18:00,147.554,147.561,147.466,147.482
2025-09-12 19:00,147.482,147.609,147.458,147.585
2025-09-12 20:00,147.576,147.722,147.572,147.645
2025-09-14 23:00,147.704,147.726,147.622,147.670
2025-09-15 00:00,147.670,147.689,147.540,147.546
2025-09-15 01:00,147.543,147.586,147.534,147.570
2025-09-15 02:00,147.570,147.610,147.501,147.511
2025-09-15 03:00,147.512,147.517,147.398,147.423
2025-09-15 04:00,147.423,147.453,147.334,147.398
2025-09-15 05:00,147.398,147.520,147.386,147.509
2025-09-15 06:00,147.506,147.607,147.492,147.525
2025-09-15 07:00,147.521,147.594,147.368,147.463
2025-09-15 08:00,147.465,147.483,147.370,147.407
2025-09-15 09:00,147.407,147.429,147.305,147.366
2025-09-15 10:00,147.362,147.406,147.238,147.390
2025-09-15 11:00,147.388,147.478,147.317,147.410
2025-09-15 12:00,147.412,147.417,147.243,147.266
2025-09-15 13:00,147.265,147.353,147.226,147.347
2025-09-15 14:00,147.346,147.470,147.343,147.414
2025-09-15 15:00,147.417,147.435,147.264,147.268
2025-09-15 16:00,147.268,147.416,147.238,147.329
2025-09-15 17:00,147.329,147.371,147.238,147.248
2025-09-15 18:00,147.248,147.327,147.236,147.326
2025-09-15 19:00,147.319,147.413,147.305,147.383
2025-09-15 20:00,147.383,147.430,147.358,147.378
2025-09-15 21:00,147.374,147.378,147.273,147.317
2025-09-15 22:00,147.316,147.401,147.316,147.393
2025-09-15 23:00,147.387,147.399,147.363,147.372
2025-09-16 01:00,147.449,147.538,147.258,147.347
2025-09-16 02:00,147.347,147.353,147.112,147.146
2025-09-16 03:00,147.146,147.198,147.014,147.098
2025-09-16 04:00,147.096,147.128,146.967,147.009
2025-09-16 05:00,147.009,147.071,146.910,146.990
2025-09-16 06:00,146.942,147.026,146.784,146.796
2025-09-16 10:00,147.067,147.090,147.014,147.054
2025-09-16 11:00,147.050,147.114,146.869,146.950
2025-09-16 12:00,146.947,147.256,146.902,147.098
2025-09-16 13:00,147.100,147.137,146.730,146.754
2025-09-16 14:00,146.754,146.804,146.511,146.521
2025-09-16 15:00,146.521,146.682,146.494,146.553
2025-09-16 16:00,146.553,146.563,146.346,146.350
2025-09-16 17:00,146.356,146.400,146.274,146.371
2025-09-16 18:00,146.374,146.397,146.320,146.338
2025-09-16 19:00,146.344,146.499,146.339,146.484
2025-09-16 20:00,146.486,146.506,146.429,146.477
2025-09-16 21:00,146.473,146.541,146.343,146.442
2025-09-16 22:00,146.438,146.514,146.397,146.510
2025-09-16 23:00,146.484,146.495,146.306,146.411
2025-09-17 00:00,146.408,146.569,146.207,146.531
2025-09-17 01:00,146.530,146.604,146.426,146.495
2025-09-17 02:00,146.493,146.590,146.489,146.536
2025-09-17 03:00,146.534,146.563,146.471,146.530
2025-09-17 04:00,146.528,146.544,146.430,146.453
2025-09-17 05:00,146.451,146.554,146.363,146.512
2025-09-17 06:00,146.510,146.544,146.458,146.494
2025-09-17 07:00,146.490,146.680,146.474,146.663
2025-09-17 08:00,146.662,146.682,146.368,146.451
2025-09-17 09:00,146.446,146.454,146.272,146.314
2025-09-17 10:00,146.317,146.389,146.200,146.268
2025-09-17 11:00,146.271,146.342,146.216,146.333
2025-09-17 12:00,146.333,146.478,146.315,146.377
2025-09-17 13:00,146.374,146.401,146.239,146.337
2025-09-17 14:00,146.337,146.392,146.205,146.337
2025-09-17 15:00,146.338,146.385,146.299,146.360
2025-09-17 16:00,146.357,146.376,146.250,146.286
2025-09-17 17:00,146.282,146.368,146.238,146.251
2025-09-17 18:00,146.249,146.857,145.476,146.711
2025-09-17 19:00,146.716,146.847,146.435,146.779
2025-09-17 20:00,146.778,147.048,146.747,146.939
2025-09-17 21:00,146.941,146.955,146.841,146.919
2025-09-17 22:00,146.919,146.983,146.788,146.838
2025-09-17 23:00,146.833,146.909,146.762,146.876
2025-09-18 00:00,146.876,147.028,146.848,146.912
2025-09-18 01:00,146.909,147.147,146.841,147.020
2025-09-18 02:00,147.019,147.069,146.891,146.900
2025-09-18 03:00,146.901,147.052,146.848,147.046
2025-09-18 04:00,147.046,147.220,147.035,147.202
2025-09-18 05:00,147.202,147.405,147.168,147.351
2025-09-18 06:00,147.348,147.532,147.327,147.406
2025-09-18 07:00,147.404,147.426,147.022,147.117
2025-09-18 08:00,147.111,147.488,147.096,147.430
2025-09-18 09:00,147.430,147.454,147.155,147.271
2025-09-18 10:00,147.272,147.371,147.220,147.256
2025-09-18 11:00,147.256,147.424,147.209,147.378
2025-09-18 12:00,147.377,147.801,147.358,147.784
2025-09-18 13:00,147.787,148.267,147.785,148.058
2025-09-18 14:00,148.053,148.127,147.897,148.012
2025-09-18 15:00,148.007,148.080,147.898,148.019
2025-09-18 16:00,148.018,148.042,147.851,147.861
2025-09-18 17:00,147.860,147.893,147.800,147.869
2025-09-18 18:00,147.870,147.929,147.819,147.879
2025-09-18 19:00,147.875,147.960,147.839,147.941
2025-09-18 20:00,147.941,148.017,147.938,147.976
2025-09-18 21:00,147.991,147.995,147.862,147.938
2025-09-18 22:00,147.957,147.980,147.897,147.932
2025-09-18 23:00,147.932,148.007,147.930,147.957
2025-09-19 00:00,147.959,148.113,147.889,148.007
2025-09-19 01:00,148.002,148.094,147.928,148.059
2025-09-19 02:00,148.055,148.104,147.943,147.991
2025-09-19 03:00,147.978,147.992,147.364,147.623
2025-09-19 04:00,147.619,147.626,147.192,147.517
2025-09-19 05:00,147.517,147.582,147.411,147.508
2025-09-19 06:00,147.506,147.988,147.462,147.846
2025-09-19 07:00,147.846,147.956,147.657,147.926
2025-09-19 08:00,147.929,148.033,147.806,147.854
2025-09-19 09:00,147.849,147.984,147.748,147.953
2025-09-19 10:00,147.952,147.976,147.850,147.940
2025-09-19 11:00,147.937,148.197,147.927,148.164
2025-09-19 12:00,148.161,148.283,148.011,148.154
2025-09-19 13:00,148.152,148.159,147.800,147.830
2025-09-19 14:00,147.830,147.923,147.785,147.882
2025-09-19 15:00,147.882,147.951,147.822,147.831
2025-09-19 16:00,147.830,147.926,147.790,147.844
2025-09-19 17:00,147.844,147.952,147.839,147.938
2025-09-19 18:00,147.938,147.975,147.913,147.958
2025-09-19 19:00,147.963,147.995,147.915,147.939
2025-09-19 20:00,147.934,147.993,147.920,147.954
2025-09-21 23:00,147.986,148.110,147.969,148.100
2025-09-22 00:00,148.100,148.257,148.099,148.157
2025-09-22 01:00,148.160,148.215,148.080,148.190
2025-09-22 02:00,148.190,148.353,148.173,148.342
2025-09-22 03:00,148.342,148.376,148.298,148.331
2025-09-22 04:00,148.331,148.369,148.268,148.283
2025-09-22 05:00,148.281,148.305,148.218,148.250
2025-09-22 06:00,148.249,148.260,147.991,148.072
2025-09-22 07:00,148.073,148.132,147.884,148.110
2025-09-22 08:00,148.112,148.127,147.814,147.844
2025-09-22 09:00,147.852,147.944,147.793,147.871
2025-09-22 10:00,147.871,147.931,147.814,147.852
2025-09-22 11:00,147.853,147.907,147.737,147.838
2025-09-22 12:00,147.838,147.930,147.758,147.836
2025-09-22 13:00,147.835,147.966,147.724,147.816
2025-09-22 14:00,147.817,147.983,147.811,147.871
2025-09-22 15:00,147.877,147.902,147.813,147.831
2025-09-22 16:00,147.831,147.887,147.728,147.741
2025-09-22 17:00,147.736,147.780,147.651,147.680
2025-09-22 18:00,147.683,147.773,147.655,147.724
2025-09-22 19:00,147.724,147.739,147.684,147.736
2025-09-22 20:00,147.735,147.779,147.688,147.702
2025-09-22 21:00,147.702,147.860,147.658,147.710
2025-09-22 22:00,147.691,147.739,147.650,147.708
2025-09-22 23:00,147.693,147.767,147.674,147.727
2025-09-23 00:00,147.727,147.766,147.646,147.664
2025-09-23 01:00,147.663,147.701,147.596,147.612
2025-09-23 02:00,147.620,147.814,147.601,147.788
2025-09-23 03:00,147.788,147.865,147.744,147.759
2025-09-23 04:00,147.753,147.813,147.726,147.796
2025-09-23 05:00,147.794,147.840,147.733,147.798
2025-09-23 06:00,147.794,147.834,147.632,147.708
2025-09-23 07:00,147.708,147.822,147.640,147.725
2025-09-23 08:00,147.724,147.776,147.531,147.564
2025-09-23 09:00,147.559,147.624,147.503,147.604
2025-09-23 10:00,147.604,147.768,147.574,147.712
2025-09-23 11:00,147.711,147.795,147.683,147.764
2025-09-23 12:00,147.757,147.884,147.751,147.766
2025-09-23 13:00,147.766,147.886,147.656,147.674
2025-09-23 14:00,147.671,147.801,147.611,147.762
2025-09-23 15:00,147.762,147.926,147.744,147.835
2025-09-23 16:00,147.837,147.927,147.680,147.766
2025-09-23 17:00,147.767,147.774,147.485,147.573
2025-09-23 18:00,147.573,147.623,147.456,147.578
2025-09-23 19:00,147.582,147.632,147.544,147.623
2025-09-23 20:00,147.623,147.673,147.577,147.605
2025-09-23 21:00,147.615,147.650,147.541,147.551
2025-09-23 22:00,147.561,147.629,147.535,147.610
2025-09-23 23:00,147.612,147.664,147.568,147.600
2025-09-24 00:00,147.596,147.828,147.511,147.776
2025-09-24 01:00,147.771,147.812,147.709,147.750
2025-09-24 02:00,147.753,147.789,147.718,147.764
2025-09-24 03:00,147.764,147.877,147.754,147.865
2025-09-24 04:00,147.870,147.961,147.865,147.903
2025-09-24 05:00,147.895,147.940,147.805,147.871
2025-09-24 06:00,147.877,148.106,147.864,148.053
2025-09-24 07:00,148.053,148.100,147.999,148.039
2025-09-24 08:00,148.038,148.292,148.011,148.264
2025-09-24 09:00,148.260,148.344,148.203,148.272
2025-09-24 10:00,148.278,148.421,148.272,148.390
2025-09-24 11:00,148.390,148.518,148.369,148.495
2025-09-24 12:00,148.495,148.716,148.426,148.667
2025-09-24 13:00,148.665,148.775,148.611,148.700
2025-09-24 14:00,148.709,148.780,148.587,148.706
2025-09-24 15:00,148.706,148.774,148.690,148.707
2025-09-24 16:00,148.712,148.792,148.680,148.760
2025-09-24 17:00,148.760,148.767,148.700,148.734
2025-09-24 18:00,148.736,148.872,148.732,148.835
2025-09-24 19:00,148.843,148.888,148.830,148.855
2025-09-24 20:00,148.859,148.915,148.849,148.890
2025-09-24 21:00,148.892,148.892,148.672,148.768
2025-09-24 22:00,148.754,148.849,148.754,148.795
2025-09-24 23:00,148.799,148.833,148.721,148.778
2025-09-25 00:00,148.778,148.792,148.557,148.569
2025-09-25 01:00,148.569,148.859,148.554,148.747
2025-09-25 02:00,148.747,148.758,148.609,148.744
2025-09-25 03:00,148.748,148.774,148.654,148.668
2025-09-25 04:00,148.664,148.700,148.595,148.600
2025-09-25 05:00,148.602,148.813,148.593,148.806
2025-09-25 06:00,148.805,148.861,148.724,148.778
2025-09-25 07:00,148.781,148.827,148.630,148.822
2025-09-25 08:00,148.815,148.824,148.658,148.737
2025-09-25 09:00,148.737,148.812,148.680,148.786
2025-09-25 10:00,148.791,148.799,148.720,148.799
2025-09-25 11:00,148.795,148.893,148.790,148.830
2025-09-25 12:00,148.835,149.355,148.794,149.242
2025-09-25 13:00,149.237,149.475,149.132,149.422
2025-09-25 14:00,149.425,149.636,149.335,149.630
2025-09-25 15:00,149.629,149.843,149.619,149.783
2025-09-25 16:00,149.785,149.866,149.704,149.806
2025-09-25 17:00,149.813,149.920,149.753,149.805
2025-09-25 18:00,149.805,149.928,149.720,149.883
2025-09-25 19:00,149.886,149.897,149.721,149.771
2025-09-25 20:00,149.767,149.811,149.741,149.784
2025-09-25 21:00,149.782,149.824,149.723,149.760
2025-09-25 22:00,149.741,149.805,149.710,149.751
2025-09-25 23:00,149.729,149.956,149.725,149.868
2025-09-26 00:00,149.868,149.945,149.632,149.679
2025-09-26 01:00,149.678,149.848,149.627,149.822
2025-09-26 02:00,149.825,149.832,149.686,149.717
2025-09-26 03:00,149.717,149.744,149.666,149.700
2025-09-26 04:00,149.700,149.730,149.638,149.639
2025-09-26 05:00,149.639,149.721,149.611,149.708
2025-09-26 06:00,149.710,149.798,149.690,149.717
2025-09-26 07:00,149.720,149.885,149.719,149.846
2025-09-26 08:00,149.842,149.848,149.645,149.744
2025-09-26 09:00,149.745,149.796,149.706,149.781
2025-09-26 10:00,149.785,149.951,149.774,149.886
2025-09-26 11:00,149.892,149.898,149.750,149.782
2025-09-26 12:00,149.782,149.839,149.581,149.623
2025-09-26 13:00,149.618,149.783,149.505,149.735
2025-09-26 14:00,149.741,149.741,149.457,149.498
2025-09-26 15:00,149.497,149.574,149.420,149.519
2025-09-26 16:00,149.519,149.595,149.488,149.552
2025-09-26 17:00,149.546,149.560,149.472,149.515
2025-09-26 18:00,149.517,149.553,149.400,149.434
2025-09-26 19:00,149.440,149.559,149.431,149.502
2025-09-26 20:00,149.506,149.549,149.439,149.454
2025-09-28 23:00,149.464,149.474,149.333,149.410
2025-09-29 00:00,149.408,149.421,149.106,149.172
2025-09-29 01:00,149.171,149.279,149.012,149.086
2025-09-29 02:00,149.089,149.105,148.896,148.938
2025-09-29 03:00,148.937,148.959,148.879,148.929
2025-09-29 04:00,148.931,148.978,148.882,148.943
2025-09-29 05:00,148.943,148.979,148.737,148.777
2025-09-29 06:00,148.773,148.853,148.705,148.817
2025-09-29 07:00,148.822,148.837,148.517,148.570
2025-09-29 08:00,148.573,148.621,148.467,148.522
2025-09-29 09:00,148.523,148.635,148.467,148.598
2025-09-29 10:00,148.598,148.685,148.566,148.665
2025-09-29 11:00,148.662,148.799,148.616,148.629
2025-09-29 12:00,148.624,148.812,148.570,148.598
2025-09-29 13:00,148.598,148.738,148.475,148.577
2025-09-29 14:00,148.573,148.652,148.525,148.644
2025-09-29 15:00,148.650,148.651,148.495,148.568
2025-09-29 16:00,148.563,148.615,148.553,148.578
2025-09-29 17:00,148.575,148.648,148.545,148.581
2025-09-29 18:00,148.580,148.641,148.540,148.634
2025-09-29 19:00,148.632,148.674,148.552,148.627
2025-09-29 20:00,148.626,148.696,148.559,148.578
2025-09-29 21:00,148.583,148.651,148.529,148.582
2025-09-29 22:00,148.576,148.653,148.555,148.596
2025-09-29 23:00,148.592,148.630,148.495,148.613
2025-09-30 00:00,148.614,148.845,148.546,148.790
2025-09-30 01:00,148.793,148.793,148.596,148.747
2025-09-30 02:00,148.746,148.802,148.622,148.714
2025-09-30 03:00,148.711,148.721,148.508,148.511
2025-09-30 04:00,148.511,148.591,148.383,148.402
2025-09-30 05:00,148.397,148.444,148.220,148.285
2025-09-30 06:00,148.281,148.351,148.042,148.072
2025-09-30 07:00,148.062,148.178,147.935,148.047
2025-09-30 08:00,148.045,148.094,147.832,147.853
2025-09-30 09:00,147.850,147.986,147.826,147.968
2025-09-30 10:00,147.968,148.036,147.894,148.024
2025-09-30 11:00,148.020,148.098,147.960,147.964
2025-09-30 12:00,147.966,148.026,147.890,147.951
2025-09-30 13:00,147.955,148.062,147.803,147.909
2025-09-30 14:00,147.897,148.004,147.647,147.681
2025-09-30 15:00,147.684,148.018,147.655,147.967
2025-09-30 16:00,147.962,147.966,147.699,147.738
2025-09-30 17:00,147.736,147.847,147.645,147.777
2025-09-30 18:00,147.781,147.883,147.764,147.863
2025-09-30 19:00,147.871,147.924,147.823,147.860
2025-09-30 20:00,147.865,147.980,147.853,147.893
2025-09-30 21:00,147.884,147.884,147.778,147.840
2025-09-30 22:00,147.845,147.923,147.800,147.906
2025-09-30 23:00,147.909,148.028,147.801,148.021
2025-10-01 00:00,148.016,148.226,148.015,148.101
2025-10-01 01:00,148.102,148.167,147.935,147.949
2025-10-01 02:00,147.949,148.039,147.881,147.911
2025-10-01 03:00,147.909,147.999,147.863,147.925
2025-10-01 04:00,147.921,147.957,147.544,147.550
2025-10-01 05:00,147.553,147.642,147.454,147.522
2025-10-01 06:00,147.527,147.527,147.163,147.226
2025-10-01 07:00,147.230,147.322,147.013,147.123
2025-10-01 08:00,147.119,147.153,146.892,147.149
2025-10-01 09:00,147.144,147.227,147.065,147.203
2025-10-01 10:00,147.206,147.266,147.051,147.073
2025-10-01 11:00,147.074,147.108,146.990,146.997
2025-10-01 12:00,147.000,147.117,146.580,146.794
2025-10-01 13:00,146.790,146.873,146.612,146.715
2025-10-01 14:00,146.714,147.049,146.683,146.858
2025-10-01 15:00,146.860,147.211,146.837,147.150
2025-10-01 16:00,147.141,147.254,147.089,147.156
2025-10-01 17:00,147.157,147.191,147.109,147.166
2025-10-01 18:00,147.163,147.229,147.017,147.084
2025-10-01 19:00,147.088,147.159,147.047,147.092
2025-10-01 20:00,147.092,147.166,147.030,147.046
2025-10-01 21:00,147.044,147.058,147.013,147.021
2025-10-01 22:00,147.036,147.066,146.993,147.005
2025-10-01 23:00,147.004,147.112,146.993,147.104
2025-10-02 00:00,147.108,147.322,147.102,147.188
2025-10-02 01:00,147.188,147.225,146.953,146.981
2025-10-02 02:00,146.980,147.185,146.932,147.160
2025-10-02 03:00,147.161,147.195,147.046,147.081
2025-10-02 04:00,147.081,147.199,147.068,147.168
2025-10-02 05:00,147.168,147.267,147.112,147.160
2025-10-02 06:00,147.158,147.380,146.885,147.156
2025-10-02 07:00,147.156,147.216,147.006,147.077
2025-10-02 08:00,147.076,147.082,146.721,146.789
2025-10-02 09:00,146.788,146.809,146.594,146.616
2025-10-02 10:00,146.618,146.770,146.616,146.639
2025-10-02 11:00,146.636,146.861,146.620,146.792
2025-10-02 12:00,146.791,147.199,146.739,147.157
2025-10-02 13:00,147.160,147.268,147.053,147.218
2025-10-02 14:00,147.223,147.343,147.147,147.329
2025-10-02 15:00,147.326,147.514,147.323,147.344
2025-10-02 16:00,147.346,147.366,147.157,147.161
2025-10-02 17:00,147.163,147.236,147.136,147.174
2025-10-02 18:00,147.174,147.219,147.158,147.213
2025-10-02 19:00,147.208,147.252,147.125,147.236
2025-10-02 20:00,147.232,147.293,147.182,147.248
2025-10-02 21:00,147.247,147.258,147.168,147.200
2025-10-02 22:00,147.197,147.224,147.152,147.184
2025-10-02 23:00,147.186,147.204,147.088,147.151
2025-10-03 00:00,147.150,147.381,147.149,147.347
2025-10-03 01:00,147.347,147.684,147.174,147.508
2025-10-03 02:00,147.505,147.686,147.492,147.650
2025-10-03 03:00,147.645,147.766,147.609,147.623
2025-10-03 04:00,147.623,147.743,147.588,147.719
2025-10-03 05:00,147.719,147.815,147.568,147.783
2025-10-03 06:00,147.783,147.804,147.493,147.600
2025-10-03 07:00,147.600,147.683,147.403,147.411
2025-10-03 08:00,147.407,147.441,147.274,147.325
2025-10-03 09:00,147.325,147.434,147.306,147.370
2025-10-03 10:00,147.365,147.391,147.306,147.323
2025-10-03 11:00,147.315,147.422,147.214,147.274
2025-10-03 12:00,147.274,147.412,147.225,147.263
2025-10-03 13:00,147.258,147.382,147.212,147.355
2025-10-03 14:00,147.357,147.518,147.018,147.446
2025-10-03 15:00,147.440,147.491,147.300,147.332
2025-10-03 16:00,147.337,147.536,147.321,147.505
2025-10-03 17:00,147.499,147.514,147.402,147.506
2025-10-03 18:00,147.506,147.544,147.459,147.496
2025-10-03 19:00,147.497,147.525,147.451,147.458
2025-10-03 20:00,147.452,147.515,147.377,147.487
2025-10-05 23:00,149.324,149.657,149.220,149.577
2025-10-06 00:00,149.578,149.861,149.446,149.707
2025-10-06 01:00,149.700,149.832,149.580,149.770
2025-10-06 02:00,149.767,149.918,149.714,149.871
2025-10-06 03:00,149.871,150.100,149.814,150.057
2025-10-06 04:00,150.057,150.343,149.840,150.312
2025-10-06 05:00,150.309,150.436,150.220,150.252
2025-10-06 06:00,150.255,150.349,150.004,150.031
2025-10-06 07:00,150.026,150.217,149.944,150.025
2025-10-06 08:00,150.029,150.400,149.992,150.365
2025-10-06 09:00,150.363,150.476,150.295,150.372
2025-10-06 10:00,150.377,150.434,150.272,150.279
2025-10-06 11:00,150.279,150.406,150.214,150.368
2025-10-06 12:00,150.366,150.389,149.746,149.778
2025-10-06 13:00,149.778,150.083,149.748,149.930
2025-10-06 14:00,149.928,150.113,149.795,149.955
2025-10-06 15:00,149.961,150.114,149.917,150.020
2025-10-06 16:00,150.024,150.172,149.949,150.157
2025-10-06 17:00,150.156,150.238,150.073,150.201
2025-10-06 18:00,150.205,150.321,150.156,150.293
2025-10-06 19:00,150.294,150.334,150.221,150.317
2025-10-06 20:00,150.317,150.397,150.281,150.345
2025-10-06 21:00,150.344,150.344,150.189,150.245
2025-10-06 22:00,150.307,150.388,150.291,150.320
2025-10-06 23:00,150.313,150.395,150.256,150.360
2025-10-07 00:00,150.359,150.618,150.354,150.486
2025-10-07 01:00,150.486,150.612,150.361,150.502
2025-10-07 02:00,150.503,150.536,150.336,150.531
2025-10-07 03:00,150.526,150.534,150.355,150.361
2025-10-07 04:00,150.357,150.443,150.243,150.409
2025-10-07 05:00,150.411,150.541,150.397,150.492
2025-10-07 06:00,150.493,150.697,150.491,150.622
2025-10-07 07:00,150.620,150.711,150.532,150.619
2025-10-07 08:00,150.622,150.832,150.520,150.786
2025-10-07 09:00,150.786,150.830,150.721,150.750
2025-10-07 10:00,150.751,150.794,150.702,150.763
2025-10-07 11:00,150.772,150.950,150.756,150.891
2025-10-07 12:00,150.897,151.039,150.801,150.827
2025-10-07 13:00,150.827,150.941,150.729,150.929
2025-10-07 14:00,150.934,151.205,150.904,151.174
2025-10-07 15:00,151.170,151.204,150.976,151.175
2025-10-07 16:00,151.172,151.409,151.095,151.323
2025-10-07 17:00,151.320,151.533,151.247,151.515
2025-10-07 18:00,151.512,151.934,151.490,151.823
2025-10-07 19:00,151.819,151.953,151.734,151.900
2025-10-07 20:00,151.903,152.044,151.873,151.892
2025-10-07 21:00,151.891,151.951,151.820,151.872
2025-10-07 22:00,151.841,151.891,151.729,151.841
2025-10-07 23:00,151.809,152.093,151.788,152.055
2025-10-08 00:00,152.052,152.377,152.052,152.305
2025-10-08 01:00,152.305,152.602,152.266,152.596
2025-10-08 02:00,152.602,152.647,152.300,152.483
2025-10-08 03:00,152.480,152.564,152.398,152.407
2025-10-08 04:00,152.407,152.493,152.304,152.363
2025-10-08 05:00,152.360,152.441,152.281,152.405
2025-10-08 06:00,152.404,152.521,152.249,152.339
2025-10-08 07:00,152.339,152.554,152.325,152.539
2025-10-08 08:00,152.539,152.787,152.371,152.748
2025-10-08 09:00,152.743,152.998,152.712,152.972
2025-10-08 10:00,152.967,152.997,152.645,152.727
2025-10-08 11:00,152.735,152.848,152.640,152.687
2025-10-08 12:00,152.687,152.747,152.432,152.502
2025-10-08 13:00,152.505,152.662,152.369,152.588
2025-10-08 14:00,152.582,152.671,152.426,152.500
2025-10-08 15:00,152.499,152.792,152.498,152.727
2025-10-08 16:00,152.723,152.797,152.687,152.758
2025-10-08 17:00,152.752,152.886,152.741,152.866
2025-10-08 18:00,152.870,152.945,152.639,152.712
2025-10-08 19:00,152.716,152.752,152.635,152.706
2025-10-08 20:00,152.708,152.734,152.644,152.677
2025-10-08 21:00,152.677,152.697,152.551,152.643
2025-10-08 22:00,152.651,152.669,152.486,152.520
2025-10-08 23:00,152.523,152.721,152.458,152.709
2025-10-09 00:00,152.708,152.737,152.450,152.699
2025-10-09 01:00,152.702,152.765,152.404,152.515
2025-10-09 02:00,152.521,152.606,152.400,152.458
2025-10-09 03:00,152.458,152.579,152.448,152.505
2025-10-09 04:00,152.505,152.597,152.448,152.462
2025-10-09 05:00,152.466,152.656,152.461,152.630
2025-10-09 06:00,152.633,153.136,152.628,152.980
2025-10-09 07:00,152.979,153.217,152.849,153.064
2025-10-09 08:00,153.068,153.137,152.753,152.796
2025-10-09 09:00,152.791,152.855,152.464,152.548
2025-10-09 10:00,152.552,152.748,152.490,152.660
2025-10-09 11:00,152.654,152.841,152.651,152.794
2025-10-09 12:00,152.791,152.843,152.649,152.745
2025-10-09 13:00,152.739,152.954,152.096,152.855
2025-10-09 14:00,152.866,153.184,152.855,153.037
2025-10-09 15:00,153.037,153.232,152.941,153.051
2025-10-09 16:00,153.045,153.146,152.988,153.003
2025-10-09 17:00,152.999,153.099,152.903,153.046
2025-10-09 18:00,153.048,153.213,152.995,153.177
2025-10-09 19:00,153.178,153.179,153.043,153.062
2025-10-09 20:00,153.062,153.101,152.999,153.061
2025-10-09 21:00,152.909,153.077,152.909,153.043
2025-10-09 22:00,153.050,153.084,152.968,153.027
2025-10-09 23:00,153.024,153.275,152.957,153.020
2025-10-10 00:00,153.023,153.165,152.941,152.951
2025-10-10 01:00,152.950,153.049,152.835,153.016
2025-10-10 02:00,153.016,153.035,152.859,152.914
2025-10-10 03:00,152.909,152.935,152.638,152.660
2025-10-10 04:00,152.660,152.830,152.632,152.751
2025-10-10 05:00,152.745,152.849,152.681,152.825
2025-10-10 06:00,152.832,152.916,152.377,152.527
2025-10-10 07:00,152.532,152.950,152.479,152.843
2025-10-10 08:00,152.847,152.937,152.590,152.641
2025-10-10 09:00,152.640,152.846,152.607,152.790
2025-10-10 10:00,152.787,152.810,152.625,152.712
2025-10-10 11:00,152.715,152.758,152.539,152.625
2025-10-10 12:00,152.625,152.651,152.512,152.552
2025-10-10 13:00,152.553,152.692,152.525,152.644
2025-10-10 14:00,152.654,152.713,152.413,152.460
2025-10-10 15:00,152.459,152.462,151.500,151.942
2025-10-10 16:00,151.937,152.187,151.837,151.889
2025-10-10 17:00,151.884,151.947,151.717,151.862
2025-10-10 18:00,151.859,151.899,151.628,151.717
2025-10-10 19:00,151.710,151.806,151.523,151.593
2025-10-10 20:00,151.591,151.728,151.119,151.119
2025-10-12 23:00,151.926,152.085,151.732,152.064
2025-10-13 00:00,152.061,152.075,151.792,151.840
2025-10-13 01:00,151.837,151.978,151.800,151.952
2025-10-13 02:00,151.953,151.985,151.845,151.935
2025-10-13 03:00,151.930,152.014,151.897,151.924
2025-10-13 04:00,151.927,151.968,151.805,151.906
2025-10-13 05:00,151.907,151.914,151.756,151.877
2025-10-13 06:00,151.870,152.027,151.712,151.937
2025-10-13 07:00,151.938,152.376,151.907,152.295
2025-10-13 08:00,152.296,152.448,152.244,152.340
2025-10-13 09:00,152.334,152.370,152.157,152.166
2025-10-13 10:00,152.166,152.231,152.122,152.166
2025-10-13 11:00,152.163,152.172,151.973,152.102
2025-10-13 12:00,152.102,152.267,152.047,152.211
2025-10-13 13:00,152.209,152.265,152.099,152.183
2025-10-13 14:00,152.187,152.447,152.178,152.363
2025-10-13 15:00,152.364,152.391,152.235,152.260
2025-10-13 16:00,152.254,152.302,152.189,152.277
2025-10-13 17:00,152.275,152.347,152.228,152.260
2025-10-13 18:00,152.259,152.334,152.212,152.283
2025-10-13 19:00,152.277,152.325,152.247,152.321
2025-10-13 20:00,152.322,152.350,152.259,152.263
2025-10-13 21:00,152.264,152.264,152.156,152.230
2025-10-13 22:00,152.236,152.345,152.179,152.340
2025-10-13 23:00,152.334,152.460,152.275,152.451
2025-10-14 00:00,152.451,152.613,152.423,152.467
2025-10-14 01:00,152.462,152.499,152.349,152.458
2025-10-14 02:00,152.452,152.486,152.354,152.376
2025-10-14 03:00,152.376,152.394,152.044,152.143
2025-10-14 04:00,152.146,152.150,151.772,151.855
2025-10-14 05:00,151.853,151.946,151.664,151.713
2025-10-14 06:00,151.706,151.975,151.616,151.890
2025-10-14 07:00,151.893,152.077,151.668,151.956
2025-10-14 08:00,151.956,152.126,151.926,151.974
2025-10-14 09:00,151.969,152.153,151.966,152.106
2025-10-14 10:00,152.110,152.123,151.909,151.943
2025-10-14 11:00,151.944,152.128,151.933,152.086
2025-10-14 12:00,152.086,152.127,151.856,152.046
2025-10-14 13:00,152.045,152.164,151.815,151.992
2025-10-14 14:00,151.988,152.102,151.826,151.831
2025-10-14 15:00,151.826,151.938,151.736,151.776
2025-10-14 16:00,151.774,151.917,151.663,151.731
2025-10-14 17:00,151.731,151.868,151.669,151.724
2025-10-14 18:00,151.723,151.802,151.692,151.755
2025-10-14 19:00,151.755,151.775,151.598,151.686
2025-10-14 20:00,151.683,151.834,151.679,151.832
2025-10-14 21:00,151.815,151.830,151.678,151.697
2025-10-14 22:00,151.693,151.870,151.690,151.800
2025-10-14 23:00,151.800,151.852,151.689,151.702
2025-10-15 00:00,151.700,151.832,151.492,151.566
2025-10-15 01:00,151.564,151.604,151.295,151.300
2025-10-15 02:00,151.296,151.315,151.030,151.049
2025-10-15 03:00,151.053,151.168,150.998,151.132
2025-10-15 04:00,151.132,151.249,151.085,151.242
2025-10-15 05:00,151.243,151.271,151.106,151.204
2025-10-15 06:00,151.199,151.202,150.894,151.038
2025-10-15 07:00,151.032,151.297,150.980,151.246
2025-10-15 08:00,151.246,151.395,151.120,151.216
2025-10-15 09:00,151.209,151.433,151.209,151.345
2025-10-15 10:00,151.345,151.493,151.329,151.361
2025-10-15 11:00,151.362,151.511,151.316,151.499
2025-10-15 12:00,151.497,151.687,151.450,151.635
2025-10-15 13:00,151.630,151.737,151.394,151.398
2025-10-15 14:00,151.398,151.512,151.311,151.396
2025-10-15 15:00,151.396,151.460,151.032,151.212
2025-10-15 16:00,151.217,151.322,151.171,151.191
2025-10-15 17:00,151.192,151.341,151.060,151.324
2025-10-15 18:00,151.325,151.391,151.209,151.327
2025-10-15 19:00,151.335,151.344,151.228,151.248
2025-10-15 20:00,151.255,151.274,151.026,151.033
2025-10-15 21:00,151.034,151.202,150.999,151.055
2025-10-15 22:00,151.051,151.102,150.742,150.900
2025-10-15 23:00,150.907,151.038,150.877,150.983
2025-10-16 00:00,150.983,151.091,150.507,150.707
2025-10-16 01:00,150.702,150.773,150.508,150.596
2025-10-16 02:00,150.595,150.777,150.563,150.773
2025-10-16 03:00,150.772,150.886,150.724,150.864
2025-10-16 04:00,150.864,151.113,150.860,151.039
2025-10-16 05:00,151.034,151.192,151.012,151.057
2025-10-16 06:00,151.051,151.271,150.955,151.195
2025-10-16 07:00,151.198,151.382,150.936,151.234
2025-10-16 08:00,151.240,151.288,151.054,151.238
2025-10-16 09:00,151.238,151.397,151.236,151.286
2025-10-16 10:00,151.289,151.301,151.158,151.174
2025-10-16 11:00,151.173,151.372,151.157,151.237
2025-10-16 12:00,151.237,151.282,151.022,151.098
2025-10-16 13:00,151.099,151.287,151.011,151.101
2025-10-16 14:00,151.100,151.121,150.749,150.774
2025-10-16 15:00,150.769,150.867,150.715,150.754
2025-10-16 16:00,150.751,150.793,150.230,150.398
2025-10-16 17:00,150.398,150.473,150.245,150.329
2025-10-16 18:00,150.325,150.422,150.218,150.330
2025-10-16 19:00,150.336,150.430,150.204,150.399
2025-10-16 20:00,150.397,150.450,150.340,150.419
2025-10-16 21:00,150.419,150.441,150.321,150.382
2025-10-16 22:00,150.382,150.434,150.238,150.261
2025-10-16 23:00,150.252,150.292,150.046,150.149
2025-10-17 00:00,150.148,150.231,150.037,150.229
2025-10-17 01:00,150.224,150.361,150.167,150.310
2025-10-17 02:00,150.309,150.389,150.054,150.176
2025-10-17 03:00,150.182,150.182,149.884,150.012
2025-10-17 04:00,150.007,150.140,149.934,149.960
2025-10-17 05:00,149.958,149.972,149.732,149.747
2025-10-17 06:00,149.741,149.977,149.620,149.626
2025-10-17 07:00,149.631,149.783,149.370,149.702
2025-10-17 08:00,149.698,149.916,149.579,149.779
2025-10-17 09:00,149.776,149.903,149.598,149.667
2025-10-17 10:00,149.668,149.961,149.664,149.925
2025-10-17 11:00,149.925,150.331,149.863,150.234
2025-10-17 12:00,150.232,150.542,150.226,150.384
2025-10-17 13:00,150.383,150.447,150.156,150.357
2025-10-17 14:00,150.346,150.592,150.341,150.420
2025-10-17 15:00,150.414,150.454,150.199,150.325
2025-10-17 16:00,150.344,150.500,150.324,150.408
2025-10-17 17:00,150.408,150.492,150.354,150.468
2025-10-17 18:00,150.488,150.534,150.404,150.495
2025-10-17 19:00,150.498,150.521,150.447,150.481
2025-10-17 20:00,150.468,150.640,150.457,150.584
2025-10-19 23:00,150.823,150.965,150.798,150.917
2025-10-20 00:00,150.913,150.977,150.760,150.908
2025-10-20 01:00,150.902,151.200,150.858,150.951
2025-10-20 02:00,150.951,150.997,150.801,150.865
2025-10-20 03:00,150.865,150.887,150.634,150.722
2025-10-20 04:00,150.719,150.769,150.502,150.594
2025-10-20 05:00,150.596,150.690,150.487,150.643
2025-10-20 06:00,150.648,150.744,150.543,150.687
2025-10-20 07:00,150.678,150.830,150.645,150.740
2025-10-20 08:00,150.737,150.796,150.571,150.579
2025-10-20 09:00,150.578,150.771,150.266,150.720
2025-10-20 10:00,150.730,150.835,150.661,150.712
2025-10-20 11:00,150.700,150.856,150.663,150.696
2025-10-20 12:00,150.698,150.775,150.601,150.668
2025-10-20 13:00,150.672,150.852,150.607,150.761
2025-10-20 14:00,150.761,150.811,150.405,150.588
2025-10-20 15:00,150.591,150.622,150.480,150.589
2025-10-20 16:00,150.584,150.696,150.523,150.671
2025-10-20 17:00,150.668,150.797,150.659,150.776
2025-10-20 18:00,150.777,150.827,150.656,150.685
2025-10-20 19:00,150.690,150.731,150.622,150.693
2025-10-20 20:00,150.691,150.766,150.678,150.731
2025-10-20 21:00,150.730,150.732,150.637,150.652
2025-10-20 22:00,150.644,150.763,150.616,150.743
2025-10-20 23:00,150.725,150.822,150.709,150.818
2025-10-21 00:00,150.807,150.850,150.463,150.654
2025-10-21 01:00,150.652,150.994,150.518,150.975
2025-10-21 02:00,150.974,151.145,150.957,151.111
2025-10-21 03:00,151.118,151.149,150.995,151.043
2025-10-21 04:00,151.041,151.239,150.876,151.076
2025-10-21 05:00,151.075,151.521,150.856,151.499
2025-10-21 06:00,151.509,151.607,151.212,151.256
2025-10-21 07:00,151.247,151.263,151.056,151.151
2025-10-21 08:00,151.150,151.677,151.062,151.609
2025-10-21 09:00,151.604,151.802,151.585,151.790
2025-10-21 10:00,151.792,152.048,151.734,151.917
2025-10-21 11:00,151.926,152.009,151.803,151.944
2025-10-21 12:00,151.945,152.174,151.887,152.027
2025-10-21 13:00,152.023,152.091,151.580,151.598
2025-10-21 14:00,151.593,151.883,151.449,151.871
2025-10-21 15:00,151.869,151.876,151.675,151.722
2025-10-21 16:00,151.723,151.950,151.646,151.850
2025-10-21 17:00,151.855,151.972,151.801,151.919
2025-10-21 18:00,151.919,151.927,151.870,151.908
2025-10-21 19:00,151.910,151.970,151.886,151.913
2025-10-21 20:00,151.908,151.947,151.864,151.922
2025-10-21 21:00,151.922,151.924,151.857,151.872
2025-10-21 22:00,151.866,151.926,151.849,151.925
2025-10-21 23:00,151.931,151.959,151.856,151.873
2025-10-22 00:00,151.873,151.877,151.598,151.628
2025-10-22 01:00,151.626,151.753,151.484,151.744
2025-10-22 02:00,151.743,151.760,151.583,151.629
2025-10-22 03:00,151.627,151.818,151.623,151.794
2025-10-22 04:00,151.794,151.875,151.750,151.758
2025-10-22 05:00,151.752,151.873,151.714,151.855
2025-10-22 06:00,151.855,151.949,151.690,151.737
2025-10-22 07:00,151.738,151.859,151.615,151.822
2025-10-22 08:00,151.822,151.909,151.625,151.683
2025-10-22 09:00,151.684,151.826,151.642,151.815
2025-10-22 10:00,151.813,151.834,151.711,151.813
2025-10-22 11:00,151.813,151.893,151.714,151.782
2025-10-22 12:00,151.783,151.968,151.748,151.922
2025-10-22 13:00,151.925,152.045,151.864,151.967
2025-10-22 14:00,151.964,152.010,151.854,151.880
2025-10-22 15:00,151.880,151.910,151.745,151.792
2025-10-22 16:00,151.782,151.844,151.497,151.762
2025-10-22 17:00,151.753,151.811,151.592,151.631
2025-10-22 18:00,151.631,151.891,151.628,151.869
2025-10-22 19:00,151.879,152.007,151.840,151.976
2025-10-22 20:00,151.976,152.011,151.894,151.980
2025-10-22 21:00,151.967,151.967,151.856,151.881
2025-10-22 22:00,151.858,151.927,151.813,151.896
2025-10-22 23:00,151.894,151.997,151.894,151.981
2025-10-23 00:00,151.976,152.262,151.961,152.137
2025-10-23 01:00,152.140,152.456,152.105,152.413
2025-10-23 02:00,152.408,152.501,152.373,152.459
2025-10-23 03:00,152.456,152.484,152.384,152.471
2025-10-23 04:00,152.464,152.575,152.398,152.407
2025-10-23 05:00,152.408,152.426,152.311,152.374
2025-10-23 06:00,152.369,152.648,152.321,152.636
2025-10-23 07:00,152.636,152.646,152.371,152.496
2025-10-23 08:00,152.493,152.650,152.449,152.607
2025-10-23 09:00,152.603,152.665,152.501,152.569
2025-10-23 10:00,152.563,152.775,152.560,152.759
2025-10-23 11:00,152.765,152.792,152.657,152.666
2025-10-23 12:00,152.666,152.719,152.448,152.534
2025-10-23 13:00,152.530,152.732,152.468,152.678
2025-10-23 14:00,152.685,152.709,152.570,152.607
2025-10-23 15:00,152.611,152.764,152.576,152.726
2025-10-23 16:00,152.722,152.797,152.664,152.712
2025-10-23 17:00,152.712,152.768,152.606,152.614
2025-10-23 18:00,152.607,152.648,152.515,152.532
2025-10-23 19:00,152.532,152.568,152.488,152.553
2025-10-23 20:00,152.559,152.609,152.536,152.552
2025-10-23 21:00,152.562,152.596,152.498,152.543
2025-10-23 22:00,152.530,152.593,152.497,152.589
2025-10-23 23:00,152.580,152.674,152.557,152.598
2025-10-24 00:00,152.606,152.664,152.465,152.642
2025-10-24 01:00,152.642,152.900,152.632,152.893
2025-10-24 02:00,152.893,152.914,152.761,152.883
2025-10-24 03:00,152.886,152.914,152.704,152.762
2025-10-24 04:00,152.769,152.912,152.760,152.886
2025-10-24 05:00,152.886,153.036,152.872,152.950
2025-10-24 06:00,152.950,153.062,152.903,152.915
2025-10-24 07:00,152.903,152.953,152.746,152.827
2025-10-24 08:00,152.827,153.019,152.804,152.936
2025-10-24 09:00,152.932,152.995,152.897,152.948
2025-10-24 10:00,152.957,152.983,152.897,152.974
2025-10-24 11:00,152.973,152.992,152.894,152.935
2025-10-24 12:00,152.925,152.961,152.217,152.659
2025-10-24 13:00,152.673,153.019,152.586,152.825
2025-10-24 14:00,152.827,152.902,152.690,152.767
2025-10-24 15:00,152.764,152.878,152.701,152.821
2025-10-24 16:00,152.817,152.876,152.776,152.837
2025-10-24 17:00,152.829,152.839,152.744,152.805
2025-10-24 18:00,152.800,152.890,152.790,152.858
2025-10-24 19:00,152.858,152.896,152.796,152.825
2025-10-24 20:00,152.821,152.890,152.744,152.863
2025-10-27 00:00,153.061,153.153,152.821,152.891
2025-10-27 01:00,152.886,152.990,152.641,152.834
2025-10-27 02:00,152.827,153.014,152.818,152.968
2025-10-27 03:00,152.981,153.051,152.944,153.036
2025-10-27 04:00,153.036,153.164,153.028,153.130
2025-10-27 05:00,153.130,153.255,153.105,153.123
2025-10-27 06:00,153.125,153.137,152.827,152.972
2025-10-27 07:00,152.970,153.029,152.855,153.014
2025-10-27 08:00,153.008,153.077,152.734,152.812
2025-10-27 09:00,152.816,152.821,152.692,152.739
2025-10-27 10:00,152.739,152.849,152.717,152.767
2025-10-27 11:00,152.767,152.807,152.590,152.635
2025-10-27 12:00,152.632,152.898,152.559,152.836
2025-10-27 13:00,152.834,153.196,152.802,153.108
2025-10-27 14:00,153.105,153.190,152.993,152.997
2025-10-27 15:00,153.001,153.120,152.980,153.084
2025-10-27 16:00,153.085,153.091,152.971,152.992
2025-10-27 17:00,152.990,153.094,152.936,153.057
2025-10-27 18:00,153.055,153.071,152.754,152.814
2025-10-27 19:00,152.819,152.953,152.810,152.907
2025-10-27 20:00,152.899,152.911,152.839,152.874
2025-10-27 21:00,152.869,152.869,152.812,152.848
2025-10-27 22:00,152.840,152.840,152.727,152.740
2025-10-27 23:00,152.742,152.777,152.626,152.704
2025-10-28 00:00,152.692,152.736,152.389,152.493
2025-10-28 01:00,152.489,152.512,152.258,152.399
2025-10-28 02:00,152.399,152.472,152.291,152.452
2025-10-28 03:00,152.455,152.474,152.160,152.277
2025-10-28 04:00,152.269,152.302,151.847,151.873
2025-10-28 05:00,151.873,151.970,151.753,151.906
2025-10-28 06:00,151.906,152.059,151.805,152.013
2025-10-28 07:00,152.019,152.353,152.012,152.142
2025-10-28 08:00,152.138,152.162,151.837,151.946
2025-10-28 09:00,151.946,152.080,151.868,151.910
2025-10-28 10:00,151.910,151.987,151.820,151.857
2025-10-28 11:00,151.858,152.082,151.854,152.030
2025-10-28 12:00,152.029,152.218,152.014,152.128
2025-10-28 13:00,152.133,152.371,152.124,152.195
2025-10-28 14:00,152.193,152.262,151.968,151.986
2025-10-28 15:00,151.982,152.178,151.846,152.136
2025-10-28 16:00,152.136,152.306,152.105,152.106
2025-10-28 17:00,152.109,152.195,152.087,152.171
2025-10-28 18:00,152.175,152.246,152.084,152.098
2025-10-28 19:00,152.099,152.104,151.941,152.049
2025-10-28 20:00,152.048,152.131,152.037,152.099
2025-10-28 21:00,152.101,152.114,152.010,152.043
2025-10-28 22:00,152.034,152.179,152.020,152.164
2025-10-28 23:00,152.161,152.193,151.782,151.828
2025-10-29 00:00,151.736,151.888,151.530,151.634
2025-10-29 01:00,151.627,151.916,151.542,151.890
2025-10-29 02:00,151.888,152.142,151.884,151.981
2025-10-29 03:00,151.977,152.055,151.910,152.052
2025-10-29 04:00,152.049,152.114,151.954,152.070
2025-10-29 05:00,152.068,152.543,152.057,152.361
2025-10-29 06:00,152.358,152.452,152.123,152.140
2025-10-29 07:00,152.141,152.179,151.996,152.054
2025-10-29 08:00,152.060,152.333,152.042,152.333
2025-10-29 09:00,152.332,152.469,152.189,152.232
2025-10-29 10:00,152.231,152.343,152.201,152.241
2025-10-29 11:00,152.237,152.406,152.130,152.241
2025-10-29 12:00,152.239,152.297,152.156,152.239
2025-10-29 13:00,152.242,152.243,151.859,151.993
2025-10-29 14:00,151.996,152.168,151.978,152.030
2025-10-29 15:00,152.030,152.061,151.900,151.912
2025-10-29 16:00,151.907,152.178,151.892,152.147
2025-10-29 17:00,152.145,152.317,152.084,152.244
2025-10-29 18:00,152.247,153.055,152.174,152.810
2025-10-29 19:00,152.821,153.060,152.745,152.814
2025-10-29 20:00,152.816,152.876,152.582,152.714
2025-10-29 21:00,152.715,152.736,152.565,152.645
2025-10-29 22:00,152.646,152.736,152.602,152.690
2025-10-29 23:00,152.684,152.756,152.580,152.725
2025-10-30 00:00,152.719,152.946,152.498,152.627
2025-10-30 01:00,152.627,152.679,152.446,152.538
2025-10-30 02:00,152.541,152.561,152.310,152.322
2025-10-30 03:00,152.322,153.138,152.155,152.958
2025-10-30 04:00,152.957,153.021,152.554,152.766
2025-10-30 05:00,152.756,153.042,152.668,153.037
2025-10-30 06:00,153.036,153.517,152.928,153.332
2025-10-30 07:00,153.338,153.546,153.271,153.401
2025-10-30 08:00,153.398,153.887,153.398,153.742
2025-10-30 09:00,153.740,153.801,153.618,153.779
2025-10-30 10:00,153.775,153.959,153.766,153.956
2025-10-30 11:00,153.952,154.174,153.859,154.115
2025-10-30 12:00,154.112,154.288,154.074,154.288
2025-10-30 13:00,154.284,154.444,154.131,154.193
2025-10-30 14:00,154.198,154.321,154.048,154.286
2025-10-30 15:00,154.284,154.342,154.039,154.170
2025-10-30 16:00,154.168,154.229,154.063,154.094
2025-10-30 17:00,154.094,154.170,154.045,154.098
2025-10-30 18:00,154.097,154.149,154.045,154.078
2025-10-30 19:00,154.080,154.090,154.015,154.070
2025-10-30 20:00,154.077,154.156,154.035,154.115
2025-10-30 21:00,154.115,154.133,154.022,154.047
2025-10-30 22:00,154.059,154.137,154.024,154.107
2025-10-30 23:00,154.102,154.164,153.831,153.905
2025-10-31 00:00,153.900,154.036,153.815,153.893
2025-10-31 01:00,153.888,153.921,153.645,153.830
2025-10-31 02:00,153.829,153.884,153.734,153.882
2025-10-31 03:00,153.880,154.068,153.846,154.035
2025-10-31 04:00,154.032,154.057,153.900,153.936
2025-10-31 05:00,153.931,154.055,153.826,153.911
2025-10-31 06:00,153.907,154.235,153.877,154.221
2025-10-31 07:00,154.219,154.395,154.165,154.305
2025-10-31 08:00,154.304,154.413,154.217,154.242
2025-10-31 09:00,154.242,154.291,154.096,154.123
2025-10-31 10:00,154.134,154.184,154.078,154.125
2025-10-31 11:00,154.125,154.184,154.040,154.089
2025-10-31 12:00,154.099,154.252,153.879,154.129
2025-10-31 13:00,154.133,154.231,154.043,154.071
2025-10-31 14:00,154.077,154.096,153.887,153.942
2025-10-31 15:00,153.941,154.094,153.911,154.040
2025-10-31 16:00,154.035,154.173,153.963,154.111
2025-10-31 17:00,154.112,154.176,154.076,154.090
2025-10-31 18:00,154.091,154.134,154.030,154.082
2025-10-31 19:00,154.086,154.135,154.056,154.108
2025-10-31 20:00,154.110,154.120,153.933,153.936
2025-10-31 21:00,153.928,153.940,153.928,153.940
2025-11-03 00:00,154.199,154.216,154.114,154.170
2025-11-03 01:00,154.170,154.188,154.071,154.110
2025-11-03 02:00,154.109,154.126,154.030,154.079
2025-11-03 03:00,154.082,154.095,154.035,154.063
2025-11-03 04:00,154.060,154.086,153.984,154.073
2025-11-03 05:00,154.070,154.134,154.054,154.118
2025-11-03 06:00,154.118,154.242,154.098,154.184
2025-11-03 07:00,154.184,154.284,154.102,154.105
2025-11-03 08:00,154.107,154.206,154.045,154.103
2025-11-03 09:00,154.103,154.169,154.081,154.161
2025-11-03 10:00,154.161,154.190,154.126,154.165
2025-11-03 11:00,154.166,154.185,154.092,154.147
2025-11-03 12:00,154.147,154.191,154.136,154.177
2025-11-03 13:00,154.176,154.296,154.171,154.246
2025-11-03 14:00,154.243,154.273,154.069,154.095
2025-11-03 15:00,154.086,154.158,153.884,154.094
2025-11-03 16:00,154.097,154.166,154.063,154.127
2025-11-03 17:00,154.126,154.175,154.055,154.150
2025-11-03 18:00,154.149,154.240,154.110,154.167
2025-11-03 19:00,154.163,154.252,154.132,154.185
2025-11-03 20:00,154.190,154.219,154.169,154.189
2025-11-03 21:00,154.189,154.216,154.172,154.199
2025-11-03 22:00,154.205,154.250,154.175,154.191
2025-11-03 23:00,154.190,154.224,154.151,154.196
2025-11-04 00:00,154.204,154.397,154.192,154.333
2025-11-04 01:00,154.333,154.482,154.295,154.323
2025-11-04 02:00,154.323,154.358,154.100,154.103
2025-11-04 03:00,154.102,154.158,154.048,154.083
2025-11-04 04:00,154.079,154.101,153.805,154.056
2025-11-04 05:00,154.056,154.081,153.684,153.727
2025-11-04 06:00,153.730,153.790,153.489,153.621
2025-11-04 07:00,153.620,153.631,153.327,153.575
2025-11-04 08:00,153.578,153.697,153.381,153.649
2025-11-04 09:00,153.644,153.755,153.397,153.480
2025-11-04 10:00,153.481,153.601,153.312,153.575
2025-11-04 11:00,153.572,153.592,153.368,153.570
2025-11-04 12:00,153.569,153.625,153.499,153.523
2025-11-04 13:00,153.522,153.541,153.311,153.387
2025-11-04 14:00,153.382,153.541,153.364,153.475
2025-11-04 15:00,153.469,153.597,153.333,153.379
2025-11-04 16:00,153.381,153.552,153.334,153.549
2025-11-04 17:00,153.546,153.640,153.518,153.585
2025-11-04 18:00,153.585,153.661,153.541,153.563
2025-11-04 19:00,153.558,153.641,153.558,153.627
2025-11-04 20:00,153.627,153.691,153.617,153.622
2025-11-04 21:00,153.626,153.683,153.594,153.654
2025-11-04 22:00,153.665,153.666,153.611,153.640
2025-11-04 23:00,153.631,153.693,153.504,153.580
2025-11-05 00:00,153.544,153.747,153.226,153.235
2025-11-05 01:00,153.230,153.298,152.955,153.162
2025-11-05 02:00,153.157,153.323,153.061,153.311
2025-11-05 03:00,153.311,153.566,153.295,153.506
2025-11-05 04:00,153.506,153.528,153.384,153.481
2025-11-05 05:00,153.478,153.565,153.402,153.517
2025-11-05 06:00,153.515,153.740,153.447,153.661
2025-11-05 07:00,153.662,153.690,153.443,153.554
2025-11-05 08:00,153.559,153.664,153.412,153.492
2025-11-05 09:00,153.492,153.707,153.482,153.683
2025-11-05 10:00,153.684,153.842,153.614,153.626
2025-11-05 11:00,153.620,153.708,153.570,153.610
2025-11-05 12:00,153.610,153.749,153.559,153.705
2025-11-05 13:00,153.705,153.991,153.685,153.976
2025-11-05 14:00,153.981,154.032,153.892,153.936
2025-11-05 15:00,153.937,154.311,153.928,154.300
2025-11-05 16:00,154.301,154.356,154.102,154.115
2025-11-05 17:00,154.115,154.144,154.051,154.072
2025-11-05 18:00,154.076,154.143,154.002,154.125
2025-11-05 19:00,154.121,154.130,154.053,154.109
2025-11-05 20:00,154.103,154.135,154.077,154.116
2025-11-05 21:00,154.116,154.142,154.076,154.110
2025-11-05 22:00,154.113,154.113,154.010,154.052
2025-11-05 23:00,154.052,154.087,153.973,154.076
2025-11-06 00:00,154.082,154.140,153.844,153.887
2025-11-06 01:00,153.887,153.941,153.798,153.865
2025-11-06 02:00,153.865,154.001,153.790,153.943
2025-11-06 03:00,153.943,153.994,153.828,153.865
2025-11-06 04:00,153.867,154.025,153.855,153.947
2025-11-06 05:00,153.949,154.006,153.826,153.880
2025-11-06 06:00,153.878,154.006,153.804,153.976
2025-11-06 07:00,153.976,153.993,153.769,153.863
2025-11-06 08:00,153.862,153.871,153.527,153.557
2025-11-06 09:00,153.561,153.771,153.552,153.718
2025-11-06 10:00,153.714,153.774,153.698,153.742
2025-11-06 11:00,153.742,153.764,153.584,153.645
2025-11-06 12:00,153.639,153.740,153.580,153.601
2025-11-06 13:00,153.601,153.637,153.401,153.500
2025-11-06 14:00,153.496,153.586,153.380,153.405
2025-11-06 15:00,153.408,153.410,153.039,153.044
2025-11-06 16:00,153.044,153.168,152.969,152.976
2025-11-06 17:00,152.976,153.062,152.826,153.009
2025-11-06 18:00,153.009,153.087,152.914,153.046
2025-11-06 19:00,153.049,153.158,153.023,153.143
2025-11-06 20:00,153.140,153.144,152.993,153.024
2025-11-06 21:00,153.031,153.102,152.992,153.041
2025-11-06 22:00,153.054,153.083,152.964,153.045
2025-11-06 23:00,153.043,153.067,152.814,152.963
2025-11-07 00:00,152.950,153.249,152.853,153.180
2025-11-07 01:00,153.181,153.307,153.045,153.126
2025-11-07 02:00,153.127,153.175,152.956,153.141
2025-11-07 03:00,153.142,153.187,153.012,153.056
2025-11-07 04:00,153.054,153.182,153.010,153.111
2025-11-07 05:00,153.110,153.367,153.108,153.352
2025-11-07 06:00,153.348,153.526,153.347,153.505
2025-11-07 07:00,153.505,153.539,153.378,153.388
2025-11-07 08:00,153.387,153.515,153.346,153.503
2025-11-07 09:00,153.508,153.522,153.438,153.492
2025-11-07 10:00,153.491,153.496,153.317,153.352
2025-11-07 11:00,153.351,153.361,153.006,153.129
2025-11-07 12:00,153.126,153.176,153.033,153.090
2025-11-07 13:00,153.093,153.375,153.004,153.353
2025-11-07 14:00,153.353,153.475,153.131,153.310
2025-11-07 15:00,153.326,153.344,153.019,153.135
2025-11-07 16:00,153.134,153.176,153.009,153.059
2025-11-07 17:00,153.056,153.224,153.035,153.094
2025-11-07 18:00,153.090,153.267,153.030,153.252
2025-11-07 19:00,153.258,153.583,153.216,153.557
2025-11-07 20:00,153.552,153.595,153.355,153.429
2025-11-07 21:00,153.425,153.484,153.369,153.378
2025-11-10 00:00,153.824,153.914,153.401,153.847
2025-11-10 01:00,153.853,153.954,153.774,153.822
2025-11-10 02:00,153.823,153.900,153.797,153.885
2025-11-10 03:00,153.885,154.026,153.885,153.932
2025-11-10 04:00,153.930,153.954,153.781,153.879
2025-11-10 05:00,153.874,154.071,153.862,153.939
2025-11-10 06:00,153.936,154.083,153.896,154.022
2025-11-10 07:00,154.026,154.152,153.946,154.040
2025-11-10 08:00,154.042,154.179,153.944,154.166
2025-11-10 09:00,154.166,154.231,154.141,154.158
2025-11-10 10:00,154.154,154.178,154.056,154.156
2025-11-10 11:00,154.162,154.249,154.110,154.124
2025-11-10 12:00,154.127,154.167,154.033,154.109
2025-11-10 13:00,154.115,154.139,153.980,154.057
2025-11-10 14:00,154.055,154.165,153.998,154.078
2025-11-10 15:00,154.082,154.142,154.006,154.024
2025-11-10 16:00,154.026,154.068,153.885,153.991
2025-11-10 17:00,153.993,154.043,153.920,153.956
2025-11-10 18:00,153.955,154.020,153.918,153.987
2025-11-10 19:00,153.992,154.075,153.948,154.052
2025-11-10 20:00,154.049,154.083,153.993,154.030
2025-11-10 21:00,154.030,154.170,154.019,154.141
2025-11-10 22:00,154.143,154.144,153.988,154.041
2025-11-10 23:00,154.032,154.155,154.025,154.138
2025-11-11 00:00,154.146,154.311,154.097,154.310
2025-11-11 01:00,154.309,154.495,154.303,154.321
2025-11-11 02:00,154.318,154.391,154.253,154.362
2025-11-11 03:00,154.360,154.365,154.216,154.260
2025-11-11 04:00,154.259,154.352,154.219,154.294
2025-11-11 05:00,154.299,154.310,154.082,154.123
2025-11-11 06:00,154.121,154.267,154.083,154.194
2025-11-11 07:00,154.190,154.251,154.146,154.189
2025-11-11 08:00,154.190,154.389,154.163,154.374
2025-11-11 09:00,154.379,154.441,154.280,154.325
2025-11-11 10:00,154.330,154.361,154.203,154.246
2025-11-11 11:00,154.237,154.266,154.209,154.253
2025-11-11 12:00,154.246,154.268,154.164,154.189
2025-11-11 13:00,154.189,154.198,153.660,153.775
2025-11-11 14:00,153.770,154.007,153.695,153.997
2025-11-11 15:00,153.998,154.133,153.917,153.967
2025-11-11 16:00,153.969,154.023,153.940,154.003
2025-11-11 17:00,153.996,154.122,153.994,154.067
2025-11-11 18:00,154.075,154.145,154.045,154.106
2025-11-11 19:00,154.102,154.145,154.057,154.115
2025-11-11 20:00,154.115,154.143,154.076,154.116
2025-11-11 21:00,154.116,154.176,154.111,154.146
2025-11-11 22:00,154.146,154.146,154.013,154.028
2025-11-11 23:00,154.054,154.158,154.026,154.080
2025-11-12 00:00,154.078,154.302,154.042,154.293
2025-11-12 01:00,154.293,154.352,154.256,154.323
2025-11-12 02:00,154.316,154.413,154.308,154.344
2025-11-12 03:00,154.344,154.380,154.234,154.342
2025-11-12 04:00,154.340,154.743,154.335,154.732
2025-11-12 05:00,154.731,154.790,154.561,154.635
2025-11-12 06:00,154.635,154.759,154.578,154.606
2025-11-12 07:00,154.606,154.670,154.488,154.615
2025-11-12 08:00,154.616,154.775,154.612,154.758
2025-11-12 09:00,154.757,154.907,154.699,154.844
2025-11-12 10:00,154.839,154.897,154.752,154.859
2025-11-12 11:00,154.865,154.887,154.798,154.802
2025-11-12 12:00,154.801,154.834,154.693,154.808
2025-11-12 13:00,154.801,154.995,154.758,154.942
2025-11-12 14:00,154.942,155.046,154.855,154.866
2025-11-12 15:00,154.863,154.923,154.727,154.734
2025-11-12 16:00,154.737,154.774,154.640,154.642
2025-11-12 17:00,154.642,154.646,154.491,154.594
2025-11-12 18:00,154.590,154.687,154.575,154.686
2025-11-12 19:00,154.679,154.730,154.602,154.712
2025-11-12 20:00,154.714,154.767,154.687,154.749
2025-11-12 21:00,154.758,154.869,154.748,154.768
2025-11-12 22:00,154.775,154.798,154.688,154.691
2025-11-12 23:00,154.690,154.756,154.683,154.713
2025-11-13 00:00,154.701,154.959,154.687,154.942
2025-11-13 01:00,154.936,155.015,154.701,154.732
2025-11-13 02:00,154.732,154.790,154.616,154.654
2025-11-13 03:00,154.654,154.760,154.618,154.729
2025-11-13 04:00,154.729,154.855,154.637,154.820
2025-11-13 05:00,154.816,154.999,154.806,154.945
2025-11-13 06:00,154.948,155.006,154.859,154.884
2025-11-13 07:00,154.888,154.951,154.698,154.710
2025-11-13 08:00,154.710,154.774,154.508,154.520
2025-11-13 09:00,154.513,154.586,154.320,154.527
2025-11-13 10:00,154.521,154.677,154.479,154.655
2025-11-13 11:00,154.654,154.765,154.636,154.736
2025-11-13 12:00,154.735,154.755,154.584,154.602
2025-11-13 13:00,154.596,154.740,154.534,154.646
2025-11-13 14:00,154.643,154.677,154.383,154.393
2025-11-13 15:00,154.390,154.539,154.122,154.194
2025-11-13 16:00,154.193,154.436,154.154,154.399
2025-11-13 17:00,154.395,154.475,154.236,154.315
2025-11-13 18:00,154.312,154.442,154.269,154.422
2025-11-13 19:00,154.417,154.486,154.348,154.465
2025-11-13 20:00,154.468,154.541,154.454,154.535
2025-11-13 21:00,154.540,154.586,154.459,154.550
2025-11-13 22:00,154.545,154.592,154.417,154.520
2025-11-13 23:00,154.514,154.686,154.500,154.635
2025-11-14 00:00,154.630,154.745,154.559,154.603
2025-11-14 01:00,154.599,154.684,154.435,154.505
2025-11-14 02:00,154.498,154.576,154.430,154.445
2025-11-14 03:00,154.444,154.574,154.304,154.537
2025-11-14 04:00,154.536,154.575,154.415,154.415
2025-11-14 05:00,154.415,154.504,154.361,154.476
2025-11-14 06:00,154.476,154.661,154.427,154.594
2025-11-14 07:00,154.595,154.682,154.448,154.674
2025-11-14 08:00,154.676,154.735,154.450,154.549
2025-11-14 09:00,154.549,154.701,154.549,154.685
2025-11-14 10:00,154.688,154.763,154.660,154.742
2025-11-14 11:00,154.741,154.748,154.625,154.652
2025-11-14 12:00,154.651,154.663,153.803,153.813
2025-11-14 13:00,153.804,154.143,153.611,154.086
2025-11-14 14:00,154.083,154.346,153.979,154.339
2025-11-14 15:00,154.338,154.494,154.230,154.422
2025-11-14 16:00,154.422,154.664,154.346,154.636
2025-11-14 17:00,154.636,154.743,154.612,154.637
2025-11-14 18:00,154.637,154.661,154.551,154.575
2025-11-14 19:00,154.575,154.582,154.521,154.554
2025-11-14 20:00,154.557,154.568,154.495,154.524
2025-11-14 21:00,154.530,154.598,154.459,154.493
2025-11-17 00:00,154.592,154.659,154.410,154.636
2025-11-17 01:00,154.632,154.654,154.506,154.569
2025-11-17 02:00,154.569,154.710,154.566,154.688
2025-11-17 03:00,154.685,154.786,154.682,154.707
2025-11-17 04:00,154.707,154.731,154.603,154.628
2025-11-17 05:00,154.623,154.716,154.584,154.687
2025-11-17 06:00,154.683,154.813,154.634,154.677
2025-11-17 07:00,154.673,154.793,154.639,154.688
2025-11-17 08:00,154.692,154.832,154.620,154.711
2025-11-17 09:00,154.706,154.786,154.649,154.749
2025-11-17 10:00,154.750,154.844,154.691,154.839
2025-11-17 11:00,154.837,154.871,154.763,154.789
2025-11-17 12:00,154.789,154.872,154.732,154.845
2025-11-17 13:00,154.843,154.916,154.832,154.888
2025-11-17 14:00,154.885,155.035,154.861,155.025
2025-11-17 15:00,155.032,155.304,155.000,155.194
2025-11-17 16:00,155.193,155.205,155.052,155.197
2025-11-17 17:00,155.200,155.232,155.136,155.158
2025-11-17 18:00,155.152,155.207,155.122,155.136
2025-11-17 19:00,155.135,155.251,155.064,155.241
2025-11-17 20:00,155.242,155.257,155.161,155.223
2025-11-17 21:00,155.222,155.261,155.205,155.261
2025-11-17 22:00,155.232,155.242,155.141,155.184
2025-11-17 23:00,155.176,155.287,155.167,155.266
2025-11-18 00:00,155.273,155.379,155.174,155.254
2025-11-18 01:00,155.258,155.361,155.140,155.194
2025-11-18 02:00,155.197,155.283,155.166,155.183
2025-11-18 03:00,155.188,155.201,155.106,155.170
2025-11-18 04:00,155.170,155.191,154.809,155.051
2025-11-18 05:00,155.052,155.102,154.990,155.077
2025-11-18 06:00,155.077,155.216,154.862,155.178
2025-11-18 07:00,155.170,155.217,154.866,154.990
2025-11-18 08:00,154.990,155.219,154.905,155.123
2025-11-18 09:00,155.123,155.265,155.078,155.231
2025-11-18 10:00,155.227,155.424,155.201,155.423
2025-11-18 11:00,155.422,155.441,155.354,155.421
2025-11-18 12:00,155.423,155.438,155.171,155.182
2025-11-18 13:00,155.175,155.262,155.056,155.167
2025-11-18 14:00,155.165,155.381,155.136,155.222
2025-11-18 15:00,155.228,155.282,155.047,155.273
2025-11-18 16:00,155.274,155.505,155.253,155.442
2025-11-18 17:00,155.437,155.695,155.424,155.686
2025-11-18 18:00,155.687,155.734,155.554,155.590
2025-11-18 19:00,155.592,155.637,155.495,155.520
2025-11-18 20:00,155.521,155.563,155.472,155.521
2025-11-18 21:00,155.526,155.549,155.478,155.478
2025-11-18 22:00,155.481,155.547,155.396,155.513
2025-11-18 23:00,155.496,155.592,155.474,155.540
2025-11-19 00:00,155.524,155.579,155.367,155.470
2025-11-19 01:00,155.465,155.537,155.426,155.496
2025-11-19 02:00,155.489,155.552,155.318,155.352
2025-11-19 03:00,155.348,155.384,155.206,155.286
2025-11-19 04:00,155.286,155.468,155.286,155.317
2025-11-19 05:00,155.317,155.379,155.255,155.364
2025-11-19 06:00,155.364,155.459,155.319,155.444
2025-11-19 07:00,155.450,155.530,155.402,155.516
2025-11-19 08:00,155.511,155.678,155.474,155.630
2025-11-19 09:00,155.630,155.965,155.550,155.955
2025-11-19 10:00,155.947,156.256,155.930,156.243
2025-11-19 11:00,156.241,156.301,156.077,156.101
2025-11-19 12:00,156.101,156.264,156.060,156.241
2025-11-19 13:00,156.241,156.297,156.034,156.277
2025-11-19 14:00,156.281,156.631,156.260,156.617
2025-11-19 15:00,156.629,156.719,156.492,156.501
2025-11-19 16:00,156.499,156.707,156.458,156.632
2025-11-19 17:00,156.631,156.873,156.616,156.750
2025-11-19 18:00,156.749,156.850,156.686,156.781
2025-11-19 19:00,156.779,157.040,156.752,157.025
2025-11-19 20:00,157.021,157.046,156.933,156.962
2025-11-19 21:00,156.959,157.185,156.954,157.138
2025-11-19 22:00,157.139,157.144,157.015,157.068
2025-11-19 23:00,157.070,157.159,156.978,156.979
2025-11-20 00:00,156.990,157.209,156.873,157.073
2025-11-20 01:00,157.069,157.437,157.032,157.415
2025-11-20 02:00,157.415,157.478,157.283,157.312
2025-11-20 03:00,157.318,157.436,157.273,157.418
2025-11-20 04:00,157.411,157.422,157.256,157.392
2025-11-20 05:00,157.392,157.581,157.389,157.552
2025-11-20 06:00,157.554,157.738,157.485,157.732
2025-11-20 07:00,157.728,157.782,157.371,157.455
2025-11-20 08:00,157.450,157.500,157.104,157.145
2025-11-20 09:00,157.145,157.278,157.120,157.175
2025-11-20 10:00,157.175,157.413,157.147,157.377
2025-11-20 11:00,157.377,157.545,157.350,157.509
2025-11-20 12:00,157.504,157.739,157.501,157.695
2025-11-20 13:00,157.695,157.875,157.211,157.563
2025-11-20 14:00,157.564,157.831,157.488,157.620
2025-11-20 15:00,157.614,157.892,157.612,157.674
2025-11-20 16:00,157.674,157.690,157.281,157.420
2025-11-20 17:00,157.418,157.545,157.257,157.514
2025-11-20 18:00,157.520,157.697,157.421,157.453
2025-11-20 19:00,157.466,157.564,157.444,157.534
2025-11-20 20:00,157.535,157.649,157.511,157.569
2025-11-20 21:00,157.569,157.596,157.427,157.457
2025-11-20 22:00,157.463,157.523,157.398,157.451
2025-11-20 23:00,157.456,157.481,157.184,157.382
2025-11-21 00:00,157.380,157.541,157.215,157.309
2025-11-21 01:00,157.314,157.499,157.202,157.482
2025-11-21 02:00,157.480,157.494,157.293,157.343
2025-11-21 03:00,157.342,157.431,157.289,157.303
2025-11-21 04:00,157.294,157.309,157.077,157.269
2025-11-21 05:00,157.268,157.308,157.160,157.223
2025-11-21 06:00,157.222,157.260,157.045,157.172
2025-11-21 07:00,157.164,157.196,156.607,156.736
2025-11-21 08:00,156.733,156.950,156.562,156.911
2025-11-21 09:00,156.906,156.953,156.668,156.753
2025-11-21 10:00,156.759,156.826,156.551,156.777
2025-11-21 11:00,156.777,156.899,156.742,156.847
2025-11-21 12:00,156.847,156.899,156.603,156.754
2025-11-21 13:00,156.742,156.867,156.673,156.808
2025-11-21 14:00,156.808,156.970,156.649,156.698
2025-11-21 15:00,156.702,156.724,156.192,156.531
2025-11-21 16:00,156.533,156.759,156.457,156.566
2025-11-21 17:00,156.566,156.733,156.492,156.539
2025-11-21 18:00,156.536,156.647,156.455,156.570
2025-11-21 19:00,156.574,156.585,156.257,156.324
2025-11-21 20:00,156.325,156.455,156.312,156.390
2025-11-21 21:00,156.379,156.504,156.295,156.378
2025-11-24 00:00,156.678,156.804,156.652,156.729
2025-11-24 01:00,156.730,156.756,156.631,156.715
2025-11-24 02:00,156.711,156.739,156.601,156.684
2025-11-24 03:00,156.684,156.696,156.583,156.645
2025-11-24 04:00,156.635,156.667,156.504,156.546
2025-11-24 05:00,156.553,156.593,156.495,156.575
2025-11-24 06:00,156.575,156.740,156.538,156.731
2025-11-24 07:00,156.720,156.894,156.671,156.835
2025-11-24 08:00,156.843,156.939,156.643,156.894
2025-11-24 09:00,156.894,156.939,156.674,156.750
2025-11-24 10:00,156.742,156.781,156.692,156.706
2025-11-24 11:00,156.707,156.866,156.694,156.832
2025-11-24 12:00,156.830,156.874,156.739,156.850
2025-11-24 13:00,156.847,156.988,156.844,156.913
2025-11-24 14:00,156.909,157.163,156.880,157.050
2025-11-24 15:00,157.044,157.193,156.733,156.791
2025-11-24 16:00,156.792,156.947,156.763,156.939
2025-11-24 17:00,156.935,156.984,156.850,156.881
2025-11-24 18:00,156.881,156.896,156.783,156.789
2025-11-24 19:00,156.784,156.881,156.705,156.733
2025-11-24 20:00,156.730,156.849,156.726,156.833
2025-11-24 21:00,156.823,156.922,156.815,156.877
2025-11-24 22:00,156.880,156.901,156.786,156.860
2025-11-24 23:00,156.854,156.961,156.834,156.918
2025-11-25 00:00,156.901,156.989,156.668,156.694
2025-11-25 01:00,156.683,156.752,156.548,156.647
2025-11-25 02:00,156.657,156.731,156.601,156.669
2025-11-25 03:00,156.669,156.785,156.608,156.773
2025-11-25 04:00,156.769,156.855,156.752,156.797
2025-11-25 05:00,156.797,156.850,156.690,156.735
2025-11-25 06:00,156.727,156.803,156.664,156.676
2025-11-25 07:00,156.675,156.699,156.518,156.619
2025-11-25 08:00,156.611,156.702,156.433,156.490
2025-11-25 09:00,156.486,156.501,156.138,156.293
2025-11-25 10:00,156.295,156.402,156.197,156.348
2025-11-25 11:00,156.341,156.526,156.341,156.438
2025-11-25 12:00,156.436,156.514,156.290,156.294
2025-11-25 13:00,156.294,156.349,156.024,156.140
2025-11-25 14:00,156.140,156.282,155.889,156.065
2025-11-25 15:00,156.048,156.178,155.888,156.148
2025-11-25 16:00,156.148,156.318,156.055,156.299
2025-11-25 17:00,156.312,156.334,155.797,155.893
2025-11-25 18:00,155.892,155.978,155.829,155.907
2025-11-25 19:00,155.907,155.959,155.801,155.822
2025-11-25 20:00,155.822,156.188,155.817,156.097
2025-11-25 21:00,156.095,156.111,156.022,156.041
2025-11-25 22:00,156.044,156.136,155.937,156.037
2025-11-25 23:00,156.001,156.235,155.992,156.186
2025-11-26 00:00,156.192,156.354,156.088,156.249
2025-11-26 01:00,156.249,156.373,155.809,155.942
2025-11-26 02:00,155.938,156.023,155.645,155.842
2025-11-26 03:00,155.842,155.911,155.741,155.875
2025-11-26 04:00,155.875,156.133,155.871,156.027
2025-11-26 05:00,156.035,156.185,156.024,156.108
2025-11-26 06:00,156.112,156.287,156.044,156.202
2025-11-26 07:00,156.201,156.462,156.144,156.378
2025-11-26 08:00,156.387,156.495,156.312,156.447
2025-11-26 09:00,156.447,156.504,156.329,156.452
2025-11-26 10:00,156.449,156.513,156.322,156.472
2025-11-26 11:00,156.472,156.579,156.370,156.473
2025-11-26 12:00,156.470,156.591,156.436,156.473
2025-11-26 13:00,156.472,156.688,156.326,156.659
2025-11-26 14:00,156.657,156.741,156.494,156.607
2025-11-26 15:00,156.610,156.646,156.410,156.413
2025-11-26 16:00,156.411,156.468,156.284,156.385
2025-11-26 17:00,156.378,156.464,156.335,156.399
2025-11-26 18:00,156.399,156.516,156.340,156.467
2025-11-26 19:00,156.461,156.511,156.425,156.455
2025-11-26 20:00,156.450,156.495,156.402,156.444
2025-11-26 21:00,156.447,156.478,156.402,156.450
2025-11-26 22:00,156.458,156.462,156.376,156.417
2025-11-26 23:00,156.417,156.425,156.213,156.223
2025-11-27 00:00,156.216,156.242,155.854,156.030
2025-11-27 01:00,156.031,156.183,155.716,156.045
2025-11-27 02:00,156.051,156.189,155.923,156.114
2025-11-27 03:00,156.114,156.157,156.026,156.074
2025-11-27 04:00,156.076,156.103,155.933,156.006
2025-11-27 05:00,156.007,156.020,155.809,155.988
2025-11-27 06:00,155.981,156.209,155.908,156.136
2025-11-27 07:00,156.131,156.305,156.104,156.116
2025-11-27 08:00,156.105,156.370,156.075,156.316
2025-11-27 09:00,156.316,156.409,156.306,156.357
2025-11-27 10:00,156.351,156.361,156.254,156.289
2025-11-27 11:00,156.279,156.352,156.246,156.314
2025-11-27 12:00,156.305,156.392,156.260,156.377
2025-11-27 13:00,156.376,156.388,156.239,156.268
2025-11-27 14:00,156.259,156.365,156.230,156.330
2025-11-27 15:00,156.327,156.345,156.246,156.300
2025-11-27 16:00,156.301,156.358,156.253,156.268
2025-11-27 17:00,156.277,156.368,156.265,156.325
2025-11-27 18:00,156.325,156.370,156.319,156.360
2025-11-27 19:00,156.356,156.364,156.316,156.338
2025-11-27 20:00,156.325,156.340,156.261,156.312
2025-11-27 21:00,156.307,156.316,156.257,156.273
2025-11-27 22:00,156.273,156.314,156.244,156.254
2025-11-27 23:00,156.254,156.318,156.193,156.294
2025-11-28 00:00,156.284,156.582,156.167,156.448
2025-11-28 01:00,156.449,156.465,156.316,156.378
2025-11-28 02:00,156.372,156.382,156.088,156.286
2025-11-28 03:00,156.266,156.314,156.116,156.259
2025-11-28 04:00,156.260,156.295,156.171,156.204
2025-11-28 05:00,156.204,156.409,156.195,156.338
2025-11-28 06:00,156.318,156.443,156.312,156.384
2025-11-28 07:00,156.367,156.401,156.270,156.293
2025-11-28 08:00,156.297,156.388,156.253,156.357
2025-11-28 09:00,156.344,156.375,156.196,156.322
2025-11-28 10:00,156.319,156.388,156.231,156.260
2025-11-28 11:00,156.259,156.300,156.141,156.188
2025-11-28 12:00,156.199,156.261,156.086,156.108
2025-11-28 13:00,156.110,156.159,155.997,156.012
2025-11-28 14:00,156.011,156.393,155.976,156.240
2025-11-28 15:00,156.245,156.341,155.991,156.034
2025-11-28 16:00,156.027,156.202,155.988,156.172
2025-11-28 17:00,156.172,156.267,156.123,156.209
2025-11-28 18:00,156.205,156.236,156.077,156.129
2025-11-28 19:00,156.135,156.171,156.063,156.118
2025-11-28 20:00,156.118,156.152,156.058,156.140
2025-11-28 21:00,156.142,156.182,156.060,156.137
2025-12-01 00:00,155.901,155.909,155.670,155.802
2025-12-01 01:00,155.799,155.992,155.475,155.634
2025-12-01 02:00,155.634,155.652,155.424,155.497
2025-12-01 03:00,155.500,155.598,155.407,155.455
2025-12-01 04:00,155.455,155.605,155.389,155.544
2025-12-01 05:00,155.542,155.620,155.406,155.591
2025-12-01 06:00,155.591,155.692,155.550,155.558
2025-12-01 07:00,155.561,155.628,155.299,155.361
2025-12-01 08:00,155.361,155.562,155.254,155.483
2025-12-01 09:00,155.480,155.533,155.254,155.286
2025-12-01 10:00,155.281,155.308,155.156,155.254
2025-12-01 11:00,155.248,155.343,155.094,155.098
2025-12-01 12:00,155.098,155.150,154.757,154.783
2025-12-01 13:00,154.783,154.897,154.659,154.835
2025-12-01 14:00,154.842,155.063,154.830,154.985
2025-12-01 15:00,154.994,155.197,154.849,155.097
2025-12-01 16:00,155.091,155.314,155.091,155.287
2025-12-01 17:00,155.281,155.385,155.256,155.350
2025-12-01 18:00,155.344,155.498,155.335,155.488
2025-12-01 19:00,155.487,155.522,155.444,155.479
2025-12-01 20:00,155.475,155.518,155.429,155.441
2025-12-01 21:00,155.447,155.508,155.425,155.433
2025-12-01 22:00,155.423,155.468,155.392,155.423
2025-12-01 23:00,155.416,155.572,155.416,155.548
2025-12-02 00:00,155.556,155.680,155.455,155.628
2025-12-02 01:00,155.628,155.775,155.588,155.626
2025-12-02 02:00,155.626,155.705,155.584,155.653
2025-12-02 03:00,155.653,155.718,155.553,155.625
2025-12-02 04:00,155.625,155.666,155.545,155.638
2025-12-02 05:00,155.633,155.733,155.628,155.652
2025-12-02 06:00,155.648,155.817,155.633,155.761
2025-12-02 07:00,155.755,155.836,155.710,155.761
2025-12-02 08:00,155.761,156.005,155.761,155.990
2025-12-02 09:00,155.992,156.097,155.927,155.975
2025-12-02 10:00,155.960,156.078,155.931,156.030
2025-12-02 11:00,156.030,156.062,155.888,155.925
2025-12-02 12:00,155.918,156.039,155.906,156.011
2025-12-02 13:00,156.004,156.084,155.960,155.970
2025-12-02 14:00,155.969,156.098,155.927,155.945
2025-12-02 15:00,155.945,156.189,155.813,155.882
2025-12-02 16:00,155.868,155.997,155.748,155.914
2025-12-02 17:00,155.917,156.097,155.911,155.956
2025-12-02 18:00,155.939,156.029,155.906,155.988
2025-12-02 19:00,155.988,156.008,155.839,155.893
2025-12-02 20:00,155.891,155.910,155.798,155.824
2025-12-02 21:00,155.828,155.916,155.821,155.885
2025-12-02 22:00,155.810,155.877,155.767,155.845
2025-12-02 23:00,155.855,155.907,155.778,155.798
2025-12-03 00:00,155.757,155.812,155.654,155.778
2025-12-03 01:00,155.771,155.791,155.600,155.653
2025-12-03 02:00,155.650,155.806,155.644,155.704
2025-12-03 03:00,155.704,155.727,155.622,155.654
2025-12-03 04:00,155.648,155.752,155.646,155.660
2025-12-03 05:00,155.656,155.705,155.621,155.686
2025-12-03 06:00,155.686,155.692,155.504,155.602
2025-12-03 07:00,155.605,155.708,155.507,155.685
2025-12-03 08:00,155.679,155.757,155.659,155.670
2025-12-03 09:00,155.678,155.681,155.523,155.615
2025-12-03 10:00,155.615,155.643,155.499,155.521
2025-12-03 11:00,155.521,155.529,155.407,155.418
2025-12-03 12:00,155.410,155.433,155.354,155.409
2025-12-03 13:00,155.409,155.528,155.193,155.489
2025-12-03 14:00,155.490,155.522,155.273,155.351
2025-12-03 15:00,155.369,155.598,155.204,155.211
2025-12-03 16:00,155.212,155.248,155.005,155.163
2025-12-03 17:00,155.166,155.215,155.082,155.120
2025-12-03 18:00,155.125,155.178,155.070,155.120
2025-12-03 19:00,155.127,155.167,155.074,155.144
2025-12-03 20:00,155.144,155.249,155.121,155.230
2025-12-03 21:00,155.230,155.317,155.198,155.231
2025-12-03 22:00,155.221,155.281,155.129,155.170
2025-12-03 23:00,155.169,155.238,155.079,155.111
2025-12-04 00:00,155.106,155.251,155.015,155.114
2025-12-04 01:00,155.112,155.411,155.093,155.253
2025-12-04 02:00,155.251,155.430,155.250,155.407
2025-12-04 03:00,155.415,155.542,155.380,155.384
2025-12-04 04:00,155.385,155.469,155.319,155.456
2025-12-04 05:00,155.457,155.503,155.179,155.217
2025-12-04 06:00,155.217,155.451,155.205,155.296
2025-12-04 07:00,155.290,155.352,155.201,155.235
2025-12-04 08:00,155.235,155.250,154.766,154.982
2025-12-04 09:00,154.987,155.057,154.792,154.807
2025-12-04 10:00,154.814,154.892,154.735,154.747
2025-12-04 11:00,154.747,154.794,154.520,154.529
2025-12-04 12:00,154.524,154.781,154.502,154.662
2025-12-04 13:00,154.664,155.059,154.653,154.798
2025-12-04 14:00,154.798,154.855,154.556,154.761
2025-12-04 15:00,154.759,154.899,154.551,154.631
2025-12-04 16:00,154.634,154.920,154.628,154.901
2025-12-04 17:00,154.901,154.966,154.884,154.930
2025-12-04 18:00,154.935,154.993,154.890,154.983
2025-12-04 19:00,154.981,155.043,154.949,155.015
2025-12-04 20:00,155.013,155.133,154.991,155.101
2025-12-04 21:00,155.102,155.139,155.069,155.071
2025-12-04 22:00,155.077,155.078,154.970,155.020
2025-12-04 23:00,155.030,155.162,155.010,155.143
2025-12-05 00:00,155.125,155.232,154.947,154.966
2025-12-05 01:00,154.962,155.102,154.912,155.009
2025-12-05 02:00,155.009,155.100,154.998,155.044
2025-12-05 03:00,155.054,155.157,155.032,155.115
2025-12-05 04:00,155.115,155.125,154.791,154.914
2025-12-05 05:00,154.914,154.923,154.539,154.594
2025-12-05 06:00,154.594,154.700,154.454,154.568
2025-12-05 07:00,154.561,154.651,154.338,154.624
2025-12-05 08:00,154.625,154.892,154.601,154.857
2025-12-05 09:00,154.851,154.967,154.828,154.912
2025-12-05 10:00,154.911,155.173,154.885,155.130
2025-12-05 11:00,155.130,155.224,155.110,155.140
2025-12-05 12:00,155.144,155.261,155.076,155.172
2025-12-05 13:00,155.166,155.261,155.101,155.196
2025-12-05 14:00,155.189,155.282,155.109,155.219
2025-12-05 15:00,155.218,155.355,155.111,155.254
2025-12-05 16:00,155.247,155.494,155.202,155.295
2025-12-05 17:00,155.295,155.348,155.252,155.283
2025-12-05 18:00,155.280,155.322,155.234,155.286
2025-12-05 19:00,155.276,155.323,155.259,155.286
2025-12-05 20:00,155.286,155.327,155.264,155.301
2025-12-05 21:00,155.300,155.375,155.284,155.299
2025-12-08 00:00,155.313,155.325,155.054,155.066
2025-12-08 01:00,155.065,155.151,154.906,154.919
2025-12-08 02:00,154.912,155.069,154.894,154.999
2025-12-08 03:00,155.001,155.116,154.969,155.096
2025-12-08 04:00,155.100,155.123,155.051,155.068
2025-12-08 05:00,155.072,155.268,155.064,155.196
2025-12-08 06:00,155.201,155.293,155.100,155.224
2025-12-08 07:00,155.225,155.354,155.163,155.348
2025-12-08 08:00,155.346,155.462,155.256,155.392
2025-12-08 09:00,155.385,155.543,155.385,155.470
2025-12-08 10:00,155.471,155.533,155.404,155.514
2025-12-08 11:00,155.508,155.590,155.470,155.580
2025-12-08 12:00,155.580,155.658,155.539,155.555
2025-12-08 13:00,155.554,155.663,155.469,155.624
2025-12-08 14:00,155.623,155.880,155.386,155.820
2025-12-08 15:00,155.820,155.987,155.751,155.859
2025-12-08 16:00,155.853,155.958,155.823,155.902
2025-12-08 17:00,155.899,155.927,155.722,155.744
2025-12-08 18:00,155.744,155.783,155.698,155.743
2025-12-08 19:00,155.743,155.917,155.728,155.905
2025-12-08 20:00,155.909,155.937,155.846,155.926
2025-12-08 21:00,155.928,155.961,155.892,155.915
2025-12-08 22:00,155.915,155.932,155.814,155.886
2025-12-08 23:00,155.878,155.979,155.842,155.849
2025-12-09 00:00,155.841,156.022,155.762,156.003
2025-12-09 01:00,156.006,156.037,155.760,155.790
2025-12-09 02:00,155.790,155.908,155.736,155.864
2025-12-09 03:00,155.862,155.892,155.797,155.818
2025-12-09 04:00,155.825,155.988,155.804,155.935
2025-12-09 05:00,155.928,156.110,155.855,156.004
2025-12-09 06:00,156.007,156.127,155.955,156.007
2025-12-09 07:00,156.000,156.198,155.978,156.191
2025-12-09 08:00,156.191,156.433,156.177,156.334
2025-12-09 09:00,156.329,156.342,155.971,156.085
2025-12-09 10:00,156.080,156.202,156.040,156.070
2025-12-09 11:00,156.073,156.199,156.064,156.181
2025-12-09 12:00,156.186,156.358,156.180,156.350
2025-12-09 13:00,156.357,156.515,156.279,156.337
2025-12-09 14:00,156.337,156.535,156.308,156.407
2025-12-09 15:00,156.409,156.915,156.385,156.869
2025-12-09 16:00,156.862,156.921,156.805,156.860
2025-12-09 17:00,156.853,156.925,156.826,156.912
2025-12-09 18:00,156.916,156.928,156.871,156.890
2025-12-09 19:00,156.893,156.955,156.802,156.827
2025-12-09 20:00,156.827,156.922,156.815,156.902
2025-12-09 21:00,156.897,156.943,156.848,156.848
2025-12-09 22:00,156.867,156.918,156.750,156.824
2025-12-09 23:00,156.821,156.917,156.792,156.835
2025-12-10 00:00,156.799,156.939,156.697,156.715
2025-12-10 01:00,156.707,156.770,156.664,156.703
2025-12-10 02:00,156.700,156.723,156.625,156.650
2025-12-10 03:00,156.655,156.684,156.553,156.584
2025-12-10 04:00,156.584,156.667,156.575,156.620
2025-12-10 05:00,156.620,156.721,156.590,156.700
2025-12-10 06:00,156.702,156.765,156.655,156.665
2025-12-10 07:00,156.666,156.752,156.630,156.645
2025-12-10 08:00,156.645,156.707,156.572,156.666
2025-12-10 09:00,156.673,156.890,156.667,156.816
2025-12-10 10:00,156.813,156.860,156.731,156.765
2025-12-10 11:00,156.765,156.778,156.682,156.704
2025-12-10 12:00,156.704,156.758,156.667,156.709
2025-12-10 13:00,156.709,156.718,156.546,156.546
2025-12-10 14:00,156.546,156.630,156.434,156.500
2025-12-10 15:00,156.494,156.536,156.348,156.473
2025-12-10 16:00,156.473,156.490,156.320,156.336
2025-12-10 17:00,156.331,156.399,156.239,156.300
2025-12-10 18:00,156.300,156.479,156.289,156.418
2025-12-10 19:00,156.382,156.678,156.095,156.258
2025-12-10 20:00,156.257,156.311,155.787,155.929
2025-12-10 21:00,155.932,156.100,155.919,155.999
2025-12-10 22:00,156.014,156.023,155.897,156.007
2025-12-10 23:00,155.992,156.029,155.622,155.759
2025-12-11 00:00,155.749,155.886,155.562,155.804
2025-12-11 01:00,155.805,155.822,155.565,155.714
2025-12-11 02:00,155.713,155.777,155.483,155.774
2025-12-11 03:00,155.767,155.788,155.630,155.689
2025-12-11 04:00,155.689,155.857,155.611,155.845
2025-12-11 05:00,155.837,156.071,155.830,156.060
2025-12-11 06:00,156.060,156.165,155.938,155.966
2025-12-11 07:00,155.960,156.055,155.864,156.027
2025-12-11 08:00,156.024,156.070,155.780,155.879
2025-12-11 09:00,155.880,156.030,155.842,155.862
2025-12-11 10:00,155.859,155.950,155.796,155.860
2025-12-11 11:00,155.860,155.884,155.752,155.759
2025-12-11 12:00,155.760,155.820,155.514,155.585
2025-12-11 13:00,155.584,155.624,155.224,155.276
2025-12-11 14:00,155.276,155.299,154.940,154.977
2025-12-11 15:00,154.979,155.179,154.948,155.164
2025-12-11 16:00,155.170,155.291,155.104,155.151
2025-12-11 17:00,155.145,155.293,155.065,155.234
2025-12-11 18:00,155.233,155.413,155.207,155.360
2025-12-11 19:00,155.356,155.598,155.356,155.589
2025-12-11 20:00,155.589,155.673,155.501,155.590
2025-12-11 21:00,155.592,155.623,155.532,155.561
2025-12-11 22:00,155.594,155.595,155.493,155.517
2025-12-11 23:00,155.517,155.619,155.440,155.522
2025-12-12 00:00,155.498,155.732,155.451,155.689
2025-12-12 01:00,155.694,155.770,155.540,155.660
2025-12-12 02:00,155.669,155.748,155.648,155.670
2025-12-12 03:00,155.668,155.726,155.626,155.713
2025-12-12 04:00,155.704,155.764,155.684,155.743
2025-12-12 05:00,155.737,155.773,155.668,155.736
2025-12-12 06:00,155.736,155.827,155.647,155.649
2025-12-12 07:00,155.655,155.726,155.536,155.644
2025-12-12 08:00,155.643,155.843,155.618,155.837
2025-12-12 09:00,155.833,155.911,155.750,155.888
2025-12-12 10:00,155.883,155.965,155.843,155.914
2025-12-12 11:00,155.910,155.993,155.905,155.908
2025-12-12 12:00,155.908,156.129,155.766,156.030
2025-12-12 13:00,156.030,156.056,155.895,156.040
2025-12-12 14:00,156.039,156.100,155.840,155.904
2025-12-12 15:00,155.905,156.061,155.806,155.879
2025-12-12 16:00,155.879,155.884,155.672,155.809
2025-12-12 17:00,155.816,155.906,155.747,155.782
2025-12-12 18:00,155.775,155.816,155.710,155.777
2025-12-12 19:00,155.780,155.939,155.776,155.895
2025-12-12 20:00,155.901,155.908,155.769,155.875
2025-12-12 21:00,155.879,155.892,155.757,155.757
2025-12-12 22:00,155.746,155.746,155.746,155.746
2025-12-15 00:00,155.859,155.986,155.857,155.892
2025-12-15 01:00,155.895,155.898,155.599,155.608
2025-12-15 02:00,155.604,155.650,155.351,155.427
2025-12-15 03:00,155.429,155.476,155.297,155.413
2025-12-15 04:00,155.419,155.424,155.177,155.250
2025-12-15 05:00,155.250,155.257,155.026,155.031
2025-12-15 06:00,155.027,155.158,154.942,155.090
2025-12-15 07:00,155.083,155.296,155.065,155.258
2025-12-15 08:00,155.260,155.287,155.098,155.180
2025-12-15 09:00,155.184,155.201,154.932,154.961
2025-12-15 10:00,154.965,155.154,154.954,155.078
2025-12-15 11:00,155.079,155.102,154.847,154.918
2025-12-15 12:00,154.917,155.094,154.882,155.072
2025-12-15 13:00,155.071,155.158,154.962,155.152
2025-12-15 14:00,155.158,155.227,154.846,154.906
2025-12-15 15:00,154.912,155.159,154.830,155.150
2025-12-15 16:00,155.157,155.330,155.142,155.284
2025-12-15 17:00,155.290,155.368,155.252,155.301
2025-12-15 18:00,155.301,155.389,155.274,155.351
2025-12-15 19:00,155.356,155.399,155.212,155.239
2025-12-15 20:00,155.238,155.269,155.214,155.248
2025-12-15 21:00,155.242,155.259,155.157,155.168
2025-12-15 22:00,155.188,155.291,155.148,155.212
2025-12-15 23:00,155.203,155.240,154.973,155.005
2025-12-16 00:00,155.034,155.103,154.728,155.005
2025-12-16 01:00,155.000,155.125,154.847,154.858
2025-12-16 02:00,154.861,154.925,154.754,154.776
2025-12-16 03:00,154.774,154.909,154.696,154.885
2025-12-16 04:00,154.885,154.917,154.763,154.813
2025-12-16 05:00,154.813,154.856,154.676,154.839
2025-12-16 06:00,154.841,154.948,154.813,154.851
2025-12-16 07:00,154.843,154.981,154.828,154.884
2025-12-16 08:00,154.879,154.943,154.791,154.862
2025-12-16 09:00,154.857,154.898,154.765,154.832
2025-12-16 10:00,154.829,154.906,154.769,154.864
2025-12-16 11:00,154.870,154.902,154.783,154.814
2025-12-16 12:00,154.815,154.857,154.595,154.605
2025-12-16 13:00,154.603,154.870,154.386,154.715
2025-12-16 14:00,154.706,154.999,154.589,154.596
2025-12-16 15:00,154.592,154.782,154.457,154.773
2025-12-16 16:00,154.770,154.907,154.744,154.803
2025-12-16 17:00,154.802,154.840,154.562,154.679
2025-12-16 18:00,154.674,154.806,154.667,154.740
2025-12-16 19:00,154.747,154.931,154.599,154.666
2025-12-16 20:00,154.666,154.797,154.563,154.797
2025-12-16 21:00,154.799,154.835,154.689,154.713
2025-12-16 22:00,154.718,154.780,154.660,154.712
2025-12-16 23:00,154.706,154.812,154.671,154.782
2025-12-17 00:00,154.771,154.874,154.557,154.577
2025-12-17 01:00,154.583,154.708,154.508,154.666
2025-12-17 02:00,154.672,155.028,154.665,155.012
2025-12-17 03:00,155.009,155.029,154.854,154.885
2025-12-17 04:00,154.886,155.151,154.867,155.127
2025-12-17 05:00,155.133,155.171,155.062,155.145
2025-12-17 06:00,155.151,155.444,155.122,155.364
2025-12-17 07:00,155.366,155.569,155.351,155.499
2025-12-17 08:00,155.501,155.600,155.422,155.514
2025-12-17 09:00,155.516,155.559,155.454,155.530
2025-12-17 10:00,155.532,155.548,155.434,155.454
2025-12-17 11:00,155.462,155.596,155.448,155.542
2025-12-17 12:00,155.545,155.575,155.447,155.483
2025-12-17 13:00,155.481,155.638,155.380,155.432
2025-12-17 14:00,155.429,155.633,155.346,155.481
2025-12-17 15:00,155.482,155.544,155.346,155.397
2025-12-17 16:00,155.398,155.599,155.378,155.591
2025-12-17 17:00,155.592,155.613,155.523,155.530
2025-12-17 18:00,155.528,155.675,155.490,155.641
2025-12-17 19:00,155.643,155.690,155.585,155.639
2025-12-17 20:00,155.639,155.749,155.612,155.699
2025-12-17 21:00,155.693,155.746,155.655,155.658
2025-12-17 22:00,155.671,155.672,155.556,155.582
2025-12-17 23:00,155.582,155.645,155.470,155.494
2025-12-18 00:00,155.489,155.584,155.417,155.474
2025-12-18 01:00,155.474,155.764,155.452,155.733
2025-12-18 02:00,155.746,155.808,155.654,155.784
2025-12-18 03:00,155.783,155.796,155.701,155.758
2025-12-18 04:00,155.755,155.785,155.693,155.729
2025-12-18 05:00,155.736,155.884,155.701,155.806
2025-12-18 06:00,155.800,155.910,155.761,155.897
2025-12-18 07:00,155.906,155.954,155.807,155.925
2025-12-18 08:00,155.919,155.946,155.793,155.854
2025-12-18 09:00,155.847,155.952,155.795,155.929
2025-12-18 10:00,155.928,155.977,155.844,155.855
2025-12-18 11:00,155.859,155.871,155.715,155.785
2025-12-18 12:00,155.791,155.866,155.732,155.814
2025-12-18 13:00,155.814,155.837,155.308,155.586
2025-12-18 14:00,155.594,155.607,155.277,155.485
2025-12-18 15:00,155.492,155.695,155.436,155.525
2025-12-18 16:00,155.523,155.576,155.356,155.528
2025-12-18 17:00,155.528,155.687,155.521,155.636
2025-12-18 18:00,155.638,155.710,155.572,155.632
2025-12-18 19:00,155.632,155.663,155.491,155.512
2025-12-18 20:00,155.515,155.633,155.493,155.608
2025-12-18 21:00,155.605,155.635,155.522,155.527
2025-12-18 22:00,155.540,155.567,155.449,155.543
2025-12-18 23:00,155.547,155.642,155.506,155.587
2025-12-19 00:00,155.576,155.777,155.551,155.744
2025-12-19 01:00,155.744,155.792,155.684,155.742
2025-12-19 02:00,155.740,155.854,155.678,155.821
2025-12-19 03:00,155.832,156.171,155.567,155.878
2025-12-19 04:00,155.873,156.086,155.725,156.059
2025-12-19 05:00,156.063,156.073,155.877,155.991
2025-12-19 06:00,155.986,156.442,155.844,156.005
2025-12-19 07:00,156.011,156.742,155.960,156.732
2025-12-19 08:00,156.726,156.937,156.715,156.929
2025-12-19 09:00,156.927,157.213,156.852,157.198
2025-12-19 10:00,157.200,157.400,157.125,157.319
2025-12-19 11:00,157.322,157.381,157.228,157.312
2025-12-19 12:00,157.318,157.354,157.176,157.234
2025-12-19 13:00,157.234,157.383,157.201,157.321
2025-12-19 14:00,157.317,157.426,156.923,157.419
2025-12-19 15:00,157.416,157.498,157.349,157.472
2025-12-19 16:00,157.467,157.496,157.399,157.427
2025-12-19 17:00,157.423,157.678,157.410,157.435
2025-12-19 18:00,157.430,157.533,157.395,157.519
2025-12-19 19:00,157.515,157.590,157.495,157.528
2025-12-19 20:00,157.524,157.700,157.472,157.690
2025-12-19 21:00,157.685,157.778,157.633,157.734
2025-12-19 22:00,157.747,157.750,157.738,157.750
2025-12-22 00:00,157.609,157.662,157.500,157.558
2025-12-22 01:00,157.549,157.574,157.248,157.295
2025-12-22 02:00,157.292,157.425,157.224,157.419
2025-12-22 03:00,157.416,157.470,157.267,157.329
2025-12-22 04:00,157.332,157.366,157.250,157.303
2025-12-22 05:00,157.308,157.391,157.258,157.355
2025-12-22 06:00,157.363,157.434,157.262,157.347
2025-12-22 07:00,157.336,157.564,157.301,157.489
2025-12-22 08:00,157.484,157.550,157.364,157.545
2025-12-22 09:00,157.546,157.572,157.413,157.455
2025-12-22 10:00,157.457,157.464,157.343,157.394
2025-12-22 11:00,157.398,157.428,157.329,157.410
2025-12-22 12:00,157.405,157.432,157.349,157.395
2025-12-22 13:00,157.396,157.397,156.850,157.185
2025-12-22 14:00,157.182,157.222,156.901,157.009
2025-12-22 15:00,157.017,157.121,156.908,156.970
2025-12-22 16:00,156.969,157.046,156.849,156.927
2025-12-22 17:00,156.937,156.939,156.700,156.843
2025-12-22 18:00,156.838,157.025,156.838,156.948
2025-12-22 19:00,156.942,157.033,156.879,156.898
2025-12-22 20:00,156.892,157.006,156.890,156.987
2025-12-22 21:00,156.989,157.058,156.974,157.031
2025-12-22 22:00,157.049,157.062,156.813,157.017
2025-12-22 23:00,157.019,157.025,156.813,156.876
2025-12-23 00:00,156.917,156.927,156.596,156.610
2025-12-23 01:00,156.615,156.656,156.415,156.453
2025-12-23 02:00,156.453,156.485,156.269,156.348
2025-12-23 03:00,156.345,156.352,156.182,156.182
2025-12-23 04:00,156.189,156.189,155.955,155.985
2025-12-23 05:00,155.989,156.080,155.905,156.008
2025-12-23 06:00,156.010,156.188,155.987,156.109
2025-12-23 07:00,156.107,156.170,155.945,156.070
2025-12-23 08:00,156.069,156.117,155.945,155.952
2025-12-23 09:00,155.957,156.023,155.641,155.965
2025-12-23 10:00,155.959,156.049,155.858,155.919
2025-12-23 11:00,155.921,156.036,155.864,155.964
2025-12-23 12:00,155.972,156.034,155.864,156.019
2025-12-23 13:00,156.013,156.364,155.941,156.335
2025-12-23 14:00,156.336,156.546,156.330,156.399
2025-12-23 15:00,156.399,156.448,156.202,156.390
2025-12-23 16:00,156.388,156.435,156.295,156.333
2025-12-23 17:00,156.331,156.351,156.242,156.292
2025-12-23 18:00,156.295,156.343,156.219,156.226
2025-12-23 19:00,156.227,156.253,156.171,156.192
2025-12-23 20:00,156.186,156.309,156.171,156.298
2025-12-23 21:00,156.300,156.316,156.170,156.221
2025-12-23 22:00,156.212,156.228,156.149,156.160
2025-12-23 23:00,156.159,156.284,156.082,156.167
2025-12-24 00:00,156.170,156.283,155.969,155.982
2025-12-24 01:00,155.989,156.152,155.594,155.646
2025-12-24 02:00,155.650,155.744,155.551,155.742
2025-12-24 03:00,155.741,155.990,155.733,155.971
2025-12-24 04:00,155.975,156.062,155.794,155.827
2025-12-24 05:00,155.827,155.847,155.738,155.798
2025-12-24 06:00,155.793,155.798,155.655,155.727
2025-12-24 07:00,155.732,155.872,155.696,155.822
2025-12-24 08:00,155.826,155.970,155.743,155.748
2025-12-24 09:00,155.756,155.882,155.679,155.834
2025-12-24 10:00,155.833,155.969,155.812,155.927
2025-12-24 11:00,155.935,155.977,155.857,155.924
2025-12-24 12:00,155.922,156.046,155.867,156.046
2025-12-24 13:00,156.045,156.071,155.961,156.013
2025-12-24 14:00,156.012,156.037,155.671,155.743
2025-12-24 15:00,155.747,155.901,155.715,155.813
2025-12-24 16:00,155.810,155.919,155.744,155.827
2025-12-24 17:00,155.833,156.023,155.817,155.966
2025-12-24 18:00,155.961,156.021,155.932,155.964
2025-12-24 19:00,155.964,155.977,155.795,155.865
2025-12-24 20:00,155.830,155.947,155.822,155.925
2025-12-24 21:00,155.942,155.973,155.813,155.877
2025-12-24 22:00,155.908,155.908,155.718,155.762
2025-12-24 23:00,155.804,155.966,155.740,155.897
2025-12-25 00:00,155.859,155.932,155.745,155.792
2025-12-25 01:00,155.798,155.922,155.721,155.734
2025-12-25 02:00,155.734,155.858,155.677,155.777
2025-12-25 03:00,155.779,155.818,155.660,155.698
2025-12-25 04:00,155.723,155.828,155.577,155.730
2025-12-25 05:00,155.700,155.834,155.643,155.793
2025-12-25 06:00,155.793,155.968,155.698,155.837
2025-12-25 07:00,155.837,156.070,155.819,156.047
2025-12-25 08:00,155.999,156.120,155.791,155.862
2025-12-25 11:00,155.999,155.999,155.999,155.999
2025-12-25 18:00,155.731,155.731,155.690,155.690
2025-12-25 19:00,155.642,155.655,155.596,155.599
2025-12-25 20:00,155.599,155.754,155.598,155.702
2025-12-25 21:00,155.598,155.796,155.589,155.759
2025-12-25 22:00,155.798,155.948,155.747,155.883
2025-12-25 23:00,155.860,156.131,155.734,156.093
2025-12-26 00:00,156.106,156.488,156.096,156.400
2025-12-26 01:00,156.409,156.439,156.156,156.275
2025-12-26 02:00,156.282,156.307,156.160,156.221
2025-12-26 03:00,156.223,156.252,156.039,156.053
2025-12-26 04:00,156.052,156.190,155.978,156.163
2025-12-26 05:00,156.161,156.283,156.084,156.201
2025-12-26 06:00,156.195,156.319,156.073,156.274
2025-12-26 07:00,156.277,156.444,156.204,156.364
2025-12-26 08:00,156.375,156.445,156.289,156.319
2025-12-26 09:00,156.315,156.472,156.306,156.450
2025-12-26 10:00,156.459,156.469,156.352,156.391
2025-12-26 11:00,156.391,156.421,156.314,156.390
2025-12-26 12:00,156.399,156.486,156.382,156.414
2025-12-26 13:00,156.407,156.444,156.219,156.322
2025-12-26 14:00,156.323,156.485,156.268,156.449
2025-12-26 15:00,156.450,156.539,156.302,156.423
2025-12-26 16:00,156.425,156.657,156.359,156.633
2025-12-26 17:00,156.632,156.730,156.545,156.571
2025-12-26 18:00,156.567,156.590,156.427,156.543
2025-12-26 19:00,156.538,156.598,156.493,156.493
2025-12-26 20:00,156.500,156.530,156.433,156.485
2025-12-26 21:00,156.494,156.604,156.483,156.558
2025-12-29 00:00,156.484,156.485,156.044,156.275
2025-12-29 01:00,156.276,156.373,156.183,156.304
2025-12-29 02:00,156.312,156.511,156.292,156.428
2025-12-29 03:00,156.424,156.447,156.314,156.375
2025-12-29 04:00,156.370,156.473,156.238,156.364
2025-12-29 05:00,156.372,156.398,156.233,156.304
2025-12-29 06:00,156.305,156.325,156.163,156.185
2025-12-29 07:00,156.178,156.245,156.043,156.075
2025-12-29 08:00,156.080,156.312,156.070,156.278
2025-12-29 09:00,156.270,156.399,156.099,156.326
2025-12-29 10:00,156.322,156.347,156.198,156.324
2025-12-29 11:00,156.321,156.414,156.280,156.402
2025-12-29 12:00,156.401,156.423,156.302,156.326
2025-12-29 13:00,156.331,156.368,156.188,156.230
2025-12-29 14:00,156.221,156.238,156.005,156.137
2025-12-29 15:00,156.137,156.289,155.910,155.936
2025-12-29 16:00,155.936,156.119,155.923,156.100
2025-12-29 17:00,156.107,156.217,156.061,156.184
2025-12-29 18:00,156.183,156.224,156.116,156.218
2025-12-29 19:00,156.221,156.250,156.000,156.030
2025-12-29 20:00,156.033,156.084,155.975,156.066
2025-12-29 21:00,156.059,156.086,155.989,156.053
2025-12-29 22:00,156.028,156.098,155.949,156.023
2025-12-29 23:00,156.022,156.134,155.948,156.012
2025-12-30 00:00,155.991,156.326,155.915,156.256
2025-12-30 01:00,156.256,156.331,156.205,156.218
2025-12-30 02:00,156.214,156.340,156.148,156.308
2025-12-30 03:00,156.299,156.334,156.208,156.262
2025-12-30 04:00,156.271,156.285,156.044,156.077
2025-12-30 05:00,156.080,156.105,156.006,156.040
2025-12-30 06:00,156.036,156.098,155.930,156.040
2025-12-30 07:00,156.039,156.108,155.912,155.977
2025-12-30 08:00,155.975,156.024,155.848,155.976
2025-12-30 09:00,155.979,156.008,155.862,155.919
2025-12-30 10:00,155.915,155.930,155.736,155.849
2025-12-30 11:00,155.852,155.947,155.816,155.885
2025-12-30 12:00,155.892,156.012,155.876,155.948
2025-12-30 13:00,155.951,156.213,155.938,156.191
2025-12-30 14:00,156.187,156.321,156.117,156.266
2025-12-30 15:00,156.266,156.568,156.264,156.320
2025-12-30 16:00,156.326,156.373,156.217,156.258
2025-12-30 17:00,156.256,156.407,156.239,156.330
2025-12-30 18:00,156.332,156.433,156.303,156.395
2025-12-30 19:00,156.393,156.523,156.349,156.493
2025-12-30 20:00,156.496,156.503,156.420,156.462
2025-12-30 21:00,156.459,156.470,156.336,156.409
2025-12-30 22:00,156.346,156.390,156.306,156.359
2025-12-30 23:00,156.331,156.468,156.318,156.405
2025-12-31 00:00,156.391,156.466,156.322,156.386
2025-12-31 01:00,156.389,156.452,156.346,156.427
2025-12-31 02:00,156.422,156.491,156.416,156.481
2025-12-31 03:00,156.476,156.498,156.441,156.490
2025-12-31 04:00,156.487,156.636,156.485,156.609
2025-12-31 05:00,156.611,156.632,156.543,156.585
2025-12-31 06:00,156.592,156.655,156.574,156.614
2025-12-31 07:00,156.605,156.647,156.560,156.560
2025-12-31 08:00,156.567,156.611,156.494,156.592
2025-12-31 09:00,156.587,156.650,156.548,156.622
2025-12-31 10:00,156.622,156.676,156.590,156.653
2025-12-31 11:00,156.648,156.679,156.600,156.603
2025-12-31 12:00,156.609,156.643,156.543,156.598
2025-12-31 13:00,156.594,156.835,156.581,156.809
2025-12-31 14:00,156.811,156.949,156.793,156.923
2025-12-31 15:00,156.919,156.994,156.714,156.745
2025-12-31 16:00,156.739,156.849,156.638,156.801
2025-12-31 17:00,156.807,156.855,156.756,156.825
2025-12-31 18:00,156.821,156.923,156.792,156.883
2025-12-31 19:00,156.890,156.890,156.667,156.745
2025-12-31 20:00,156.744,156.753,156.621,156.626
2025-12-31 21:00,156.626,156.730,156.579,156.657
2026-01-01 18:00,156.730,156.798,156.691,156.691
2026-01-01 19:00,156.749,156.749,156.749,156.749
2026-01-01 20:00,156.750,156.750,156.750,156.750
2026-01-01 21:00,156.660,156.660,156.578,156.578
2026-01-01 22:00,156.689,156.765,156.682,156.743
2026-01-01 23:00,156.768,156.888,156.651,156.742
2026-01-02 00:00,156.720,156.771,156.534,156.565
2026-01-02 01:00,156.565,156.657,156.509,156.628
2026-01-02 02:00,156.636,156.687,156.586,156.679
2026-01-02 03:00,156.680,156.723,156.642,156.712
2026-01-02 04:00,156.714,156.859,156.707,156.818
2026-01-02 05:00,156.819,156.943,156.810,156.908
2026-01-02 06:00,156.909,156.997,156.903,156.953
2026-01-02 07:00,156.948,156.992,156.825,156.854
2026-01-02 08:00,156.861,156.998,156.813,156.870
2026-01-02 09:00,156.877,156.918,156.764,156.911
2026-01-02 10:00,156.906,156.927,156.795,156.843
2026-01-02 11:00,156.834,156.949,156.817,156.915
2026-01-02 12:00,156.914,157.001,156.866,156.937
2026-01-02 13:00,156.940,156.959,156.825,156.903
2026-01-02 14:00,156.905,156.919,156.800,156.845
2026-01-02 15:00,156.851,156.894,156.556,156.587
2026-01-02 16:00,156.589,156.773,156.556,156.718
2026-01-02 17:00,156.723,156.782,156.701,156.767
2026-01-02 18:00,156.765,156.948,156.757,156.887
2026-01-02 19:00,156.886,156.955,156.839,156.852
2026-01-02 20:00,156.853,156.910,156.839,156.872
2026-01-02 21:00,156.874,156.887,156.782,156.831
2026-01-02 22:00,156.840,156.842,156.840,156.842
2026-01-05 00:00,156.988,157.250,156.912,157.145
2026-01-05 01:00,157.148,157.182,156.934,157.008
2026-01-05 02:00,157.014,157.206,156.942,157.151
2026-01-05 03:00,157.140,157.239,157.122,157.230
2026-01-05 04:00,157.224,157.298,157.212,157.273
2026-01-05 05:00,157.281,157.292,157.109,157.176
2026-01-05 06:00,157.179,157.232,157.005,157.032
2026-01-05 07:00,157.034,157.080,156.968,156.982
2026-01-05 08:00,156.991,157.041,156.681,156.829
2026-01-05 09:00,156.831,157.001,156.776,156.927
2026-01-05 10:00,156.925,156.939,156.566,156.596
2026-01-05 11:00,156.596,156.662,156.523,156.621
2026-01-05 12:00,156.620,156.686,156.459,156.642
2026-01-05 13:00,156.646,156.979,156.639,156.823
2026-01-05 14:00,156.819,156.854,156.698,156.747
2026-01-05 15:00,156.749,156.757,156.448,156.575
2026-01-05 16:00,156.575,156.588,156.299,156.320
2026-01-05 17:00,156.323,156.386,156.259,156.324
2026-01-05 18:00,156.325,156.359,156.174,156.181
2026-01-05 19:00,156.186,156.245,156.109,156.233
2026-01-05 20:00,156.232,156.339,156.176,156.333
2026-01-05 21:00,156.337,156.419,156.314,156.318
2026-01-05 22:00,156.359,156.516,156.279,156.503
2026-01-05 23:00,156.487,156.645,156.459,156.640
2026-01-06 00:00,156.608,156.797,156.523,156.530
2026-01-06 01:00,156.536,156.711,156.444,156.445
2026-01-06 02:00,156.453,156.504,156.264,156.307
2026-01-06 03:00,156.311,156.439,156.288,156.360
2026-01-06 04:00,156.352,156.440,156.234,156.374
2026-01-06 05:00,156.374,156.449,156.281,156.429
2026-01-06 06:00,156.429,156.479,156.323,156.367
2026-01-06 07:00,156.370,156.373,156.225,156.335
2026-01-06 08:00,156.327,156.389,156.156,156.319
2026-01-06 09:00,156.314,156.484,156.224,156.375
2026-01-06 10:00,156.370,156.464,156.270,156.437
2026-01-06 11:00,156.445,156.536,156.399,156.445
2026-01-06 12:00,156.449,156.517,156.287,156.494
2026-01-06 13:00,156.489,156.581,156.344,156.362
2026-01-06 14:00,156.362,156.480,156.292,156.401
2026-01-06 15:00,156.405,156.692,156.397,156.575
2026-01-06 16:00,156.576,156.727,156.565,156.702
2026-01-06 17:00,156.699,156.739,156.665,156.689
2026-01-06 18:00,156.686,156.749,156.660,156.733
2026-01-06 19:00,156.737,156.743,156.603,156.629
2026-01-06 20:00,156.625,156.630,156.565,156.598
2026-01-06 21:00,156.654,156.685,156.613,156.620
2026-01-06 22:00,156.641,156.658,156.564,156.619
2026-01-06 23:00,156.588,156.705,156.586,156.682
2026-01-07 00:00,156.665,156.806,156.534,156.637
2026-01-07 01:00,156.629,156.748,156.554,156.712
2026-01-07 02:00,156.712,156.731,156.636,156.638
2026-01-07 03:00,156.645,156.653,156.502,156.559
2026-01-07 04:00,156.555,156.586,156.502,156.539
2026-01-07 05:00,156.535,156.540,156.357,156.382
2026-01-07 06:00,156.379,156.392,156.298,156.341
2026-01-07 07:00,156.344,156.515,156.289,156.479
2026-01-07 08:00,156.486,156.587,156.452,156.525
2026-01-07 09:00,156.520,156.575,156.424,156.461
2026-01-07 10:00,156.462,156.536,156.434,156.527
2026-01-07 11:00,156.522,156.582,156.503,156.513
2026-01-07 12:00,156.515,156.567,156.469,156.509
2026-01-07 13:00,156.512,156.584,156.357,156.414
2026-01-07 14:00,156.407,156.555,156.383,156.404
2026-01-07 15:00,156.403,156.725,156.398,156.677
2026-01-07 16:00,156.680,156.801,156.636,156.724
2026-01-07 17:00,156.733,156.734,156.568,156.614
2026-01-07 18:00,156.614,156.704,156.589,156.691
2026-01-07 19:00,156.692,156.762,156.677,156.734
2026-01-07 20:00,156.742,156.789,156.715,156.772
2026-01-07 21:00,156.768,156.801,156.726,156.749
2026-01-07 22:00,156.742,156.766,156.604,156.681
2026-01-07 23:00,156.637,156.755,156.614,156.709
2026-01-08 00:00,156.697,156.801,156.669,156.777
2026-01-08 01:00,156.786,156.945,156.709,156.909
2026-01-08 02:00,156.904,156.956,156.817,156.839
2026-01-08 03:00,156.835,156.841,156.622,156.718
2026-01-08 04:00,156.715,156.732,156.657,156.687
2026-01-08 05:00,156.682,156.731,156.634,156.666
2026-01-08 06:00,156.668,156.691,156.494,156.576
2026-01-08 07:00,156.573,156.695,156.462,156.462
2026-01-08 08:00,156.468,156.714,156.451,156.703
2026-01-08 09:00,156.702,156.783,156.625,156.741
2026-01-08 10:00,156.739,156.780,156.673,156.679
2026-01-08 11:00,156.676,156.781,156.658,156.764
2026-01-08 12:00,156.761,156.784,156.682,156.720
2026-01-08 13:00,156.723,156.963,156.639,156.955
2026-01-08 14:00,156.966,157.072,156.933,156.968
2026-01-08 15:00,156.976,157.056,156.844,156.859
2026-01-08 16:00,156.865,156.987,156.842,156.902
2026-01-08 17:00,156.895,156.906,156.767,156.805
2026-01-08 18:00,156.808,156.893,156.789,156.888
2026-01-08 19:00,156.892,156.986,156.885,156.964
2026-01-08 20:00,156.960,156.994,156.910,156.947
2026-01-08 21:00,156.953,156.992,156.807,156.866
2026-01-08 22:00,156.864,156.866,156.726,156.829
2026-01-08 23:00,156.829,156.934,156.781,156.881
2026-01-09 00:00,156.863,157.060,156.860,157.002
2026-01-09 01:00,157.002,157.168,156.986,157.154
2026-01-09 02:00,157.153,157.260,157.115,157.176
2026-01-09 03:00,157.176,157.241,157.150,157.229
2026-01-09 04:00,157.230,157.295,157.187,157.203
2026-01-09 05:00,157.203,157.390,157.203,157.369
2026-01-09 06:00,157.369,157.439,157.334,157.394
2026-01-09 07:00,157.393,157.572,157.380,157.473
2026-01-09 08:00,157.480,157.670,157.451,157.640
2026-01-09 09:00,157.639,157.738,157.568,157.703
2026-01-09 10:00,157.703,157.725,157.632,157.646
2026-01-09 11:00,157.646,157.684,157.558,157.579
2026-01-09 12:00,157.573,157.708,157.554,157.648
2026-01-09 13:00,157.643,157.828,157.366,157.482
2026-01-09 14:00,157.485,158.051,157.365,157.913
2026-01-09 15:00,157.922,158.187,157.803,157.870
2026-01-09 16:00,157.864,158.132,157.824,158.078
2026-01-09 17:00,158.071,158.105,157.983,158.045
2026-01-09 18:00,158.046,158.067,157.855,157.907
2026-01-09 19:00,157.907,157.923,157.823,157.878
2026-01-09 20:00,157.883,157.910,157.850,157.882
2026-01-09 21:00,157.884,157.958,157.847,157.919
2026-01-12 00:00,158.137,158.205,157.547,157.568
2026-01-12 01:00,157.575,157.751,157.507,157.742
2026-01-12 02:00,157.746,158.075,157.660,158.047
2026-01-12 03:00,158.048,158.121,157.937,158.120
2026-01-12 04:00,158.121,158.183,158.108,158.117
2026-01-12 05:00,158.119,158.148,157.989,158.001
2026-01-12 06:00,158.006,158.069,157.957,158.010
2026-01-12 07:00,158.006,158.032,157.795,157.840
2026-01-12 08:00,157.846,157.865,157.668,157.772
2026-01-12 09:00,157.778,157.902,157.715,157.886
2026-01-12 10:00,157.895,157.962,157.824,157.850
2026-01-12 11:00,157.846,157.926,157.777,157.894
2026-01-12 12:00,157.897,157.956,157.804,157.856
2026-01-12 13:00,157.857,157.897,157.700,157.841
2026-01-12 14:00,157.837,158.049,157.827,157.939
2026-01-12 15:00,157.939,157.979,157.848,157.969
2026-01-12 16:00,157.972,158.156,157.940,158.152
2026-01-12 17:00,158.146,158.171,158.058,158.079
2026-01-12 18:00,158.083,158.146,158.047,158.132
2026-01-12 19:00,158.127,158.151,158.087,158.138
2026-01-12 20:00,158.134,158.200,158.108,158.187
2026-01-12 21:00,158.181,158.194,158.110,158.117
2026-01-12 22:00,158.097,158.150,157.994,158.096
2026-01-12 23:00,158.099,158.178,157.884,157.958
2026-01-13 00:00,157.977,158.287,157.956,158.159
2026-01-13 01:00,158.162,158.501,158.152,158.478
2026-01-13 02:00,158.482,158.690,158.329,158.668
2026-01-13 03:00,158.671,158.825,158.638,158.811
2026-01-13 04:00,158.807,158.912,158.623,158.715
2026-01-13 05:00,158.710,158.829,158.698,158.787
2026-01-13 06:00,158.784,158.964,158.736,158.759
2026-01-13 07:00,158.754,158.956,158.727,158.938
2026-01-13 08:00,158.942,159.049,158.863,158.922
2026-01-13 09:00,158.925,159.018,158.809,158.889
2026-01-13 10:00,158.890,158.948,158.796,158.804
2026-01-13 11:00,158.798,158.948,158.798,158.849
2026-01-13 12:00,158.856,158.937,158.834,158.892
2026-01-13 13:00,158.886,158.957,158.568,158.879
2026-01-13 14:00,158.875,158.997,158.796,158.909
2026-01-13 15:00,158.912,159.088,158.853,158.926
2026-01-13 16:00,158.922,159.191,158.897,159.065
2026-01-13 17:00,159.070,159.141,158.968,159.024
2026-01-13 18:00,159.021,159.095,158.994,159.041
2026-01-13 19:00,159.036,159.147,159.033,159.115
2026-01-13 20:00,159.108,159.158,159.083,159.116
2026-01-13 21:00,159.112,159.178,159.094,159.113
2026-01-13 22:00,159.135,159.175,159.041,159.118
2026-01-13 23:00,159.116,159.202,159.068,159.188
2026-01-14 00:00,159.190,159.289,159.087,159.186
2026-01-14 01:00,159.195,159.455,159.186,159.337
2026-01-14 02:00,159.331,159.393,159.178,159.199
2026-01-14 03:00,159.202,159.208,159.070,159.153
2026-01-14 04:00,159.153,159.242,159.121,159.197
2026-01-14 05:00,159.204,159.341,159.157,159.335
2026-01-14 06:00,159.329,159.351,159.127,159.140
2026-01-14 07:00,159.143,159.197,159.102,159.174
2026-01-14 08:00,159.171,159.194,158.857,158.927
2026-01-14 09:00,158.928,158.950,158.658,158.755
2026-01-14 10:00,158.762,158.814,158.575,158.678
2026-01-14 11:00,158.674,158.823,158.567,158.714
2026-01-14 12:00,158.713,158.719,158.137,158.552
2026-01-14 13:00,158.558,158.742,158.501,158.595
2026-01-14 14:00,158.588,158.673,158.153,158.208
2026-01-14 15:00,158.213,158.415,158.098,158.119
2026-01-14 16:00,158.124,158.284,158.097,158.134
2026-01-14 17:00,158.137,158.343,158.116,158.297
2026-01-14 18:00,158.301,158.463,158.295,158.454
2026-01-14 19:00,158.460,158.518,158.415,158.496
2026-01-14 20:00,158.504,158.597,158.453,158.589
2026-01-14 21:00,158.590,158.598,158.382,158.410
2026-01-14 22:00,158.396,158.427,158.185,158.257
2026-01-14 23:00,158.275,158.433,158.227,158.411
2026-01-15 00:00,158.421,158.577,158.373,158.404
2026-01-15 01:00,158.408,158.436,158.221,158.348
2026-01-15 02:00,158.354,158.545,158.302,158.518
2026-01-15 03:00,158.521,158.643,158.488,158.507
2026-01-15 04:00,158.507,158.647,158.471,158.586
2026-01-15 05:00,158.585,158.614,158.374,158.427
2026-01-15 06:00,158.430,158.652,158.393,158.612
2026-01-15 07:00,158.608,158.732,158.444,158.579
2026-01-15 08:00,158.573,158.713,158.533,158.688
2026-01-15 09:00,158.690,158.699,158.297,158.397
2026-01-15 10:00,158.398,158.473,158.339,158.467
2026-01-15 11:00,158.466,158.566,158.428,158.565
2026-01-15 12:00,158.566,158.605,158.483,158.590
2026-01-15 13:00,158.595,158.855,158.527,158.830
2026-01-15 14:00,158.830,158.879,158.640,158.734
2026-01-15 15:00,158.740,158.744,158.469,158.538
2026-01-15 16:00,158.533,158.569,158.408,158.498
2026-01-15 17:00,158.491,158.539,158.437,158.502
2026-01-15 18:00,158.508,158.522,158.469,158.493
2026-01-15 19:00,158.492,158.561,158.456,158.522
2026-01-15 20:00,158.527,158.644,158.507,158.635
2026-01-15 21:00,158.643,158.674,158.583,158.629
2026-01-15 22:00,158.616,158.631,158.542,158.598
2026-01-15 23:00,158.628,158.671,158.554,158.586
2026-01-16 00:00,158.582,158.704,158.513,158.655
2026-01-16 01:00,158.649,158.682,158.464,158.597
2026-01-16 02:00,158.589,158.629,157.958,158.300
2026-01-16 03:00,158.304,158.313,158.100,158.106
2026-01-16 04:00,158.108,158.293,158.092,158.272
2026-01-16 05:00,158.274,158.380,158.220,158.379
2026-01-16 06:00,158.378,158.450,158.329,158.385
2026-01-16 07:00,158.380,158.405,158.092,158.172
2026-01-16 08:00,158.165,158.255,158.004,158.208
2026-01-16 09:00,158.209,158.215,158.067,158.196
2026-01-16 10:00,158.188,158.220,158.070,158.115
2026-01-16 11:00,158.135,158.154,158.044,158.085
2026-01-16 12:00,158.093,158.224,158.069,158.150
2026-01-16 13:00,158.153,158.154,157.936,158.021
2026-01-16 14:00,158.016,158.119,157.835,157.902
2026-01-16 15:00,157.902,158.266,157.815,158.062
2026-01-16 16:00,158.063,158.101,157.929,158.021
2026-01-16 17:00,158.016,158.161,158.013,158.139
2026-01-16 18:00,158.140,158.242,158.121,158.179
2026-01-16 19:00,158.179,158.211,158.095,158.115
2026-01-16 20:00,158.120,158.121,158.032,158.077
2026-01-16 21:00,158.078,158.139,158.038,158.083
2026-01-19 00:00,157.548,157.879,157.436,157.475
2026-01-19 01:00,157.473,157.700,157.415,157.679
2026-01-19 02:00,157.684,157.930,157.676,157.856
2026-01-19 03:00,157.863,157.946,157.803,157.872
2026-01-19 04:00,157.879,157.916,157.816,157.822
2026-01-19 05:00,157.823,157.947,157.747,157.900
2026-01-19 06:00,157.903,157.937,157.782,157.809
2026-01-19 07:00,157.808,158.123,157.737,158.078
2026-01-19 08:00,158.071,158.150,157.993,158.023
2026-01-19 09:00,158.025,158.166,157.856,157.927
2026-01-19 10:00,157.924,157.994,157.819,157.882
2026-01-19 11:00,157.877,158.108,157.875,158.040
2026-01-19 12:00,158.040,158.062,157.911,158.012
2026-01-19 13:00,158.021,158.030,157.869,157.920
2026-01-19 14:00,157.913,157.948,157.858,157.897
2026-01-19 15:00,157.903,158.079,157.856,158.060
2026-01-19 16:00,158.060,158.138,158.032,158.073
2026-01-19 17:00,158.070,158.108,158.006,158.025
2026-01-19 18:00,158.033,158.074,157.999,158.069
2026-01-19 19:00,158.074,158.113,158.064,158.081
2026-01-19 20:00,158.082,158.155,158.073,158.127
2026-01-19 21:00,158.128,158.145,158.069,158.076
2026-01-19 22:00,158.073,158.111,158.023,158.085
2026-01-19 23:00,158.087,158.227,158.053,158.179
2026-01-20 00:00,158.157,158.282,157.895,157.936
2026-01-20 01:00,157.938,158.192,157.842,157.948
2026-01-20 02:00,157.941,158.079,157.933,158.026
2026-01-20 03:00,158.028,158.035,157.897,157.974
2026-01-20 04:00,157.972,158.103,157.888,158.027
2026-01-20 05:00,158.022,158.124,157.943,158.102
2026-01-20 06:00,158.099,158.467,158.093,158.410
2026-01-20 07:00,158.405,158.604,158.298,158.370
2026-01-20 08:00,158.372,158.394,157.739,157.815
2026-01-20 09:00,157.809,157.817,157.550,157.731
2026-01-20 10:00,157.732,157.939,157.688,157.809
2026-01-20 11:00,157.813,157.914,157.678,157.748
2026-01-20 12:00,157.749,157.895,157.648,157.861
2026-01-20 13:00,157.862,157.974,157.450,157.840
2026-01-20 14:00,157.843,158.079,157.727,158.028
2026-01-20 15:00,158.035,158.112,157.865,157.925
2026-01-20 16:00,157.923,158.076,157.848,157.894
2026-01-20 17:00,157.888,157.987,157.850,157.950
2026-01-20 18:00,157.957,158.059,157.944,158.053
2026-01-20 19:00,158.052,158.298,158.036,158.284
2026-01-20 20:00,158.282,158.290,158.181,158.206
2026-01-20 21:00,158.209,158.232,158.113,158.136
2026-01-20 22:00,158.138,158.167,158.076,158.156
2026-01-20 23:00,158.138,158.207,158.030,158.168
2026-01-21 00:00,158.146,158.282,158.107,158.115
2026-01-21 01:00,158.115,158.170,157.850,157.961
2026-01-21 02:00,157.959,158.078,157.880,157.916
2026-01-21 03:00,157.910,158.149,157.884,158.087
2026-01-21 04:00,158.088,158.132,157.990,158.030
2026-01-21 05:00,158.035,158.240,158.026,158.204
2026-01-21 06:00,158.205,158.257,158.077,158.145
2026-01-21 07:00,158.143,158.167,157.868,157.920
2026-01-21 08:00,157.925,157.987,157.814,157.867
2026-01-21 09:00,157.871,158.039,157.827,158.005
2026-01-21 10:00,158.004,158.089,157.982,158.017
2026-01-21 11:00,158.024,158.077,157.907,157.913
2026-01-21 12:00,157.912,157.941,157.740,157.787
2026-01-21 13:00,157.791,157.942,157.758,157.886
2026-01-21 14:00,157.880,158.153,157.869,158.114
2026-01-21 15:00,158.109,158.311,158.054,158.216
2026-01-21 16:00,158.210,158.259,158.071,158.166
2026-01-21 17:00,158.168,158.215,158.032,158.142
2026-01-21 18:00,158.142,158.230,158.108,158.219
2026-01-21 19:00,158.216,158.534,158.135,158.376
2026-01-21 20:00,158.386,158.499,158.323,158.366
2026-01-21 21:00,158.375,158.421,158.259,158.259
2026-01-21 22:00,158.287,158.338,158.232,158.291
2026-01-21 23:00,158.294,158.473,158.252,158.470
2026-01-22 00:00,158.460,158.492,158.171,158.235
2026-01-22 01:00,158.235,158.368,158.210,158.343
2026-01-22 02:00,158.349,158.480,158.334,158.467
2026-01-22 03:00,158.459,158.589,158.394,158.557
2026-01-22 04:00,158.555,158.705,158.546,158.641
2026-01-22 05:00,158.641,158.734,158.622,158.710
2026-01-22 06:00,158.716,158.851,158.698,158.772
2026-01-22 07:00,158.778,158.893,158.753,158.775
2026-01-22 08:00,158.776,158.857,158.725,158.764
2026-01-22 09:00,158.769,158.779,158.602,158.694
2026-01-22 10:00,158.690,158.764,158.619,158.624
2026-01-22 11:00,158.633,158.703,158.530,158.591
2026-01-22 12:00,158.585,158.829,158.533,158.819
2026-01-22 13:00,158.819,158.858,158.615,158.701
2026-01-22 14:00,158.693,158.762,158.530,158.618
2026-01-22 15:00,158.611,158.648,158.346,158.390
2026-01-22 16:00,158.392,158.426,158.252,158.354
2026-01-22 17:00,158.364,158.508,158.229,158.307
2026-01-22 18:00,158.301,158.338,158.270,158.311
2026-01-22 19:00,158.309,158.471,158.290,158.409
2026-01-22 20:00,158.399,158.443,158.330,158.433
2026-01-22 21:00,158.439,158.471,158.371,158.386
2026-01-22 22:00,158.384,158.408,158.326,158.393
2026-01-22 23:00,158.368,158.534,158.325,158.498
2026-01-23 00:00,158.478,158.583,158.429,158.518
2026-01-23 01:00,158.518,158.663,158.473,158.635
2026-01-23 02:00,158.640,158.684,158.491,158.585
2026-01-23 03:00,158.598,158.742,158.473,158.632
2026-01-23 04:00,158.631,158.667,158.526,158.536
2026-01-23 05:00,158.548,158.637,158.464,158.614
2026-01-23 06:00,158.624,158.949,158.538,158.867
2026-01-23 07:00,158.874,159.226,157.275,158.373
2026-01-23 08:00,158.385,158.492,158.097,158.134
2026-01-23 09:00,158.126,158.150,157.858,158.007
2026-01-23 10:00,157.996,158.248,157.988,158.194
2026-01-23 11:00,158.194,158.317,158.127,158.128
2026-01-23 12:00,158.128,158.265,158.084,158.156
2026-01-23 13:00,158.153,158.277,158.084,158.265
2026-01-23 14:00,158.259,158.338,158.196,158.243
2026-01-23 15:00,158.261,158.308,158.089,158.107
2026-01-23 16:00,158.113,158.225,157.358,157.564
2026-01-23 17:00,157.556,157.620,156.114,156.358
2026-01-23 18:00,156.357,156.637,156.006,156.164
2026-01-23 19:00,156.165,156.262,155.674,155.881
2026-01-23 20:00,155.886,155.962,155.724,155.815
2026-01-23 21:00,155.804,155.871,155.603,155.715
2026-01-23 22:00,155.717,155.719,155.717,155.719
2026-01-26 00:00,155.150,155.345,154.657,154.833
2026-01-26 01:00,154.841,154.932,154.294,154.418
2026-01-26 02:00,154.424,154.483,153.878,153.986
2026-01-26 03:00,153.992,154.341,153.941,154.210
2026-01-26 04:00,154.207,154.276,153.801,154.023
2026-01-26 05:00,154.033,154.116,153.915,154.106
2026-01-26 06:00,154.098,154.418,154.022,154.242
2026-01-26 07:00,154.235,154.324,153.902,154.247
2026-01-26 08:00,154.242,154.348,153.389,153.909
2026-01-26 09:00,153.918,154.138,153.519,153.668
2026-01-26 10:00,153.662,153.887,153.519,153.561
2026-01-26 11:00,153.559,153.827,153.298,153.739
2026-01-26 12:00,153.739,154.191,153.726,154.130
2026-01-26 13:00,154.123,154.338,154.036,154.061
2026-01-26 14:00,154.052,154.134,153.687,153.731
2026-01-26 15:00,153.742,153.885,153.609,153.806
2026-01-26 16:00,153.813,154.029,153.709,153.878
2026-01-26 17:00,153.882,154.112,153.858,153.971
2026-01-26 18:00,153.972,154.194,153.890,154.161
2026-01-26 19:00,154.159,154.275,154.020,154.039
2026-01-26 20:00,154.040,154.147,153.852,154.080
2026-01-26 21:00,154.087,154.261,154.053,154.169
2026-01-26 22:00,154.176,154.265,154.079,154.164
2026-01-26 23:00,154.144,154.428,154.077,154.372
2026-01-27 00:00,154.386,154.450,154.114,154.288
2026-01-27 01:00,154.288,154.409,154.231,154.339
2026-01-27 02:00,154.347,154.365,154.077,154.259
2026-01-27 03:00,154.256,154.469,154.231,154.417
2026-01-27 04:00,154.416,154.624,154.404,154.594
2026-01-27 05:00,154.595,154.642,154.424,154.502
2026-01-27 06:00,154.502,154.612,154.362,154.533
2026-01-27 07:00,154.531,154.765,154.459,154.731
2026-01-27 08:00,154.733,154.878,154.631,154.697
2026-01-27 09:00,154.703,154.735,153.160,153.738
2026-01-27 10:00,153.742,154.193,153.545,153.731
2026-01-27 11:00,153.743,153.765,153.554,153.727
2026-01-27 12:00,153.729,153.793,153.251,153.306
2026-01-27 13:00,153.304,153.423,152.983,153.251
2026-01-27 14:00,153.248,153.375,152.920,153.209
2026-01-27 15:00,153.222,153.339,152.866,153.236
2026-01-27 16:00,153.243,153.267,152.938,153.041
2026-01-27 17:00,153.040,153.151,152.601,152.766
2026-01-27 18:00,152.765,152.883,152.564,152.763
2026-01-27 19:00,152.763,152.840,152.696,152.710
2026-01-27 20:00,152.714,152.842,152.085,152.380
2026-01-27 21:00,152.377,152.483,152.134,152.194
2026-01-27 22:00,152.156,152.438,152.115,152.292
2026-01-27 23:00,152.294,152.623,152.215,152.433
2026-01-28 00:00,152.496,152.717,152.428,152.629
2026-01-28 01:00,152.637,152.995,152.589,152.987
2026-01-28 02:00,152.987,153.068,152.805,152.839
2026-01-28 03:00,152.837,152.842,152.642,152.720
2026-01-28 04:00,152.721,152.837,152.519,152.557
2026-01-28 05:00,152.553,152.736,152.467,152.627
2026-01-28 06:00,152.629,152.727,152.549,152.648
2026-01-28 07:00,152.642,152.734,152.271,152.648
2026-01-28 08:00,152.642,152.806,152.399,152.635
2026-01-28 09:00,152.637,152.765,152.554,152.711
2026-01-28 10:00,152.713,152.725,152.344,152.561
2026-01-28 11:00,152.561,152.724,152.542,152.603
2026-01-28 12:00,152.605,152.642,152.382,152.570
2026-01-28 13:00,152.566,152.917,152.537,152.847
2026-01-28 14:00,152.841,152.994,152.647,152.828
2026-01-28 15:00,152.828,153.736,152.762,153.459
2026-01-28 16:00,153.464,153.787,153.411,153.601
2026-01-28 17:00,153.597,153.757,153.519,153.522
2026-01-28 18:00,153.525,153.949,153.520,153.820
2026-01-28 19:00,153.820,154.047,153.456,153.489
2026-01-28 20:00,153.490,153.576,153.299,153.380
2026-01-28 21:00,153.381,153.465,153.290,153.401
2026-01-28 22:00,153.412,153.429,153.340,153.415
2026-01-28 23:00,153.418,153.422,153.023,153.106
2026-01-29 00:00,153.083,153.216,152.758,153.088
2026-01-29 01:00,153.093,153.356,153.065,153.253
2026-01-29 02:00,153.260,153.392,153.020,153.107
2026-01-29 03:00,153.114,153.183,152.897,152.920
2026-01-29 04:00,152.920,153.232,152.895,152.975
2026-01-29 05:00,152.968,153.092,152.898,153.020
2026-01-29 06:00,153.017,153.154,152.911,153.049
2026-01-29 07:00,153.051,153.422,152.980,153.308
2026-01-29 08:00,153.315,153.458,153.152,153.316
2026-01-29 09:00,153.314,153.383,153.133,153.312
2026-01-29 10:00,153.310,153.451,153.269,153.432
2026-01-29 11:00,153.436,153.537,153.371,153.462
2026-01-29 12:00,153.458,153.476,153.218,153.225
2026-01-29 13:00,153.220,153.405,153.168,153.327
2026-01-29 14:00,153.329,153.394,153.000,153.056
2026-01-29 15:00,153.072,153.514,152.673,152.806
2026-01-29 16:00,152.803,153.049,152.714,152.889
2026-01-29 17:00,152.891,152.971,152.796,152.902
2026-01-29 18:00,152.902,153.147,152.895,153.009
2026-01-29 19:00,153.015,153.170,153.005,153.070
2026-01-29 20:00,153.076,153.213,153.012,153.110
2026-01-29 21:00,153.113,153.175,153.048,153.113
2026-01-29 22:00,153.089,153.136,152.938,152.961
2026-01-29 23:00,152.972,153.188,152.856,153.173
2026-01-30 00:00,153.132,153.650,153.071,153.495
2026-01-30 01:00,153.502,153.792,153.451,153.753
2026-01-30 02:00,153.747,153.979,153.644,153.802
2026-01-30 03:00,153.805,153.970,153.761,153.945
2026-01-30 04:00,153.950,153.972,153.834,153.921
2026-01-30 05:00,153.923,154.139,153.764,153.912
2026-01-30 06:00,153.914,153.987,153.745,153.902
2026-01-30 07:00,153.899,154.056,153.707,153.800
2026-01-30 08:00,153.795,153.958,153.699,153.940
2026-01-30 09:00,153.942,154.285,153.922,154.267
2026-01-30 10:00,154.279,154.388,154.079,154.155
2026-01-30 11:00,154.166,154.174,153.846,153.857
2026-01-30 12:00,153.850,154.073,153.788,154.035
2026-01-30 13:00,154.029,154.375,153.970,154.366
2026-01-30 14:00,154.359,154.522,154.238,154.456
2026-01-30 15:00,154.465,154.761,154.448,154.747
2026-02-02 20:00,155.626,155.638,155.518,155.580
2026-02-02 21:00,155.577,155.621,155.518,155.619
2026-02-02 22:00,155.619,155.641,155.501,155.535
2026-02-02 23:00,155.517,155.599,155.407,155.475
2026-02-03 00:00,155.462,155.597,155.431,155.467
2026-02-03 01:00,155.464,155.618,155.403,155.462
2026-02-03 02:00,155.462,155.545,155.371,155.532
2026-02-03 03:00,155.528,155.556,155.394,155.466
2026-02-03 04:00,155.473,155.497,155.295,155.413
2026-02-03 05:00,155.410,155.474,155.329,155.431
2026-02-03 06:00,155.421,155.477,155.348,155.410
2026-02-03 07:00,155.411,155.526,155.296,155.403
2026-02-03 08:00,155.400,155.582,155.358,155.534
2026-02-03 09:00,155.533,155.877,155.502,155.866
2026-02-03 10:00,155.865,155.953,155.779,155.922
2026-02-03 11:00,155.917,155.984,155.866,155.951
2026-02-03 12:00,155.943,155.959,155.845,155.875
2026-02-03 13:00,155.867,155.894,155.763,155.883
2026-02-03 14:00,155.882,156.083,155.788,155.856
2026-02-03 15:00,155.864,155.933,155.697,155.707
2026-02-03 16:00,155.707,155.777,155.654,155.709
2026-02-03 17:00,155.704,155.731,155.518,155.713
2026-02-03 18:00,155.717,155.802,155.595,155.649
2026-02-03 19:00,155.644,155.804,155.639,155.768
2026-02-03 20:00,155.770,155.810,155.689,155.731
2026-02-03 21:00,155.730,155.787,155.687,155.725
2026-02-03 22:00,155.729,155.807,155.694,155.751
2026-02-03 23:00,155.730,155.856,155.677,155.795
2026-02-04 00:00,155.793,156.036,155.793,156.026
2026-02-04 01:00,156.019,156.187,156.009,156.133
2026-02-04 02:00,156.128,156.291,156.115,156.255
2026-02-04 03:00,156.255,156.392,156.239,156.314
2026-02-04 04:00,156.310,156.362,156.240,156.270
2026-02-04 05:00,156.270,156.353,156.228,156.298
2026-02-04 06:00,156.293,156.388,156.226,156.354
2026-02-04 07:00,156.348,156.467,156.311,156.418
2026-02-04 08:00,156.424,156.495,156.386,156.460
2026-02-04 09:00,156.466,156.668,156.388,156.644
2026-02-04 10:00,156.642,156.807,156.604,156.726
2026-02-04 11:00,156.726,156.854,156.707,156.818
2026-02-04 12:00,156.816,156.824,156.588,156.622
2026-02-04 13:00,156.619,156.763,156.453,156.471
2026-02-04 14:00,156.477,156.593,156.402,156.448
2026-02-04 15:00,156.441,156.707,156.340,156.647
2026-02-04 16:00,156.652,156.738,156.545,156.612
2026-02-04 17:00,156.612,156.694,156.454,156.664
2026-02-04 18:00,156.668,156.787,156.623,156.781
2026-02-04 19:00,156.770,156.893,156.734,156.819
2026-02-04 20:00,156.819,156.941,156.801,156.920
2026-02-04 21:00,156.918,156.947,156.816,156.828
2026-02-04 22:00,156.828,156.867,156.670,156.798
2026-02-04 23:00,156.814,156.941,156.775,156.895
2026-02-05 00:00,156.906,156.986,156.700,156.777
2026-02-05 01:00,156.778,156.944,156.775,156.853
2026-02-05 02:00,156.863,156.970,156.776,156.874
2026-02-05 03:00,156.872,156.915,156.676,156.796
2026-02-05 04:00,156.786,156.870,156.786,156.810
2026-02-05 05:00,156.808,156.988,156.806,156.971
2026-02-05 06:00,156.971,157.063,156.842,157.001
2026-02-05 07:00,157.010,157.199,156.909,157.091
2026-02-05 08:00,157.096,157.159,156.997,157.002
2026-02-05 09:00,157.000,157.337,156.993,157.322
2026-02-05 10:00,157.321,157.336,157.156,157.238
2026-02-05 11:00,157.238,157.281,157.114,157.139
2026-02-05 12:00,157.140,157.288,156.853,156.951
2026-02-05 13:00,156.951,156.952,156.524,156.594
2026-02-05 14:00,156.594,156.921,156.583,156.875
2026-02-05 15:00,156.864,156.881,156.538,156.835
2026-02-05 16:00,156.820,157.021,156.785,156.907
2026-02-05 17:00,156.907,156.935,156.794,156.807
2026-02-05 18:00,156.799,156.903,156.758,156.841
2026-02-05 19:00,156.841,156.910,156.788,156.898
2026-02-05 20:00,156.898,157.051,156.870,157.036
2026-02-05 21:00,157.036,157.095,156.986,157.050
2026-02-05 22:00,157.048,157.078,156.887,157.007
2026-02-05 23:00,156.986,157.053,156.705,156.794
2026-02-06 00:00,156.801,156.835,156.583,156.653
2026-02-06 01:00,156.649,156.790,156.504,156.652
2026-02-06 02:00,156.652,156.830,156.644,156.725
2026-02-06 03:00,156.733,156.771,156.672,156.729
2026-02-06 04:00,156.734,156.751,156.619,156.637
2026-02-06 05:00,156.647,156.769,156.583,156.751
2026-02-06 06:00,156.756,156.904,156.749,156.779
2026-02-06 07:00,156.778,156.888,156.664,156.858
2026-02-06 08:00,156.881,156.990,156.787,156.987
2026-02-06 09:00,156.981,157.074,156.966,157.042
2026-02-06 10:00,157.049,157.080,156.896,156.958
2026-02-06 11:00,156.951,157.156,156.943,157.037
2026-02-06 12:00,157.040,157.132,156.985,157.080
2026-02-06 13:00,157.070,157.126,156.894,156.925
2026-02-06 14:00,156.923,156.953,156.772,156.860
2026-02-06 15:00,156.843,157.113,156.827,156.828
2026-02-06 16:00,156.828,157.121,156.828,157.095
2026-02-06 17:00,157.096,157.132,156.985,157.045
2026-02-06 18:00,157.045,157.111,156.992,157.083
2026-02-06 19:00,157.077,157.137,157.064,157.095
2026-02-06 20:00,157.103,157.141,157.067,157.091
2026-02-06 21:00,157.097,157.271,157.086,157.184
2026-02-09 00:00,157.247,157.292,156.654,156.881
2026-02-09 01:00,156.876,156.906,156.204,156.631
2026-02-09 02:00,156.631,156.938,156.612,156.835
2026-02-09 03:00,156.834,156.915,156.761,156.859
2026-02-09 04:00,156.869,156.885,156.641,156.682
2026-02-09 05:00,156.682,156.710,156.512,156.608
2026-02-09 06:00,156.601,156.613,156.280,156.525
2026-02-09 07:00,156.524,156.684,156.282,156.592
2026-02-09 08:00,156.588,156.782,156.550,156.584
2026-02-09 09:00,156.590,156.701,156.390,156.634
2026-02-09 10:00,156.639,156.745,156.563,156.674
2026-02-09 11:00,156.674,156.750,156.402,156.458
2026-02-09 12:00,156.461,156.557,156.326,156.379
2026-02-09 13:00,156.372,156.392,155.903,155.925
2026-02-09 14:00,155.927,155.943,155.514,155.604
2026-02-09 15:00,155.608,155.889,155.562,155.846
2026-02-09 16:00,155.846,156.144,155.826,156.083
2026-02-09 17:00,156.083,156.136,155.949,155.964
2026-02-09 18:00,155.954,156.032,155.894,155.901
2026-02-09 19:00,155.901,155.944,155.634,155.709
2026-02-09 20:00,155.715,155.885,155.702,155.876
2026-02-09 21:00,155.870,155.929,155.841,155.877
2026-02-09 22:00,155.861,156.069,155.727,155.825
2026-02-09 23:00,155.825,156.148,155.804,156.125
2026-02-10 00:00,156.126,156.294,155.958,155.984
2026-02-10 01:00,155.975,156.059,155.666,155.722
2026-02-10 02:00,155.722,155.836,155.358,155.369
2026-02-10 03:00,155.362,155.398,155.142,155.319
2026-02-10 04:00,155.331,155.365,155.129,155.251
2026-02-10 05:00,155.262,155.324,155.079,155.300
2026-02-10 06:00,155.302,155.449,155.271,155.411
2026-02-10 07:00,155.403,155.611,155.278,155.554
2026-02-10 08:00,155.561,155.633,155.483,155.549
2026-02-10 09:00,155.544,155.554,155.241,155.277
2026-02-10 10:00,155.277,155.286,155.040,155.129
2026-02-10 11:00,155.139,155.303,155.099,155.271
2026-02-10 12:00,155.262,155.306,155.054,155.169
2026-02-10 13:00,155.175,155.231,154.721,154.758
2026-02-10 14:00,154.754,154.794,154.206,154.383
2026-02-10 15:00,154.383,154.463,154.061,154.211
2026-02-10 16:00,154.208,154.327,154.047,154.278
2026-02-10 17:00,154.285,154.420,154.146,154.380
2026-02-10 18:00,154.374,154.546,154.359,154.494
2026-02-10 19:00,154.502,154.587,154.293,154.310
2026-02-10 20:00,154.311,154.369,154.238,154.342
2026-02-10 21:00,154.339,154.433,154.309,154.382
2026-02-10 22:00,154.383,154.420,154.263,154.379
2026-02-10 23:00,154.356,154.508,154.347,154.485
2026-02-11 00:00,154.497,154.517,153.986,154.048
2026-02-11 01:00,154.042,154.065,153.828,153.968
2026-02-11 02:00,153.968,153.980,153.605,153.608
2026-02-11 03:00,153.609,153.733,153.540,153.552
2026-02-11 04:00,153.555,153.583,153.255,153.316
2026-02-11 05:00,153.306,153.392,152.987,153.034
2026-02-11 06:00,153.032,153.183,152.792,153.143
2026-02-11 07:00,153.135,153.324,153.075,153.103
2026-02-11 08:00,153.099,153.314,153.016,153.140
2026-02-11 09:00,153.140,153.405,153.099,153.200
2026-02-11 10:00,153.200,153.331,153.169,153.302
2026-02-11 11:00,153.302,153.523,153.302,153.487
2026-02-11 12:00,153.486,153.662,153.459,153.590
2026-02-11 13:00,153.593,154.654,152.822,153.828
2026-02-11 14:00,153.831,153.963,153.333,153.446
2026-02-11 15:00,153.448,153.688,153.164,153.613
2026-02-11 16:00,153.613,153.685,152.922,152.927
2026-02-11 17:00,152.937,153.024,152.543,152.828
2026-02-11 18:00,152.825,152.962,152.556,152.700
2026-02-11 19:00,152.710,152.945,152.700,152.936
2026-02-11 20:00,152.936,153.253,152.913,153.214
2026-02-11 21:00,153.214,153.312,153.191,153.236
2026-02-11 22:00,153.235,153.267,153.031,153.100
2026-02-11 23:00,153.099,153.283,153.062,153.269
2026-02-12 00:00,153.258,153.448,153.082,153.110
2026-02-12 01:00,153.101,153.161,152.785,152.845
2026-02-12 02:00,152.853,152.895,152.513,152.541
2026-02-12 03:00,152.534,152.642,152.259,152.555
2026-02-12 04:00,152.552,152.857,152.421,152.855
2026-02-12 05:00,152.848,153.191,152.813,153.095
2026-02-12 06:00,153.096,153.549,152.938,153.313
2026-02-12 07:00,153.298,153.355,152.851,153.035
2026-02-12 08:00,153.033,153.067,152.803,152.915
2026-02-12 09:00,152.909,153.015,152.793,152.914
2026-02-12 10:00,152.911,153.118,152.890,153.118
2026-02-12 11:00,153.110,153.333,153.028,153.312
2026-02-12 12:00,153.307,153.758,153.269,153.661
2026-02-12 13:00,153.668,153.724,153.216,153.266
2026-02-12 14:00,153.257,153.398,152.948,153.021
2026-02-12 15:00,153.020,153.063,152.618,152.645
2026-02-12 16:00,152.639,152.820,152.359,152.650
2026-02-12 17:00,152.654,152.888,152.540,152.845
2026-02-12 18:00,152.853,152.973,152.740,152.922
2026-02-12 19:00,152.929,152.990,152.866,152.897
2026-02-12 20:00,152.897,152.927,152.678,152.681
2026-02-12 21:00,152.686,152.788,152.657,152.728
2026-02-12 22:00,152.728,152.794,152.627,152.665
2026-02-12 23:00,152.685,152.875,152.645,152.773
2026-02-13 00:00,152.794,152.961,152.723,152.758
2026-02-13 01:00,152.762,153.347,152.751,153.264
2026-02-13 02:00,153.264,153.312,153.041,153.145
2026-02-13 03:00,153.156,153.160,152.836,152.952
2026-02-13 04:00,152.941,153.256,152.837,153.239
2026-02-13 05:00,153.248,153.396,153.059,153.293
2026-02-13 06:00,153.285,153.413,153.106,153.397
2026-02-13 07:00,153.388,153.596,153.313,153.396
2026-02-13 08:00,153.390,153.652,153.356,153.581
2026-02-13 09:00,153.572,153.667,153.442,153.507
2026-02-13 10:00,153.500,153.591,153.430,153.447
2026-02-13 11:00,153.448,153.469,153.224,153.351
2026-02-13 12:00,153.359,153.397,153.230,153.244
2026-02-13 13:00,153.248,153.338,152.902,153.070
2026-02-13 14:00,153.066,153.124,152.777,153.043
2026-02-13 15:00,153.040,153.151,152.898,153.131
2026-02-13 16:00,153.128,153.226,152.732,152.781
2026-02-13 17:00,152.790,152.871,152.585,152.804
2026-02-13 18:00,152.802,152.889,152.750,152.824
2026-02-13 19:00,152.833,152.858,152.720,152.780
2026-02-13 20:00,152.770,152.839,152.656,152.755
2026-02-13 21:00,152.758,152.766,152.613,152.621
2026-02-16 00:00,152.800,153.112,152.755,153.098
2026-02-16 01:00,153.094,153.164,152.956,153.013
2026-02-16 02:00,153.013,153.114,152.961,153.008
2026-02-16 03:00,153.006,153.104,152.987,153.059
2026-02-16 04:00,153.066,153.250,152.978,153.236
2026-02-16 05:00,153.227,153.245,153.136,153.196
2026-02-16 06:00,153.197,153.226,153.070,153.132
2026-02-16 07:00,153.127,153.389,153.124,153.337
2026-02-16 08:00,153.335,153.460,153.207,153.337
2026-02-16 09:00,153.336,153.615,153.288,153.573
2026-02-16 10:00,153.572,153.637,153.509,153.522
2026-02-16 11:00,153.517,153.552,153.350,153.363
2026-02-16 12:00,153.371,153.414,153.315,153.365
2026-02-16 13:00,153.370,153.450,153.289,153.329
2026-02-16 14:00,153.327,153.394,153.244,153.353
2026-02-16 15:00,153.349,153.481,153.294,153.461
2026-02-16 16:00,153.457,153.572,153.397,153.484
2026-02-16 17:00,153.487,153.564,153.449,153.471
2026-02-16 18:00,153.470,153.520,153.450,153.504
2026-02-16 19:00,153.505,153.529,153.464,153.477
2026-02-16 20:00,153.477,153.505,153.445,153.503
2026-02-16 21:00,153.494,153.538,153.404,153.404
2026-02-16 22:00,153.421,153.523,153.362,153.510
2026-02-16 23:00,153.471,153.757,153.471,153.551
2026-02-17 00:00,153.551,153.585,153.157,153.178
2026-02-17 01:00,153.182,153.397,153.120,153.142
2026-02-17 02:00,153.136,153.261,153.044,153.133
2026-02-17 03:00,153.127,153.184,153.015,153.170
2026-02-17 04:00,153.177,153.223,152.983,153.088
2026-02-17 05:00,153.079,153.152,152.890,152.956
2026-02-17 06:00,152.947,152.969,152.832,152.955
2026-02-17 07:00,152.947,153.110,152.820,153.076
2026-02-17 08:00,153.078,153.180,152.715,152.718
2026-02-17 09:00,152.723,152.945,152.691,152.899
2026-02-17 10:00,152.898,153.095,152.841,152.983
2026-02-17 11:00,152.985,153.182,152.945,153.128
2026-02-17 12:00,153.123,153.185,153.052,153.062
2026-02-17 13:00,153.056,153.391,153.013,153.267
2026-02-17 14:00,153.267,153.529,153.259,153.453
2026-02-17 15:00,153.446,153.924,153.442,153.799
2026-02-17 16:00,153.797,153.847,153.486,153.569
2026-02-17 17:00,153.565,153.583,153.427,153.471
2026-02-17 18:00,153.465,153.480,153.298,153.346
2026-02-17 19:00,153.347,153.398,153.220,153.251
2026-02-17 20:00,153.247,153.302,153.178,153.275
2026-02-17 21:00,153.282,153.343,153.216,153.343
2026-02-17 22:00,153.299,153.316,153.148,153.253
2026-02-17 23:00,153.250,153.304,153.096,153.129
2026-02-18 00:00,153.120,153.304,153.060,153.221
2026-02-18 01:00,153.221,153.464,153.218,153.438
2026-02-18 02:00,153.430,153.702,153.430,153.509
2026-02-18 03:00,153.511,153.604,153.457,153.598
2026-02-18 04:00,153.594,153.620,153.503,153.601
2026-02-18 05:00,153.591,153.615,153.445,153.456
2026-02-18 06:00,153.454,153.531,153.384,153.409
2026-02-18 07:00,153.409,153.715,153.407,153.671
2026-02-18 08:00,153.665,153.790,153.567,153.712
2026-02-18 09:00,153.717,153.798,153.634,153.722
2026-02-18 10:00,153.720,153.857,153.688,153.802
2026-02-18 11:00,153.810,153.816,153.645,153.712
2026-02-18 12:00,153.697,153.802,153.545,153.684
2026-02-18 13:00,153.678,153.947,153.607,153.944
2026-02-18 14:00,153.937,154.443,153.908,154.379
2026-02-18 15:00,154.379,154.435,154.239,154.279
2026-02-18 16:00,154.283,154.489,154.225,154.445
2026-02-18 17:00,154.448,154.606,154.407,154.523
2026-02-18 18:00,154.531,154.795,154.514,154.739
2026-02-18 19:00,154.698,154.870,154.342,154.715
2026-02-18 20:00,154.716,154.837,154.695,154.807
2026-02-18 21:00,154.804,154.853,154.764,154.782
2026-02-18 22:00,154.781,154.795,154.693,154.716
2026-02-18 23:00,154.716,154.796,154.685,154.694
2026-02-19 00:00,154.683,154.837,154.607,154.725
2026-02-19 01:00,154.729,154.982,154.647,154.946
2026-02-19 02:00,154.945,155.046,154.749,154.988
2026-02-19 03:00,154.987,155.262,154.919,155.133
2026-02-19 04:00,155.134,155.294,155.092,155.113
2026-02-19 05:00,155.116,155.330,155.094,155.303
2026-02-19 06:00,155.304,155.344,154.955,155.072
2026-02-19 07:00,155.060,155.193,154.925,154.969
2026-02-19 08:00,154.970,155.027,154.698,154.807
2026-02-19 09:00,154.814,154.978,154.746,154.809
2026-02-19 10:00,154.800,154.855,154.654,154.698
2026-02-19 11:00,154.697,154.723,154.567,154.623
2026-02-19 12:00,154.626,154.814,154.532,154.798
2026-02-19 13:00,154.799,155.042,154.785,154.913
2026-02-19 14:00,154.917,155.284,154.888,155.212
2026-02-19 15:00,155.208,155.265,154.948,154.990
2026-02-19 16:00,154.991,155.012,154.850,154.961
2026-02-19 17:00,154.962,155.032,154.914,155.014
2026-02-19 18:00,155.011,155.029,154.823,154.875
2026-02-19 19:00,154.870,155.130,154.823,155.080
2026-02-19 20:00,155.079,155.123,154.997,155.078
2026-02-19 21:00,155.086,155.105,154.939,155.020
2026-02-19 22:00,154.981,155.047,154.847,154.891
2026-02-19 23:00,154.945,155.211,154.890,155.160
2026-02-20 00:00,155.193,155.237,154.885,155.063
2026-02-20 01:00,155.063,155.316,154.956,155.132
2026-02-20 02:00,155.132,155.237,155.048,155.194
2026-02-20 03:00,155.198,155.212,155.085,155.135
2026-02-20 04:00,155.139,155.225,155.063,155.204
2026-02-20 05:00,155.201,155.366,155.166,155.293
2026-02-20 06:00,155.285,155.375,155.138,155.162
2026-02-20 07:00,155.151,155.505,154.939,155.495
2026-02-20 08:00,155.487,155.599,155.285,155.554
2026-02-20 09:00,155.554,155.643,155.356,155.386
2026-02-20 10:00,155.395,155.436,155.147,155.169
2026-02-20 11:00,155.173,155.275,155.118,155.217
2026-02-20 12:00,155.219,155.317,155.169,155.251
2026-02-20 13:00,155.243,155.448,155.021,155.410
2026-02-20 14:00,155.410,155.537,155.313,155.383
2026-02-20 15:00,155.357,155.531,154.761,154.842
2026-02-20 16:00,154.851,155.095,154.706,154.981
2026-02-20 17:00,154.991,155.206,154.928,154.989
2026-02-20 18:00,154.995,155.079,154.803,155.015
2026-02-20 19:00,155.018,155.187,154.954,155.129
2026-02-20 20:00,155.122,155.165,154.973,155.057
2026-02-20 21:00,155.059,155.079,154.939,154.989
2026-02-23 00:00,154.340,154.473,154.045,154.055
2026-02-23 01:00,154.051,154.283,153.988,154.208
2026-02-23 02:00,154.207,154.275,154.065,154.208
2026-02-23 03:00,154.211,154.432,154.209,154.261
2026-02-23 04:00,154.260,154.445,154.215,154.389
2026-02-23 05:00,154.385,154.490,154.376,154.429
2026-02-23 06:00,154.427,154.494,154.217,154.469
2026-02-23 07:00,154.457,154.609,154.447,154.474
2026-02-23 08:00,154.477,154.783,154.448,154.710
2026-02-23 09:00,154.710,154.864,154.615,154.806
2026-02-23 10:00,154.811,154.892,154.747,154.785
2026-02-23 11:00,154.781,154.947,154.747,154.923
2026-02-23 12:00,154.915,155.044,154.842,154.900
2026-02-23 13:00,154.890,154.951,154.558,154.620
2026-02-23 14:00,154.613,154.825,154.535,154.545
2026-02-23 15:00,154.545,154.554,154.346,154.417
2026-02-23 16:00,154.422,154.476,154.265,154.303
2026-02-23 17:00,154.293,154.414,154.214,154.383
2026-02-23 18:00,154.389,154.646,154.380,154.487
2026-02-23 19:00,154.487,154.667,154.474,154.618
2026-02-23 20:00,154.611,154.723,154.595,154.706
2026-02-23 21:00,154.703,154.766,154.604,154.628
2026-02-23 22:00,154.631,154.636,154.538,154.594
2026-02-23 23:00,154.573,154.703,154.514,154.671
2026-02-24 00:00,154.662,154.872,154.615,154.860
2026-02-24 01:00,154.859,155.137,154.840,154.972
2026-02-24 02:00,154.962,155.108,154.863,154.912
2026-02-24 03:00,154.906,155.121,154.855,155.117
2026-02-24 04:00,155.116,155.312,155.061,155.240
2026-02-24 05:00,155.236,155.308,155.156,155.164
2026-02-24 06:00,155.163,155.192,154.963,154.965
2026-02-24 07:00,154.973,156.168,154.936,156.088
2026-02-24 08:00,156.100,156.281,155.899,155.948
2026-02-24 09:00,155.945,155.978,155.724,155.847
2026-02-24 10:00,155.850,155.933,155.736,155.887
2026-02-24 11:00,155.886,155.949,155.671,155.879
2026-02-24 12:00,155.871,156.021,155.825,155.874
2026-02-24 13:00,155.874,156.093,155.763,156.049
2026-02-24 14:00,156.056,156.174,155.911,155.968
2026-02-24 15:00,155.969,156.106,155.805,155.905
2026-02-24 16:00,155.908,155.933,155.576,155.663
2026-02-24 17:00,155.655,155.782,155.618,155.748
2026-02-24 18:00,155.751,155.802,155.684,155.773
2026-02-24 19:00,155.771,155.818,155.697,155.775
2026-02-24 20:00,155.775,155.883,155.733,155.879
2026-02-24 21:00,155.876,155.926,155.781,155.781
2026-02-24 22:00,155.822,155.883,155.762,155.810
2026-02-24 23:00,155.810,155.905,155.765,155.898
2026-02-25 00:00,155.909,155.993,155.658,155.671
2026-02-25 01:00,155.659,155.840,155.611,155.773
2026-02-25 02:00,155.765,155.806,155.385,155.466
2026-02-25 03:00,155.456,156.044,155.333,155.811
2026-02-25 04:00,155.812,156.043,155.690,155.727
2026-02-25 05:00,155.730,155.797,155.564,155.584
2026-02-25 06:00,155.584,155.796,155.519,155.705
2026-02-25 07:00,155.705,155.925,155.681,155.913
2026-02-25 08:00,155.921,156.301,155.903,156.292
2026-02-25 09:00,156.297,156.662,156.297,156.550
2026-02-25 10:00,156.551,156.780,156.535,156.770
2026-02-25 11:00,156.764,156.824,156.721,156.789
2026-02-25 12:00,156.789,156.800,156.647,156.680
2026-02-25 13:00,156.676,156.747,156.581,156.697
2026-02-25 14:00,156.685,156.760,156.436,156.612
2026-02-25 15:00,156.606,156.614,156.326,156.371
2026-02-25 16:00,156.361,156.474,156.297,156.301
2026-02-25 17:00,156.298,156.373,156.231,156.320
2026-02-25 18:00,156.323,156.411,156.273,156.393
2026-02-25 19:00,156.392,156.540,156.362,156.439
2026-02-25 20:00,156.438,156.456,156.336,156.443
2026-02-25 21:00,156.433,156.484,156.331,156.344
2026-02-25 22:00,156.356,156.439,156.214,156.258
2026-02-25 23:00,156.298,156.332,156.108,156.179
2026-02-26 00:00,156.166,156.233,155.953,155.990
2026-02-26 01:00,155.984,156.055,155.802,155.825
2026-02-26 02:00,155.820,156.051,155.744,155.928
2026-02-26 03:00,155.935,155.997,155.792,155.941
2026-02-26 04:00,155.931,156.100,155.877,155.900
2026-02-26 05:00,155.893,155.971,155.690,155.940
2026-02-26 06:00,155.936,156.073,155.885,155.979
2026-02-26 07:00,155.970,156.173,155.970,156.042
2026-02-26 08:00,156.052,156.175,155.910,155.993
2026-02-26 09:00,156.000,156.089,155.909,156.062
2026-02-26 10:00,156.064,156.100,155.947,155.951
2026-02-26 11:00,155.951,156.084,155.916,156.077
2026-02-26 12:00,156.071,156.151,155.977,156.064
2026-02-26 13:00,156.064,156.175,155.937,156.160
2026-02-26 14:00,156.153,156.251,155.822,155.925
2026-02-26 15:00,155.920,156.126,155.835,156.031
2026-02-26 16:00,156.036,156.275,156.031,156.124
2026-02-26 17:00,156.124,156.400,156.113,156.389
2026-02-26 18:00,156.383,156.432,156.283,156.378
2026-02-26 19:00,156.380,156.391,156.108,156.125
2026-02-26 20:00,156.130,156.149,156.058,156.130
2026-02-26 21:00,156.132,156.150,156.047,156.124
2026-02-26 22:00,156.108,156.187,156.009,156.092
2026-02-26 23:00,156.085,156.103,155.817,155.877
2026-02-27 00:00,155.851,155.976,155.651,155.887
2026-02-27 01:00,155.878,155.988,155.695,155.982
2026-02-27 02:00,155.977,155.983,155.727,155.736
2026-02-27 03:00,155.737,155.818,155.687,155.773
2026-02-27 04:00,155.765,155.836,155.527,155.587
2026-02-27 05:00,155.584,155.834,155.570,155.824
2026-02-27 06:00,155.824,155.955,155.768,155.873
2026-02-27 07:00,155.873,156.124,155.873,156.078
2026-02-27 08:00,156.078,156.175,155.953,156.131
2026-02-27 09:00,156.135,156.234,156.048,156.068
2026-02-27 10:00,156.072,156.087,155.917,155.973
2026-02-27 11:00,155.976,156.002,155.856,155.900
2026-02-27 12:00,155.909,155.954,155.825,155.885
2026-02-27 13:00,155.885,156.183,155.880,156.165
2026-02-27 14:00,156.164,156.226,155.920,156.172
2026-02-27 15:00,156.171,156.208,155.946,156.061
2026-02-27 16:00,156.070,156.143,155.957,156.051
2026-02-27 17:00,156.051,156.131,155.909,156.046
2026-02-27 18:00,156.051,156.098,155.984,156.007
2026-02-27 19:00,156.014,156.025,155.879,156.020
2026-02-27 20:00,156.011,156.178,155.954,156.173
2026-02-27 21:00,156.166,156.193,156.013,156.017
2026-02-27 22:00,156.035,156.035,156.035,156.035
2026-03-02 00:00,156.622,156.806,156.317,156.392
2026-03-02 01:00,156.395,156.602,156.203,156.219
2026-03-02 02:00,156.212,156.443,156.163,156.273
2026-03-02 03:00,156.273,156.341,156.148,156.319
2026-03-02 04:00,156.316,156.586,156.276,156.513
2026-03-02 05:00,156.519,156.859,156.513,156.833
2026-03-02 06:00,156.823,157.017,156.809,156.878
2026-03-02 07:00,156.888,157.038,156.877,156.981
2026-03-02 08:00,156.971,157.251,156.889,156.967
2026-03-02 09:00,156.973,157.023,156.790,157.007
2026-03-02 10:00,157.000,157.016,156.791,156.916
2026-03-02 11:00,156.912,157.007,156.851,156.959
2026-03-02 12:00,156.953,157.406,156.950,157.377
2026-03-02 13:00,157.374,157.605,157.342,157.508
2026-03-02 14:00,157.516,157.568,157.405,157.486
2026-03-02 15:00,157.436,157.753,157.436,157.727
2026-03-02 16:00,157.726,157.752,157.364,157.487
2026-03-02 17:00,157.478,157.496,157.330,157.360
2026-03-02 18:00,157.354,157.492,157.324,157.374
2026-03-02 19:00,157.375,157.378,157.113,157.152
2026-03-02 20:00,157.145,157.494,157.108,157.348
2026-03-02 21:00,157.347,157.402,157.271,157.362
2026-03-02 22:00,157.355,157.447,157.244,157.354
2026-03-02 23:00,157.373,157.408,157.165,157.246
2026-03-03 00:00,157.264,157.515,157.185,157.483
2026-03-03 01:00,157.473,157.598,157.275,157.290
2026-03-03 02:00,157.281,157.391,157.167,157.241
2026-03-03 03:00,157.241,157.385,157.190,157.277
2026-03-03 04:00,157.273,157.419,157.189,157.398
2026-03-03 05:00,157.391,157.435,157.259,157.392
2026-03-03 06:00,157.386,157.486,157.201,157.216
2026-03-03 07:00,157.219,157.455,157.141,157.409
2026-03-03 08:00,157.406,157.583,157.295,157.504
2026-03-03 09:00,157.504,157.821,157.453,157.662
2026-03-03 10:00,157.664,157.850,157.593,157.832
2026-03-03 11:00,157.831,157.969,157.663,157.682
2026-03-03 12:00,157.671,157.769,157.491,157.641
2026-03-03 13:00,157.641,157.820,157.607,157.795
2026-03-03 14:00,157.795,157.954,157.708,157.708
2026-03-03 15:00,157.710,157.915,157.588,157.838
2026-03-03 16:00,157.838,157.924,157.601,157.690
2026-03-03 17:00,157.687,157.866,157.667,157.827
2026-03-03 18:00,157.833,157.847,157.489,157.642
2026-03-03 19:00,157.648,157.821,157.463,157.669
2026-03-03 20:00,157.667,157.675,157.475,157.654
2026-03-03 21:00,157.654,157.755,157.627,157.696
2026-03-03 22:00,157.697,157.702,157.410,157.521
2026-03-03 23:00,157.555,157.793,157.513,157.790
2026-03-04 00:00,157.763,157.861,157.474,157.532
2026-03-04 01:00,157.538,157.766,157.528,157.591
2026-03-04 02:00,157.585,157.615,157.467,157.602
2026-03-04 03:00,157.591,157.643,157.358,157.405
2026-03-04 04:00,157.395,157.424,157.167,157.373
2026-03-04 05:00,157.372,157.630,157.342,157.568
2026-03-04 06:00,157.557,157.655,157.371,157.429
2026-03-04 07:00,157.422,157.481,157.247,157.464
2026-03-04 08:00,157.463,157.537,157.248,157.401
2026-03-04 09:00,157.393,157.465,157.081,157.201
2026-03-04 10:00,157.192,157.329,156.843,157.279
2026-03-04 11:00,157.284,157.349,157.059,157.222
2026-03-04 12:00,157.217,157.342,157.029,157.304
2026-03-04 13:00,157.311,157.322,157.080,157.287
2026-03-04 14:00,157.293,157.415,157.229,157.234
2026-03-04 15:00,157.254,157.395,157.095,157.111
2026-03-04 16:00,157.120,157.121,156.885,156.938
2026-03-04 17:00,156.936,157.034,156.875,156.970
2026-03-04 18:00,156.965,157.169,156.965,157.155
2026-03-04 19:00,157.161,157.161,156.963,157.002
2026-03-04 20:00,156.998,157.105,156.960,157.079
2026-03-04 21:00,157.087,157.116,156.994,157.032
2026-03-04 22:00,157.022,157.090,156.953,157.003
2026-03-04 23:00,157.007,157.092,156.948,156.977
2026-03-05 00:00,156.969,157.010,156.531,156.569
2026-03-05 01:00,156.561,156.769,156.442,156.763
2026-03-05 02:00,156.764,156.961,156.710,156.944
2026-03-05 03:00,156.948,157.081,156.884,156.989
2026-03-05 04:00,156.983,157.148,156.981,157.112
2026-03-05 05:00,157.120,157.215,156.966,157.187
2026-03-05 06:00,157.183,157.252,156.952,157.037
2026-03-05 07:00,157.031,157.288,156.952,157.252
2026-03-05 08:00,157.257,157.375,157.167,157.273
2026-03-05 09:00,157.270,157.308,156.889,157.153
2026-03-05 10:00,157.156,157.296,157.101,157.285
2026-03-05 11:00,157.292,157.363,157.234,157.347
2026-03-05 12:00,157.345,157.498,157.282,157.438
2026-03-05 13:00,157.442,157.780,157.424,157.759
2026-03-05 14:00,157.754,157.772,157.518,157.562
2026-03-05 15:00,157.554,157.780,157.382,157.626
2026-03-05 16:00,157.614,157.798,157.529,157.571
2026-03-05 17:00,157.570,157.845,157.544,157.686
2026-03-05 18:00,157.683,157.848,157.627,157.729
2026-03-05 19:00,157.723,157.852,157.680,157.820
2026-03-05 20:00,157.809,157.852,157.406,157.552
2026-03-05 21:00,157.554,157.609,157.465,157.577
2026-03-05 22:00,157.538,157.640,157.409,157.500
2026-03-05 23:00,157.500,157.604,157.442,157.545
2026-03-06 00:00,157.563,157.566,157.369,157.453
2026-03-06 01:00,157.463,157.589,157.407,157.472
2026-03-06 02:00,157.480,157.546,157.439,157.498
2026-03-06 03:00,157.499,157.512,157.458,157.483
2026-03-06 04:00,157.483,157.684,157.482,157.664
2026-03-06 05:00,157.659,157.874,157.631,157.841
2026-03-06 06:00,157.834,157.900,157.712,157.725
2026-03-06 07:00,157.721,157.769,157.526,157.527
2026-03-06 08:00,157.533,157.662,157.494,157.648
2026-03-06 09:00,157.653,157.891,157.643,157.848
2026-03-06 10:00,157.848,157.898,157.751,157.875
2026-03-06 11:00,157.866,157.991,157.823,157.949
2026-03-06 12:00,157.942,158.085,157.839,157.991
2026-03-06 13:00,158.001,158.003,157.352,157.865
2026-03-06 14:00,157.868,158.088,157.633,157.665
2026-03-06 15:00,157.658,157.771,157.534,157.583
2026-03-06 16:00,157.583,157.716,157.503,157.639
2026-03-06 17:00,157.630,157.853,157.588,157.796
2026-03-06 18:00,157.800,157.874,157.603,157.806
2026-03-06 19:00,157.807,157.876,157.738,157.868
2026-03-06 20:00,157.866,157.961,157.827,157.900
2026-03-06 21:00,157.900,157.910,157.759,157.787
2026-03-09 00:00,158.400,158.694,158.299,158.645
2026-03-09 01:00,158.640,158.735,158.560,158.692
2026-03-09 02:00,158.685,158.760,158.626,158.703
2026-03-09 03:00,158.699,158.898,158.652,158.860
2026-03-09 04:00,158.854,158.869,158.649,158.720
2026-03-09 05:00,158.710,158.772,158.315,158.370
2026-03-09 06:00,158.364,158.643,158.350,158.620
2026-03-09 07:00,158.611,158.656,158.393,158.452
2026-03-09 08:00,158.459,158.687,158.348,158.625
2026-03-09 09:00,158.629,158.647,158.179,158.424
2026-03-09 10:00,158.426,158.575,158.348,158.450
2026-03-09 11:00,158.455,158.507,158.356,158.468
2026-03-09 12:00,158.463,158.598,158.342,158.570
2026-03-09 13:00,158.565,158.582,158.178,158.322
2026-03-09 14:00,158.314,158.544,158.285,158.384
2026-03-09 15:00,158.380,158.396,157.990,158.081
2026-03-09 16:00,158.083,158.224,157.962,158.129
2026-03-09 17:00,158.135,158.347,158.107,158.337
2026-03-09 18:00,158.337,158.409,158.233,158.395
2026-03-09 19:00,158.397,158.415,157.633,157.856
2026-03-09 20:00,157.856,157.918,157.584,157.648
2026-03-09 21:00,157.630,157.758,157.608,157.677
2026-03-09 22:00,157.651,157.903,157.611,157.808
2026-03-09 23:00,157.808,157.954,157.746,157.858
2026-03-10 00:00,157.873,157.948,157.552,157.589
2026-03-10 01:00,157.590,157.773,157.522,157.614
2026-03-10 02:00,157.623,157.822,157.589,157.811
2026-03-10 03:00,157.810,157.918,157.792,157.888
2026-03-10 04:00,157.878,157.930,157.753,157.773
2026-03-10 05:00,157.768,157.786,157.614,157.628
2026-03-10 06:00,157.634,157.651,157.460,157.544
2026-03-10 07:00,157.542,157.618,157.262,157.297
2026-03-10 08:00,157.298,157.713,157.290,157.696
2026-03-10 09:00,157.692,157.722,157.537,157.660
2026-03-10 10:00,157.660,157.894,157.653,157.765
2026-03-10 11:00,157.757,157.839,157.622,157.794
2026-03-10 12:00,157.795,157.976,157.754,157.800
2026-03-10 13:00,157.805,157.867,157.648,157.832
2026-03-10 14:00,157.834,157.915,157.635,157.683
2026-03-10 15:00,157.691,157.762,157.541,157.597
2026-03-10 16:00,157.595,157.706,157.519,157.564
2026-03-10 17:00,157.569,157.651,157.390,157.598
2026-03-10 18:00,157.599,157.981,157.585,157.870
2026-03-10 19:00,157.868,158.132,157.839,158.028
2026-03-10 20:00,158.031,158.088,157.966,158.035
2026-03-10 21:00,158.035,158.094,157.989,158.087
2026-03-10 22:00,158.093,158.179,158.029,158.160
2026-03-10 23:00,158.154,158.184,158.044,158.132
2026-03-11 00:00,158.097,158.223,157.909,158.187
2026-03-11 01:00,158.190,158.334,158.170,158.270
2026-03-11 02:00,158.274,158.392,158.215,158.290
2026-03-11 03:00,158.288,158.306,158.162,158.195
2026-03-11 04:00,158.194,158.255,158.090,158.098
2026-03-11 05:00,158.102,158.182,158.056,158.165
2026-03-11 06:00,158.165,158.176,157.850,157.987
2026-03-11 07:00,157.995,158.274,157.955,158.216
2026-03-11 08:00,158.221,158.444,158.187,158.390
2026-03-11 09:00,158.397,158.489,158.338,158.464
2026-03-11 10:00,158.474,158.486,158.243,158.280
2026-03-11 11:00,158.283,158.502,158.239,158.499
2026-03-11 12:00,158.498,158.627,158.290,158.609
2026-03-11 13:00,158.606,158.648,158.469,158.472
2026-03-11 14:00,158.471,158.695,158.299,158.687
2026-03-11 15:00,158.684,158.853,158.668,158.823
2026-03-11 16:00,158.830,158.863,158.760,158.828
2026-03-11 17:00,158.828,158.977,158.808,158.838
2026-03-11 18:00,158.838,158.941,158.830,158.919
2026-03-11 19:00,158.922,158.968,158.902,158.940
2026-03-11 20:00,158.946,158.969,158.903,158.943
2026-03-11 21:00,158.927,158.944,158.766,158.839
2026-03-11 22:00,158.854,158.994,158.822,158.984
2026-03-11 23:00,158.982,159.131,158.933,159.074
2026-03-12 00:00,159.084,159.235,158.921,158.975
2026-03-12 01:00,158.968,158.982,158.775,158.857
2026-03-12 02:00,158.854,159.110,158.829,159.052
2026-03-12 03:00,159.047,159.067,158.967,159.019
2026-03-12 04:00,159.019,159.155,159.000,159.123
2026-03-12 05:00,159.123,159.125,158.964,159.111
2026-03-12 06:00,159.105,159.114,158.875,158.896
2026-03-12 07:00,158.898,158.997,158.775,158.794
2026-03-12 08:00,158.793,158.941,158.664,158.878
2026-03-12 09:00,158.880,158.935,158.706,158.753
2026-03-12 10:00,158.748,158.823,158.679,158.712
2026-03-12 11:00,158.712,158.743,158.562,158.688
2026-03-12 12:00,158.685,158.933,158.673,158.886
2026-03-12 13:00,158.886,159.060,158.796,158.988
2026-03-12 14:00,158.996,159.198,158.936,159.182
2026-03-12 15:00,159.179,159.287,159.095,159.206
2026-03-12 16:00,159.211,159.287,159.123,159.202
2026-03-12 17:00,159.207,159.346,159.104,159.311
2026-03-12 18:00,159.309,159.413,159.272,159.398
2026-03-12 19:00,159.398,159.429,159.304,159.367
2026-03-12 20:00,159.373,159.416,159.280,159.330
2026-03-12 21:00,159.319,159.373,159.164,159.310
2026-03-12 22:00,159.321,159.427,159.241,159.266
2026-03-12 23:00,159.265,159.361,159.175,159.216
2026-03-13 00:00,159.233,159.240,159.001,159.092
2026-03-13 01:00,159.087,159.282,159.026,159.268
2026-03-13 02:00,159.263,159.371,159.186,159.280
2026-03-13 03:00,159.275,159.416,159.244,159.353
2026-03-13 04:00,159.347,159.684,159.338,159.501
2026-03-13 05:00,159.493,159.505,159.304,159.429
2026-03-13 06:00,159.421,159.464,159.306,159.419
2026-03-13 07:00,159.428,159.542,159.338,159.437
2026-03-13 08:00,159.430,159.531,159.321,159.329
2026-03-13 09:00,159.321,159.493,159.238,159.471
2026-03-13 10:00,159.477,159.501,159.323,159.400
2026-03-13 11:00,159.399,159.450,159.279,159.285
2026-03-13 12:00,159.281,159.434,159.198,159.325
2026-03-13 13:00,159.326,159.361,159.002,159.104
2026-03-13 14:00,159.092,159.380,159.084,159.358
2026-03-13 15:00,159.368,159.599,159.353,159.538
2026-03-13 16:00,159.540,159.636,159.504,159.609
2026-03-13 17:00,159.606,159.685,159.542,159.571
2026-03-13 18:00,159.566,159.676,159.556,159.628
2026-03-13 19:00,159.634,159.692,159.593,159.676
2026-03-13 20:00,159.676,159.749,159.641,159.721
2026-03-13 21:00,159.720,159.720,159.720,159.720
2026-03-13 22:00,159.720,159.720,159.720,159.720
2026-03-16 00:00,159.552,159.560,159.244,159.298
2026-03-16 01:00,159.298,159.507,159.279,159.423
2026-03-16 02:00,159.415,159.604,159.401,159.587
2026-03-16 03:00,159.585,159.639,159.465,159.496
2026-03-16 04:00,159.492,159.619,159.485,159.558
2026-03-16 05:00,159.553,159.584,159.313,159.343
2026-03-16 06:00,159.337,159.408,159.264,159.290
2026-03-16 07:00,159.289,159.383,159.166,159.287
2026-03-16 08:00,159.279,159.372,159.216,159.348
2026-03-16 09:00,159.342,159.384,159.240,159.314
2026-03-16 10:00,159.318,159.345,159.193,159.222
2026-03-16 11:00,159.221,159.261,159.091,159.117
2026-03-16 12:00,159.126,159.142,158.954,159.132
2026-03-16 13:00,159.125,159.175,158.895,158.930
2026-03-16 14:00,158.925,159.189,158.843,159.133
2026-03-16 15:00,159.133,159.327,159.047,159.287
2026-03-16 16:00,159.288,159.355,159.188,159.264
2026-03-16 17:00,159.256,159.302,159.127,159.264
2026-03-16 18:00,159.267,159.269,158.905,158.958
2026-03-16 19:00,158.963,159.183,158.925,159.145
2026-03-16 20:00,159.145,159.155,159.009,159.021
2026-03-16 21:00,159.008,159.135,158.971,159.029
2026-03-16 22:00,159.031,159.144,158.992,159.102
2026-03-16 23:00,159.102,159.220,159.069,159.117
2026-03-17 00:00,159.124,159.345,159.111,159.315
2026-03-17 01:00,159.315,159.452,159.289,159.375
2026-03-17 02:00,159.374,159.430,159.309,159.360
2026-03-17 03:00,159.356,159.405,159.267,159.348
2026-03-17 04:00,159.347,159.393,159.208,159.230
2026-03-17 05:00,159.222,159.445,159.198,159.440
2026-03-17 06:00,159.434,159.496,159.335,159.340
2026-03-17 07:00,159.340,159.401,159.163,159.228
2026-03-17 08:00,159.232,159.235,159.050,159.105
2026-03-17 09:00,159.096,159.193,159.057,159.129
2026-03-17 10:00,159.120,159.214,159.039,159.120
2026-03-17 11:00,159.109,159.140,158.955,159.101
2026-03-17 12:00,159.098,159.153,158.956,159.031
2026-03-17 13:00,159.025,159.033,158.715,158.868
2026-03-17 14:00,158.873,159.014,158.808,158.923
2026-03-17 15:00,158.929,159.113,158.840,159.030
2026-03-17 16:00,159.025,159.114,158.873,158.940
2026-03-17 17:00,158.936,159.012,158.912,158.961
2026-03-17 18:00,158.966,159.049,158.886,159.046
2026-03-17 19:00,159.037,159.064,158.974,159.041
2026-03-17 20:00,159.034,159.057,158.944,158.980
2026-03-17 21:00,158.977,159.022,158.844,158.977
2026-03-17 22:00,158.977,158.997,158.874,158.964
2026-03-17 23:00,158.965,158.980,158.855,158.902
2026-03-18 00:00,158.909,159.138,158.793,159.064
2026-03-18 01:00,159.057,159.086,158.963,159.011
2026-03-18 02:00,159.003,159.035,158.873,158.904
2026-03-18 03:00,158.911,158.987,158.899,158.931
2026-03-18 04:00,158.926,158.933,158.746,158.808
2026-03-18 05:00,158.808,158.816,158.646,158.693
2026-03-18 06:00,158.695,158.779,158.561,158.745
2026-03-18 07:00,158.737,158.874,158.674,158.754
2026-03-18 08:00,158.755,158.988,158.751,158.943
2026-03-18 09:00,158.943,159.049,158.888,158.902
2026-03-18 10:00,158.908,159.027,158.902,159.000
2026-03-18 11:00,159.001,159.112,158.890,158.974
2026-03-18 12:00,158.975,159.473,158.950,159.444
2026-03-18 13:00,159.446,159.584,159.426,159.487
2026-03-18 14:00,159.495,159.532,159.412,159.414
2026-03-18 15:00,159.421,159.496,159.362,159.485
2026-03-18 16:00,159.477,159.514,159.388,159.464
2026-03-18 17:00,159.460,159.541,159.357,159.390
2026-03-18 18:00,159.390,159.731,159.243,159.718
2026-03-18 19:00,159.719,159.837,159.679,159.814
2026-03-18 20:00,159.823,159.901,159.794,159.811
2026-03-18 21:00,159.813,159.852,159.690,159.706
2026-03-18 22:00,159.698,159.847,159.692,159.756
2026-03-18 23:00,159.768,159.840,159.740,159.798
2026-03-19 00:00,159.809,159.847,159.673,159.775
2026-03-19 01:00,159.770,159.817,159.572,159.651
2026-03-19 02:00,159.651,159.705,159.529,159.646
2026-03-19 03:00,159.652,159.711,159.594,159.614
2026-03-19 04:00,159.624,159.675,159.578,159.642
2026-03-19 05:00,159.643,159.746,159.624,159.708
2026-03-19 06:00,159.701,159.804,159.591,159.676
2026-03-19 07:00,159.663,159.697,159.190,159.223
2026-03-19 08:00,159.233,159.387,159.028,159.176
2026-03-19 09:00,159.176,159.279,159.058,159.148
2026-03-19 10:00,159.150,159.245,159.101,159.121
2026-03-19 11:00,159.112,159.161,159.035,159.055
2026-03-19 12:00,159.061,159.292,158.842,158.899
2026-03-19 13:00,158.905,158.939,158.112,158.221
2026-03-19 14:00,158.218,158.425,158.057,158.366
2026-03-19 15:00,158.365,158.560,158.130,158.192
2026-03-19 16:00,158.191,158.220,158.035,158.039
2026-03-19 17:00,158.042,158.094,157.790,157.811
2026-03-19 18:00,157.811,157.912,157.682,157.695
2026-03-19 19:00,157.691,157.699,157.499,157.649
2026-03-19 20:00,157.637,157.726,157.597,157.726
2026-03-19 21:00,157.699,157.798,157.591,157.798
2026-03-19 22:00,157.756,157.895,157.681,157.871
2026-03-19 23:00,157.862,157.989,157.798,157.924
2026-03-20 00:00,157.922,157.983,157.797,157.857
2026-03-20 01:00,157.856,158.139,157.736,158.099
2026-03-20 02:00,158.102,158.347,158.098,158.299
2026-03-20 03:00,158.303,158.401,158.271,158.386
2026-03-20 04:00,158.383,158.413,158.335,158.378
2026-03-20 05:00,158.368,158.431,158.340,158.417
2026-03-20 06:00,158.417,158.434,158.327,158.414
2026-03-20 07:00,158.415,158.451,158.274,158.287
2026-03-20 08:00,158.294,158.490,158.248,158.481
2026-03-20 09:00,158.487,158.861,158.443,158.829
2026-03-20 10:00,158.831,158.899,158.671,158.704
2026-03-20 11:00,158.717,158.727,158.511,158.579
2026-03-20 12:00,158.573,158.713,158.512,158.693
2026-03-20 13:00,158.696,159.021,158.666,159.014
2026-03-20 14:00,159.019,159.179,159.001,159.119
2026-03-20 15:00,159.127,159.266,158.956,159.259
2026-03-20 16:00,159.256,159.286,159.141,159.265
2026-03-20 17:00,159.268,159.360,159.134,159.216
2026-03-20 18:00,159.216,159.386,159.177,159.342
2026-03-20 19:00,159.353,159.372,159.222,159.294
2026-03-20 20:00,159.298,159.332,159.185,159.215
2026-03-20 21:00,159.220,159.220,159.220,159.220
2026-03-23 00:00,159.149,159.523,159.003,159.492
2026-03-23 01:00,159.497,159.528,159.324,159.474
2026-03-23 02:00,159.473,159.587,159.408,159.514
2026-03-23 03:00,159.524,159.617,159.318,159.454
2026-03-23 04:00,159.446,159.464,159.336,159.390
2026-03-23 05:00,159.390,159.584,159.347,159.562
2026-03-23 06:00,159.568,159.657,159.457,159.472
2026-03-23 07:00,159.459,159.626,159.373,159.586
2026-03-23 08:00,159.580,159.652,159.297,159.430
2026-03-23 09:00,159.434,159.602,159.398,159.544
2026-03-23 10:00,159.535,159.631,159.475,159.620
2026-03-23 11:00,159.619,159.631,158.226,158.919
2026-03-23 12:00,158.925,159.039,158.482,158.509
2026-03-23 13:00,158.505,158.721,158.416,158.457
2026-03-23 14:00,158.453,158.503,158.190,158.430
2026-03-23 15:00,158.424,158.767,158.206,158.701
2026-03-23 16:00,158.693,158.844,158.584,158.681
2026-03-23 17:00,158.681,158.731,158.398,158.445
2026-03-23 18:00,158.440,158.525,158.014,158.072
2026-03-23 19:00,158.069,158.421,158.059,158.418
2026-03-23 20:00,158.414,158.475,158.366,158.431
2026-03-23 21:00,158.424,158.432,158.229,158.376
2026-03-23 22:00,158.375,158.410,158.270,158.330
2026-03-23 23:00,158.319,158.508,158.261,158.489
2026-03-24 00:00,158.485,158.707,158.425,158.572
2026-03-24 01:00,158.571,158.641,158.439,158.584
2026-03-24 02:00,158.582,158.674,158.492,158.658
2026-03-24 03:00,158.656,158.743,158.602,158.731
2026-03-24 04:00,158.723,158.794,158.702,158.748
2026-03-24 05:00,158.748,158.782,158.563,158.619
2026-03-24 06:00,158.626,158.714,158.556,158.600
2026-03-24 07:00,158.594,158.637,158.398,158.494
2026-03-24 08:00,158.493,158.667,158.423,158.645
2026-03-24 09:00,158.651,158.773,158.605,158.623
2026-03-24 10:00,158.623,158.797,158.608,158.685
2026-03-24 11:00,158.688,158.794,158.603,158.769
2026-03-24 12:00,158.767,158.858,158.683,158.811
2026-03-24 13:00,158.816,158.954,158.759,158.803
2026-03-24 14:00,158.804,158.809,158.540,158.724
2026-03-24 15:00,158.731,158.901,158.621,158.899
2026-03-24 16:00,158.897,158.948,158.791,158.913
2026-03-24 17:00,158.915,159.190,158.913,159.073
2026-03-24 18:00,159.064,159.167,158.844,158.965
2026-03-24 19:00,158.972,158.996,158.844,158.987
2026-03-24 20:00,158.981,159.034,158.354,158.687
2026-03-24 21:00,158.678,158.694,158.551,158.644
2026-03-24 22:00,158.617,158.764,158.588,158.684
2026-03-24 23:00,158.669,158.757,158.619,158.699
2026-03-25 00:00,158.700,158.835,158.561,158.643
2026-03-25 01:00,158.640,158.755,158.600,158.713
2026-03-25 02:00,158.707,158.833,158.676,158.802
2026-03-25 03:00,158.796,158.826,158.747,158.797
2026-03-25 04:00,158.797,158.940,158.781,158.878
2026-03-25 05:00,158.872,159.020,158.872,158.985
2026-03-25 06:00,158.986,159.045,158.945,159.004
2026-03-25 07:00,158.997,159.147,158.936,159.135
2026-03-25 08:00,159.130,159.201,158.715,158.758
2026-03-25 09:00,158.768,158.961,158.718,158.880
2026-03-25 10:00,158.886,158.972,158.840,158.885
2026-03-25 11:00,158.888,158.950,158.812,158.848
2026-03-25 12:00,158.848,159.085,158.757,159.015
2026-03-25 13:00,159.021,159.161,158.930,159.139
2026-03-25 14:00,159.143,159.203,158.988,159.050
2026-03-25 15:00,159.042,159.246,159.019,159.205
2026-03-25 16:00,159.200,159.298,159.116,159.238
2026-03-25 17:00,159.244,159.290,159.146,159.255
2026-03-25 18:00,159.247,159.449,159.231,159.412
2026-03-25 19:00,159.415,159.501,159.406,159.452
2026-03-25 20:00,159.455,159.494,159.427,159.464
2026-03-25 21:00,159.459,159.469,159.324,159.368
2026-03-25 22:00,159.380,159.464,159.357,159.406
2026-03-25 23:00,159.403,159.429,159.362,159.385
2026-03-26 00:00,159.385,159.501,159.320,159.468
2026-03-26 01:00,159.468,159.513,159.380,159.470
2026-03-26 02:00,159.469,159.537,159.428,159.515
2026-03-26 03:00,159.519,159.528,159.398,159.449
2026-03-26 04:00,159.443,159.467,159.361,159.427
2026-03-26 05:00,159.427,159.490,159.367,159.479
2026-03-26 06:00,159.485,159.505,159.275,159.304
2026-03-26 07:00,159.310,159.501,159.290,159.494
2026-03-26 08:00,159.492,159.541,159.430,159.461
2026-03-26 09:00,159.461,159.536,159.426,159.484
2026-03-26 10:00,159.483,159.548,159.417,159.481
2026-03-26 11:00,159.484,159.669,159.461,159.650
2026-03-26 12:00,159.652,159.695,159.529,159.627
2026-03-26 13:00,159.627,159.656,159.461,159.516
2026-03-26 14:00,159.522,159.603,159.423,159.547
2026-03-26 15:00,159.549,159.694,159.527,159.653
2026-03-26 16:00,159.654,159.699,159.609,159.655
2026-03-26 17:00,159.656,159.765,159.624,159.761
2026-03-26 18:00,159.755,159.801,159.709,159.735
2026-03-26 19:00,159.739,159.832,159.727,159.824
2026-03-26 20:00,159.816,159.845,159.327,159.801
2026-03-26 21:00,159.776,159.795,159.608,159.673
2026-03-26 22:00,159.670,159.743,159.614,159.650
2026-03-26 23:00,159.635,159.727,159.616,159.718
2026-03-27 00:00,159.718,159.764,159.471,159.549
2026-03-27 01:00,159.549,159.595,159.443,159.473
2026-03-27 02:00,159.472,159.583,159.442,159.526
2026-03-27 03:00,159.525,159.624,159.495,159.613
2026-03-27 04:00,159.609,159.643,159.545,159.614
2026-03-27 05:00,159.614,159.648,159.565,159.621
2026-03-27 06:00,159.615,159.769,159.565,159.746
2026-03-27 07:00,159.742,159.976,159.727,159.940
2026-03-27 08:00,159.939,159.952,159.744,159.829
2026-03-27 09:00,159.832,159.941,159.755,159.858
2026-03-27 10:00,159.858,159.945,159.768,159.911
2026-03-27 11:00,159.911,159.936,159.802,159.851
2026-03-27 12:00,159.856,159.929,159.785,159.874
2026-03-27 13:00,159.867,159.952,159.826,159.891
2026-03-27 14:00,159.865,159.920,159.789,159.887
2026-03-27 15:00,159.889,160.172,159.692,160.163
2026-03-27 16:00,160.165,160.295,160.059,160.133
2026-03-27 17:00,160.144,160.414,160.062,160.330
2026-03-27 18:00,160.330,160.394,160.238,160.240
2026-03-27 19:00,160.240,160.292,160.134,160.140
2026-03-27 20:00,160.143,160.328,160.096,160.266
2026-03-29 23:00,160.406,160.442,160.217,160.230
2026-03-30 00:00,160.224,160.250,159.871,159.875
2026-03-30 01:00,159.873,159.997,159.836,159.921
2026-03-30 02:00,159.924,159.987,159.747,159.842
2026-03-30 03:00,159.840,159.844,159.728,159.784
2026-03-30 04:00,159.782,159.798,159.649,159.783
2026-03-30 05:00,159.790,159.809,159.663,159.719
2026-03-30 06:00,159.728,159.836,159.603,159.799
2026-03-30 07:00,159.801,159.857,159.563,159.775
2026-03-30 08:00,159.770,159.809,159.579,159.684
2026-03-30 09:00,159.685,159.726,159.564,159.595
2026-03-30 10:00,159.597,159.644,159.478,159.606
2026-03-30 11:00,159.598,159.607,159.399,159.514
2026-03-30 12:00,159.511,159.564,159.327,159.371
2026-03-30 13:00,159.364,159.545,159.317,159.519
2026-03-30 14:00,159.523,159.618,159.487,159.528
2026-03-30 15:00,159.531,159.639,159.378,159.483
2026-03-30 16:00,159.473,159.508,159.402,159.442
2026-03-30 17:00,159.437,159.588,159.410,159.559
2026-03-30 18:00,159.564,159.638,159.442,159.616
2026-03-30 19:00,159.624,159.713,159.604,159.691
2026-03-30 20:00,159.686,159.739,159.628,159.698
2026-03-30 21:00,159.676,159.757,159.610,159.725
2026-03-30 22:00,159.716,159.806,159.676,159.784
2026-03-30 23:00,159.800,159.866,159.788,159.837
2026-03-31 00:00,159.838,159.938,159.683,159.878
2026-03-31 01:00,159.874,159.970,159.659,159.749
2026-03-31 02:00,159.742,159.780,159.579,159.602
2026-03-31 03:00,159.598,159.744,159.591,159.720
2026-03-31 04:00,159.715,159.729,159.593,159.618
2026-03-31 05:00,159.612,159.634,159.474,159.609
2026-03-31 06:00,159.603,159.742,159.486,159.726
2026-03-31 07:00,159.718,159.787,159.616,159.635
2026-03-31 08:00,159.640,159.678,159.516,159.570
2026-03-31 09:00,159.563,159.675,159.501,159.647
2026-03-31 10:00,159.640,159.772,159.630,159.727
2026-03-31 11:00,159.727,159.762,159.359,159.416
2026-03-31 12:00,159.415,159.565,159.338,159.359
2026-03-31 13:00,159.359,159.442,159.045,159.076
2026-03-31 14:00,159.089,159.320,159.040,159.088
2026-03-31 15:00,159.098,159.122,158.889,159.076
2026-03-31 16:00,159.073,159.204,158.811,158.951
2026-03-31 17:00,158.951,158.960,158.741,158.941
2026-03-31 18:00,158.940,158.966,158.781,158.874
2026-03-31 19:00,158.870,158.999,158.674,158.710
2026-03-31 20:00,158.710,158.764,158.648,158.715
2026-03-31 21:00,158.702,158.807,158.637,158.686
2026-03-31 22:00,158.679,158.819,158.665,158.713
2026-03-31 23:00,158.724,158.778,158.551,158.586
2026-04-01 00:00,158.587,158.842,158.440,158.778
2026-04-01 01:00,158.782,159.013,158.726,158.757
2026-04-01 02:00,158.756,158.788,158.651,158.717
2026-04-01 03:00,158.715,158.862,158.578,158.857
2026-04-01 04:00,158.858,158.935,158.772,158.782
2026-04-01 05:00,158.780,158.920,158.610,158.670
2026-04-01 06:00,158.675,158.687,158.282,158.307
2026-04-01 07:00,158.300,158.792,158.266,158.773
2026-04-01 08:00,158.767,158.871,158.413,158.572
2026-04-01 09:00,158.572,158.773,158.475,158.705
2026-04-01 10:00,158.704,158.731,158.506,158.511
2026-04-01 11:00,158.509,158.548,158.338,158.340
2026-04-01 12:00,158.344,158.579,158.287,158.521
2026-04-01 13:00,158.528,158.672,158.450,158.605
2026-04-01 14:00,158.612,158.757,158.458,158.481
2026-04-01 15:00,158.481,158.695,158.399,158.626
2026-04-01 16:00,158.621,158.728,158.538,158.549
2026-04-01 17:00,158.549,158.721,158.443,158.710
2026-04-01 18:00,158.703,158.862,158.683,158.848
2026-04-01 19:00,158.851,158.945,158.831,158.901
2026-04-01 20:00,158.896,158.905,158.735,158.784
2026-04-01 21:00,158.786,158.809,158.558,158.678
2026-04-01 22:00,158.690,158.732,158.570,158.608
2026-04-01 23:00,158.604,158.716,158.528,158.710
2026-04-02 00:00,158.699,158.763,158.574,158.665
2026-04-02 01:00,158.657,159.286,158.594,159.275
2026-04-02 02:00,159.281,159.477,159.164,159.420
2026-04-02 03:00,159.412,159.445,159.303,159.367
2026-04-02 04:00,159.358,159.434,159.323,159.340
2026-04-02 05:00,159.333,159.444,159.325,159.434
2026-04-02 06:00,159.438,159.465,159.294,159.384
2026-04-02 07:00,159.383,159.713,159.366,159.568
2026-04-02 08:00,159.572,159.704,159.541,159.673
2026-04-02 09:00,159.673,159.727,159.556,159.557
2026-04-02 10:00,159.564,159.700,159.537,159.681
2026-04-02 11:00,159.683,159.743,159.666,159.698
2026-04-02 12:00,159.700,159.709,159.554,159.625
2026-04-02 13:00,159.624,159.689,159.447,159.459
2026-04-02 14:00,159.459,159.503,159.233,159.359
2026-04-02 15:00,159.361,159.388,159.223,159.337
2026-04-02 16:00,159.337,159.511,159.304,159.509
2026-04-02 17:00,159.504,159.613,159.488,159.590
2026-04-02 18:00,159.586,159.727,159.570,159.625
2026-04-02 19:00,159.633,159.679,159.532,159.660
2026-04-02 20:00,159.674,159.676,159.524,159.590
2026-04-02 21:00,159.592,159.643,159.509,159.544
2026-04-02 22:00,159.546,159.601,159.491,159.533
2026-04-02 23:00,159.526,159.530,159.475,159.490
2026-04-03 00:00,159.486,159.627,159.418,159.595
2026-04-03 01:00,159.594,159.652,159.537,159.637
2026-04-03 02:00,159.643,159.712,159.605,159.665
2026-04-03 03:00,159.671,159.694,159.564,159.571
2026-04-03 04:00,159.576,159.631,159.530,159.614
2026-04-03 05:00,159.618,159.657,159.592,159.648
2026-04-03 06:00,159.641,159.692,159.577,159.626
2026-04-03 07:00,159.626,159.633,159.536,159.585
2026-04-03 08:00,159.573,159.638,159.560,159.598
2026-04-03 09:00,159.598,159.616,159.570,159.589
2026-04-03 10:00,159.583,159.610,159.554,159.592
2026-04-03 11:00,159.583,159.594,159.529,159.555
2026-04-03 12:00,159.553,159.823,159.519,159.611
2026-04-03 13:00,159.613,159.629,159.474,159.513
2026-04-03 14:00,159.504,159.598,159.477,159.584
2026-04-03 15:00,159.584,159.643,159.549,159.637
2026-04-03 16:00,159.627,159.646,159.602,159.619
2026-04-03 17:00,159.635,159.649,159.608,159.628
2026-04-03 18:00,159.620,159.665,159.606,159.647
2026-04-03 19:00,159.648,159.658,159.613,159.620
2026-04-03 20:00,159.619,159.682,159.489,159.633
2026-04-05 23:00,159.675,159.830,159.595,159.769
2026-04-06 00:00,159.779,159.802,159.647,159.745
2026-04-06 01:00,159.740,159.744,159.604,159.682
2026-04-06 02:00,159.682,159.690,159.518,159.548
2026-04-06 03:00,159.548,159.637,159.526,159.623
2026-04-06 04:00,159.624,159.632,159.532,159.569
2026-04-06 05:00,159.558,159.581,159.541,159.567
2026-04-06 06:00,159.562,159.653,159.536,159.602
2026-04-06 07:00,159.608,159.709,159.334,159.385
2026-04-06 08:00,159.382,159.439,159.293,159.375
2026-04-06 09:00,159.386,159.468,159.335,159.428
2026-04-06 10:00,159.426,159.558,159.403,159.452
2026-04-06 11:00,159.454,159.587,159.447,159.550
2026-04-06 12:00,159.553,159.571,159.351,159.404
2026-04-06 13:00,159.392,159.504,159.382,159.477
2026-04-06 14:00,159.476,159.721,159.390,159.703
2026-04-06 15:00,159.708,159.802,159.698,159.707
2026-04-06 16:00,159.704,159.712,159.610,159.669
2026-04-06 17:00,159.675,159.796,159.671,159.768
2026-04-06 18:00,159.771,159.790,159.583,159.674
2026-04-06 19:00,159.687,159.734,159.645,159.692
2026-04-06 20:00,159.691,159.713,159.634,159.670
2026-04-06 21:00,159.662,159.732,159.589,159.611
2026-04-06 22:00,159.646,159.710,159.626,159.654
2026-04-06 23:00,159.668,159.747,159.646,159.729
2026-04-07 00:00,159.683,159.877,159.664,159.869
2026-04-07 01:00,159.820,159.961,159.775,159.921
2026-04-07 02:00,159.873,159.968,159.839,159.910
2026-04-07 03:00,159.863,159.923,159.810,159.828
2026-04-07 04:00,159.824,159.868,159.720,159.771
2026-04-07 05:00,159.728,159.856,159.717,159.761
2026-04-07 06:00,159.767,159.851,159.727,159.774
2026-04-07 07:00,159.782,159.916,159.764,159.856
2026-04-07 08:00,159.861,159.902,159.474,159.484
2026-04-07 09:00,159.489,159.636,159.461,159.636
2026-04-07 10:00,159.632,159.791,159.609,159.776
2026-04-07 11:00,159.783,159.862,159.760,159.827
2026-04-07 12:00,159.823,159.875,159.705,159.778
2026-04-07 13:00,159.771,159.891,159.717,159.882
2026-04-07 14:00,159.882,159.965,159.770,159.950
2026-04-07 15:00,159.951,160.029,159.860,159.891
2026-04-07 16:00,159.895,159.909,159.788,159.903
2026-04-07 17:00,159.904,159.956,159.694,159.781
2026-04-07 18:00,159.780,159.866,159.690,159.835
2026-04-07 19:00,159.835,159.867,159.535,159.572
2026-04-07 20:00,159.578,159.687,159.496,159.581
2026-04-07 21:00,159.579,159.627,159.489,159.546
2026-04-07 22:00,159.532,159.739,158.836,158.846
2026-04-07 23:00,158.919,158.964,158.588,158.709
2026-04-08 00:00,158.715,158.791,158.530,158.687
2026-04-08 01:00,158.688,158.713,158.336,158.405
2026-04-08 02:00,158.400,158.577,158.282,158.428
2026-04-08 03:00,158.430,158.462,158.342,158.439
2026-04-08 04:00,158.442,158.460,158.333,158.348
2026-04-08 05:00,158.348,158.430,158.138,158.271
2026-04-08 06:00,158.276,158.375,158.041,158.193
2026-04-08 07:00,158.193,158.365,158.103,158.214
2026-04-08 08:00,158.212,158.488,158.118,158.369
2026-04-08 09:00,158.364,158.496,158.266,158.486
2026-04-08 10:00,158.484,158.534,158.377,158.432
2026-04-08 11:00,158.431,158.485,158.211,158.244
2026-04-08 12:00,158.250,158.324,157.941,158.013
2026-04-08 13:00,158.005,158.325,157.881,158.268
2026-04-08 14:00,158.271,158.419,158.175,158.279
2026-04-08 15:00,158.279,158.465,158.246,158.386
2026-04-08 16:00,158.377,158.497,158.347,158.415
2026-04-08 17:00,158.410,158.523,158.379,158.428
2026-04-08 18:00,158.426,158.744,158.372,158.729
2026-04-08 19:00,158.736,158.795,158.492,158.525
2026-04-08 20:00,158.534,158.629,158.509,158.560
2026-04-08 21:00,158.562,158.649,158.436,158.537
2026-04-08 22:00,158.502,158.582,158.472,158.556
2026-04-08 23:00,158.552,158.678,158.547,158.642
2026-04-09 00:00,158.643,158.872,158.611,158.853
2026-04-09 01:00,158.850,158.952,158.781,158.824
2026-04-09 02:00,158.823,158.857,158.696,158.718
2026-04-09 03:00,158.716,158.805,158.684,158.752
2026-04-09 04:00,158.747,158.754,158.634,158.730
2026-04-09 05:00,158.727,158.863,158.708,158.842
2026-04-09 06:00,158.836,158.929,158.761,158.784
2026-04-09 07:00,158.777,158.976,158.761,158.964
2026-04-09 08:00,158.964,159.107,158.902,158.992
2026-04-09 09:00,159.001,159.057,158.931,158.985
2026-04-09 10:00,158.979,159.082,158.946,159.072
2026-04-09 11:00,159.073,159.087,158.831,158.889
2026-04-09 12:00,158.882,159.115,158.847,158.997
2026-04-09 13:00,158.993,159.097,158.880,159.078
2026-04-09 14:00,159.083,159.241,158.984,159.182
2026-04-09 15:00,159.183,159.297,158.857,158.870
2026-04-09 16:00,158.862,158.900,158.617,158.758
2026-04-09 17:00,158.756,158.793,158.670,158.760
2026-04-09 18:00,158.759,159.025,158.756,159.004
2026-04-09 19:00,159.002,159.096,158.963,159.083
2026-04-09 20:00,159.089,159.132,158.924,158.947
2026-04-09 21:00,158.921,158.975,158.908,158.969
2026-04-09 22:00,158.960,159.099,158.923,159.076
2026-04-09 23:00,159.076,159.124,159.036,159.092
2026-04-10 00:00,159.086,159.242,159.080,159.180
2026-04-10 01:00,159.180,159.229,159.013,159.028
2026-04-10 02:00,159.032,159.193,159.012,159.156
2026-04-10 03:00,159.151,159.175,159.109,159.131
2026-04-10 04:00,159.131,159.214,159.114,159.185
2026-04-10 05:00,159.179,159.272,159.177,159.248
2026-04-10 06:00,159.248,159.374,159.199,159.277
2026-04-10 07:00,159.276,159.342,159.186,159.337
2026-04-10 08:00,159.333,159.353,159.235,159.310
2026-04-10 09:00,159.315,159.330,159.170,159.244
2026-04-10 10:00,159.236,159.292,159.172,159.197
2026-04-10 11:00,159.190,159.240,159.153,159.178
2026-04-10 12:00,159.172,159.190,158.848,159.148
2026-04-10 13:00,159.148,159.203,159.061,159.165
2026-04-10 14:00,159.167,159.243,159.085,159.120
2026-04-10 15:00,159.126,159.233,159.028,159.225
2026-04-10 16:00,159.222,159.350,159.210,159.265
2026-04-10 17:00,159.259,159.308,159.236,159.288
2026-04-10 18:00,159.288,159.342,159.234,159.282
2026-04-10 19:00,159.276,159.311,159.257,159.298
2026-04-10 20:00,159.303,159.319,159.225,159.272
2026-04-12 23:00,159.798,159.851,159.643,159.678
2026-04-13 00:00,159.675,159.845,159.660,159.699
2026-04-13 01:00,159.704,159.784,159.648,159.680
2026-04-13 02:00,159.680,159.756,159.653,159.706
2026-04-13 03:00,159.714,159.749,159.670,159.681
2026-04-13 04:00,159.673,159.774,159.661,159.720
2026-04-13 05:00,159.721,159.750,159.667,159.673
2026-04-13 06:00,159.675,159.732,159.553,159.670
2026-04-13 07:00,159.672,159.721,159.597,159.598
2026-04-13 08:00,159.600,159.721,159.559,159.704
2026-04-13 09:00,159.708,159.742,159.663,159.731
2026-04-13 10:00,159.727,159.739,159.660,159.687
2026-04-13 11:00,159.680,159.849,159.637,159.842
2026-04-13 12:00,159.834,159.861,159.681,159.733
2026-04-13 13:00,159.742,159.802,159.533,159.543
2026-04-13 14:00,159.534,159.662,159.501,159.568
2026-04-13 15:00,159.568,159.754,159.567,159.740
2026-04-13 16:00,159.741,159.787,159.444,159.527
2026-04-13 17:00,159.515,159.534,159.356,159.408
2026-04-13 18:00,159.405,159.411,159.288,159.321
2026-04-13 19:00,159.325,159.393,159.284,159.376
2026-04-13 20:00,159.385,159.458,159.358,159.439
2026-04-13 21:00,159.428,159.444,159.279,159.323
2026-04-13 22:00,159.335,159.416,159.293,159.366
2026-04-13 23:00,159.356,159.377,159.199,159.216
2026-04-14 00:00,159.218,159.335,159.133,159.163
2026-04-14 01:00,159.158,159.228,159.076,159.203
2026-04-14 02:00,159.210,159.263,159.117,159.141
2026-04-14 03:00,159.137,159.165,159.066,159.091
2026-04-14 04:00,159.088,159.119,159.001,159.022
2026-04-14 05:00,159.023,159.157,158.952,159.124
2026-04-14 06:00,159.128,159.282,159.107,159.158
2026-04-14 07:00,159.157,159.167,158.941,159.060
2026-04-14 08:00,159.059,159.168,159.016,159.064
2026-04-14 09:00,159.061,159.093,158.845,158.968
2026-04-14 10:00,158.969,158.980,158.796,158.818
2026-04-14 11:00,158.824,158.833,158.702,158.770
2026-04-14 12:00,158.764,158.875,158.670,158.710
2026-04-14 13:00,158.710,158.898,158.669,158.853
2026-04-14 14:00,158.858,158.862,158.595,158.744
2026-04-14 15:00,158.744,158.920,158.741,158.912
2026-04-14 16:00,158.905,158.936,158.807,158.837
2026-04-14 17:00,158.823,158.893,158.691,158.734
2026-04-14 18:00,158.728,158.835,158.677,158.809
2026-04-14 19:00,158.813,158.911,158.791,158.865
2026-04-14 20:00,158.863,158.891,158.745,158.769
2026-04-14 21:00,158.746,158.824,158.731,158.783
2026-04-14 22:00,158.795,158.840,158.734,158.835
2026-04-14 23:00,158.824,158.883,158.761,158.792
2026-04-15 00:00,158.797,158.884,158.730,158.815
2026-04-15 01:00,158.808,158.978,158.808,158.905
2026-04-15 02:00,158.903,159.064,158.878,159.030
2026-04-15 03:00,159.029,159.048,158.950,158.983
2026-04-15 04:00,158.980,159.012,158.946,158.984
2026-04-15 05:00,158.976,158.998,158.904,158.960
2026-04-15 06:00,158.955,159.025,158.856,159.017
2026-04-15 07:00,159.022,159.027,158.877,158.920
2026-04-15 08:00,158.927,158.937,158.636,158.767
2026-04-15 09:00,158.772,158.934,158.706,158.889
2026-04-15 10:00,158.889,159.051,158.818,158.973
2026-04-15 11:00,158.967,159.095,158.919,159.020
2026-04-15 12:00,159.020,159.151,159.019,159.100
2026-04-15 13:00,159.100,159.121,158.974,159.016
2026-04-15 14:00,159.021,159.063,158.916,158.984
2026-04-15 15:00,158.987,159.027,158.858,159.024
2026-04-15 16:00,159.017,159.035,158.740,158.873
2026-04-15 17:00,158.873,159.112,158.866,159.103
2026-04-15 18:00,159.096,159.121,158.994,159.019
2026-04-15 19:00,159.014,159.057,158.944,158.970
2026-04-15 20:00,158.968,159.034,158.925,159.034
2026-04-15 21:00,158.966,159.033,158.872,158.922
2026-04-15 22:00,158.922,158.936,158.821,158.860
2026-04-15 23:00,158.854,158.885,158.783,158.808
2026-04-16 00:00,158.809,158.851,158.702,158.729
2026-04-16 01:00,158.724,158.825,158.672,158.745
2026-04-16 02:00,158.746,158.814,158.499,158.510
2026-04-16 03:00,158.507,158.674,158.258,158.665
2026-04-16 04:00,158.662,158.741,158.646,158.708
2026-04-16 05:00,158.706,158.855,158.691,158.842
2026-04-16 06:00,158.847,158.952,158.745,158.791
2026-04-16 07:00,158.782,158.887,158.719,158.863
2026-04-16 08:00,158.864,159.058,158.844,158.985
2026-04-16 09:00,158.982,159.067,158.952,159.030
2026-04-16 10:00,159.032,159.130,159.004,159.020
2026-04-16 11:00,159.014,159.020,158.871,158.955
2026-04-16 12:00,158.956,159.113,158.922,159.112
2026-04-16 13:00,159.104,159.305,158.979,159.216
2026-04-16 14:00,159.210,159.273,159.080,159.255
2026-04-16 15:00,159.258,159.283,159.069,159.076
2026-04-16 16:00,159.069,159.263,159.018,159.179
2026-04-16 17:00,159.177,159.290,159.162,159.253
2026-04-16 18:00,159.248,159.257,159.152,159.210
2026-04-16 19:00,159.210,159.216,159.089,159.171
2026-04-16 20:00,159.173,159.198,159.110,159.137
2026-04-16 21:00,159.137,159.205,159.061,159.130
2026-04-16 22:00,159.130,159.140,158.999,159.097
2026-04-16 23:00,159.107,159.227,159.076,159.195
2026-04-17 00:00,159.205,159.361,159.168,159.324
2026-04-17 01:00,159.324,159.427,159.289,159.358
2026-04-17 02:00,159.354,159.444,159.353,159.366
2026-04-17 03:00,159.372,159.464,159.358,159.388
2026-04-17 04:00,159.389,159.482,159.367,159.462
2026-04-17 05:00,159.464,159.529,159.446,159.479
2026-04-17 06:00,159.479,159.517,159.363,159.403
2026-04-17 07:00,159.404,159.404,159.268,159.271
2026-04-17 08:00,159.273,159.300,159.131,159.135
2026-04-17 09:00,159.135,159.187,159.000,159.036
2026-04-17 10:00,159.036,159.177,159.020,159.156
2026-04-17 11:00,159.156,159.225,159.131,159.174
2026-04-17 12:00,159.169,159.179,158.399,158.414
2026-04-17 13:00,158.414,158.513,158.064,158.180
2026-04-17 14:00,158.185,158.231,157.587,157.845
2026-04-17 15:00,157.850,158.176,157.790,158.095
2026-04-17 16:00,158.098,158.199,157.952,158.038
2026-04-17 17:00,158.040,158.277,158.031,158.158
2026-04-17 18:00,158.163,158.465,158.131,158.430
2026-04-17 19:00,158.431,158.585,158.360,158.556
2026-04-17 20:00,158.555,158.637,158.525,158.602
2026-04-19 23:00,158.996,159.199,158.923,159.156
2026-04-20 00:00,159.151,159.201,158.888,158.998
2026-04-20 01:00,159.001,159.016,158.829,158.852
2026-04-20 02:00,158.851,158.914,158.783,158.876
2026-04-20 03:00,158.876,158.934,158.790,158.879
2026-04-20 04:00,158.877,158.945,158.839,158.892
2026-04-20 05:00,158.889,159.009,158.888,158.944
2026-04-20 06:00,158.941,158.979,158.906,158.935
2026-04-20 09:00,158.916,158.952,158.898,158.913
2026-04-20 10:00,158.913,158.972,158.848,158.904
2026-04-20 11:00,158.904,158.957,158.752,158.831
2026-04-20 12:00,158.831,158.973,158.801,158.869
2026-04-20 13:00,158.876,158.936,158.555,158.629
2026-04-20 14:00,158.623,158.893,158.621,158.720
2026-04-20 15:00,158.710,158.787,158.543,158.669
2026-04-20 16:00,158.669,158.708,158.609,158.652
2026-04-20 17:00,158.647,158.768,158.600,158.747
2026-04-20 18:00,158.747,158.921,158.660,158.899
2026-04-20 19:00,158.899,158.919,158.788,158.834
2026-04-20 20:00,158.838,158.903,158.729,158.730
2026-04-20 21:00,158.765,158.801,158.684,158.727
2026-04-20 22:00,158.746,158.813,158.689,158.783
2026-04-20 23:00,158.763,158.862,158.749,158.844
2026-04-21 00:00,158.850,158.994,158.829,158.947
2026-04-21 01:00,158.949,158.976,158.900,158.949
2026-04-21 02:00,158.940,158.995,158.913,158.948
2026-04-21 03:00,158.951,158.991,158.923,158.985
2026-04-21 04:00,158.985,158.991,158.939,158.956
2026-04-21 05:00,158.951,158.958,158.838,158.904
2026-04-21 06:00,158.896,158.914,158.786,158.810
2026-04-21 07:00,158.804,159.016,158.790,159.010
2026-04-21 08:00,159.019,159.214,159.010,159.174
2026-04-21 09:00,159.170,159.254,159.097,159.194
2026-04-21 10:00,159.192,159.231,159.178,159.184
2026-04-21 11:00,159.182,159.248,159.030,159.046
2026-04-21 12:00,159.047,159.245,159.007,159.172
2026-04-21 13:00,159.170,159.196,159.008,159.082
2026-04-21 14:00,159.088,159.383,159.035,159.374
2026-04-21 15:00,159.372,159.441,159.270,159.395
2026-04-21 16:00,159.388,159.503,159.337,159.459
2026-04-21 17:00,159.462,159.614,159.161,159.319
2026-04-21 18:00,159.315,159.491,159.277,159.364
2026-04-21 19:00,159.371,159.637,159.221,159.601
2026-04-21 20:00,159.605,159.637,159.282,159.311
2026-04-21 21:00,159.327,159.430,159.295,159.386
2026-04-21 22:00,159.410,159.419,159.325,159.406
2026-04-21 23:00,159.412,159.457,159.352,159.375
2026-04-22 00:00,159.377,159.381,159.165,159.283
2026-04-22 01:00,159.282,159.330,159.219,159.254
2026-04-22 02:00,159.247,159.373,159.243,159.349
2026-04-22 03:00,159.352,159.401,159.324,159.390
2026-04-22 04:00,159.390,159.395,159.290,159.336
2026-04-22 05:00,159.336,159.346,159.094,159.227
2026-04-22 06:00,159.221,159.255,159.124,159.126
2026-04-22 07:00,159.126,159.297,159.103,159.216
2026-04-22 08:00,159.214,159.368,159.193,159.351
2026-04-22 09:00,159.351,159.372,159.307,159.343
2026-04-22 10:00,159.331,159.370,159.202,159.216
2026-04-22 11:00,159.214,159.280,159.181,159.245
2026-04-22 12:00,159.239,159.362,159.142,159.360
2026-04-22 13:00,159.354,159.367,159.107,159.169
2026-04-22 14:00,159.175,159.394,159.134,159.390
2026-04-22 15:00,159.389,159.512,159.362,159.488
2026-04-22 16:00,159.492,159.531,159.441,159.496
2026-04-22 17:00,159.497,159.521,159.416,159.438
2026-04-22 18:00,159.431,159.491,159.408,159.476
2026-04-22 19:00,159.476,159.551,159.454,159.547
2026-04-22 20:00,159.543,159.573,159.422,159.423
2026-04-22 21:00,159.440,159.489,159.339,159.430
2026-04-22 22:00,159.429,159.488,159.382,159.476
2026-04-22 23:00,159.464,159.495,159.429,159.489
2026-04-23 00:00,159.489,159.687,159.272,159.324
2026-04-23 01:00,159.324,159.418,159.287,159.374
2026-04-23 02:00,159.379,159.564,159.349,159.535
2026-04-23 03:00,159.535,159.548,159.458,159.538
2026-04-23 04:00,159.542,159.584,159.508,159.546
2026-04-23 05:00,159.542,159.605,159.508,159.535
2026-04-23 06:00,159.529,159.667,159.514,159.650
2026-04-23 07:00,159.651,159.698,159.588,159.592
2026-04-23 08:00,159.591,159.697,159.578,159.684
2026-04-23 09:00,159.684,159.739,159.645,159.725
2026-04-23 10:00,159.731,159.779,159.657,159.714
2026-04-23 11:00,159.706,159.750,159.492,159.542
2026-04-23 12:00,159.548,159.601,159.428,159.495
2026-04-23 13:00,159.503,159.628,159.458,159.566
2026-04-23 14:00,159.573,159.617,159.373,159.392
2026-04-23 15:00,159.395,159.488,159.305,159.440
2026-04-23 16:00,159.429,159.486,159.418,159.456
2026-04-23 17:00,159.451,159.842,159.448,159.560
2026-04-23 18:00,159.553,159.636,159.460,159.624
2026-04-23 19:00,159.628,159.755,159.601,159.692
2026-04-23 20:00,159.692,159.752,159.665,159.709
2026-04-23 21:00,159.655,159.715,159.574,159.640
2026-04-23 22:00,159.642,159.730,159.606,159.691
2026-04-23 23:00,159.690,159.784,159.689,159.753
2026-04-24 00:00,159.747,159.809,159.668,159.786
2026-04-24 01:00,159.791,159.809,159.747,159.751
2026-04-24 02:00,159.751,159.797,159.745,159.770
2026-04-24 03:00,159.764,159.840,159.757,159.786
2026-04-24 04:00,159.791,159.799,159.716,159.777
2026-04-24 05:00,159.774,159.815,159.739,159.764
2026-04-24 06:00,159.764,159.791,159.596,159.688
2026-04-24 07:00,159.678,159.717,159.620,159.661
2026-04-24 08:00,159.664,159.757,159.657,159.719
2026-04-24 09:00,159.708,159.761,159.682,159.744
2026-04-24 10:00,159.736,159.770,159.639,159.650
2026-04-24 11:00,159.645,159.673,159.328,159.422
2026-04-24 12:00,159.422,159.621,159.370,159.549
2026-04-24 13:00,159.543,159.652,159.469,159.569
2026-04-24 14:00,159.591,159.644,159.378,159.502
2026-04-24 15:00,159.510,159.586,159.322,159.352
2026-04-24 16:00,159.349,159.419,159.307,159.355
2026-04-24 17:00,159.345,159.430,159.304,159.413
2026-04-24 18:00,159.412,159.467,159.393,159.426
2026-04-24 19:00,159.426,159.447,159.368,159.422
2026-04-24 20:00,159.417,159.427,159.292,159.359
2026-04-26 23:00,159.542,159.596,159.501,159.575
2026-04-27 00:00,159.579,159.583,159.440,159.477
2026-04-27 01:00,159.473,159.478,159.246,159.320
2026-04-27 02:00,159.325,159.364,159.260,159.296
2026-04-27 03:00,159.292,159.313,159.186,159.223
2026-04-27 04:00,159.216,159.261,159.139,159.230
2026-04-27 05:00,159.236,159.418,159.225,159.411
2026-04-27 06:00,159.405,159.484,159.251,159.263
2026-04-27 07:00,159.255,159.302,159.178,159.217
2026-04-27 08:00,159.217,159.267,159.102,159.142
2026-04-27 09:00,159.149,159.231,159.085,159.218
2026-04-27 10:00,159.223,159.272,159.125,159.150
2026-04-27 11:00,159.142,159.214,159.099,159.193
2026-04-27 12:00,159.186,159.231,159.096,159.222
2026-04-27 13:00,159.227,159.287,159.137,159.253
2026-04-27 14:00,159.257,159.291,159.101,159.217
2026-04-27 15:00,159.213,159.314,159.203,159.289
2026-04-27 16:00,159.293,159.387,159.271,159.385
2026-04-27 17:00,159.383,159.462,159.339,159.383
2026-04-27 18:00,159.381,159.454,159.377,159.439
2026-04-27 19:00,159.439,159.448,159.362,159.421
2026-04-27 20:00,159.422,159.427,159.372,159.409
2026-04-27 21:00,159.409,159.411,159.333,159.394
2026-04-27 22:00,159.372,159.461,159.362,159.394
2026-04-27 23:00,159.391,159.450,159.345,159.358
2026-04-28 00:00,159.357,159.485,159.303,159.466
2026-04-28 01:00,159.466,159.553,159.453,159.545
2026-04-28 02:00,159.549,159.566,159.479,159.504
2026-04-28 03:00,159.512,159.563,158.975,159.074
2026-04-28 04:00,159.075,159.088,158.948,159.080
2026-04-28 05:00,159.080,159.212,159.045,159.191
2026-04-28 06:00,159.191,159.359,159.022,159.351
2026-04-28 07:00,159.351,159.545,159.257,159.524
2026-04-28 08:00,159.524,159.685,159.447,159.469
2026-04-28 09:00,159.469,159.594,159.409,159.572
2026-04-28 10:00,159.572,159.646,159.527,159.622
2026-04-28 11:00,159.634,159.787,159.593,159.755
2026-04-28 12:00,159.752,159.783,159.408,159.457
2026-04-28 13:00,159.462,159.606,159.415,159.508
2026-04-28 14:00,159.507,159.750,159.487,159.718
2026-04-28 15:00,159.720,159.721,159.518,159.542
2026-04-28 16:00,159.530,159.624,159.500,159.555
2026-04-28 17:00,159.555,159.626,159.504,159.538
2026-04-28 18:00,159.538,159.629,159.520,159.616
2026-04-28 19:00,159.618,159.687,159.570,159.651
2026-04-28 20:00,159.652,159.664,159.580,159.604
2026-04-28 21:00,159.593,159.613,159.468,159.539
2026-04-28 22:00,159.553,159.606,159.528,159.583
2026-04-28 23:00,159.570,159.597,159.529,159.557
2026-04-29 00:00,159.552,159.591,159.512,159.544
2026-04-29 01:00,159.546,159.668,159.518,159.604
2026-04-29 02:00,159.602,159.632,159.561,159.618
2026-04-29 03:00,159.618,159.638,159.581,159.606
2026-04-29 04:00,159.616,159.648,159.605,159.633
2026-04-29 05:00,159.629,159.712,159.627,159.708
2026-04-29 06:00,159.703,159.739,159.597,159.651
2026-04-29 07:00,159.645,159.704,159.611,159.669
2026-04-29 08:00,159.667,159.788,159.628,159.782
2026-04-29 09:00,159.776,159.842,159.741,159.831
2026-04-29 10:00,159.833,159.841,159.740,159.755
2026-04-29 11:00,159.752,159.851,159.729,159.844
2026-04-29 12:00,159.845,159.978,159.807,159.968
2026-04-29 13:00,159.977,160.189,159.944,160.184
2026-04-29 14:00,160.183,160.198,160.005,160.102
2026-04-29 15:00,160.102,160.326,160.088,160.228
2026-04-29 16:00,160.233,160.318,160.161,160.308
2026-04-29 17:00,160.303,160.366,160.184,160.184
2026-04-29 18:00,160.210,160.429,160.141,160.348
2026-04-29 19:00,160.342,160.442,160.280,160.375
2026-04-29 20:00,160.377,160.478,160.343,160.425
2026-04-29 21:00,160.375,160.411,160.283,160.369
2026-04-29 22:00,160.365,160.440,160.310,160.323
2026-04-29 23:00,160.315,160.345,160.142,160.199
2026-04-30 00:00,160.200,160.304,160.064,160.290
2026-04-30 01:00,160.296,160.319,160.200,160.218
2026-04-30 02:00,160.223,160.402,160.204,160.344
2026-04-30 03:00,160.342,160.427,160.310,160.424
2026-04-30 04:00,160.422,160.580,160.359,160.529
2026-04-30 05:00,160.532,160.654,160.456,160.648
2026-04-30 06:00,160.650,160.723,160.528,160.605
2026-04-30 07:00,160.606,160.619,159.772,160.135
2026-04-30 08:00,160.128,160.179,159.443,159.582
2026-04-30 09:00,159.577,159.595,159.211,159.340
2026-04-30 10:00,159.339,159.353,156.967,157.156
2026-04-30 11:00,157.156,157.468,155.513,156.374
2026-04-30 12:00,156.355,157.108,156.333,156.822
2026-04-30 13:00,156.816,156.959,156.188,156.917
2026-04-30 14:00,156.921,156.963,156.449,156.675
2026-04-30 15:00,156.675,156.833,156.595,156.656
2026-04-30 16:00,156.665,156.740,156.502,156.579
2026-04-30 17:00,156.572,156.698,156.419,156.477
2026-04-30 18:00,156.476,156.484,156.306,156.412
2026-04-30 19:00,156.415,156.569,156.296,156.566
2026-04-30 20:00,156.565,156.631,156.500,156.561
2026-04-30 21:00,156.540,156.651,156.470,156.562
2026-04-30 22:00,156.563,156.748,156.518,156.652
2026-04-30 23:00,156.662,157.021,156.632,156.989
2026-05-01 00:00,156.982,157.306,156.955,157.076
2026-05-01 01:00,157.079,157.255,157.039,157.194
2026-05-01 02:00,157.191,157.326,157.120,157.234
2026-05-01 03:00,157.228,157.291,156.982,157.177
2026-05-01 04:00,157.177,157.280,157.100,157.234
2026-05-01 05:00,157.234,157.298,157.192,157.271
2026-05-01 06:00,157.274,157.295,155.453,155.964
2026-05-01 07:00,155.951,156.724,155.848,156.624
2026-05-01 08:00,156.614,156.656,156.252,156.462
2026-05-01 09:00,156.462,156.761,156.415,156.565
2026-05-01 10:00,156.574,156.627,156.481,156.589
2026-05-01 11:00,156.597,156.625,156.429,156.581
2026-05-01 12:00,156.572,156.643,156.379,156.587
2026-05-01 13:00,156.593,156.754,156.324,156.496
2026-05-01 14:00,156.495,156.725,156.358,156.639
2026-05-01 15:00,156.629,156.896,156.614,156.758
2026-05-01 16:00,156.754,156.944,156.660,156.942
2026-05-01 17:00,156.941,157.028,156.848,156.930
2026-05-01 18:00,156.923,157.118,156.908,157.008
2026-05-01 19:00,157.008,157.091,156.991,157.061
2026-05-01 20:00,157.057,157.091,156.948,157.040
2026-05-04 04:00,156.664,156.790,156.622,156.727
2026-05-04 05:00,156.722,156.862,156.517,156.781
2026-05-04 06:00,156.769,156.940,156.718,156.925
2026-05-04 07:00,156.914,156.980,156.811,156.894
2026-05-04 08:00,156.881,156.979,156.876,156.939
2026-05-04 09:00,156.952,157.013,156.888,156.959
2026-05-04 10:00,156.959,157.204,156.950,157.108
2026-05-04 11:00,157.109,157.183,157.057,157.169
2026-05-04 12:00,157.167,157.182,157.012,157.139
2026-05-04 13:00,157.139,157.184,156.961,157.008
2026-05-04 14:00,157.011,157.152,156.919,157.091
2026-05-04 15:00,157.096,157.300,156.938,157.192
2026-05-04 16:00,157.195,157.303,157.130,157.267
2026-05-04 17:00,157.266,157.284,157.158,157.218
2026-05-04 18:00,157.220,157.279,156.518,156.709
2026-05-04 19:00,156.716,157.131,156.716,157.084
2026-05-04 20:00,157.098,157.287,157.084,157.216
2026-05-04 21:00,157.200,157.232,157.099,157.126
2026-05-04 22:00,157.113,157.269,157.111,157.227
2026-05-04 23:00,157.217,157.238,157.166,157.208
2026-05-05 00:00,157.206,157.255,157.157,157.201
2026-05-05 01:00,157.203,157.271,157.174,157.211
2026-05-05 02:00,157.207,157.232,157.174,157.217
2026-05-05 03:00,157.213,157.268,157.199,157.266
2026-05-05 04:00,157.267,157.298,157.224,157.276
2026-05-05 05:00,157.280,157.300,157.207,157.271
2026-05-05 06:00,157.275,157.299,157.185,157.226
2026-05-05 07:00,157.216,157.239,157.077,157.226
2026-05-05 08:00,157.226,157.285,157.195,157.279
2026-05-05 09:00,157.274,157.892,157.098,157.512
2026-05-05 10:00,157.500,157.669,157.478,157.612
2026-05-05 11:00,157.603,157.792,157.597,157.746
2026-05-05 12:00,157.733,157.838,157.628,157.763
2026-05-05 13:00,157.766,157.798,157.663,157.774
2026-05-05 14:00,157.764,157.828,157.667,157.672
2026-05-05 15:00,157.673,157.729,157.599,157.675
2026-05-05 16:00,157.675,157.802,157.645,157.783
2026-05-05 17:00,157.783,157.886,157.762,157.845
2026-05-05 18:00,157.844,157.918,157.829,157.870
2026-05-05 19:00,157.873,157.916,157.853,157.873
2026-05-05 20:00,157.877,157.899,157.830,157.862
2026-05-05 21:00,157.863,157.895,157.786,157.849
2026-05-05 22:00,157.884,157.930,157.576,157.755
2026-05-05 23:00,157.722,157.733,157.525,157.673
2026-05-06 00:00,157.665,157.709,157.542,157.591
2026-05-06 01:00,157.586,157.697,157.567,157.690
2026-05-06 02:00,157.695,157.833,157.645,157.804
2026-05-06 03:00,157.812,157.893,157.716,157.776
2026-05-06 04:00,157.770,157.824,154.992,155.932
2026-05-06 05:00,155.908,156.390,155.734,156.318
2026-05-06 06:00,156.331,156.455,156.292,156.376
2026-05-06 07:00,156.380,156.565,155.703,155.811
2026-05-06 08:00,155.805,156.291,155.739,155.976
2026-05-06 09:00,155.972,156.109,155.908,155.918
2026-05-06 10:00,155.926,156.123,155.606,155.750
2026-05-06 11:00,155.750,156.107,155.695,156.079
2026-05-06 12:00,156.079,156.306,156.079,156.275
2026-05-06 13:00,156.283,156.317,156.049,156.110
2026-05-06 14:00,156.117,156.297,156.038,156.277
2026-05-06 15:00,156.280,156.457,156.263,156.438
2026-05-06 16:00,156.431,156.488,156.357,156.424
2026-05-06 17:00,156.420,156.515,156.343,156.489
2026-05-06 18:00,156.480,156.488,156.349,156.399
2026-05-06 19:00,156.399,156.440,156.344,156.410
2026-05-06 20:00,156.415,156.455,156.289,156.378
2026-05-06 21:00,156.345,156.370,156.202,156.229
2026-05-06 22:00,156.216,156.379,156.210,156.343
2026-05-06 23:00,156.326,156.525,156.265,156.511
2026-05-07 00:00,156.512,156.527,156.210,156.321
2026-05-07 01:00,156.317,156.353,156.011,156.209
2026-05-07 02:00,156.218,156.351,156.143,156.331
2026-05-07 03:00,156.325,156.438,156.300,156.410
2026-05-07 04:00,156.409,156.422,156.300,156.358
2026-05-07 05:00,156.352,156.398,156.298,156.374
2026-05-07 06:00,156.369,156.411,156.098,156.289
2026-05-07 07:00,156.278,156.294,156.014,156.261
2026-05-07 08:00,156.262,156.340,156.175,156.320
2026-05-07 09:00,156.317,156.417,156.295,156.371
2026-05-07 10:00,156.374,156.402,156.284,156.397
2026-05-07 11:00,156.397,156.473,156.341,156.396
2026-05-07 12:00,156.405,156.421,156.234,156.285
2026-05-07 13:00,156.276,156.408,156.247,156.339
2026-05-07 14:00,156.339,156.404,156.163,156.253
2026-05-07 15:00,156.253,156.513,156.240,156.484
2026-05-07 16:00,156.478,156.646,156.463,156.624
2026-05-07 17:00,156.624,156.863,156.613,156.661
2026-05-07 18:00,156.661,156.865,156.601,156.741
2026-05-07 19:00,156.735,156.877,156.677,156.870
2026-05-07 20:00,156.862,156.956,156.736,156.870
2026-05-07 21:00,156.883,156.907,156.708,156.821
2026-05-07 22:00,156.808,156.953,156.808,156.872
2026-05-07 23:00,156.871,156.916,156.815,156.838
2026-05-08 00:00,156.846,156.992,156.804,156.964
2026-05-08 01:00,156.964,156.974,156.844,156.898
2026-05-08 02:00,156.895,156.957,156.866,156.891
2026-05-08 03:00,156.882,156.898,156.762,156.831
2026-05-08 04:00,156.832,156.900,156.819,156.847
2026-05-08 05:00,156.842,156.884,156.805,156.826
2026-05-08 06:00,156.830,156.847,156.707,156.824
2026-05-08 07:00,156.824,156.852,156.729,156.833
2026-05-08 08:00,156.827,156.858,156.628,156.699
2026-05-08 09:00,156.704,156.710,156.622,156.674
2026-05-08 10:00,156.673,156.787,156.646,156.775
2026-05-08 11:00,156.775,156.786,156.719,156.750
2026-05-08 12:00,156.747,156.827,156.514,156.642
2026-05-08 13:00,156.633,156.702,156.425,156.497
2026-05-08 14:00,156.496,156.665,156.478,156.623
2026-05-08 15:00,156.624,156.673,156.546,156.639
2026-05-08 16:00,156.638,156.705,156.590,156.698
2026-05-08 17:00,156.693,156.716,156.605,156.683
2026-05-08 18:00,156.683,156.747,156.584,156.694
2026-05-08 19:00,156.688,156.773,156.663,156.722
2026-05-08 20:00,156.724,156.758,156.621,156.621
2026-05-10 23:00,156.890,156.897,156.824,156.858
2026-05-11 00:00,156.863,157.063,156.825,156.936
2026-05-11 01:00,156.930,157.097,156.916,157.095
2026-05-11 02:00,157.089,157.151,157.045,157.136
2026-05-11 03:00,157.137,157.175,157.086,157.157
2026-05-11 04:00,157.157,157.161,157.082,157.125
2026-05-11 05:00,157.124,157.148,157.062,157.136
2026-05-11 06:00,157.127,157.148,156.983,156.997
2026-05-11 07:00,156.991,157.136,156.983,157.121
2026-05-11 08:00,157.116,157.146,156.940,157.079
2026-05-11 09:00,157.084,157.147,157.062,157.140
2026-05-11 10:00,157.136,157.161,157.076,157.137
2026-05-11 11:00,157.134,157.148,157.062,157.120
2026-05-11 12:00,157.114,157.139,157.051,157.114
2026-05-11 13:00,157.109,157.126,156.985,157.035
2026-05-11 14:00,157.022,157.095,156.972,156.988
2026-05-11 15:00,156.992,157.072,156.976,157.047
2026-05-11 16:00,157.043,157.165,157.026,157.152
2026-05-11 17:00,157.152,157.212,157.098,157.113
2026-05-11 18:00,157.104,157.209,157.088,157.205
2026-05-11 19:00,157.200,157.266,157.194,157.237
2026-05-11 20:00,157.242,157.274,157.134,157.183
2026-05-11 21:00,157.177,157.177,157.070,157.091
2026-05-11 22:00,157.124,157.201,157.091,157.178
2026-05-11 23:00,157.178,157.247,157.170,157.240
2026-05-12 00:00,157.231,157.433,157.229,157.420
2026-05-12 01:00,157.415,157.586,157.365,157.534
2026-05-12 02:00,157.528,157.652,157.521,157.583
2026-05-12 03:00,157.582,157.640,157.540,157.612
2026-05-12 04:00,157.605,157.640,157.542,157.580
2026-05-12 05:00,157.585,157.749,156.707,157.305
2026-05-12 06:00,157.306,157.526,157.038,157.506
2026-05-12 07:00,157.508,157.568,157.385,157.500
2026-05-12 08:00,157.506,157.657,157.482,157.617
2026-05-12 09:00,157.612,157.665,157.533,157.558
2026-05-12 10:00,157.553,157.615,157.485,157.549
2026-05-12 11:00,157.549,157.606,157.493,157.567
2026-05-12 12:00,157.572,157.644,157.510,157.548
2026-05-12 13:00,157.551,157.669,157.476,157.648
2026-05-12 14:00,157.643,157.701,157.568,157.617
2026-05-12 15:00,157.624,157.752,157.605,157.706
2026-05-12 16:00,157.705,157.764,157.668,157.749
2026-05-12 17:00,157.745,157.755,157.668,157.687
2026-05-12 18:00,157.687,157.723,157.576,157.588
2026-05-12 19:00,157.585,157.638,157.513,157.628
2026-05-12 20:00,157.637,157.660,157.557,157.598
2026-05-12 21:00,157.599,157.627,157.522,157.544
2026-05-12 22:00,157.545,157.620,157.542,157.602
2026-05-12 23:00,157.587,157.679,157.554,157.662
2026-05-13 00:00,157.664,157.770,157.625,157.706
2026-05-13 01:00,157.707,157.782,157.556,157.646
2026-05-13 02:00,157.646,157.729,157.592,157.653
2026-05-13 03:00,157.650,157.685,157.618,157.681
2026-05-13 04:00,157.675,157.752,157.662,157.714
2026-05-13 05:00,157.712,157.736,157.678,157.680
2026-05-13 06:00,157.688,157.788,157.679,157.767
2026-05-13 07:00,157.763,157.844,157.669,157.826
2026-05-13 08:00,157.826,157.843,157.740,157.805
2026-05-13 09:00,157.801,157.896,157.778,157.827
2026-05-13 10:00,157.827,157.855,157.776,157.814
2026-05-13 11:00,157.806,157.837,157.737,157.760
2026-05-13 12:00,157.767,157.898,157.745,157.840
2026-05-13 13:00,157.847,157.865,157.751,157.772
2026-05-13 14:00,157.768,157.896,157.751,157.862
2026-05-13 15:00,157.863,157.876,157.768,157.832
2026-05-13 16:00,157.833,157.862,157.736,157.849
2026-05-13 17:00,157.849,157.925,157.825,157.916
2026-05-13 18:00,157.916,157.924,157.846,157.892
2026-05-13 19:00,157.888,157.901,157.827,157.865
2026-05-13 20:00,157.865,157.904,157.841,157.844
2026-05-13 21:00,157.846,157.868,157.654,157.822
2026-05-13 22:00,157.802,157.842,157.744,157.776
2026-05-13 23:00,157.797,157.861,157.747,157.826
2026-05-14 00:00,157.846,157.873,157.775,157.848
2026-05-14 01:00,157.848,157.920,157.816,157.905
2026-05-14 02:00,157.908,157.950,157.854,157.920
2026-05-14 03:00,157.916,157.992,157.888,157.963
2026-05-14 04:00,157.939,157.974,157.474,157.835
2026-05-14 05:00,157.861,157.947,157.832,157.878
2026-05-14 06:00,157.902,157.917,157.776,157.839
2026-05-14 07:00,157.841,157.934,157.787,157.907
2026-05-14 08:00,157.907,157.947,157.821,157.898
2026-05-14 09:00,157.894,157.931,157.853,157.881
2026-05-14 10:00,157.880,157.940,157.843,157.926
2026-05-14 11:00,157.926,157.975,157.879,157.967
2026-05-14 12:00,157.941,157.993,157.872,157.963
2026-05-14 13:00,157.942,158.167,157.266,157.873
2026-05-14 14:00,157.908,158.156,157.812,158.146
2026-05-14 15:00,158.156,158.192,158.046,158.087
2026-05-14 16:00,158.080,158.201,158.049,158.163
2026-05-14 17:00,158.163,158.199,158.103,158.188
2026-05-14 18:00,158.188,158.203,158.137,158.182
2026-05-14 19:00,158.182,158.382,158.137,158.345
2026-05-14 20:00,158.353,158.419,158.313,158.342
2026-05-14 21:00,158.335,158.364,158.250,158.333
2026-05-14 22:00,158.316,158.394,158.295,158.364
2026-05-14 23:00,158.362,158.440,158.313,158.379
2026-05-15 00:00,158.372,158.514,158.315,158.469
2026-05-15 01:00,158.470,158.563,158.417,158.528
2026-05-15 02:00,158.522,158.588,158.433,158.525
2026-05-15 03:00,158.519,158.533,158.468,158.479
2026-05-15 04:00,158.483,158.524,158.469,158.511
2026-05-15 05:00,158.510,158.646,158.510,158.608
2026-05-15 06:00,158.606,158.674,158.421,158.426
2026-05-15 07:00,158.432,158.483,158.344,158.440
2026-05-15 08:00,158.445,158.576,158.394,158.559
2026-05-15 09:00,158.567,158.603,158.451,158.509
2026-05-15 10:00,158.507,158.535,158.284,158.367
2026-05-15 11:00,158.356,158.586,158.350,158.561
2026-05-15 12:00,158.562,158.586,158.504,158.574
2026-05-15 13:00,158.568,158.741,158.518,158.686
2026-05-15 14:00,158.682,158.744,158.583,158.591
2026-05-15 15:00,158.590,158.745,158.545,158.691
2026-05-15 16:00,158.698,158.734,158.660,158.698
2026-05-15 17:00,158.699,158.728,158.637,158.725
2026-05-15 18:00,158.728,158.751,158.694,158.704
2026-05-15 19:00,158.698,158.786,158.688,158.767
2026-05-15 20:00,158.766,158.845,158.705,158.731
2026-05-17 23:00,158.773,158.882,158.754,158.847
2026-05-18 00:00,158.844,158.954,158.796,158.933
2026-05-18 01:00,158.928,158.954,158.856,158.933
2026-05-18 02:00,158.925,158.948,158.882,158.908
2026-05-18 03:00,158.907,159.058,158.898,159.031
2026-05-18 04:00,159.030,159.073,158.797,158.982
2026-05-18 05:00,158.983,159.000,158.895,158.943
2026-05-18 06:00,158.939,158.953,158.826,158.885
2026-05-18 07:00,158.884,158.984,158.799,158.920
2026-05-18 08:00,158.912,158.933,158.784,158.826
2026-05-18 09:00,158.819,158.934,158.817,158.932
2026-05-18 10:00,158.928,158.953,158.890,158.923
2026-05-18 11:00,158.922,158.958,158.671,158.830
2026-05-18 12:00,158.827,158.844,158.604,158.684
2026-05-18 13:00,158.683,158.782,158.636,158.740
2026-05-18 14:00,158.738,158.916,158.725,158.842
2026-05-18 15:00,158.835,158.939,158.792,158.832
2026-05-18 16:00,158.831,158.945,158.765,158.934
2026-05-18 17:00,158.934,158.951,158.882,158.911
2026-05-18 18:00,158.912,159.078,158.908,159.069
2026-05-18 19:00,159.075,159.083,158.797,158.888
2026-05-18 20:00,158.881,158.887,158.730,158.780
2026-05-18 21:00,158.784,158.820,158.715,158.751
2026-05-18 22:00,158.731,158.832,158.707,158.816
2026-05-18 23:00,158.816,158.873,158.795,158.861
2026-05-19 00:00,158.861,159.020,158.852,159.012
2026-05-19 01:00,159.013,159.028,158.885,158.975
2026-05-19 02:00,158.975,159.006,158.944,158.960
2026-05-19 03:00,158.958,158.991,158.920,158.958
2026-05-19 04:00,158.952,159.006,158.913,158.984
2026-05-19 05:00,158.984,159.033,158.944,158.997
2026-05-19 06:00,158.997,159.112,158.997,159.070
2026-05-19 07:00,159.062,159.143,158.996,159.044
2026-05-19 08:00,159.039,159.145,158.995,159.134
2026-05-19 09:00,159.136,159.172,159.061,159.097
2026-05-19 10:00,159.094,159.178,159.048,159.094
2026-05-19 11:00,159.092,159.143,159.068,159.133
2026-05-19 12:00,159.126,159.141,158.640,159.065
2026-05-19 13:00,159.065,159.194,158.916,159.045
2026-05-19 14:00,159.048,159.251,158.979,159.063
2026-05-19 15:00,159.062,159.174,158.958,159.119
2026-05-19 16:00,159.118,159.177,158.771,158.821
2026-05-19 17:00,158.810,158.889,158.777,158.856
2026-05-19 18:00,158.856,159.091,158.851,159.044
2026-05-19 19:00,159.039,159.078,158.987,159.050
2026-05-19 20:00,159.050,159.105,159.037,159.046
2026-05-19 21:00,159.058,159.108,158.974,159.033
2026-05-19 22:00,159.033,159.117,159.023,159.067
2026-05-19 23:00,159.056,159.072,158.980,159.043
2026-05-20 00:00,159.035,159.103,158.948,158.991
2026-05-20 01:00,158.992,159.092,158.968,159.032
2026-05-20 02:00,159.030,159.045,158.831,158.918
2026-05-20 03:00,158.924,158.953,158.849,158.865
2026-05-20 04:00,158.864,159.002,158.810,158.980
2026-05-20 05:00,158.974,158.993,158.910,158.973
2026-05-20 06:00,158.967,159.002,158.866,158.969
2026-05-20 07:00,158.973,159.062,158.923,159.061
2026-05-20 08:00,159.055,159.103,159.010,159.044
2026-05-20 09:00,159.036,159.080,158.986,159.068
2026-05-20 10:00,159.058,159.071,158.950,158.990
2026-05-20 11:00,158.995,159.053,158.958,159.028
2026-05-20 12:00,159.029,159.041,158.976,159.012
2026-05-20 13:00,159.013,159.113,159.000,159.099
2026-05-20 14:00,159.099,159.169,158.786,158.871
2026-05-20 15:00,158.871,158.923,158.579,158.843
2026-05-20 16:00,158.841,158.915,158.747,158.833
2026-05-20 17:00,158.829,158.935,158.803,158.883
2026-05-20 18:00,158.918,158.965,158.789,158.842
2026-05-20 19:00,158.834,158.897,158.773,158.858
2026-05-20 20:00,158.853,158.934,158.838,158.900
2026-05-20 21:00,158.877,158.900,158.785,158.890
2026-05-20 22:00,158.836,158.922,158.800,158.826
2026-05-20 23:00,158.837,158.924,158.812,158.889
2026-05-21 00:00,158.880,158.928,158.837,158.857
2026-05-21 01:00,158.866,158.900,158.804,158.886
2026-05-21 02:00,158.886,158.980,158.843,158.974
2026-05-21 03:00,158.976,158.986,158.914,158.961
2026-05-21 04:00,158.962,159.003,158.941,158.999
2026-05-21 05:00,158.993,159.050,158.970,159.009
2026-05-21 06:00,159.010,159.074,158.984,159.057
2026-05-21 07:00,159.058,159.085,158.992,159.027
2026-05-21 08:00,159.026,159.031,158.895,158.974
2026-05-21 09:00,158.980,158.991,158.901,158.974
2026-05-21 10:00,158.969,159.137,158.953,159.125
2026-05-21 11:00,159.119,159.167,159.036,159.160
2026-05-21 12:00,159.159,159.185,159.082,159.156
2026-05-21 13:00,159.156,159.350,159.114,159.200
2026-05-21 14:00,159.199,159.279,159.115,159.160
2026-05-21 15:00,159.160,159.256,159.140,159.169
2026-05-21 16:00,159.161,159.198,159.111,159.143
2026-05-21 17:00,159.137,159.174,158.812,158.876
2026-05-21 18:00,158.876,159.103,158.828,159.073
2026-05-21 19:00,159.080,159.095,158.866,158.910
2026-05-21 20:00,158.910,159.009,158.878,158.954
2026-05-21 21:00,158.933,158.984,158.853,158.928
2026-05-21 22:00,158.930,159.022,158.930,158.986
2026-05-21 23:00,158.992,159.044,158.977,159.022
2026-05-22 00:00,159.018,159.130,159.016,159.086
2026-05-22 01:00,159.086,159.127,159.049,159.092
2026-05-22 02:00,159.092,159.105,158.996,159.029
2026-05-22 03:00,159.029,159.055,159.001,159.033
2026-05-22 04:00,159.033,159.074,159.004,159.063
2026-05-22 05:00,159.064,159.141,159.050,159.124
2026-05-22 06:00,159.126,159.143,159.057,159.099
2026-05-22 07:00,159.099,159.146,159.098,159.129
2026-05-22 08:00,159.126,159.137,159.048,159.084
2026-05-22 09:00,159.085,159.146,159.074,159.098
2026-05-22 10:00,159.098,159.135,159.069,159.118
2026-05-22 11:00,159.120,159.145,159.105,159.134
2026-05-22 12:00,159.132,159.150,159.053,159.076
2026-05-22 13:00,159.077,159.140,158.983,159.087
2026-05-22 14:00,159.101,159.178,159.017,159.101
2026-05-22 15:00,159.097,159.235,159.078,159.193
2026-05-22 16:00,159.193,159.233,159.148,159.175
2026-05-22 17:00,159.168,159.182,159.052,159.125
2026-05-22 18:00,159.123,159.171,159.092,159.134
2026-05-22 19:00,159.130,159.172,159.094,159.158
2026-05-22 20:00,159.159,159.214,159.131,159.155
2026-05-24 23:00,158.870,158.965,158.830,158.954
2026-05-25 00:00,158.946,158.964,158.820,158.902
2026-05-25 01:00,158.891,158.902,158.750,158.877
2026-05-25 02:00,158.869,158.880,158.827,158.841
2026-05-25 03:00,158.841,158.892,158.826,158.878
2026-05-25 04:00,158.878,158.914,158.838,158.853
2026-05-25 05:00,158.853,158.939,158.833,158.926
2026-05-25 06:00,158.924,158.940,158.879,158.898
2026-05-25 07:00,158.906,159.042,158.893,158.969
2026-05-25 08:00,158.967,158.993,158.894,158.908
2026-05-25 09:00,158.918,158.943,158.887,158.919
2026-05-25 10:00,158.919,158.952,158.909,158.940
2026-05-25 11:00,158.941,158.962,158.880,158.931
2026-05-25 12:00,158.929,158.943,158.871,158.897
2026-05-25 13:00,158.895,158.926,158.874,158.913
2026-05-25 14:00,158.911,158.925,158.877,158.917
2026-05-25 15:00,158.912,158.951,158.876,158.898
2026-05-25 16:00,158.894,158.924,158.884,158.888
2026-05-25 17:00,158.889,158.907,158.879,158.894
2026-05-25 18:00,158.889,158.906,158.878,158.898
2026-05-25 19:00,158.896,158.920,158.884,158.906
2026-05-25 20:00,158.907,158.941,158.870,158.887
2026-05-25 21:00,158.866,158.896,158.819,158.874
2026-05-25 22:00,158.863,158.966,158.848,158.914
2026-05-25 23:00,158.915,158.968,158.901,158.949
2026-05-26 00:00,158.949,158.993,158.926,158.965
2026-05-26 01:00,158.961,159.004,158.938,158.967
2026-05-26 02:00,158.961,158.987,158.926,158.939
2026-05-26 03:00,158.939,158.946,158.903,158.933
2026-05-26 04:00,158.933,159.022,158.925,158.991
2026-05-26 05:00,158.996,159.035,158.964,159.019
2026-05-26 06:00,159.028,159.121,159.013,159.098
2026-05-26 07:00,159.099,159.203,159.088,159.196
2026-05-26 08:00,159.192,159.240,159.188,159.206
2026-05-26 09:00,159.213,159.225,159.151,159.156
2026-05-26 10:00,159.153,159.181,159.102,159.140
2026-05-26 11:00,159.140,159.215,159.126,159.186
2026-05-26 12:00,159.186,159.231,159.180,159.229
2026-05-26 13:00,159.224,159.303,159.220,159.274
2026-05-26 14:00,159.276,159.327,159.219,159.319
2026-05-26 15:00,159.317,159.382,159.294,159.357
2026-05-26 16:00,159.358,159.363,159.276,159.304
2026-05-26 17:00,159.299,159.380,159.277,159.358
2026-05-26 18:00,159.359,159.374,159.296,159.328
2026-05-26 19:00,159.333,159.347,159.295,159.316
2026-05-26 20:00,159.313,159.334,159.271,159.285
2026-05-26 21:00,159.271,159.310,159.238,159.243
2026-05-26 22:00,159.243,159.302,159.207,159.267
2026-05-26 23:00,159.249,159.276,159.191,159.252
2026-05-27 00:00,159.243,159.313,159.167,159.276
2026-05-27 01:00,159.276,159.305,159.209,159.292
2026-05-27 02:00,159.292,159.304,159.217,159.222
2026-05-27 03:00,159.218,159.233,159.180,159.200
2026-05-27 04:00,159.198,159.246,159.192,159.239
2026-05-27 05:00,159.242,159.350,159.224,159.349
2026-05-27 06:00,159.344,159.379,159.290,159.350
2026-05-27 07:00,159.349,159.366,159.298,159.351
2026-05-27 08:00,159.351,159.445,159.310,159.394
2026-05-27 09:00,159.388,159.400,159.310,159.359
2026-05-27 10:00,159.351,159.392,159.339,159.383
2026-05-27 11:00,159.376,159.449,159.368,159.429
2026-05-27 12:00,159.428,159.449,159.241,159.415
2026-05-27 13:00,159.417,159.437,159.374,159.384
2026-05-27 14:00,159.374,159.511,159.361,159.507
2026-05-27 15:00,159.508,159.537,159.430,159.466
2026-05-27 16:00,159.469,159.525,159.460,159.494
2026-05-27 17:00,159.486,159.580,159.485,159.518
2026-05-27 18:00,159.519,159.557,159.488,159.507
2026-05-27 19:00,159.506,159.552,159.496,159.541
2026-05-27 20:00,159.540,159.543,159.488,159.501
2026-05-27 21:00,159.494,159.513,159.391,159.439
2026-05-27 22:00,159.462,159.518,159.433,159.502
2026-05-27 23:00,159.497,159.579,159.485,159.560
2026-05-28 00:00,159.568,159.603,159.537,159.559
2026-05-28 01:00,159.558,159.593,159.530,159.589
2026-05-28 02:00,159.583,159.604,159.516,159.559
2026-05-28 03:00,159.554,159.653,159.531,159.619
2026-05-28 04:00,159.610,159.620,159.515,159.569
2026-05-28 05:00,159.569,159.583,159.523,159.546
2026-05-28 06:00,159.558,159.572,159.461,159.487
2026-05-28 07:00,159.484,159.524,159.435,159.474
2026-05-28 08:00,159.474,159.527,159.444,159.457
2026-05-28 09:00,159.447,159.471,159.373,159.410
2026-05-28 10:00,159.408,159.467,159.371,159.460
2026-05-28 11:00,159.466,159.469,159.408,159.462
2026-05-28 12:00,159.458,159.464,159.294,159.364
2026-05-28 13:00,159.366,159.458,159.313,159.443
2026-05-28 14:00,159.449,159.493,159.158,159.227
2026-05-28 15:00,159.226,159.297,159.174,159.285
2026-05-28 16:00,159.293,159.339,159.105,159.159
2026-05-28 17:00,159.165,159.239,159.142,159.194
2026-05-28 18:00,159.194,159.287,159.170,159.257
2026-05-28 19:00,159.257,159.289,159.202,159.242
2026-05-28 20:00,159.247,159.276,159.215,159.222
2026-05-28 21:00,159.217,159.233,159.166,159.226
2026-05-28 22:00,159.213,159.281,159.167,159.260
2026-05-28 23:00,159.260,159.288,159.213,159.267
2026-05-29 00:00,159.261,159.325,159.239,159.285
2026-05-29 01:00,159.288,159.331,159.246,159.316
2026-05-29 02:00,159.317,159.324,159.263,159.315
2026-05-29 03:00,159.306,159.370,159.303,159.361
2026-05-29 04:00,159.351,159.378,159.294,159.295
2026-05-29 05:00,159.295,159.333,159.278,159.313
2026-05-29 06:00,159.305,159.333,159.188,159.207
2026-05-29 07:00,159.211,159.319,159.194,159.254
2026-05-29 08:00,159.259,159.319,159.205,159.290
2026-05-29 09:00,159.290,159.301,159.231,159.293
2026-05-29 10:00,159.292,159.322,159.255,159.280
2026-05-29 11:00,159.279,159.302,159.240,159.250
2026-05-29 12:00,159.252,159.309,159.239,159.254
2026-05-29 13:00,159.253,159.310,159.234,159.302
2026-05-29 14:00,159.303,159.358,159.157,159.187
2026-05-29 15:00,159.189,159.247,159.090,159.227
2026-05-29 16:00,159.227,159.253,159.176,159.193
2026-05-29 17:00,159.193,159.288,159.177,159.285
2026-05-29 18:00,159.277,159.306,159.214,159.258
2026-05-29 19:00,159.263,159.275,159.209,159.249
2026-05-29 20:00,159.260,159.292,159.210,159.249
2026-05-29 21:00,159.255,159.255,159.255,159.255
2026-05-31 23:00,159.388,159.400,159.292,159.361
2026-06-01 00:00,159.353,159.471,159.353,159.454
2026-06-01 01:00,159.449,159.499,159.442,159.488
2026-06-01 02:00,159.484,159.499,159.445,159.464
2026-06-01 03:00,159.458,159.487,159.430,159.472
2026-06-01 04:00,159.472,159.483,159.447,159.453
2026-06-01 05:00,159.453,159.482,159.429,159.464
2026-06-01 06:00,159.459,159.501,159.408,159.426
2026-06-01 07:00,159.419,159.486,159.403,159.460
2026-06-01 08:00,159.461,159.475,159.434,159.446
2026-06-01 09:00,159.448,159.483,159.436,159.451
2026-06-01 10:00,159.450,159.479,159.436,159.448
2026-06-01 11:00,159.448,159.495,159.436,159.491
2026-06-01 12:00,159.483,159.495,159.427,159.480
2026-06-01 13:00,159.482,159.742,159.479,159.710
2026-06-01 14:00,159.721,159.764,159.652,159.716
2026-06-01 15:00,159.724,159.737,159.572,159.657
2026-06-01 16:00,159.654,159.712,159.559,159.595
2026-06-01 17:00,159.602,159.684,159.564,159.628
2026-06-01 18:00,159.630,159.765,159.612,159.764
2026-06-01 19:00,159.759,159.761,159.643,159.693
2026-06-01 20:00,159.687,159.705,159.636,159.641
2026-06-01 21:00,159.643,159.674,159.531,159.602
2026-06-01 22:00,159.602,159.671,159.565,159.654
2026-06-01 23:00,159.661,159.661,159.611,159.635
2026-06-02 00:00,159.635,159.727,159.629,159.660
2026-06-02 01:00,159.657,159.724,159.630,159.707
2026-06-02 02:00,159.708,159.723,159.671,159.707
2026-06-02 03:00,159.715,159.724,159.680,159.720
2026-06-02 04:00,159.713,159.730,159.704,159.721
2026-06-02 05:00,159.721,159.743,159.706,159.741
2026-06-02 06:00,159.734,159.748,159.680,159.697
2026-06-02 07:00,159.697,159.728,159.685,159.689
2026-06-02 08:00,159.693,159.746,159.647,159.743
2026-06-02 09:00,159.744,159.751,159.688,159.735
2026-06-02 10:00,159.732,159.754,159.701,159.728
2026-06-02 11:00,159.728,159.752,159.707,159.747
2026-06-02 12:00,159.738,159.786,159.729,159.778
2026-06-02 13:00,159.776,159.835,159.759,159.774
2026-06-02 14:00,159.797,159.877,159.767,159.859
2026-06-02 15:00,159.860,159.902,159.852,159.874
2026-06-02 16:00,159.872,159.949,159.856,159.902
2026-06-02 17:00,159.903,159.969,159.885,159.959
2026-06-02 18:00,159.955,159.990,159.896,159.900
2026-06-02 19:00,159.899,159.954,159.884,159.922
2026-06-02 20:00,159.927,159.950,159.863,159.864
2026-06-02 21:00,159.866,159.915,159.816,159.897
2026-06-02 22:00,159.867,159.978,159.845,159.944
2026-06-02 23:00,159.952,159.998,159.937,159.980
2026-06-03 00:00,159.979,159.987,159.887,159.935
2026-06-03 01:00,159.934,159.945,159.807,159.854
2026-06-03 02:00,159.854,159.880,159.824,159.866
2026-06-03 03:00,159.865,159.903,159.862,159.879
2026-06-03 04:00,159.880,159.898,159.861,159.882
2026-06-03 05:00,159.882,159.933,159.861,159.921
2026-06-03 06:00,159.927,159.987,159.900,159.972
2026-06-03 07:00,159.972,159.997,159.538,159.701
2026-06-03 08:00,159.698,159.817,159.351,159.748
2026-06-03 09:00,159.748,159.884,159.746,159.789
2026-06-03 10:00,159.780,159.855,159.657,159.786
2026-06-03 11:00,159.791,159.840,159.775,159.838
2026-06-03 12:00,159.834,159.931,159.773,159.911
2026-06-03 13:00,159.911,159.985,159.887,159.952
2026-06-03 14:00,159.974,160.002,159.891,159.940
2026-06-03 15:00,159.940,160.005,159.932,159.971
2026-06-03 16:00,159.963,160.049,159.943,159.983
2026-06-03 17:00,159.978,160.051,159.946,160.038
2026-06-03 18:00,160.049,160.060,160.011,160.033
2026-06-03 19:00,160.032,160.080,159.994,160.071
2026-06-03 20:00,160.076,160.094,160.024,160.024
2026-06-03 21:00,160.036,160.055,159.935,159.989
2026-06-03 22:00,159.989,160.083,159.817,159.945
2026-06-03 23:00,159.912,159.981,159.882,159.943
2026-06-04 00:00,159.942,159.968,159.878,159.903
2026-06-04 01:00,159.902,159.932,159.865,159.877
2026-06-04 02:00,159.884,159.913,159.865,159.898
2026-06-04 03:00,159.891,159.989,159.890,159.967
2026-06-04 04:00,159.970,159.992,159.574,159.865
2026-06-04 05:00,159.865,159.933,159.847,159.883
2026-06-04 06:00,159.877,159.921,159.818,159.901
2026-06-04 07:00,159.898,159.929,159.858,159.903
2026-06-04 08:00,159.902,159.920,159.838,159.870
2026-06-04 09:00,159.869,159.897,159.835,159.858
2026-06-04 10:00,159.849,159.898,159.849,159.870
2026-06-04 11:00,159.873,159.878,159.742,159.760
2026-06-04 12:00,159.759,159.878,159.746,159.857
2026-06-04 13:00,159.857,159.922,159.836,159.912
2026-06-04 14:00,159.912,160.004,159.871,159.987
2026-06-04 15:00,159.980,160.031,159.950,159.967
2026-06-04 16:00,159.966,159.994,159.934,159.969
2026-06-04 17:00,159.967,160.001,159.963,159.988
2026-06-04 18:00,159.988,160.035,159.961,160.023
2026-06-04 19:00,160.024,160.034,160.000,160.008
2026-06-04 20:00,160.015,160.046,159.988,160.013
2026-06-04 21:00,159.998,160.042,159.916,159.967
2026-06-04 22:00,159.940,160.024,159.931,159.998
2026-06-04 23:00,159.990,160.013,159.964,159.990
2026-06-05 00:00,159.988,160.007,159.937,159.961
2026-06-05 01:00,159.953,159.972,159.893,159.956
2026-06-05 02:00,159.953,159.977,159.930,159.975
2026-06-05 03:00,159.971,159.994,159.933,159.950
2026-06-05 04:00,159.950,159.971,159.935,159.952
2026-06-05 05:00,159.954,159.971,159.909,159.963
2026-06-05 06:00,159.956,159.974,159.920,159.934
2026-06-05 07:00,159.933,159.953,159.903,159.952
2026-06-05 08:00,159.945,159.954,159.915,159.943
2026-06-05 09:00,159.942,159.960,159.889,159.935
2026-06-05 10:00,159.935,159.951,159.898,159.904
2026-06-05 11:00,159.903,159.933,159.820,159.838
2026-06-05 12:00,159.841,160.223,159.823,160.208
2026-06-05 13:00,160.217,160.265,159.706,160.138
2026-06-05 14:00,160.139,160.282,160.054,160.266
2026-06-05 15:00,160.265,160.301,160.208,160.259
2026-06-05 16:00,160.259,160.343,160.235,160.274
2026-06-05 17:00,160.275,160.342,160.264,160.314
2026-06-05 18:00,160.315,160.341,160.083,160.158
2026-06-05 19:00,160.159,160.207,160.111,160.171
2026-06-05 20:00,160.184,160.334,160.169,160.293
2026-06-07 23:00,160.328,160.345,160.232,160.328
2026-06-08 00:00,160.328,160.347,160.231,160.323
2026-06-08 01:00,160.320,160.352,160.258,160.327
2026-06-08 02:00,160.326,160.379,160.320,160.370
2026-06-08 03:00,160.369,160.394,160.332,160.339
2026-06-08 04:00,160.340,160.355,160.281,160.343
2026-06-08 05:00,160.338,160.347,160.199,160.259
2026-06-08 06:00,160.254,160.342,160.222,160.258
2026-06-08 07:00,160.264,160.266,160.144,160.230
2026-06-08 08:00,160.222,160.243,159.840,160.026
2026-06-08 09:00,160.011,160.076,159.976,160.002
2026-06-08 10:00,160.010,160.082,159.918,159.996
2026-06-08 11:00,159.997,160.013,159.875,159.963
2026-06-08 12:00,159.963,159.984,159.908,159.953
2026-06-08 13:00,159.960,160.039,159.930,160.027
2026-06-08 14:00,160.027,160.204,160.024,160.075
2026-06-08 15:00,160.070,160.140,160.032,160.119
2026-06-08 16:00,160.114,160.171,160.074,160.157
2026-06-08 17:00,160.159,160.205,160.112,160.162
2026-06-08 18:00,160.160,160.271,160.134,160.251
2026-06-08 19:00,160.251,160.270,160.198,160.207
2026-06-08 20:00,160.213,160.226,160.118,160.139
2026-06-08 21:00,160.118,160.182,160.078,160.108
2026-06-08 22:00,160.108,160.189,160.085,160.163
2026-06-08 23:00,160.161,160.229,160.146,160.174
2026-06-09 00:00,160.174,160.285,160.126,160.232
2026-06-09 01:00,160.231,160.252,160.168,160.193
2026-06-09 02:00,160.184,160.225,160.179,160.223
2026-06-09 03:00,160.219,160.258,160.198,160.249
2026-06-09 04:00,160.253,160.258,160.180,160.185
2026-06-09 05:00,160.189,160.208,160.105,160.145
2026-06-09 06:00,160.148,160.181,160.045,160.168
2026-06-09 07:00,160.160,160.219,160.148,160.192
2026-06-09 08:00,160.194,160.224,160.163,160.173
2026-06-09 09:00,160.171,160.202,160.138,160.184
2026-06-09 10:00,160.185,160.215,160.140,160.162
2026-06-09 11:00,160.162,160.181,160.139,160.153
2026-06-09 12:00,160.153,160.199,160.141,160.189
2026-06-09 13:00,160.183,160.227,160.143,160.197
2026-06-09 14:00,160.195,160.262,160.144,160.247
2026-06-09 15:00,160.248,160.305,160.211,160.223
2026-06-09 16:00,160.225,160.449,160.207,160.397
2026-06-09 17:00,160.402,160.406,160.278,160.352
2026-06-09 18:00,160.348,160.376,160.320,160.352
2026-06-09 19:00,160.352,160.422,160.350,160.409
2026-06-09 20:00,160.407,160.424,160.333,160.348
2026-06-09 21:00,160.328,160.384,160.295,160.322
2026-06-09 22:00,160.324,160.407,160.302,160.399
2026-06-09 23:00,160.400,160.421,160.369,160.382
2026-06-10 00:00,160.382,160.438,160.345,160.379
2026-06-10 01:00,160.379,160.396,160.225,160.374
2026-06-10 02:00,160.372,160.384,160.331,160.359
2026-06-10 03:00,160.360,160.373,160.332,160.351
2026-06-10 04:00,160.350,160.372,160.339,160.371
2026-06-10 05:00,160.372,160.378,160.321,160.338
2026-06-10 06:00,160.338,160.390,160.319,160.378
2026-06-10 07:00,160.378,160.399,160.339,160.387
2026-06-10 08:00,160.386,160.433,160.377,160.419
2026-06-10 09:00,160.424,160.481,160.397,160.444
2026-06-10 10:00,160.437,160.478,160.435,160.461
2026-06-10 11:00,160.460,160.530,160.452,160.499
2026-06-10 12:00,160.489,160.516,160.304,160.431
2026-06-10 13:00,160.434,160.458,160.336,160.386
2026-06-10 14:00,160.379,160.495,160.365,160.488
2026-06-10 15:00,160.478,160.531,160.436,160.470
2026-06-10 16:00,160.466,160.511,160.434,160.481
2026-06-10 17:00,160.481,160.544,160.450,160.499
2026-06-10 18:00,160.500,160.506,160.447,160.491
2026-06-10 19:00,160.491,160.541,160.488,160.532
2026-06-10 20:00,160.539,160.577,160.509,160.528
2026-06-10 21:00,160.509,160.521,160.445,160.472
2026-06-10 22:00,160.478,160.565,160.419,160.539
2026-06-10 23:00,160.549,160.563,160.506,160.527
2026-06-11 00:00,160.527,160.550,160.488,160.519
2026-06-11 01:00,160.508,160.547,160.420,160.483
2026-06-11 02:00,160.489,160.537,160.466,160.508
2026-06-11 03:00,160.507,160.537,160.501,160.505
2026-06-11 04:00,160.507,160.533,160.487,160.506
2026-06-11 05:00,160.501,160.550,160.487,160.546
2026-06-11 06:00,160.538,160.590,160.529,160.552
2026-06-11 07:00,160.553,160.558,160.487,160.507
2026-06-11 08:00,160.498,160.543,160.491,160.534
2026-06-11 09:00,160.524,160.550,160.507,160.532
2026-06-11 10:00,160.524,160.555,160.513,160.523
2026-06-11 11:00,160.519,160.538,160.499,160.529
2026-06-11 12:00,160.537,160.602,160.481,160.525
2026-06-11 13:00,160.523,160.559,160.451,160.482
2026-06-11 14:00,160.480,160.553,160.465,160.503
2026-06-11 15:00,160.503,160.521,160.462,160.505
2026-06-11 16:00,160.504,160.558,160.499,160.522
2026-06-11 17:00,160.525,160.548,160.021,160.120
2026-06-11 18:00,160.124,160.286,159.932,160.074
2026-06-11 19:00,160.080,160.082,159.516,159.788
2026-06-11 20:00,159.794,159.976,159.740,159.923
2026-06-11 21:00,159.884,159.976,159.865,159.943
2026-06-11 22:00,159.932,160.089,159.897,160.010
2026-06-11 23:00,160.007,160.151,159.963,160.138
2026-06-12 00:00,160.130,160.221,160.113,160.162
2026-06-12 01:00,160.162,160.269,160.146,160.260
2026-06-12 02:00,160.255,160.307,160.239,160.291
2026-06-12 03:00,160.284,160.297,160.203,160.227
2026-06-12 04:00,160.234,160.271,160.220,160.250
2026-06-12 05:00,160.251,160.351,160.232,160.341
2026-06-12 06:00,160.338,160.360,160.250,160.315
2026-06-12 07:00,160.311,160.377,160.264,160.280
2026-06-12 08:00,160.278,160.295,159.946,160.087
2026-06-12 09:00,160.085,160.112,159.947,160.058
2026-06-12 10:00,160.057,160.194,160.031,160.088
2026-06-12 11:00,160.089,160.185,160.084,160.166
2026-06-12 12:00,160.166,160.308,160.166,160.249
2026-06-12 13:00,160.250,160.346,160.186,160.253
2026-06-12 14:00,160.267,160.292,160.153,160.236
2026-06-12 15:00,160.242,160.250,160.160,160.247
2026-06-12 16:00,160.242,160.281,160.175,160.226
2026-06-12 17:00,160.227,160.238,160.178,160.195
2026-06-12 18:00,160.194,160.242,160.186,160.235
2026-06-12 19:00,160.229,160.243,160.193,160.199
2026-06-12 20:00,160.206,160.236,160.153,160.207
2026-06-12 21:00,160.185,160.185,160.185,160.185
2026-06-14 23:00,159.931,159.980,159.892,159.953
2026-06-15 00:00,159.955,160.129,159.877,160.105
2026-06-15 01:00,160.105,160.218,160.088,160.208
2026-06-15 02:00,160.207,160.231,160.116,160.138
2026-06-15 03:00,160.138,160.146,160.043,160.059
2026-06-15 04:00,160.052,160.096,160.008,160.045
2026-06-15 05:00,160.045,160.058,159.987,160.047
2026-06-15 06:00,160.047,160.163,160.038,160.125
2026-06-15 07:00,160.126,160.140,160.036,160.105
2026-06-15 08:00,160.107,160.152,160.069,160.137
2026-06-15 09:00,160.132,160.147,160.081,160.117
2026-06-15 10:00,160.115,160.148,160.083,160.122
2026-06-15 11:00,160.121,160.208,160.105,160.183
2026-06-15 12:00,160.179,160.194,160.112,160.133
2026-06-15 13:00,160.135,160.155,160.061,160.068
2026-06-15 14:00,160.068,160.139,160.022,160.130
2026-06-15 15:00,160.132,160.205,160.122,160.196
2026-06-15 16:00,160.196,160.243,160.140,160.212
2026-06-15 17:00,160.211,160.281,160.208,160.266
2026-06-15 18:00,160.267,160.318,160.249,160.305
2026-06-15 19:00,160.302,160.392,160.275,160.390
2026-06-15 20:00,160.380,160.397,160.304,160.332
2026-06-15 21:00,160.286,160.359,160.262,160.299
2026-06-15 22:00,160.333,160.357,160.271,160.323
2026-06-15 23:00,160.316,160.327,160.215,160.240
2026-06-16 00:00,160.240,160.276,160.151,160.193
2026-06-16 01:00,160.194,160.216,160.093,160.155
2026-06-16 02:00,160.153,160.198,160.090,160.139
2026-06-16 03:00,160.128,160.251,160.035,160.204
2026-06-16 04:00,160.202,160.352,160.185,160.249
2026-06-16 05:00,160.247,160.304,160.228,160.289
2026-06-16 06:00,160.296,160.298,160.142,160.206
2026-06-16 07:00,160.202,160.347,160.189,160.237
2026-06-16 08:00,160.230,160.333,160.218,160.322
2026-06-16 09:00,160.314,160.361,160.299,160.337
2026-06-16 10:00,160.337,160.347,160.272,160.285
2026-06-16 11:00,160.286,160.362,160.285,160.355
2026-06-16 12:00,160.352,160.379,160.312,160.319
2026-06-16 13:00,160.323,160.410,160.316,160.391
2026-06-16 14:00,160.398,160.467,160.367,160.397
2026-06-16 15:00,160.397,160.462,160.330,160.389
2026-06-16 16:00,160.381,160.409,160.327,160.398
2026-06-16 17:00,160.389,160.445,160.380,160.435
2026-06-16 18:00,160.434,160.463,160.414,160.429
2026-06-16 19:00,160.430,160.479,160.388,160.469
2026-06-16 20:00,160.463,160.482,160.379,160.393
2026-06-16 21:00,160.366,160.443,160.338,160.376
2026-06-16 22:00,160.376,160.442,160.357,160.408
2026-06-16 23:00,160.400,160.444,160.385,160.419
2026-06-17 00:00,160.427,160.428,160.340,160.348
2026-06-17 01:00,160.347,160.373,160.307,160.344
2026-06-17 02:00,160.344,160.354,160.302,160.326
2026-06-17 03:00,160.329,160.355,160.306,160.312
2026-06-17 04:00,160.312,160.326,160.246,160.259
2026-06-17 05:00,160.259,160.330,160.257,160.321
2026-06-17 06:00,160.321,160.337,160.244,160.248
2026-06-17 07:00,160.248,160.306,160.177,160.184
2026-06-17 08:00,160.185,160.255,160.112,160.201
2026-06-17 09:00,160.203,160.226,160.155,160.178
2026-06-17 10:00,160.185,160.245,160.175,160.228
2026-06-17 11:00,160.229,160.335,160.221,160.312
2026-06-17 12:00,160.302,160.325,160.227,160.242
2026-06-17 13:00,160.243,160.301,160.180,160.190
2026-06-17 14:00,160.190,160.352,160.188,160.317
2026-06-17 15:00,160.315,160.337,160.186,160.216
2026-06-17 16:00,160.216,160.237,160.189,160.190
2026-06-17 17:00,160.192,160.237,160.170,160.170
2026-06-17 18:00,160.182,160.515,160.182,160.495
2026-06-17 19:00,160.488,160.796,160.463,160.731
2026-06-17 20:00,160.730,160.758,160.601,160.630
2026-06-17 21:00,160.630,160.634,160.490,160.553
2026-06-17 22:00,160.544,160.655,160.511,160.600
2026-06-17 23:00,160.599,160.624,160.530,160.602
2026-06-18 00:00,160.600,160.751,160.526,160.693
2026-06-18 01:00,160.693,160.699,160.618,160.632
2026-06-18 02:00,160.632,160.665,160.554,160.582
2026-06-18 03:00,160.581,160.616,160.558,160.576
2026-06-18 04:00,160.576,160.623,160.569,160.595
2026-06-18 05:00,160.589,160.652,160.576,160.645
2026-06-18 06:00,160.638,160.683,160.586,160.626
2026-06-18 07:00,160.631,160.683,160.567,160.589
2026-06-18 08:00,160.589,160.779,160.583,160.770
2026-06-18 09:00,160.769,160.806,160.465,160.792
2026-06-18 10:00,160.784,160.951,160.746,160.916
2026-06-18 11:00,160.915,160.952,160.859,160.930
2026-06-18 12:00,160.923,160.945,160.824,160.867
2026-06-18 13:00,160.869,160.929,160.793,160.881
2026-06-18 14:00,160.881,160.915,160.834,160.853
2026-06-18 15:00,160.858,161.374,160.843,161.368
2026-06-18 16:00,161.366,161.454,161.187,161.425
2026-06-18 17:00,161.420,161.458,161.331,161.446
2026-06-18 18:00,161.438,161.688,161.396,161.672
2026-06-18 19:00,161.675,161.809,160.883,161.433
2026-06-18 20:00,161.432,161.461,161.322,161.361
2026-06-18 21:00,161.334,161.405,161.273,161.318
2026-06-18 22:00,161.318,161.429,161.164,161.253
2026-06-18 23:00,161.265,161.360,161.238,161.290
2026-06-19 00:00,161.293,161.303,160.997,161.100
2026-06-19 01:00,161.094,161.211,160.976,161.192
2026-06-19 02:00,161.190,161.244,161.098,161.230
2026-06-19 03:00,161.223,161.347,161.197,161.346
2026-06-19 04:00,161.341,161.412,161.325,161.371
2026-06-19 05:00,161.372,161.459,161.326,161.338
2026-06-19 06:00,161.331,161.402,161.260,161.269
2026-06-19 07:00,161.270,161.353,161.233,161.313
2026-06-19 08:00,161.311,161.326,161.235,161.279
2026-06-19 09:00,161.278,161.329,161.223,161.257
2026-06-19 10:00,161.264,161.333,161.234,161.274
2026-06-19 11:00,161.279,161.309,161.229,161.255
2026-06-19 12:00,161.250,161.283,161.151,161.164
2026-06-19 13:00,161.162,161.308,161.148,161.289
2026-06-19 14:00,161.287,161.322,161.138,161.154
2026-06-19 15:00,161.163,161.309,161.125,161.300
2026-06-19 16:00,161.301,161.342,161.255,161.322
2026-06-19 17:00,161.332,161.336,161.254,161.268
2026-06-19 18:00,161.266,161.283,161.227,161.261
2026-06-19 19:00,161.261,161.293,161.222,161.284
2026-06-19 20:00,161.287,161.320,161.197,161.280
2026-06-19 21:00,161.275,161.280,161.275,161.280
2026-06-21 23:00,161.447,161.519,161.408,161.434
2026-06-22 00:00,161.433,161.569,161.412,161.489
2026-06-22 01:00,161.496,161.549,161.430,161.529
2026-06-22 02:00,161.531,161.600,161.512,161.534
2026-06-22 03:00,161.528,161.607,161.525,161.588
2026-06-22 04:00,161.579,161.694,161.576,161.659
2026-06-22 05:00,161.659,161.703,161.632,161.695
2026-06-22 06:00,161.693,161.716,161.607,161.682
2026-06-22 07:00,161.676,161.768,161.642,161.735
2026-06-22 08:00,161.735,161.788,161.700,161.771
2026-06-22 09:00,161.762,161.775,161.702,161.743
2026-06-22 10:00,161.740,161.751,161.649,161.720
2026-06-22 11:00,161.720,161.787,161.669,161.761
2026-06-22 12:00,161.760,161.787,161.718,161.767
2026-06-22 13:00,161.768,161.907,161.729,161.899
2026-06-22 14:00,161.892,161.928,161.051,161.331
2026-06-22 15:00,161.322,161.549,161.156,161.501
2026-06-22 16:00,161.508,161.649,161.470,161.551
2026-06-22 17:00,161.549,161.565,161.480,161.497
2026-06-22 18:00,161.494,161.525,161.392,161.420
2026-06-22 19:00,161.411,161.690,161.411,161.607
2026-06-22 20:00,161.610,161.615,161.538,161.572
2026-06-22 21:00,161.524,161.539,161.484,161.516
2026-06-22 22:00,161.520,161.640,161.513,161.576
2026-06-22 23:00,161.573,161.589,161.545,161.570
2026-06-23 00:00,161.570,161.634,161.515,161.582
2026-06-23 01:00,161.572,161.608,161.547,161.590
2026-06-23 02:00,161.584,161.598,161.517,161.576
2026-06-23 03:00,161.576,161.607,161.532,161.548
2026-06-23 04:00,161.548,161.615,161.543,161.611
2026-06-23 05:00,161.604,161.687,161.584,161.652
2026-06-23 06:00,161.648,161.741,161.632,161.638
2026-06-23 07:00,161.637,161.661,161.309,161.458
2026-06-23 08:00,161.460,161.485,161.263,161.436
2026-06-23 09:00,161.429,161.469,161.334,161.385
2026-06-23 10:00,161.383,161.480,161.345,161.454
2026-06-23 11:00,161.447,161.617,161.423,161.585
2026-06-23 12:00,161.584,161.608,161.438,161.558
2026-06-23 13:00,161.550,161.581,161.442,161.518
2026-06-23 14:00,161.518,161.586,161.481,161.544
2026-06-23 15:00,161.538,161.587,161.497,161.544
2026-06-23 16:00,161.544,161.600,161.532,161.598
2026-06-23 17:00,161.589,161.621,161.535,161.554
2026-06-23 18:00,161.549,161.596,161.534,161.562
2026-06-23 19:00,161.563,161.574,161.507,161.570
2026-06-23 20:00,161.568,161.611,161.508,161.550
2026-06-23 21:00,161.482,161.553,161.465,161.502
2026-06-23 22:00,161.503,161.607,161.491,161.554
2026-06-23 23:00,161.558,161.609,161.521,161.602
2026-06-24 00:00,161.595,161.636,161.542,161.625
2026-06-24 01:00,161.619,161.628,161.543,161.564
2026-06-24 02:00,161.563,161.588,161.527,161.541
2026-06-24 03:00,161.545,161.604,161.538,161.544
2026-06-24 04:00,161.546,161.565,161.523,161.550
2026-06-24 05:00,161.550,161.618,161.535,161.608
2026-06-24 06:00,161.602,161.718,161.573,161.704
2026-06-24 07:00,161.710,161.740,161.657,161.725
2026-06-24 08:00,161.710,161.757,161.675,161.749
2026-06-24 09:00,161.751,161.781,161.704,161.743
2026-06-24 10:00,161.733,161.752,161.674,161.683
2026-06-24 11:00,161.684,161.718,161.618,161.655
2026-06-24 12:00,161.647,161.753,161.629,161.748
2026-06-24 13:00,161.748,161.766,161.695,161.748
2026-06-24 14:00,161.746,161.817,161.698,161.782
2026-06-24 15:00,161.782,161.813,161.727,161.751
2026-06-24 16:00,161.751,161.771,161.684,161.753
2026-06-24 17:00,161.753,161.822,161.728,161.810
2026-06-24 18:00,161.810,161.830,161.755,161.756
2026-06-24 19:00,161.757,161.843,161.744,161.815
2026-06-24 20:00,161.824,161.832,161.748,161.755
2026-06-24 21:00,161.728,161.786,161.709,161.739
2026-06-24 22:00,161.739,161.783,161.689,161.769
2026-06-24 23:00,161.760,161.791,161.743,161.763
2026-06-25 00:00,161.763,161.782,161.691,161.706
2026-06-25 01:00,161.707,161.744,161.550,161.719
2026-06-25 02:00,161.718,161.730,161.656,161.707
2026-06-25 03:00,161.709,161.754,161.688,161.725
2026-06-25 04:00,161.717,161.776,161.700,161.766
2026-06-25 05:00,161.759,161.828,161.720,161.823
2026-06-25 06:00,161.831,161.891,161.778,161.880
2026-06-25 07:00,161.878,161.900,161.745,161.805
2026-06-25 08:00,161.808,161.836,161.769,161.793
2026-06-25 09:00,161.793,161.840,161.782,161.809
2026-06-25 10:00,161.816,161.897,161.798,161.878
2026-06-25 11:00,161.870,161.950,161.736,161.858
2026-06-25 12:00,161.858,161.902,161.760,161.833
2026-06-25 13:00,161.832,161.857,161.696,161.738
2026-06-25 14:00,161.737,161.762,161.556,161.675
2026-06-25 15:00,161.676,161.724,161.607,161.668
2026-06-25 16:00,161.667,161.765,161.652,161.762
2026-06-25 17:00,161.763,161.810,161.723,161.770
2026-06-25 18:00,161.770,161.844,161.755,161.794
2026-06-25 19:00,161.790,161.826,161.742,161.783
2026-06-25 20:00,161.790,161.815,161.767,161.774
2026-06-25 21:00,161.763,161.812,161.662,161.735
2026-06-25 22:00,161.760,161.808,161.735,161.784
2026-06-25 23:00,161.778,161.818,161.753,161.802
2026-06-26 00:00,161.797,161.842,161.783,161.832
2026-06-26 01:00,161.824,161.850,161.787,161.805
2026-06-26 02:00,161.797,161.818,161.763,161.769
2026-06-26 03:00,161.770,161.780,161.614,161.648
2026-06-26 04:00,161.643,161.685,161.559,161.622
2026-06-26 05:00,161.621,161.643,161.531,161.536
2026-06-26 06:00,161.536,161.750,161.525,161.711
2026-06-26 07:00,161.711,161.727,161.612,161.627
2026-06-26 08:00,161.618,161.657,161.531,161.589
2026-06-26 09:00,161.580,161.631,161.526,161.605
2026-06-26 10:00,161.600,161.643,161.564,161.613
2026-06-26 11:00,161.613,161.682,161.601,161.661
2026-06-26 12:00,161.657,161.705,161.630,161.653
2026-06-26 13:00,161.655,161.723,161.606,161.622
2026-06-26 14:00,161.603,161.741,161.573,161.730
2026-06-26 15:00,161.720,161.746,161.627,161.666
2026-06-26 16:00,161.665,161.771,161.653,161.751
2026-06-26 17:00,161.750,161.777,161.723,161.772
2026-06-26 18:00,161.765,161.777,161.705,161.732
2026-06-26 19:00,161.731,161.766,161.703,161.757
2026-06-26 20:00,161.758,161.781,161.693,161.693
2026-06-26 21:00,161.685,161.730,161.685,161.730
2026-06-28 23:00,161.780,161.810,161.762,161.787
2026-06-29 00:00,161.787,161.797,161.711,161.754
2026-06-29 01:00,161.753,161.794,161.727,161.790
2026-06-29 02:00,161.787,161.792,161.725,161.783
2026-06-29 03:00,161.782,161.799,161.767,161.799
2026-06-29 04:00,161.790,161.815,161.778,161.808
2026-06-29 05:00,161.808,161.816,161.775,161.803
2026-06-29 06:00,161.796,161.852,161.770,161.791
2026-06-29 07:00,161.785,161.832,161.782,161.820
2026-06-29 08:00,161.819,161.860,161.796,161.848
2026-06-29 09:00,161.848,161.900,161.825,161.885
2026-06-29 10:00,161.879,161.901,161.840,161.852
2026-06-29 11:00,161.850,161.863,161.805,161.834
2026-06-29 12:00,161.832,161.905,161.827,161.888
2026-06-29 13:00,161.889,161.965,161.877,161.952
2026-06-29 14:00,161.953,161.957,161.803,161.924
2026-06-29 15:00,161.924,161.953,161.915,161.929
2026-06-29 16:00,161.933,161.946,161.911,161.937
2026-06-29 17:00,161.938,161.960,161.912,161.927
2026-06-29 18:00,161.931,161.984,161.921,161.965
2026-06-29 19:00,161.965,161.972,161.900,161.942
2026-06-29 20:00,161.943,161.969,161.904,161.926
2026-06-29 21:00,161.928,161.928,161.835,161.895
2026-06-29 22:00,161.890,161.944,161.829,161.925
2026-06-29 23:00,161.924,161.930,161.900,161.926
2026-06-30 00:00,161.918,162.404,161.916,162.125
2026-06-30 01:00,162.133,162.306,162.045,162.176
2026-06-30 02:00,162.176,162.200,162.102,162.148
2026-06-30 03:00,162.142,162.244,162.039,162.167
2026-06-30 04:00,162.166,162.203,162.142,162.196
2026-06-30 05:00,162.190,162.292,162.145,162.283
2026-06-30 06:00,162.286,162.413,162.196,162.203
2026-06-30 07:00,162.206,162.268,162.108,162.250
2026-06-30 08:00,162.259,162.412,162.217,162.306
2026-06-30 09:00,162.308,162.346,162.262,162.289
2026-06-30 10:00,162.293,162.357,162.283,162.307
2026-06-30 11:00,162.312,162.428,162.307,162.408
2026-06-30 12:00,162.408,162.514,162.012,162.398
2026-06-30 13:00,162.398,162.477,162.309,162.448
2026-06-30 14:00,162.462,162.554,162.348,162.516
2026-06-30 15:00,162.511,162.662,162.464,162.614
2026-06-30 16:00,162.614,162.670,162.595,162.648
2026-06-30 17:00,162.643,162.649,162.551,162.585
2026-06-30 18:00,162.578,162.621,162.554,162.612
2026-06-30 19:00,162.612,162.632,162.570,162.573
2026-06-30 20:00,162.578,162.614,162.473,162.473
2026-06-30 21:00,162.520,162.617,162.468,162.544
2026-06-30 22:00,162.548,162.627,162.539,162.605
2026-06-30 23:00,162.600,162.649,162.520,162.627
2026-07-01 00:00,162.627,162.777,162.626,162.681
2026-07-01 01:00,162.686,162.735,162.582,162.678
2026-07-01 02:00,162.678,162.793,162.653,162.744
2026-07-01 03:00,162.743,162.841,162.725,162.794
2026-07-01 04:00,162.792,162.813,162.556,162.728
2026-07-01 05:00,162.718,162.762,162.678,162.703
2026-07-01 06:00,162.707,162.758,162.650,162.669
2026-07-01 07:00,162.669,162.721,162.604,162.669
2026-07-01 08:00,162.666,162.704,162.626,162.665
2026-07-01 09:00,162.653,162.744,162.643,162.736
2026-07-01 10:00,162.729,162.747,162.667,162.684
2026-07-01 11:00,162.682,162.736,162.676,162.690
2026-07-01 12:00,162.688,162.767,162.646,162.695
2026-07-01 13:00,162.698,162.734,162.286,162.397
2026-07-01 14:00,162.393,162.452,162.304,162.391
2026-07-01 15:00,162.390,162.477,162.366,162.409
2026-07-01 16:00,162.408,162.463,162.351,162.451
2026-07-01 17:00,162.453,162.547,162.419,162.529
2026-07-01 18:00,162.533,162.583,162.506,162.518
2026-07-01 19:00,162.522,162.584,162.503,162.569
2026-07-01 20:00,162.566,162.619,162.544,162.575
2026-07-01 21:00,162.571,162.594,162.502,162.507
2026-07-01 22:00,162.507,162.572,162.505,162.531
2026-07-01 23:00,162.532,162.588,162.509,162.541
2026-07-02 00:00,162.541,162.600,162.476,162.559
2026-07-02 01:00,162.556,162.586,162.498,162.527
2026-07-02 02:00,162.528,162.554,162.490,162.517
2026-07-02 03:00,162.521,162.545,162.429,162.457
2026-07-02 04:00,162.453,162.461,162.354,162.425
2026-07-02 05:00,162.426,162.434,162.310,162.329
2026-07-02 06:00,162.326,162.336,161.104,161.811
2026-07-02 07:00,161.811,161.950,161.366,161.423
2026-07-02 08:00,161.432,161.461,160.892,161.021
2026-07-02 09:00,161.018,161.342,161.015,161.192
2026-07-02 10:00,161.188,161.490,161.187,161.352
2026-07-02 11:00,161.360,161.502,161.316,161.474
2026-07-02 12:00,161.470,161.644,160.620,161.017
2026-07-02 13:00,161.017,161.159,160.845,160.858
2026-07-02 14:00,160.850,161.120,160.825,161.038
2026-07-02 15:00,161.035,161.081,160.753,160.903
2026-07-02 16:00,160.907,161.095,160.886,160.987
2026-07-02 17:00,160.978,161.126,160.976,161.067
2026-07-02 18:00,161.067,161.105,161.014,161.043
2026-07-02 19:00,161.043,161.173,161.042,161.122
2026-07-02 20:00,161.120,161.141,161.057,161.085
2026-07-02 21:00,161.104,161.116,160.986,161.064
2026-07-02 22:00,161.067,161.304,160.999,161.268
2026-07-02 23:00,161.249,161.469,161.223,161.449
2026-07-03 00:00,161.449,161.524,161.180,161.192
2026-07-03 01:00,161.187,161.274,160.909,161.230
2026-07-03 02:00,161.226,161.249,161.112,161.165
2026-07-03 03:00,161.166,161.224,161.135,161.165
2026-07-03 04:00,161.165,161.211,161.119,161.119
2026-07-03 05:00,161.120,161.180,160.974,161.158
2026-07-03 06:00,161.155,161.166,160.466,160.860
2026-07-03 07:00,160.862,160.998,160.707,160.795
2026-07-03 08:00,160.791,161.038,160.765,161.028
2026-07-03 09:00,161.032,161.130,160.955,161.128
2026-07-03 10:00,161.118,161.169,161.067,161.092
2026-07-03 11:00,161.089,161.161,161.048,161.111
2026-07-03 12:00,161.105,161.173,161.100,161.167
2026-07-03 13:00,161.169,161.275,161.161,161.254
2026-07-03 14:00,161.244,161.295,161.197,161.287
2026-07-03 15:00,161.289,161.345,161.263,161.317
2026-07-03 16:00,161.306,161.394,161.292,161.338
2026-07-03 17:00,161.338,161.359,161.263,161.304
2026-07-03 18:00,161.288,161.359,161.275,161.339
2026-07-03 19:00,161.341,161.380,161.322,161.359
2026-07-03 20:00,161.359,161.429,161.262,161.337
2026-07-05 23:00,161.405,161.507,161.405,161.460
2026-07-06 00:00,161.452,161.607,161.449,161.528
2026-07-06 01:00,161.532,161.817,161.524,161.804
2026-07-06 02:00,161.805,161.852,161.742,161.768
2026-07-06 03:00,161.767,161.863,161.757,161.832
2026-07-06 04:00,161.832,161.947,161.802,161.934
2026-07-06 05:00,161.934,162.086,161.876,162.072
2026-07-06 06:00,162.069,162.308,162.021,162.246
2026-07-06 07:00,162.248,162.315,162.149,162.153
2026-07-06 08:00,162.155,162.293,162.153,162.240
2026-07-06 09:00,162.240,162.349,162.223,162.325
2026-07-06 10:00,162.324,162.412,162.249,162.302
2026-07-06 11:00,162.304,162.356,162.277,162.331
2026-07-06 12:00,162.329,162.427,162.295,162.398
2026-07-06 13:00,162.395,162.420,162.302,162.320
2026-07-06 14:00,162.327,162.385,162.266,162.359
2026-07-06 15:00,162.360,162.369,162.265,162.284
2026-07-06 16:00,162.278,162.317,162.235,162.255
2026-07-06 17:00,162.254,162.274,162.137,162.170
2026-07-06 18:00,162.167,162.189,162.008,162.040
2026-07-06 19:00,162.036,162.116,162.025,162.044
2026-07-06 20:00,162.043,162.114,162.023,162.070
2026-07-06 21:00,162.068,162.128,162.026,162.058
2026-07-06 22:00,162.059,162.113,162.015,162.069
2026-07-06 23:00,162.061,162.110,161.993,162.096
2026-07-07 00:00,162.088,162.183,162.074,162.124
2026-07-07 01:00,162.129,162.147,161.673,161.862
2026-07-07 02:00,161.868,161.927,161.785,161.916
2026-07-07 03:00,161.913,161.927,161.786,161.869
2026-07-07 04:00,161.861,161.887,161.673,161.785
2026-07-07 05:00,161.785,161.894,161.745,161.863
2026-07-07 06:00,161.873,162.044,161.854,162.016
2026-07-07 07:00,162.017,162.082,161.656,161.962
2026-07-07 08:00,161.963,161.972,161.818,161.889
2026-07-07 09:00,161.889,161.967,161.807,161.940
2026-07-07 10:00,161.929,161.963,161.870,161.927
2026-07-07 11:00,161.933,161.957,161.838,161.915
2026-07-07 12:00,161.907,161.929,161.749,161.832
2026-07-07 13:00,161.830,161.903,161.803,161.887
2026-07-07 14:00,161.895,162.023,161.851,161.915
2026-07-07 15:00,161.905,161.946,161.850,161.912
2026-07-07 16:00,161.907,161.959,161.861,161.936
2026-07-07 17:00,161.928,161.943,161.865,161.892
2026-07-07 18:00,161.881,161.972,161.854,161.922
2026-07-07 19:00,161.932,162.142,161.922,162.076
2026-07-07 20:00,162.071,162.128,162.047,162.090
2026-07-07 21:00,162.085,162.174,161.978,162.139
2026-07-07 22:00,162.122,162.204,162.091,162.183
2026-07-07 23:00,162.173,162.366,162.161,162.353
2026-07-08 00:00,162.356,162.404,162.248,162.349
2026-07-08 01:00,162.341,162.463,162.278,162.351
2026-07-08 02:00,162.352,162.433,162.332,162.343
2026-07-08 03:00,162.340,162.354,162.284,162.336
2026-07-08 04:00,162.336,162.408,162.330,162.368
2026-07-08 05:00,162.361,162.376,162.203,162.292
2026-07-08 06:00,162.292,162.310,162.070,162.198
2026-07-08 07:00,162.198,162.291,162.174,162.225
2026-07-08 08:00,162.220,162.498,162.203,162.486
2026-07-08 09:00,162.484,162.557,162.246,162.457
2026-07-08 10:00,162.459,162.479,162.399,162.474
2026-07-08 11:00,162.472,162.559,162.414,162.542
2026-07-08 12:00,162.532,162.546,162.437,162.514
2026-07-08 13:00,162.514,162.569,162.475,162.534
2026-07-08 14:00,162.535,162.623,162.508,162.606
2026-07-08 15:00,162.605,162.708,162.588,162.666
2026-07-08 16:00,162.664,162.672,162.498,162.531
2026-07-08 17:00,162.531,162.553,162.412,162.498
2026-07-08 18:00,162.527,162.561,162.438,162.477
2026-07-08 19:00,162.468,162.556,162.416,162.467
2026-07-08 20:00,162.471,162.646,162.463,162.584
2026-07-08 21:00,162.548,162.598,162.485,162.537
2026-07-08 22:00,162.536,162.614,162.511,162.552
2026-07-08 23:00,162.560,162.582,162.525,162.544
2026-07-09 00:00,162.534,162.543,162.356,162.439
2026-07-09 01:00,162.439,162.574,162.407,162.445
2026-07-09 02:00,162.445,162.504,162.430,162.471
2026-07-09 03:00,162.464,162.499,162.402,162.448
2026-07-09 04:00,162.447,162.465,162.406,162.426
2026-07-09 05:00,162.433,162.438,162.337,162.372
2026-07-09 06:00,162.364,162.375,162.240,162.289
2026-07-09 07:00,162.292,162.399,162.289,162.342
2026-07-09 08:00,162.342,162.404,162.294,162.388
2026-07-09 09:00,162.388,162.451,162.373,162.398
2026-07-09 10:00,162.396,162.508,162.395,162.480
2026-07-09 11:00,162.477,162.510,162.449,162.469
2026-07-09 12:00,162.469,162.477,162.381,162.436
2026-07-09 13:00,162.444,162.454,162.288,162.331
2026-07-09 14:00,162.339,162.423,162.279,162.368
2026-07-09 15:00,162.358,162.415,162.250,162.287
2026-07-09 16:00,162.281,162.327,162.251,162.316
2026-07-09 17:00,162.307,162.330,162.266,162.282
2026-07-09 18:00,162.283,162.377,162.280,162.329
2026-07-09 19:00,162.329,162.415,162.314,162.388
2026-07-09 20:00,162.380,162.406,162.329,162.358
2026-07-09 21:00,162.342,162.394,162.328,162.351
2026-07-09 22:00,162.348,162.429,162.313,162.351
2026-07-09 23:00,162.339,162.388,162.330,162.358
2026-07-10 00:00,162.358,162.425,161.887,162.042
2026-07-10 01:00,162.046,162.106,161.630,161.732
2026-07-10 02:00,161.735,161.754,161.278,161.448
2026-07-10 03:00,161.447,161.578,161.344,161.520
2026-07-10 04:00,161.512,161.710,161.512,161.627
2026-07-10 05:00,161.627,161.667,161.469,161.578
2026-07-10 06:00,161.574,161.616,161.404,161.574
2026-07-10 07:00,161.574,161.775,161.566,161.690
2026-07-10 08:00,161.689,161.747,161.532,161.679
2026-07-10 09:00,161.679,161.861,161.632,161.824
2026-07-10 10:00,161.821,161.830,161.689,161.761
2026-07-10 11:00,161.760,161.886,161.740,161.845
2026-07-10 12:00,161.843,161.895,161.679,161.788
2026-07-10 13:00,161.787,161.861,161.716,161.759
2026-07-10 14:00,161.768,161.869,161.741,161.822
2026-07-10 15:00,161.829,161.845,161.276,161.315
2026-07-10 16:00,161.312,161.513,161.294,161.503
2026-07-10 17:00,161.511,161.653,161.487,161.637
2026-07-10 18:00,161.642,161.735,161.624,161.681
2026-07-10 19:00,161.682,161.749,161.671,161.729
2026-07-10 20:00,161.730,161.763,161.648,161.672
2026-07-12 23:00,162.014,162.069,161.875,161.888
2026-07-13 00:00,161.878,162.103,161.873,162.090
2026-07-13 01:00,162.095,162.174,161.950,161.973
2026-07-13 02:00,161.970,162.094,161.954,162.073
2026-07-13 03:00,162.067,162.127,162.058,162.064
2026-07-13 04:00,162.064,162.096,161.956,161.997
2026-07-13 05:00,161.989,162.338,161.933,162.258
2026-07-13 06:00,162.262,162.359,162.192,162.241
2026-07-13 07:00,162.233,162.282,161.823,162.099
2026-07-13 08:00,162.102,162.144,162.011,162.076
2026-07-13 09:00,162.073,162.104,161.971,161.986
2026-07-13 10:00,161.993,162.125,161.983,162.060
2026-07-13 11:00,162.065,162.146,162.023,162.116
2026-07-13 12:00,162.112,162.196,162.092,162.108
2026-07-13 13:00,162.108,162.232,162.067,162.218
2026-07-13 14:00,162.219,162.413,162.181,162.343
2026-07-13 15:00,162.350,162.382,162.299,162.327
2026-07-13 16:00,162.317,162.467,162.303,162.449
2026-07-13 17:00,162.448,162.469,162.419,162.460
2026-07-13 18:00,162.464,162.481,162.349,162.351
2026-07-13 19:00,162.351,162.467,162.348,162.446
2026-07-13 20:00,162.446,162.488,162.388,162.432
2026-07-13 21:00,162.359,162.459,162.313,162.427
2026-07-13 22:00,162.427,162.473,162.403,162.435
2026-07-13 23:00,162.442,162.457,162.383,162.414
2026-07-14 00:00,162.413,162.470,162.223,162.384
2026-07-14 01:00,162.378,162.426,162.317,162.387
2026-07-14 02:00,162.390,162.415,162.303,162.323
2026-07-14 03:00,162.317,162.374,162.222,162.288
2026-07-14 04:00,162.284,162.342,162.256,162.320
2026-07-14 05:00,162.313,162.319,162.236,162.289
2026-07-14 06:00,162.284,162.372,162.270,162.347
2026-07-14 07:00,162.339,162.373,162.290,162.340
2026-07-14 08:00,162.338,162.388,162.040,162.266
2026-07-14 09:00,162.270,162.283,162.149,162.178
2026-07-14 10:00,162.176,162.264,162.149,162.244
2026-07-14 11:00,162.247,162.277,162.177,162.195
2026-07-14 12:00,162.193,162.235,161.588,161.912
2026-07-14 13:00,161.902,161.979,161.823,161.926
2026-07-14 14:00,161.919,162.017,161.820,161.965
2026-07-14 15:00,161.965,162.171,161.869,162.145
2026-07-14 16:00,162.138,162.202,162.101,162.109
2026-07-14 17:00,162.107,162.237,162.107,162.192
2026-07-14 18:00,162.188,162.288,162.156,162.187
2026-07-14 19:00,162.192,162.215,162.127,162.210
2026-07-14 20:00,162.204,162.270,162.199,162.233
2026-07-14 21:00,162.224,162.254,162.134,162.188
2026-07-14 22:00,162.189,162.266,162.158,162.226
2026-07-14 23:00,162.226,162.240,162.156,162.187
2026-07-15 00:00,162.189,162.240,162.070,162.099
2026-07-15 01:00,162.098,162.128,161.957,162.097
2026-07-15 02:00,162.089,162.124,162.027,162.102
2026-07-15 03:00,162.103,162.181,162.078,162.143
2026-07-15 04:00,162.133,162.230,162.128,162.212
2026-07-15 05:00,162.205,162.237,162.167,162.196
2026-07-15 06:00,162.196,162.216,162.093,162.202
2026-07-15 07:00,162.208,162.311,162.190,162.268
2026-07-15 08:00,162.261,162.351,162.238,162.290
2026-07-15 09:00,162.290,162.373,162.236,162.358
2026-07-15 10:00,162.358,162.423,162.303,162.328
2026-07-15 11:00,162.321,162.395,162.288,162.346
2026-07-15 12:00,162.335,162.395,162.134,162.157
2026-07-15 13:00,162.156,162.280,162.124,162.201
2026-07-15 14:00,162.201,162.238,162.117,162.143
2026-07-15 15:00,162.135,162.216,162.069,162.127
2026-07-15 16:00,162.125,162.199,162.110,162.158
2026-07-15 17:00,162.159,162.170,161.961,161.980
2026-07-15 18:00,161.987,162.062,161.885,162.046
2026-07-15 19:00,162.040,162.284,162.005,162.224
2026-07-15 20:00,162.224,162.233,162.153,162.172
2026-07-15 21:00,162.156,162.250,162.068,162.101
2026-07-15 22:00,162.101,162.152,162.044,162.113
2026-07-15 23:00,162.112,162.124,162.023,162.074
2026-07-16 00:00,162.067,162.155,162.045,162.093
2026-07-16 01:00,162.093,162.119,162.023,162.109
2026-07-16 02:00,162.105,162.169,162.081,162.145
2026-07-16 03:00,162.144,162.160,162.063,162.082
2026-07-16 04:00,162.082,162.142,162.075,162.092
2026-07-16 05:00,162.093,162.182,162.075,162.159
2026-07-16 06:00,162.150,162.176,162.104,162.112
2026-07-16 07:00,162.120,162.129,161.977,162.076
2026-07-16 08:00,162.076,162.179,162.059,162.146
2026-07-16 09:00,162.137,162.196,162.105,162.167
2026-07-16 10:00,162.169,162.194,162.123,162.143
2026-07-16 11:00,162.144,162.233,162.108,162.148
2026-07-16 12:00,162.155,162.301,162.123,162.296
2026-07-16 13:00,162.290,162.348,162.207,162.324
2026-07-16 14:00,162.325,162.453,162.301,162.441
2026-07-16 15:00,162.440,162.477,162.404,162.417
2026-07-16 16:00,162.417,162.546,162.413,162.464
2026-07-16 17:00,162.476,162.506,162.388,162.405
2026-07-16 18:00,162.405,162.425,162.363,162.382
2026-07-16 19:00,162.389,162.433,162.371,162.395
2026-07-16 20:00,162.394,162.406,162.333,162.382
2026-07-16 21:00,162.376,162.425,162.324,162.352
2026-07-16 22:00,162.344,162.383,162.295,162.364
2026-07-16 23:00,162.352,162.395,162.312,162.373
2026-07-17 00:00,162.374,162.456,162.352,162.421
2026-07-17 01:00,162.415,162.475,162.403,162.467
2026-07-17 02:00,162.463,162.469,162.334,162.364
2026-07-17 03:00,162.364,162.411,162.351,162.388
2026-07-17 04:00,162.394,162.431,162.362,162.418
2026-07-17 05:00,162.415,162.445,162.360,162.401
2026-07-17 06:00,162.395,162.423,162.111,162.264
2026-07-17 07:00,162.260,162.292,162.144,162.283
2026-07-17 08:00,162.285,162.423,162.254,162.383
2026-07-17 09:00,162.383,162.453,162.349,162.357
2026-07-17 10:00,162.363,162.419,162.348,162.359
2026-07-17 11:00,162.360,162.372,162.295,162.362
2026-07-17 12:00,162.356,162.419,162.295,162.404
2026-07-17 13:00,162.411,162.444,162.316,162.352
2026-07-17 14:00,162.337,162.412,162.322,162.404
2026-07-17 15:00,162.403,162.440,162.342,162.424
2026-07-17 16:00,162.428,162.519,162.423,162.433
2026-07-17 17:00,162.422,162.477,162.396,162.441
2026-07-17 18:00,162.441,162.461,162.408,162.438
2026-07-17 19:00,162.444,162.475,162.377,162.380
2026-07-17 20:00,162.380,162.445,162.334,162.353
2026-07-19 23:00,162.504,162.548,162.472,162.512
2026-07-20 00:00,162.512,162.538,162.320,162.339
2026-07-20 01:00,162.327,162.413,162.297,162.361
2026-07-20 02:00,162.356,162.374,162.325,162.367
2026-07-20 03:00,162.363,162.380,162.346,162.367
2026-07-20 04:00,162.367,162.386,162.320,162.335
2026-07-20 05:00,162.331,162.375,162.312,162.374
2026-07-20 06:00,162.364,162.416,162.350,162.405
2026-07-20 07:00,162.404,162.453,162.308,162.357
2026-07-20 08:00,162.358,162.379,162.327,162.371
2026-07-20 09:00,162.363,162.436,162.359,162.409
2026-07-20 10:00,162.410,162.430,162.382,162.400
2026-07-20 11:00,162.398,162.428,162.188,162.342
2026-07-20 12:00,162.345,162.431,162.337,162.402
2026-07-20 13:00,162.406,162.478,162.382,162.469
2026-07-20 14:00,162.477,162.589,162.459,162.519
2026-07-20 15:00,162.517,162.587,162.516,162.563
2026-07-20 16:00,162.563,162.600,162.516,162.516
2026-07-20 17:00,162.521,162.531,162.450,162.459
2026-07-20 18:00,162.458,162.534,162.414,162.499
2026-07-20 19:00,162.499,162.517,162.452,162.511
2026-07-20 20:00,162.511,162.532,162.468,162.475
2026-07-20 21:00,162.477,162.510,162.437,162.485
2026-07-20 22:00,162.441,162.517,162.410,162.498
2026-07-20 23:00,162.491,162.509,162.479,162.480
2026-07-21 00:00,162.480,162.536,162.438,162.529
2026-07-21 01:00,162.529,162.537,162.426,162.502
2026-07-21 02:00,162.501,162.526,162.477,162.488
2026-07-21 03:00,162.488,162.517,162.446,162.486
2026-07-21 04:00,162.482,162.500,162.464,162.483
2026-07-21 05:00,162.483,162.527,162.462,162.507
2026-07-21 06:00,162.503,162.559,162.480,162.521
2026-07-21 07:00,162.520,162.618,162.516,162.595
2026-07-21 08:00,162.596,162.700,162.577,162.686
2026-07-21 09:00,162.677,162.696,162.609,162.662
2026-07-21 10:00,162.662,162.706,162.635,162.671
2026-07-21 11:00,162.662,162.758,162.646,162.726
2026-07-21 12:00,162.724,162.801,162.690,162.718
2026-07-21 13:00,162.721,162.894,162.718,162.864
2026-07-21 14:00,162.865,163.042,162.853,163.011
2026-07-21 15:00,163.015,163.038,162.908,163.015
2026-07-21 16:00,163.012,163.030,162.950,163.001
2026-07-21 17:00,163.005,163.030,162.968,163.026
2026-07-21 18:00,163.028,163.237,163.021,163.183
2026-07-21 19:00,163.182,163.221,163.157,163.200
2026-07-21 20:00,163.202,163.239,163.154,163.169
2026-07-21 21:00,163.150,163.182,163.106,163.141
2026-07-21 22:00,163.141,163.215,163.136,163.199
2026-07-21 23:00,163.199,163.228,163.179,163.183
2026-07-22 00:00,163.185,163.207,163.022,163.131
2026-07-22 01:00,163.132,163.204,163.098,163.143
2026-07-22 02:00,163.144,163.180,163.066,163.120
2026-07-22 03:00,163.116,163.168,163.107,163.154
2026-07-22 04:00,163.150,163.197,163.143,163.170
2026-07-22 05:00,163.167,163.188,163.077,163.087
2026-07-22 06:00,163.082,163.145,163.042,163.085
2026-07-22 07:00,163.089,163.137,162.662,162.936
2026-07-22 08:00,162.942,163.113,162.904,162.959
2026-07-22 09:00,162.957,163.052,162.938,163.027
2026-07-22 10:00,163.027,163.077,163.000,163.016
2026-07-22 11:00,163.016,163.080,162.987,163.070
2026-07-22 12:00,163.070,163.136,163.033,163.102
2026-07-22 13:00,163.099,163.109,163.005,163.052
2026-07-22 14:00,163.052,163.120,163.034,163.115
2026-07-22 15:00,163.113,163.133,163.062,163.079
2026-07-22 16:00,163.076,163.126,163.060,163.110
2026-07-22 17:00,163.106,163.178,163.101,163.156
2026-07-22 18:00,163.153,163.174,163.100,163.123
2026-07-22 19:00,163.127,163.161,163.112,163.147
2026-07-22 20:00,163.148,163.166,163.127,163.131
2026-07-22 21:00,163.116,163.129,163.054,163.089
2026-07-22 22:00,163.081,163.152,163.051,163.120
2026-07-22 23:00,163.106,163.125,163.081,163.081
2026-07-23 00:00,163.081,163.140,163.036,163.046
2026-07-23 01:00,163.046,163.087,162.987,163.064
2026-07-23 02:00,163.052,163.100,163.040,163.064
2026-07-23 03:00,163.069,163.086,163.026,163.043
2026-07-23 04:00,163.039,163.084,163.022,163.072
2026-07-23 05:00,163.066,163.110,163.060,163.109
2026-07-23 06:00,163.104,163.120,163.063,163.104
2026-07-23 07:00,163.104,163.427,163.104,163.312
2026-07-23 08:00,163.311,163.441,163.278,163.334
2026-07-23 09:00,163.330,163.397,163.283,163.371
2026-07-23 10:00,163.368,163.384,163.340,163.368
2026-07-23 11:00,163.368,163.648,163.299,163.482
2026-07-23 12:00,163.490,163.758,163.447,163.666
2026-07-23 13:00,163.674,163.965,163.659,163.958
2026-07-23 14:00,163.963,163.988,163.866,163.918
2026-07-23 15:00,163.917,163.954,163.769,163.800
2026-07-23 16:00,163.799,163.835,163.713,163.764
2026-07-23 17:00,163.764,163.844,163.710,163.841
2026-07-23 18:00,163.839,163.847,163.771,163.797
2026-07-23 19:00,163.803,163.857,163.764,163.819
2026-07-23 20:00,163.817,163.877,163.792,163.853
2026-07-23 21:00,163.814,163.916,163.735,163.779
2026-07-23 22:00,163.783,163.851,163.740,163.844
2026-07-23 23:00,163.836,163.870,163.797,163.836
2026-07-24 00:00,163.832,163.940,163.789,163.818
2026-07-24 01:00,163.812,163.862,163.718,163.769
2026-07-24 02:00,163.772,163.808,163.722,163.770
2026-07-24 03:00,163.771,163.867,163.764,163.803
2026-07-24 04:00,163.804,163.847,163.774,163.828
2026-07-24 05:00,163.821,163.847,163.790,163.842
2026-07-24 06:00,163.833,163.848,163.758,163.759
2026-07-24 07:00,163.760,163.802,163.644,163.761
2026-07-24 08:00,163.760,163.812,163.717,163.726
2026-07-24 09:00,163.724,163.766,163.678,163.683
2026-07-24 10:00,163.689,163.806,163.669,163.788
2026-07-24 11:00,163.786,163.840,163.754,163.796
2026-07-24 12:00,163.802,163.864,163.793,163.846
2026-07-24 13:00,163.848,163.880,163.773,163.779
2026-07-24 14:00,163.777,163.836,163.688,163.754
2026-07-24 15:00,163.755,163.773,163.636,163.704
2026-07-24 16:00,163.711,163.780,163.698,163.778
2026-07-24 17:00,163.779,163.839,163.768,163.813
2026-07-24 18:00,163.807,163.856,163.792,163.836
2026-07-24 19:00,163.842,163.854,163.803,163.848
2026-07-24 20:00,163.847,163.870,163.791,163.791
2026-07-26 23:00,163.690,163.700,163.602,163.611
2026-07-27 00:00,163.616,163.655,163.513,163.629
2026-07-27 01:00,163.627,163.638,163.472,163.472
2026-07-27 02:00,163.473,163.582,163.449,163.570
2026-07-27 03:00,163.570,163.614,163.547,163.573
2026-07-27 04:00,163.571,163.598,163.544,163.572
2026-07-27 05:00,163.573,163.607,163.553,163.584
2026-07-27 06:00,163.584,163.604,163.503,163.507
2026-07-27 07:00,163.515,163.538,163.321,163.521
2026-07-27 08:00,163.520,163.557,163.487,163.520
2026-07-27 09:00,163.516,163.607,163.490,163.525
2026-07-27 10:00,163.525,163.600,163.525,163.592
2026-07-27 11:00,163.585,163.651,163.577,163.640
2026-07-27 12:00,163.640,163.706,163.620,163.686
2026-07-27 13:00,163.686,163.759,163.647,163.743
2026-07-27 14:00,163.744,163.768,163.688,163.698
2026-07-27 15:00,163.702,163.724,163.652,163.709
2026-07-27 16:00,163.709,163.715,163.579,163.649
2026-07-27 17:00,163.652,163.735,163.646,163.723
2026-07-27 18:00,163.723,163.790,163.684,163.776
2026-07-27 19:00,163.776,163.776,163.691,163.733
2026-07-27 20:00,163.734,163.769,163.718,163.745
2026-07-27 21:00,163.673,163.719,163.654,163.713
2026-07-27 22:00,163.712,163.762,163.693,163.740
2026-07-27 23:00,163.740,163.786,163.710,163.771
2026-07-28 00:00,163.771,163.843,163.731,163.738
2026-07-28 01:00,163.745,163.792,163.708,163.768
2026-07-28 02:00,163.759,163.792,163.669,163.708
2026-07-28 03:00,163.707,163.769,163.693,163.756
2026-07-28 04:00,163.756,163.778,163.739,163.745
2026-07-28 05:00,163.744,163.772,163.717,163.733
2026-07-28 06:00,163.733,163.742,163.662,163.709
2026-07-28 07:00,163.704,163.794,163.704,163.784
2026-07-28 08:00,163.779,163.853,163.754,163.819
2026-07-28 09:00,163.821,163.889,163.804,163.874
2026-07-28 10:00,163.875,163.949,163.859,163.932
2026-07-28 11:00,163.931,163.938,163.900,163.927
2026-07-28 12:00,163.927,163.934,163.837,163.872
2026-07-28 13:00,163.875,163.885,163.812,163.818
2026-07-28 14:00,163.827,163.882,163.812,163.863
2026-07-28 15:00,163.863,163.866,163.638,163.651
2026-07-28 16:00,163.650,163.748,163.638,163.737
2026-07-28 17:00,163.737,163.815,163.712,163.800
2026-07-28 18:00,163.798,163.861,163.765,163.856
2026-07-28 19:00,163.853,163.871,163.820,163.855
2026-07-28 20:00,163.854,163.889,163.808,163.811
2026-07-28 21:00,163.781,163.840,163.650,163.794
2026-07-28 22:00,163.779,163.890,163.769,163.842
2026-07-28 23:00,163.849,163.874,163.837,163.859
2026-07-29 00:00,163.859,163.883,163.662,163.695
2026-07-29 01:00,163.705,163.780,163.677,163.713
2026-07-29 02:00,163.719,163.753,163.651,163.717
2026-07-29 03:00,163.714,163.723,163.555,163.626
2026-07-29 04:00,163.618,163.625,163.272,163.423
2026-07-29 05:00,163.418,163.497,163.337,163.494
2026-07-29 06:00,163.494,163.581,163.446,163.530
2026-07-29 07:00,163.525,163.693,163.489,163.679
2026-07-29 08:00,163.673,163.694,163.550,163.578
2026-07-29 09:00,163.579,163.618,163.497,163.605
2026-07-29 10:00,163.607,163.696,163.597,163.652
2026-07-29 11:00,163.661,163.688,163.633,163.639
2026-07-29 12:00,163.637,163.821,163.626,163.800
2026-07-29 13:00,163.792,163.812,163.723,163.745
2026-07-29 14:00,163.744,163.887,163.731,163.883
2026-07-29 15:00,163.882,163.888,163.823,163.858
2026-07-29 16:00,163.853,163.904,163.852,163.888
2026-07-29 17:00,163.886,163.897,163.760,163.763
2026-07-29 18:00,163.784,163.847,163.310,163.317
2026-07-29 19:00,163.312,163.519,163.224,163.508
2026-07-29 20:00,163.508,163.570,163.344,163.370
2026-07-29 21:00,163.376,163.414,163.332,163.377
2026-07-29 22:00,163.376,163.454,163.359,163.376
2026-07-29 23:00,163.375,163.389,163.263,163.300
2026-07-30 00:00,163.308,163.517,163.202,163.493
2026-07-30 01:00,163.486,163.535,163.408,163.502
2026-07-30 02:00,163.497,163.506,163.444,163.483
2026-07-30 03:00,163.483,163.553,163.481,163.496
2026-07-30 04:00,163.495,163.520,163.456,163.484
2026-07-30 05:00,163.485,163.548,163.449,163.532
2026-07-30 06:00,163.532,163.644,163.527,163.634
2026-07-30 07:00,163.631,163.739,163.553,163.732
2026-07-30 08:00,163.722,163.735,163.599,163.648
2026-07-30 09:00,163.645,163.651,163.275,163.306
2026-07-30 10:00,163.301,163.314,162.258,162.815
2026-07-30 11:00,162.817,163.043,162.712,162.887
2026-07-30 12:00,162.888,162.957,162.686,162.956
2026-07-30 13:00,162.951,162.959,159.721,159.745
2026-07-30 14:00,159.740,159.955,157.923,159.278
2026-07-30 15:00,159.280,159.622,158.874,159.472
2026-07-30 16:00,159.463,159.689,159.363,159.562
2026-07-30 17:00,159.572,159.845,158.498,158.996
2026-07-30 18:00,158.981,159.099,158.836,158.888
2026-07-30 19:00,158.882,159.431,158.882,159.337
2026-07-30 20:00,159.346,159.605,159.334,159.524
2026-07-30 21:00,159.522,159.671,159.421,159.619
2026-07-30 22:00,159.646,159.784,159.353,159.704
2026-07-30 23:00,159.644,160.213,159.564,160.174
2026-07-31 00:00,160.187,160.690,160.136,160.536
2026-07-31 01:00,160.531,160.746,160.324,160.727
2026-07-31 02:00,160.738,160.740,160.427,160.512
2026-07-31 03:00,160.490,160.878,160.455,160.608
2026-07-31 04:00,160.603,160.806,160.555,160.682
2026-07-31 05:00,160.673,160.748,160.536,160.597
2026-07-31 06:00,160.593,160.608,159.921,160.282
2026-07-31 07:00,160.289,160.647,160.199,160.200
2026-07-31 08:00,160.204,160.518,158.518,158.923
2026-07-31 09:00,158.921,160.087,158.550,159.989
2026-07-31 10:00,159.996,160.141,159.853,159.985
2026-07-31 11:00,159.985,160.258,159.982,160.208
2026-07-31 12:00,160.205,160.453,160.161,160.365
2026-07-31 13:00,160.374,160.539,159.123,159.482
2026-07-31 14:00,159.495,159.558,158.895,159.237
2026-07-31 15:00,159.240,159.425,158.843,159.165
2026-07-31 16:00,159.166,159.370,159.111,159.359
2026-07-31 17:00,159.359,159.508,158.149,158.489
2026-07-31 18:00,158.486,159.130,158.302,158.883
2026-07-31 19:00,158.899,159.240,158.848,159.175
2026-07-31 20:00,159.166,159.202,157.151,157.538
2026-07-31 21:00,157.400,157.400,157.400,157.400
2026-08-02 23:00,157.301,157.875,157.047,157.582
2026-08-03 00:00,157.587,157.886,155.215,156.115
2026-08-03 01:00,156.125,156.457,155.415,156.343
2026-08-03 02:00,156.342,156.631,156.209,156.485
2026-08-03 03:00,156.475,156.646,156.289,156.519
2026-08-03 04:00,156.518,156.547,156.361,156.451
2026-08-03 05:00,156.451,156.509,156.360,156.397
2026-08-03 06:00,156.394,156.852,156.319,156.766
2026-08-03 07:00,156.774,156.803,156.471,156.772
2026-08-03 08:00,156.777,156.984,156.554,156.981
2026-08-03 09:00,156.977,157.136,156.846,157.083
2026-08-03 10:00,157.092,157.096,156.665,156.817
2026-08-03 11:00,156.815,156.994,156.566,156.655
2026-08-03 12:00,156.655,156.895,156.582,156.822
2026-08-03 13:00,156.814,156.862,156.297,156.434
2026-08-03 14:00,156.479,156.753,156.222,156.550
2026-08-03 15:00,156.560,157.035,156.548,156.970
2026-08-03 16:00,156.958,156.975,156.577,156.888
2026-08-03 17:00,156.891,157.038,156.872,157.025
2026-08-03 18:00,157.013,157.083,156.666,156.783
2026-08-03 19:00,156.776,156.966,156.741,156.941
2026-08-03 20:00,156.949,157.223,156.852,157.190
2026-08-03 21:00,157.143,157.199,157.129,157.167
2026-08-03 22:00,157.167,157.438,157.144,157.359
2026-08-03 23:00,157.339,157.669,157.248,157.544
2026-08-04 00:00,157.543,157.552,157.214,157.489
2026-08-04 01:00,157.489,157.623,157.383,157.605
2026-08-04 02:00,157.604,157.748,157.581,157.717
2026-08-04 03:00,157.709,157.719,157.426,157.653
2026-08-04 04:00,157.651,157.674,157.466,157.536
2026-08-04 05:00,157.538,157.742,157.495,157.703
2026-08-04 06:00,157.703,157.770,157.548,157.672
2026-08-04 07:00,157.681,157.841,157.605,157.805
2026-08-04 08:00,157.809,157.820,157.717,157.797
2026-08-04 09:00,157.798,157.958,157.786,157.913
2026-08-04 10:00,157.909,157.957,157.752,157.819
2026-08-04 11:00,157.816,157.854,157.340,157.467
2026-08-04 12:00,157.455,157.594,157.296,157.527
2026-08-04 13:00,157.522,157.571,157.205,157.424
2026-08-04 14:00,157.395,157.639,157.288,157.554
2026-08-04 15:00,157.552,157.618,157.372,157.440
2026-08-04 16:00,157.435,157.634,157.423,157.571
2026-08-04 17:00,157.571,157.646,157.519,157.598
2026-08-04 18:00,157.597,157.699,157.596,157.652
2026-08-04 19:00,157.648,157.835,157.628,157.757
2026-08-04 20:00,157.757,157.781,157.669,157.749
2026-08-04 21:00,157.713,157.797,157.683,157.703
2026-08-04 22:00,157.703,157.764,157.661,157.716
2026-08-04 23:00,157.720,157.809,157.648,157.706
2026-08-05 00:00,157.692,157.756,157.443,157.552
2026-08-05 01:00,157.561,157.681,157.502,157.644
2026-08-05 02:00,157.635,157.700,157.298,157.458
2026-08-05 03:00,157.450,157.532,157.348,157.415
2026-08-05 04:00,157.419,157.683,157.364,157.652
2026-08-05 05:00,157.648,157.709,157.582,157.633
2026-08-05 06:00,157.634,157.767,157.570,157.610
2026-08-05 07:00,157.609,157.740,157.524,157.711
2026-08-05 08:00,157.713,157.875,157.699,157.814
2026-08-05 09:00,157.814,157.866,157.687,157.749
2026-08-05 10:00,157.746,157.813,157.687,157.697
2026-08-05 11:00,157.697,157.704,157.477,157.560
2026-08-05 12:00,157.552,157.636,157.410,157.624
2026-08-05 13:00,157.621,157.649,157.420,157.536
2026-08-05 14:00,157.531,157.607,157.304,157.494
2026-08-05 15:00,157.491,157.666,157.404,157.658
2026-08-05 16:00,157.656,157.756,157.598,157.745
2026-08-05 17:00,157.737,157.800,157.651,157.680
2026-08-05 18:00,157.680,157.709,157.614,157.667
2026-08-05 19:00,157.669,157.749,157.645,157.717
2026-08-05 20:00,157.717,157.814,157.686,157.727
2026-08-05 21:00,157.728,157.730,157.616,157.669
2026-08-05 22:00,157.670,157.717,157.654,157.658
2026-08-05 23:00,157.663,157.675,157.548,157.604
2026-08-06 00:00,157.600,157.760,157.600,157.730
2026-08-06 01:00,157.722,157.748,157.588,157.665
2026-08-06 02:00,157.656,157.685,157.584,157.673
2026-08-06 03:00,157.663,157.745,157.663,157.727
2026-08-06 04:00,157.727,157.749,157.701,157.734
2026-08-06 05:00,157.734,157.777,157.702,157.748
2026-08-06 06:00,157.745,157.851,157.719,157.827
2026-08-06 07:00,157.822,157.895,157.743,157.858
2026-08-06 08:00,157.859,157.881,157.786,157.835
2026-08-06 09:00,157.832,157.881,157.816,157.867
2026-08-06 10:00,157.864,157.892,157.828,157.868
2026-08-06 11:00,157.868,157.938,157.849,157.849
2026-08-06 12:00,157.850,157.925,157.810,157.902
2026-08-06 13:00,157.899,157.944,157.815,157.863
2026-08-06 14:00,157.865,158.283,157.859,158.199
2026-08-06 15:00,158.199,158.463,158.197,158.447
2026-08-06 16:00,158.443,158.555,158.216,158.504
2026-08-06 17:00,158.504,158.510,158.386,158.397
2026-08-06 18:00,158.398,158.418,158.319,158.321
2026-08-06 19:00,158.328,158.480,158.286,158.394
2026-08-06 20:00,158.401,158.508,158.382,158.382
2026-08-06 21:00,158.390,158.472,158.372,158.435
2026-08-06 22:00,158.435,158.508,158.425,158.464
2026-08-06 23:00,158.451,158.468,158.367,158.413
2026-08-07 00:00,158.409,158.576,158.407,158.519
2026-08-07 01:00,158.519,158.537,158.208,158.323
2026-08-07 02:00,158.323,158.387,158.301,158.374
2026-08-07 03:00,158.368,158.448,158.357,158.405
2026-08-07 04:00,158.402,158.430,158.367,158.371
2026-08-07 05:00,158.370,158.393,158.315,158.327
2026-08-07 06:00,158.327,158.368,158.281,158.357
2026-08-07 07:00,158.361,158.457,158.317,158.400
2026-08-07 08:00,158.410,158.478,158.334,158.375
2026-08-07 09:00,158.366,158.395,158.312,158.350
2026-08-07 10:00,158.350,158.415,158.240,158.301
2026-08-07 11:00,158.301,158.373,158.258,158.326
2026-08-07 12:00,158.326,158.397,156.652,157.380
2026-08-07 13:00,157.379,157.761,157.233,157.739
2026-08-07 14:00,157.733,157.949,157.664,157.926
2026-08-07 15:00,157.925,157.989,157.435,157.548
2026-08-07 16:00,157.549,157.552,157.299,157.447
2026-08-07 17:00,157.449,157.500,157.366,157.483
2026-08-07 18:00,157.482,157.625,157.472,157.532
2026-08-07 19:00,157.529,157.620,157.446,157.553
2026-08-07 20:00,157.556,157.871,157.534,157.745
2026-08-09 23:00,157.916,157.936,157.819,157.900
2026-08-10 00:00,157.902,157.969,157.831,157.943
2026-08-10 01:00,157.943,158.317,157.923,158.266
2026-08-10 02:00,158.266,158.304,158.214,158.225
2026-08-10 03:00,158.229,158.234,158.147,158.196
2026-08-10 04:00,158.190,158.342,158.190,158.337
2026-08-10 05:00,158.332,158.387,158.292,158.339
2026-08-10 06:00,158.339,158.457,158.332,158.379
2026-08-10 07:00,158.375,158.523,158.375,158.480
2026-08-10 08:00,158.480,158.685,158.426,158.658
2026-08-10 09:00,158.663,158.858,158.642,158.843
2026-08-10 10:00,158.845,158.891,158.726,158.780
2026-08-10 11:00,158.781,158.876,158.734,158.810
2026-08-10 12:00,158.810,158.948,158.401,158.938
2026-08-10 13:00,158.934,159.064,158.853,159.013
2026-08-10 14:00,159.008,159.017,158.857,158.936
2026-08-10 15:00,158.930,159.007,158.850,158.896
2026-08-10 16:00,158.896,159.044,158.889,159.028
2026-08-10 17:00,159.031,159.163,159.022,159.131
2026-08-10 18:00,159.130,159.358,159.077,159.236
2026-08-10 19:00,159.235,159.363,159.217,159.300
2026-08-10 20:00,159.296,159.344,159.278,159.284
2026-08-10 21:00,159.257,159.268,159.154,159.222
2026-08-10 22:00,159.221,159.309,159.199,159.256
2026-08-10 23:00,159.241,159.290,159.121,159.150
2026-08-11 00:00,159.150,159.198,158.920,159.145
2026-08-11 01:00,159.142,159.183,159.061,159.163
2026-08-11 02:00,159.162,159.312,159.154,159.260
2026-08-11 03:00,159.257,159.270,159.139,159.200
2026-08-11 04:00,159.196,159.251,159.155,159.184
2026-08-11 05:00,159.183,159.231,159.147,159.201
2026-08-11 06:00,159.200,159.241,159.173,159.208
2026-08-11 07:00,159.205,159.377,159.195,159.356
2026-08-11 08:00,159.361,159.371,159.277,159.349
2026-08-11 09:00,159.349,159.390,159.265,159.282
2026-08-11 10:00,159.276,159.331,159.186,159.225
2026-08-11 11:00,159.224,159.253,159.049,159.244
2026-08-11 12:00,159.245,159.365,159.184,159.270
2026-08-11 13:00,159.265,159.271,159.167,159.230
2026-08-11 14:00,159.229,159.294,159.192,159.230
2026-08-11 15:00,159.230,159.328,159.196,159.244
2026-08-11 16:00,159.244,159.269,159.205,159.261
2026-08-11 17:00,159.265,159.352,159.254,159.306
2026-08-11 18:00,159.312,159.346,159.253,159.271
2026-08-11 19:00,159.260,159.305,159.240,159.280
2026-08-11 20:00,159.284,159.365,159.234,159.260
2026-08-11 21:00,159.242,159.300,159.218,159.260
2026-08-11 22:00,159.260,159.305,159.251,159.265
2026-08-11 23:00,159.256,159.300,159.254,159.276
2026-08-12 00:00,159.265,159.369,159.194,159.336
2026-08-12 01:00,159.336,159.376,159.290,159.326
2026-08-12 02:00,159.334,159.432,159.326,159.392
2026-08-12 03:00,159.392,159.458,159.392,159.426
2026-08-12 04:00,159.420,159.461,159.362,159.413
2026-08-12 05:00,159.408,159.437,159.306,159.406
2026-08-12 06:00,159.405,159.427,159.339,159.379
2026-08-12 07:00,159.377,159.397,159.326,159.365
2026-08-12 08:00,159.368,159.372,159.280,159.315
2026-08-12 09:00,159.309,159.336,158.567,159.150
2026-08-12 10:00,159.150,159.224,159.091,159.175
2026-08-12 11:00,159.176,159.182,159.050,159.093
2026-08-12 12:00,159.093,159.189,158.639,158.802
2026-08-12 13:00,158.803,159.040,158.688,159.015
2026-08-12 14:00,159.019,159.242,158.990,159.198
2026-08-12 15:00,159.198,159.290,159.180,159.229
2026-08-12 16:00,159.226,159.410,159.196,159.380
2026-08-12 17:00,159.388,159.527,159.350,159.495
2026-08-12 18:00,159.502,159.544,159.424,159.489
2026-08-12 19:00,159.495,159.516,159.449,159.488
2026-08-12 20:00,159.486,159.505,159.392,159.401
2026-08-12 21:00,159.399,159.425,159.360,159.388
2026-08-12 22:00,159.387,159.454,159.384,159.387
2026-08-12 23:00,159.379,159.390,159.312,159.335
2026-08-13 00:00,159.336,159.384,159.238,159.314
2026-08-13 01:00,159.317,159.368,159.273,159.342
2026-08-13 02:00,159.342,159.483,159.333,159.425
2026-08-13 03:00,159.425,159.488,159.400,159.429
2026-08-13 04:00,159.421,159.477,159.172,159.243
2026-08-13 05:00,159.243,159.371,159.220,159.274
2026-08-13 06:00,159.274,159.445,159.254,159.379
2026-08-13 07:00,159.388,159.411,159.314,159.357
2026-08-13 08:00,159.361,159.412,159.337,159.398
2026-08-13 09:00,159.399,159.437,159.318,159.334
2026-08-13 10:00,159.334,159.366,159.311,159.338
2026-08-13 11:00,159.338,159.352,159.246,159.330
2026-08-13 12:00,159.331,159.413,159.168,159.169
2026-08-13 13:00,159.170,159.337,159.147,159.262
2026-08-13 14:00,159.262,159.327,159.018,159.163
2026-08-13 15:00,159.163,159.387,159.152,159.349
2026-08-13 16:00,159.350,159.497,159.337,159.477
2026-08-13 17:00,159.475,159.569,159.464,159.514
2026-08-13 18:00,159.517,159.542,159.431,159.504
2026-08-13 19:00,159.504,159.542,159.483,159.513
2026-08-13 20:00,159.513,159.566,159.468,159.469
2026-08-13 21:00,159.457,159.528,159.429,159.464
2026-08-13 22:00,159.472,159.522,159.445,159.467
2026-08-13 23:00,159.458,159.484,159.423,159.429
2026-08-14 00:00,159.427,159.510,159.345,159.368
2026-08-14 01:00,159.368,159.458,159.348,159.443
2026-08-14 02:00,159.441,159.451,159.370,159.404
2026-08-14 03:00,159.404,159.421,159.320,159.375
2026-08-14 04:00,159.375,159.386,159.329,159.353
2026-08-14 05:00,159.348,159.356,159.129,159.259
2026-08-14 06:00,159.255,159.284,159.140,159.239
2026-08-14 07:00,159.239,159.313,159.196,159.203
2026-08-14 08:00,159.200,159.227,159.056,159.174
2026-08-14 09:00,159.169,159.196,159.107,159.137
2026-08-14 10:00,159.144,159.193,159.082,159.174
2026-08-14 11:00,159.174,159.193,159.034,159.107
2026-08-14 12:00,159.104,159.114,158.595,158.918
2026-08-14 13:00,158.921,159.093,158.789,158.941
2026-08-14 14:00,158.937,159.063,158.891,159.029
2026-08-14 15:00,159.026,159.216,158.943,159.209
2026-08-14 16:00,159.209,159.372,159.198,159.362
2026-08-14 17:00,159.360,159.401,159.339,159.358
2026-08-14 18:00,159.359,159.393,159.340,159.376
2026-08-14 19:00,159.373,159.398,159.357,159.358
2026-08-14 20:00,159.358,159.370,159.246,159.285
2026-08-14 21:00,159.305,159.305,159.305,159.305
2026-08-16 23:00,159.134,159.250,159.127,159.219
2026-08-17 00:00,159.222,159.249,158.999,159.018
2026-08-17 01:00,159.020,159.105,158.980,159.052
2026-08-17 02:00,159.052,159.069,158.946,159.033
2026-08-17 03:00,159.034,159.147,159.033,159.089
2026-08-17 04:00,159.090,159.129,159.043,159.120
2026-08-17 05:00,159.115,159.123,158.972,159.082
2026-08-17 06:00,159.081,159.111,158.932,158.959
2026-08-17 07:00,158.960,159.001,158.839,158.952
2026-08-17 08:00,158.947,159.150,158.925,159.122
2026-08-17 09:00,159.122,159.185,159.062,159.167
2026-08-17 10:00,159.163,159.206,159.098,159.183
2026-08-17 11:00,159.183,159.284,159.154,159.238
2026-08-17 12:00,159.234,159.288,159.189,159.246
2026-08-17 13:00,159.242,159.384,159.212,159.263
2026-08-17 14:00,159.260,159.310,159.182,159.284
2026-08-17 15:00,159.284,159.403,159.273,159.339
2026-08-17 16:00,159.340,159.395,159.326,159.363
2026-08-17 17:00,159.361,159.505,159.349,159.491
2026-08-17 18:00,159.487,159.597,159.479,159.590
2026-08-17 19:00,159.589,159.594,159.404,159.456
2026-08-17 20:00,159.457,159.512,159.415,159.415
2026-08-17 21:00,159.404,159.491,159.281,159.397
2026-08-17 22:00,159.377,159.477,159.351,159.411
2026-08-17 23:00,159.406,159.424,159.308,159.325
2026-08-18 00:00,159.325,159.524,159.304,159.422
2026-08-18 01:00,159.422,159.512,159.389,159.500
2026-08-18 02:00,159.498,159.545,159.449,159.455
2026-08-18 03:00,159.452,159.569,159.452,159.548
2026-08-18 04:00,159.548,159.750,159.544,159.697
2026-08-18 05:00,159.689,159.734,159.616,159.663
2026-08-18 06:00,159.656,159.779,159.643,159.716
2026-08-18 07:00,159.718,159.762,159.672,159.717
2026-08-18 08:00,159.722,159.744,159.627,159.665
2026-08-18 09:00,159.668,159.694,159.581,159.604
2026-08-18 10:00,159.604,159.715,159.597,159.706
2026-08-18 11:00,159.702,159.745,159.688,159.694
2026-08-18 12:00,159.699,159.721,159.632,159.664
2026-08-18 13:00,159.663,159.723,159.560,159.572
2026-08-18 14:00,159.580,159.580,159.423,159.550
2026-08-18 15:00,159.549,159.646,159.488,159.596
2026-08-18 16:00,159.593,159.639,159.536,159.567
2026-08-18 17:00,159.571,159.638,159.557,159.598
2026-08-18 18:00,159.596,159.631,159.559,159.600
2026-08-18 19:00,159.603,159.649,159.571,159.636
2026-08-18 20:00,159.643,159.675,159.584,159.596
2026-08-18 21:00,159.592,159.621,159.469,159.581
2026-08-18 22:00,159.577,159.645,159.554,159.589
2026-08-18 23:00,159.583,159.609,159.531,159.550
2026-08-19 00:00,159.550,159.553,159.385,159.462
2026-08-19 01:00,159.456,159.525,159.436,159.448
2026-08-19 02:00,159.446,159.471,159.286,159.364
2026-08-19 03:00,159.365,159.443,159.331,159.420
2026-08-19 04:00,159.420,159.425,159.231,159.326
2026-08-19 05:00,159.326,159.332,159.204,159.295
2026-08-19 06:00,159.290,159.297,159.111,159.239
2026-08-19 07:00,159.244,159.281,159.120,159.163
2026-08-19 08:00,159.163,159.182,159.049,159.162
2026-08-19 09:00,159.162,159.266,159.065,159.084
2026-08-19 10:00,159.084,159.111,158.994,159.095
2026-08-19 11:00,159.093,159.187,159.081,159.134
2026-08-19 12:00,159.142,159.154,158.154,158.600
2026-08-19 13:00,158.587,158.601,158.313,158.432
2026-08-19 14:00,158.434,158.469,158.038,158.344
2026-08-19 15:00,158.348,158.525,158.342,158.453
2026-08-19 16:00,158.450,158.501,158.310,158.385
2026-08-19 17:00,158.380,158.614,158.318,158.582
2026-08-19 18:00,158.584,158.597,158.257,158.319
2026-08-19 19:00,158.313,158.368,158.093,158.139
2026-08-19 20:00,158.145,158.223,158.085,158.144
2026-08-19 21:00,158.122,158.145,158.057,158.100
2026-08-19 22:00,158.095,158.197,158.012,158.172
2026-08-19 23:00,158.181,158.281,158.176,158.259
2026-08-20 00:00,158.255,158.439,158.155,158.404
2026-08-20 01:00,158.399,158.568,158.320,158.530
2026-08-20 02:00,158.524,158.538,158.298,158.439
2026-08-20 03:00,158.438,158.491,158.370,158.430
2026-08-20 04:00,158.428,158.634,158.411,158.564
2026-08-20 05:00,158.567,158.731,158.528,158.629
2026-08-20 06:00,158.630,158.659,158.353,158.360
2026-08-20 07:00,158.359,158.546,158.320,158.435
2026-08-20 08:00,158.437,158.535,158.369,158.489
2026-08-20 09:00,158.490,158.496,158.196,158.335
2026-08-20 10:00,158.339,158.522,158.234,158.467
2026-08-20 11:00,158.467,158.711,158.467,158.657
2026-08-20 12:00,158.660,158.801,158.593,158.635
2026-08-20 13:00,158.638,158.835,158.534,158.825
2026-08-20 14:00,158.820,158.893,158.703,158.723
2026-08-20 15:00,158.721,158.977,158.489,158.848
2026-08-20 16:00,158.850,159.098,158.835,158.994
2026-08-20 17:00,158.992,159.101,158.964,159.047
2026-08-20 18:00,159.049,159.175,159.031,159.141
2026-08-20 19:00,159.135,159.179,159.099,159.112
2026-08-20 20:00,159.112,159.141,159.013,159.016
2026-08-20 21:00,159.012,159.077,158.982,159.020
2026-08-20 22:00,159.026,159.079,158.934,158.955
2026-08-20 23:00,158.951,158.961,158.864,158.890
2026-08-21 00:00,158.893,159.129,158.864,159.097
2026-08-21 01:00,159.089,159.134,158.901,158.945
2026-08-21 02:00,158.949,159.024,158.872,158.965
2026-08-21 03:00,158.962,159.088,158.933,158.993
2026-08-21 04:00,158.994,159.064,158.947,158.997
2026-08-21 05:00,158.997,159.031,158.810,158.830
2026-08-21 06:00,158.830,158.988,158.785,158.887
2026-08-21 07:00,158.889,158.933,158.729,158.817
2026-08-21 08:00,158.817,158.870,158.508,158.522
2026-08-21 09:00,158.528,158.608,158.347,158.597
2026-08-21 10:00,158.603,158.735,158.518,158.695
2026-08-21 11:00,158.698,158.768,158.547,158.682
2026-08-21 12:00,158.682,158.846,158.618,158.753
2026-08-21 13:00,158.747,158.896,158.716,158.770
2026-08-21 14:00,158.773,159.008,158.763,158.952
2026-08-21 15:00,158.952,159.040,158.897,158.916
2026-08-21 16:00,158.910,158.981,158.820,158.959
2026-08-21 17:00,158.959,159.044,158.957,159.016
2026-08-21 18:00,159.012,159.052,158.979,159.014
2026-08-21 19:00,159.015,159.042,158.955,158.995
2026-08-21 20:00,158.998,159.018,158.862,158.862
2026-08-21 22:00,158.940,158.940,158.940,158.940
2026-08-23 23:00,158.963,159.003,158.864,158.871
2026-08-24 00:00,158.870,158.888,158.698,158.724
2026-08-24 01:00,158.724,158.953,158.711,158.842
2026-08-24 02:00,158.836,158.918,158.804,158.873
2026-08-24 03:00,158.873,158.970,158.872,158.927
2026-08-24 04:00,158.927,158.963,158.808,158.858
2026-08-24 05:00,158.859,158.976,158.851,158.898
2026-08-24 06:00,158.898,159.032,158.852,159.031
2026-08-24 07:00,159.027,159.187,158.979,159.158
2026-08-24 08:00,159.155,159.282,159.144,159.189
2026-08-24 09:00,159.192,159.234,159.145,159.198
2026-08-24 10:00,159.205,159.215,159.115,159.198
2026-08-24 11:00,159.206,159.232,158.990,159.060
2026-08-24 12:00,159.062,159.122,158.877,159.042
2026-08-24 13:00,159.042,159.162,159.011,159.101
2026-08-24 14:00,159.107,159.201,159.068,159.196
2026-08-24 15:00,159.195,159.201,159.063,159.170
2026-08-24 16:00,159.170,159.195,159.000,159.073
2026-08-24 17:00,159.069,159.192,158.980,159.157
2026-08-24 18:00,159.154,159.214,159.131,159.175
2026-08-24 19:00,159.176,159.217,159.120,159.163
2026-08-24 20:00,159.158,159.181,159.057,159.075
2026-08-24 21:00,159.062,159.121,158.992,159.066
2026-08-24 22:00,159.053,159.122,159.008,159.094
2026-08-24 23:00,159.094,159.159,159.052,159.128
2026-08-25 00:00,159.127,159.193,159.084,159.186
2026-08-25 01:00,159.185,159.310,159.121,159.268
2026-08-25 02:00,159.260,159.397,159.244,159.355
2026-08-25 03:00,159.355,159.394,159.314,159.324
2026-08-25 04:00,159.324,159.370,159.207,159.301
2026-08-25 05:00,159.302,159.349,159.275,159.332
2026-08-25 06:00,159.331,159.411,159.268,159.408
2026-08-25 07:00,159.403,159.456,159.310,159.439
2026-08-25 08:00,159.438,159.491,159.320,159.340
2026-08-25 09:00,159.341,159.359,159.218,159.281
2026-08-25 10:00,159.276,159.328,159.237,159.279
2026-08-25 11:00,159.282,159.332,159.227,159.244
2026-08-25 12:00,159.244,159.295,159.188,159.290
2026-08-25 13:00,159.292,159.301,159.108,159.197
2026-08-25 14:00,159.211,159.326,159.183,159.253
2026-08-25 15:00,159.248,159.292,159.175,159.208
2026-08-25 16:00,159.208,159.293,159.198,159.273
2026-08-25 17:00,159.269,159.314,159.209,159.216
2026-08-25 18:00,159.215,159.255,159.186,159.218
2026-08-25 19:00,159.223,159.237,159.075,159.135
2026-08-25 20:00,159.135,159.238,159.119,159.164
2026-08-25 21:00,159.135,159.221,159.133,159.195
2026-08-25 22:00,159.187,159.236,159.181,159.193
2026-08-25 23:00,159.192,159.262,159.192,159.209
2026-08-26 00:00,159.209,159.259,159.098,159.164
2026-08-26 01:00,159.165,159.185,158.958,159.044
2026-08-26 02:00,159.046,159.053,158.875,159.032
2026-08-26 03:00,159.038,159.039,158.893,158.956
2026-08-26 04:00,158.952,159.041,158.936,159.027
2026-08-26 05:00,159.033,159.050,158.957,159.009
2026-08-26 06:00,159.007,159.123,159.000,159.055
2026-08-26 07:00,159.050,159.062,158.958,159.004
2026-08-26 08:00,159.012,159.033,158.925,159.006
2026-08-26 09:00,159.006,159.057,158.951,158.982
2026-08-26 10:00,158.985,159.121,158.978,159.089
2026-08-26 11:00,159.087,159.161,159.054,159.078
2026-08-26 12:00,159.078,159.255,158.888,159.230
2026-08-26 13:00,159.230,159.395,159.226,159.395
2026-08-26 14:00,159.390,159.444,159.341,159.403
2026-08-26 15:00,159.403,159.413,159.313,159.365
2026-08-26 16:00,159.362,159.428,159.294,159.417
2026-08-26 17:00,159.412,159.427,159.356,159.387
2026-08-26 18:00,159.388,159.417,159.368,159.396
2026-08-26 19:00,159.396,159.412,159.319,159.345
2026-08-26 20:00,159.341,159.363,159.278,159.286
2026-08-26 21:00,159.274,159.318,159.226,159.244
2026-08-26 22:00,159.262,159.333,159.238,159.268
2026-08-26 23:00,159.258,159.274,159.203,159.245
2026-08-27 00:00,159.249,159.255,159.108,159.176
2026-08-27 01:00,159.177,159.282,159.126,159.253
2026-08-27 02:00,159.246,159.400,159.244,159.327
2026-08-27 03:00,159.333,159.374,159.301,159.343
2026-08-27 04:00,159.342,159.384,159.325,159.361
2026-08-27 05:00,159.355,159.386,159.279,159.360
2026-08-27 06:00,159.360,159.390,159.330,159.352
2026-08-27 07:00,159.352,159.373,159.268,159.352
2026-08-27 08:00,159.352,159.368,159.275,159.318
2026-08-27 09:00,159.319,159.490,159.305,159.473
2026-08-27 10:00,159.471,159.526,159.413,159.474
2026-08-27 11:00,159.471,159.515,159.412,159.434
2026-08-27 12:00,159.434,159.447,159.342,159.408
2026-08-27 13:00,159.410,159.467,159.335,159.361
2026-08-27 14:00,159.363,159.375,159.270,159.326
2026-08-27 15:00,159.331,159.331,159.233,159.262
2026-08-27 16:00,159.258,159.306,159.240,159.289
2026-08-27 17:00,159.289,159.408,159.260,159.402
2026-08-27 18:00,159.400,159.460,159.396,159.429
2026-08-27 19:00,159.428,159.448,159.395,159.416
2026-08-27 20:00,159.412,159.422,159.362,159.367
2026-08-27 21:00,159.376,159.417,159.304,159.362
2026-08-27 22:00,159.362,159.395,159.347,159.351
2026-08-27 23:00,159.350,159.374,159.304,159.308
2026-08-28 00:00,159.307,159.390,159.292,159.360
2026-08-28 01:00,159.365,159.445,159.325,159.426
2026-08-28 02:00,159.426,159.467,159.386,159.433
2026-08-28 03:00,159.436,159.464,159.428,159.444
2026-08-28 04:00,159.444,159.515,159.444,159.493
2026-08-28 05:00,159.493,159.560,159.492,159.518
2026-08-28 06:00,159.523,159.542,159.408,159.414
2026-08-28 07:00,159.415,159.507,159.404,159.501
2026-08-28 08:00,159.502,159.588,159.495,159.568
2026-08-28 09:00,159.568,159.692,159.564,159.683
2026-08-28 10:00,159.683,159.694,159.631,159.633
2026-08-28 11:00,159.633,159.686,159.627,159.648
2026-08-28 12:00,159.648,159.679,159.558,159.575
2026-08-28 13:00,159.570,159.693,159.531,159.662
2026-08-28 14:00,159.640,159.945,159.385,159.868
2026-08-28 15:00,159.872,160.060,159.825,159.975
2026-08-28 16:00,159.975,160.202,159.954,160.195
2026-08-28 17:00,160.189,160.202,160.132,160.178
2026-08-28 18:00,160.176,160.191,160.129,160.133
2026-08-28 19:00,160.137,160.148,160.043,160.078
2026-08-28 20:00,160.081,160.140,160.004,160.038
2026-08-30 23:00,160.104,160.201,160.102,160.111
2026-08-31 00:00,160.114,160.117,159.950,159.959
2026-08-31 01:00,159.960,159.981,159.748,159.818
2026-08-31 02:00,159.818,159.844,159.726,159.769
2026-08-31 03:00,159.768,159.843,159.745,159.796
2026-08-31 04:00,159.796,159.831,159.740,159.787
2026-08-31 05:00,159.785,159.875,159.761,159.828
2026-08-31 06:00,159.823,159.915,159.780,159.800
2026-08-31 07:00,159.795,159.819,159.539,159.576
2026-08-31 08:00,159.575,159.750,159.470,159.735
2026-08-31 09:00,159.737,159.767,159.684,159.728
2026-08-31 10:00,159.735,159.777,159.698,159.721
2026-08-31 11:00,159.721,159.733,159.600,159.707
2026-08-31 12:00,159.702,159.885,159.673,159.875
2026-08-31 13:00,159.878,159.896,159.760,159.824
2026-08-31 14:00,159.825,159.856,159.593,159.703
2026-08-31 15:00,159.707,159.800,159.678,159.743
2026-08-31 16:00,159.740,159.742,159.660,159.676
2026-08-31 17:00,159.680,159.721,159.662,159.687
2026-08-31 18:00,159.689,159.815,159.671,159.793
2026-08-31 19:00,159.795,159.814,159.703,159.745
2026-08-31 20:00,159.747,159.774,159.716,159.726
2026-08-31 21:00,159.725,159.765,159.699,159.707
2026-08-31 22:00,159.709,159.784,159.694,159.768
2026-08-31 23:00,159.768,159.830,159.734,159.750
2026-09-01 00:00,159.744,159.837,159.628,159.797
2026-09-01 01:00,159.792,159.850,159.698,159.754
2026-09-01 02:00,159.745,159.845,159.745,159.780
2026-09-01 03:00,159.780,159.813,159.763,159.799
2026-09-01 04:00,159.806,159.882,159.795,159.866
2026-09-01 05:00,159.866,159.905,159.822,159.874
2026-09-01 06:00,159.880,159.982,159.860,159.946
2026-09-01 07:00,159.940,160.023,159.914,159.979
2026-09-01 08:00,159.979,160.024,159.918,159.921
2026-09-01 09:00,159.920,160.061,159.886,160.049
2026-09-01 10:00,160.049,160.113,159.975,160.083
2026-09-01 11:00,160.086,160.148,159.983,160.108
2026-09-01 12:00,160.108,160.209,160.010,160.101
2026-09-01 13:00,160.102,160.163,159.992,159.992
2026-09-01 14:00,160.004,160.090,159.888,160.071
2026-09-01 15:00,160.066,160.108,160.013,160.028
2026-09-01 16:00,160.026,160.177,160.000,160.161
2026-09-01 17:00,160.161,160.248,160.141,160.238
2026-09-01 18:00,160.241,160.272,160.186,160.198
2026-09-01 19:00,160.199,160.249,160.172,160.220
2026-09-01 20:00,160.220,160.244,160.152,160.163
2026-09-01 21:00,160.141,160.188,160.094,160.140
2026-09-01 22:00,160.136,160.208,160.114,160.193
2026-09-01 23:00,160.194,160.234,160.147,160.193
2026-09-02 00:00,160.194,160.293,160.129,160.284
2026-09-02 01:00,160.284,160.394,160.261,160.365
2026-09-02 02:00,160.365,160.394,160.240,160.258
2026-09-02 03:00,160.258,160.273,160.194,160.206
2026-09-02 04:00,160.206,160.217,160.030,160.104
2026-09-02 05:00,160.103,160.133,159.793,159.824
2026-09-02 06:00,159.817,159.819,159.427,159.595
2026-09-02 07:00,159.590,159.768,159.542,159.687
2026-09-02 08:00,159.687,159.855,159.638,159.846
2026-09-02 09:00,159.846,159.882,159.767,159.853
2026-09-02 10:00,159.854,159.922,159.835,159.888
2026-09-02 11:00,159.888,159.905,159.614,159.630
2026-09-02 12:00,159.630,159.711,159.493,159.587
2026-09-02 13:00,159.586,159.616,158.194,158.566
2026-09-02 14:00,158.561,158.857,158.497,158.743
2026-09-02 15:00,158.738,158.825,158.601,158.792
2026-09-02 16:00,158.793,158.883,158.778,158.842
2026-09-02 17:00,158.843,158.964,158.765,158.873
2026-09-02 18:00,158.874,158.975,158.820,158.931
2026-09-02 19:00,158.937,159.013,158.751,158.762
2026-09-02 20:00,158.762,158.784,158.605,158.695
2026-09-02 21:00,158.674,158.722,158.627,158.663
2026-09-02 22:00,158.674,158.840,158.656,158.789
2026-09-02 23:00,158.768,158.935,158.751,158.902
2026-09-03 00:00,158.893,158.968,158.542,158.708
2026-09-03 01:00,158.706,158.726,158.218,158.508
2026-09-03 02:00,158.500,158.529,157.910,158.022
2026-09-03 03:00,158.033,158.033,157.616,157.768
2026-09-03 04:00,157.765,157.872,157.536,157.679
2026-09-03 05:00,157.679,157.786,157.361,157.369
2026-09-03 06:00,157.365,157.436,156.994,157.125
2026-09-03 07:00,157.123,157.361,156.343,157.050
2026-09-03 08:00,157.040,157.145,156.524,156.698
2026-09-03 09:00,156.694,156.855,156.188,156.409
2026-09-03 10:00,156.401,156.477,156.168,156.317
2026-09-03 11:00,156.318,156.365,155.830,156.088
2026-09-03 12:00,156.084,156.160,155.386,155.559
2026-09-03 13:00,155.563,155.742,155.368,155.377
2026-09-03 14:00,155.379,155.783,155.336,155.416
2026-09-03 15:00,155.420,155.751,155.344,155.388
2026-09-03 16:00,155.384,155.441,155.294,155.351
2026-09-03 17:00,155.351,155.491,155.346,155.463
2026-09-03 18:00,155.465,155.581,155.384,155.495
2026-09-03 19:00,155.489,155.851,155.476,155.749
2026-09-03 20:00,155.749,155.815,155.722,155.805
2026-09-03 21:00,155.779,155.890,155.769,155.848
2026-09-03 22:00,155.848,156.123,155.774,156.121
2026-09-03 23:00,156.108,156.167,155.620,155.634
2026-09-04 00:00,155.634,155.956,155.282,155.763
2026-09-04 01:00,155.761,156.077,155.668,155.848
2026-09-04 02:00,155.848,156.095,155.769,156.061
2026-09-04 03:00,156.065,156.441,156.028,156.365
2026-09-04 04:00,156.358,156.448,156.248,156.320
2026-09-04 05:00,156.317,156.418,156.230,156.328
2026-09-04 06:00,156.328,156.447,156.075,156.276
2026-09-04 07:00,156.270,156.412,156.208,156.297
2026-09-04 08:00,156.303,156.437,156.284,156.410
2026-09-04 09:00,156.408,156.581,156.300,156.479
2026-09-04 10:00,156.472,156.483,156.275,156.323
2026-09-04 11:00,156.320,156.367,156.170,156.259
2026-09-04 12:00,156.262,156.752,155.342,155.685
2026-09-04 13:00,155.684,156.145,155.478,155.841
2026-09-04 14:00,155.839,156.196,155.828,156.119
2026-09-04 15:00,156.118,156.171,155.926,156.107
2026-09-04 16:00,156.109,156.136,155.964,155.991
2026-09-04 17:00,156.024,156.193,155.986,156.138
2026-09-04 18:00,156.138,156.283,156.114,156.217
2026-09-04 19:00,156.219,156.258,156.192,156.231
2026-09-04 20:00,156.231,156.276,156.169,156.221
