time,open,high,low,close
2026-09-03 23:00,1.16279,1.16279,1.16279,1.16279
2026-09-03 23:01,1.16266,1.16266,1.16266,1.16266
2026-09-03 23:02,1.16279,1.16279,1.16279,1.16279
2026-09-03 23:03,1.16266,1.16266,1.16266,1.16266
2026-09-03 23:04,1.16279,1.16279,1.16279,1.16279
2026-09-03 23:05,1.16279,1.16279,1.16279,1.16279
2026-09-03 23:06,1.16266,1.16266,1.16266,1.16266
2026-09-03 23:07,1.16279,1.16279,1.16279,1.16279
2026-09-03 23:08,1.16279,1.16279,1.16279,1.16279
2026-09-03 23:09,1.16279,1.16279,1.16279,1.16279
2026-09-03 23:10,1.16279,1.16279,1.16279,1.16279
2026-09-03 23:11,1.16279,1.16279,1.16279,1.16279
2026-09-03 23:12,1.16266,1.16266,1.16266,1.16266
2026-09-03 23:13,1.16279,1.16279,1.16279,1.16279
2026-09-03 23:14,1.16279,1.16279,1.16279,1.16279
2026-09-03 23:15,1.16279,1.16279,1.16279,1.16279
2026-09-03 23:16,1.16279,1.16279,1.16279,1.16279
2026-09-03 23:17,1.16279,1.16279,1.16279,1.16279
2026-09-03 23:18,1.16279,1.16279,1.16279,1.16279
2026-09-03 23:19,1.16279,1.16279,1.16279,1.16279
2026-09-03 23:20,1.16279,1.16279,1.16279,1.16279
2026-09-03 23:21,1.16279,1.16279,1.16279,1.16279
2026-09-03 23:22,1.16279,1.16279,1.16279,1.16279
2026-09-03 23:23,1.16293,1.16293,1.16293,1.16293
2026-09-03 23:24,1.16293,1.16293,1.16293,1.16293
2026-09-03 23:25,1.16293,1.16293,1.16293,1.16293
2026-09-03 23:26,1.16293,1.16293,1.16293,1.16293
2026-09-03 23:27,1.16293,1.16293,1.16293,1.16293
2026-09-03 23:28,1.16279,1.16279,1.16279,1.16279
2026-09-03 23:29,1.16293,1.16293,1.16293,1.16293
2026-09-03 23:30,1.16293,1.16293,1.16293,1.16293
2026-09-03 23:31,1.16306,1.16306,1.16306,1.16306
2026-09-03 23:32,1.16293,1.16293,1.16293,1.16293
2026-09-03 23:33,1.16293,1.16293,1.16293,1.16293
2026-09-03 23:34,1.16293,1.16293,1.16293,1.16293
2026-09-03 23:35,1.16293,1.16293,1.16293,1.16293
2026-09-03 23:36,1.16293,1.16293,1.16293,1.16293
2026-09-03 23:37,1.16293,1.16293,1.16293,1.16293
2026-09-03 23:38,1.16293,1.16293,1.16293,1.16293
2026-09-03 23:39,1.16293,1.16293,1.16293,1.16293
2026-09-03 23:40,1.16293,1.16293,1.16293,1.16293
2026-09-03 23:41,1.16306,1.16306,1.16306,1.16306
2026-09-03 23:42,1.16293,1.16293,1.16293,1.16293
2026-09-03 23:43,1.16293,1.16293,1.16293,1.16293
2026-09-03 23:44,1.16293,1.16293,1.16293,1.16293
2026-09-03 23:45,1.16293,1.16293,1.16293,1.16293
2026-09-03 23:46,1.16293,1.16293,1.16293,1.16293
2026-09-03 23:47,1.16306,1.16306,1.16306,1.16306
2026-09-03 23:48,1.16293,1.16293,1.16293,1.16293
2026-09-03 23:49,1.16306,1.16306,1.16306,1.16306
2026-09-03 23:50,1.16320,1.16320,1.16320,1.16320
2026-09-03 23:51,1.16320,1.16320,1.16320,1.16320
2026-09-03 23:52,1.16306,1.16306,1.16306,1.16306
2026-09-03 23:53,1.16306,1.16306,1.16306,1.16306
2026-09-03 23:54,1.16320,1.16320,1.16320,1.16320
2026-09-03 23:55,1.16320,1.16320,1.16320,1.16320
2026-09-03 23:56,1.16306,1.16306,1.16306,1.16306
2026-09-03 23:57,1.16306,1.16306,1.16306,1.16306
2026-09-03 23:58,1.16320,1.16320,1.16320,1.16320
2026-09-03 23:59,1.16320,1.16320,1.16320,1.16320
2026-09-04 00:00,1.16320,1.16320,1.16320,1.16320
2026-09-04 00:01,1.16320,1.16320,1.16320,1.16320
2026-09-04 00:02,1.16320,1.16320,1.16320,1.16320
2026-09-04 00:03,1.16333,1.16333,1.16333,1.16333
2026-09-04 00:04,1.16333,1.16333,1.16333,1.16333
2026-09-04 00:05,1.16347,1.16347,1.16347,1.16347
2026-09-04 00:06,1.16347,1.16347,1.16347,1.16347
2026-09-04 00:07,1.16333,1.16333,1.16333,1.16333
2026-09-04 00:08,1.16320,1.16320,1.16320,1.16320
2026-09-04 00:09,1.16320,1.16320,1.16320,1.16320
2026-09-04 00:10,1.16320,1.16320,1.16320,1.16320
2026-09-04 00:11,1.16320,1.16320,1.16320,1.16320
2026-09-04 00:12,1.16320,1.16320,1.16320,1.16320
2026-09-04 00:13,1.16320,1.16320,1.16320,1.16320
2026-09-04 00:14,1.16320,1.16320,1.16320,1.16320
2026-09-04 00:15,1.16320,1.16320,1.16320,1.16320
2026-09-04 00:16,1.16306,1.16306,1.16306,1.16306
2026-09-04 00:17,1.16306,1.16306,1.16306,1.16306
2026-09-04 00:18,1.16320,1.16320,1.16320,1.16320
2026-09-04 00:19,1.16306,1.16306,1.16306,1.16306
2026-09-04 00:20,1.16306,1.16306,1.16306,1.16306
2026-09-04 00:21,1.16306,1.16306,1.16306,1.16306
2026-09-04 00:22,1.16306,1.16306,1.16306,1.16306
2026-09-04 00:23,1.16320,1.16320,1.16320,1.16320
2026-09-04 00:24,1.16320,1.16320,1.16320,1.16320
2026-09-04 00:25,1.16306,1.16306,1.16306,1.16306
2026-09-04 00:26,1.16320,1.16320,1.16320,1.16320
2026-09-04 00:27,1.16306,1.16306,1.16306,1.16306
2026-09-04 00:28,1.16306,1.16306,1.16306,1.16306
2026-09-04 00:29,1.16293,1.16293,1.16293,1.16293
2026-09-04 00:30,1.16306,1.16306,1.16306,1.16306
2026-09-04 00:31,1.16306,1.16306,1.16306,1.16306
2026-09-04 00:32,1.16306,1.16306,1.16306,1.16306
2026-09-04 00:33,1.16306,1.16306,1.16306,1.16306
2026-09-04 00:34,1.16293,1.16293,1.16293,1.16293
2026-09-04 00:35,1.16306,1.16306,1.16306,1.16306
2026-09-04 00:36,1.16306,1.16306,1.16306,1.16306
2026-09-04 00:37,1.16293,1.16293,1.16293,1.16293
2026-09-04 00:38,1.16293,1.16293,1.16293,1.16293
2026-09-04 00:39,1.16293,1.16293,1.16293,1.16293
2026-09-04 00:40,1.16306,1.16306,1.16306,1.16306
2026-09-04 00:41,1.16293,1.16293,1.16293,1.16293
2026-09-04 00:42,1.16306,1.16306,1.16306,1.16306
2026-09-04 00:43,1.16306,1.16306,1.16306,1.16306
2026-09-04 00:44,1.16306,1.16306,1.16306,1.16306
2026-09-04 00:45,1.16320,1.16320,1.16320,1.16320
2026-09-04 00:46,1.16320,1.16320,1.16320,1.16320
2026-09-04 00:47,1.16333,1.16333,1.16333,1.16333
2026-09-04 00:48,1.16333,1.16333,1.16333,1.16333
2026-09-04 00:49,1.16333,1.16333,1.16333,1.16333
2026-09-04 00:50,1.16333,1.16333,1.16333,1.16333
2026-09-04 00:51,1.16333,1.16333,1.16333,1.16333
2026-09-04 00:52,1.16333,1.16333,1.16333,1.16333
2026-09-04 00:53,1.16333,1.16333,1.16333,1.16333
2026-09-04 00:54,1.16347,1.16347,1.16347,1.16347
2026-09-04 00:55,1.16333,1.16333,1.16333,1.16333
2026-09-04 00:56,1.16333,1.16333,1.16333,1.16333
2026-09-04 00:57,1.16333,1.16333,1.16333,1.16333
2026-09-04 00:58,1.16333,1.16333,1.16333,1.16333
2026-09-04 00:59,1.16320,1.16320,1.16320,1.16320
2026-09-04 01:00,1.16320,1.16320,1.16320,1.16320
2026-09-04 01:01,1.16320,1.16320,1.16320,1.16320
2026-09-04 01:02,1.16320,1.16320,1.16320,1.16320
2026-09-04 01:03,1.16320,1.16320,1.16320,1.16320
2026-09-04 01:04,1.16306,1.16306,1.16306,1.16306
2026-09-04 01:05,1.16320,1.16320,1.16320,1.16320
2026-09-04 01:06,1.16320,1.16320,1.16320,1.16320
2026-09-04 01:07,1.16320,1.16320,1.16320,1.16320
2026-09-04 01:08,1.16320,1.16320,1.16320,1.16320
2026-09-04 01:09,1.16320,1.16320,1.16320,1.16320
2026-09-04 01:10,1.16320,1.16320,1.16320,1.16320
2026-09-04 01:11,1.16333,1.16333,1.16333,1.16333
2026-09-04 01:12,1.16320,1.16320,1.16320,1.16320
2026-09-04 01:13,1.16320,1.16320,1.16320,1.16320
2026-09-04 01:14,1.16306,1.16306,1.16306,1.16306
2026-09-04 01:15,1.16320,1.16320,1.16320,1.16320
2026-09-04 01:16,1.16320,1.16320,1.16320,1.16320
2026-09-04 01:17,1.16320,1.16320,1.16320,1.16320
2026-09-04 01:18,1.16320,1.16320,1.16320,1.16320
2026-09-04 01:19,1.16320,1.16320,1.16320,1.16320
2026-09-04 01:20,1.16320,1.16320,1.16320,1.16320
2026-09-04 01:21,1.16333,1.16333,1.16333,1.16333
2026-09-04 01:22,1.16347,1.16347,1.16347,1.16347
2026-09-04 01:23,1.16347,1.16347,1.16347,1.16347
2026-09-04 01:24,1.16333,1.16333,1.16333,1.16333
2026-09-04 01:25,1.16333,1.16333,1.16333,1.16333
2026-09-04 01:26,1.16320,1.16320,1.16320,1.16320
2026-09-04 01:27,1.16320,1.16320,1.16320,1.16320
2026-09-04 01:28,1.16333,1.16333,1.16333,1.16333
2026-09-04 01:29,1.16320,1.16320,1.16320,1.16320
2026-09-04 01:30,1.16320,1.16320,1.16320,1.16320
2026-09-04 01:31,1.16320,1.16320,1.16320,1.16320
2026-09-04 01:32,1.16333,1.16333,1.16333,1.16333
2026-09-04 01:33,1.16320,1.16320,1.16320,1.16320
2026-09-04 01:34,1.16320,1.16320,1.16320,1.16320
2026-09-04 01:35,1.16320,1.16320,1.16320,1.16320
2026-09-04 01:36,1.16333,1.16333,1.16333,1.16333
2026-09-04 01:37,1.16320,1.16320,1.16320,1.16320
2026-09-04 01:38,1.16320,1.16320,1.16320,1.16320
2026-09-04 01:39,1.16320,1.16320,1.16320,1.16320
2026-09-04 01:40,1.16320,1.16320,1.16320,1.16320
2026-09-04 01:41,1.16320,1.16320,1.16320,1.16320
2026-09-04 01:42,1.16320,1.16320,1.16320,1.16320
2026-09-04 01:43,1.16320,1.16320,1.16320,1.16320
2026-09-04 01:44,1.16333,1.16333,1.16333,1.16333
2026-09-04 01:45,1.16320,1.16320,1.16320,1.16320
2026-09-04 01:46,1.16320,1.16320,1.16320,1.16320
2026-09-04 01:47,1.16320,1.16320,1.16320,1.16320
2026-09-04 01:48,1.16320,1.16320,1.16320,1.16320
2026-09-04 01:49,1.16320,1.16320,1.16320,1.16320
2026-09-04 01:50,1.16320,1.16320,1.16320,1.16320
2026-09-04 01:51,1.16320,1.16320,1.16320,1.16320
2026-09-04 01:52,1.16320,1.16320,1.16320,1.16320
2026-09-04 01:53,1.16320,1.16320,1.16320,1.16320
2026-09-04 01:54,1.16320,1.16320,1.16320,1.16320
2026-09-04 01:55,1.16320,1.16320,1.16320,1.16320
2026-09-04 01:56,1.16333,1.16333,1.16333,1.16333
2026-09-04 01:57,1.16320,1.16320,1.16320,1.16320
2026-09-04 01:58,1.16333,1.16333,1.16333,1.16333
2026-09-04 01:59,1.16333,1.16333,1.16333,1.16333
2026-09-04 02:00,1.16333,1.16333,1.16333,1.16333
2026-09-04 02:01,1.16347,1.16347,1.16347,1.16347
2026-09-04 02:02,1.16347,1.16347,1.16347,1.16347
2026-09-04 02:03,1.16360,1.16360,1.16360,1.16360
2026-09-04 02:04,1.16360,1.16360,1.16360,1.16360
2026-09-04 02:05,1.16347,1.16347,1.16347,1.16347
2026-09-04 02:06,1.16347,1.16347,1.16347,1.16347
2026-09-04 02:07,1.16347,1.16347,1.16347,1.16347
2026-09-04 02:08,1.16333,1.16333,1.16333,1.16333
2026-09-04 02:09,1.16333,1.16333,1.16333,1.16333
2026-09-04 02:10,1.16333,1.16333,1.16333,1.16333
2026-09-04 02:11,1.16333,1.16333,1.16333,1.16333
2026-09-04 02:12,1.16333,1.16333,1.16333,1.16333
2026-09-04 02:13,1.16333,1.16333,1.16333,1.16333
2026-09-04 02:14,1.16333,1.16333,1.16333,1.16333
2026-09-04 02:15,1.16333,1.16333,1.16333,1.16333
2026-09-04 02:16,1.16333,1.16333,1.16333,1.16333
2026-09-04 02:17,1.16320,1.16320,1.16320,1.16320
2026-09-04 02:18,1.16320,1.16320,1.16320,1.16320
2026-09-04 02:19,1.16320,1.16320,1.16320,1.16320
2026-09-04 02:20,1.16320,1.16320,1.16320,1.16320
2026-09-04 02:21,1.16320,1.16320,1.16320,1.16320
2026-09-04 02:22,1.16306,1.16306,1.16306,1.16306
2026-09-04 02:23,1.16306,1.16306,1.16306,1.16306
2026-09-04 02:24,1.16306,1.16306,1.16306,1.16306
2026-09-04 02:25,1.16306,1.16306,1.16306,1.16306
2026-09-04 02:26,1.16293,1.16293,1.16293,1.16293
2026-09-04 02:27,1.16293,1.16293,1.16293,1.16293
2026-09-04 02:28,1.16306,1.16306,1.16306,1.16306
2026-09-04 02:29,1.16306,1.16306,1.16306,1.16306
2026-09-04 02:30,1.16306,1.16306,1.16306,1.16306
2026-09-04 02:31,1.16306,1.16306,1.16306,1.16306
2026-09-04 02:32,1.16306,1.16306,1.16306,1.16306
2026-09-04 02:33,1.16320,1.16320,1.16320,1.16320
2026-09-04 02:34,1.16306,1.16306,1.16306,1.16306
2026-09-04 02:35,1.16306,1.16306,1.16306,1.16306
2026-09-04 02:36,1.16320,1.16320,1.16320,1.16320
2026-09-04 02:37,1.16320,1.16320,1.16320,1.16320
2026-09-04 02:38,1.16320,1.16320,1.16320,1.16320
2026-09-04 02:39,1.16320,1.16320,1.16320,1.16320
2026-09-04 02:40,1.16320,1.16320,1.16320,1.16320
2026-09-04 02:41,1.16320,1.16320,1.16320,1.16320
2026-09-04 02:42,1.16320,1.16320,1.16320,1.16320
2026-09-04 02:43,1.16320,1.16320,1.16320,1.16320
2026-09-04 02:44,1.16320,1.16320,1.16320,1.16320
2026-09-04 02:45,1.16320,1.16320,1.16320,1.16320
2026-09-04 02:46,1.16320,1.16320,1.16320,1.16320
2026-09-04 02:47,1.16320,1.16320,1.16320,1.16320
2026-09-04 02:48,1.16320,1.16320,1.16320,1.16320
2026-09-04 02:49,1.16320,1.16320,1.16320,1.16320
2026-09-04 02:50,1.16320,1.16320,1.16320,1.16320
2026-09-04 02:51,1.16320,1.16320,1.16320,1.16320
2026-09-04 02:52,1.16320,1.16320,1.16320,1.16320
2026-09-04 02:53,1.16320,1.16320,1.16320,1.16320
2026-09-04 02:54,1.16333,1.16333,1.16333,1.16333
2026-09-04 02:55,1.16333,1.16333,1.16333,1.16333
2026-09-04 02:56,1.16320,1.16320,1.16320,1.16320
2026-09-04 02:57,1.16306,1.16306,1.16306,1.16306
2026-09-04 02:58,1.16306,1.16306,1.16306,1.16306
2026-09-04 02:59,1.16306,1.16306,1.16306,1.16306
2026-09-04 03:00,1.16306,1.16306,1.16306,1.16306
2026-09-04 03:01,1.16320,1.16320,1.16320,1.16320
2026-09-04 03:02,1.16320,1.16320,1.16320,1.16320
2026-09-04 03:03,1.16320,1.16320,1.16320,1.16320
2026-09-04 03:04,1.16320,1.16320,1.16320,1.16320
2026-09-04 03:05,1.16306,1.16306,1.16306,1.16306
2026-09-04 03:06,1.16306,1.16306,1.16306,1.16306
2026-09-04 03:07,1.16306,1.16306,1.16306,1.16306
2026-09-04 03:08,1.16306,1.16306,1.16306,1.16306
2026-09-04 03:09,1.16306,1.16306,1.16306,1.16306
2026-09-04 03:10,1.16306,1.16306,1.16306,1.16306
2026-09-04 03:11,1.16306,1.16306,1.16306,1.16306
2026-09-04 03:12,1.16306,1.16306,1.16306,1.16306
2026-09-04 03:13,1.16320,1.16320,1.16320,1.16320
2026-09-04 03:14,1.16320,1.16320,1.16320,1.16320
2026-09-04 03:15,1.16320,1.16320,1.16320,1.16320
2026-09-04 03:16,1.16320,1.16320,1.16320,1.16320
2026-09-04 03:17,1.16320,1.16320,1.16320,1.16320
2026-09-04 03:18,1.16320,1.16320,1.16320,1.16320
2026-09-04 03:19,1.16320,1.16320,1.16320,1.16320
2026-09-04 03:20,1.16320,1.16320,1.16320,1.16320
2026-09-04 03:21,1.16320,1.16320,1.16320,1.16320
2026-09-04 03:22,1.16320,1.16320,1.16320,1.16320
2026-09-04 03:23,1.16320,1.16320,1.16320,1.16320
2026-09-04 03:24,1.16320,1.16320,1.16320,1.16320
2026-09-04 03:25,1.16306,1.16306,1.16306,1.16306
2026-09-04 03:26,1.16306,1.16306,1.16306,1.16306
2026-09-04 03:27,1.16306,1.16306,1.16306,1.16306
2026-09-04 03:28,1.16306,1.16306,1.16306,1.16306
2026-09-04 03:29,1.16306,1.16306,1.16306,1.16306
2026-09-04 03:30,1.16293,1.16293,1.16293,1.16293
2026-09-04 03:31,1.16293,1.16293,1.16293,1.16293
2026-09-04 03:32,1.16293,1.16293,1.16293,1.16293
2026-09-04 03:33,1.16293,1.16293,1.16293,1.16293
2026-09-04 03:34,1.16306,1.16306,1.16306,1.16306
2026-09-04 03:35,1.16306,1.16306,1.16306,1.16306
2026-09-04 03:36,1.16293,1.16293,1.16293,1.16293
2026-09-04 03:37,1.16293,1.16293,1.16293,1.16293
2026-09-04 03:38,1.16293,1.16293,1.16293,1.16293
2026-09-04 03:39,1.16279,1.16279,1.16279,1.16279
2026-09-04 03:40,1.16293,1.16293,1.16293,1.16293
2026-09-04 03:41,1.16279,1.16279,1.16279,1.16279
2026-09-04 03:42,1.16279,1.16279,1.16279,1.16279
2026-09-04 03:43,1.16279,1.16279,1.16279,1.16279
2026-09-04 03:44,1.16266,1.16266,1.16266,1.16266
2026-09-04 03:45,1.16279,1.16279,1.16279,1.16279
2026-09-04 03:46,1.16266,1.16266,1.16266,1.16266
2026-09-04 03:47,1.16266,1.16266,1.16266,1.16266
2026-09-04 03:48,1.16266,1.16266,1.16266,1.16266
2026-09-04 03:49,1.16266,1.16266,1.16266,1.16266
2026-09-04 03:50,1.16279,1.16279,1.16279,1.16279
2026-09-04 03:51,1.16279,1.16279,1.16279,1.16279
2026-09-04 03:52,1.16279,1.16279,1.16279,1.16279
2026-09-04 03:53,1.16279,1.16279,1.16279,1.16279
2026-09-04 03:54,1.16266,1.16266,1.16266,1.16266
2026-09-04 03:55,1.16266,1.16266,1.16266,1.16266
2026-09-04 03:56,1.16266,1.16266,1.16266,1.16266
2026-09-04 03:57,1.16266,1.16266,1.16266,1.16266
2026-09-04 03:58,1.16266,1.16266,1.16266,1.16266
2026-09-04 03:59,1.16266,1.16266,1.16266,1.16266
2026-09-04 04:00,1.16266,1.16266,1.16266,1.16266
2026-09-04 04:01,1.16266,1.16266,1.16266,1.16266
2026-09-04 04:02,1.16293,1.16293,1.16293,1.16293
2026-09-04 04:03,1.16293,1.16293,1.16293,1.16293
2026-09-04 04:04,1.16306,1.16306,1.16306,1.16306
2026-09-04 04:05,1.16306,1.16306,1.16306,1.16306
2026-09-04 04:06,1.16306,1.16306,1.16306,1.16306
2026-09-04 04:07,1.16306,1.16306,1.16306,1.16306
2026-09-04 04:08,1.16293,1.16293,1.16293,1.16293
2026-09-04 04:09,1.16293,1.16293,1.16293,1.16293
2026-09-04 04:10,1.16293,1.16293,1.16293,1.16293
2026-09-04 04:11,1.16293,1.16293,1.16293,1.16293
2026-09-04 04:12,1.16293,1.16293,1.16293,1.16293
2026-09-04 04:13,1.16293,1.16293,1.16293,1.16293
2026-09-04 04:14,1.16293,1.16293,1.16293,1.16293
2026-09-04 04:15,1.16293,1.16293,1.16293,1.16293
2026-09-04 04:16,1.16279,1.16279,1.16279,1.16279
2026-09-04 04:17,1.16279,1.16279,1.16279,1.16279
2026-09-04 04:18,1.16293,1.16293,1.16293,1.16293
2026-09-04 04:19,1.16279,1.16279,1.16279,1.16279
2026-09-04 04:20,1.16293,1.16293,1.16293,1.16293
2026-09-04 04:21,1.16293,1.16293,1.16293,1.16293
2026-09-04 04:22,1.16279,1.16279,1.16279,1.16279
2026-09-04 04:23,1.16279,1.16279,1.16279,1.16279
2026-09-04 04:24,1.16279,1.16279,1.16279,1.16279
2026-09-04 04:25,1.16279,1.16279,1.16279,1.16279
2026-09-04 04:26,1.16279,1.16279,1.16279,1.16279
2026-09-04 04:27,1.16279,1.16279,1.16279,1.16279
2026-09-04 04:28,1.16279,1.16279,1.16279,1.16279
2026-09-04 04:29,1.16293,1.16293,1.16293,1.16293
2026-09-04 04:30,1.16293,1.16293,1.16293,1.16293
2026-09-04 04:31,1.16306,1.16306,1.16306,1.16306
2026-09-04 04:32,1.16293,1.16293,1.16293,1.16293
2026-09-04 04:33,1.16293,1.16293,1.16293,1.16293
2026-09-04 04:34,1.16279,1.16279,1.16279,1.16279
2026-09-04 04:35,1.16279,1.16279,1.16279,1.16279
2026-09-04 04:36,1.16293,1.16293,1.16293,1.16293
2026-09-04 04:37,1.16293,1.16293,1.16293,1.16293
2026-09-04 04:38,1.16306,1.16306,1.16306,1.16306
2026-09-04 04:39,1.16306,1.16306,1.16306,1.16306
2026-09-04 04:40,1.16306,1.16306,1.16306,1.16306
2026-09-04 04:41,1.16306,1.16306,1.16306,1.16306
2026-09-04 04:42,1.16306,1.16306,1.16306,1.16306
2026-09-04 04:43,1.16306,1.16306,1.16306,1.16306
2026-09-04 04:44,1.16306,1.16306,1.16306,1.16306
2026-09-04 04:45,1.16306,1.16306,1.16306,1.16306
2026-09-04 04:46,1.16306,1.16306,1.16306,1.16306
2026-09-04 04:47,1.16293,1.16293,1.16293,1.16293
2026-09-04 04:48,1.16293,1.16293,1.16293,1.16293
2026-09-04 04:49,1.16306,1.16306,1.16306,1.16306
2026-09-04 04:50,1.16293,1.16293,1.16293,1.16293
2026-09-04 04:51,1.16306,1.16306,1.16306,1.16306
2026-09-04 04:52,1.16306,1.16306,1.16306,1.16306
2026-09-04 04:53,1.16293,1.16293,1.16293,1.16293
2026-09-04 04:54,1.16306,1.16306,1.16306,1.16306
2026-09-04 04:55,1.16306,1.16306,1.16306,1.16306
2026-09-04 04:56,1.16306,1.16306,1.16306,1.16306
2026-09-04 04:57,1.16306,1.16306,1.16306,1.16306
2026-09-04 04:58,1.16293,1.16293,1.16293,1.16293
2026-09-04 04:59,1.16306,1.16306,1.16306,1.16306
2026-09-04 05:00,1.16293,1.16293,1.16293,1.16293
2026-09-04 05:01,1.16293,1.16293,1.16293,1.16293
2026-09-04 05:02,1.16293,1.16293,1.16293,1.16293
2026-09-04 05:03,1.16293,1.16293,1.16293,1.16293
2026-09-04 05:04,1.16293,1.16293,1.16293,1.16293
2026-09-04 05:05,1.16293,1.16293,1.16293,1.16293
2026-09-04 05:06,1.16279,1.16279,1.16279,1.16279
2026-09-04 05:07,1.16293,1.16293,1.16293,1.16293
2026-09-04 05:08,1.16293,1.16293,1.16293,1.16293
2026-09-04 05:09,1.16293,1.16293,1.16293,1.16293
2026-09-04 05:10,1.16293,1.16293,1.16293,1.16293
2026-09-04 05:11,1.16293,1.16293,1.16293,1.16293
2026-09-04 05:12,1.16293,1.16293,1.16293,1.16293
2026-09-04 05:13,1.16293,1.16293,1.16293,1.16293
2026-09-04 05:14,1.16306,1.16306,1.16306,1.16306
2026-09-04 05:15,1.16306,1.16306,1.16306,1.16306
2026-09-04 05:16,1.16306,1.16306,1.16306,1.16306
2026-09-04 05:17,1.16306,1.16306,1.16306,1.16306
2026-09-04 05:18,1.16306,1.16306,1.16306,1.16306
2026-09-04 05:19,1.16306,1.16306,1.16306,1.16306
2026-09-04 05:20,1.16306,1.16306,1.16306,1.16306
2026-09-04 05:21,1.16306,1.16306,1.16306,1.16306
2026-09-04 05:22,1.16306,1.16306,1.16306,1.16306
2026-09-04 05:23,1.16306,1.16306,1.16306,1.16306
2026-09-04 05:24,1.16306,1.16306,1.16306,1.16306
2026-09-04 05:25,1.16306,1.16306,1.16306,1.16306
2026-09-04 05:26,1.16306,1.16306,1.16306,1.16306
2026-09-04 05:27,1.16306,1.16306,1.16306,1.16306
2026-09-04 05:28,1.16306,1.16306,1.16306,1.16306
2026-09-04 05:29,1.16306,1.16306,1.16306,1.16306
2026-09-04 05:30,1.16306,1.16306,1.16306,1.16306
2026-09-04 05:31,1.16306,1.16306,1.16306,1.16306
2026-09-04 05:32,1.16320,1.16320,1.16320,1.16320
2026-09-04 05:33,1.16320,1.16320,1.16320,1.16320
2026-09-04 05:34,1.16320,1.16320,1.16320,1.16320
2026-09-04 05:35,1.16320,1.16320,1.16320,1.16320
2026-09-04 05:36,1.16320,1.16320,1.16320,1.16320
2026-09-04 05:37,1.16320,1.16320,1.16320,1.16320
2026-09-04 05:38,1.16320,1.16320,1.16320,1.16320
2026-09-04 05:39,1.16306,1.16306,1.16306,1.16306
2026-09-04 05:40,1.16306,1.16306,1.16306,1.16306
2026-09-04 05:41,1.16306,1.16306,1.16306,1.16306
2026-09-04 05:42,1.16306,1.16306,1.16306,1.16306
2026-09-04 05:43,1.16306,1.16306,1.16306,1.16306
2026-09-04 05:44,1.16293,1.16293,1.16293,1.16293
2026-09-04 05:45,1.16293,1.16293,1.16293,1.16293
2026-09-04 05:46,1.16293,1.16293,1.16293,1.16293
2026-09-04 05:47,1.16293,1.16293,1.16293,1.16293
2026-09-04 05:48,1.16306,1.16306,1.16306,1.16306
2026-09-04 05:49,1.16306,1.16306,1.16306,1.16306
2026-09-04 05:50,1.16293,1.16293,1.16293,1.16293
2026-09-04 05:51,1.16293,1.16293,1.16293,1.16293
2026-09-04 05:52,1.16293,1.16293,1.16293,1.16293
2026-09-04 05:53,1.16306,1.16306,1.16306,1.16306
2026-09-04 05:54,1.16293,1.16293,1.16293,1.16293
2026-09-04 05:55,1.16306,1.16306,1.16306,1.16306
2026-09-04 05:56,1.16306,1.16306,1.16306,1.16306
2026-09-04 05:57,1.16306,1.16306,1.16306,1.16306
2026-09-04 05:58,1.16320,1.16320,1.16320,1.16320
2026-09-04 05:59,1.16320,1.16320,1.16320,1.16320
2026-09-04 06:00,1.16306,1.16306,1.16306,1.16306
2026-09-04 06:01,1.16333,1.16333,1.16333,1.16333
2026-09-04 06:02,1.16333,1.16333,1.16333,1.16333
2026-09-04 06:03,1.16333,1.16333,1.16333,1.16333
2026-09-04 06:04,1.16333,1.16333,1.16333,1.16333
2026-09-04 06:05,1.16333,1.16333,1.16333,1.16333
2026-09-04 06:06,1.16333,1.16333,1.16333,1.16333
2026-09-04 06:07,1.16333,1.16333,1.16333,1.16333
2026-09-04 06:08,1.16333,1.16333,1.16333,1.16333
2026-09-04 06:09,1.16333,1.16333,1.16333,1.16333
2026-09-04 06:10,1.16333,1.16333,1.16333,1.16333
2026-09-04 06:11,1.16333,1.16333,1.16333,1.16333
2026-09-04 06:12,1.16320,1.16320,1.16320,1.16320
2026-09-04 06:13,1.16333,1.16333,1.16333,1.16333
2026-09-04 06:14,1.16333,1.16333,1.16333,1.16333
2026-09-04 06:15,1.16333,1.16333,1.16333,1.16333
2026-09-04 06:16,1.16333,1.16333,1.16333,1.16333
2026-09-04 06:17,1.16333,1.16333,1.16333,1.16333
2026-09-04 06:18,1.16320,1.16320,1.16320,1.16320
2026-09-04 06:19,1.16320,1.16320,1.16320,1.16320
2026-09-04 06:20,1.16320,1.16320,1.16320,1.16320
2026-09-04 06:21,1.16333,1.16333,1.16333,1.16333
2026-09-04 06:22,1.16320,1.16320,1.16320,1.16320
2026-09-04 06:23,1.16320,1.16320,1.16320,1.16320
2026-09-04 06:24,1.16320,1.16320,1.16320,1.16320
2026-09-04 06:25,1.16320,1.16320,1.16320,1.16320
2026-09-04 06:26,1.16320,1.16320,1.16320,1.16320
2026-09-04 06:27,1.16320,1.16320,1.16320,1.16320
2026-09-04 06:28,1.16320,1.16320,1.16320,1.16320
2026-09-04 06:29,1.16320,1.16320,1.16320,1.16320
2026-09-04 06:30,1.16306,1.16306,1.16306,1.16306
2026-09-04 06:31,1.16306,1.16306,1.16306,1.16306
2026-09-04 06:32,1.16320,1.16320,1.16320,1.16320
2026-09-04 06:33,1.16333,1.16333,1.16333,1.16333
2026-09-04 06:34,1.16333,1.16333,1.16333,1.16333
2026-09-04 06:35,1.16333,1.16333,1.16333,1.16333
2026-09-04 06:36,1.16320,1.16320,1.16320,1.16320
2026-09-04 06:37,1.16320,1.16320,1.16320,1.16320
2026-09-04 06:38,1.16320,1.16320,1.16320,1.16320
2026-09-04 06:39,1.16320,1.16320,1.16320,1.16320
2026-09-04 06:40,1.16320,1.16320,1.16320,1.16320
2026-09-04 06:41,1.16320,1.16320,1.16320,1.16320
2026-09-04 06:42,1.16320,1.16320,1.16320,1.16320
2026-09-04 06:43,1.16333,1.16333,1.16333,1.16333
2026-09-04 06:44,1.16320,1.16320,1.16320,1.16320
2026-09-04 06:45,1.16306,1.16306,1.16306,1.16306
2026-09-04 06:46,1.16306,1.16306,1.16306,1.16306
2026-09-04 06:47,1.16320,1.16320,1.16320,1.16320
2026-09-04 06:48,1.16320,1.16320,1.16320,1.16320
2026-09-04 06:49,1.16320,1.16320,1.16320,1.16320
2026-09-04 06:50,1.16320,1.16320,1.16320,1.16320
2026-09-04 06:51,1.16320,1.16320,1.16320,1.16320
2026-09-04 06:52,1.16320,1.16320,1.16320,1.16320
2026-09-04 06:53,1.16320,1.16320,1.16320,1.16320
2026-09-04 06:54,1.16320,1.16320,1.16320,1.16320
2026-09-04 06:55,1.16320,1.16320,1.16320,1.16320
2026-09-04 06:56,1.16320,1.16320,1.16320,1.16320
2026-09-04 06:57,1.16306,1.16306,1.16306,1.16306
2026-09-04 06:58,1.16320,1.16320,1.16320,1.16320
2026-09-04 06:59,1.16306,1.16306,1.16306,1.16306
2026-09-04 07:00,1.16320,1.16320,1.16320,1.16320
2026-09-04 07:01,1.16320,1.16320,1.16320,1.16320
2026-09-04 07:02,1.16320,1.16320,1.16320,1.16320
2026-09-04 07:03,1.16320,1.16320,1.16320,1.16320
2026-09-04 07:04,1.16320,1.16320,1.16320,1.16320
2026-09-04 07:05,1.16333,1.16333,1.16333,1.16333
2026-09-04 07:06,1.16320,1.16320,1.16320,1.16320
2026-09-04 07:07,1.16320,1.16320,1.16320,1.16320
2026-09-04 07:08,1.16320,1.16320,1.16320,1.16320
2026-09-04 07:09,1.16306,1.16306,1.16306,1.16306
2026-09-04 07:10,1.16320,1.16320,1.16320,1.16320
2026-09-04 07:11,1.16320,1.16320,1.16320,1.16320
2026-09-04 07:12,1.16306,1.16306,1.16306,1.16306
2026-09-04 07:13,1.16306,1.16306,1.16306,1.16306
2026-09-04 07:14,1.16293,1.16293,1.16293,1.16293
2026-09-04 07:15,1.16293,1.16293,1.16293,1.16293
2026-09-04 07:16,1.16293,1.16293,1.16293,1.16293
2026-09-04 07:17,1.16306,1.16306,1.16306,1.16306
2026-09-04 07:18,1.16293,1.16293,1.16293,1.16293
2026-09-04 07:19,1.16293,1.16293,1.16293,1.16293
2026-09-04 07:20,1.16293,1.16293,1.16293,1.16293
2026-09-04 07:21,1.16293,1.16293,1.16293,1.16293
2026-09-04 07:22,1.16306,1.16306,1.16306,1.16306
2026-09-04 07:23,1.16306,1.16306,1.16306,1.16306
2026-09-04 07:24,1.16293,1.16293,1.16293,1.16293
2026-09-04 07:25,1.16306,1.16306,1.16306,1.16306
2026-09-04 07:26,1.16306,1.16306,1.16306,1.16306
2026-09-04 07:27,1.16306,1.16306,1.16306,1.16306
2026-09-04 07:28,1.16306,1.16306,1.16306,1.16306
2026-09-04 07:29,1.16320,1.16320,1.16320,1.16320
2026-09-04 07:30,1.16320,1.16320,1.16320,1.16320
2026-09-04 07:31,1.16320,1.16320,1.16320,1.16320
2026-09-04 07:32,1.16320,1.16320,1.16320,1.16320
2026-09-04 07:33,1.16320,1.16320,1.16320,1.16320
2026-09-04 07:34,1.16320,1.16320,1.16320,1.16320
2026-09-04 07:35,1.16320,1.16320,1.16320,1.16320
2026-09-04 07:36,1.16306,1.16306,1.16306,1.16306
2026-09-04 07:37,1.16320,1.16320,1.16320,1.16320
2026-09-04 07:38,1.16306,1.16306,1.16306,1.16306
2026-09-04 07:39,1.16306,1.16306,1.16306,1.16306
2026-09-04 07:40,1.16293,1.16293,1.16293,1.16293
2026-09-04 07:41,1.16306,1.16306,1.16306,1.16306
2026-09-04 07:42,1.16306,1.16306,1.16306,1.16306
2026-09-04 07:43,1.16306,1.16306,1.16306,1.16306
2026-09-04 07:44,1.16320,1.16320,1.16320,1.16320
2026-09-04 07:45,1.16320,1.16320,1.16320,1.16320
2026-09-04 07:46,1.16306,1.16306,1.16306,1.16306
2026-09-04 07:47,1.16306,1.16306,1.16306,1.16306
2026-09-04 07:48,1.16306,1.16306,1.16306,1.16306
2026-09-04 07:49,1.16306,1.16306,1.16306,1.16306
2026-09-04 07:50,1.16306,1.16306,1.16306,1.16306
2026-09-04 07:51,1.16279,1.16279,1.16279,1.16279
2026-09-04 07:52,1.16266,1.16266,1.16266,1.16266
2026-09-04 07:53,1.16266,1.16266,1.16266,1.16266
2026-09-04 07:54,1.16266,1.16266,1.16266,1.16266
2026-09-04 07:55,1.16266,1.16266,1.16266,1.16266
2026-09-04 07:56,1.16266,1.16266,1.16266,1.16266
2026-09-04 07:57,1.16252,1.16252,1.16252,1.16252
2026-09-04 07:58,1.16252,1.16252,1.16252,1.16252
2026-09-04 07:59,1.16266,1.16266,1.16266,1.16266
2026-09-04 08:00,1.16266,1.16266,1.16266,1.16266
2026-09-04 08:01,1.16252,1.16252,1.16252,1.16252
2026-09-04 08:02,1.16252,1.16252,1.16252,1.16252
2026-09-04 08:03,1.16266,1.16266,1.16266,1.16266
2026-09-04 08:04,1.16266,1.16266,1.16266,1.16266
2026-09-04 08:05,1.16252,1.16252,1.16252,1.16252
2026-09-04 08:06,1.16252,1.16252,1.16252,1.16252
2026-09-04 08:07,1.16239,1.16239,1.16239,1.16239
2026-09-04 08:08,1.16225,1.16225,1.16225,1.16225
2026-09-04 08:09,1.16239,1.16239,1.16239,1.16239
2026-09-04 08:10,1.16225,1.16225,1.16225,1.16225
2026-09-04 08:11,1.16225,1.16225,1.16225,1.16225
2026-09-04 08:12,1.16225,1.16225,1.16225,1.16225
2026-09-04 08:13,1.16225,1.16225,1.16225,1.16225
2026-09-04 08:14,1.16225,1.16225,1.16225,1.16225
2026-09-04 08:15,1.16225,1.16225,1.16225,1.16225
2026-09-04 08:16,1.16225,1.16225,1.16225,1.16225
2026-09-04 08:17,1.16239,1.16239,1.16239,1.16239
2026-09-04 08:18,1.16239,1.16239,1.16239,1.16239
2026-09-04 08:19,1.16252,1.16252,1.16252,1.16252
2026-09-04 08:20,1.16252,1.16252,1.16252,1.16252
2026-09-04 08:21,1.16252,1.16252,1.16252,1.16252
2026-09-04 08:22,1.16239,1.16239,1.16239,1.16239
2026-09-04 08:23,1.16239,1.16239,1.16239,1.16239
2026-09-04 08:24,1.16239,1.16239,1.16239,1.16239
2026-09-04 08:25,1.16239,1.16239,1.16239,1.16239
2026-09-04 08:26,1.16252,1.16252,1.16252,1.16252
2026-09-04 08:27,1.16252,1.16252,1.16252,1.16252
2026-09-04 08:28,1.16252,1.16252,1.16252,1.16252
2026-09-04 08:29,1.16266,1.16266,1.16266,1.16266
2026-09-04 08:30,1.16252,1.16252,1.16252,1.16252
2026-09-04 08:31,1.16252,1.16252,1.16252,1.16252
2026-09-04 08:32,1.16266,1.16266,1.16266,1.16266
2026-09-04 08:33,1.16266,1.16266,1.16266,1.16266
2026-09-04 08:34,1.16252,1.16252,1.16252,1.16252
2026-09-04 08:35,1.16266,1.16266,1.16266,1.16266
2026-09-04 08:36,1.16252,1.16252,1.16252,1.16252
2026-09-04 08:37,1.16252,1.16252,1.16252,1.16252
2026-09-04 08:38,1.16252,1.16252,1.16252,1.16252
2026-09-04 08:39,1.16252,1.16252,1.16252,1.16252
2026-09-04 08:40,1.16252,1.16252,1.16252,1.16252
2026-09-04 08:41,1.16266,1.16266,1.16266,1.16266
2026-09-04 08:42,1.16266,1.16266,1.16266,1.16266
2026-09-04 08:43,1.16266,1.16266,1.16266,1.16266
2026-09-04 08:44,1.16266,1.16266,1.16266,1.16266
2026-09-04 08:45,1.16279,1.16279,1.16279,1.16279
2026-09-04 08:46,1.16279,1.16279,1.16279,1.16279
2026-09-04 08:47,1.16279,1.16279,1.16279,1.16279
2026-09-04 08:48,1.16266,1.16266,1.16266,1.16266
2026-09-04 08:49,1.16266,1.16266,1.16266,1.16266
2026-09-04 08:50,1.16279,1.16279,1.16279,1.16279
2026-09-04 08:51,1.16279,1.16279,1.16279,1.16279
2026-09-04 08:52,1.16279,1.16279,1.16279,1.16279
2026-09-04 08:53,1.16266,1.16266,1.16266,1.16266
2026-09-04 08:54,1.16279,1.16279,1.16279,1.16279
2026-09-04 08:55,1.16266,1.16266,1.16266,1.16266
2026-09-04 08:56,1.16279,1.16279,1.16279,1.16279
2026-09-04 08:57,1.16293,1.16293,1.16293,1.16293
2026-09-04 08:58,1.16279,1.16279,1.16279,1.16279
2026-09-04 08:59,1.16279,1.16279,1.16279,1.16279
2026-09-04 09:00,1.16266,1.16266,1.16266,1.16266
2026-09-04 09:01,1.16279,1.16279,1.16279,1.16279
2026-09-04 09:02,1.16279,1.16279,1.16279,1.16279
2026-09-04 09:03,1.16266,1.16266,1.16266,1.16266
2026-09-04 09:04,1.16252,1.16252,1.16252,1.16252
2026-09-04 09:05,1.16252,1.16252,1.16252,1.16252
2026-09-04 09:06,1.16252,1.16252,1.16252,1.16252
2026-09-04 09:07,1.16252,1.16252,1.16252,1.16252
2026-09-04 09:08,1.16266,1.16266,1.16266,1.16266
2026-09-04 09:09,1.16266,1.16266,1.16266,1.16266
2026-09-04 09:10,1.16266,1.16266,1.16266,1.16266
2026-09-04 09:11,1.16252,1.16252,1.16252,1.16252
2026-09-04 09:12,1.16252,1.16252,1.16252,1.16252
2026-09-04 09:13,1.16266,1.16266,1.16266,1.16266
2026-09-04 09:14,1.16252,1.16252,1.16252,1.16252
2026-09-04 09:15,1.16266,1.16266,1.16266,1.16266
2026-09-04 09:16,1.16252,1.16252,1.16252,1.16252
2026-09-04 09:17,1.16266,1.16266,1.16266,1.16266
2026-09-04 09:18,1.16266,1.16266,1.16266,1.16266
2026-09-04 09:19,1.16266,1.16266,1.16266,1.16266
2026-09-04 09:20,1.16266,1.16266,1.16266,1.16266
2026-09-04 09:21,1.16266,1.16266,1.16266,1.16266
2026-09-04 09:22,1.16266,1.16266,1.16266,1.16266
2026-09-04 09:23,1.16266,1.16266,1.16266,1.16266
2026-09-04 09:24,1.16252,1.16252,1.16252,1.16252
2026-09-04 09:25,1.16252,1.16252,1.16252,1.16252
2026-09-04 09:26,1.16252,1.16252,1.16252,1.16252
2026-09-04 09:27,1.16252,1.16252,1.16252,1.16252
2026-09-04 09:28,1.16252,1.16252,1.16252,1.16252
2026-09-04 09:29,1.16252,1.16252,1.16252,1.16252
2026-09-04 09:30,1.16252,1.16252,1.16252,1.16252
2026-09-04 09:31,1.16252,1.16252,1.16252,1.16252
2026-09-04 09:32,1.16239,1.16239,1.16239,1.16239
2026-09-04 09:33,1.16239,1.16239,1.16239,1.16239
2026-09-04 09:34,1.16225,1.16225,1.16225,1.16225
2026-09-04 09:35,1.16239,1.16239,1.16239,1.16239
2026-09-04 09:36,1.16239,1.16239,1.16239,1.16239
2026-09-04 09:37,1.16239,1.16239,1.16239,1.16239
2026-09-04 09:38,1.16239,1.16239,1.16239,1.16239
2026-09-04 09:39,1.16239,1.16239,1.16239,1.16239
2026-09-04 09:40,1.16252,1.16252,1.16252,1.16252
2026-09-04 09:41,1.16252,1.16252,1.16252,1.16252
2026-09-04 09:42,1.16239,1.16239,1.16239,1.16239
2026-09-04 09:43,1.16239,1.16239,1.16239,1.16239
2026-09-04 09:44,1.16239,1.16239,1.16239,1.16239
2026-09-04 09:45,1.16239,1.16239,1.16239,1.16239
2026-09-04 09:46,1.16239,1.16239,1.16239,1.16239
2026-09-04 09:47,1.16239,1.16239,1.16239,1.16239
2026-09-04 09:48,1.16239,1.16239,1.16239,1.16239
2026-09-04 09:49,1.16239,1.16239,1.16239,1.16239
2026-09-04 09:50,1.16225,1.16225,1.16225,1.16225
2026-09-04 09:51,1.16212,1.16212,1.16212,1.16212
2026-09-04 09:52,1.16212,1.16212,1.16212,1.16212
2026-09-04 09:53,1.16225,1.16225,1.16225,1.16225
2026-09-04 09:54,1.16225,1.16225,1.16225,1.16225
2026-09-04 09:55,1.16225,1.16225,1.16225,1.16225
2026-09-04 09:56,1.16239,1.16239,1.16239,1.16239
2026-09-04 09:57,1.16239,1.16239,1.16239,1.16239
2026-09-04 09:58,1.16198,1.16198,1.16198,1.16198
2026-09-04 09:59,1.16212,1.16212,1.16212,1.16212
2026-09-04 10:00,1.16212,1.16212,1.16212,1.16212
2026-09-04 10:01,1.16212,1.16212,1.16212,1.16212
2026-09-04 10:02,1.16212,1.16212,1.16212,1.16212
2026-09-04 10:03,1.16212,1.16212,1.16212,1.16212
2026-09-04 10:04,1.16212,1.16212,1.16212,1.16212
2026-09-04 10:05,1.16212,1.16212,1.16212,1.16212
2026-09-04 10:06,1.16212,1.16212,1.16212,1.16212
2026-09-04 10:07,1.16225,1.16225,1.16225,1.16225
2026-09-04 10:08,1.16212,1.16212,1.16212,1.16212
2026-09-04 10:09,1.16225,1.16225,1.16225,1.16225
2026-09-04 10:10,1.16225,1.16225,1.16225,1.16225
2026-09-04 10:11,1.16212,1.16212,1.16212,1.16212
2026-09-04 10:12,1.16225,1.16225,1.16225,1.16225
2026-09-04 10:13,1.16212,1.16212,1.16212,1.16212
2026-09-04 10:14,1.16225,1.16225,1.16225,1.16225
2026-09-04 10:15,1.16225,1.16225,1.16225,1.16225
2026-09-04 10:16,1.16239,1.16239,1.16239,1.16239
2026-09-04 10:17,1.16239,1.16239,1.16239,1.16239
2026-09-04 10:18,1.16239,1.16239,1.16239,1.16239
2026-09-04 10:19,1.16239,1.16239,1.16239,1.16239
2026-09-04 10:20,1.16225,1.16225,1.16225,1.16225
2026-09-04 10:21,1.16225,1.16225,1.16225,1.16225
2026-09-04 10:22,1.16225,1.16225,1.16225,1.16225
2026-09-04 10:23,1.16225,1.16225,1.16225,1.16225
2026-09-04 10:24,1.16225,1.16225,1.16225,1.16225
2026-09-04 10:25,1.16225,1.16225,1.16225,1.16225
2026-09-04 10:26,1.16212,1.16212,1.16212,1.16212
2026-09-04 10:27,1.16212,1.16212,1.16212,1.16212
2026-09-04 10:28,1.16212,1.16212,1.16212,1.16212
2026-09-04 10:29,1.16212,1.16212,1.16212,1.16212
2026-09-04 10:30,1.16212,1.16212,1.16212,1.16212
2026-09-04 10:31,1.16212,1.16212,1.16212,1.16212
2026-09-04 10:32,1.16225,1.16225,1.16225,1.16225
2026-09-04 10:33,1.16225,1.16225,1.16225,1.16225
2026-09-04 10:34,1.16225,1.16225,1.16225,1.16225
2026-09-04 10:35,1.16225,1.16225,1.16225,1.16225
2026-09-04 10:36,1.16212,1.16212,1.16212,1.16212
2026-09-04 10:37,1.16212,1.16212,1.16212,1.16212
2026-09-04 10:38,1.16212,1.16212,1.16212,1.16212
2026-09-04 10:39,1.16212,1.16212,1.16212,1.16212
2026-09-04 10:40,1.16225,1.16225,1.16225,1.16225
2026-09-04 10:41,1.16225,1.16225,1.16225,1.16225
2026-09-04 10:42,1.16225,1.16225,1.16225,1.16225
2026-09-04 10:43,1.16239,1.16239,1.16239,1.16239
2026-09-04 10:44,1.16239,1.16239,1.16239,1.16239
2026-09-04 10:45,1.16252,1.16252,1.16252,1.16252
2026-09-04 10:46,1.16252,1.16252,1.16252,1.16252
2026-09-04 10:47,1.16266,1.16266,1.16266,1.16266
2026-09-04 10:48,1.16252,1.16252,1.16252,1.16252
2026-09-04 10:49,1.16239,1.16239,1.16239,1.16239
2026-09-04 10:50,1.16252,1.16252,1.16252,1.16252
2026-09-04 10:51,1.16239,1.16239,1.16239,1.16239
2026-09-04 10:52,1.16252,1.16252,1.16252,1.16252
2026-09-04 10:53,1.16239,1.16239,1.16239,1.16239
2026-09-04 10:54,1.16252,1.16252,1.16252,1.16252
2026-09-04 10:55,1.16239,1.16239,1.16239,1.16239
2026-09-04 10:56,1.16252,1.16252,1.16252,1.16252
2026-09-04 10:57,1.16252,1.16252,1.16252,1.16252
2026-09-04 10:58,1.16252,1.16252,1.16252,1.16252
2026-09-04 10:59,1.16239,1.16239,1.16239,1.16239
2026-09-04 11:00,1.16252,1.16252,1.16252,1.16252
2026-09-04 11:01,1.16252,1.16252,1.16252,1.16252
2026-09-04 11:02,1.16252,1.16252,1.16252,1.16252
2026-09-04 11:03,1.16252,1.16252,1.16252,1.16252
2026-09-04 11:04,1.16252,1.16252,1.16252,1.16252
2026-09-04 11:05,1.16252,1.16252,1.16252,1.16252
2026-09-04 11:06,1.16239,1.16239,1.16239,1.16239
2026-09-04 11:07,1.16239,1.16239,1.16239,1.16239
2026-09-04 11:08,1.16239,1.16239,1.16239,1.16239
2026-09-04 11:09,1.16239,1.16239,1.16239,1.16239
2026-09-04 11:10,1.16252,1.16252,1.16252,1.16252
2026-09-04 11:11,1.16252,1.16252,1.16252,1.16252
2026-09-04 11:12,1.16252,1.16252,1.16252,1.16252
2026-09-04 11:13,1.16252,1.16252,1.16252,1.16252
2026-09-04 11:14,1.16252,1.16252,1.16252,1.16252
2026-09-04 11:15,1.16252,1.16252,1.16252,1.16252
2026-09-04 11:16,1.16252,1.16252,1.16252,1.16252
2026-09-04 11:17,1.16252,1.16252,1.16252,1.16252
2026-09-04 11:18,1.16252,1.16252,1.16252,1.16252
2026-09-04 11:19,1.16252,1.16252,1.16252,1.16252
2026-09-04 11:20,1.16266,1.16266,1.16266,1.16266
2026-09-04 11:21,1.16252,1.16252,1.16252,1.16252
2026-09-04 11:22,1.16266,1.16266,1.16266,1.16266
2026-09-04 11:23,1.16266,1.16266,1.16266,1.16266
2026-09-04 11:24,1.16266,1.16266,1.16266,1.16266
2026-09-04 11:25,1.16252,1.16252,1.16252,1.16252
2026-09-04 11:26,1.16252,1.16252,1.16252,1.16252
2026-09-04 11:27,1.16266,1.16266,1.16266,1.16266
2026-09-04 11:28,1.16252,1.16252,1.16252,1.16252
2026-09-04 11:29,1.16252,1.16252,1.16252,1.16252
2026-09-04 11:30,1.16239,1.16239,1.16239,1.16239
2026-09-04 11:31,1.16239,1.16239,1.16239,1.16239
2026-09-04 11:32,1.16252,1.16252,1.16252,1.16252
2026-09-04 11:33,1.16239,1.16239,1.16239,1.16239
2026-09-04 11:34,1.16252,1.16252,1.16252,1.16252
2026-09-04 11:35,1.16252,1.16252,1.16252,1.16252
2026-09-04 11:36,1.16252,1.16252,1.16252,1.16252
2026-09-04 11:37,1.16239,1.16239,1.16239,1.16239
2026-09-04 11:38,1.16252,1.16252,1.16252,1.16252
2026-09-04 11:39,1.16239,1.16239,1.16239,1.16239
2026-09-04 11:40,1.16252,1.16252,1.16252,1.16252
2026-09-04 11:41,1.16252,1.16252,1.16252,1.16252
2026-09-04 11:42,1.16239,1.16239,1.16239,1.16239
2026-09-04 11:43,1.16239,1.16239,1.16239,1.16239
2026-09-04 11:44,1.16239,1.16239,1.16239,1.16239
2026-09-04 11:45,1.16266,1.16266,1.16266,1.16266
2026-09-04 11:46,1.16266,1.16266,1.16266,1.16266
2026-09-04 11:47,1.16252,1.16252,1.16252,1.16252
2026-09-04 11:48,1.16252,1.16252,1.16252,1.16252
2026-09-04 11:49,1.16252,1.16252,1.16252,1.16252
2026-09-04 11:50,1.16266,1.16266,1.16266,1.16266
2026-09-04 11:51,1.16266,1.16266,1.16266,1.16266
2026-09-04 11:52,1.16252,1.16252,1.16252,1.16252
2026-09-04 11:53,1.16252,1.16252,1.16252,1.16252
2026-09-04 11:54,1.16266,1.16266,1.16266,1.16266
2026-09-04 11:55,1.16266,1.16266,1.16266,1.16266
2026-09-04 11:56,1.16252,1.16252,1.16252,1.16252
2026-09-04 11:57,1.16252,1.16252,1.16252,1.16252
2026-09-04 11:58,1.16252,1.16252,1.16252,1.16252
2026-09-04 11:59,1.16239,1.16239,1.16239,1.16239
2026-09-04 12:00,1.16252,1.16252,1.16252,1.16252
2026-09-04 12:01,1.16252,1.16252,1.16252,1.16252
2026-09-04 12:02,1.16266,1.16266,1.16266,1.16266
2026-09-04 12:03,1.16279,1.16279,1.16279,1.16279
2026-09-04 12:04,1.16266,1.16266,1.16266,1.16266
2026-09-04 12:05,1.16266,1.16266,1.16266,1.16266
2026-09-04 12:06,1.16266,1.16266,1.16266,1.16266
2026-09-04 12:07,1.16252,1.16252,1.16252,1.16252
2026-09-04 12:08,1.16252,1.16252,1.16252,1.16252
2026-09-04 12:09,1.16266,1.16266,1.16266,1.16266
2026-09-04 12:10,1.16266,1.16266,1.16266,1.16266
2026-09-04 12:11,1.16266,1.16266,1.16266,1.16266
2026-09-04 12:12,1.16252,1.16252,1.16252,1.16252
2026-09-04 12:13,1.16239,1.16239,1.16239,1.16239
2026-09-04 12:14,1.16252,1.16252,1.16252,1.16252
2026-09-04 12:15,1.16266,1.16266,1.16266,1.16266
2026-09-04 12:16,1.16266,1.16266,1.16266,1.16266
2026-09-04 12:17,1.16279,1.16279,1.16279,1.16279
2026-09-04 12:18,1.16266,1.16266,1.16266,1.16266
2026-09-04 12:19,1.16279,1.16279,1.16279,1.16279
2026-09-04 12:20,1.16266,1.16266,1.16266,1.16266
2026-09-04 12:21,1.16279,1.16279,1.16279,1.16279
2026-09-04 12:22,1.16279,1.16279,1.16279,1.16279
2026-09-04 12:23,1.16266,1.16266,1.16266,1.16266
2026-09-04 12:24,1.16279,1.16279,1.16279,1.16279
2026-09-04 12:25,1.16279,1.16279,1.16279,1.16279
2026-09-04 12:26,1.16266,1.16266,1.16266,1.16266
2026-09-04 12:27,1.16279,1.16279,1.16279,1.16279
2026-09-04 12:28,1.16293,1.16293,1.16293,1.16293
2026-09-04 12:29,1.16306,1.16306,1.16306,1.16306
2026-09-04 12:30,1.15942,1.15942,1.15942,1.15942
2026-09-04 12:31,1.15915,1.15915,1.15915,1.15915
2026-09-04 12:32,1.15942,1.15942,1.15942,1.15942
2026-09-04 12:33,1.15982,1.15982,1.15982,1.15982
2026-09-04 12:34,1.15982,1.15982,1.15982,1.15982
2026-09-04 12:35,1.15955,1.15955,1.15955,1.15955
2026-09-04 12:36,1.15969,1.15969,1.15969,1.15969
2026-09-04 12:37,1.15982,1.15982,1.15982,1.15982
2026-09-04 12:38,1.16009,1.16009,1.16009,1.16009
2026-09-04 12:39,1.15996,1.15996,1.15996,1.15996
2026-09-04 12:40,1.15955,1.15955,1.15955,1.15955
2026-09-04 12:41,1.15996,1.15996,1.15996,1.15996
2026-09-04 12:42,1.16009,1.16009,1.16009,1.16009
2026-09-04 12:43,1.15982,1.15982,1.15982,1.15982
2026-09-04 12:44,1.16036,1.16036,1.16036,1.16036
2026-09-04 12:45,1.16009,1.16009,1.16009,1.16009
2026-09-04 12:46,1.15955,1.15955,1.15955,1.15955
2026-09-04 12:47,1.15969,1.15969,1.15969,1.15969
2026-09-04 12:48,1.15942,1.15942,1.15942,1.15942
2026-09-04 12:49,1.16036,1.16036,1.16036,1.16036
2026-09-04 12:50,1.16050,1.16050,1.16050,1.16050
2026-09-04 12:51,1.16050,1.16050,1.16050,1.16050
2026-09-04 12:52,1.16036,1.16036,1.16036,1.16036
2026-09-04 12:53,1.16023,1.16023,1.16023,1.16023
2026-09-04 12:54,1.16023,1.16023,1.16023,1.16023
2026-09-04 12:55,1.16036,1.16036,1.16036,1.16036
2026-09-04 12:56,1.16023,1.16023,1.16023,1.16023
2026-09-04 12:57,1.16009,1.16009,1.16009,1.16009
2026-09-04 12:58,1.16050,1.16050,1.16050,1.16050
2026-09-04 12:59,1.16050,1.16050,1.16050,1.16050
2026-09-04 13:00,1.16023,1.16023,1.16023,1.16023
2026-09-04 13:01,1.16050,1.16050,1.16050,1.16050
2026-09-04 13:02,1.16050,1.16050,1.16050,1.16050
2026-09-04 13:03,1.16050,1.16050,1.16050,1.16050
2026-09-04 13:04,1.16023,1.16023,1.16023,1.16023
2026-09-04 13:05,1.16023,1.16023,1.16023,1.16023
2026-09-04 13:06,1.16036,1.16036,1.16036,1.16036
2026-09-04 13:07,1.16023,1.16023,1.16023,1.16023
2026-09-04 13:08,1.16009,1.16009,1.16009,1.16009
2026-09-04 13:09,1.16023,1.16023,1.16023,1.16023
2026-09-04 13:10,1.16009,1.16009,1.16009,1.16009
2026-09-04 13:11,1.16023,1.16023,1.16023,1.16023
2026-09-04 13:12,1.16023,1.16023,1.16023,1.16023
2026-09-04 13:13,1.16036,1.16036,1.16036,1.16036
2026-09-04 13:14,1.16036,1.16036,1.16036,1.16036
2026-09-04 13:15,1.16077,1.16077,1.16077,1.16077
2026-09-04 13:16,1.16090,1.16090,1.16090,1.16090
2026-09-04 13:17,1.16090,1.16090,1.16090,1.16090
2026-09-04 13:18,1.16090,1.16090,1.16090,1.16090
2026-09-04 13:19,1.16104,1.16104,1.16104,1.16104
2026-09-04 13:20,1.16117,1.16117,1.16117,1.16117
2026-09-04 13:21,1.16131,1.16131,1.16131,1.16131
2026-09-04 13:22,1.16117,1.16117,1.16117,1.16117
2026-09-04 13:23,1.16117,1.16117,1.16117,1.16117
2026-09-04 13:24,1.16144,1.16144,1.16144,1.16144
2026-09-04 13:25,1.16144,1.16144,1.16144,1.16144
2026-09-04 13:26,1.16171,1.16171,1.16171,1.16171
2026-09-04 13:27,1.16171,1.16171,1.16171,1.16171
2026-09-04 13:28,1.16171,1.16171,1.16171,1.16171
2026-09-04 13:29,1.16184,1.16184,1.16184,1.16184
2026-09-04 13:30,1.16198,1.16198,1.16198,1.16198
2026-09-04 13:31,1.16184,1.16184,1.16184,1.16184
2026-09-04 13:32,1.16171,1.16171,1.16171,1.16171
2026-09-04 13:33,1.16158,1.16158,1.16158,1.16158
2026-09-04 13:34,1.16171,1.16171,1.16171,1.16171
2026-09-04 13:35,1.16158,1.16158,1.16158,1.16158
2026-09-04 13:36,1.16144,1.16144,1.16144,1.16144
2026-09-04 13:37,1.16158,1.16158,1.16158,1.16158
2026-09-04 13:38,1.16144,1.16144,1.16144,1.16144
2026-09-04 13:39,1.16144,1.16144,1.16144,1.16144
2026-09-04 13:40,1.16158,1.16158,1.16158,1.16158
2026-09-04 13:41,1.16158,1.16158,1.16158,1.16158
2026-09-04 13:42,1.16158,1.16158,1.16158,1.16158
2026-09-04 13:43,1.16171,1.16171,1.16171,1.16171
2026-09-04 13:44,1.16171,1.16171,1.16171,1.16171
2026-09-04 13:45,1.16198,1.16198,1.16198,1.16198
2026-09-04 13:46,1.16239,1.16239,1.16239,1.16239
2026-09-04 13:47,1.16252,1.16252,1.16252,1.16252
2026-09-04 13:48,1.16239,1.16239,1.16239,1.16239
2026-09-04 13:49,1.16225,1.16225,1.16225,1.16225
2026-09-04 13:50,1.16212,1.16212,1.16212,1.16212
2026-09-04 13:51,1.16212,1.16212,1.16212,1.16212
2026-09-04 13:52,1.16184,1.16184,1.16184,1.16184
2026-09-04 13:53,1.16171,1.16171,1.16171,1.16171
2026-09-04 13:54,1.16184,1.16184,1.16184,1.16184
2026-09-04 13:55,1.16171,1.16171,1.16171,1.16171
2026-09-04 13:56,1.16171,1.16171,1.16171,1.16171
2026-09-04 13:57,1.16158,1.16158,1.16158,1.16158
2026-09-04 13:58,1.16131,1.16131,1.16131,1.16131
2026-09-04 13:59,1.16144,1.16144,1.16144,1.16144
2026-09-04 14:00,1.16131,1.16131,1.16131,1.16131
2026-09-04 14:01,1.16144,1.16144,1.16144,1.16144
2026-09-04 14:02,1.16144,1.16144,1.16144,1.16144
2026-09-04 14:03,1.16144,1.16144,1.16144,1.16144
2026-09-04 14:04,1.16131,1.16131,1.16131,1.16131
2026-09-04 14:05,1.16144,1.16144,1.16144,1.16144
2026-09-04 14:06,1.16158,1.16158,1.16158,1.16158
2026-09-04 14:07,1.16184,1.16184,1.16184,1.16184
2026-09-04 14:08,1.16184,1.16184,1.16184,1.16184
2026-09-04 14:09,1.16184,1.16184,1.16184,1.16184
2026-09-04 14:10,1.16171,1.16171,1.16171,1.16171
2026-09-04 14:11,1.16144,1.16144,1.16144,1.16144
2026-09-04 14:12,1.16144,1.16144,1.16144,1.16144
2026-09-04 14:13,1.16158,1.16158,1.16158,1.16158
2026-09-04 14:14,1.16171,1.16171,1.16171,1.16171
2026-09-04 14:15,1.16158,1.16158,1.16158,1.16158
2026-09-04 14:16,1.16158,1.16158,1.16158,1.16158
2026-09-04 14:17,1.16171,1.16171,1.16171,1.16171
2026-09-04 14:18,1.16184,1.16184,1.16184,1.16184
2026-09-04 14:19,1.16198,1.16198,1.16198,1.16198
2026-09-04 14:20,1.16198,1.16198,1.16198,1.16198
2026-09-04 14:21,1.16184,1.16184,1.16184,1.16184
2026-09-04 14:22,1.16198,1.16198,1.16198,1.16198
2026-09-04 14:23,1.16198,1.16198,1.16198,1.16198
2026-09-04 14:24,1.16184,1.16184,1.16184,1.16184
2026-09-04 14:25,1.16198,1.16198,1.16198,1.16198
2026-09-04 14:26,1.16198,1.16198,1.16198,1.16198
2026-09-04 14:27,1.16198,1.16198,1.16198,1.16198
2026-09-04 14:28,1.16198,1.16198,1.16198,1.16198
2026-09-04 14:29,1.16198,1.16198,1.16198,1.16198
2026-09-04 14:30,1.16184,1.16184,1.16184,1.16184
2026-09-04 14:31,1.16198,1.16198,1.16198,1.16198
2026-09-04 14:32,1.16212,1.16212,1.16212,1.16212
2026-09-04 14:33,1.16239,1.16239,1.16239,1.16239
2026-09-04 14:34,1.16239,1.16239,1.16239,1.16239
2026-09-04 14:35,1.16239,1.16239,1.16239,1.16239
2026-09-04 14:36,1.16225,1.16225,1.16225,1.16225
2026-09-04 14:37,1.16212,1.16212,1.16212,1.16212
2026-09-04 14:38,1.16225,1.16225,1.16225,1.16225
2026-09-04 14:39,1.16225,1.16225,1.16225,1.16225
2026-09-04 14:40,1.16239,1.16239,1.16239,1.16239
2026-09-04 14:41,1.16239,1.16239,1.16239,1.16239
2026-09-04 14:42,1.16239,1.16239,1.16239,1.16239
2026-09-04 14:43,1.16225,1.16225,1.16225,1.16225
2026-09-04 14:44,1.16239,1.16239,1.16239,1.16239
2026-09-04 14:45,1.16239,1.16239,1.16239,1.16239
2026-09-04 14:46,1.16225,1.16225,1.16225,1.16225
2026-09-04 14:47,1.16198,1.16198,1.16198,1.16198
2026-09-04 14:48,1.16225,1.16225,1.16225,1.16225
2026-09-04 14:49,1.16212,1.16212,1.16212,1.16212
2026-09-04 14:50,1.16198,1.16198,1.16198,1.16198
2026-09-04 14:51,1.16198,1.16198,1.16198,1.16198
2026-09-04 14:52,1.16184,1.16184,1.16184,1.16184
2026-09-04 14:53,1.16212,1.16212,1.16212,1.16212
2026-09-04 14:54,1.16184,1.16184,1.16184,1.16184
2026-09-04 14:55,1.16198,1.16198,1.16198,1.16198
2026-09-04 14:56,1.16171,1.16171,1.16171,1.16171
2026-09-04 14:57,1.16184,1.16184,1.16184,1.16184
2026-09-04 14:58,1.16184,1.16184,1.16184,1.16184
2026-09-04 14:59,1.16198,1.16198,1.16198,1.16198
2026-09-04 15:00,1.16184,1.16184,1.16184,1.16184
2026-09-04 15:01,1.16184,1.16184,1.16184,1.16184
2026-09-04 15:02,1.16171,1.16171,1.16171,1.16171
2026-09-04 15:03,1.16184,1.16184,1.16184,1.16184
2026-09-04 15:04,1.16212,1.16212,1.16212,1.16212
2026-09-04 15:05,1.16225,1.16225,1.16225,1.16225
2026-09-04 15:06,1.16212,1.16212,1.16212,1.16212
2026-09-04 15:07,1.16212,1.16212,1.16212,1.16212
2026-09-04 15:08,1.16225,1.16225,1.16225,1.16225
2026-09-04 15:09,1.16212,1.16212,1.16212,1.16212
2026-09-04 15:10,1.16239,1.16239,1.16239,1.16239
2026-09-04 15:11,1.16239,1.16239,1.16239,1.16239
2026-09-04 15:12,1.16239,1.16239,1.16239,1.16239
2026-09-04 15:13,1.16239,1.16239,1.16239,1.16239
2026-09-04 15:14,1.16252,1.16252,1.16252,1.16252
2026-09-04 15:15,1.16239,1.16239,1.16239,1.16239
2026-09-04 15:16,1.16239,1.16239,1.16239,1.16239
2026-09-04 15:17,1.16239,1.16239,1.16239,1.16239
2026-09-04 15:18,1.16239,1.16239,1.16239,1.16239
2026-09-04 15:19,1.16252,1.16252,1.16252,1.16252
2026-09-04 15:20,1.16252,1.16252,1.16252,1.16252
2026-09-04 15:21,1.16252,1.16252,1.16252,1.16252
2026-09-04 15:22,1.16252,1.16252,1.16252,1.16252
2026-09-04 15:23,1.16239,1.16239,1.16239,1.16239
2026-09-04 15:24,1.16252,1.16252,1.16252,1.16252
2026-09-04 15:25,1.16239,1.16239,1.16239,1.16239
2026-09-04 15:26,1.16239,1.16239,1.16239,1.16239
2026-09-04 15:27,1.16239,1.16239,1.16239,1.16239
2026-09-04 15:28,1.16225,1.16225,1.16225,1.16225
2026-09-04 15:29,1.16225,1.16225,1.16225,1.16225
2026-09-04 15:30,1.16239,1.16239,1.16239,1.16239
2026-09-04 15:31,1.16252,1.16252,1.16252,1.16252
2026-09-04 15:32,1.16239,1.16239,1.16239,1.16239
2026-09-04 15:33,1.16252,1.16252,1.16252,1.16252
2026-09-04 15:34,1.16225,1.16225,1.16225,1.16225
2026-09-04 15:35,1.16239,1.16239,1.16239,1.16239
2026-09-04 15:36,1.16239,1.16239,1.16239,1.16239
2026-09-04 15:37,1.16239,1.16239,1.16239,1.16239
2026-09-04 15:38,1.16239,1.16239,1.16239,1.16239
2026-09-04 15:39,1.16239,1.16239,1.16239,1.16239
2026-09-04 15:40,1.16239,1.16239,1.16239,1.16239
2026-09-04 15:41,1.16252,1.16252,1.16252,1.16252
2026-09-04 15:42,1.16252,1.16252,1.16252,1.16252
2026-09-04 15:43,1.16239,1.16239,1.16239,1.16239
2026-09-04 15:44,1.16239,1.16239,1.16239,1.16239
2026-09-04 15:45,1.16239,1.16239,1.16239,1.16239
2026-09-04 15:46,1.16239,1.16239,1.16239,1.16239
2026-09-04 15:47,1.16252,1.16252,1.16252,1.16252
2026-09-04 15:48,1.16252,1.16252,1.16252,1.16252
2026-09-04 15:49,1.16266,1.16266,1.16266,1.16266
2026-09-04 15:50,1.16266,1.16266,1.16266,1.16266
2026-09-04 15:51,1.16266,1.16266,1.16266,1.16266
2026-09-04 15:52,1.16252,1.16252,1.16252,1.16252
2026-09-04 15:53,1.16252,1.16252,1.16252,1.16252
2026-09-04 15:54,1.16225,1.16225,1.16225,1.16225
2026-09-04 15:55,1.16225,1.16225,1.16225,1.16225
2026-09-04 15:56,1.16225,1.16225,1.16225,1.16225
2026-09-04 15:57,1.16225,1.16225,1.16225,1.16225
2026-09-04 15:58,1.16225,1.16225,1.16225,1.16225
2026-09-04 15:59,1.16212,1.16212,1.16212,1.16212
2026-09-04 16:00,1.16225,1.16225,1.16225,1.16225
2026-09-04 16:01,1.16225,1.16225,1.16225,1.16225
2026-09-04 16:02,1.16225,1.16225,1.16225,1.16225
2026-09-04 16:03,1.16239,1.16239,1.16239,1.16239
2026-09-04 16:04,1.16239,1.16239,1.16239,1.16239
2026-09-04 16:05,1.16239,1.16239,1.16239,1.16239
2026-09-04 16:06,1.16239,1.16239,1.16239,1.16239
2026-09-04 16:07,1.16225,1.16225,1.16225,1.16225
2026-09-04 16:08,1.16239,1.16239,1.16239,1.16239
2026-09-04 16:09,1.16239,1.16239,1.16239,1.16239
2026-09-04 16:10,1.16225,1.16225,1.16225,1.16225
2026-09-04 16:11,1.16225,1.16225,1.16225,1.16225
2026-09-04 16:12,1.16225,1.16225,1.16225,1.16225
2026-09-04 16:13,1.16239,1.16239,1.16239,1.16239
2026-09-04 16:14,1.16252,1.16252,1.16252,1.16252
2026-09-04 16:15,1.16252,1.16252,1.16252,1.16252
2026-09-04 16:16,1.16266,1.16266,1.16266,1.16266
2026-09-04 16:17,1.16252,1.16252,1.16252,1.16252
2026-09-04 16:18,1.16266,1.16266,1.16266,1.16266
2026-09-04 16:19,1.16266,1.16266,1.16266,1.16266
2026-09-04 16:20,1.16266,1.16266,1.16266,1.16266
2026-09-04 16:21,1.16279,1.16279,1.16279,1.16279
2026-09-04 16:22,1.16266,1.16266,1.16266,1.16266
2026-09-04 16:23,1.16266,1.16266,1.16266,1.16266
2026-09-04 16:24,1.16266,1.16266,1.16266,1.16266
2026-09-04 16:25,1.16252,1.16252,1.16252,1.16252
2026-09-04 16:26,1.16252,1.16252,1.16252,1.16252
2026-09-04 16:27,1.16252,1.16252,1.16252,1.16252
2026-09-04 16:28,1.16252,1.16252,1.16252,1.16252
2026-09-04 16:29,1.16252,1.16252,1.16252,1.16252
2026-09-04 16:30,1.16252,1.16252,1.16252,1.16252
2026-09-04 16:31,1.16252,1.16252,1.16252,1.16252
2026-09-04 16:32,1.16252,1.16252,1.16252,1.16252
2026-09-04 16:33,1.16266,1.16266,1.16266,1.16266
2026-09-04 16:34,1.16266,1.16266,1.16266,1.16266
2026-09-04 16:35,1.16266,1.16266,1.16266,1.16266
2026-09-04 16:36,1.16266,1.16266,1.16266,1.16266
2026-09-04 16:37,1.16252,1.16252,1.16252,1.16252
2026-09-04 16:38,1.16252,1.16252,1.16252,1.16252
2026-09-04 16:39,1.16252,1.16252,1.16252,1.16252
2026-09-04 16:40,1.16239,1.16239,1.16239,1.16239
2026-09-04 16:41,1.16252,1.16252,1.16252,1.16252
2026-09-04 16:42,1.16239,1.16239,1.16239,1.16239
2026-09-04 16:43,1.16252,1.16252,1.16252,1.16252
2026-09-04 16:44,1.16252,1.16252,1.16252,1.16252
2026-09-04 16:45,1.16252,1.16252,1.16252,1.16252
2026-09-04 16:46,1.16252,1.16252,1.16252,1.16252
2026-09-04 16:47,1.16252,1.16252,1.16252,1.16252
2026-09-04 16:48,1.16252,1.16252,1.16252,1.16252
2026-09-04 16:49,1.16252,1.16252,1.16252,1.16252
2026-09-04 16:50,1.16266,1.16266,1.16266,1.16266
2026-09-04 16:51,1.16252,1.16252,1.16252,1.16252
2026-09-04 16:52,1.16252,1.16252,1.16252,1.16252
2026-09-04 16:53,1.16252,1.16252,1.16252,1.16252
2026-09-04 16:54,1.16252,1.16252,1.16252,1.16252
2026-09-04 16:55,1.16252,1.16252,1.16252,1.16252
2026-09-04 16:56,1.16239,1.16239,1.16239,1.16239
2026-09-04 16:57,1.16252,1.16252,1.16252,1.16252
2026-09-04 16:58,1.16239,1.16239,1.16239,1.16239
2026-09-04 16:59,1.16225,1.16225,1.16225,1.16225
2026-09-04 17:00,1.16225,1.16225,1.16225,1.16225
2026-09-04 17:01,1.16212,1.16212,1.16212,1.16212
2026-09-04 17:02,1.16212,1.16212,1.16212,1.16212
2026-09-04 17:03,1.16198,1.16198,1.16198,1.16198
2026-09-04 17:04,1.16198,1.16198,1.16198,1.16198
2026-09-04 17:05,1.16184,1.16184,1.16184,1.16184
2026-09-04 17:06,1.16184,1.16184,1.16184,1.16184
2026-09-04 17:07,1.16198,1.16198,1.16198,1.16198
2026-09-04 17:08,1.16198,1.16198,1.16198,1.16198
2026-09-04 17:09,1.16198,1.16198,1.16198,1.16198
2026-09-04 17:10,1.16198,1.16198,1.16198,1.16198
2026-09-04 17:11,1.16198,1.16198,1.16198,1.16198
2026-09-04 17:12,1.16198,1.16198,1.16198,1.16198
2026-09-04 17:13,1.16198,1.16198,1.16198,1.16198
2026-09-04 17:14,1.16198,1.16198,1.16198,1.16198
2026-09-04 17:15,1.16198,1.16198,1.16198,1.16198
2026-09-04 17:16,1.16198,1.16198,1.16198,1.16198
2026-09-04 17:17,1.16212,1.16212,1.16212,1.16212
2026-09-04 17:18,1.16212,1.16212,1.16212,1.16212
2026-09-04 17:19,1.16198,1.16198,1.16198,1.16198
2026-09-04 17:20,1.16212,1.16212,1.16212,1.16212
2026-09-04 17:21,1.16198,1.16198,1.16198,1.16198
2026-09-04 17:22,1.16198,1.16198,1.16198,1.16198
2026-09-04 17:23,1.16184,1.16184,1.16184,1.16184
2026-09-04 17:24,1.16184,1.16184,1.16184,1.16184
2026-09-04 17:25,1.16184,1.16184,1.16184,1.16184
2026-09-04 17:26,1.16184,1.16184,1.16184,1.16184
2026-09-04 17:27,1.16184,1.16184,1.16184,1.16184
2026-09-04 17:28,1.16184,1.16184,1.16184,1.16184
2026-09-04 17:29,1.16171,1.16171,1.16171,1.16171
2026-09-04 17:30,1.16184,1.16184,1.16184,1.16184
2026-09-04 17:31,1.16184,1.16184,1.16184,1.16184
2026-09-04 17:32,1.16184,1.16184,1.16184,1.16184
2026-09-04 17:33,1.16171,1.16171,1.16171,1.16171
2026-09-04 17:34,1.16171,1.16171,1.16171,1.16171
2026-09-04 17:35,1.16171,1.16171,1.16171,1.16171
2026-09-04 17:36,1.16171,1.16171,1.16171,1.16171
2026-09-04 17:37,1.16171,1.16171,1.16171,1.16171
2026-09-04 17:38,1.16184,1.16184,1.16184,1.16184
2026-09-04 17:39,1.16171,1.16171,1.16171,1.16171
2026-09-04 17:40,1.16171,1.16171,1.16171,1.16171
2026-09-04 17:41,1.16171,1.16171,1.16171,1.16171
2026-09-04 17:42,1.16158,1.16158,1.16158,1.16158
2026-09-04 17:43,1.16171,1.16171,1.16171,1.16171
2026-09-04 17:44,1.16171,1.16171,1.16171,1.16171
2026-09-04 17:45,1.16158,1.16158,1.16158,1.16158
2026-09-04 17:46,1.16158,1.16158,1.16158,1.16158
2026-09-04 17:47,1.16158,1.16158,1.16158,1.16158
2026-09-04 17:48,1.16158,1.16158,1.16158,1.16158
2026-09-04 17:49,1.16158,1.16158,1.16158,1.16158
2026-09-04 17:50,1.16171,1.16171,1.16171,1.16171
2026-09-04 17:51,1.16171,1.16171,1.16171,1.16171
2026-09-04 17:52,1.16171,1.16171,1.16171,1.16171
2026-09-04 17:53,1.16171,1.16171,1.16171,1.16171
2026-09-04 17:54,1.16171,1.16171,1.16171,1.16171
2026-09-04 17:55,1.16158,1.16158,1.16158,1.16158
2026-09-04 17:56,1.16158,1.16158,1.16158,1.16158
2026-09-04 17:57,1.16158,1.16158,1.16158,1.16158
2026-09-04 17:58,1.16158,1.16158,1.16158,1.16158
2026-09-04 17:59,1.16158,1.16158,1.16158,1.16158
2026-09-04 18:00,1.16171,1.16171,1.16171,1.16171
2026-09-04 18:01,1.16158,1.16158,1.16158,1.16158
2026-09-04 18:02,1.16158,1.16158,1.16158,1.16158
2026-09-04 18:03,1.16158,1.16158,1.16158,1.16158
2026-09-04 18:04,1.16171,1.16171,1.16171,1.16171
2026-09-04 18:05,1.16158,1.16158,1.16158,1.16158
2026-09-04 18:06,1.16158,1.16158,1.16158,1.16158
2026-09-04 18:07,1.16158,1.16158,1.16158,1.16158
2026-09-04 18:08,1.16158,1.16158,1.16158,1.16158
2026-09-04 18:09,1.16158,1.16158,1.16158,1.16158
2026-09-04 18:10,1.16158,1.16158,1.16158,1.16158
2026-09-04 18:11,1.16144,1.16144,1.16144,1.16144
2026-09-04 18:12,1.16158,1.16158,1.16158,1.16158
2026-09-04 18:13,1.16158,1.16158,1.16158,1.16158
2026-09-04 18:14,1.16144,1.16144,1.16144,1.16144
2026-09-04 18:15,1.16144,1.16144,1.16144,1.16144
2026-09-04 18:16,1.16144,1.16144,1.16144,1.16144
2026-09-04 18:17,1.16144,1.16144,1.16144,1.16144
2026-09-04 18:18,1.16144,1.16144,1.16144,1.16144
2026-09-04 18:19,1.16144,1.16144,1.16144,1.16144
2026-09-04 18:20,1.16144,1.16144,1.16144,1.16144
2026-09-04 18:21,1.16144,1.16144,1.16144,1.16144
2026-09-04 18:22,1.16158,1.16158,1.16158,1.16158
2026-09-04 18:23,1.16144,1.16144,1.16144,1.16144
2026-09-04 18:24,1.16144,1.16144,1.16144,1.16144
2026-09-04 18:25,1.16158,1.16158,1.16158,1.16158
2026-09-04 18:26,1.16158,1.16158,1.16158,1.16158
2026-09-04 18:27,1.16158,1.16158,1.16158,1.16158
2026-09-04 18:28,1.16144,1.16144,1.16144,1.16144
2026-09-04 18:29,1.16144,1.16144,1.16144,1.16144
2026-09-04 18:30,1.16158,1.16158,1.16158,1.16158
2026-09-04 18:31,1.16158,1.16158,1.16158,1.16158
2026-09-04 18:32,1.16158,1.16158,1.16158,1.16158
2026-09-04 18:33,1.16158,1.16158,1.16158,1.16158
2026-09-04 18:34,1.16158,1.16158,1.16158,1.16158
2026-09-04 18:35,1.16158,1.16158,1.16158,1.16158
2026-09-04 18:36,1.16158,1.16158,1.16158,1.16158
2026-09-04 18:37,1.16144,1.16144,1.16144,1.16144
2026-09-04 18:38,1.16131,1.16131,1.16131,1.16131
2026-09-04 18:39,1.16144,1.16144,1.16144,1.16144
2026-09-04 18:40,1.16144,1.16144,1.16144,1.16144
2026-09-04 18:41,1.16131,1.16131,1.16131,1.16131
2026-09-04 18:42,1.16131,1.16131,1.16131,1.16131
2026-09-04 18:43,1.16144,1.16144,1.16144,1.16144
2026-09-04 18:44,1.16131,1.16131,1.16131,1.16131
2026-09-04 18:45,1.16131,1.16131,1.16131,1.16131
2026-09-04 18:46,1.16131,1.16131,1.16131,1.16131
2026-09-04 18:47,1.16131,1.16131,1.16131,1.16131
2026-09-04 18:48,1.16131,1.16131,1.16131,1.16131
2026-09-04 18:49,1.16131,1.16131,1.16131,1.16131
2026-09-04 18:50,1.16131,1.16131,1.16131,1.16131
2026-09-04 18:51,1.16131,1.16131,1.16131,1.16131
2026-09-04 18:52,1.16131,1.16131,1.16131,1.16131
2026-09-04 18:53,1.16131,1.16131,1.16131,1.16131
2026-09-04 18:54,1.16131,1.16131,1.16131,1.16131
2026-09-04 18:55,1.16131,1.16131,1.16131,1.16131
2026-09-04 18:56,1.16131,1.16131,1.16131,1.16131
2026-09-04 18:57,1.16144,1.16144,1.16144,1.16144
2026-09-04 18:58,1.16131,1.16131,1.16131,1.16131
2026-09-04 18:59,1.16144,1.16144,1.16144,1.16144
2026-09-04 19:00,1.16144,1.16144,1.16144,1.16144
2026-09-04 19:01,1.16144,1.16144,1.16144,1.16144
2026-09-04 19:02,1.16144,1.16144,1.16144,1.16144
2026-09-04 19:03,1.16144,1.16144,1.16144,1.16144
2026-09-04 19:04,1.16158,1.16158,1.16158,1.16158
2026-09-04 19:05,1.16158,1.16158,1.16158,1.16158
2026-09-04 19:06,1.16158,1.16158,1.16158,1.16158
2026-09-04 19:07,1.16158,1.16158,1.16158,1.16158
2026-09-04 19:08,1.16158,1.16158,1.16158,1.16158
2026-09-04 19:09,1.16158,1.16158,1.16158,1.16158
2026-09-04 19:10,1.16158,1.16158,1.16158,1.16158
2026-09-04 19:11,1.16158,1.16158,1.16158,1.16158
2026-09-04 19:12,1.16158,1.16158,1.16158,1.16158
2026-09-04 19:13,1.16158,1.16158,1.16158,1.16158
2026-09-04 19:14,1.16158,1.16158,1.16158,1.16158
2026-09-04 19:15,1.16158,1.16158,1.16158,1.16158
2026-09-04 19:16,1.16171,1.16171,1.16171,1.16171
2026-09-04 19:17,1.16171,1.16171,1.16171,1.16171
2026-09-04 19:18,1.16171,1.16171,1.16171,1.16171
2026-09-04 19:19,1.16171,1.16171,1.16171,1.16171
2026-09-04 19:20,1.16158,1.16158,1.16158,1.16158
2026-09-04 19:21,1.16171,1.16171,1.16171,1.16171
2026-09-04 19:22,1.16171,1.16171,1.16171,1.16171
2026-09-04 19:23,1.16171,1.16171,1.16171,1.16171
2026-09-04 19:24,1.16171,1.16171,1.16171,1.16171
2026-09-04 19:25,1.16171,1.16171,1.16171,1.16171
2026-09-04 19:26,1.16171,1.16171,1.16171,1.16171
2026-09-04 19:27,1.16171,1.16171,1.16171,1.16171
2026-09-04 19:28,1.16184,1.16184,1.16184,1.16184
2026-09-04 19:29,1.16184,1.16184,1.16184,1.16184
2026-09-04 19:30,1.16184,1.16184,1.16184,1.16184
2026-09-04 19:31,1.16184,1.16184,1.16184,1.16184
2026-09-04 19:32,1.16171,1.16171,1.16171,1.16171
2026-09-04 19:33,1.16184,1.16184,1.16184,1.16184
2026-09-04 19:34,1.16184,1.16184,1.16184,1.16184
2026-09-04 19:35,1.16171,1.16171,1.16171,1.16171
2026-09-04 19:36,1.16184,1.16184,1.16184,1.16184
2026-09-04 19:37,1.16171,1.16171,1.16171,1.16171
2026-09-04 19:38,1.16184,1.16184,1.16184,1.16184
2026-09-04 19:39,1.16184,1.16184,1.16184,1.16184
2026-09-04 19:40,1.16184,1.16184,1.16184,1.16184
2026-09-04 19:41,1.16184,1.16184,1.16184,1.16184
2026-09-04 19:42,1.16184,1.16184,1.16184,1.16184
2026-09-04 19:43,1.16184,1.16184,1.16184,1.16184
2026-09-04 19:44,1.16184,1.16184,1.16184,1.16184
2026-09-04 19:45,1.16184,1.16184,1.16184,1.16184
2026-09-04 19:46,1.16184,1.16184,1.16184,1.16184
2026-09-04 19:47,1.16184,1.16184,1.16184,1.16184
2026-09-04 19:48,1.16184,1.16184,1.16184,1.16184
2026-09-04 19:49,1.16184,1.16184,1.16184,1.16184
2026-09-04 19:50,1.16184,1.16184,1.16184,1.16184
2026-09-04 19:51,1.16184,1.16184,1.16184,1.16184
2026-09-04 19:52,1.16184,1.16184,1.16184,1.16184
2026-09-04 19:53,1.16184,1.16184,1.16184,1.16184
2026-09-04 19:54,1.16184,1.16184,1.16184,1.16184
2026-09-04 19:55,1.16184,1.16184,1.16184,1.16184
2026-09-04 19:56,1.16184,1.16184,1.16184,1.16184
2026-09-04 19:57,1.16171,1.16171,1.16171,1.16171
2026-09-04 19:58,1.16171,1.16171,1.16171,1.16171
2026-09-04 19:59,1.16171,1.16171,1.16171,1.16171
2026-09-04 20:00,1.16171,1.16171,1.16171,1.16171
2026-09-04 20:01,1.16184,1.16184,1.16184,1.16184
2026-09-04 20:02,1.16184,1.16184,1.16184,1.16184
2026-09-04 20:03,1.16184,1.16184,1.16184,1.16184
2026-09-04 20:04,1.16171,1.16171,1.16171,1.16171
2026-09-04 20:05,1.16171,1.16171,1.16171,1.16171
2026-09-04 20:06,1.16171,1.16171,1.16171,1.16171
2026-09-04 20:07,1.16171,1.16171,1.16171,1.16171
2026-09-04 20:08,1.16158,1.16158,1.16158,1.16158
2026-09-04 20:09,1.16158,1.16158,1.16158,1.16158
2026-09-04 20:10,1.16158,1.16158,1.16158,1.16158
2026-09-04 20:11,1.16158,1.16158,1.16158,1.16158
2026-09-04 20:12,1.16158,1.16158,1.16158,1.16158
2026-09-04 20:13,1.16158,1.16158,1.16158,1.16158
2026-09-04 20:14,1.16158,1.16158,1.16158,1.16158
2026-09-04 20:15,1.16158,1.16158,1.16158,1.16158
2026-09-04 20:16,1.16158,1.16158,1.16158,1.16158
2026-09-04 20:17,1.16158,1.16158,1.16158,1.16158
2026-09-04 20:18,1.16158,1.16158,1.16158,1.16158
2026-09-04 20:19,1.16171,1.16171,1.16171,1.16171
2026-09-04 20:20,1.16171,1.16171,1.16171,1.16171
2026-09-04 20:21,1.16171,1.16171,1.16171,1.16171
2026-09-04 20:22,1.16171,1.16171,1.16171,1.16171
2026-09-04 20:23,1.16171,1.16171,1.16171,1.16171
2026-09-04 20:24,1.16171,1.16171,1.16171,1.16171
2026-09-04 20:25,1.16171,1.16171,1.16171,1.16171
2026-09-04 20:26,1.16158,1.16158,1.16158,1.16158
2026-09-04 20:27,1.16158,1.16158,1.16158,1.16158
2026-09-04 20:28,1.16158,1.16158,1.16158,1.16158
2026-09-04 20:29,1.16171,1.16171,1.16171,1.16171
2026-09-04 20:30,1.16171,1.16171,1.16171,1.16171
2026-09-04 20:31,1.16171,1.16171,1.16171,1.16171
2026-09-04 20:32,1.16158,1.16158,1.16158,1.16158
2026-09-04 20:33,1.16171,1.16171,1.16171,1.16171
2026-09-04 20:34,1.16171,1.16171,1.16171,1.16171
2026-09-04 20:35,1.16158,1.16158,1.16158,1.16158
2026-09-04 20:36,1.16158,1.16158,1.16158,1.16158
2026-09-04 20:37,1.16158,1.16158,1.16158,1.16158
2026-09-04 20:38,1.16158,1.16158,1.16158,1.16158
2026-09-04 20:39,1.16158,1.16158,1.16158,1.16158
2026-09-04 20:40,1.16158,1.16158,1.16158,1.16158
2026-09-04 20:41,1.16158,1.16158,1.16158,1.16158
2026-09-04 20:42,1.16158,1.16158,1.16158,1.16158
2026-09-04 20:43,1.16158,1.16158,1.16158,1.16158
2026-09-04 20:44,1.16158,1.16158,1.16158,1.16158
2026-09-04 20:45,1.16158,1.16158,1.16158,1.16158
2026-09-04 20:46,1.16158,1.16158,1.16158,1.16158
2026-09-04 20:47,1.16158,1.16158,1.16158,1.16158
2026-09-04 20:48,1.16158,1.16158,1.16158,1.16158
2026-09-04 20:49,1.16158,1.16158,1.16158,1.16158
2026-09-04 20:50,1.16158,1.16158,1.16158,1.16158
2026-09-04 20:51,1.16158,1.16158,1.16158,1.16158
2026-09-04 20:52,1.16158,1.16158,1.16158,1.16158
2026-09-04 20:53,1.16158,1.16158,1.16158,1.16158
2026-09-04 20:54,1.16158,1.16158,1.16158,1.16158
2026-09-04 20:55,1.16171,1.16171,1.16171,1.16171
2026-09-04 20:56,1.16171,1.16171,1.16171,1.16171
2026-09-04 20:57,1.16171,1.16171,1.16171,1.16171
2026-09-04 20:58,1.16171,1.16171,1.16171,1.16171
2026-09-04 20:59,1.16171,1.16171,1.16171,1.16171
2026-09-04 21:00,1.16212,1.16212,1.16212,1.16212
2026-09-04 21:01,1.16212,1.16212,1.16212,1.16212
2026-09-04 21:02,1.16212,1.16212,1.16212,1.16212
2026-09-04 21:03,1.16212,1.16212,1.16212,1.16212
2026-09-04 21:04,1.16212,1.16212,1.16212,1.16212
2026-09-04 21:05,1.16212,1.16212,1.16212,1.16212
2026-09-04 21:06,1.16212,1.16212,1.16212,1.16212
2026-09-04 21:07,1.16212,1.16212,1.16212,1.16212
2026-09-04 21:08,1.16212,1.16212,1.16212,1.16212
2026-09-04 21:09,1.16212,1.16212,1.16212,1.16212
2026-09-04 21:10,1.16212,1.16212,1.16212,1.16212
2026-09-04 21:11,1.16212,1.16212,1.16212,1.16212
2026-09-04 21:12,1.16212,1.16212,1.16212,1.16212
2026-09-04 21:13,1.16212,1.16212,1.16212,1.16212
2026-09-04 21:14,1.16212,1.16212,1.16212,1.16212
2026-09-04 21:15,1.16212,1.16212,1.16212,1.16212
2026-09-04 21:16,1.16212,1.16212,1.16212,1.16212
2026-09-04 21:17,1.16212,1.16212,1.16212,1.16212
2026-09-04 21:18,1.16212,1.16212,1.16212,1.16212
2026-09-04 21:19,1.16212,1.16212,1.16212,1.16212
2026-09-04 21:20,1.16212,1.16212,1.16212,1.16212
2026-09-04 21:21,1.16212,1.16212,1.16212,1.16212
2026-09-04 21:22,1.16212,1.16212,1.16212,1.16212
2026-09-04 21:23,1.16212,1.16212,1.16212,1.16212
2026-09-04 21:24,1.16212,1.16212,1.16212,1.16212
2026-09-04 21:25,1.16212,1.16212,1.16212,1.16212
2026-09-04 21:26,1.16212,1.16212,1.16212,1.16212
2026-09-04 21:27,1.16212,1.16212,1.16212,1.16212
2026-09-04 21:28,1.16212,1.16212,1.16212,1.16212
2026-09-04 21:29,1.16212,1.16212,1.16212,1.16212
2026-09-06 23:00,1.16171,1.16171,1.16171,1.16171
2026-09-06 23:01,1.16171,1.16171,1.16171,1.16171
2026-09-06 23:02,1.16171,1.16171,1.16171,1.16171
2026-09-06 23:03,1.16171,1.16171,1.16171,1.16171
2026-09-06 23:04,1.16171,1.16171,1.16171,1.16171
2026-09-06 23:05,1.16171,1.16171,1.16171,1.16171
2026-09-06 23:06,1.16171,1.16171,1.16171,1.16171
2026-09-06 23:07,1.16171,1.16171,1.16171,1.16171
2026-09-06 23:08,1.16171,1.16171,1.16171,1.16171
2026-09-06 23:09,1.16171,1.16171,1.16171,1.16171
2026-09-06 23:10,1.16171,1.16171,1.16171,1.16171
2026-09-06 23:11,1.16171,1.16171,1.16171,1.16171
2026-09-06 23:12,1.16184,1.16184,1.16184,1.16184
2026-09-06 23:13,1.16184,1.16184,1.16184,1.16184
2026-09-06 23:14,1.16184,1.16184,1.16184,1.16184
2026-09-06 23:15,1.16184,1.16184,1.16184,1.16184
2026-09-06 23:16,1.16184,1.16184,1.16184,1.16184
2026-09-06 23:17,1.16184,1.16184,1.16184,1.16184
2026-09-06 23:18,1.16184,1.16184,1.16184,1.16184
2026-09-06 23:19,1.16184,1.16184,1.16184,1.16184
2026-09-06 23:20,1.16184,1.16184,1.16184,1.16184
2026-09-06 23:21,1.16184,1.16184,1.16184,1.16184
2026-09-06 23:22,1.16184,1.16184,1.16184,1.16184
2026-09-06 23:23,1.16184,1.16184,1.16184,1.16184
2026-09-06 23:24,1.16184,1.16184,1.16184,1.16184
2026-09-06 23:25,1.16184,1.16184,1.16184,1.16184
2026-09-06 23:26,1.16184,1.16184,1.16184,1.16184
2026-09-06 23:27,1.16184,1.16184,1.16184,1.16184
2026-09-06 23:28,1.16184,1.16184,1.16184,1.16184
2026-09-06 23:29,1.16184,1.16184,1.16184,1.16184
2026-09-06 23:30,1.16184,1.16184,1.16184,1.16184
2026-09-06 23:31,1.16184,1.16184,1.16184,1.16184
2026-09-06 23:32,1.16184,1.16184,1.16184,1.16184
2026-09-06 23:33,1.16198,1.16198,1.16198,1.16198
2026-09-06 23:34,1.16198,1.16198,1.16198,1.16198
2026-09-06 23:35,1.16198,1.16198,1.16198,1.16198
2026-09-06 23:36,1.16198,1.16198,1.16198,1.16198
2026-09-06 23:37,1.16184,1.16184,1.16184,1.16184
2026-09-06 23:38,1.16184,1.16184,1.16184,1.16184
2026-09-06 23:39,1.16184,1.16184,1.16184,1.16184
2026-09-06 23:40,1.16184,1.16184,1.16184,1.16184
2026-09-06 23:41,1.16184,1.16184,1.16184,1.16184
2026-09-06 23:42,1.16184,1.16184,1.16184,1.16184
2026-09-06 23:43,1.16198,1.16198,1.16198,1.16198
2026-09-06 23:44,1.16184,1.16184,1.16184,1.16184
2026-09-06 23:45,1.16198,1.16198,1.16198,1.16198
2026-09-06 23:46,1.16184,1.16184,1.16184,1.16184
2026-09-06 23:47,1.16184,1.16184,1.16184,1.16184
2026-09-06 23:48,1.16171,1.16171,1.16171,1.16171
2026-09-06 23:49,1.16171,1.16171,1.16171,1.16171
2026-09-06 23:50,1.16171,1.16171,1.16171,1.16171
2026-09-06 23:51,1.16171,1.16171,1.16171,1.16171
2026-09-06 23:52,1.16171,1.16171,1.16171,1.16171
2026-09-06 23:53,1.16171,1.16171,1.16171,1.16171
2026-09-06 23:54,1.16171,1.16171,1.16171,1.16171
2026-09-06 23:55,1.16184,1.16184,1.16184,1.16184
2026-09-06 23:56,1.16184,1.16184,1.16184,1.16184
2026-09-06 23:57,1.16184,1.16184,1.16184,1.16184
2026-09-06 23:58,1.16171,1.16171,1.16171,1.16171
2026-09-06 23:59,1.16171,1.16171,1.16171,1.16171
2026-09-07 00:00,1.16171,1.16171,1.16171,1.16171
2026-09-07 00:01,1.16171,1.16171,1.16171,1.16171
2026-09-07 00:02,1.16171,1.16171,1.16171,1.16171
2026-09-07 00:03,1.16171,1.16171,1.16171,1.16171
2026-09-07 00:04,1.16171,1.16171,1.16171,1.16171
2026-09-07 00:05,1.16171,1.16171,1.16171,1.16171
2026-09-07 00:06,1.16171,1.16171,1.16171,1.16171
2026-09-07 00:07,1.16171,1.16171,1.16171,1.16171
2026-09-07 00:08,1.16171,1.16171,1.16171,1.16171
2026-09-07 00:09,1.16171,1.16171,1.16171,1.16171
2026-09-07 00:10,1.16171,1.16171,1.16171,1.16171
2026-09-07 00:11,1.16184,1.16184,1.16184,1.16184
2026-09-07 00:12,1.16184,1.16184,1.16184,1.16184
2026-09-07 00:13,1.16184,1.16184,1.16184,1.16184
2026-09-07 00:14,1.16184,1.16184,1.16184,1.16184
2026-09-07 00:15,1.16184,1.16184,1.16184,1.16184
2026-09-07 00:16,1.16184,1.16184,1.16184,1.16184
2026-09-07 00:17,1.16198,1.16198,1.16198,1.16198
2026-09-07 00:18,1.16198,1.16198,1.16198,1.16198
2026-09-07 00:19,1.16198,1.16198,1.16198,1.16198
2026-09-07 00:20,1.16198,1.16198,1.16198,1.16198
2026-09-07 00:21,1.16184,1.16184,1.16184,1.16184
2026-09-07 00:22,1.16184,1.16184,1.16184,1.16184
2026-09-07 00:23,1.16212,1.16212,1.16212,1.16212
2026-09-07 00:24,1.16198,1.16198,1.16198,1.16198
2026-09-07 00:25,1.16198,1.16198,1.16198,1.16198
2026-09-07 00:26,1.16198,1.16198,1.16198,1.16198
2026-09-07 00:27,1.16212,1.16212,1.16212,1.16212
2026-09-07 00:28,1.16212,1.16212,1.16212,1.16212
2026-09-07 00:29,1.16212,1.16212,1.16212,1.16212
2026-09-07 00:30,1.16212,1.16212,1.16212,1.16212
2026-09-07 00:31,1.16225,1.16225,1.16225,1.16225
2026-09-07 00:32,1.16225,1.16225,1.16225,1.16225
2026-09-07 00:33,1.16225,1.16225,1.16225,1.16225
2026-09-07 00:34,1.16225,1.16225,1.16225,1.16225
2026-09-07 00:35,1.16212,1.16212,1.16212,1.16212
2026-09-07 00:36,1.16225,1.16225,1.16225,1.16225
2026-09-07 00:37,1.16225,1.16225,1.16225,1.16225
2026-09-07 00:38,1.16225,1.16225,1.16225,1.16225
2026-09-07 00:39,1.16225,1.16225,1.16225,1.16225
2026-09-07 00:40,1.16225,1.16225,1.16225,1.16225
2026-09-07 00:41,1.16225,1.16225,1.16225,1.16225
2026-09-07 00:42,1.16225,1.16225,1.16225,1.16225
2026-09-07 00:43,1.16225,1.16225,1.16225,1.16225
2026-09-07 00:44,1.16225,1.16225,1.16225,1.16225
2026-09-07 00:45,1.16225,1.16225,1.16225,1.16225
2026-09-07 00:46,1.16225,1.16225,1.16225,1.16225
2026-09-07 00:47,1.16225,1.16225,1.16225,1.16225
2026-09-07 00:48,1.16225,1.16225,1.16225,1.16225
2026-09-07 00:49,1.16239,1.16239,1.16239,1.16239
2026-09-07 00:50,1.16225,1.16225,1.16225,1.16225
2026-09-07 00:51,1.16239,1.16239,1.16239,1.16239
2026-09-07 00:52,1.16239,1.16239,1.16239,1.16239
2026-09-07 00:53,1.16225,1.16225,1.16225,1.16225
2026-09-07 00:54,1.16212,1.16212,1.16212,1.16212
2026-09-07 00:55,1.16225,1.16225,1.16225,1.16225
2026-09-07 00:56,1.16212,1.16212,1.16212,1.16212
2026-09-07 00:57,1.16212,1.16212,1.16212,1.16212
2026-09-07 00:58,1.16212,1.16212,1.16212,1.16212
2026-09-07 00:59,1.16212,1.16212,1.16212,1.16212
2026-09-07 01:00,1.16212,1.16212,1.16212,1.16212
2026-09-07 01:01,1.16212,1.16212,1.16212,1.16212
2026-09-07 01:02,1.16212,1.16212,1.16212,1.16212
2026-09-07 01:03,1.16198,1.16198,1.16198,1.16198
2026-09-07 01:04,1.16198,1.16198,1.16198,1.16198
2026-09-07 01:05,1.16198,1.16198,1.16198,1.16198
2026-09-07 01:06,1.16212,1.16212,1.16212,1.16212
2026-09-07 01:07,1.16198,1.16198,1.16198,1.16198
2026-09-07 01:08,1.16212,1.16212,1.16212,1.16212
2026-09-07 01:09,1.16198,1.16198,1.16198,1.16198
2026-09-07 01:10,1.16184,1.16184,1.16184,1.16184
2026-09-07 01:11,1.16198,1.16198,1.16198,1.16198
2026-09-07 01:12,1.16212,1.16212,1.16212,1.16212
2026-09-07 01:13,1.16198,1.16198,1.16198,1.16198
2026-09-07 01:14,1.16212,1.16212,1.16212,1.16212
2026-09-07 01:15,1.16184,1.16184,1.16184,1.16184
2026-09-07 01:16,1.16171,1.16171,1.16171,1.16171
2026-09-07 01:17,1.16184,1.16184,1.16184,1.16184
2026-09-07 01:18,1.16171,1.16171,1.16171,1.16171
2026-09-07 01:19,1.16171,1.16171,1.16171,1.16171
2026-09-07 01:20,1.16171,1.16171,1.16171,1.16171
2026-09-07 01:21,1.16184,1.16184,1.16184,1.16184
2026-09-07 01:22,1.16184,1.16184,1.16184,1.16184
2026-09-07 01:23,1.16184,1.16184,1.16184,1.16184
2026-09-07 01:24,1.16184,1.16184,1.16184,1.16184
2026-09-07 01:25,1.16184,1.16184,1.16184,1.16184
2026-09-07 01:26,1.16198,1.16198,1.16198,1.16198
2026-09-07 01:27,1.16198,1.16198,1.16198,1.16198
2026-09-07 01:28,1.16198,1.16198,1.16198,1.16198
2026-09-07 01:29,1.16198,1.16198,1.16198,1.16198
2026-09-07 01:30,1.16198,1.16198,1.16198,1.16198
2026-09-07 01:31,1.16184,1.16184,1.16184,1.16184
2026-09-07 01:32,1.16184,1.16184,1.16184,1.16184
2026-09-07 01:33,1.16198,1.16198,1.16198,1.16198
2026-09-07 01:34,1.16184,1.16184,1.16184,1.16184
2026-09-07 01:35,1.16184,1.16184,1.16184,1.16184
2026-09-07 01:36,1.16184,1.16184,1.16184,1.16184
2026-09-07 01:37,1.16184,1.16184,1.16184,1.16184
2026-09-07 01:38,1.16184,1.16184,1.16184,1.16184
2026-09-07 01:39,1.16198,1.16198,1.16198,1.16198
2026-09-07 01:40,1.16184,1.16184,1.16184,1.16184
2026-09-07 01:41,1.16171,1.16171,1.16171,1.16171
2026-09-07 01:42,1.16171,1.16171,1.16171,1.16171
2026-09-07 01:43,1.16171,1.16171,1.16171,1.16171
2026-09-07 01:44,1.16171,1.16171,1.16171,1.16171
2026-09-07 01:45,1.16171,1.16171,1.16171,1.16171
2026-09-07 01:46,1.16171,1.16171,1.16171,1.16171
2026-09-07 01:47,1.16171,1.16171,1.16171,1.16171
2026-09-07 01:48,1.16171,1.16171,1.16171,1.16171
2026-09-07 01:49,1.16184,1.16184,1.16184,1.16184
2026-09-07 01:50,1.16184,1.16184,1.16184,1.16184
2026-09-07 01:51,1.16184,1.16184,1.16184,1.16184
2026-09-07 01:52,1.16198,1.16198,1.16198,1.16198
2026-09-07 01:53,1.16198,1.16198,1.16198,1.16198
2026-09-07 01:54,1.16198,1.16198,1.16198,1.16198
2026-09-07 01:55,1.16184,1.16184,1.16184,1.16184
2026-09-07 01:56,1.16171,1.16171,1.16171,1.16171
2026-09-07 01:57,1.16184,1.16184,1.16184,1.16184
2026-09-07 01:58,1.16171,1.16171,1.16171,1.16171
2026-09-07 01:59,1.16171,1.16171,1.16171,1.16171
2026-09-07 02:00,1.16171,1.16171,1.16171,1.16171
2026-09-07 02:01,1.16158,1.16158,1.16158,1.16158
2026-09-07 02:02,1.16158,1.16158,1.16158,1.16158
2026-09-07 02:03,1.16158,1.16158,1.16158,1.16158
2026-09-07 02:04,1.16171,1.16171,1.16171,1.16171
2026-09-07 02:05,1.16171,1.16171,1.16171,1.16171
2026-09-07 02:06,1.16158,1.16158,1.16158,1.16158
2026-09-07 02:07,1.16158,1.16158,1.16158,1.16158
2026-09-07 02:08,1.16144,1.16144,1.16144,1.16144
2026-09-07 02:09,1.16144,1.16144,1.16144,1.16144
2026-09-07 02:10,1.16144,1.16144,1.16144,1.16144
2026-09-07 02:11,1.16144,1.16144,1.16144,1.16144
2026-09-07 02:12,1.16144,1.16144,1.16144,1.16144
2026-09-07 02:13,1.16131,1.16131,1.16131,1.16131
2026-09-07 02:14,1.16131,1.16131,1.16131,1.16131
2026-09-07 02:15,1.16131,1.16131,1.16131,1.16131
2026-09-07 02:16,1.16131,1.16131,1.16131,1.16131
2026-09-07 02:17,1.16131,1.16131,1.16131,1.16131
2026-09-07 02:18,1.16131,1.16131,1.16131,1.16131
2026-09-07 02:19,1.16144,1.16144,1.16144,1.16144
2026-09-07 02:20,1.16131,1.16131,1.16131,1.16131
2026-09-07 02:21,1.16131,1.16131,1.16131,1.16131
2026-09-07 02:22,1.16131,1.16131,1.16131,1.16131
2026-09-07 02:23,1.16131,1.16131,1.16131,1.16131
2026-09-07 02:24,1.16131,1.16131,1.16131,1.16131
2026-09-07 02:25,1.16144,1.16144,1.16144,1.16144
2026-09-07 02:26,1.16144,1.16144,1.16144,1.16144
2026-09-07 02:27,1.16144,1.16144,1.16144,1.16144
2026-09-07 02:28,1.16144,1.16144,1.16144,1.16144
2026-09-07 02:29,1.16144,1.16144,1.16144,1.16144
2026-09-07 02:30,1.16144,1.16144,1.16144,1.16144
2026-09-07 02:31,1.16158,1.16158,1.16158,1.16158
2026-09-07 02:32,1.16144,1.16144,1.16144,1.16144
2026-09-07 02:33,1.16144,1.16144,1.16144,1.16144
2026-09-07 02:34,1.16144,1.16144,1.16144,1.16144
2026-09-07 02:35,1.16144,1.16144,1.16144,1.16144
2026-09-07 02:36,1.16144,1.16144,1.16144,1.16144
2026-09-07 02:37,1.16144,1.16144,1.16144,1.16144
2026-09-07 02:38,1.16144,1.16144,1.16144,1.16144
2026-09-07 02:39,1.16158,1.16158,1.16158,1.16158
2026-09-07 02:40,1.16144,1.16144,1.16144,1.16144
2026-09-07 02:41,1.16144,1.16144,1.16144,1.16144
2026-09-07 02:42,1.16131,1.16131,1.16131,1.16131
2026-09-07 02:43,1.16131,1.16131,1.16131,1.16131
2026-09-07 02:44,1.16131,1.16131,1.16131,1.16131
2026-09-07 02:45,1.16131,1.16131,1.16131,1.16131
2026-09-07 02:46,1.16131,1.16131,1.16131,1.16131
2026-09-07 02:47,1.16131,1.16131,1.16131,1.16131
2026-09-07 02:48,1.16131,1.16131,1.16131,1.16131
2026-09-07 02:49,1.16131,1.16131,1.16131,1.16131
2026-09-07 02:50,1.16131,1.16131,1.16131,1.16131
2026-09-07 02:51,1.16131,1.16131,1.16131,1.16131
2026-09-07 02:52,1.16131,1.16131,1.16131,1.16131
2026-09-07 02:53,1.16117,1.16117,1.16117,1.16117
2026-09-07 02:54,1.16131,1.16131,1.16131,1.16131
2026-09-07 02:55,1.16117,1.16117,1.16117,1.16117
2026-09-07 02:56,1.16117,1.16117,1.16117,1.16117
2026-09-07 02:57,1.16117,1.16117,1.16117,1.16117
2026-09-07 02:58,1.16131,1.16131,1.16131,1.16131
2026-09-07 02:59,1.16131,1.16131,1.16131,1.16131
2026-09-07 03:00,1.16117,1.16117,1.16117,1.16117
2026-09-07 03:01,1.16131,1.16131,1.16131,1.16131
2026-09-07 03:02,1.16117,1.16117,1.16117,1.16117
2026-09-07 03:03,1.16131,1.16131,1.16131,1.16131
2026-09-07 03:04,1.16131,1.16131,1.16131,1.16131
2026-09-07 03:05,1.16131,1.16131,1.16131,1.16131
2026-09-07 03:06,1.16131,1.16131,1.16131,1.16131
2026-09-07 03:07,1.16131,1.16131,1.16131,1.16131
2026-09-07 03:08,1.16131,1.16131,1.16131,1.16131
2026-09-07 03:09,1.16131,1.16131,1.16131,1.16131
2026-09-07 03:10,1.16117,1.16117,1.16117,1.16117
2026-09-07 03:11,1.16131,1.16131,1.16131,1.16131
2026-09-07 03:12,1.16131,1.16131,1.16131,1.16131
2026-09-07 03:13,1.16131,1.16131,1.16131,1.16131
2026-09-07 03:14,1.16131,1.16131,1.16131,1.16131
2026-09-07 03:15,1.16131,1.16131,1.16131,1.16131
2026-09-07 03:16,1.16131,1.16131,1.16131,1.16131
2026-09-07 03:17,1.16131,1.16131,1.16131,1.16131
2026-09-07 03:18,1.16131,1.16131,1.16131,1.16131
2026-09-07 03:19,1.16144,1.16144,1.16144,1.16144
2026-09-07 03:20,1.16144,1.16144,1.16144,1.16144
2026-09-07 03:21,1.16144,1.16144,1.16144,1.16144
2026-09-07 03:22,1.16158,1.16158,1.16158,1.16158
2026-09-07 03:23,1.16158,1.16158,1.16158,1.16158
2026-09-07 03:24,1.16158,1.16158,1.16158,1.16158
2026-09-07 03:25,1.16158,1.16158,1.16158,1.16158
2026-09-07 03:26,1.16158,1.16158,1.16158,1.16158
2026-09-07 03:27,1.16158,1.16158,1.16158,1.16158
2026-09-07 03:28,1.16144,1.16144,1.16144,1.16144
2026-09-07 03:29,1.16158,1.16158,1.16158,1.16158
2026-09-07 03:30,1.16158,1.16158,1.16158,1.16158
2026-09-07 03:31,1.16144,1.16144,1.16144,1.16144
2026-09-07 03:32,1.16144,1.16144,1.16144,1.16144
2026-09-07 03:33,1.16144,1.16144,1.16144,1.16144
2026-09-07 03:34,1.16131,1.16131,1.16131,1.16131
2026-09-07 03:35,1.16131,1.16131,1.16131,1.16131
2026-09-07 03:36,1.16144,1.16144,1.16144,1.16144
2026-09-07 03:37,1.16131,1.16131,1.16131,1.16131
2026-09-07 03:38,1.16144,1.16144,1.16144,1.16144
2026-09-07 03:39,1.16131,1.16131,1.16131,1.16131
2026-09-07 03:40,1.16131,1.16131,1.16131,1.16131
2026-09-07 03:41,1.16144,1.16144,1.16144,1.16144
2026-09-07 03:42,1.16131,1.16131,1.16131,1.16131
2026-09-07 03:43,1.16131,1.16131,1.16131,1.16131
2026-09-07 03:44,1.16131,1.16131,1.16131,1.16131
2026-09-07 03:45,1.16131,1.16131,1.16131,1.16131
2026-09-07 03:46,1.16131,1.16131,1.16131,1.16131
2026-09-07 03:47,1.16131,1.16131,1.16131,1.16131
2026-09-07 03:48,1.16131,1.16131,1.16131,1.16131
2026-09-07 03:49,1.16131,1.16131,1.16131,1.16131
2026-09-07 03:50,1.16131,1.16131,1.16131,1.16131
2026-09-07 03:51,1.16131,1.16131,1.16131,1.16131
2026-09-07 03:52,1.16131,1.16131,1.16131,1.16131
2026-09-07 03:53,1.16131,1.16131,1.16131,1.16131
2026-09-07 03:54,1.16131,1.16131,1.16131,1.16131
2026-09-07 03:55,1.16131,1.16131,1.16131,1.16131
2026-09-07 03:56,1.16131,1.16131,1.16131,1.16131
2026-09-07 03:57,1.16144,1.16144,1.16144,1.16144
2026-09-07 03:58,1.16144,1.16144,1.16144,1.16144
2026-09-07 03:59,1.16144,1.16144,1.16144,1.16144
2026-09-07 04:00,1.16144,1.16144,1.16144,1.16144
2026-09-07 04:01,1.16144,1.16144,1.16144,1.16144
2026-09-07 04:02,1.16144,1.16144,1.16144,1.16144
2026-09-07 04:03,1.16144,1.16144,1.16144,1.16144
2026-09-07 04:04,1.16144,1.16144,1.16144,1.16144
2026-09-07 04:05,1.16144,1.16144,1.16144,1.16144
2026-09-07 04:06,1.16144,1.16144,1.16144,1.16144
2026-09-07 04:07,1.16131,1.16131,1.16131,1.16131
2026-09-07 04:08,1.16144,1.16144,1.16144,1.16144
2026-09-07 04:09,1.16144,1.16144,1.16144,1.16144
2026-09-07 04:10,1.16144,1.16144,1.16144,1.16144
2026-09-07 04:11,1.16144,1.16144,1.16144,1.16144
2026-09-07 04:12,1.16144,1.16144,1.16144,1.16144
2026-09-07 04:13,1.16144,1.16144,1.16144,1.16144
2026-09-07 04:14,1.16144,1.16144,1.16144,1.16144
2026-09-07 04:15,1.16144,1.16144,1.16144,1.16144
2026-09-07 04:16,1.16144,1.16144,1.16144,1.16144
2026-09-07 04:17,1.16144,1.16144,1.16144,1.16144
2026-09-07 04:18,1.16144,1.16144,1.16144,1.16144
2026-09-07 04:19,1.16144,1.16144,1.16144,1.16144
2026-09-07 04:20,1.16144,1.16144,1.16144,1.16144
2026-09-07 04:21,1.16131,1.16131,1.16131,1.16131
2026-09-07 04:22,1.16144,1.16144,1.16144,1.16144
2026-09-07 04:23,1.16144,1.16144,1.16144,1.16144
2026-09-07 04:24,1.16144,1.16144,1.16144,1.16144
2026-09-07 04:25,1.16131,1.16131,1.16131,1.16131
2026-09-07 04:26,1.16131,1.16131,1.16131,1.16131
2026-09-07 04:27,1.16144,1.16144,1.16144,1.16144
2026-09-07 04:28,1.16131,1.16131,1.16131,1.16131
2026-09-07 04:29,1.16131,1.16131,1.16131,1.16131
2026-09-07 04:30,1.16131,1.16131,1.16131,1.16131
2026-09-07 04:31,1.16144,1.16144,1.16144,1.16144
2026-09-07 04:32,1.16131,1.16131,1.16131,1.16131
2026-09-07 04:33,1.16131,1.16131,1.16131,1.16131
2026-09-07 04:34,1.16131,1.16131,1.16131,1.16131
2026-09-07 04:35,1.16131,1.16131,1.16131,1.16131
2026-09-07 04:36,1.16131,1.16131,1.16131,1.16131
2026-09-07 04:37,1.16131,1.16131,1.16131,1.16131
2026-09-07 04:38,1.16131,1.16131,1.16131,1.16131
2026-09-07 04:39,1.16117,1.16117,1.16117,1.16117
2026-09-07 04:40,1.16117,1.16117,1.16117,1.16117
2026-09-07 04:41,1.16117,1.16117,1.16117,1.16117
2026-09-07 04:42,1.16117,1.16117,1.16117,1.16117
2026-09-07 04:43,1.16131,1.16131,1.16131,1.16131
2026-09-07 04:44,1.16131,1.16131,1.16131,1.16131
2026-09-07 04:45,1.16131,1.16131,1.16131,1.16131
2026-09-07 04:46,1.16131,1.16131,1.16131,1.16131
2026-09-07 04:47,1.16131,1.16131,1.16131,1.16131
2026-09-07 04:48,1.16144,1.16144,1.16144,1.16144
2026-09-07 04:49,1.16144,1.16144,1.16144,1.16144
2026-09-07 04:50,1.16144,1.16144,1.16144,1.16144
2026-09-07 04:51,1.16144,1.16144,1.16144,1.16144
2026-09-07 04:52,1.16144,1.16144,1.16144,1.16144
2026-09-07 04:53,1.16144,1.16144,1.16144,1.16144
2026-09-07 04:54,1.16144,1.16144,1.16144,1.16144
2026-09-07 04:55,1.16144,1.16144,1.16144,1.16144
2026-09-07 04:56,1.16144,1.16144,1.16144,1.16144
2026-09-07 04:57,1.16144,1.16144,1.16144,1.16144
2026-09-07 04:58,1.16158,1.16158,1.16158,1.16158
2026-09-07 04:59,1.16158,1.16158,1.16158,1.16158
2026-09-07 05:00,1.16144,1.16144,1.16144,1.16144
2026-09-07 05:01,1.16144,1.16144,1.16144,1.16144
2026-09-07 05:02,1.16144,1.16144,1.16144,1.16144
2026-09-07 05:03,1.16158,1.16158,1.16158,1.16158
2026-09-07 05:04,1.16144,1.16144,1.16144,1.16144
2026-09-07 05:05,1.16144,1.16144,1.16144,1.16144
2026-09-07 05:06,1.16144,1.16144,1.16144,1.16144
2026-09-07 05:07,1.16144,1.16144,1.16144,1.16144
2026-09-07 05:08,1.16131,1.16131,1.16131,1.16131
2026-09-07 05:09,1.16131,1.16131,1.16131,1.16131
2026-09-07 05:10,1.16144,1.16144,1.16144,1.16144
2026-09-07 05:11,1.16144,1.16144,1.16144,1.16144
2026-09-07 05:12,1.16144,1.16144,1.16144,1.16144
2026-09-07 05:13,1.16144,1.16144,1.16144,1.16144
2026-09-07 05:14,1.16144,1.16144,1.16144,1.16144
2026-09-07 05:15,1.16131,1.16131,1.16131,1.16131
2026-09-07 05:16,1.16131,1.16131,1.16131,1.16131
2026-09-07 05:17,1.16131,1.16131,1.16131,1.16131
2026-09-07 05:18,1.16131,1.16131,1.16131,1.16131
2026-09-07 05:19,1.16131,1.16131,1.16131,1.16131
2026-09-07 05:20,1.16131,1.16131,1.16131,1.16131
2026-09-07 05:21,1.16131,1.16131,1.16131,1.16131
2026-09-07 05:22,1.16131,1.16131,1.16131,1.16131
2026-09-07 05:23,1.16131,1.16131,1.16131,1.16131
2026-09-07 05:24,1.16131,1.16131,1.16131,1.16131
2026-09-07 05:25,1.16131,1.16131,1.16131,1.16131
2026-09-07 05:26,1.16131,1.16131,1.16131,1.16131
2026-09-07 05:27,1.16131,1.16131,1.16131,1.16131
2026-09-07 05:28,1.16131,1.16131,1.16131,1.16131
2026-09-07 05:29,1.16144,1.16144,1.16144,1.16144
2026-09-07 05:30,1.16144,1.16144,1.16144,1.16144
2026-09-07 05:31,1.16144,1.16144,1.16144,1.16144
2026-09-07 05:32,1.16131,1.16131,1.16131,1.16131
2026-09-07 05:33,1.16131,1.16131,1.16131,1.16131
2026-09-07 05:34,1.16131,1.16131,1.16131,1.16131
2026-09-07 05:35,1.16144,1.16144,1.16144,1.16144
2026-09-07 05:36,1.16144,1.16144,1.16144,1.16144
2026-09-07 05:37,1.16144,1.16144,1.16144,1.16144
2026-09-07 05:38,1.16144,1.16144,1.16144,1.16144
2026-09-07 05:39,1.16144,1.16144,1.16144,1.16144
2026-09-07 05:40,1.16144,1.16144,1.16144,1.16144
2026-09-07 05:41,1.16144,1.16144,1.16144,1.16144
2026-09-07 05:42,1.16144,1.16144,1.16144,1.16144
2026-09-07 05:43,1.16131,1.16131,1.16131,1.16131
2026-09-07 05:44,1.16144,1.16144,1.16144,1.16144
2026-09-07 05:45,1.16144,1.16144,1.16144,1.16144
2026-09-07 05:46,1.16144,1.16144,1.16144,1.16144
2026-09-07 05:47,1.16144,1.16144,1.16144,1.16144
2026-09-07 05:48,1.16144,1.16144,1.16144,1.16144
2026-09-07 05:49,1.16144,1.16144,1.16144,1.16144
2026-09-07 05:50,1.16144,1.16144,1.16144,1.16144
2026-09-07 05:51,1.16144,1.16144,1.16144,1.16144
2026-09-07 05:52,1.16144,1.16144,1.16144,1.16144
2026-09-07 05:53,1.16158,1.16158,1.16158,1.16158
2026-09-07 05:54,1.16144,1.16144,1.16144,1.16144
2026-09-07 05:55,1.16158,1.16158,1.16158,1.16158
2026-09-07 05:56,1.16158,1.16158,1.16158,1.16158
2026-09-07 05:57,1.16171,1.16171,1.16171,1.16171
2026-09-07 05:58,1.16171,1.16171,1.16171,1.16171
2026-09-07 05:59,1.16171,1.16171,1.16171,1.16171
2026-09-07 06:00,1.16158,1.16158,1.16158,1.16158
2026-09-07 06:01,1.16158,1.16158,1.16158,1.16158
2026-09-07 06:02,1.16144,1.16144,1.16144,1.16144
2026-09-07 06:03,1.16144,1.16144,1.16144,1.16144
2026-09-07 06:04,1.16144,1.16144,1.16144,1.16144
2026-09-07 06:05,1.16144,1.16144,1.16144,1.16144
2026-09-07 06:06,1.16144,1.16144,1.16144,1.16144
2026-09-07 06:07,1.16144,1.16144,1.16144,1.16144
2026-09-07 06:08,1.16144,1.16144,1.16144,1.16144
2026-09-07 06:09,1.16158,1.16158,1.16158,1.16158
2026-09-07 06:10,1.16158,1.16158,1.16158,1.16158
2026-09-07 06:11,1.16144,1.16144,1.16144,1.16144
2026-09-07 06:12,1.16144,1.16144,1.16144,1.16144
2026-09-07 06:13,1.16144,1.16144,1.16144,1.16144
2026-09-07 06:14,1.16158,1.16158,1.16158,1.16158
2026-09-07 06:15,1.16144,1.16144,1.16144,1.16144
2026-09-07 06:16,1.16158,1.16158,1.16158,1.16158
2026-09-07 06:17,1.16158,1.16158,1.16158,1.16158
2026-09-07 06:18,1.16171,1.16171,1.16171,1.16171
2026-09-07 06:19,1.16171,1.16171,1.16171,1.16171
2026-09-07 06:20,1.16171,1.16171,1.16171,1.16171
2026-09-07 06:21,1.16158,1.16158,1.16158,1.16158
2026-09-07 06:22,1.16171,1.16171,1.16171,1.16171
2026-09-07 06:23,1.16171,1.16171,1.16171,1.16171
2026-09-07 06:24,1.16184,1.16184,1.16184,1.16184
2026-09-07 06:25,1.16184,1.16184,1.16184,1.16184
2026-09-07 06:26,1.16198,1.16198,1.16198,1.16198
2026-09-07 06:27,1.16198,1.16198,1.16198,1.16198
2026-09-07 06:28,1.16198,1.16198,1.16198,1.16198
2026-09-07 06:29,1.16198,1.16198,1.16198,1.16198
2026-09-07 06:30,1.16198,1.16198,1.16198,1.16198
2026-09-07 06:31,1.16212,1.16212,1.16212,1.16212
2026-09-07 06:32,1.16212,1.16212,1.16212,1.16212
2026-09-07 06:33,1.16212,1.16212,1.16212,1.16212
2026-09-07 06:34,1.16225,1.16225,1.16225,1.16225
2026-09-07 06:35,1.16225,1.16225,1.16225,1.16225
2026-09-07 06:36,1.16212,1.16212,1.16212,1.16212
2026-09-07 06:37,1.16212,1.16212,1.16212,1.16212
2026-09-07 06:38,1.16198,1.16198,1.16198,1.16198
2026-09-07 06:39,1.16212,1.16212,1.16212,1.16212
2026-09-07 06:40,1.16225,1.16225,1.16225,1.16225
2026-09-07 06:41,1.16212,1.16212,1.16212,1.16212
2026-09-07 06:42,1.16212,1.16212,1.16212,1.16212
2026-09-07 06:43,1.16212,1.16212,1.16212,1.16212
2026-09-07 06:44,1.16212,1.16212,1.16212,1.16212
2026-09-07 06:45,1.16212,1.16212,1.16212,1.16212
2026-09-07 06:46,1.16212,1.16212,1.16212,1.16212
2026-09-07 06:47,1.16212,1.16212,1.16212,1.16212
2026-09-07 06:48,1.16198,1.16198,1.16198,1.16198
2026-09-07 06:49,1.16198,1.16198,1.16198,1.16198
2026-09-07 06:50,1.16198,1.16198,1.16198,1.16198
2026-09-07 06:51,1.16198,1.16198,1.16198,1.16198
2026-09-07 06:52,1.16198,1.16198,1.16198,1.16198
2026-09-07 06:53,1.16198,1.16198,1.16198,1.16198
2026-09-07 06:54,1.16198,1.16198,1.16198,1.16198
2026-09-07 06:55,1.16198,1.16198,1.16198,1.16198
2026-09-07 06:56,1.16184,1.16184,1.16184,1.16184
2026-09-07 06:57,1.16184,1.16184,1.16184,1.16184
2026-09-07 06:58,1.16184,1.16184,1.16184,1.16184
2026-09-07 06:59,1.16184,1.16184,1.16184,1.16184
2026-09-07 07:00,1.16184,1.16184,1.16184,1.16184
2026-09-07 07:01,1.16171,1.16171,1.16171,1.16171
2026-09-07 07:02,1.16171,1.16171,1.16171,1.16171
2026-09-07 07:03,1.16184,1.16184,1.16184,1.16184
2026-09-07 07:04,1.16184,1.16184,1.16184,1.16184
2026-09-07 07:05,1.16184,1.16184,1.16184,1.16184
2026-09-07 07:06,1.16184,1.16184,1.16184,1.16184
2026-09-07 07:07,1.16171,1.16171,1.16171,1.16171
2026-09-07 07:08,1.16171,1.16171,1.16171,1.16171
2026-09-07 07:09,1.16171,1.16171,1.16171,1.16171
2026-09-07 07:10,1.16171,1.16171,1.16171,1.16171
2026-09-07 07:11,1.16144,1.16144,1.16144,1.16144
2026-09-07 07:12,1.16144,1.16144,1.16144,1.16144
2026-09-07 07:13,1.16158,1.16158,1.16158,1.16158
2026-09-07 07:14,1.16158,1.16158,1.16158,1.16158
2026-09-07 07:15,1.16171,1.16171,1.16171,1.16171
2026-09-07 07:16,1.16171,1.16171,1.16171,1.16171
2026-09-07 07:17,1.16184,1.16184,1.16184,1.16184
2026-09-07 07:18,1.16184,1.16184,1.16184,1.16184
2026-09-07 07:19,1.16184,1.16184,1.16184,1.16184
2026-09-07 07:20,1.16184,1.16184,1.16184,1.16184
2026-09-07 07:21,1.16184,1.16184,1.16184,1.16184
2026-09-07 07:22,1.16184,1.16184,1.16184,1.16184
2026-09-07 07:23,1.16184,1.16184,1.16184,1.16184
2026-09-07 07:24,1.16184,1.16184,1.16184,1.16184
2026-09-07 07:25,1.16184,1.16184,1.16184,1.16184
2026-09-07 07:26,1.16198,1.16198,1.16198,1.16198
2026-09-07 07:27,1.16198,1.16198,1.16198,1.16198
2026-09-07 07:28,1.16198,1.16198,1.16198,1.16198
2026-09-07 07:29,1.16198,1.16198,1.16198,1.16198
2026-09-07 07:30,1.16212,1.16212,1.16212,1.16212
2026-09-07 07:31,1.16212,1.16212,1.16212,1.16212
2026-09-07 07:32,1.16225,1.16225,1.16225,1.16225
2026-09-07 07:33,1.16225,1.16225,1.16225,1.16225
2026-09-07 07:34,1.16212,1.16212,1.16212,1.16212
2026-09-07 07:35,1.16212,1.16212,1.16212,1.16212
2026-09-07 07:36,1.16212,1.16212,1.16212,1.16212
2026-09-07 07:37,1.16198,1.16198,1.16198,1.16198
2026-09-07 07:38,1.16198,1.16198,1.16198,1.16198
2026-09-07 07:39,1.16198,1.16198,1.16198,1.16198
2026-09-07 07:40,1.16198,1.16198,1.16198,1.16198
2026-09-07 07:41,1.16198,1.16198,1.16198,1.16198
2026-09-07 07:42,1.16171,1.16171,1.16171,1.16171
2026-09-07 07:43,1.16184,1.16184,1.16184,1.16184
2026-09-07 07:44,1.16198,1.16198,1.16198,1.16198
2026-09-07 07:45,1.16198,1.16198,1.16198,1.16198
2026-09-07 07:46,1.16198,1.16198,1.16198,1.16198
2026-09-07 07:47,1.16212,1.16212,1.16212,1.16212
2026-09-07 07:48,1.16198,1.16198,1.16198,1.16198
2026-09-07 07:49,1.16198,1.16198,1.16198,1.16198
2026-09-07 07:50,1.16198,1.16198,1.16198,1.16198
2026-09-07 07:51,1.16198,1.16198,1.16198,1.16198
2026-09-07 07:52,1.16225,1.16225,1.16225,1.16225
2026-09-07 07:53,1.16239,1.16239,1.16239,1.16239
2026-09-07 07:54,1.16225,1.16225,1.16225,1.16225
2026-09-07 07:55,1.16239,1.16239,1.16239,1.16239
2026-09-07 07:56,1.16252,1.16252,1.16252,1.16252
2026-09-07 07:57,1.16239,1.16239,1.16239,1.16239
2026-09-07 07:58,1.16252,1.16252,1.16252,1.16252
2026-09-07 07:59,1.16266,1.16266,1.16266,1.16266
2026-09-07 08:00,1.16279,1.16279,1.16279,1.16279
2026-09-07 08:01,1.16266,1.16266,1.16266,1.16266
2026-09-07 08:02,1.16252,1.16252,1.16252,1.16252
2026-09-07 08:03,1.16266,1.16266,1.16266,1.16266
2026-09-07 08:04,1.16279,1.16279,1.16279,1.16279
2026-09-07 08:05,1.16266,1.16266,1.16266,1.16266
2026-09-07 08:06,1.16279,1.16279,1.16279,1.16279
2026-09-07 08:07,1.16279,1.16279,1.16279,1.16279
2026-09-07 08:08,1.16306,1.16306,1.16306,1.16306
2026-09-07 08:09,1.16320,1.16320,1.16320,1.16320
2026-09-07 08:10,1.16333,1.16333,1.16333,1.16333
2026-09-07 08:11,1.16333,1.16333,1.16333,1.16333
2026-09-07 08:12,1.16347,1.16347,1.16347,1.16347
2026-09-07 08:13,1.16347,1.16347,1.16347,1.16347
2026-09-07 08:14,1.16347,1.16347,1.16347,1.16347
2026-09-07 08:15,1.16347,1.16347,1.16347,1.16347
2026-09-07 08:16,1.16333,1.16333,1.16333,1.16333
2026-09-07 08:17,1.16347,1.16347,1.16347,1.16347
2026-09-07 08:18,1.16347,1.16347,1.16347,1.16347
2026-09-07 08:19,1.16360,1.16360,1.16360,1.16360
2026-09-07 08:20,1.16374,1.16374,1.16374,1.16374
2026-09-07 08:21,1.16387,1.16387,1.16387,1.16387
2026-09-07 08:22,1.16360,1.16360,1.16360,1.16360
2026-09-07 08:23,1.16360,1.16360,1.16360,1.16360
2026-09-07 08:24,1.16360,1.16360,1.16360,1.16360
2026-09-07 08:25,1.16360,1.16360,1.16360,1.16360
2026-09-07 08:26,1.16374,1.16374,1.16374,1.16374
2026-09-07 08:27,1.16374,1.16374,1.16374,1.16374
2026-09-07 08:28,1.16360,1.16360,1.16360,1.16360
2026-09-07 08:29,1.16360,1.16360,1.16360,1.16360
2026-09-07 08:30,1.16374,1.16374,1.16374,1.16374
2026-09-07 08:31,1.16360,1.16360,1.16360,1.16360
2026-09-07 08:32,1.16374,1.16374,1.16374,1.16374
2026-09-07 08:33,1.16360,1.16360,1.16360,1.16360
2026-09-07 08:34,1.16360,1.16360,1.16360,1.16360
2026-09-07 08:35,1.16374,1.16374,1.16374,1.16374
2026-09-07 08:36,1.16360,1.16360,1.16360,1.16360
2026-09-07 08:37,1.16333,1.16333,1.16333,1.16333
2026-09-07 08:38,1.16320,1.16320,1.16320,1.16320
2026-09-07 08:39,1.16320,1.16320,1.16320,1.16320
2026-09-07 08:40,1.16293,1.16293,1.16293,1.16293
2026-09-07 08:41,1.16293,1.16293,1.16293,1.16293
2026-09-07 08:42,1.16306,1.16306,1.16306,1.16306
2026-09-07 08:43,1.16293,1.16293,1.16293,1.16293
2026-09-07 08:44,1.16306,1.16306,1.16306,1.16306
2026-09-07 08:45,1.16293,1.16293,1.16293,1.16293
2026-09-07 08:46,1.16293,1.16293,1.16293,1.16293
2026-09-07 08:47,1.16293,1.16293,1.16293,1.16293
2026-09-07 08:48,1.16279,1.16279,1.16279,1.16279
2026-09-07 08:49,1.16266,1.16266,1.16266,1.16266
2026-09-07 08:50,1.16252,1.16252,1.16252,1.16252
2026-09-07 08:51,1.16252,1.16252,1.16252,1.16252
2026-09-07 08:52,1.16252,1.16252,1.16252,1.16252
2026-09-07 08:53,1.16266,1.16266,1.16266,1.16266
2026-09-07 08:54,1.16252,1.16252,1.16252,1.16252
2026-09-07 08:55,1.16252,1.16252,1.16252,1.16252
2026-09-07 08:56,1.16252,1.16252,1.16252,1.16252
2026-09-07 08:57,1.16252,1.16252,1.16252,1.16252
2026-09-07 08:58,1.16252,1.16252,1.16252,1.16252
2026-09-07 08:59,1.16252,1.16252,1.16252,1.16252
2026-09-07 09:00,1.16252,1.16252,1.16252,1.16252
2026-09-07 09:01,1.16252,1.16252,1.16252,1.16252
2026-09-07 09:02,1.16252,1.16252,1.16252,1.16252
2026-09-07 09:03,1.16252,1.16252,1.16252,1.16252
2026-09-07 09:04,1.16252,1.16252,1.16252,1.16252
2026-09-07 09:05,1.16266,1.16266,1.16266,1.16266
2026-09-07 09:06,1.16239,1.16239,1.16239,1.16239
2026-09-07 09:07,1.16252,1.16252,1.16252,1.16252
2026-09-07 09:08,1.16252,1.16252,1.16252,1.16252
2026-09-07 09:09,1.16266,1.16266,1.16266,1.16266
2026-09-07 09:10,1.16266,1.16266,1.16266,1.16266
2026-09-07 09:11,1.16252,1.16252,1.16252,1.16252
2026-09-07 09:12,1.16252,1.16252,1.16252,1.16252
2026-09-07 09:13,1.16239,1.16239,1.16239,1.16239
2026-09-07 09:14,1.16252,1.16252,1.16252,1.16252
2026-09-07 09:15,1.16252,1.16252,1.16252,1.16252
2026-09-07 09:16,1.16252,1.16252,1.16252,1.16252
2026-09-07 09:17,1.16252,1.16252,1.16252,1.16252
2026-09-07 09:18,1.16252,1.16252,1.16252,1.16252
2026-09-07 09:19,1.16252,1.16252,1.16252,1.16252
2026-09-07 09:20,1.16239,1.16239,1.16239,1.16239
2026-09-07 09:21,1.16252,1.16252,1.16252,1.16252
2026-09-07 09:22,1.16252,1.16252,1.16252,1.16252
2026-09-07 09:23,1.16252,1.16252,1.16252,1.16252
2026-09-07 09:24,1.16252,1.16252,1.16252,1.16252
2026-09-07 09:25,1.16252,1.16252,1.16252,1.16252
2026-09-07 09:26,1.16266,1.16266,1.16266,1.16266
2026-09-07 09:27,1.16279,1.16279,1.16279,1.16279
2026-09-07 09:28,1.16279,1.16279,1.16279,1.16279
2026-09-07 09:29,1.16279,1.16279,1.16279,1.16279
2026-09-07 09:30,1.16266,1.16266,1.16266,1.16266
2026-09-07 09:31,1.16279,1.16279,1.16279,1.16279
2026-09-07 09:32,1.16279,1.16279,1.16279,1.16279
2026-09-07 09:33,1.16293,1.16293,1.16293,1.16293
2026-09-07 09:34,1.16293,1.16293,1.16293,1.16293
2026-09-07 09:35,1.16293,1.16293,1.16293,1.16293
2026-09-07 09:36,1.16293,1.16293,1.16293,1.16293
2026-09-07 09:37,1.16279,1.16279,1.16279,1.16279
2026-09-07 09:38,1.16279,1.16279,1.16279,1.16279
2026-09-07 09:39,1.16293,1.16293,1.16293,1.16293
2026-09-07 09:40,1.16279,1.16279,1.16279,1.16279
2026-09-07 09:41,1.16279,1.16279,1.16279,1.16279
2026-09-07 09:42,1.16252,1.16252,1.16252,1.16252
2026-09-07 09:43,1.16239,1.16239,1.16239,1.16239
2026-09-07 09:44,1.16252,1.16252,1.16252,1.16252
2026-09-07 09:45,1.16266,1.16266,1.16266,1.16266
2026-09-07 09:46,1.16252,1.16252,1.16252,1.16252
2026-09-07 09:47,1.16252,1.16252,1.16252,1.16252
2026-09-07 09:48,1.16252,1.16252,1.16252,1.16252
2026-09-07 09:49,1.16266,1.16266,1.16266,1.16266
2026-09-07 09:50,1.16252,1.16252,1.16252,1.16252
2026-09-07 09:51,1.16239,1.16239,1.16239,1.16239
2026-09-07 09:52,1.16239,1.16239,1.16239,1.16239
2026-09-07 09:53,1.16239,1.16239,1.16239,1.16239
2026-09-07 09:54,1.16239,1.16239,1.16239,1.16239
2026-09-07 09:55,1.16239,1.16239,1.16239,1.16239
2026-09-07 09:56,1.16239,1.16239,1.16239,1.16239
2026-09-07 09:57,1.16239,1.16239,1.16239,1.16239
2026-09-07 09:58,1.16239,1.16239,1.16239,1.16239
2026-09-07 09:59,1.16239,1.16239,1.16239,1.16239
2026-09-07 10:00,1.16239,1.16239,1.16239,1.16239
2026-09-07 10:01,1.16239,1.16239,1.16239,1.16239
2026-09-07 10:02,1.16239,1.16239,1.16239,1.16239
2026-09-07 10:03,1.16239,1.16239,1.16239,1.16239
2026-09-07 10:04,1.16252,1.16252,1.16252,1.16252
2026-09-07 10:05,1.16266,1.16266,1.16266,1.16266
2026-09-07 10:06,1.16252,1.16252,1.16252,1.16252
2026-09-07 10:07,1.16252,1.16252,1.16252,1.16252
2026-09-07 10:08,1.16266,1.16266,1.16266,1.16266
2026-09-07 10:09,1.16266,1.16266,1.16266,1.16266
2026-09-07 10:10,1.16266,1.16266,1.16266,1.16266
2026-09-07 10:11,1.16266,1.16266,1.16266,1.16266
2026-09-07 10:12,1.16266,1.16266,1.16266,1.16266
2026-09-07 10:13,1.16266,1.16266,1.16266,1.16266
2026-09-07 10:14,1.16266,1.16266,1.16266,1.16266
2026-09-07 10:15,1.16252,1.16252,1.16252,1.16252
2026-09-07 10:16,1.16266,1.16266,1.16266,1.16266
2026-09-07 10:17,1.16279,1.16279,1.16279,1.16279
2026-09-07 10:18,1.16279,1.16279,1.16279,1.16279
2026-09-07 10:19,1.16279,1.16279,1.16279,1.16279
2026-09-07 10:20,1.16279,1.16279,1.16279,1.16279
2026-09-07 10:21,1.16279,1.16279,1.16279,1.16279
2026-09-07 10:22,1.16266,1.16266,1.16266,1.16266
2026-09-07 10:23,1.16279,1.16279,1.16279,1.16279
2026-09-07 10:24,1.16279,1.16279,1.16279,1.16279
2026-09-07 10:25,1.16279,1.16279,1.16279,1.16279
2026-09-07 10:26,1.16279,1.16279,1.16279,1.16279
2026-09-07 10:27,1.16252,1.16252,1.16252,1.16252
2026-09-07 10:28,1.16266,1.16266,1.16266,1.16266
2026-09-07 10:29,1.16266,1.16266,1.16266,1.16266
2026-09-07 10:30,1.16279,1.16279,1.16279,1.16279
2026-09-07 10:31,1.16279,1.16279,1.16279,1.16279
2026-09-07 10:32,1.16279,1.16279,1.16279,1.16279
2026-09-07 10:33,1.16279,1.16279,1.16279,1.16279
2026-09-07 10:34,1.16266,1.16266,1.16266,1.16266
2026-09-07 10:35,1.16266,1.16266,1.16266,1.16266
2026-09-07 10:36,1.16266,1.16266,1.16266,1.16266
2026-09-07 10:37,1.16266,1.16266,1.16266,1.16266
2026-09-07 10:38,1.16266,1.16266,1.16266,1.16266
2026-09-07 10:39,1.16279,1.16279,1.16279,1.16279
2026-09-07 10:40,1.16279,1.16279,1.16279,1.16279
2026-09-07 10:41,1.16279,1.16279,1.16279,1.16279
2026-09-07 10:42,1.16279,1.16279,1.16279,1.16279
2026-09-07 10:43,1.16279,1.16279,1.16279,1.16279
2026-09-07 10:44,1.16279,1.16279,1.16279,1.16279
2026-09-07 10:45,1.16293,1.16293,1.16293,1.16293
2026-09-07 10:46,1.16293,1.16293,1.16293,1.16293
2026-09-07 10:47,1.16293,1.16293,1.16293,1.16293
2026-09-07 10:48,1.16293,1.16293,1.16293,1.16293
2026-09-07 10:49,1.16279,1.16279,1.16279,1.16279
2026-09-07 10:50,1.16279,1.16279,1.16279,1.16279
2026-09-07 10:51,1.16293,1.16293,1.16293,1.16293
2026-09-07 10:52,1.16293,1.16293,1.16293,1.16293
2026-09-07 10:53,1.16293,1.16293,1.16293,1.16293
2026-09-07 10:54,1.16293,1.16293,1.16293,1.16293
2026-09-07 10:55,1.16279,1.16279,1.16279,1.16279
2026-09-07 10:56,1.16279,1.16279,1.16279,1.16279
2026-09-07 10:57,1.16279,1.16279,1.16279,1.16279
2026-09-07 10:58,1.16279,1.16279,1.16279,1.16279
2026-09-07 10:59,1.16279,1.16279,1.16279,1.16279
2026-09-07 11:00,1.16279,1.16279,1.16279,1.16279
2026-09-07 11:01,1.16279,1.16279,1.16279,1.16279
2026-09-07 11:02,1.16266,1.16266,1.16266,1.16266
2026-09-07 11:03,1.16266,1.16266,1.16266,1.16266
2026-09-07 11:04,1.16279,1.16279,1.16279,1.16279
2026-09-07 11:05,1.16279,1.16279,1.16279,1.16279
2026-09-07 11:06,1.16293,1.16293,1.16293,1.16293
2026-09-07 11:07,1.16293,1.16293,1.16293,1.16293
2026-09-07 11:08,1.16279,1.16279,1.16279,1.16279
2026-09-07 11:09,1.16279,1.16279,1.16279,1.16279
2026-09-07 11:10,1.16279,1.16279,1.16279,1.16279
2026-09-07 11:11,1.16279,1.16279,1.16279,1.16279
2026-09-07 11:12,1.16252,1.16252,1.16252,1.16252
2026-09-07 11:13,1.16266,1.16266,1.16266,1.16266
2026-09-07 11:14,1.16266,1.16266,1.16266,1.16266
2026-09-07 11:15,1.16266,1.16266,1.16266,1.16266
2026-09-07 11:16,1.16279,1.16279,1.16279,1.16279
2026-09-07 11:17,1.16279,1.16279,1.16279,1.16279
2026-09-07 11:18,1.16266,1.16266,1.16266,1.16266
2026-09-07 11:19,1.16266,1.16266,1.16266,1.16266
2026-09-07 11:20,1.16266,1.16266,1.16266,1.16266
2026-09-07 11:21,1.16279,1.16279,1.16279,1.16279
2026-09-07 11:22,1.16266,1.16266,1.16266,1.16266
2026-09-07 11:23,1.16266,1.16266,1.16266,1.16266
2026-09-07 11:24,1.16266,1.16266,1.16266,1.16266
2026-09-07 11:25,1.16266,1.16266,1.16266,1.16266
2026-09-07 11:26,1.16266,1.16266,1.16266,1.16266
2026-09-07 11:27,1.16266,1.16266,1.16266,1.16266
2026-09-07 11:28,1.16266,1.16266,1.16266,1.16266
2026-09-07 11:29,1.16279,1.16279,1.16279,1.16279
2026-09-07 11:30,1.16279,1.16279,1.16279,1.16279
2026-09-07 11:31,1.16266,1.16266,1.16266,1.16266
2026-09-07 11:32,1.16266,1.16266,1.16266,1.16266
2026-09-07 11:33,1.16266,1.16266,1.16266,1.16266
2026-09-07 11:34,1.16266,1.16266,1.16266,1.16266
2026-09-07 11:35,1.16252,1.16252,1.16252,1.16252
2026-09-07 11:36,1.16266,1.16266,1.16266,1.16266
2026-09-07 11:37,1.16266,1.16266,1.16266,1.16266
2026-09-07 11:38,1.16279,1.16279,1.16279,1.16279
2026-09-07 11:39,1.16279,1.16279,1.16279,1.16279
2026-09-07 11:40,1.16279,1.16279,1.16279,1.16279
2026-09-07 11:41,1.16266,1.16266,1.16266,1.16266
2026-09-07 11:42,1.16279,1.16279,1.16279,1.16279
2026-09-07 11:43,1.16266,1.16266,1.16266,1.16266
2026-09-07 11:44,1.16266,1.16266,1.16266,1.16266
2026-09-07 11:45,1.16266,1.16266,1.16266,1.16266
2026-09-07 11:46,1.16279,1.16279,1.16279,1.16279
2026-09-07 11:47,1.16279,1.16279,1.16279,1.16279
2026-09-07 11:48,1.16279,1.16279,1.16279,1.16279
2026-09-07 11:49,1.16279,1.16279,1.16279,1.16279
2026-09-07 11:50,1.16279,1.16279,1.16279,1.16279
2026-09-07 11:51,1.16279,1.16279,1.16279,1.16279
2026-09-07 11:52,1.16279,1.16279,1.16279,1.16279
2026-09-07 11:53,1.16279,1.16279,1.16279,1.16279
2026-09-07 11:54,1.16266,1.16266,1.16266,1.16266
2026-09-07 11:55,1.16266,1.16266,1.16266,1.16266
2026-09-07 11:56,1.16266,1.16266,1.16266,1.16266
2026-09-07 11:57,1.16266,1.16266,1.16266,1.16266
2026-09-07 11:58,1.16266,1.16266,1.16266,1.16266
2026-09-07 11:59,1.16266,1.16266,1.16266,1.16266
2026-09-07 12:00,1.16279,1.16279,1.16279,1.16279
2026-09-07 12:01,1.16266,1.16266,1.16266,1.16266
2026-09-07 12:02,1.16266,1.16266,1.16266,1.16266
2026-09-07 12:03,1.16266,1.16266,1.16266,1.16266
2026-09-07 12:04,1.16266,1.16266,1.16266,1.16266
2026-09-07 12:05,1.16266,1.16266,1.16266,1.16266
2026-09-07 12:06,1.16279,1.16279,1.16279,1.16279
2026-09-07 12:07,1.16266,1.16266,1.16266,1.16266
2026-09-07 12:08,1.16279,1.16279,1.16279,1.16279
2026-09-07 12:09,1.16266,1.16266,1.16266,1.16266
2026-09-07 12:10,1.16252,1.16252,1.16252,1.16252
2026-09-07 12:11,1.16266,1.16266,1.16266,1.16266
2026-09-07 12:12,1.16252,1.16252,1.16252,1.16252
2026-09-07 12:13,1.16266,1.16266,1.16266,1.16266
2026-09-07 12:14,1.16266,1.16266,1.16266,1.16266
2026-09-07 12:15,1.16252,1.16252,1.16252,1.16252
2026-09-07 12:16,1.16239,1.16239,1.16239,1.16239
2026-09-07 12:17,1.16252,1.16252,1.16252,1.16252
2026-09-07 12:18,1.16252,1.16252,1.16252,1.16252
2026-09-07 12:19,1.16252,1.16252,1.16252,1.16252
2026-09-07 12:20,1.16252,1.16252,1.16252,1.16252
2026-09-07 12:21,1.16266,1.16266,1.16266,1.16266
2026-09-07 12:22,1.16279,1.16279,1.16279,1.16279
2026-09-07 12:23,1.16279,1.16279,1.16279,1.16279
2026-09-07 12:24,1.16293,1.16293,1.16293,1.16293
2026-09-07 12:25,1.16279,1.16279,1.16279,1.16279
2026-09-07 12:26,1.16293,1.16293,1.16293,1.16293
2026-09-07 12:27,1.16293,1.16293,1.16293,1.16293
2026-09-07 12:28,1.16293,1.16293,1.16293,1.16293
2026-09-07 12:29,1.16306,1.16306,1.16306,1.16306
2026-09-07 12:30,1.16293,1.16293,1.16293,1.16293
2026-09-07 12:31,1.16306,1.16306,1.16306,1.16306
2026-09-07 12:32,1.16306,1.16306,1.16306,1.16306
2026-09-07 12:33,1.16306,1.16306,1.16306,1.16306
2026-09-07 12:34,1.16306,1.16306,1.16306,1.16306
2026-09-07 12:35,1.16306,1.16306,1.16306,1.16306
2026-09-07 12:36,1.16306,1.16306,1.16306,1.16306
2026-09-07 12:37,1.16306,1.16306,1.16306,1.16306
2026-09-07 12:38,1.16306,1.16306,1.16306,1.16306
2026-09-07 12:39,1.16320,1.16320,1.16320,1.16320
2026-09-07 12:40,1.16306,1.16306,1.16306,1.16306
2026-09-07 12:41,1.16306,1.16306,1.16306,1.16306
2026-09-07 12:42,1.16306,1.16306,1.16306,1.16306
2026-09-07 12:43,1.16306,1.16306,1.16306,1.16306
2026-09-07 12:44,1.16306,1.16306,1.16306,1.16306
2026-09-07 12:45,1.16306,1.16306,1.16306,1.16306
2026-09-07 12:46,1.16306,1.16306,1.16306,1.16306
2026-09-07 12:47,1.16306,1.16306,1.16306,1.16306
2026-09-07 12:48,1.16293,1.16293,1.16293,1.16293
2026-09-07 12:49,1.16306,1.16306,1.16306,1.16306
2026-09-07 12:50,1.16320,1.16320,1.16320,1.16320
2026-09-07 12:51,1.16306,1.16306,1.16306,1.16306
2026-09-07 12:52,1.16279,1.16279,1.16279,1.16279
2026-09-07 12:53,1.16293,1.16293,1.16293,1.16293
2026-09-07 12:54,1.16293,1.16293,1.16293,1.16293
2026-09-07 12:55,1.16293,1.16293,1.16293,1.16293
2026-09-07 12:56,1.16293,1.16293,1.16293,1.16293
2026-09-07 12:57,1.16293,1.16293,1.16293,1.16293
2026-09-07 12:58,1.16293,1.16293,1.16293,1.16293
2026-09-07 12:59,1.16293,1.16293,1.16293,1.16293
2026-09-07 13:00,1.16293,1.16293,1.16293,1.16293
2026-09-07 13:01,1.16293,1.16293,1.16293,1.16293
2026-09-07 13:02,1.16293,1.16293,1.16293,1.16293
2026-09-07 13:03,1.16293,1.16293,1.16293,1.16293
2026-09-07 13:04,1.16293,1.16293,1.16293,1.16293
2026-09-07 13:05,1.16279,1.16279,1.16279,1.16279
2026-09-07 13:06,1.16279,1.16279,1.16279,1.16279
2026-09-07 13:07,1.16279,1.16279,1.16279,1.16279
2026-09-07 13:08,1.16279,1.16279,1.16279,1.16279
2026-09-07 13:09,1.16279,1.16279,1.16279,1.16279
2026-09-07 13:10,1.16279,1.16279,1.16279,1.16279
2026-09-07 13:11,1.16293,1.16293,1.16293,1.16293
2026-09-07 13:12,1.16279,1.16279,1.16279,1.16279
2026-09-07 13:13,1.16279,1.16279,1.16279,1.16279
2026-09-07 13:14,1.16293,1.16293,1.16293,1.16293
2026-09-07 13:15,1.16293,1.16293,1.16293,1.16293
2026-09-07 13:16,1.16293,1.16293,1.16293,1.16293
2026-09-07 13:17,1.16279,1.16279,1.16279,1.16279
2026-09-07 13:18,1.16279,1.16279,1.16279,1.16279
2026-09-07 13:19,1.16293,1.16293,1.16293,1.16293
2026-09-07 13:20,1.16293,1.16293,1.16293,1.16293
2026-09-07 13:21,1.16293,1.16293,1.16293,1.16293
2026-09-07 13:22,1.16293,1.16293,1.16293,1.16293
2026-09-07 13:23,1.16306,1.16306,1.16306,1.16306
2026-09-07 13:24,1.16279,1.16279,1.16279,1.16279
2026-09-07 13:25,1.16293,1.16293,1.16293,1.16293
2026-09-07 13:26,1.16293,1.16293,1.16293,1.16293
2026-09-07 13:27,1.16293,1.16293,1.16293,1.16293
2026-09-07 13:28,1.16293,1.16293,1.16293,1.16293
2026-09-07 13:29,1.16279,1.16279,1.16279,1.16279
2026-09-07 13:30,1.16279,1.16279,1.16279,1.16279
2026-09-07 13:31,1.16293,1.16293,1.16293,1.16293
2026-09-07 13:32,1.16293,1.16293,1.16293,1.16293
2026-09-07 13:33,1.16293,1.16293,1.16293,1.16293
2026-09-07 13:34,1.16293,1.16293,1.16293,1.16293
2026-09-07 13:35,1.16293,1.16293,1.16293,1.16293
2026-09-07 13:36,1.16293,1.16293,1.16293,1.16293
2026-09-07 13:37,1.16293,1.16293,1.16293,1.16293
2026-09-07 13:38,1.16279,1.16279,1.16279,1.16279
2026-09-07 13:39,1.16279,1.16279,1.16279,1.16279
2026-09-07 13:40,1.16293,1.16293,1.16293,1.16293
2026-09-07 13:41,1.16293,1.16293,1.16293,1.16293
2026-09-07 13:42,1.16306,1.16306,1.16306,1.16306
2026-09-07 13:43,1.16293,1.16293,1.16293,1.16293
2026-09-07 13:44,1.16293,1.16293,1.16293,1.16293
2026-09-07 13:45,1.16306,1.16306,1.16306,1.16306
2026-09-07 13:46,1.16320,1.16320,1.16320,1.16320
2026-09-07 13:47,1.16320,1.16320,1.16320,1.16320
2026-09-07 13:48,1.16306,1.16306,1.16306,1.16306
2026-09-07 13:49,1.16306,1.16306,1.16306,1.16306
2026-09-07 13:50,1.16306,1.16306,1.16306,1.16306
2026-09-07 13:51,1.16320,1.16320,1.16320,1.16320
2026-09-07 13:52,1.16333,1.16333,1.16333,1.16333
2026-09-07 13:53,1.16320,1.16320,1.16320,1.16320
2026-09-07 13:54,1.16320,1.16320,1.16320,1.16320
2026-09-07 13:55,1.16320,1.16320,1.16320,1.16320
2026-09-07 13:56,1.16320,1.16320,1.16320,1.16320
2026-09-07 13:57,1.16320,1.16320,1.16320,1.16320
2026-09-07 13:58,1.16320,1.16320,1.16320,1.16320
2026-09-07 13:59,1.16320,1.16320,1.16320,1.16320
2026-09-07 14:00,1.16320,1.16320,1.16320,1.16320
2026-09-07 14:01,1.16320,1.16320,1.16320,1.16320
2026-09-07 14:02,1.16320,1.16320,1.16320,1.16320
2026-09-07 14:03,1.16333,1.16333,1.16333,1.16333
2026-09-07 14:04,1.16320,1.16320,1.16320,1.16320
2026-09-07 14:05,1.16320,1.16320,1.16320,1.16320
2026-09-07 14:06,1.16320,1.16320,1.16320,1.16320
2026-09-07 14:07,1.16320,1.16320,1.16320,1.16320
2026-09-07 14:08,1.16320,1.16320,1.16320,1.16320
2026-09-07 14:09,1.16320,1.16320,1.16320,1.16320
2026-09-07 14:10,1.16333,1.16333,1.16333,1.16333
2026-09-07 14:11,1.16333,1.16333,1.16333,1.16333
2026-09-07 14:12,1.16333,1.16333,1.16333,1.16333
2026-09-07 14:13,1.16347,1.16347,1.16347,1.16347
2026-09-07 14:14,1.16347,1.16347,1.16347,1.16347
2026-09-07 14:15,1.16347,1.16347,1.16347,1.16347
2026-09-07 14:16,1.16360,1.16360,1.16360,1.16360
2026-09-07 14:17,1.16360,1.16360,1.16360,1.16360
2026-09-07 14:18,1.16360,1.16360,1.16360,1.16360
2026-09-07 14:19,1.16360,1.16360,1.16360,1.16360
2026-09-07 14:20,1.16347,1.16347,1.16347,1.16347
2026-09-07 14:21,1.16347,1.16347,1.16347,1.16347
2026-09-07 14:22,1.16333,1.16333,1.16333,1.16333
2026-09-07 14:23,1.16347,1.16347,1.16347,1.16347
2026-09-07 14:24,1.16347,1.16347,1.16347,1.16347
2026-09-07 14:25,1.16360,1.16360,1.16360,1.16360
2026-09-07 14:26,1.16360,1.16360,1.16360,1.16360
2026-09-07 14:27,1.16360,1.16360,1.16360,1.16360
2026-09-07 14:28,1.16347,1.16347,1.16347,1.16347
2026-09-07 14:29,1.16333,1.16333,1.16333,1.16333
2026-09-07 14:30,1.16333,1.16333,1.16333,1.16333
2026-09-07 14:31,1.16333,1.16333,1.16333,1.16333
2026-09-07 14:32,1.16333,1.16333,1.16333,1.16333
2026-09-07 14:33,1.16333,1.16333,1.16333,1.16333
2026-09-07 14:34,1.16333,1.16333,1.16333,1.16333
2026-09-07 14:35,1.16333,1.16333,1.16333,1.16333
2026-09-07 14:36,1.16333,1.16333,1.16333,1.16333
2026-09-07 14:37,1.16333,1.16333,1.16333,1.16333
2026-09-07 14:38,1.16333,1.16333,1.16333,1.16333
2026-09-07 14:39,1.16333,1.16333,1.16333,1.16333
2026-09-07 14:40,1.16333,1.16333,1.16333,1.16333
2026-09-07 14:41,1.16333,1.16333,1.16333,1.16333
2026-09-07 14:42,1.16333,1.16333,1.16333,1.16333
2026-09-07 14:43,1.16333,1.16333,1.16333,1.16333
2026-09-07 14:44,1.16333,1.16333,1.16333,1.16333
2026-09-07 14:45,1.16333,1.16333,1.16333,1.16333
2026-09-07 14:46,1.16320,1.16320,1.16320,1.16320
2026-09-07 14:47,1.16333,1.16333,1.16333,1.16333
2026-09-07 14:48,1.16320,1.16320,1.16320,1.16320
2026-09-07 14:49,1.16320,1.16320,1.16320,1.16320
2026-09-07 14:50,1.16320,1.16320,1.16320,1.16320
2026-09-07 14:51,1.16306,1.16306,1.16306,1.16306
2026-09-07 14:52,1.16320,1.16320,1.16320,1.16320
2026-09-07 14:53,1.16320,1.16320,1.16320,1.16320
2026-09-07 14:54,1.16306,1.16306,1.16306,1.16306
2026-09-07 14:55,1.16320,1.16320,1.16320,1.16320
2026-09-07 14:56,1.16333,1.16333,1.16333,1.16333
2026-09-07 14:57,1.16347,1.16347,1.16347,1.16347
2026-09-07 14:58,1.16347,1.16347,1.16347,1.16347
2026-09-07 14:59,1.16347,1.16347,1.16347,1.16347
2026-09-07 15:00,1.16347,1.16347,1.16347,1.16347
2026-09-07 15:01,1.16347,1.16347,1.16347,1.16347
2026-09-07 15:02,1.16333,1.16333,1.16333,1.16333
2026-09-07 15:03,1.16347,1.16347,1.16347,1.16347
2026-09-07 15:04,1.16347,1.16347,1.16347,1.16347
2026-09-07 15:05,1.16333,1.16333,1.16333,1.16333
2026-09-07 15:06,1.16320,1.16320,1.16320,1.16320
2026-09-07 15:07,1.16306,1.16306,1.16306,1.16306
2026-09-07 15:08,1.16320,1.16320,1.16320,1.16320
2026-09-07 15:09,1.16320,1.16320,1.16320,1.16320
2026-09-07 15:10,1.16320,1.16320,1.16320,1.16320
2026-09-07 15:11,1.16320,1.16320,1.16320,1.16320
2026-09-07 15:12,1.16320,1.16320,1.16320,1.16320
2026-09-07 15:13,1.16320,1.16320,1.16320,1.16320
2026-09-07 15:14,1.16306,1.16306,1.16306,1.16306
2026-09-07 15:15,1.16306,1.16306,1.16306,1.16306
2026-09-07 15:16,1.16306,1.16306,1.16306,1.16306
2026-09-07 15:17,1.16306,1.16306,1.16306,1.16306
2026-09-07 15:18,1.16306,1.16306,1.16306,1.16306
2026-09-07 15:19,1.16306,1.16306,1.16306,1.16306
2026-09-07 15:20,1.16320,1.16320,1.16320,1.16320
2026-09-07 15:21,1.16320,1.16320,1.16320,1.16320
2026-09-07 15:22,1.16320,1.16320,1.16320,1.16320
2026-09-07 15:23,1.16320,1.16320,1.16320,1.16320
2026-09-07 15:24,1.16320,1.16320,1.16320,1.16320
2026-09-07 15:25,1.16320,1.16320,1.16320,1.16320
2026-09-07 15:26,1.16320,1.16320,1.16320,1.16320
2026-09-07 15:27,1.16320,1.16320,1.16320,1.16320
2026-09-07 15:28,1.16333,1.16333,1.16333,1.16333
2026-09-07 15:29,1.16333,1.16333,1.16333,1.16333
2026-09-07 15:30,1.16347,1.16347,1.16347,1.16347
2026-09-07 15:31,1.16347,1.16347,1.16347,1.16347
2026-09-07 15:32,1.16333,1.16333,1.16333,1.16333
2026-09-07 15:33,1.16320,1.16320,1.16320,1.16320
2026-09-07 15:34,1.16333,1.16333,1.16333,1.16333
2026-09-07 15:35,1.16320,1.16320,1.16320,1.16320
2026-09-07 15:36,1.16333,1.16333,1.16333,1.16333
2026-09-07 15:37,1.16333,1.16333,1.16333,1.16333
2026-09-07 15:38,1.16320,1.16320,1.16320,1.16320
2026-09-07 15:39,1.16333,1.16333,1.16333,1.16333
2026-09-07 15:40,1.16333,1.16333,1.16333,1.16333
2026-09-07 15:41,1.16333,1.16333,1.16333,1.16333
2026-09-07 15:42,1.16320,1.16320,1.16320,1.16320
2026-09-07 15:43,1.16320,1.16320,1.16320,1.16320
2026-09-07 15:44,1.16320,1.16320,1.16320,1.16320
2026-09-07 15:45,1.16320,1.16320,1.16320,1.16320
2026-09-07 15:46,1.16320,1.16320,1.16320,1.16320
2026-09-07 15:47,1.16320,1.16320,1.16320,1.16320
2026-09-07 15:48,1.16320,1.16320,1.16320,1.16320
2026-09-07 15:49,1.16320,1.16320,1.16320,1.16320
2026-09-07 15:50,1.16320,1.16320,1.16320,1.16320
2026-09-07 15:51,1.16320,1.16320,1.16320,1.16320
2026-09-07 15:52,1.16320,1.16320,1.16320,1.16320
2026-09-07 15:53,1.16320,1.16320,1.16320,1.16320
2026-09-07 15:54,1.16306,1.16306,1.16306,1.16306
2026-09-07 15:55,1.16306,1.16306,1.16306,1.16306
2026-09-07 15:56,1.16306,1.16306,1.16306,1.16306
2026-09-07 15:57,1.16306,1.16306,1.16306,1.16306
2026-09-07 15:58,1.16306,1.16306,1.16306,1.16306
2026-09-07 15:59,1.16306,1.16306,1.16306,1.16306
2026-09-07 16:00,1.16306,1.16306,1.16306,1.16306
2026-09-07 16:01,1.16306,1.16306,1.16306,1.16306
2026-09-07 16:02,1.16293,1.16293,1.16293,1.16293
2026-09-07 16:03,1.16293,1.16293,1.16293,1.16293
2026-09-07 16:04,1.16293,1.16293,1.16293,1.16293
2026-09-07 16:05,1.16306,1.16306,1.16306,1.16306
2026-09-07 16:06,1.16306,1.16306,1.16306,1.16306
2026-09-07 16:07,1.16306,1.16306,1.16306,1.16306
2026-09-07 16:08,1.16306,1.16306,1.16306,1.16306
2026-09-07 16:09,1.16306,1.16306,1.16306,1.16306
2026-09-07 16:10,1.16306,1.16306,1.16306,1.16306
2026-09-07 16:11,1.16306,1.16306,1.16306,1.16306
2026-09-07 16:12,1.16306,1.16306,1.16306,1.16306
2026-09-07 16:13,1.16306,1.16306,1.16306,1.16306
2026-09-07 16:14,1.16306,1.16306,1.16306,1.16306
2026-09-07 16:15,1.16306,1.16306,1.16306,1.16306
2026-09-07 16:16,1.16306,1.16306,1.16306,1.16306
2026-09-07 16:17,1.16306,1.16306,1.16306,1.16306
2026-09-07 16:18,1.16293,1.16293,1.16293,1.16293
2026-09-07 16:19,1.16293,1.16293,1.16293,1.16293
2026-09-07 16:20,1.16306,1.16306,1.16306,1.16306
2026-09-07 16:21,1.16306,1.16306,1.16306,1.16306
2026-09-07 16:22,1.16306,1.16306,1.16306,1.16306
2026-09-07 16:23,1.16306,1.16306,1.16306,1.16306
2026-09-07 16:24,1.16306,1.16306,1.16306,1.16306
2026-09-07 16:25,1.16306,1.16306,1.16306,1.16306
2026-09-07 16:26,1.16306,1.16306,1.16306,1.16306
2026-09-07 16:27,1.16306,1.16306,1.16306,1.16306
2026-09-07 16:28,1.16306,1.16306,1.16306,1.16306
2026-09-07 16:29,1.16306,1.16306,1.16306,1.16306
2026-09-07 16:30,1.16320,1.16320,1.16320,1.16320
2026-09-07 16:31,1.16306,1.16306,1.16306,1.16306
2026-09-07 16:32,1.16306,1.16306,1.16306,1.16306
2026-09-07 16:33,1.16306,1.16306,1.16306,1.16306
2026-09-07 16:34,1.16320,1.16320,1.16320,1.16320
2026-09-07 16:35,1.16320,1.16320,1.16320,1.16320
2026-09-07 16:36,1.16320,1.16320,1.16320,1.16320
2026-09-07 16:37,1.16320,1.16320,1.16320,1.16320
2026-09-07 16:38,1.16320,1.16320,1.16320,1.16320
2026-09-07 16:39,1.16320,1.16320,1.16320,1.16320
2026-09-07 16:40,1.16320,1.16320,1.16320,1.16320
2026-09-07 16:41,1.16320,1.16320,1.16320,1.16320
2026-09-07 16:42,1.16320,1.16320,1.16320,1.16320
2026-09-07 16:43,1.16333,1.16333,1.16333,1.16333
2026-09-07 16:44,1.16333,1.16333,1.16333,1.16333
2026-09-07 16:45,1.16333,1.16333,1.16333,1.16333
2026-09-07 16:46,1.16320,1.16320,1.16320,1.16320
2026-09-07 16:47,1.16320,1.16320,1.16320,1.16320
2026-09-07 16:48,1.16320,1.16320,1.16320,1.16320
2026-09-07 16:49,1.16333,1.16333,1.16333,1.16333
2026-09-07 16:50,1.16333,1.16333,1.16333,1.16333
2026-09-07 16:51,1.16333,1.16333,1.16333,1.16333
2026-09-07 16:52,1.16333,1.16333,1.16333,1.16333
2026-09-07 16:53,1.16320,1.16320,1.16320,1.16320
2026-09-07 16:54,1.16320,1.16320,1.16320,1.16320
2026-09-07 16:55,1.16320,1.16320,1.16320,1.16320
2026-09-07 16:56,1.16320,1.16320,1.16320,1.16320
2026-09-07 16:57,1.16320,1.16320,1.16320,1.16320
2026-09-07 16:58,1.16320,1.16320,1.16320,1.16320
2026-09-07 16:59,1.16320,1.16320,1.16320,1.16320
2026-09-07 17:00,1.16320,1.16320,1.16320,1.16320
2026-09-07 17:01,1.16320,1.16320,1.16320,1.16320
2026-09-07 17:02,1.16320,1.16320,1.16320,1.16320
2026-09-07 17:03,1.16306,1.16306,1.16306,1.16306
2026-09-07 17:04,1.16306,1.16306,1.16306,1.16306
2026-09-07 17:05,1.16306,1.16306,1.16306,1.16306
2026-09-07 17:06,1.16306,1.16306,1.16306,1.16306
2026-09-07 17:07,1.16306,1.16306,1.16306,1.16306
2026-09-07 17:08,1.16306,1.16306,1.16306,1.16306
2026-09-07 17:09,1.16306,1.16306,1.16306,1.16306
2026-09-07 17:10,1.16293,1.16293,1.16293,1.16293
2026-09-07 17:11,1.16293,1.16293,1.16293,1.16293
2026-09-07 17:12,1.16293,1.16293,1.16293,1.16293
2026-09-07 17:13,1.16293,1.16293,1.16293,1.16293
2026-09-07 17:14,1.16306,1.16306,1.16306,1.16306
2026-09-07 17:15,1.16306,1.16306,1.16306,1.16306
2026-09-07 17:16,1.16306,1.16306,1.16306,1.16306
2026-09-07 17:17,1.16306,1.16306,1.16306,1.16306
2026-09-07 17:18,1.16293,1.16293,1.16293,1.16293
2026-09-07 17:19,1.16293,1.16293,1.16293,1.16293
2026-09-07 17:20,1.16293,1.16293,1.16293,1.16293
2026-09-07 17:21,1.16293,1.16293,1.16293,1.16293
2026-09-07 17:22,1.16293,1.16293,1.16293,1.16293
2026-09-07 17:23,1.16293,1.16293,1.16293,1.16293
2026-09-07 17:24,1.16293,1.16293,1.16293,1.16293
2026-09-07 17:25,1.16293,1.16293,1.16293,1.16293
2026-09-07 17:26,1.16293,1.16293,1.16293,1.16293
2026-09-07 17:27,1.16293,1.16293,1.16293,1.16293
2026-09-07 17:28,1.16293,1.16293,1.16293,1.16293
2026-09-07 17:29,1.16293,1.16293,1.16293,1.16293
2026-09-07 17:30,1.16293,1.16293,1.16293,1.16293
2026-09-07 17:31,1.16293,1.16293,1.16293,1.16293
2026-09-07 17:32,1.16293,1.16293,1.16293,1.16293
2026-09-07 17:33,1.16293,1.16293,1.16293,1.16293
2026-09-07 17:34,1.16293,1.16293,1.16293,1.16293
2026-09-07 17:35,1.16293,1.16293,1.16293,1.16293
2026-09-07 17:36,1.16293,1.16293,1.16293,1.16293
2026-09-07 17:37,1.16293,1.16293,1.16293,1.16293
2026-09-07 17:38,1.16293,1.16293,1.16293,1.16293
2026-09-07 17:39,1.16293,1.16293,1.16293,1.16293
2026-09-07 17:40,1.16279,1.16279,1.16279,1.16279
2026-09-07 17:41,1.16279,1.16279,1.16279,1.16279
2026-09-07 17:42,1.16279,1.16279,1.16279,1.16279
2026-09-07 17:43,1.16279,1.16279,1.16279,1.16279
2026-09-07 17:44,1.16279,1.16279,1.16279,1.16279
2026-09-07 17:45,1.16279,1.16279,1.16279,1.16279
2026-09-07 17:46,1.16279,1.16279,1.16279,1.16279
2026-09-07 17:47,1.16293,1.16293,1.16293,1.16293
2026-09-07 17:48,1.16279,1.16279,1.16279,1.16279
2026-09-07 17:49,1.16279,1.16279,1.16279,1.16279
2026-09-07 17:50,1.16279,1.16279,1.16279,1.16279
2026-09-07 17:51,1.16279,1.16279,1.16279,1.16279
2026-09-07 17:52,1.16279,1.16279,1.16279,1.16279
2026-09-07 17:53,1.16279,1.16279,1.16279,1.16279
2026-09-07 17:54,1.16279,1.16279,1.16279,1.16279
2026-09-07 17:55,1.16279,1.16279,1.16279,1.16279
2026-09-07 17:56,1.16293,1.16293,1.16293,1.16293
2026-09-07 17:57,1.16293,1.16293,1.16293,1.16293
2026-09-07 17:58,1.16293,1.16293,1.16293,1.16293
2026-09-07 17:59,1.16293,1.16293,1.16293,1.16293
2026-09-07 18:00,1.16293,1.16293,1.16293,1.16293
2026-09-07 18:01,1.16293,1.16293,1.16293,1.16293
2026-09-07 18:02,1.16293,1.16293,1.16293,1.16293
2026-09-07 18:03,1.16293,1.16293,1.16293,1.16293
2026-09-07 18:04,1.16293,1.16293,1.16293,1.16293
2026-09-07 18:05,1.16293,1.16293,1.16293,1.16293
2026-09-07 18:06,1.16293,1.16293,1.16293,1.16293
2026-09-07 18:07,1.16293,1.16293,1.16293,1.16293
2026-09-07 18:08,1.16279,1.16279,1.16279,1.16279
2026-09-07 18:09,1.16279,1.16279,1.16279,1.16279
2026-09-07 18:10,1.16279,1.16279,1.16279,1.16279
2026-09-07 18:11,1.16279,1.16279,1.16279,1.16279
2026-09-07 18:12,1.16279,1.16279,1.16279,1.16279
2026-09-07 18:13,1.16279,1.16279,1.16279,1.16279
2026-09-07 18:14,1.16279,1.16279,1.16279,1.16279
2026-09-07 18:15,1.16279,1.16279,1.16279,1.16279
2026-09-07 18:16,1.16279,1.16279,1.16279,1.16279
2026-09-07 18:17,1.16279,1.16279,1.16279,1.16279
2026-09-07 18:18,1.16279,1.16279,1.16279,1.16279
2026-09-07 18:19,1.16279,1.16279,1.16279,1.16279
2026-09-07 18:20,1.16279,1.16279,1.16279,1.16279
2026-09-07 18:21,1.16279,1.16279,1.16279,1.16279
2026-09-07 18:22,1.16279,1.16279,1.16279,1.16279
2026-09-07 18:23,1.16279,1.16279,1.16279,1.16279
2026-09-07 18:24,1.16279,1.16279,1.16279,1.16279
2026-09-07 18:25,1.16279,1.16279,1.16279,1.16279
2026-09-07 18:26,1.16279,1.16279,1.16279,1.16279
2026-09-07 18:27,1.16279,1.16279,1.16279,1.16279
2026-09-07 18:28,1.16266,1.16266,1.16266,1.16266
2026-09-07 18:29,1.16266,1.16266,1.16266,1.16266
2026-09-07 18:30,1.16266,1.16266,1.16266,1.16266
2026-09-07 18:31,1.16266,1.16266,1.16266,1.16266
2026-09-07 18:32,1.16266,1.16266,1.16266,1.16266
2026-09-07 18:33,1.16266,1.16266,1.16266,1.16266
2026-09-07 18:34,1.16279,1.16279,1.16279,1.16279
2026-09-07 18:35,1.16279,1.16279,1.16279,1.16279
2026-09-07 18:36,1.16279,1.16279,1.16279,1.16279
2026-09-07 18:37,1.16279,1.16279,1.16279,1.16279
2026-09-07 18:38,1.16279,1.16279,1.16279,1.16279
2026-09-07 18:39,1.16279,1.16279,1.16279,1.16279
2026-09-07 18:40,1.16279,1.16279,1.16279,1.16279
2026-09-07 18:41,1.16279,1.16279,1.16279,1.16279
2026-09-07 18:42,1.16279,1.16279,1.16279,1.16279
2026-09-07 18:43,1.16279,1.16279,1.16279,1.16279
2026-09-07 18:44,1.16279,1.16279,1.16279,1.16279
2026-09-07 18:45,1.16279,1.16279,1.16279,1.16279
2026-09-07 18:46,1.16266,1.16266,1.16266,1.16266
2026-09-07 18:47,1.16266,1.16266,1.16266,1.16266
2026-09-07 18:48,1.16266,1.16266,1.16266,1.16266
2026-09-07 18:49,1.16266,1.16266,1.16266,1.16266
2026-09-07 18:50,1.16266,1.16266,1.16266,1.16266
2026-09-07 18:51,1.16266,1.16266,1.16266,1.16266
2026-09-07 18:52,1.16266,1.16266,1.16266,1.16266
2026-09-07 18:53,1.16266,1.16266,1.16266,1.16266
2026-09-07 18:54,1.16266,1.16266,1.16266,1.16266
2026-09-07 18:55,1.16266,1.16266,1.16266,1.16266
2026-09-07 18:56,1.16266,1.16266,1.16266,1.16266
2026-09-07 18:57,1.16266,1.16266,1.16266,1.16266
2026-09-07 18:58,1.16266,1.16266,1.16266,1.16266
2026-09-07 18:59,1.16266,1.16266,1.16266,1.16266
2026-09-07 19:00,1.16266,1.16266,1.16266,1.16266
2026-09-07 19:01,1.16266,1.16266,1.16266,1.16266
2026-09-07 19:02,1.16266,1.16266,1.16266,1.16266
2026-09-07 19:03,1.16266,1.16266,1.16266,1.16266
2026-09-07 19:04,1.16266,1.16266,1.16266,1.16266
2026-09-07 19:05,1.16266,1.16266,1.16266,1.16266
2026-09-07 19:06,1.16266,1.16266,1.16266,1.16266
2026-09-07 19:07,1.16266,1.16266,1.16266,1.16266
2026-09-07 19:08,1.16266,1.16266,1.16266,1.16266
2026-09-07 19:09,1.16266,1.16266,1.16266,1.16266
2026-09-07 19:10,1.16266,1.16266,1.16266,1.16266
2026-09-07 19:11,1.16266,1.16266,1.16266,1.16266
2026-09-07 19:12,1.16266,1.16266,1.16266,1.16266
2026-09-07 19:13,1.16266,1.16266,1.16266,1.16266
2026-09-07 19:14,1.16266,1.16266,1.16266,1.16266
2026-09-07 19:15,1.16266,1.16266,1.16266,1.16266
2026-09-07 19:16,1.16266,1.16266,1.16266,1.16266
2026-09-07 19:17,1.16266,1.16266,1.16266,1.16266
2026-09-07 19:18,1.16266,1.16266,1.16266,1.16266
2026-09-07 19:19,1.16266,1.16266,1.16266,1.16266
2026-09-07 19:20,1.16266,1.16266,1.16266,1.16266
2026-09-07 19:21,1.16266,1.16266,1.16266,1.16266
2026-09-07 19:22,1.16266,1.16266,1.16266,1.16266
2026-09-07 19:23,1.16266,1.16266,1.16266,1.16266
2026-09-07 19:24,1.16266,1.16266,1.16266,1.16266
2026-09-07 19:25,1.16266,1.16266,1.16266,1.16266
2026-09-07 19:26,1.16266,1.16266,1.16266,1.16266
2026-09-07 19:27,1.16266,1.16266,1.16266,1.16266
2026-09-07 19:28,1.16266,1.16266,1.16266,1.16266
2026-09-07 19:29,1.16266,1.16266,1.16266,1.16266
2026-09-07 19:30,1.16252,1.16252,1.16252,1.16252
2026-09-07 19:31,1.16252,1.16252,1.16252,1.16252
2026-09-07 19:32,1.16252,1.16252,1.16252,1.16252
2026-09-07 19:33,1.16252,1.16252,1.16252,1.16252
2026-09-07 19:34,1.16252,1.16252,1.16252,1.16252
2026-09-07 19:35,1.16252,1.16252,1.16252,1.16252
2026-09-07 19:36,1.16252,1.16252,1.16252,1.16252
2026-09-07 19:37,1.16252,1.16252,1.16252,1.16252
2026-09-07 19:38,1.16252,1.16252,1.16252,1.16252
2026-09-07 19:39,1.16252,1.16252,1.16252,1.16252
2026-09-07 19:40,1.16252,1.16252,1.16252,1.16252
2026-09-07 19:41,1.16252,1.16252,1.16252,1.16252
2026-09-07 19:42,1.16252,1.16252,1.16252,1.16252
2026-09-07 19:43,1.16252,1.16252,1.16252,1.16252
2026-09-07 19:44,1.16252,1.16252,1.16252,1.16252
2026-09-07 19:45,1.16252,1.16252,1.16252,1.16252
2026-09-07 19:46,1.16252,1.16252,1.16252,1.16252
2026-09-07 19:47,1.16252,1.16252,1.16252,1.16252
2026-09-07 19:48,1.16252,1.16252,1.16252,1.16252
2026-09-07 19:49,1.16252,1.16252,1.16252,1.16252
2026-09-07 19:50,1.16252,1.16252,1.16252,1.16252
2026-09-07 19:51,1.16252,1.16252,1.16252,1.16252
2026-09-07 19:52,1.16252,1.16252,1.16252,1.16252
2026-09-07 19:53,1.16252,1.16252,1.16252,1.16252
2026-09-07 19:54,1.16252,1.16252,1.16252,1.16252
2026-09-07 19:55,1.16252,1.16252,1.16252,1.16252
2026-09-07 19:56,1.16252,1.16252,1.16252,1.16252
2026-09-07 19:57,1.16252,1.16252,1.16252,1.16252
2026-09-07 19:58,1.16252,1.16252,1.16252,1.16252
2026-09-07 19:59,1.16252,1.16252,1.16252,1.16252
2026-09-07 20:00,1.16252,1.16252,1.16252,1.16252
2026-09-07 20:01,1.16252,1.16252,1.16252,1.16252
2026-09-07 20:02,1.16252,1.16252,1.16252,1.16252
2026-09-07 20:03,1.16252,1.16252,1.16252,1.16252
2026-09-07 20:04,1.16252,1.16252,1.16252,1.16252
2026-09-07 20:05,1.16252,1.16252,1.16252,1.16252
2026-09-07 20:06,1.16252,1.16252,1.16252,1.16252
2026-09-07 20:07,1.16252,1.16252,1.16252,1.16252
2026-09-07 20:08,1.16252,1.16252,1.16252,1.16252
2026-09-07 20:09,1.16252,1.16252,1.16252,1.16252
2026-09-07 20:10,1.16252,1.16252,1.16252,1.16252
2026-09-07 20:11,1.16252,1.16252,1.16252,1.16252
2026-09-07 20:12,1.16252,1.16252,1.16252,1.16252
2026-09-07 20:13,1.16252,1.16252,1.16252,1.16252
2026-09-07 20:14,1.16252,1.16252,1.16252,1.16252
2026-09-07 20:15,1.16252,1.16252,1.16252,1.16252
2026-09-07 20:16,1.16252,1.16252,1.16252,1.16252
2026-09-07 20:17,1.16252,1.16252,1.16252,1.16252
2026-09-07 20:18,1.16252,1.16252,1.16252,1.16252
2026-09-07 20:19,1.16266,1.16266,1.16266,1.16266
2026-09-07 20:20,1.16266,1.16266,1.16266,1.16266
2026-09-07 20:21,1.16266,1.16266,1.16266,1.16266
2026-09-07 20:22,1.16266,1.16266,1.16266,1.16266
2026-09-07 20:23,1.16266,1.16266,1.16266,1.16266
2026-09-07 20:24,1.16266,1.16266,1.16266,1.16266
2026-09-07 20:25,1.16252,1.16252,1.16252,1.16252
2026-09-07 20:26,1.16252,1.16252,1.16252,1.16252
2026-09-07 20:27,1.16252,1.16252,1.16252,1.16252
2026-09-07 20:28,1.16252,1.16252,1.16252,1.16252
2026-09-07 20:29,1.16252,1.16252,1.16252,1.16252
2026-09-07 20:30,1.16252,1.16252,1.16252,1.16252
2026-09-07 20:31,1.16252,1.16252,1.16252,1.16252
2026-09-07 20:32,1.16252,1.16252,1.16252,1.16252
2026-09-07 20:33,1.16252,1.16252,1.16252,1.16252
2026-09-07 20:34,1.16252,1.16252,1.16252,1.16252
2026-09-07 20:35,1.16252,1.16252,1.16252,1.16252
2026-09-07 20:36,1.16252,1.16252,1.16252,1.16252
2026-09-07 20:37,1.16266,1.16266,1.16266,1.16266
2026-09-07 20:38,1.16266,1.16266,1.16266,1.16266
2026-09-07 20:39,1.16252,1.16252,1.16252,1.16252
2026-09-07 20:40,1.16252,1.16252,1.16252,1.16252
2026-09-07 20:41,1.16266,1.16266,1.16266,1.16266
2026-09-07 20:42,1.16252,1.16252,1.16252,1.16252
2026-09-07 20:43,1.16266,1.16266,1.16266,1.16266
2026-09-07 20:44,1.16266,1.16266,1.16266,1.16266
2026-09-07 20:45,1.16266,1.16266,1.16266,1.16266
2026-09-07 20:46,1.16252,1.16252,1.16252,1.16252
2026-09-07 20:47,1.16252,1.16252,1.16252,1.16252
2026-09-07 20:48,1.16252,1.16252,1.16252,1.16252
2026-09-07 20:49,1.16252,1.16252,1.16252,1.16252
2026-09-07 20:50,1.16252,1.16252,1.16252,1.16252
2026-09-07 20:51,1.16252,1.16252,1.16252,1.16252
2026-09-07 20:52,1.16252,1.16252,1.16252,1.16252
2026-09-07 20:53,1.16252,1.16252,1.16252,1.16252
2026-09-07 20:54,1.16252,1.16252,1.16252,1.16252
2026-09-07 20:55,1.16266,1.16266,1.16266,1.16266
2026-09-07 20:56,1.16266,1.16266,1.16266,1.16266
2026-09-07 20:57,1.16266,1.16266,1.16266,1.16266
2026-09-07 20:58,1.16266,1.16266,1.16266,1.16266
2026-09-07 20:59,1.16266,1.16266,1.16266,1.16266
2026-09-07 21:00,1.16293,1.16293,1.16293,1.16293
2026-09-07 21:01,1.16252,1.16252,1.16252,1.16252
2026-09-07 21:02,1.16266,1.16266,1.16266,1.16266
2026-09-07 21:03,1.16266,1.16266,1.16266,1.16266
2026-09-07 21:04,1.16266,1.16266,1.16266,1.16266
2026-09-07 21:05,1.16266,1.16266,1.16266,1.16266
2026-09-07 21:06,1.16266,1.16266,1.16266,1.16266
2026-09-07 21:07,1.16266,1.16266,1.16266,1.16266
2026-09-07 21:08,1.16279,1.16279,1.16279,1.16279
2026-09-07 21:09,1.16252,1.16252,1.16252,1.16252
2026-09-07 21:10,1.16252,1.16252,1.16252,1.16252
2026-09-07 21:11,1.16266,1.16266,1.16266,1.16266
2026-09-07 21:12,1.16252,1.16252,1.16252,1.16252
2026-09-07 21:13,1.16239,1.16239,1.16239,1.16239
2026-09-07 21:14,1.16252,1.16252,1.16252,1.16252
2026-09-07 21:15,1.16252,1.16252,1.16252,1.16252
2026-09-07 21:16,1.16279,1.16279,1.16279,1.16279
2026-09-07 21:17,1.16279,1.16279,1.16279,1.16279
2026-09-07 21:18,1.16279,1.16279,1.16279,1.16279
2026-09-07 21:19,1.16266,1.16266,1.16266,1.16266
2026-09-07 21:20,1.16252,1.16252,1.16252,1.16252
2026-09-07 21:21,1.16279,1.16279,1.16279,1.16279
2026-09-07 21:22,1.16279,1.16279,1.16279,1.16279
2026-09-07 21:23,1.16279,1.16279,1.16279,1.16279
2026-09-07 21:24,1.16279,1.16279,1.16279,1.16279
2026-09-07 21:25,1.16279,1.16279,1.16279,1.16279
2026-09-07 21:26,1.16279,1.16279,1.16279,1.16279
2026-09-07 21:27,1.16279,1.16279,1.16279,1.16279
2026-09-07 21:28,1.16279,1.16279,1.16279,1.16279
2026-09-07 21:29,1.16293,1.16293,1.16293,1.16293
2026-09-07 21:30,1.16279,1.16279,1.16279,1.16279
2026-09-07 21:31,1.16239,1.16239,1.16239,1.16239
2026-09-07 21:32,1.16279,1.16279,1.16279,1.16279
2026-09-07 21:33,1.16279,1.16279,1.16279,1.16279
2026-09-07 21:34,1.16279,1.16279,1.16279,1.16279
2026-09-07 21:35,1.16266,1.16266,1.16266,1.16266
2026-09-07 21:36,1.16266,1.16266,1.16266,1.16266
2026-09-07 21:37,1.16279,1.16279,1.16279,1.16279
2026-09-07 21:38,1.16279,1.16279,1.16279,1.16279
2026-09-07 21:39,1.16279,1.16279,1.16279,1.16279
2026-09-07 21:40,1.16293,1.16293,1.16293,1.16293
2026-09-07 21:41,1.16266,1.16266,1.16266,1.16266
2026-09-07 21:42,1.16266,1.16266,1.16266,1.16266
2026-09-07 21:43,1.16279,1.16279,1.16279,1.16279
2026-09-07 21:44,1.16252,1.16252,1.16252,1.16252
2026-09-07 21:45,1.16266,1.16266,1.16266,1.16266
2026-09-07 21:46,1.16252,1.16252,1.16252,1.16252
2026-09-07 21:47,1.16266,1.16266,1.16266,1.16266
2026-09-07 21:48,1.16279,1.16279,1.16279,1.16279
2026-09-07 21:49,1.16266,1.16266,1.16266,1.16266
2026-09-07 21:50,1.16279,1.16279,1.16279,1.16279
2026-09-07 21:51,1.16279,1.16279,1.16279,1.16279
2026-09-07 21:52,1.16266,1.16266,1.16266,1.16266
2026-09-07 21:53,1.16266,1.16266,1.16266,1.16266
2026-09-07 21:54,1.16252,1.16252,1.16252,1.16252
2026-09-07 21:55,1.16279,1.16279,1.16279,1.16279
2026-09-07 21:56,1.16266,1.16266,1.16266,1.16266
2026-09-07 21:57,1.16266,1.16266,1.16266,1.16266
2026-09-07 21:58,1.16279,1.16279,1.16279,1.16279
2026-09-07 21:59,1.16266,1.16266,1.16266,1.16266
2026-09-07 22:00,1.16279,1.16279,1.16279,1.16279
2026-09-07 22:01,1.16279,1.16279,1.16279,1.16279
2026-09-07 22:02,1.16279,1.16279,1.16279,1.16279
2026-09-07 22:03,1.16279,1.16279,1.16279,1.16279
2026-09-07 22:04,1.16279,1.16279,1.16279,1.16279
2026-09-07 22:05,1.16279,1.16279,1.16279,1.16279
2026-09-07 22:06,1.16279,1.16279,1.16279,1.16279
2026-09-07 22:07,1.16279,1.16279,1.16279,1.16279
2026-09-07 22:08,1.16279,1.16279,1.16279,1.16279
2026-09-07 22:09,1.16279,1.16279,1.16279,1.16279
2026-09-07 22:10,1.16279,1.16279,1.16279,1.16279
2026-09-07 22:11,1.16266,1.16266,1.16266,1.16266
2026-09-07 22:12,1.16279,1.16279,1.16279,1.16279
2026-09-07 22:13,1.16279,1.16279,1.16279,1.16279
2026-09-07 22:14,1.16279,1.16279,1.16279,1.16279
2026-09-07 22:15,1.16279,1.16279,1.16279,1.16279
2026-09-07 22:16,1.16279,1.16279,1.16279,1.16279
2026-09-07 22:17,1.16279,1.16279,1.16279,1.16279
2026-09-07 22:18,1.16293,1.16293,1.16293,1.16293
2026-09-07 22:19,1.16279,1.16279,1.16279,1.16279
2026-09-07 22:20,1.16293,1.16293,1.16293,1.16293
2026-09-07 22:21,1.16279,1.16279,1.16279,1.16279
2026-09-07 22:22,1.16279,1.16279,1.16279,1.16279
2026-09-07 22:23,1.16279,1.16279,1.16279,1.16279
2026-09-07 22:24,1.16279,1.16279,1.16279,1.16279
2026-09-07 22:25,1.16279,1.16279,1.16279,1.16279
2026-09-07 22:26,1.16293,1.16293,1.16293,1.16293
2026-09-07 22:27,1.16293,1.16293,1.16293,1.16293
2026-09-07 22:28,1.16293,1.16293,1.16293,1.16293
2026-09-07 22:29,1.16293,1.16293,1.16293,1.16293
2026-09-07 22:30,1.16293,1.16293,1.16293,1.16293
2026-09-07 22:31,1.16293,1.16293,1.16293,1.16293
2026-09-07 22:32,1.16293,1.16293,1.16293,1.16293
2026-09-07 22:33,1.16279,1.16279,1.16279,1.16279
2026-09-07 22:34,1.16293,1.16293,1.16293,1.16293
2026-09-07 22:35,1.16293,1.16293,1.16293,1.16293
2026-09-07 22:36,1.16293,1.16293,1.16293,1.16293
2026-09-07 22:37,1.16293,1.16293,1.16293,1.16293
2026-09-07 22:38,1.16279,1.16279,1.16279,1.16279
2026-09-07 22:39,1.16279,1.16279,1.16279,1.16279
2026-09-07 22:40,1.16279,1.16279,1.16279,1.16279
2026-09-07 22:41,1.16279,1.16279,1.16279,1.16279
2026-09-07 22:42,1.16279,1.16279,1.16279,1.16279
2026-09-07 22:43,1.16293,1.16293,1.16293,1.16293
2026-09-07 22:44,1.16279,1.16279,1.16279,1.16279
2026-09-07 22:45,1.16279,1.16279,1.16279,1.16279
2026-09-07 22:46,1.16279,1.16279,1.16279,1.16279
2026-09-07 22:47,1.16279,1.16279,1.16279,1.16279
2026-09-07 22:48,1.16279,1.16279,1.16279,1.16279
2026-09-07 22:49,1.16279,1.16279,1.16279,1.16279
2026-09-07 22:50,1.16279,1.16279,1.16279,1.16279
2026-09-07 22:51,1.16293,1.16293,1.16293,1.16293
2026-09-07 22:52,1.16293,1.16293,1.16293,1.16293
2026-09-07 22:53,1.16293,1.16293,1.16293,1.16293
2026-09-07 22:54,1.16293,1.16293,1.16293,1.16293
2026-09-07 22:55,1.16293,1.16293,1.16293,1.16293
2026-09-07 22:56,1.16293,1.16293,1.16293,1.16293
2026-09-07 22:57,1.16293,1.16293,1.16293,1.16293
2026-09-07 22:58,1.16293,1.16293,1.16293,1.16293
2026-09-07 23:00,1.16293,1.16293,1.16293,1.16293
2026-09-07 23:01,1.16293,1.16293,1.16293,1.16293
2026-09-07 23:02,1.16293,1.16293,1.16293,1.16293
2026-09-07 23:03,1.16293,1.16293,1.16293,1.16293
2026-09-07 23:04,1.16293,1.16293,1.16293,1.16293
2026-09-07 23:05,1.16293,1.16293,1.16293,1.16293
2026-09-07 23:06,1.16293,1.16293,1.16293,1.16293
2026-09-07 23:07,1.16293,1.16293,1.16293,1.16293
2026-09-07 23:08,1.16293,1.16293,1.16293,1.16293
2026-09-07 23:09,1.16306,1.16306,1.16306,1.16306
2026-09-07 23:10,1.16306,1.16306,1.16306,1.16306
2026-09-07 23:11,1.16293,1.16293,1.16293,1.16293
2026-09-07 23:12,1.16306,1.16306,1.16306,1.16306
2026-09-07 23:13,1.16306,1.16306,1.16306,1.16306
2026-09-07 23:14,1.16306,1.16306,1.16306,1.16306
2026-09-07 23:15,1.16306,1.16306,1.16306,1.16306
2026-09-07 23:16,1.16306,1.16306,1.16306,1.16306
2026-09-07 23:17,1.16333,1.16333,1.16333,1.16333
2026-09-07 23:18,1.16320,1.16320,1.16320,1.16320
2026-09-07 23:19,1.16320,1.16320,1.16320,1.16320
2026-09-07 23:20,1.16320,1.16320,1.16320,1.16320
2026-09-07 23:21,1.16333,1.16333,1.16333,1.16333
2026-09-07 23:22,1.16333,1.16333,1.16333,1.16333
2026-09-07 23:23,1.16320,1.16320,1.16320,1.16320
2026-09-07 23:24,1.16320,1.16320,1.16320,1.16320
2026-09-07 23:25,1.16306,1.16306,1.16306,1.16306
2026-09-07 23:26,1.16306,1.16306,1.16306,1.16306
2026-09-07 23:27,1.16320,1.16320,1.16320,1.16320
2026-09-07 23:28,1.16306,1.16306,1.16306,1.16306
2026-09-07 23:29,1.16306,1.16306,1.16306,1.16306
2026-09-07 23:30,1.16320,1.16320,1.16320,1.16320
2026-09-07 23:31,1.16320,1.16320,1.16320,1.16320
2026-09-07 23:32,1.16320,1.16320,1.16320,1.16320
2026-09-07 23:33,1.16306,1.16306,1.16306,1.16306
2026-09-07 23:34,1.16306,1.16306,1.16306,1.16306
2026-09-07 23:35,1.16320,1.16320,1.16320,1.16320
2026-09-07 23:36,1.16320,1.16320,1.16320,1.16320
2026-09-07 23:37,1.16306,1.16306,1.16306,1.16306
2026-09-07 23:38,1.16320,1.16320,1.16320,1.16320
2026-09-07 23:39,1.16320,1.16320,1.16320,1.16320
2026-09-07 23:40,1.16320,1.16320,1.16320,1.16320
2026-09-07 23:41,1.16320,1.16320,1.16320,1.16320
2026-09-07 23:42,1.16320,1.16320,1.16320,1.16320
2026-09-07 23:43,1.16320,1.16320,1.16320,1.16320
2026-09-07 23:44,1.16320,1.16320,1.16320,1.16320
2026-09-07 23:45,1.16333,1.16333,1.16333,1.16333
2026-09-07 23:46,1.16320,1.16320,1.16320,1.16320
2026-09-07 23:47,1.16320,1.16320,1.16320,1.16320
2026-09-07 23:48,1.16320,1.16320,1.16320,1.16320
2026-09-07 23:49,1.16320,1.16320,1.16320,1.16320
2026-09-07 23:50,1.16320,1.16320,1.16320,1.16320
2026-09-07 23:51,1.16320,1.16320,1.16320,1.16320
2026-09-07 23:52,1.16306,1.16306,1.16306,1.16306
2026-09-07 23:53,1.16306,1.16306,1.16306,1.16306
2026-09-07 23:54,1.16293,1.16293,1.16293,1.16293
2026-09-07 23:55,1.16306,1.16306,1.16306,1.16306
2026-09-07 23:56,1.16306,1.16306,1.16306,1.16306
2026-09-07 23:57,1.16306,1.16306,1.16306,1.16306
2026-09-07 23:58,1.16306,1.16306,1.16306,1.16306
2026-09-07 23:59,1.16306,1.16306,1.16306,1.16306
2026-09-08 00:00,1.16306,1.16306,1.16306,1.16306
2026-09-08 00:01,1.16333,1.16333,1.16333,1.16333
2026-09-08 00:02,1.16347,1.16347,1.16347,1.16347
2026-09-08 00:03,1.16333,1.16333,1.16333,1.16333
2026-09-08 00:04,1.16320,1.16320,1.16320,1.16320
2026-09-08 00:05,1.16306,1.16306,1.16306,1.16306
2026-09-08 00:06,1.16320,1.16320,1.16320,1.16320
2026-09-08 00:07,1.16320,1.16320,1.16320,1.16320
2026-09-08 00:08,1.16320,1.16320,1.16320,1.16320
2026-09-08 00:09,1.16320,1.16320,1.16320,1.16320
2026-09-08 00:10,1.16293,1.16293,1.16293,1.16293
2026-09-08 00:11,1.16293,1.16293,1.16293,1.16293
2026-09-08 00:12,1.16293,1.16293,1.16293,1.16293
2026-09-08 00:13,1.16293,1.16293,1.16293,1.16293
2026-09-08 00:14,1.16293,1.16293,1.16293,1.16293
2026-09-08 00:15,1.16279,1.16279,1.16279,1.16279
2026-09-08 00:16,1.16293,1.16293,1.16293,1.16293
2026-09-08 00:17,1.16279,1.16279,1.16279,1.16279
2026-09-08 00:18,1.16293,1.16293,1.16293,1.16293
2026-09-08 00:19,1.16293,1.16293,1.16293,1.16293
2026-09-08 00:20,1.16293,1.16293,1.16293,1.16293
2026-09-08 00:21,1.16293,1.16293,1.16293,1.16293
2026-09-08 00:22,1.16293,1.16293,1.16293,1.16293
2026-09-08 00:23,1.16279,1.16279,1.16279,1.16279
2026-09-08 00:24,1.16293,1.16293,1.16293,1.16293
2026-09-08 00:25,1.16293,1.16293,1.16293,1.16293
2026-09-08 00:26,1.16293,1.16293,1.16293,1.16293
2026-09-08 00:27,1.16306,1.16306,1.16306,1.16306
2026-09-08 00:28,1.16306,1.16306,1.16306,1.16306
2026-09-08 00:29,1.16306,1.16306,1.16306,1.16306
2026-09-08 00:30,1.16306,1.16306,1.16306,1.16306
2026-09-08 00:31,1.16306,1.16306,1.16306,1.16306
2026-09-08 00:32,1.16320,1.16320,1.16320,1.16320
2026-09-08 00:33,1.16320,1.16320,1.16320,1.16320
2026-09-08 00:34,1.16320,1.16320,1.16320,1.16320
2026-09-08 00:35,1.16306,1.16306,1.16306,1.16306
2026-09-08 00:36,1.16320,1.16320,1.16320,1.16320
2026-09-08 00:37,1.16306,1.16306,1.16306,1.16306
2026-09-08 00:38,1.16306,1.16306,1.16306,1.16306
2026-09-08 00:39,1.16306,1.16306,1.16306,1.16306
2026-09-08 00:40,1.16306,1.16306,1.16306,1.16306
2026-09-08 00:41,1.16320,1.16320,1.16320,1.16320
2026-09-08 00:42,1.16306,1.16306,1.16306,1.16306
2026-09-08 00:43,1.16306,1.16306,1.16306,1.16306
2026-09-08 00:44,1.16293,1.16293,1.16293,1.16293
2026-09-08 00:45,1.16293,1.16293,1.16293,1.16293
2026-09-08 00:46,1.16293,1.16293,1.16293,1.16293
2026-09-08 00:47,1.16306,1.16306,1.16306,1.16306
2026-09-08 00:48,1.16293,1.16293,1.16293,1.16293
2026-09-08 00:49,1.16293,1.16293,1.16293,1.16293
2026-09-08 00:50,1.16306,1.16306,1.16306,1.16306
2026-09-08 00:51,1.16306,1.16306,1.16306,1.16306
2026-09-08 00:52,1.16293,1.16293,1.16293,1.16293
2026-09-08 00:53,1.16306,1.16306,1.16306,1.16306
2026-09-08 00:54,1.16306,1.16306,1.16306,1.16306
2026-09-08 00:55,1.16306,1.16306,1.16306,1.16306
2026-09-08 00:56,1.16293,1.16293,1.16293,1.16293
2026-09-08 00:57,1.16306,1.16306,1.16306,1.16306
2026-09-08 00:58,1.16306,1.16306,1.16306,1.16306
2026-09-08 00:59,1.16293,1.16293,1.16293,1.16293
2026-09-08 01:00,1.16306,1.16306,1.16306,1.16306
2026-09-08 01:01,1.16306,1.16306,1.16306,1.16306
2026-09-08 01:02,1.16306,1.16306,1.16306,1.16306
2026-09-08 01:03,1.16306,1.16306,1.16306,1.16306
2026-09-08 01:04,1.16293,1.16293,1.16293,1.16293
2026-09-08 01:05,1.16293,1.16293,1.16293,1.16293
2026-09-08 01:06,1.16306,1.16306,1.16306,1.16306
2026-09-08 01:07,1.16293,1.16293,1.16293,1.16293
2026-09-08 01:08,1.16306,1.16306,1.16306,1.16306
2026-09-08 01:09,1.16320,1.16320,1.16320,1.16320
2026-09-08 01:10,1.16306,1.16306,1.16306,1.16306
2026-09-08 01:11,1.16320,1.16320,1.16320,1.16320
2026-09-08 01:12,1.16306,1.16306,1.16306,1.16306
2026-09-08 01:13,1.16306,1.16306,1.16306,1.16306
2026-09-08 01:14,1.16306,1.16306,1.16306,1.16306
2026-09-08 01:15,1.16320,1.16320,1.16320,1.16320
2026-09-08 01:16,1.16333,1.16333,1.16333,1.16333
2026-09-08 01:17,1.16333,1.16333,1.16333,1.16333
2026-09-08 01:18,1.16333,1.16333,1.16333,1.16333
2026-09-08 01:19,1.16320,1.16320,1.16320,1.16320
2026-09-08 01:20,1.16320,1.16320,1.16320,1.16320
2026-09-08 01:21,1.16320,1.16320,1.16320,1.16320
2026-09-08 01:22,1.16333,1.16333,1.16333,1.16333
2026-09-08 01:23,1.16347,1.16347,1.16347,1.16347
2026-09-08 01:24,1.16347,1.16347,1.16347,1.16347
2026-09-08 01:25,1.16347,1.16347,1.16347,1.16347
2026-09-08 01:26,1.16347,1.16347,1.16347,1.16347
2026-09-08 01:27,1.16360,1.16360,1.16360,1.16360
2026-09-08 01:28,1.16347,1.16347,1.16347,1.16347
2026-09-08 01:29,1.16347,1.16347,1.16347,1.16347
2026-09-08 01:30,1.16347,1.16347,1.16347,1.16347
2026-09-08 01:31,1.16347,1.16347,1.16347,1.16347
2026-09-08 01:32,1.16360,1.16360,1.16360,1.16360
2026-09-08 01:33,1.16347,1.16347,1.16347,1.16347
2026-09-08 01:34,1.16347,1.16347,1.16347,1.16347
2026-09-08 01:35,1.16347,1.16347,1.16347,1.16347
2026-09-08 01:36,1.16333,1.16333,1.16333,1.16333
2026-09-08 01:37,1.16347,1.16347,1.16347,1.16347
2026-09-08 01:38,1.16347,1.16347,1.16347,1.16347
2026-09-08 01:39,1.16333,1.16333,1.16333,1.16333
2026-09-08 01:40,1.16347,1.16347,1.16347,1.16347
2026-09-08 01:41,1.16333,1.16333,1.16333,1.16333
2026-09-08 01:42,1.16333,1.16333,1.16333,1.16333
2026-09-08 01:43,1.16347,1.16347,1.16347,1.16347
2026-09-08 01:44,1.16347,1.16347,1.16347,1.16347
2026-09-08 01:45,1.16347,1.16347,1.16347,1.16347
2026-09-08 01:46,1.16347,1.16347,1.16347,1.16347
2026-09-08 01:47,1.16347,1.16347,1.16347,1.16347
2026-09-08 01:48,1.16347,1.16347,1.16347,1.16347
2026-09-08 01:49,1.16347,1.16347,1.16347,1.16347
2026-09-08 01:50,1.16347,1.16347,1.16347,1.16347
2026-09-08 01:51,1.16333,1.16333,1.16333,1.16333
2026-09-08 01:52,1.16347,1.16347,1.16347,1.16347
2026-09-08 01:53,1.16347,1.16347,1.16347,1.16347
2026-09-08 01:54,1.16347,1.16347,1.16347,1.16347
2026-09-08 01:55,1.16347,1.16347,1.16347,1.16347
2026-09-08 01:56,1.16360,1.16360,1.16360,1.16360
2026-09-08 01:57,1.16360,1.16360,1.16360,1.16360
2026-09-08 01:58,1.16347,1.16347,1.16347,1.16347
2026-09-08 01:59,1.16360,1.16360,1.16360,1.16360
2026-09-08 02:00,1.16374,1.16374,1.16374,1.16374
2026-09-08 02:01,1.16374,1.16374,1.16374,1.16374
2026-09-08 02:02,1.16374,1.16374,1.16374,1.16374
2026-09-08 02:03,1.16374,1.16374,1.16374,1.16374
2026-09-08 02:04,1.16374,1.16374,1.16374,1.16374
2026-09-08 02:05,1.16374,1.16374,1.16374,1.16374
2026-09-08 02:06,1.16374,1.16374,1.16374,1.16374
2026-09-08 02:07,1.16374,1.16374,1.16374,1.16374
2026-09-08 02:08,1.16360,1.16360,1.16360,1.16360
2026-09-08 02:09,1.16360,1.16360,1.16360,1.16360
2026-09-08 02:10,1.16360,1.16360,1.16360,1.16360
2026-09-08 02:11,1.16360,1.16360,1.16360,1.16360
2026-09-08 02:12,1.16347,1.16347,1.16347,1.16347
2026-09-08 02:13,1.16347,1.16347,1.16347,1.16347
2026-09-08 02:14,1.16333,1.16333,1.16333,1.16333
2026-09-08 02:15,1.16347,1.16347,1.16347,1.16347
2026-09-08 02:16,1.16360,1.16360,1.16360,1.16360
2026-09-08 02:17,1.16360,1.16360,1.16360,1.16360
2026-09-08 02:18,1.16360,1.16360,1.16360,1.16360
2026-09-08 02:19,1.16347,1.16347,1.16347,1.16347
2026-09-08 02:20,1.16347,1.16347,1.16347,1.16347
2026-09-08 02:21,1.16347,1.16347,1.16347,1.16347
2026-09-08 02:22,1.16347,1.16347,1.16347,1.16347
2026-09-08 02:23,1.16347,1.16347,1.16347,1.16347
2026-09-08 02:24,1.16360,1.16360,1.16360,1.16360
2026-09-08 02:25,1.16347,1.16347,1.16347,1.16347
2026-09-08 02:26,1.16333,1.16333,1.16333,1.16333
2026-09-08 02:27,1.16333,1.16333,1.16333,1.16333
2026-09-08 02:28,1.16320,1.16320,1.16320,1.16320
2026-09-08 02:29,1.16320,1.16320,1.16320,1.16320
2026-09-08 02:30,1.16320,1.16320,1.16320,1.16320
2026-09-08 02:31,1.16320,1.16320,1.16320,1.16320
2026-09-08 02:32,1.16306,1.16306,1.16306,1.16306
2026-09-08 02:33,1.16306,1.16306,1.16306,1.16306
2026-09-08 02:34,1.16306,1.16306,1.16306,1.16306
2026-09-08 02:35,1.16279,1.16279,1.16279,1.16279
2026-09-08 02:36,1.16279,1.16279,1.16279,1.16279
2026-09-08 02:37,1.16279,1.16279,1.16279,1.16279
2026-09-08 02:38,1.16279,1.16279,1.16279,1.16279
2026-09-08 02:39,1.16279,1.16279,1.16279,1.16279
2026-09-08 02:40,1.16279,1.16279,1.16279,1.16279
2026-09-08 02:41,1.16293,1.16293,1.16293,1.16293
2026-09-08 02:42,1.16293,1.16293,1.16293,1.16293
2026-09-08 02:43,1.16279,1.16279,1.16279,1.16279
2026-09-08 02:44,1.16293,1.16293,1.16293,1.16293
2026-09-08 02:45,1.16293,1.16293,1.16293,1.16293
2026-09-08 02:46,1.16293,1.16293,1.16293,1.16293
2026-09-08 02:47,1.16279,1.16279,1.16279,1.16279
2026-09-08 02:48,1.16279,1.16279,1.16279,1.16279
2026-09-08 02:49,1.16279,1.16279,1.16279,1.16279
2026-09-08 02:50,1.16293,1.16293,1.16293,1.16293
2026-09-08 02:51,1.16279,1.16279,1.16279,1.16279
2026-09-08 02:52,1.16279,1.16279,1.16279,1.16279
2026-09-08 02:53,1.16279,1.16279,1.16279,1.16279
2026-09-08 02:54,1.16279,1.16279,1.16279,1.16279
2026-09-08 02:55,1.16279,1.16279,1.16279,1.16279
2026-09-08 02:56,1.16279,1.16279,1.16279,1.16279
2026-09-08 02:57,1.16279,1.16279,1.16279,1.16279
2026-09-08 02:58,1.16279,1.16279,1.16279,1.16279
2026-09-08 02:59,1.16279,1.16279,1.16279,1.16279
2026-09-08 03:00,1.16266,1.16266,1.16266,1.16266
2026-09-08 03:01,1.16279,1.16279,1.16279,1.16279
2026-09-08 03:02,1.16279,1.16279,1.16279,1.16279
2026-09-08 03:03,1.16279,1.16279,1.16279,1.16279
2026-09-08 03:04,1.16279,1.16279,1.16279,1.16279
2026-09-08 03:05,1.16279,1.16279,1.16279,1.16279
2026-09-08 03:06,1.16279,1.16279,1.16279,1.16279
2026-09-08 03:07,1.16293,1.16293,1.16293,1.16293
2026-09-08 03:08,1.16279,1.16279,1.16279,1.16279
2026-09-08 03:09,1.16279,1.16279,1.16279,1.16279
2026-09-08 03:10,1.16279,1.16279,1.16279,1.16279
2026-09-08 03:11,1.16266,1.16266,1.16266,1.16266
2026-09-08 03:12,1.16266,1.16266,1.16266,1.16266
2026-09-08 03:13,1.16266,1.16266,1.16266,1.16266
2026-09-08 03:14,1.16279,1.16279,1.16279,1.16279
2026-09-08 03:15,1.16279,1.16279,1.16279,1.16279
2026-09-08 03:16,1.16279,1.16279,1.16279,1.16279
2026-09-08 03:17,1.16279,1.16279,1.16279,1.16279
2026-09-08 03:18,1.16279,1.16279,1.16279,1.16279
2026-09-08 03:19,1.16293,1.16293,1.16293,1.16293
2026-09-08 03:20,1.16293,1.16293,1.16293,1.16293
2026-09-08 03:21,1.16293,1.16293,1.16293,1.16293
2026-09-08 03:22,1.16293,1.16293,1.16293,1.16293
2026-09-08 03:23,1.16279,1.16279,1.16279,1.16279
2026-09-08 03:24,1.16293,1.16293,1.16293,1.16293
2026-09-08 03:25,1.16293,1.16293,1.16293,1.16293
2026-09-08 03:26,1.16293,1.16293,1.16293,1.16293
2026-09-08 03:27,1.16293,1.16293,1.16293,1.16293
2026-09-08 03:28,1.16293,1.16293,1.16293,1.16293
2026-09-08 03:29,1.16293,1.16293,1.16293,1.16293
2026-09-08 03:30,1.16293,1.16293,1.16293,1.16293
2026-09-08 03:31,1.16293,1.16293,1.16293,1.16293
2026-09-08 03:32,1.16279,1.16279,1.16279,1.16279
2026-09-08 03:33,1.16279,1.16279,1.16279,1.16279
2026-09-08 03:34,1.16279,1.16279,1.16279,1.16279
2026-09-08 03:35,1.16279,1.16279,1.16279,1.16279
2026-09-08 03:36,1.16279,1.16279,1.16279,1.16279
2026-09-08 03:37,1.16279,1.16279,1.16279,1.16279
2026-09-08 03:38,1.16279,1.16279,1.16279,1.16279
2026-09-08 03:39,1.16293,1.16293,1.16293,1.16293
2026-09-08 03:40,1.16293,1.16293,1.16293,1.16293
2026-09-08 03:41,1.16293,1.16293,1.16293,1.16293
2026-09-08 03:42,1.16293,1.16293,1.16293,1.16293
2026-09-08 03:43,1.16293,1.16293,1.16293,1.16293
2026-09-08 03:44,1.16293,1.16293,1.16293,1.16293
2026-09-08 03:45,1.16293,1.16293,1.16293,1.16293
2026-09-08 03:46,1.16293,1.16293,1.16293,1.16293
2026-09-08 03:47,1.16293,1.16293,1.16293,1.16293
2026-09-08 03:48,1.16306,1.16306,1.16306,1.16306
2026-09-08 03:49,1.16306,1.16306,1.16306,1.16306
2026-09-08 03:50,1.16306,1.16306,1.16306,1.16306
2026-09-08 03:51,1.16293,1.16293,1.16293,1.16293
2026-09-08 03:52,1.16279,1.16279,1.16279,1.16279
2026-09-08 03:53,1.16279,1.16279,1.16279,1.16279
2026-09-08 03:54,1.16279,1.16279,1.16279,1.16279
2026-09-08 03:55,1.16279,1.16279,1.16279,1.16279
2026-09-08 03:56,1.16279,1.16279,1.16279,1.16279
2026-09-08 03:57,1.16279,1.16279,1.16279,1.16279
2026-09-08 03:58,1.16279,1.16279,1.16279,1.16279
2026-09-08 03:59,1.16279,1.16279,1.16279,1.16279
2026-09-08 04:00,1.16293,1.16293,1.16293,1.16293
2026-09-08 04:01,1.16279,1.16279,1.16279,1.16279
2026-09-08 04:02,1.16279,1.16279,1.16279,1.16279
2026-09-08 04:03,1.16279,1.16279,1.16279,1.16279
2026-09-08 04:04,1.16279,1.16279,1.16279,1.16279
2026-09-08 04:05,1.16279,1.16279,1.16279,1.16279
2026-09-08 04:06,1.16279,1.16279,1.16279,1.16279
2026-09-08 04:07,1.16279,1.16279,1.16279,1.16279
2026-09-08 04:08,1.16279,1.16279,1.16279,1.16279
2026-09-08 04:09,1.16279,1.16279,1.16279,1.16279
2026-09-08 04:10,1.16279,1.16279,1.16279,1.16279
2026-09-08 04:11,1.16279,1.16279,1.16279,1.16279
2026-09-08 04:12,1.16279,1.16279,1.16279,1.16279
2026-09-08 04:13,1.16279,1.16279,1.16279,1.16279
2026-09-08 04:14,1.16279,1.16279,1.16279,1.16279
2026-09-08 04:15,1.16279,1.16279,1.16279,1.16279
2026-09-08 04:16,1.16266,1.16266,1.16266,1.16266
2026-09-08 04:17,1.16266,1.16266,1.16266,1.16266
2026-09-08 04:18,1.16266,1.16266,1.16266,1.16266
2026-09-08 04:19,1.16266,1.16266,1.16266,1.16266
2026-09-08 04:20,1.16266,1.16266,1.16266,1.16266
2026-09-08 04:21,1.16266,1.16266,1.16266,1.16266
2026-09-08 04:22,1.16266,1.16266,1.16266,1.16266
2026-09-08 04:23,1.16279,1.16279,1.16279,1.16279
2026-09-08 04:24,1.16279,1.16279,1.16279,1.16279
2026-09-08 04:25,1.16279,1.16279,1.16279,1.16279
2026-09-08 04:26,1.16266,1.16266,1.16266,1.16266
2026-09-08 04:27,1.16266,1.16266,1.16266,1.16266
2026-09-08 04:28,1.16266,1.16266,1.16266,1.16266
2026-09-08 04:29,1.16266,1.16266,1.16266,1.16266
2026-09-08 04:30,1.16266,1.16266,1.16266,1.16266
2026-09-08 04:31,1.16266,1.16266,1.16266,1.16266
2026-09-08 04:32,1.16279,1.16279,1.16279,1.16279
2026-09-08 04:33,1.16279,1.16279,1.16279,1.16279
2026-09-08 04:34,1.16279,1.16279,1.16279,1.16279
2026-09-08 04:35,1.16266,1.16266,1.16266,1.16266
2026-09-08 04:36,1.16266,1.16266,1.16266,1.16266
2026-09-08 04:37,1.16266,1.16266,1.16266,1.16266
2026-09-08 04:38,1.16266,1.16266,1.16266,1.16266
2026-09-08 04:39,1.16266,1.16266,1.16266,1.16266
2026-09-08 04:40,1.16279,1.16279,1.16279,1.16279
2026-09-08 04:41,1.16279,1.16279,1.16279,1.16279
2026-09-08 04:42,1.16279,1.16279,1.16279,1.16279
2026-09-08 04:43,1.16279,1.16279,1.16279,1.16279
2026-09-08 04:44,1.16279,1.16279,1.16279,1.16279
2026-09-08 04:45,1.16279,1.16279,1.16279,1.16279
2026-09-08 04:46,1.16279,1.16279,1.16279,1.16279
2026-09-08 04:47,1.16279,1.16279,1.16279,1.16279
2026-09-08 04:48,1.16279,1.16279,1.16279,1.16279
2026-09-08 04:49,1.16279,1.16279,1.16279,1.16279
2026-09-08 04:50,1.16279,1.16279,1.16279,1.16279
2026-09-08 04:51,1.16279,1.16279,1.16279,1.16279
2026-09-08 04:52,1.16266,1.16266,1.16266,1.16266
2026-09-08 04:53,1.16266,1.16266,1.16266,1.16266
2026-09-08 04:54,1.16279,1.16279,1.16279,1.16279
2026-09-08 04:55,1.16266,1.16266,1.16266,1.16266
2026-09-08 04:56,1.16279,1.16279,1.16279,1.16279
2026-09-08 04:57,1.16279,1.16279,1.16279,1.16279
2026-09-08 04:58,1.16279,1.16279,1.16279,1.16279
2026-09-08 04:59,1.16279,1.16279,1.16279,1.16279
2026-09-08 05:00,1.16279,1.16279,1.16279,1.16279
2026-09-08 05:01,1.16293,1.16293,1.16293,1.16293
2026-09-08 05:02,1.16293,1.16293,1.16293,1.16293
2026-09-08 05:03,1.16293,1.16293,1.16293,1.16293
2026-09-08 05:04,1.16293,1.16293,1.16293,1.16293
2026-09-08 05:05,1.16293,1.16293,1.16293,1.16293
2026-09-08 05:06,1.16279,1.16279,1.16279,1.16279
2026-09-08 05:07,1.16293,1.16293,1.16293,1.16293
2026-09-08 05:08,1.16293,1.16293,1.16293,1.16293
2026-09-08 05:09,1.16293,1.16293,1.16293,1.16293
2026-09-08 05:10,1.16293,1.16293,1.16293,1.16293
2026-09-08 05:11,1.16293,1.16293,1.16293,1.16293
2026-09-08 05:12,1.16279,1.16279,1.16279,1.16279
2026-09-08 05:13,1.16293,1.16293,1.16293,1.16293
2026-09-08 05:14,1.16293,1.16293,1.16293,1.16293
2026-09-08 05:15,1.16293,1.16293,1.16293,1.16293
2026-09-08 05:16,1.16293,1.16293,1.16293,1.16293
2026-09-08 05:17,1.16293,1.16293,1.16293,1.16293
2026-09-08 05:18,1.16293,1.16293,1.16293,1.16293
2026-09-08 05:19,1.16293,1.16293,1.16293,1.16293
2026-09-08 05:20,1.16293,1.16293,1.16293,1.16293
2026-09-08 05:21,1.16293,1.16293,1.16293,1.16293
2026-09-08 05:22,1.16293,1.16293,1.16293,1.16293
2026-09-08 05:23,1.16293,1.16293,1.16293,1.16293
2026-09-08 05:24,1.16279,1.16279,1.16279,1.16279
2026-09-08 05:25,1.16279,1.16279,1.16279,1.16279
2026-09-08 05:26,1.16266,1.16266,1.16266,1.16266
2026-09-08 05:27,1.16279,1.16279,1.16279,1.16279
2026-09-08 05:28,1.16279,1.16279,1.16279,1.16279
2026-09-08 05:29,1.16279,1.16279,1.16279,1.16279
2026-09-08 05:30,1.16266,1.16266,1.16266,1.16266
2026-09-08 05:31,1.16279,1.16279,1.16279,1.16279
2026-09-08 05:32,1.16266,1.16266,1.16266,1.16266
2026-09-08 05:33,1.16279,1.16279,1.16279,1.16279
2026-09-08 05:34,1.16279,1.16279,1.16279,1.16279
2026-09-08 05:35,1.16279,1.16279,1.16279,1.16279
2026-09-08 05:36,1.16293,1.16293,1.16293,1.16293
2026-09-08 05:37,1.16293,1.16293,1.16293,1.16293
2026-09-08 05:38,1.16293,1.16293,1.16293,1.16293
2026-09-08 05:39,1.16293,1.16293,1.16293,1.16293
2026-09-08 05:40,1.16293,1.16293,1.16293,1.16293
2026-09-08 05:41,1.16293,1.16293,1.16293,1.16293
2026-09-08 05:42,1.16293,1.16293,1.16293,1.16293
2026-09-08 05:43,1.16306,1.16306,1.16306,1.16306
2026-09-08 05:44,1.16306,1.16306,1.16306,1.16306
2026-09-08 05:45,1.16306,1.16306,1.16306,1.16306
2026-09-08 05:46,1.16306,1.16306,1.16306,1.16306
2026-09-08 05:47,1.16306,1.16306,1.16306,1.16306
2026-09-08 05:48,1.16306,1.16306,1.16306,1.16306
2026-09-08 05:49,1.16306,1.16306,1.16306,1.16306
2026-09-08 05:50,1.16306,1.16306,1.16306,1.16306
2026-09-08 05:51,1.16320,1.16320,1.16320,1.16320
2026-09-08 05:52,1.16320,1.16320,1.16320,1.16320
2026-09-08 05:53,1.16320,1.16320,1.16320,1.16320
2026-09-08 05:54,1.16320,1.16320,1.16320,1.16320
2026-09-08 05:55,1.16320,1.16320,1.16320,1.16320
2026-09-08 05:56,1.16306,1.16306,1.16306,1.16306
2026-09-08 05:57,1.16320,1.16320,1.16320,1.16320
2026-09-08 05:58,1.16333,1.16333,1.16333,1.16333
2026-09-08 05:59,1.16347,1.16347,1.16347,1.16347
2026-09-08 06:00,1.16347,1.16347,1.16347,1.16347
2026-09-08 06:01,1.16347,1.16347,1.16347,1.16347
2026-09-08 06:02,1.16347,1.16347,1.16347,1.16347
2026-09-08 06:03,1.16360,1.16360,1.16360,1.16360
2026-09-08 06:04,1.16360,1.16360,1.16360,1.16360
2026-09-08 06:05,1.16387,1.16387,1.16387,1.16387
2026-09-08 06:06,1.16387,1.16387,1.16387,1.16387
2026-09-08 06:07,1.16387,1.16387,1.16387,1.16387
2026-09-08 06:08,1.16360,1.16360,1.16360,1.16360
2026-09-08 06:09,1.16347,1.16347,1.16347,1.16347
2026-09-08 06:10,1.16347,1.16347,1.16347,1.16347
2026-09-08 06:11,1.16333,1.16333,1.16333,1.16333
2026-09-08 06:12,1.16333,1.16333,1.16333,1.16333
2026-09-08 06:13,1.16333,1.16333,1.16333,1.16333
2026-09-08 06:14,1.16333,1.16333,1.16333,1.16333
2026-09-08 06:15,1.16333,1.16333,1.16333,1.16333
2026-09-08 06:16,1.16320,1.16320,1.16320,1.16320
2026-09-08 06:17,1.16320,1.16320,1.16320,1.16320
2026-09-08 06:18,1.16306,1.16306,1.16306,1.16306
2026-09-08 06:19,1.16293,1.16293,1.16293,1.16293
2026-09-08 06:20,1.16279,1.16279,1.16279,1.16279
2026-09-08 06:21,1.16279,1.16279,1.16279,1.16279
2026-09-08 06:22,1.16266,1.16266,1.16266,1.16266
2026-09-08 06:23,1.16266,1.16266,1.16266,1.16266
2026-09-08 06:24,1.16279,1.16279,1.16279,1.16279
2026-09-08 06:25,1.16279,1.16279,1.16279,1.16279
2026-09-08 06:26,1.16279,1.16279,1.16279,1.16279
2026-09-08 06:27,1.16293,1.16293,1.16293,1.16293
2026-09-08 06:28,1.16293,1.16293,1.16293,1.16293
2026-09-08 06:29,1.16293,1.16293,1.16293,1.16293
2026-09-08 06:30,1.16279,1.16279,1.16279,1.16279
2026-09-08 06:31,1.16279,1.16279,1.16279,1.16279
2026-09-08 06:32,1.16266,1.16266,1.16266,1.16266
2026-09-08 06:33,1.16266,1.16266,1.16266,1.16266
2026-09-08 06:34,1.16266,1.16266,1.16266,1.16266
2026-09-08 06:35,1.16252,1.16252,1.16252,1.16252
2026-09-08 06:36,1.16266,1.16266,1.16266,1.16266
2026-09-08 06:37,1.16252,1.16252,1.16252,1.16252
2026-09-08 06:38,1.16266,1.16266,1.16266,1.16266
2026-09-08 06:39,1.16266,1.16266,1.16266,1.16266
2026-09-08 06:40,1.16279,1.16279,1.16279,1.16279
2026-09-08 06:41,1.16266,1.16266,1.16266,1.16266
2026-09-08 06:42,1.16266,1.16266,1.16266,1.16266
2026-09-08 06:43,1.16279,1.16279,1.16279,1.16279
2026-09-08 06:44,1.16293,1.16293,1.16293,1.16293
2026-09-08 06:45,1.16279,1.16279,1.16279,1.16279
2026-09-08 06:46,1.16279,1.16279,1.16279,1.16279
2026-09-08 06:47,1.16279,1.16279,1.16279,1.16279
2026-09-08 06:48,1.16279,1.16279,1.16279,1.16279
2026-09-08 06:49,1.16279,1.16279,1.16279,1.16279
2026-09-08 06:50,1.16279,1.16279,1.16279,1.16279
2026-09-08 06:51,1.16279,1.16279,1.16279,1.16279
2026-09-08 06:52,1.16266,1.16266,1.16266,1.16266
2026-09-08 06:53,1.16266,1.16266,1.16266,1.16266
2026-09-08 06:54,1.16266,1.16266,1.16266,1.16266
2026-09-08 06:55,1.16266,1.16266,1.16266,1.16266
2026-09-08 06:56,1.16252,1.16252,1.16252,1.16252
2026-09-08 06:57,1.16252,1.16252,1.16252,1.16252
2026-09-08 06:58,1.16239,1.16239,1.16239,1.16239
2026-09-08 06:59,1.16252,1.16252,1.16252,1.16252
2026-09-08 07:00,1.16239,1.16239,1.16239,1.16239
2026-09-08 07:01,1.16239,1.16239,1.16239,1.16239
2026-09-08 07:02,1.16239,1.16239,1.16239,1.16239
2026-09-08 07:03,1.16239,1.16239,1.16239,1.16239
2026-09-08 07:04,1.16266,1.16266,1.16266,1.16266
2026-09-08 07:05,1.16252,1.16252,1.16252,1.16252
2026-09-08 07:06,1.16252,1.16252,1.16252,1.16252
2026-09-08 07:07,1.16239,1.16239,1.16239,1.16239
2026-09-08 07:08,1.16252,1.16252,1.16252,1.16252
2026-09-08 07:09,1.16252,1.16252,1.16252,1.16252
2026-09-08 07:10,1.16239,1.16239,1.16239,1.16239
2026-09-08 07:11,1.16225,1.16225,1.16225,1.16225
2026-09-08 07:12,1.16212,1.16212,1.16212,1.16212
2026-09-08 07:13,1.16225,1.16225,1.16225,1.16225
2026-09-08 07:14,1.16225,1.16225,1.16225,1.16225
2026-09-08 07:15,1.16225,1.16225,1.16225,1.16225
2026-09-08 07:16,1.16212,1.16212,1.16212,1.16212
2026-09-08 07:17,1.16198,1.16198,1.16198,1.16198
2026-09-08 07:18,1.16212,1.16212,1.16212,1.16212
2026-09-08 07:19,1.16198,1.16198,1.16198,1.16198
2026-09-08 07:20,1.16212,1.16212,1.16212,1.16212
2026-09-08 07:21,1.16198,1.16198,1.16198,1.16198
2026-09-08 07:22,1.16184,1.16184,1.16184,1.16184
2026-09-08 07:23,1.16184,1.16184,1.16184,1.16184
2026-09-08 07:24,1.16171,1.16171,1.16171,1.16171
2026-09-08 07:25,1.16171,1.16171,1.16171,1.16171
2026-09-08 07:26,1.16171,1.16171,1.16171,1.16171
2026-09-08 07:27,1.16184,1.16184,1.16184,1.16184
2026-09-08 07:28,1.16184,1.16184,1.16184,1.16184
2026-09-08 07:29,1.16184,1.16184,1.16184,1.16184
2026-09-08 07:30,1.16184,1.16184,1.16184,1.16184
2026-09-08 07:31,1.16184,1.16184,1.16184,1.16184
2026-09-08 07:32,1.16198,1.16198,1.16198,1.16198
2026-09-08 07:33,1.16198,1.16198,1.16198,1.16198
2026-09-08 07:34,1.16171,1.16171,1.16171,1.16171
2026-09-08 07:35,1.16171,1.16171,1.16171,1.16171
2026-09-08 07:36,1.16171,1.16171,1.16171,1.16171
2026-09-08 07:37,1.16184,1.16184,1.16184,1.16184
2026-09-08 07:38,1.16171,1.16171,1.16171,1.16171
2026-09-08 07:39,1.16171,1.16171,1.16171,1.16171
2026-09-08 07:40,1.16144,1.16144,1.16144,1.16144
2026-09-08 07:41,1.16158,1.16158,1.16158,1.16158
2026-09-08 07:42,1.16144,1.16144,1.16144,1.16144
2026-09-08 07:43,1.16131,1.16131,1.16131,1.16131
2026-09-08 07:44,1.16144,1.16144,1.16144,1.16144
2026-09-08 07:45,1.16158,1.16158,1.16158,1.16158
2026-09-08 07:46,1.16158,1.16158,1.16158,1.16158
2026-09-08 07:47,1.16158,1.16158,1.16158,1.16158
2026-09-08 07:48,1.16171,1.16171,1.16171,1.16171
2026-09-08 07:49,1.16158,1.16158,1.16158,1.16158
2026-09-08 07:50,1.16144,1.16144,1.16144,1.16144
2026-09-08 07:51,1.16158,1.16158,1.16158,1.16158
2026-09-08 07:52,1.16158,1.16158,1.16158,1.16158
2026-09-08 07:53,1.16144,1.16144,1.16144,1.16144
2026-09-08 07:54,1.16131,1.16131,1.16131,1.16131
2026-09-08 07:55,1.16131,1.16131,1.16131,1.16131
2026-09-08 07:56,1.16144,1.16144,1.16144,1.16144
2026-09-08 07:57,1.16144,1.16144,1.16144,1.16144
2026-09-08 07:58,1.16158,1.16158,1.16158,1.16158
2026-09-08 07:59,1.16158,1.16158,1.16158,1.16158
2026-09-08 08:00,1.16158,1.16158,1.16158,1.16158
2026-09-08 08:01,1.16158,1.16158,1.16158,1.16158
2026-09-08 08:02,1.16171,1.16171,1.16171,1.16171
2026-09-08 08:03,1.16171,1.16171,1.16171,1.16171
2026-09-08 08:04,1.16171,1.16171,1.16171,1.16171
2026-09-08 08:05,1.16171,1.16171,1.16171,1.16171
2026-09-08 08:06,1.16184,1.16184,1.16184,1.16184
2026-09-08 08:07,1.16184,1.16184,1.16184,1.16184
2026-09-08 08:08,1.16171,1.16171,1.16171,1.16171
2026-09-08 08:09,1.16158,1.16158,1.16158,1.16158
2026-09-08 08:10,1.16144,1.16144,1.16144,1.16144
2026-09-08 08:11,1.16158,1.16158,1.16158,1.16158
2026-09-08 08:12,1.16158,1.16158,1.16158,1.16158
2026-09-08 08:13,1.16144,1.16144,1.16144,1.16144
2026-09-08 08:14,1.16144,1.16144,1.16144,1.16144
2026-09-08 08:15,1.16131,1.16131,1.16131,1.16131
2026-09-08 08:16,1.16131,1.16131,1.16131,1.16131
2026-09-08 08:17,1.16131,1.16131,1.16131,1.16131
2026-09-08 08:18,1.16117,1.16117,1.16117,1.16117
2026-09-08 08:19,1.16144,1.16144,1.16144,1.16144
2026-09-08 08:20,1.16144,1.16144,1.16144,1.16144
2026-09-08 08:21,1.16144,1.16144,1.16144,1.16144
2026-09-08 08:22,1.16144,1.16144,1.16144,1.16144
2026-09-08 08:23,1.16158,1.16158,1.16158,1.16158
2026-09-08 08:24,1.16158,1.16158,1.16158,1.16158
2026-09-08 08:25,1.16171,1.16171,1.16171,1.16171
2026-09-08 08:26,1.16184,1.16184,1.16184,1.16184
2026-09-08 08:27,1.16171,1.16171,1.16171,1.16171
2026-09-08 08:28,1.16184,1.16184,1.16184,1.16184
2026-09-08 08:29,1.16171,1.16171,1.16171,1.16171
2026-09-08 08:30,1.16184,1.16184,1.16184,1.16184
2026-09-08 08:31,1.16171,1.16171,1.16171,1.16171
2026-09-08 08:32,1.16171,1.16171,1.16171,1.16171
2026-09-08 08:33,1.16184,1.16184,1.16184,1.16184
2026-09-08 08:34,1.16171,1.16171,1.16171,1.16171
2026-09-08 08:35,1.16184,1.16184,1.16184,1.16184
2026-09-08 08:36,1.16158,1.16158,1.16158,1.16158
2026-09-08 08:37,1.16171,1.16171,1.16171,1.16171
2026-09-08 08:38,1.16171,1.16171,1.16171,1.16171
2026-09-08 08:39,1.16171,1.16171,1.16171,1.16171
2026-09-08 08:40,1.16171,1.16171,1.16171,1.16171
2026-09-08 08:41,1.16171,1.16171,1.16171,1.16171
2026-09-08 08:42,1.16171,1.16171,1.16171,1.16171
2026-09-08 08:43,1.16171,1.16171,1.16171,1.16171
2026-09-08 08:44,1.16171,1.16171,1.16171,1.16171
2026-09-08 08:45,1.16144,1.16144,1.16144,1.16144
2026-09-08 08:46,1.16158,1.16158,1.16158,1.16158
2026-09-08 08:47,1.16144,1.16144,1.16144,1.16144
2026-09-08 08:48,1.16144,1.16144,1.16144,1.16144
2026-09-08 08:49,1.16158,1.16158,1.16158,1.16158
2026-09-08 08:50,1.16171,1.16171,1.16171,1.16171
2026-09-08 08:51,1.16158,1.16158,1.16158,1.16158
2026-09-08 08:52,1.16144,1.16144,1.16144,1.16144
2026-09-08 08:53,1.16144,1.16144,1.16144,1.16144
2026-09-08 08:54,1.16158,1.16158,1.16158,1.16158
2026-09-08 08:55,1.16144,1.16144,1.16144,1.16144
2026-09-08 08:56,1.16158,1.16158,1.16158,1.16158
2026-09-08 08:57,1.16144,1.16144,1.16144,1.16144
2026-09-08 08:58,1.16131,1.16131,1.16131,1.16131
2026-09-08 08:59,1.16131,1.16131,1.16131,1.16131
2026-09-08 09:00,1.16131,1.16131,1.16131,1.16131
2026-09-08 09:01,1.16158,1.16158,1.16158,1.16158
2026-09-08 09:02,1.16158,1.16158,1.16158,1.16158
2026-09-08 09:03,1.16144,1.16144,1.16144,1.16144
2026-09-08 09:04,1.16131,1.16131,1.16131,1.16131
2026-09-08 09:05,1.16144,1.16144,1.16144,1.16144
2026-09-08 09:06,1.16171,1.16171,1.16171,1.16171
2026-09-08 09:07,1.16144,1.16144,1.16144,1.16144
2026-09-08 09:08,1.16144,1.16144,1.16144,1.16144
2026-09-08 09:09,1.16131,1.16131,1.16131,1.16131
2026-09-08 09:10,1.16144,1.16144,1.16144,1.16144
2026-09-08 09:11,1.16144,1.16144,1.16144,1.16144
2026-09-08 09:12,1.16144,1.16144,1.16144,1.16144
2026-09-08 09:13,1.16144,1.16144,1.16144,1.16144
2026-09-08 09:14,1.16158,1.16158,1.16158,1.16158
2026-09-08 09:15,1.16144,1.16144,1.16144,1.16144
2026-09-08 09:16,1.16144,1.16144,1.16144,1.16144
2026-09-08 09:17,1.16144,1.16144,1.16144,1.16144
2026-09-08 09:18,1.16144,1.16144,1.16144,1.16144
2026-09-08 09:19,1.16144,1.16144,1.16144,1.16144
2026-09-08 09:20,1.16144,1.16144,1.16144,1.16144
2026-09-08 09:21,1.16144,1.16144,1.16144,1.16144
2026-09-08 09:22,1.16158,1.16158,1.16158,1.16158
2026-09-08 09:23,1.16158,1.16158,1.16158,1.16158
2026-09-08 09:24,1.16158,1.16158,1.16158,1.16158
2026-09-08 09:25,1.16144,1.16144,1.16144,1.16144
2026-09-08 09:26,1.16144,1.16144,1.16144,1.16144
2026-09-08 09:27,1.16144,1.16144,1.16144,1.16144
2026-09-08 09:28,1.16144,1.16144,1.16144,1.16144
2026-09-08 09:29,1.16144,1.16144,1.16144,1.16144
2026-09-08 09:30,1.16144,1.16144,1.16144,1.16144
2026-09-08 09:31,1.16158,1.16158,1.16158,1.16158
2026-09-08 09:32,1.16158,1.16158,1.16158,1.16158
2026-09-08 09:33,1.16144,1.16144,1.16144,1.16144
2026-09-08 09:34,1.16158,1.16158,1.16158,1.16158
2026-09-08 09:35,1.16158,1.16158,1.16158,1.16158
2026-09-08 09:36,1.16171,1.16171,1.16171,1.16171
2026-09-08 09:37,1.16158,1.16158,1.16158,1.16158
2026-09-08 09:38,1.16158,1.16158,1.16158,1.16158
2026-09-08 09:39,1.16171,1.16171,1.16171,1.16171
2026-09-08 09:40,1.16171,1.16171,1.16171,1.16171
2026-09-08 09:41,1.16184,1.16184,1.16184,1.16184
2026-09-08 09:42,1.16198,1.16198,1.16198,1.16198
2026-09-08 09:43,1.16171,1.16171,1.16171,1.16171
2026-09-08 09:44,1.16171,1.16171,1.16171,1.16171
2026-09-08 09:45,1.16171,1.16171,1.16171,1.16171
2026-09-08 09:46,1.16184,1.16184,1.16184,1.16184
2026-09-08 09:47,1.16171,1.16171,1.16171,1.16171
2026-09-08 09:48,1.16158,1.16158,1.16158,1.16158
2026-09-08 09:49,1.16171,1.16171,1.16171,1.16171
2026-09-08 09:50,1.16171,1.16171,1.16171,1.16171
2026-09-08 09:51,1.16171,1.16171,1.16171,1.16171
2026-09-08 09:52,1.16184,1.16184,1.16184,1.16184
2026-09-08 09:53,1.16171,1.16171,1.16171,1.16171
2026-09-08 09:54,1.16171,1.16171,1.16171,1.16171
2026-09-08 09:55,1.16171,1.16171,1.16171,1.16171
2026-09-08 09:56,1.16184,1.16184,1.16184,1.16184
2026-09-08 09:57,1.16171,1.16171,1.16171,1.16171
2026-09-08 09:58,1.16171,1.16171,1.16171,1.16171
2026-09-08 09:59,1.16171,1.16171,1.16171,1.16171
2026-09-08 10:00,1.16171,1.16171,1.16171,1.16171
2026-09-08 10:01,1.16158,1.16158,1.16158,1.16158
2026-09-08 10:02,1.16158,1.16158,1.16158,1.16158
2026-09-08 10:03,1.16144,1.16144,1.16144,1.16144
2026-09-08 10:04,1.16158,1.16158,1.16158,1.16158
2026-09-08 10:05,1.16158,1.16158,1.16158,1.16158
2026-09-08 10:06,1.16171,1.16171,1.16171,1.16171
2026-09-08 10:07,1.16171,1.16171,1.16171,1.16171
2026-09-08 10:08,1.16171,1.16171,1.16171,1.16171
2026-09-08 10:09,1.16171,1.16171,1.16171,1.16171
2026-09-08 10:10,1.16158,1.16158,1.16158,1.16158
2026-09-08 10:11,1.16171,1.16171,1.16171,1.16171
2026-09-08 10:12,1.16171,1.16171,1.16171,1.16171
2026-09-08 10:13,1.16171,1.16171,1.16171,1.16171
2026-09-08 10:14,1.16171,1.16171,1.16171,1.16171
2026-09-08 10:15,1.16171,1.16171,1.16171,1.16171
2026-09-08 10:16,1.16171,1.16171,1.16171,1.16171
2026-09-08 10:17,1.16171,1.16171,1.16171,1.16171
2026-09-08 10:18,1.16158,1.16158,1.16158,1.16158
2026-09-08 10:19,1.16158,1.16158,1.16158,1.16158
2026-09-08 10:20,1.16184,1.16184,1.16184,1.16184
2026-09-08 10:21,1.16171,1.16171,1.16171,1.16171
2026-09-08 10:22,1.16171,1.16171,1.16171,1.16171
2026-09-08 10:23,1.16158,1.16158,1.16158,1.16158
2026-09-08 10:24,1.16144,1.16144,1.16144,1.16144
2026-09-08 10:25,1.16144,1.16144,1.16144,1.16144
2026-09-08 10:26,1.16144,1.16144,1.16144,1.16144
2026-09-08 10:27,1.16144,1.16144,1.16144,1.16144
2026-09-08 10:28,1.16158,1.16158,1.16158,1.16158
2026-09-08 10:29,1.16144,1.16144,1.16144,1.16144
2026-09-08 10:30,1.16144,1.16144,1.16144,1.16144
2026-09-08 10:31,1.16144,1.16144,1.16144,1.16144
2026-09-08 10:32,1.16131,1.16131,1.16131,1.16131
2026-09-08 10:33,1.16131,1.16131,1.16131,1.16131
2026-09-08 10:34,1.16131,1.16131,1.16131,1.16131
2026-09-08 10:35,1.16131,1.16131,1.16131,1.16131
2026-09-08 10:36,1.16131,1.16131,1.16131,1.16131
2026-09-08 10:37,1.16131,1.16131,1.16131,1.16131
2026-09-08 10:38,1.16131,1.16131,1.16131,1.16131
2026-09-08 10:39,1.16131,1.16131,1.16131,1.16131
2026-09-08 10:40,1.16131,1.16131,1.16131,1.16131
2026-09-08 10:41,1.16131,1.16131,1.16131,1.16131
2026-09-08 10:42,1.16131,1.16131,1.16131,1.16131
2026-09-08 10:43,1.16131,1.16131,1.16131,1.16131
2026-09-08 10:44,1.16131,1.16131,1.16131,1.16131
2026-09-08 10:45,1.16131,1.16131,1.16131,1.16131
2026-09-08 10:46,1.16131,1.16131,1.16131,1.16131
2026-09-08 10:47,1.16131,1.16131,1.16131,1.16131
2026-09-08 10:48,1.16144,1.16144,1.16144,1.16144
2026-09-08 10:49,1.16144,1.16144,1.16144,1.16144
2026-09-08 10:50,1.16144,1.16144,1.16144,1.16144
2026-09-08 10:51,1.16158,1.16158,1.16158,1.16158
2026-09-08 10:52,1.16171,1.16171,1.16171,1.16171
2026-09-08 10:53,1.16158,1.16158,1.16158,1.16158
2026-09-08 10:54,1.16158,1.16158,1.16158,1.16158
2026-09-08 10:55,1.16158,1.16158,1.16158,1.16158
2026-09-08 10:56,1.16158,1.16158,1.16158,1.16158
2026-09-08 10:57,1.16171,1.16171,1.16171,1.16171
2026-09-08 10:58,1.16171,1.16171,1.16171,1.16171
2026-09-08 10:59,1.16171,1.16171,1.16171,1.16171
2026-09-08 11:00,1.16158,1.16158,1.16158,1.16158
2026-09-08 11:01,1.16158,1.16158,1.16158,1.16158
2026-09-08 11:02,1.16158,1.16158,1.16158,1.16158
2026-09-08 11:03,1.16171,1.16171,1.16171,1.16171
2026-09-08 11:04,1.16158,1.16158,1.16158,1.16158
2026-09-08 11:05,1.16158,1.16158,1.16158,1.16158
2026-09-08 11:06,1.16144,1.16144,1.16144,1.16144
2026-09-08 11:07,1.16144,1.16144,1.16144,1.16144
2026-09-08 11:08,1.16144,1.16144,1.16144,1.16144
2026-09-08 11:09,1.16158,1.16158,1.16158,1.16158
2026-09-08 11:10,1.16131,1.16131,1.16131,1.16131
2026-09-08 11:11,1.16131,1.16131,1.16131,1.16131
2026-09-08 11:12,1.16131,1.16131,1.16131,1.16131
2026-09-08 11:13,1.16131,1.16131,1.16131,1.16131
2026-09-08 11:14,1.16144,1.16144,1.16144,1.16144
2026-09-08 11:15,1.16144,1.16144,1.16144,1.16144
2026-09-08 11:16,1.16158,1.16158,1.16158,1.16158
2026-09-08 11:17,1.16158,1.16158,1.16158,1.16158
2026-09-08 11:18,1.16158,1.16158,1.16158,1.16158
2026-09-08 11:19,1.16171,1.16171,1.16171,1.16171
2026-09-08 11:20,1.16171,1.16171,1.16171,1.16171
2026-09-08 11:21,1.16171,1.16171,1.16171,1.16171
2026-09-08 11:22,1.16171,1.16171,1.16171,1.16171
2026-09-08 11:23,1.16171,1.16171,1.16171,1.16171
2026-09-08 11:24,1.16171,1.16171,1.16171,1.16171
2026-09-08 11:25,1.16171,1.16171,1.16171,1.16171
2026-09-08 11:26,1.16171,1.16171,1.16171,1.16171
2026-09-08 11:27,1.16184,1.16184,1.16184,1.16184
2026-09-08 11:28,1.16198,1.16198,1.16198,1.16198
2026-09-08 11:29,1.16184,1.16184,1.16184,1.16184
2026-09-08 11:30,1.16184,1.16184,1.16184,1.16184
2026-09-08 11:31,1.16184,1.16184,1.16184,1.16184
2026-09-08 11:32,1.16184,1.16184,1.16184,1.16184
2026-09-08 11:33,1.16198,1.16198,1.16198,1.16198
2026-09-08 11:34,1.16184,1.16184,1.16184,1.16184
2026-09-08 11:35,1.16184,1.16184,1.16184,1.16184
2026-09-08 11:36,1.16184,1.16184,1.16184,1.16184
2026-09-08 11:37,1.16198,1.16198,1.16198,1.16198
2026-09-08 11:38,1.16225,1.16225,1.16225,1.16225
2026-09-08 11:39,1.16212,1.16212,1.16212,1.16212
2026-09-08 11:40,1.16212,1.16212,1.16212,1.16212
2026-09-08 11:41,1.16198,1.16198,1.16198,1.16198
2026-09-08 11:42,1.16198,1.16198,1.16198,1.16198
2026-09-08 11:43,1.16198,1.16198,1.16198,1.16198
2026-09-08 11:44,1.16171,1.16171,1.16171,1.16171
2026-09-08 11:45,1.16158,1.16158,1.16158,1.16158
2026-09-08 11:46,1.16158,1.16158,1.16158,1.16158
2026-09-08 11:47,1.16158,1.16158,1.16158,1.16158
2026-09-08 11:48,1.16158,1.16158,1.16158,1.16158
2026-09-08 11:49,1.16171,1.16171,1.16171,1.16171
2026-09-08 11:50,1.16171,1.16171,1.16171,1.16171
2026-09-08 11:51,1.16158,1.16158,1.16158,1.16158
2026-09-08 11:52,1.16131,1.16131,1.16131,1.16131
2026-09-08 11:53,1.16117,1.16117,1.16117,1.16117
2026-09-08 11:54,1.16117,1.16117,1.16117,1.16117
2026-09-08 11:55,1.16144,1.16144,1.16144,1.16144
2026-09-08 11:56,1.16158,1.16158,1.16158,1.16158
2026-09-08 11:57,1.16158,1.16158,1.16158,1.16158
2026-09-08 11:58,1.16158,1.16158,1.16158,1.16158
2026-09-08 11:59,1.16158,1.16158,1.16158,1.16158
2026-09-08 12:00,1.16158,1.16158,1.16158,1.16158
2026-09-08 12:01,1.16171,1.16171,1.16171,1.16171
2026-09-08 12:02,1.16171,1.16171,1.16171,1.16171
2026-09-08 12:03,1.16171,1.16171,1.16171,1.16171
2026-09-08 12:04,1.16171,1.16171,1.16171,1.16171
2026-09-08 12:05,1.16171,1.16171,1.16171,1.16171
2026-09-08 12:06,1.16184,1.16184,1.16184,1.16184
2026-09-08 12:07,1.16184,1.16184,1.16184,1.16184
2026-09-08 12:08,1.16184,1.16184,1.16184,1.16184
2026-09-08 12:09,1.16171,1.16171,1.16171,1.16171
2026-09-08 12:10,1.16171,1.16171,1.16171,1.16171
2026-09-08 12:11,1.16171,1.16171,1.16171,1.16171
2026-09-08 12:12,1.16171,1.16171,1.16171,1.16171
2026-09-08 12:13,1.16171,1.16171,1.16171,1.16171
2026-09-08 12:14,1.16158,1.16158,1.16158,1.16158
2026-09-08 12:15,1.16144,1.16144,1.16144,1.16144
2026-09-08 12:16,1.16158,1.16158,1.16158,1.16158
2026-09-08 12:17,1.16144,1.16144,1.16144,1.16144
2026-09-08 12:18,1.16144,1.16144,1.16144,1.16144
2026-09-08 12:19,1.16158,1.16158,1.16158,1.16158
2026-09-08 12:20,1.16158,1.16158,1.16158,1.16158
2026-09-08 12:21,1.16171,1.16171,1.16171,1.16171
2026-09-08 12:22,1.16184,1.16184,1.16184,1.16184
2026-09-08 12:23,1.16171,1.16171,1.16171,1.16171
2026-09-08 12:24,1.16171,1.16171,1.16171,1.16171
2026-09-08 12:25,1.16171,1.16171,1.16171,1.16171
2026-09-08 12:26,1.16184,1.16184,1.16184,1.16184
2026-09-08 12:27,1.16184,1.16184,1.16184,1.16184
2026-09-08 12:28,1.16184,1.16184,1.16184,1.16184
2026-09-08 12:29,1.16198,1.16198,1.16198,1.16198
2026-09-08 12:30,1.16198,1.16198,1.16198,1.16198
2026-09-08 12:31,1.16184,1.16184,1.16184,1.16184
2026-09-08 12:32,1.16198,1.16198,1.16198,1.16198
2026-09-08 12:33,1.16212,1.16212,1.16212,1.16212
2026-09-08 12:34,1.16212,1.16212,1.16212,1.16212
2026-09-08 12:35,1.16212,1.16212,1.16212,1.16212
2026-09-08 12:36,1.16212,1.16212,1.16212,1.16212
2026-09-08 12:37,1.16212,1.16212,1.16212,1.16212
2026-09-08 12:38,1.16212,1.16212,1.16212,1.16212
2026-09-08 12:39,1.16212,1.16212,1.16212,1.16212
2026-09-08 12:40,1.16184,1.16184,1.16184,1.16184
2026-09-08 12:41,1.16184,1.16184,1.16184,1.16184
2026-09-08 12:42,1.16198,1.16198,1.16198,1.16198
2026-09-08 12:43,1.16198,1.16198,1.16198,1.16198
2026-09-08 12:44,1.16184,1.16184,1.16184,1.16184
2026-09-08 12:45,1.16184,1.16184,1.16184,1.16184
2026-09-08 12:46,1.16184,1.16184,1.16184,1.16184
2026-09-08 12:47,1.16198,1.16198,1.16198,1.16198
2026-09-08 12:48,1.16212,1.16212,1.16212,1.16212
2026-09-08 12:49,1.16212,1.16212,1.16212,1.16212
2026-09-08 12:50,1.16225,1.16225,1.16225,1.16225
2026-09-08 12:51,1.16212,1.16212,1.16212,1.16212
2026-09-08 12:52,1.16212,1.16212,1.16212,1.16212
2026-09-08 12:53,1.16198,1.16198,1.16198,1.16198
2026-09-08 12:54,1.16225,1.16225,1.16225,1.16225
2026-09-08 12:55,1.16225,1.16225,1.16225,1.16225
2026-09-08 12:56,1.16225,1.16225,1.16225,1.16225
2026-09-08 12:57,1.16225,1.16225,1.16225,1.16225
2026-09-08 12:58,1.16225,1.16225,1.16225,1.16225
2026-09-08 12:59,1.16225,1.16225,1.16225,1.16225
2026-09-08 13:00,1.16239,1.16239,1.16239,1.16239
2026-09-08 13:01,1.16252,1.16252,1.16252,1.16252
2026-09-08 13:02,1.16252,1.16252,1.16252,1.16252
2026-09-08 13:03,1.16252,1.16252,1.16252,1.16252
2026-09-08 13:04,1.16252,1.16252,1.16252,1.16252
2026-09-08 13:05,1.16266,1.16266,1.16266,1.16266
2026-09-08 13:06,1.16266,1.16266,1.16266,1.16266
2026-09-08 13:07,1.16266,1.16266,1.16266,1.16266
2026-09-08 13:08,1.16279,1.16279,1.16279,1.16279
2026-09-08 13:09,1.16279,1.16279,1.16279,1.16279
2026-09-08 13:10,1.16279,1.16279,1.16279,1.16279
2026-09-08 13:11,1.16279,1.16279,1.16279,1.16279
2026-09-08 13:12,1.16279,1.16279,1.16279,1.16279
2026-09-08 13:13,1.16279,1.16279,1.16279,1.16279
2026-09-08 13:14,1.16266,1.16266,1.16266,1.16266
2026-09-08 13:15,1.16266,1.16266,1.16266,1.16266
2026-09-08 13:16,1.16266,1.16266,1.16266,1.16266
2026-09-08 13:17,1.16266,1.16266,1.16266,1.16266
2026-09-08 13:18,1.16266,1.16266,1.16266,1.16266
2026-09-08 13:19,1.16279,1.16279,1.16279,1.16279
2026-09-08 13:20,1.16279,1.16279,1.16279,1.16279
2026-09-08 13:21,1.16279,1.16279,1.16279,1.16279
2026-09-08 13:22,1.16306,1.16306,1.16306,1.16306
2026-09-08 13:23,1.16293,1.16293,1.16293,1.16293
2026-09-08 13:24,1.16293,1.16293,1.16293,1.16293
2026-09-08 13:25,1.16279,1.16279,1.16279,1.16279
2026-09-08 13:26,1.16279,1.16279,1.16279,1.16279
2026-09-08 13:27,1.16266,1.16266,1.16266,1.16266
2026-09-08 13:28,1.16266,1.16266,1.16266,1.16266
2026-09-08 13:29,1.16266,1.16266,1.16266,1.16266
2026-09-08 13:30,1.16252,1.16252,1.16252,1.16252
2026-09-08 13:31,1.16266,1.16266,1.16266,1.16266
2026-09-08 13:32,1.16266,1.16266,1.16266,1.16266
2026-09-08 13:33,1.16279,1.16279,1.16279,1.16279
2026-09-08 13:34,1.16252,1.16252,1.16252,1.16252
2026-09-08 13:35,1.16225,1.16225,1.16225,1.16225
2026-09-08 13:36,1.16266,1.16266,1.16266,1.16266
2026-09-08 13:37,1.16252,1.16252,1.16252,1.16252
2026-09-08 13:38,1.16252,1.16252,1.16252,1.16252
2026-09-08 13:39,1.16252,1.16252,1.16252,1.16252
2026-09-08 13:40,1.16252,1.16252,1.16252,1.16252
2026-09-08 13:41,1.16252,1.16252,1.16252,1.16252
2026-09-08 13:42,1.16252,1.16252,1.16252,1.16252
2026-09-08 13:43,1.16239,1.16239,1.16239,1.16239
2026-09-08 13:44,1.16252,1.16252,1.16252,1.16252
2026-09-08 13:45,1.16252,1.16252,1.16252,1.16252
2026-09-08 13:46,1.16239,1.16239,1.16239,1.16239
2026-09-08 13:47,1.16252,1.16252,1.16252,1.16252
2026-09-08 13:48,1.16252,1.16252,1.16252,1.16252
2026-09-08 13:49,1.16252,1.16252,1.16252,1.16252
2026-09-08 13:50,1.16252,1.16252,1.16252,1.16252
2026-09-08 13:51,1.16252,1.16252,1.16252,1.16252
2026-09-08 13:52,1.16252,1.16252,1.16252,1.16252
2026-09-08 13:53,1.16252,1.16252,1.16252,1.16252
2026-09-08 13:54,1.16266,1.16266,1.16266,1.16266
2026-09-08 13:55,1.16266,1.16266,1.16266,1.16266
2026-09-08 13:56,1.16252,1.16252,1.16252,1.16252
2026-09-08 13:57,1.16252,1.16252,1.16252,1.16252
2026-09-08 13:58,1.16252,1.16252,1.16252,1.16252
2026-09-08 13:59,1.16252,1.16252,1.16252,1.16252
2026-09-08 14:00,1.16266,1.16266,1.16266,1.16266
2026-09-08 14:01,1.16266,1.16266,1.16266,1.16266
2026-09-08 14:02,1.16279,1.16279,1.16279,1.16279
2026-09-08 14:03,1.16279,1.16279,1.16279,1.16279
2026-09-08 14:04,1.16279,1.16279,1.16279,1.16279
2026-09-08 14:05,1.16279,1.16279,1.16279,1.16279
2026-09-08 14:06,1.16279,1.16279,1.16279,1.16279
2026-09-08 14:07,1.16279,1.16279,1.16279,1.16279
2026-09-08 14:08,1.16266,1.16266,1.16266,1.16266
2026-09-08 14:09,1.16252,1.16252,1.16252,1.16252
2026-09-08 14:10,1.16239,1.16239,1.16239,1.16239
2026-09-08 14:11,1.16239,1.16239,1.16239,1.16239
2026-09-08 14:12,1.16239,1.16239,1.16239,1.16239
2026-09-08 14:13,1.16239,1.16239,1.16239,1.16239
2026-09-08 14:14,1.16225,1.16225,1.16225,1.16225
2026-09-08 14:15,1.16225,1.16225,1.16225,1.16225
2026-09-08 14:16,1.16225,1.16225,1.16225,1.16225
2026-09-08 14:17,1.16239,1.16239,1.16239,1.16239
2026-09-08 14:18,1.16252,1.16252,1.16252,1.16252
2026-09-08 14:19,1.16252,1.16252,1.16252,1.16252
2026-09-08 14:20,1.16239,1.16239,1.16239,1.16239
2026-09-08 14:21,1.16266,1.16266,1.16266,1.16266
2026-09-08 14:22,1.16266,1.16266,1.16266,1.16266
2026-09-08 14:23,1.16279,1.16279,1.16279,1.16279
2026-09-08 14:24,1.16279,1.16279,1.16279,1.16279
2026-09-08 14:25,1.16293,1.16293,1.16293,1.16293
2026-09-08 14:26,1.16306,1.16306,1.16306,1.16306
2026-09-08 14:27,1.16293,1.16293,1.16293,1.16293
2026-09-08 14:28,1.16293,1.16293,1.16293,1.16293
2026-09-08 14:29,1.16293,1.16293,1.16293,1.16293
2026-09-08 14:30,1.16293,1.16293,1.16293,1.16293
2026-09-08 14:31,1.16306,1.16306,1.16306,1.16306
2026-09-08 14:32,1.16306,1.16306,1.16306,1.16306
2026-09-08 14:33,1.16306,1.16306,1.16306,1.16306
2026-09-08 14:34,1.16306,1.16306,1.16306,1.16306
2026-09-08 14:35,1.16320,1.16320,1.16320,1.16320
2026-09-08 14:36,1.16333,1.16333,1.16333,1.16333
2026-09-08 14:37,1.16333,1.16333,1.16333,1.16333
2026-09-08 14:38,1.16333,1.16333,1.16333,1.16333
2026-09-08 14:39,1.16320,1.16320,1.16320,1.16320
2026-09-08 14:40,1.16333,1.16333,1.16333,1.16333
2026-09-08 14:41,1.16320,1.16320,1.16320,1.16320
2026-09-08 14:42,1.16333,1.16333,1.16333,1.16333
2026-09-08 14:43,1.16333,1.16333,1.16333,1.16333
2026-09-08 14:44,1.16347,1.16347,1.16347,1.16347
2026-09-08 14:45,1.16347,1.16347,1.16347,1.16347
2026-09-08 14:46,1.16333,1.16333,1.16333,1.16333
2026-09-08 14:47,1.16347,1.16347,1.16347,1.16347
2026-09-08 14:48,1.16333,1.16333,1.16333,1.16333
2026-09-08 14:49,1.16333,1.16333,1.16333,1.16333
2026-09-08 14:50,1.16333,1.16333,1.16333,1.16333
2026-09-08 14:51,1.16333,1.16333,1.16333,1.16333
2026-09-08 14:52,1.16320,1.16320,1.16320,1.16320
2026-09-08 14:53,1.16306,1.16306,1.16306,1.16306
2026-09-08 14:54,1.16320,1.16320,1.16320,1.16320
2026-09-08 14:55,1.16320,1.16320,1.16320,1.16320
2026-09-08 14:56,1.16306,1.16306,1.16306,1.16306
2026-09-08 14:57,1.16320,1.16320,1.16320,1.16320
2026-09-08 14:58,1.16320,1.16320,1.16320,1.16320
2026-09-08 14:59,1.16333,1.16333,1.16333,1.16333
2026-09-08 15:00,1.16347,1.16347,1.16347,1.16347
2026-09-08 15:01,1.16333,1.16333,1.16333,1.16333
2026-09-08 15:02,1.16333,1.16333,1.16333,1.16333
2026-09-08 15:03,1.16347,1.16347,1.16347,1.16347
2026-09-08 15:04,1.16347,1.16347,1.16347,1.16347
2026-09-08 15:05,1.16347,1.16347,1.16347,1.16347
2026-09-08 15:06,1.16347,1.16347,1.16347,1.16347
2026-09-08 15:07,1.16360,1.16360,1.16360,1.16360
2026-09-08 15:08,1.16347,1.16347,1.16347,1.16347
2026-09-08 15:09,1.16347,1.16347,1.16347,1.16347
2026-09-08 15:10,1.16360,1.16360,1.16360,1.16360
2026-09-08 15:11,1.16360,1.16360,1.16360,1.16360
2026-09-08 15:12,1.16360,1.16360,1.16360,1.16360
2026-09-08 15:13,1.16360,1.16360,1.16360,1.16360
2026-09-08 15:14,1.16347,1.16347,1.16347,1.16347
2026-09-08 15:15,1.16360,1.16360,1.16360,1.16360
2026-09-08 15:16,1.16347,1.16347,1.16347,1.16347
2026-09-08 15:17,1.16360,1.16360,1.16360,1.16360
2026-09-08 15:18,1.16360,1.16360,1.16360,1.16360
2026-09-08 15:19,1.16347,1.16347,1.16347,1.16347
2026-09-08 15:20,1.16347,1.16347,1.16347,1.16347
2026-09-08 15:21,1.16347,1.16347,1.16347,1.16347
2026-09-08 15:22,1.16320,1.16320,1.16320,1.16320
2026-09-08 15:23,1.16333,1.16333,1.16333,1.16333
2026-09-08 15:24,1.16333,1.16333,1.16333,1.16333
2026-09-08 15:25,1.16347,1.16347,1.16347,1.16347
2026-09-08 15:26,1.16347,1.16347,1.16347,1.16347
2026-09-08 15:27,1.16347,1.16347,1.16347,1.16347
2026-09-08 15:28,1.16347,1.16347,1.16347,1.16347
2026-09-08 15:29,1.16333,1.16333,1.16333,1.16333
2026-09-08 15:30,1.16333,1.16333,1.16333,1.16333
2026-09-08 15:31,1.16333,1.16333,1.16333,1.16333
2026-09-08 15:32,1.16347,1.16347,1.16347,1.16347
2026-09-08 15:33,1.16320,1.16320,1.16320,1.16320
2026-09-08 15:34,1.16320,1.16320,1.16320,1.16320
2026-09-08 15:35,1.16320,1.16320,1.16320,1.16320
2026-09-08 15:36,1.16306,1.16306,1.16306,1.16306
2026-09-08 15:37,1.16306,1.16306,1.16306,1.16306
2026-09-08 15:38,1.16306,1.16306,1.16306,1.16306
2026-09-08 15:39,1.16306,1.16306,1.16306,1.16306
2026-09-08 15:40,1.16306,1.16306,1.16306,1.16306
2026-09-08 15:41,1.16320,1.16320,1.16320,1.16320
2026-09-08 15:42,1.16320,1.16320,1.16320,1.16320
2026-09-08 15:43,1.16306,1.16306,1.16306,1.16306
2026-09-08 15:44,1.16320,1.16320,1.16320,1.16320
2026-09-08 15:45,1.16306,1.16306,1.16306,1.16306
2026-09-08 15:46,1.16306,1.16306,1.16306,1.16306
2026-09-08 15:47,1.16306,1.16306,1.16306,1.16306
2026-09-08 15:48,1.16320,1.16320,1.16320,1.16320
2026-09-08 15:49,1.16306,1.16306,1.16306,1.16306
2026-09-08 15:50,1.16320,1.16320,1.16320,1.16320
2026-09-08 15:51,1.16306,1.16306,1.16306,1.16306
2026-09-08 15:52,1.16306,1.16306,1.16306,1.16306
2026-09-08 15:53,1.16306,1.16306,1.16306,1.16306
2026-09-08 15:54,1.16306,1.16306,1.16306,1.16306
2026-09-08 15:55,1.16306,1.16306,1.16306,1.16306
2026-09-08 15:56,1.16306,1.16306,1.16306,1.16306
2026-09-08 15:57,1.16306,1.16306,1.16306,1.16306
2026-09-08 15:58,1.16306,1.16306,1.16306,1.16306
2026-09-08 15:59,1.16306,1.16306,1.16306,1.16306
2026-09-08 16:00,1.16293,1.16293,1.16293,1.16293
2026-09-08 16:01,1.16293,1.16293,1.16293,1.16293
2026-09-08 16:02,1.16293,1.16293,1.16293,1.16293
2026-09-08 16:03,1.16293,1.16293,1.16293,1.16293
2026-09-08 16:04,1.16293,1.16293,1.16293,1.16293
2026-09-08 16:05,1.16293,1.16293,1.16293,1.16293
2026-09-08 16:06,1.16293,1.16293,1.16293,1.16293
2026-09-08 16:07,1.16293,1.16293,1.16293,1.16293
2026-09-08 16:08,1.16279,1.16279,1.16279,1.16279
2026-09-08 16:09,1.16279,1.16279,1.16279,1.16279
2026-09-08 16:10,1.16266,1.16266,1.16266,1.16266
2026-09-08 16:11,1.16266,1.16266,1.16266,1.16266
2026-09-08 16:12,1.16266,1.16266,1.16266,1.16266
2026-09-08 16:13,1.16252,1.16252,1.16252,1.16252
2026-09-08 16:14,1.16266,1.16266,1.16266,1.16266
2026-09-08 16:15,1.16266,1.16266,1.16266,1.16266
2026-09-08 16:16,1.16266,1.16266,1.16266,1.16266
2026-09-08 16:17,1.16266,1.16266,1.16266,1.16266
2026-09-08 16:18,1.16266,1.16266,1.16266,1.16266
2026-09-08 16:19,1.16252,1.16252,1.16252,1.16252
2026-09-08 16:20,1.16252,1.16252,1.16252,1.16252
2026-09-08 16:21,1.16252,1.16252,1.16252,1.16252
2026-09-08 16:22,1.16252,1.16252,1.16252,1.16252
2026-09-08 16:23,1.16252,1.16252,1.16252,1.16252
2026-09-08 16:24,1.16239,1.16239,1.16239,1.16239
2026-09-08 16:25,1.16252,1.16252,1.16252,1.16252
2026-09-08 16:26,1.16252,1.16252,1.16252,1.16252
2026-09-08 16:27,1.16252,1.16252,1.16252,1.16252
2026-09-08 16:28,1.16266,1.16266,1.16266,1.16266
2026-09-08 16:29,1.16266,1.16266,1.16266,1.16266
2026-09-08 16:30,1.16266,1.16266,1.16266,1.16266
2026-09-08 16:31,1.16279,1.16279,1.16279,1.16279
2026-09-08 16:32,1.16266,1.16266,1.16266,1.16266
2026-09-08 16:33,1.16266,1.16266,1.16266,1.16266
2026-09-08 16:34,1.16266,1.16266,1.16266,1.16266
2026-09-08 16:35,1.16266,1.16266,1.16266,1.16266
2026-09-08 16:36,1.16266,1.16266,1.16266,1.16266
2026-09-08 16:37,1.16266,1.16266,1.16266,1.16266
2026-09-08 16:38,1.16266,1.16266,1.16266,1.16266
2026-09-08 16:39,1.16252,1.16252,1.16252,1.16252
2026-09-08 16:40,1.16266,1.16266,1.16266,1.16266
2026-09-08 16:41,1.16266,1.16266,1.16266,1.16266
2026-09-08 16:42,1.16252,1.16252,1.16252,1.16252
2026-09-08 16:43,1.16239,1.16239,1.16239,1.16239
2026-09-08 16:44,1.16252,1.16252,1.16252,1.16252
2026-09-08 16:45,1.16252,1.16252,1.16252,1.16252
2026-09-08 16:46,1.16239,1.16239,1.16239,1.16239
2026-09-08 16:47,1.16252,1.16252,1.16252,1.16252
2026-09-08 16:48,1.16239,1.16239,1.16239,1.16239
2026-09-08 16:49,1.16252,1.16252,1.16252,1.16252
2026-09-08 16:50,1.16279,1.16279,1.16279,1.16279
2026-09-08 16:51,1.16266,1.16266,1.16266,1.16266
2026-09-08 16:52,1.16252,1.16252,1.16252,1.16252
2026-09-08 16:53,1.16266,1.16266,1.16266,1.16266
2026-09-08 16:54,1.16252,1.16252,1.16252,1.16252
2026-09-08 16:55,1.16266,1.16266,1.16266,1.16266
2026-09-08 16:56,1.16252,1.16252,1.16252,1.16252
2026-09-08 16:57,1.16266,1.16266,1.16266,1.16266
2026-09-08 16:58,1.16266,1.16266,1.16266,1.16266
2026-09-08 16:59,1.16266,1.16266,1.16266,1.16266
2026-09-08 17:00,1.16279,1.16279,1.16279,1.16279
2026-09-08 17:01,1.16279,1.16279,1.16279,1.16279
2026-09-08 17:02,1.16279,1.16279,1.16279,1.16279
2026-09-08 17:03,1.16279,1.16279,1.16279,1.16279
2026-09-08 17:04,1.16279,1.16279,1.16279,1.16279
2026-09-08 17:05,1.16293,1.16293,1.16293,1.16293
2026-09-08 17:06,1.16293,1.16293,1.16293,1.16293
2026-09-08 17:07,1.16306,1.16306,1.16306,1.16306
2026-09-08 17:08,1.16293,1.16293,1.16293,1.16293
2026-09-08 17:09,1.16293,1.16293,1.16293,1.16293
2026-09-08 17:10,1.16293,1.16293,1.16293,1.16293
2026-09-08 17:11,1.16306,1.16306,1.16306,1.16306
2026-09-08 17:12,1.16306,1.16306,1.16306,1.16306
2026-09-08 17:13,1.16293,1.16293,1.16293,1.16293
2026-09-08 17:14,1.16293,1.16293,1.16293,1.16293
2026-09-08 17:15,1.16293,1.16293,1.16293,1.16293
2026-09-08 17:16,1.16293,1.16293,1.16293,1.16293
2026-09-08 17:17,1.16306,1.16306,1.16306,1.16306
2026-09-08 17:18,1.16293,1.16293,1.16293,1.16293
2026-09-08 17:19,1.16293,1.16293,1.16293,1.16293
2026-09-08 17:20,1.16306,1.16306,1.16306,1.16306
2026-09-08 17:21,1.16293,1.16293,1.16293,1.16293
2026-09-08 17:22,1.16293,1.16293,1.16293,1.16293
2026-09-08 17:23,1.16293,1.16293,1.16293,1.16293
2026-09-08 17:24,1.16293,1.16293,1.16293,1.16293
2026-09-08 17:25,1.16293,1.16293,1.16293,1.16293
2026-09-08 17:26,1.16293,1.16293,1.16293,1.16293
2026-09-08 17:27,1.16293,1.16293,1.16293,1.16293
2026-09-08 17:28,1.16293,1.16293,1.16293,1.16293
2026-09-08 17:29,1.16293,1.16293,1.16293,1.16293
2026-09-08 17:30,1.16293,1.16293,1.16293,1.16293
2026-09-08 17:31,1.16293,1.16293,1.16293,1.16293
2026-09-08 17:32,1.16293,1.16293,1.16293,1.16293
2026-09-08 17:33,1.16293,1.16293,1.16293,1.16293
2026-09-08 17:34,1.16293,1.16293,1.16293,1.16293
2026-09-08 17:35,1.16279,1.16279,1.16279,1.16279
2026-09-08 17:36,1.16279,1.16279,1.16279,1.16279
2026-09-08 17:37,1.16279,1.16279,1.16279,1.16279
2026-09-08 17:38,1.16293,1.16293,1.16293,1.16293
2026-09-08 17:39,1.16279,1.16279,1.16279,1.16279
2026-09-08 17:40,1.16279,1.16279,1.16279,1.16279
2026-09-08 17:41,1.16279,1.16279,1.16279,1.16279
2026-09-08 17:42,1.16279,1.16279,1.16279,1.16279
2026-09-08 17:43,1.16279,1.16279,1.16279,1.16279
2026-09-08 17:44,1.16279,1.16279,1.16279,1.16279
2026-09-08 17:45,1.16293,1.16293,1.16293,1.16293
2026-09-08 17:46,1.16293,1.16293,1.16293,1.16293
2026-09-08 17:47,1.16293,1.16293,1.16293,1.16293
2026-09-08 17:48,1.16279,1.16279,1.16279,1.16279
2026-09-08 17:49,1.16279,1.16279,1.16279,1.16279
2026-09-08 17:50,1.16293,1.16293,1.16293,1.16293
2026-09-08 17:51,1.16293,1.16293,1.16293,1.16293
2026-09-08 17:52,1.16293,1.16293,1.16293,1.16293
2026-09-08 17:53,1.16293,1.16293,1.16293,1.16293
2026-09-08 17:54,1.16279,1.16279,1.16279,1.16279
2026-09-08 17:55,1.16293,1.16293,1.16293,1.16293
2026-09-08 17:56,1.16293,1.16293,1.16293,1.16293
2026-09-08 17:57,1.16293,1.16293,1.16293,1.16293
2026-09-08 17:58,1.16293,1.16293,1.16293,1.16293
2026-09-08 17:59,1.16293,1.16293,1.16293,1.16293
2026-09-08 18:00,1.16293,1.16293,1.16293,1.16293
2026-09-08 18:01,1.16293,1.16293,1.16293,1.16293
2026-09-08 18:02,1.16293,1.16293,1.16293,1.16293
2026-09-08 18:03,1.16293,1.16293,1.16293,1.16293
2026-09-08 18:04,1.16306,1.16306,1.16306,1.16306
2026-09-08 18:05,1.16306,1.16306,1.16306,1.16306
2026-09-08 18:06,1.16306,1.16306,1.16306,1.16306
2026-09-08 18:07,1.16293,1.16293,1.16293,1.16293
2026-09-08 18:08,1.16293,1.16293,1.16293,1.16293
2026-09-08 18:09,1.16293,1.16293,1.16293,1.16293
2026-09-08 18:10,1.16293,1.16293,1.16293,1.16293
2026-09-08 18:11,1.16306,1.16306,1.16306,1.16306
2026-09-08 18:12,1.16293,1.16293,1.16293,1.16293
2026-09-08 18:13,1.16293,1.16293,1.16293,1.16293
2026-09-08 18:14,1.16293,1.16293,1.16293,1.16293
2026-09-08 18:15,1.16293,1.16293,1.16293,1.16293
2026-09-08 18:16,1.16293,1.16293,1.16293,1.16293
2026-09-08 18:17,1.16293,1.16293,1.16293,1.16293
2026-09-08 18:18,1.16279,1.16279,1.16279,1.16279
2026-09-08 18:19,1.16293,1.16293,1.16293,1.16293
2026-09-08 18:20,1.16293,1.16293,1.16293,1.16293
2026-09-08 18:21,1.16293,1.16293,1.16293,1.16293
2026-09-08 18:22,1.16293,1.16293,1.16293,1.16293
2026-09-08 18:23,1.16293,1.16293,1.16293,1.16293
2026-09-08 18:24,1.16306,1.16306,1.16306,1.16306
2026-09-08 18:25,1.16306,1.16306,1.16306,1.16306
2026-09-08 18:26,1.16306,1.16306,1.16306,1.16306
2026-09-08 18:27,1.16306,1.16306,1.16306,1.16306
2026-09-08 18:28,1.16320,1.16320,1.16320,1.16320
2026-09-08 18:29,1.16306,1.16306,1.16306,1.16306
2026-09-08 18:30,1.16306,1.16306,1.16306,1.16306
2026-09-08 18:31,1.16306,1.16306,1.16306,1.16306
2026-09-08 18:32,1.16320,1.16320,1.16320,1.16320
2026-09-08 18:33,1.16320,1.16320,1.16320,1.16320
2026-09-08 18:34,1.16333,1.16333,1.16333,1.16333
2026-09-08 18:35,1.16320,1.16320,1.16320,1.16320
2026-09-08 18:36,1.16333,1.16333,1.16333,1.16333
2026-09-08 18:37,1.16333,1.16333,1.16333,1.16333
2026-09-08 18:38,1.16333,1.16333,1.16333,1.16333
2026-09-08 18:39,1.16333,1.16333,1.16333,1.16333
2026-09-08 18:40,1.16333,1.16333,1.16333,1.16333
2026-09-08 18:41,1.16333,1.16333,1.16333,1.16333
2026-09-08 18:42,1.16333,1.16333,1.16333,1.16333
2026-09-08 18:43,1.16333,1.16333,1.16333,1.16333
2026-09-08 18:44,1.16347,1.16347,1.16347,1.16347
2026-09-08 18:45,1.16333,1.16333,1.16333,1.16333
2026-09-08 18:46,1.16333,1.16333,1.16333,1.16333
2026-09-08 18:47,1.16347,1.16347,1.16347,1.16347
2026-09-08 18:48,1.16293,1.16293,1.16293,1.16293
2026-09-08 18:49,1.16266,1.16266,1.16266,1.16266
2026-09-08 18:50,1.16279,1.16279,1.16279,1.16279
2026-09-08 18:51,1.16266,1.16266,1.16266,1.16266
2026-09-08 18:52,1.16266,1.16266,1.16266,1.16266
2026-09-08 18:53,1.16279,1.16279,1.16279,1.16279
2026-09-08 18:54,1.16306,1.16306,1.16306,1.16306
2026-09-08 18:55,1.16306,1.16306,1.16306,1.16306
2026-09-08 18:56,1.16306,1.16306,1.16306,1.16306
2026-09-08 18:57,1.16293,1.16293,1.16293,1.16293
2026-09-08 18:58,1.16293,1.16293,1.16293,1.16293
2026-09-08 18:59,1.16293,1.16293,1.16293,1.16293
2026-09-08 19:00,1.16320,1.16320,1.16320,1.16320
2026-09-08 19:01,1.16320,1.16320,1.16320,1.16320
2026-09-08 19:02,1.16320,1.16320,1.16320,1.16320
2026-09-08 19:03,1.16333,1.16333,1.16333,1.16333
2026-09-08 19:04,1.16333,1.16333,1.16333,1.16333
2026-09-08 19:05,1.16333,1.16333,1.16333,1.16333
2026-09-08 19:06,1.16320,1.16320,1.16320,1.16320
2026-09-08 19:07,1.16320,1.16320,1.16320,1.16320
2026-09-08 19:08,1.16320,1.16320,1.16320,1.16320
2026-09-08 19:09,1.16306,1.16306,1.16306,1.16306
2026-09-08 19:10,1.16293,1.16293,1.16293,1.16293
2026-09-08 19:11,1.16293,1.16293,1.16293,1.16293
2026-09-08 19:12,1.16306,1.16306,1.16306,1.16306
2026-09-08 19:13,1.16306,1.16306,1.16306,1.16306
2026-09-08 19:14,1.16293,1.16293,1.16293,1.16293
2026-09-08 19:15,1.16306,1.16306,1.16306,1.16306
2026-09-08 19:16,1.16293,1.16293,1.16293,1.16293
2026-09-08 19:17,1.16293,1.16293,1.16293,1.16293
2026-09-08 19:18,1.16293,1.16293,1.16293,1.16293
2026-09-08 19:19,1.16293,1.16293,1.16293,1.16293
2026-09-08 19:20,1.16293,1.16293,1.16293,1.16293
2026-09-08 19:21,1.16306,1.16306,1.16306,1.16306
2026-09-08 19:22,1.16293,1.16293,1.16293,1.16293
2026-09-08 19:23,1.16293,1.16293,1.16293,1.16293
2026-09-08 19:24,1.16293,1.16293,1.16293,1.16293
2026-09-08 19:25,1.16293,1.16293,1.16293,1.16293
2026-09-08 19:26,1.16293,1.16293,1.16293,1.16293
2026-09-08 19:27,1.16293,1.16293,1.16293,1.16293
2026-09-08 19:28,1.16293,1.16293,1.16293,1.16293
2026-09-08 19:29,1.16293,1.16293,1.16293,1.16293
2026-09-08 19:30,1.16293,1.16293,1.16293,1.16293
2026-09-08 19:31,1.16293,1.16293,1.16293,1.16293
2026-09-08 19:32,1.16306,1.16306,1.16306,1.16306
2026-09-08 19:33,1.16293,1.16293,1.16293,1.16293
2026-09-08 19:34,1.16293,1.16293,1.16293,1.16293
2026-09-08 19:35,1.16306,1.16306,1.16306,1.16306
2026-09-08 19:36,1.16293,1.16293,1.16293,1.16293
2026-09-08 19:37,1.16293,1.16293,1.16293,1.16293
2026-09-08 19:38,1.16306,1.16306,1.16306,1.16306
2026-09-08 19:39,1.16306,1.16306,1.16306,1.16306
2026-09-08 19:40,1.16306,1.16306,1.16306,1.16306
2026-09-08 19:41,1.16306,1.16306,1.16306,1.16306
2026-09-08 19:42,1.16306,1.16306,1.16306,1.16306
2026-09-08 19:43,1.16306,1.16306,1.16306,1.16306
2026-09-08 19:44,1.16306,1.16306,1.16306,1.16306
2026-09-08 19:45,1.16293,1.16293,1.16293,1.16293
2026-09-08 19:46,1.16293,1.16293,1.16293,1.16293
2026-09-08 19:47,1.16293,1.16293,1.16293,1.16293
2026-09-08 19:48,1.16293,1.16293,1.16293,1.16293
2026-09-08 19:49,1.16293,1.16293,1.16293,1.16293
2026-09-08 19:50,1.16293,1.16293,1.16293,1.16293
2026-09-08 19:51,1.16279,1.16279,1.16279,1.16279
2026-09-08 19:52,1.16279,1.16279,1.16279,1.16279
2026-09-08 19:53,1.16279,1.16279,1.16279,1.16279
2026-09-08 19:54,1.16279,1.16279,1.16279,1.16279
2026-09-08 19:55,1.16266,1.16266,1.16266,1.16266
2026-09-08 19:56,1.16279,1.16279,1.16279,1.16279
2026-09-08 19:57,1.16266,1.16266,1.16266,1.16266
2026-09-08 19:58,1.16266,1.16266,1.16266,1.16266
2026-09-08 19:59,1.16266,1.16266,1.16266,1.16266
2026-09-08 20:00,1.16266,1.16266,1.16266,1.16266
2026-09-08 20:01,1.16279,1.16279,1.16279,1.16279
2026-09-08 20:02,1.16279,1.16279,1.16279,1.16279
2026-09-08 20:03,1.16279,1.16279,1.16279,1.16279
2026-09-08 20:04,1.16279,1.16279,1.16279,1.16279
2026-09-08 20:05,1.16279,1.16279,1.16279,1.16279
2026-09-08 20:06,1.16266,1.16266,1.16266,1.16266
2026-09-08 20:07,1.16266,1.16266,1.16266,1.16266
2026-09-08 20:08,1.16266,1.16266,1.16266,1.16266
2026-09-08 20:09,1.16266,1.16266,1.16266,1.16266
2026-09-08 20:10,1.16266,1.16266,1.16266,1.16266
2026-09-08 20:11,1.16279,1.16279,1.16279,1.16279
2026-09-08 20:12,1.16266,1.16266,1.16266,1.16266
2026-09-08 20:13,1.16266,1.16266,1.16266,1.16266
2026-09-08 20:14,1.16266,1.16266,1.16266,1.16266
2026-09-08 20:15,1.16266,1.16266,1.16266,1.16266
2026-09-08 20:16,1.16266,1.16266,1.16266,1.16266
2026-09-08 20:17,1.16279,1.16279,1.16279,1.16279
2026-09-08 20:18,1.16279,1.16279,1.16279,1.16279
2026-09-08 20:19,1.16279,1.16279,1.16279,1.16279
2026-09-08 20:20,1.16279,1.16279,1.16279,1.16279
2026-09-08 20:21,1.16279,1.16279,1.16279,1.16279
2026-09-08 20:22,1.16279,1.16279,1.16279,1.16279
2026-09-08 20:23,1.16279,1.16279,1.16279,1.16279
2026-09-08 20:24,1.16279,1.16279,1.16279,1.16279
2026-09-08 20:25,1.16266,1.16266,1.16266,1.16266
2026-09-08 20:26,1.16266,1.16266,1.16266,1.16266
2026-09-08 20:27,1.16266,1.16266,1.16266,1.16266
2026-09-08 20:28,1.16266,1.16266,1.16266,1.16266
2026-09-08 20:29,1.16266,1.16266,1.16266,1.16266
2026-09-08 20:30,1.16252,1.16252,1.16252,1.16252
2026-09-08 20:31,1.16266,1.16266,1.16266,1.16266
2026-09-08 20:32,1.16266,1.16266,1.16266,1.16266
2026-09-08 20:33,1.16266,1.16266,1.16266,1.16266
2026-09-08 20:34,1.16266,1.16266,1.16266,1.16266
2026-09-08 20:35,1.16266,1.16266,1.16266,1.16266
2026-09-08 20:36,1.16266,1.16266,1.16266,1.16266
2026-09-08 20:37,1.16266,1.16266,1.16266,1.16266
2026-09-08 20:38,1.16266,1.16266,1.16266,1.16266
2026-09-08 20:39,1.16266,1.16266,1.16266,1.16266
2026-09-08 20:40,1.16279,1.16279,1.16279,1.16279
2026-09-08 20:41,1.16266,1.16266,1.16266,1.16266
2026-09-08 20:42,1.16266,1.16266,1.16266,1.16266
2026-09-08 20:43,1.16266,1.16266,1.16266,1.16266
2026-09-08 20:44,1.16266,1.16266,1.16266,1.16266
2026-09-08 20:45,1.16266,1.16266,1.16266,1.16266
2026-09-08 20:46,1.16266,1.16266,1.16266,1.16266
2026-09-08 20:47,1.16266,1.16266,1.16266,1.16266
2026-09-08 20:48,1.16252,1.16252,1.16252,1.16252
2026-09-08 20:49,1.16252,1.16252,1.16252,1.16252
2026-09-08 20:50,1.16266,1.16266,1.16266,1.16266
2026-09-08 20:51,1.16266,1.16266,1.16266,1.16266
2026-09-08 20:52,1.16266,1.16266,1.16266,1.16266
2026-09-08 20:53,1.16266,1.16266,1.16266,1.16266
2026-09-08 20:54,1.16266,1.16266,1.16266,1.16266
2026-09-08 20:55,1.16266,1.16266,1.16266,1.16266
2026-09-08 20:56,1.16266,1.16266,1.16266,1.16266
2026-09-08 20:57,1.16266,1.16266,1.16266,1.16266
2026-09-08 20:58,1.16266,1.16266,1.16266,1.16266
2026-09-08 20:59,1.16266,1.16266,1.16266,1.16266
2026-09-08 21:00,1.16320,1.16320,1.16320,1.16320
2026-09-08 21:01,1.16320,1.16320,1.16320,1.16320
2026-09-08 21:02,1.16320,1.16320,1.16320,1.16320
2026-09-08 21:03,1.16320,1.16320,1.16320,1.16320
2026-09-08 21:04,1.16266,1.16266,1.16266,1.16266
2026-09-08 21:05,1.16252,1.16252,1.16252,1.16252
2026-09-08 21:06,1.16266,1.16266,1.16266,1.16266
2026-09-08 21:07,1.16266,1.16266,1.16266,1.16266
2026-09-08 21:08,1.16293,1.16293,1.16293,1.16293
2026-09-08 21:09,1.16266,1.16266,1.16266,1.16266
2026-09-08 21:10,1.16279,1.16279,1.16279,1.16279
2026-09-08 21:11,1.16279,1.16279,1.16279,1.16279
2026-09-08 21:12,1.16266,1.16266,1.16266,1.16266
2026-09-08 21:13,1.16279,1.16279,1.16279,1.16279
2026-09-08 21:14,1.16266,1.16266,1.16266,1.16266
2026-09-08 21:15,1.16279,1.16279,1.16279,1.16279
2026-09-08 21:16,1.16306,1.16306,1.16306,1.16306
2026-09-08 21:17,1.16279,1.16279,1.16279,1.16279
2026-09-08 21:18,1.16279,1.16279,1.16279,1.16279
2026-09-08 21:19,1.16266,1.16266,1.16266,1.16266
2026-09-08 21:20,1.16293,1.16293,1.16293,1.16293
2026-09-08 21:21,1.16293,1.16293,1.16293,1.16293
2026-09-08 21:22,1.16279,1.16279,1.16279,1.16279
2026-09-08 21:23,1.16279,1.16279,1.16279,1.16279
2026-09-08 21:24,1.16293,1.16293,1.16293,1.16293
2026-09-08 21:25,1.16266,1.16266,1.16266,1.16266
2026-09-08 21:26,1.16252,1.16252,1.16252,1.16252
2026-09-08 21:27,1.16266,1.16266,1.16266,1.16266
2026-09-08 21:28,1.16293,1.16293,1.16293,1.16293
2026-09-08 21:29,1.16279,1.16279,1.16279,1.16279
2026-09-08 21:30,1.16279,1.16279,1.16279,1.16279
2026-09-08 21:31,1.16293,1.16293,1.16293,1.16293
2026-09-08 21:32,1.16279,1.16279,1.16279,1.16279
2026-09-08 21:33,1.16279,1.16279,1.16279,1.16279
2026-09-08 21:34,1.16279,1.16279,1.16279,1.16279
2026-09-08 21:35,1.16279,1.16279,1.16279,1.16279
2026-09-08 21:36,1.16279,1.16279,1.16279,1.16279
2026-09-08 21:37,1.16279,1.16279,1.16279,1.16279
2026-09-08 21:38,1.16293,1.16293,1.16293,1.16293
2026-09-08 21:39,1.16293,1.16293,1.16293,1.16293
2026-09-08 21:40,1.16266,1.16266,1.16266,1.16266
2026-09-08 21:41,1.16293,1.16293,1.16293,1.16293
2026-09-08 21:42,1.16293,1.16293,1.16293,1.16293
2026-09-08 21:43,1.16279,1.16279,1.16279,1.16279
2026-09-08 21:44,1.16293,1.16293,1.16293,1.16293
2026-09-08 21:45,1.16293,1.16293,1.16293,1.16293
2026-09-08 21:46,1.16279,1.16279,1.16279,1.16279
2026-09-08 21:47,1.16293,1.16293,1.16293,1.16293
2026-09-08 21:48,1.16293,1.16293,1.16293,1.16293
2026-09-08 21:49,1.16293,1.16293,1.16293,1.16293
2026-09-08 21:50,1.16293,1.16293,1.16293,1.16293
2026-09-08 21:51,1.16293,1.16293,1.16293,1.16293
2026-09-08 21:52,1.16293,1.16293,1.16293,1.16293
2026-09-08 21:53,1.16293,1.16293,1.16293,1.16293
2026-09-08 21:54,1.16293,1.16293,1.16293,1.16293
2026-09-08 21:55,1.16293,1.16293,1.16293,1.16293
2026-09-08 21:56,1.16293,1.16293,1.16293,1.16293
2026-09-08 21:57,1.16293,1.16293,1.16293,1.16293
2026-09-08 21:58,1.16306,1.16306,1.16306,1.16306
2026-09-08 21:59,1.16306,1.16306,1.16306,1.16306
2026-09-08 22:00,1.16279,1.16279,1.16279,1.16279
2026-09-08 22:01,1.16293,1.16293,1.16293,1.16293
2026-09-08 22:02,1.16293,1.16293,1.16293,1.16293
2026-09-08 22:03,1.16293,1.16293,1.16293,1.16293
2026-09-08 22:04,1.16293,1.16293,1.16293,1.16293
2026-09-08 22:05,1.16293,1.16293,1.16293,1.16293
2026-09-08 22:06,1.16293,1.16293,1.16293,1.16293
2026-09-08 22:07,1.16293,1.16293,1.16293,1.16293
2026-09-08 22:08,1.16293,1.16293,1.16293,1.16293
2026-09-08 22:09,1.16293,1.16293,1.16293,1.16293
2026-09-08 22:10,1.16293,1.16293,1.16293,1.16293
2026-09-08 22:11,1.16293,1.16293,1.16293,1.16293
2026-09-08 22:12,1.16293,1.16293,1.16293,1.16293
2026-09-08 22:13,1.16293,1.16293,1.16293,1.16293
2026-09-08 22:14,1.16293,1.16293,1.16293,1.16293
2026-09-08 22:15,1.16293,1.16293,1.16293,1.16293
2026-09-08 22:16,1.16306,1.16306,1.16306,1.16306
2026-09-08 22:17,1.16306,1.16306,1.16306,1.16306
2026-09-08 22:18,1.16306,1.16306,1.16306,1.16306
2026-09-08 22:19,1.16306,1.16306,1.16306,1.16306
2026-09-08 22:20,1.16293,1.16293,1.16293,1.16293
2026-09-08 22:21,1.16293,1.16293,1.16293,1.16293
2026-09-08 22:22,1.16306,1.16306,1.16306,1.16306
2026-09-08 22:23,1.16306,1.16306,1.16306,1.16306
2026-09-08 22:24,1.16306,1.16306,1.16306,1.16306
2026-09-08 22:25,1.16306,1.16306,1.16306,1.16306
2026-09-08 22:26,1.16306,1.16306,1.16306,1.16306
2026-09-08 22:27,1.16306,1.16306,1.16306,1.16306
2026-09-08 22:28,1.16306,1.16306,1.16306,1.16306
2026-09-08 22:29,1.16306,1.16306,1.16306,1.16306
2026-09-08 22:30,1.16306,1.16306,1.16306,1.16306
2026-09-08 22:31,1.16306,1.16306,1.16306,1.16306
2026-09-08 22:32,1.16306,1.16306,1.16306,1.16306
2026-09-08 22:33,1.16306,1.16306,1.16306,1.16306
2026-09-08 22:34,1.16306,1.16306,1.16306,1.16306
2026-09-08 22:35,1.16293,1.16293,1.16293,1.16293
2026-09-08 22:36,1.16293,1.16293,1.16293,1.16293
2026-09-08 22:37,1.16293,1.16293,1.16293,1.16293
2026-09-08 22:38,1.16293,1.16293,1.16293,1.16293
2026-09-08 22:39,1.16293,1.16293,1.16293,1.16293
2026-09-08 22:40,1.16293,1.16293,1.16293,1.16293
2026-09-08 22:41,1.16293,1.16293,1.16293,1.16293
2026-09-08 22:42,1.16293,1.16293,1.16293,1.16293
2026-09-08 22:43,1.16293,1.16293,1.16293,1.16293
2026-09-08 22:44,1.16293,1.16293,1.16293,1.16293
2026-09-08 22:45,1.16293,1.16293,1.16293,1.16293
2026-09-08 22:46,1.16293,1.16293,1.16293,1.16293
2026-09-08 22:47,1.16293,1.16293,1.16293,1.16293
2026-09-08 22:48,1.16293,1.16293,1.16293,1.16293
2026-09-08 22:49,1.16293,1.16293,1.16293,1.16293
2026-09-08 22:50,1.16293,1.16293,1.16293,1.16293
2026-09-08 22:51,1.16293,1.16293,1.16293,1.16293
2026-09-08 22:52,1.16293,1.16293,1.16293,1.16293
2026-09-08 22:53,1.16293,1.16293,1.16293,1.16293
2026-09-08 22:54,1.16293,1.16293,1.16293,1.16293
2026-09-08 22:55,1.16293,1.16293,1.16293,1.16293
2026-09-08 22:56,1.16293,1.16293,1.16293,1.16293
2026-09-08 22:57,1.16293,1.16293,1.16293,1.16293
2026-09-08 22:58,1.16293,1.16293,1.16293,1.16293
2026-09-08 23:00,1.16293,1.16293,1.16293,1.16293
2026-09-08 23:01,1.16293,1.16293,1.16293,1.16293
2026-09-08 23:02,1.16293,1.16293,1.16293,1.16293
2026-09-08 23:03,1.16293,1.16293,1.16293,1.16293
2026-09-08 23:04,1.16293,1.16293,1.16293,1.16293
2026-09-08 23:05,1.16293,1.16293,1.16293,1.16293
2026-09-08 23:06,1.16293,1.16293,1.16293,1.16293
2026-09-08 23:07,1.16293,1.16293,1.16293,1.16293
2026-09-08 23:08,1.16293,1.16293,1.16293,1.16293
2026-09-08 23:09,1.16293,1.16293,1.16293,1.16293
2026-09-08 23:10,1.16293,1.16293,1.16293,1.16293
2026-09-08 23:11,1.16293,1.16293,1.16293,1.16293
2026-09-08 23:12,1.16293,1.16293,1.16293,1.16293
2026-09-08 23:13,1.16293,1.16293,1.16293,1.16293
2026-09-08 23:14,1.16293,1.16293,1.16293,1.16293
2026-09-08 23:15,1.16293,1.16293,1.16293,1.16293
2026-09-08 23:16,1.16293,1.16293,1.16293,1.16293
2026-09-08 23:17,1.16306,1.16306,1.16306,1.16306
2026-09-08 23:18,1.16306,1.16306,1.16306,1.16306
2026-09-08 23:19,1.16306,1.16306,1.16306,1.16306
2026-09-08 23:20,1.16306,1.16306,1.16306,1.16306
2026-09-08 23:21,1.16306,1.16306,1.16306,1.16306
2026-09-08 23:22,1.16293,1.16293,1.16293,1.16293
2026-09-08 23:23,1.16293,1.16293,1.16293,1.16293
2026-09-08 23:24,1.16306,1.16306,1.16306,1.16306
2026-09-08 23:25,1.16293,1.16293,1.16293,1.16293
2026-09-08 23:26,1.16306,1.16306,1.16306,1.16306
2026-09-08 23:27,1.16306,1.16306,1.16306,1.16306
2026-09-08 23:28,1.16306,1.16306,1.16306,1.16306
2026-09-08 23:29,1.16306,1.16306,1.16306,1.16306
2026-09-08 23:30,1.16306,1.16306,1.16306,1.16306
2026-09-08 23:31,1.16306,1.16306,1.16306,1.16306
2026-09-08 23:32,1.16306,1.16306,1.16306,1.16306
2026-09-08 23:33,1.16306,1.16306,1.16306,1.16306
2026-09-08 23:34,1.16293,1.16293,1.16293,1.16293
2026-09-08 23:35,1.16293,1.16293,1.16293,1.16293
2026-09-08 23:36,1.16293,1.16293,1.16293,1.16293
2026-09-08 23:37,1.16293,1.16293,1.16293,1.16293
2026-09-08 23:38,1.16306,1.16306,1.16306,1.16306
2026-09-08 23:39,1.16306,1.16306,1.16306,1.16306
2026-09-08 23:40,1.16306,1.16306,1.16306,1.16306
2026-09-08 23:41,1.16306,1.16306,1.16306,1.16306
2026-09-08 23:42,1.16320,1.16320,1.16320,1.16320
2026-09-08 23:43,1.16320,1.16320,1.16320,1.16320
2026-09-08 23:44,1.16320,1.16320,1.16320,1.16320
2026-09-08 23:45,1.16320,1.16320,1.16320,1.16320
2026-09-08 23:46,1.16306,1.16306,1.16306,1.16306
2026-09-08 23:47,1.16320,1.16320,1.16320,1.16320
2026-09-08 23:48,1.16320,1.16320,1.16320,1.16320
2026-09-08 23:49,1.16320,1.16320,1.16320,1.16320
2026-09-08 23:50,1.16320,1.16320,1.16320,1.16320
2026-09-08 23:51,1.16320,1.16320,1.16320,1.16320
2026-09-08 23:52,1.16306,1.16306,1.16306,1.16306
2026-09-08 23:53,1.16306,1.16306,1.16306,1.16306
2026-09-08 23:54,1.16306,1.16306,1.16306,1.16306
2026-09-08 23:55,1.16306,1.16306,1.16306,1.16306
2026-09-08 23:56,1.16306,1.16306,1.16306,1.16306
2026-09-08 23:57,1.16306,1.16306,1.16306,1.16306
2026-09-08 23:58,1.16306,1.16306,1.16306,1.16306
2026-09-08 23:59,1.16306,1.16306,1.16306,1.16306
2026-09-09 00:00,1.16320,1.16320,1.16320,1.16320
2026-09-09 00:01,1.16333,1.16333,1.16333,1.16333
2026-09-09 00:02,1.16333,1.16333,1.16333,1.16333
2026-09-09 00:03,1.16347,1.16347,1.16347,1.16347
2026-09-09 00:04,1.16347,1.16347,1.16347,1.16347
2026-09-09 00:05,1.16347,1.16347,1.16347,1.16347
2026-09-09 00:06,1.16333,1.16333,1.16333,1.16333
2026-09-09 00:07,1.16333,1.16333,1.16333,1.16333
2026-09-09 00:08,1.16333,1.16333,1.16333,1.16333
2026-09-09 00:09,1.16333,1.16333,1.16333,1.16333
2026-09-09 00:10,1.16333,1.16333,1.16333,1.16333
2026-09-09 00:11,1.16333,1.16333,1.16333,1.16333
2026-09-09 00:12,1.16333,1.16333,1.16333,1.16333
2026-09-09 00:13,1.16333,1.16333,1.16333,1.16333
2026-09-09 00:14,1.16347,1.16347,1.16347,1.16347
2026-09-09 00:15,1.16333,1.16333,1.16333,1.16333
2026-09-09 00:16,1.16347,1.16347,1.16347,1.16347
2026-09-09 00:17,1.16347,1.16347,1.16347,1.16347
2026-09-09 00:18,1.16347,1.16347,1.16347,1.16347
2026-09-09 00:19,1.16347,1.16347,1.16347,1.16347
2026-09-09 00:20,1.16347,1.16347,1.16347,1.16347
2026-09-09 00:21,1.16347,1.16347,1.16347,1.16347
2026-09-09 00:22,1.16347,1.16347,1.16347,1.16347
2026-09-09 00:23,1.16347,1.16347,1.16347,1.16347
2026-09-09 00:24,1.16333,1.16333,1.16333,1.16333
2026-09-09 00:25,1.16333,1.16333,1.16333,1.16333
2026-09-09 00:26,1.16347,1.16347,1.16347,1.16347
2026-09-09 00:27,1.16347,1.16347,1.16347,1.16347
2026-09-09 00:28,1.16347,1.16347,1.16347,1.16347
2026-09-09 00:29,1.16347,1.16347,1.16347,1.16347
2026-09-09 00:30,1.16347,1.16347,1.16347,1.16347
2026-09-09 00:31,1.16347,1.16347,1.16347,1.16347
2026-09-09 00:32,1.16347,1.16347,1.16347,1.16347
2026-09-09 00:33,1.16347,1.16347,1.16347,1.16347
2026-09-09 00:34,1.16333,1.16333,1.16333,1.16333
2026-09-09 00:35,1.16347,1.16347,1.16347,1.16347
2026-09-09 00:36,1.16347,1.16347,1.16347,1.16347
2026-09-09 00:37,1.16333,1.16333,1.16333,1.16333
2026-09-09 00:38,1.16333,1.16333,1.16333,1.16333
2026-09-09 00:39,1.16333,1.16333,1.16333,1.16333
2026-09-09 00:40,1.16333,1.16333,1.16333,1.16333
2026-09-09 00:41,1.16333,1.16333,1.16333,1.16333
2026-09-09 00:42,1.16333,1.16333,1.16333,1.16333
2026-09-09 00:43,1.16333,1.16333,1.16333,1.16333
2026-09-09 00:44,1.16347,1.16347,1.16347,1.16347
2026-09-09 00:45,1.16333,1.16333,1.16333,1.16333
2026-09-09 00:46,1.16347,1.16347,1.16347,1.16347
2026-09-09 00:47,1.16333,1.16333,1.16333,1.16333
2026-09-09 00:48,1.16347,1.16347,1.16347,1.16347
2026-09-09 00:49,1.16347,1.16347,1.16347,1.16347
2026-09-09 00:50,1.16347,1.16347,1.16347,1.16347
2026-09-09 00:51,1.16347,1.16347,1.16347,1.16347
2026-09-09 00:52,1.16347,1.16347,1.16347,1.16347
2026-09-09 00:53,1.16347,1.16347,1.16347,1.16347
2026-09-09 00:54,1.16333,1.16333,1.16333,1.16333
2026-09-09 00:55,1.16347,1.16347,1.16347,1.16347
2026-09-09 00:56,1.16333,1.16333,1.16333,1.16333
2026-09-09 00:57,1.16347,1.16347,1.16347,1.16347
2026-09-09 00:58,1.16347,1.16347,1.16347,1.16347
2026-09-09 00:59,1.16347,1.16347,1.16347,1.16347
2026-09-09 01:00,1.16347,1.16347,1.16347,1.16347
2026-09-09 01:01,1.16333,1.16333,1.16333,1.16333
2026-09-09 01:02,1.16333,1.16333,1.16333,1.16333
2026-09-09 01:03,1.16320,1.16320,1.16320,1.16320
2026-09-09 01:04,1.16333,1.16333,1.16333,1.16333
2026-09-09 01:05,1.16333,1.16333,1.16333,1.16333
2026-09-09 01:06,1.16333,1.16333,1.16333,1.16333
2026-09-09 01:07,1.16333,1.16333,1.16333,1.16333
2026-09-09 01:08,1.16347,1.16347,1.16347,1.16347
2026-09-09 01:09,1.16347,1.16347,1.16347,1.16347
2026-09-09 01:10,1.16347,1.16347,1.16347,1.16347
2026-09-09 01:11,1.16347,1.16347,1.16347,1.16347
2026-09-09 01:12,1.16347,1.16347,1.16347,1.16347
2026-09-09 01:13,1.16347,1.16347,1.16347,1.16347
2026-09-09 01:14,1.16347,1.16347,1.16347,1.16347
2026-09-09 01:15,1.16347,1.16347,1.16347,1.16347
2026-09-09 01:16,1.16360,1.16360,1.16360,1.16360
2026-09-09 01:17,1.16347,1.16347,1.16347,1.16347
2026-09-09 01:18,1.16347,1.16347,1.16347,1.16347
2026-09-09 01:19,1.16347,1.16347,1.16347,1.16347
2026-09-09 01:20,1.16333,1.16333,1.16333,1.16333
2026-09-09 01:21,1.16320,1.16320,1.16320,1.16320
2026-09-09 01:22,1.16333,1.16333,1.16333,1.16333
2026-09-09 01:23,1.16320,1.16320,1.16320,1.16320
2026-09-09 01:24,1.16320,1.16320,1.16320,1.16320
2026-09-09 01:25,1.16320,1.16320,1.16320,1.16320
2026-09-09 01:26,1.16320,1.16320,1.16320,1.16320
2026-09-09 01:27,1.16306,1.16306,1.16306,1.16306
2026-09-09 01:28,1.16320,1.16320,1.16320,1.16320
2026-09-09 01:29,1.16320,1.16320,1.16320,1.16320
2026-09-09 01:30,1.16306,1.16306,1.16306,1.16306
2026-09-09 01:31,1.16306,1.16306,1.16306,1.16306
2026-09-09 01:32,1.16320,1.16320,1.16320,1.16320
2026-09-09 01:33,1.16320,1.16320,1.16320,1.16320
2026-09-09 01:34,1.16320,1.16320,1.16320,1.16320
2026-09-09 01:35,1.16320,1.16320,1.16320,1.16320
2026-09-09 01:36,1.16320,1.16320,1.16320,1.16320
2026-09-09 01:37,1.16320,1.16320,1.16320,1.16320
2026-09-09 01:38,1.16320,1.16320,1.16320,1.16320
2026-09-09 01:39,1.16320,1.16320,1.16320,1.16320
2026-09-09 01:40,1.16333,1.16333,1.16333,1.16333
2026-09-09 01:41,1.16320,1.16320,1.16320,1.16320
2026-09-09 01:42,1.16320,1.16320,1.16320,1.16320
2026-09-09 01:43,1.16320,1.16320,1.16320,1.16320
2026-09-09 01:44,1.16333,1.16333,1.16333,1.16333
2026-09-09 01:45,1.16333,1.16333,1.16333,1.16333
2026-09-09 01:46,1.16333,1.16333,1.16333,1.16333
2026-09-09 01:47,1.16333,1.16333,1.16333,1.16333
2026-09-09 01:48,1.16333,1.16333,1.16333,1.16333
2026-09-09 01:49,1.16333,1.16333,1.16333,1.16333
2026-09-09 01:50,1.16333,1.16333,1.16333,1.16333
2026-09-09 01:51,1.16333,1.16333,1.16333,1.16333
2026-09-09 01:52,1.16333,1.16333,1.16333,1.16333
2026-09-09 01:53,1.16333,1.16333,1.16333,1.16333
2026-09-09 01:54,1.16333,1.16333,1.16333,1.16333
2026-09-09 01:55,1.16333,1.16333,1.16333,1.16333
2026-09-09 01:56,1.16347,1.16347,1.16347,1.16347
2026-09-09 01:57,1.16347,1.16347,1.16347,1.16347
2026-09-09 01:58,1.16347,1.16347,1.16347,1.16347
2026-09-09 01:59,1.16347,1.16347,1.16347,1.16347
2026-09-09 02:00,1.16347,1.16347,1.16347,1.16347
2026-09-09 02:01,1.16347,1.16347,1.16347,1.16347
2026-09-09 02:02,1.16333,1.16333,1.16333,1.16333
2026-09-09 02:03,1.16333,1.16333,1.16333,1.16333
2026-09-09 02:04,1.16333,1.16333,1.16333,1.16333
2026-09-09 02:05,1.16320,1.16320,1.16320,1.16320
2026-09-09 02:06,1.16333,1.16333,1.16333,1.16333
2026-09-09 02:07,1.16333,1.16333,1.16333,1.16333
2026-09-09 02:08,1.16333,1.16333,1.16333,1.16333
2026-09-09 02:09,1.16333,1.16333,1.16333,1.16333
2026-09-09 02:10,1.16347,1.16347,1.16347,1.16347
2026-09-09 02:11,1.16347,1.16347,1.16347,1.16347
2026-09-09 02:12,1.16347,1.16347,1.16347,1.16347
2026-09-09 02:13,1.16347,1.16347,1.16347,1.16347
2026-09-09 02:14,1.16333,1.16333,1.16333,1.16333
2026-09-09 02:15,1.16333,1.16333,1.16333,1.16333
2026-09-09 02:16,1.16333,1.16333,1.16333,1.16333
2026-09-09 02:17,1.16333,1.16333,1.16333,1.16333
2026-09-09 02:18,1.16333,1.16333,1.16333,1.16333
2026-09-09 02:19,1.16333,1.16333,1.16333,1.16333
2026-09-09 02:20,1.16333,1.16333,1.16333,1.16333
2026-09-09 02:21,1.16333,1.16333,1.16333,1.16333
2026-09-09 02:22,1.16333,1.16333,1.16333,1.16333
2026-09-09 02:23,1.16320,1.16320,1.16320,1.16320
2026-09-09 02:24,1.16320,1.16320,1.16320,1.16320
2026-09-09 02:25,1.16320,1.16320,1.16320,1.16320
2026-09-09 02:26,1.16320,1.16320,1.16320,1.16320
2026-09-09 02:27,1.16320,1.16320,1.16320,1.16320
2026-09-09 02:28,1.16320,1.16320,1.16320,1.16320
2026-09-09 02:29,1.16320,1.16320,1.16320,1.16320
2026-09-09 02:30,1.16320,1.16320,1.16320,1.16320
2026-09-09 02:31,1.16320,1.16320,1.16320,1.16320
2026-09-09 02:32,1.16333,1.16333,1.16333,1.16333
2026-09-09 02:33,1.16320,1.16320,1.16320,1.16320
2026-09-09 02:34,1.16333,1.16333,1.16333,1.16333
2026-09-09 02:35,1.16320,1.16320,1.16320,1.16320
2026-09-09 02:36,1.16320,1.16320,1.16320,1.16320
2026-09-09 02:37,1.16320,1.16320,1.16320,1.16320
2026-09-09 02:38,1.16320,1.16320,1.16320,1.16320
2026-09-09 02:39,1.16320,1.16320,1.16320,1.16320
2026-09-09 02:40,1.16320,1.16320,1.16320,1.16320
2026-09-09 02:41,1.16320,1.16320,1.16320,1.16320
2026-09-09 02:42,1.16320,1.16320,1.16320,1.16320
2026-09-09 02:43,1.16320,1.16320,1.16320,1.16320
2026-09-09 02:44,1.16320,1.16320,1.16320,1.16320
2026-09-09 02:45,1.16333,1.16333,1.16333,1.16333
2026-09-09 02:46,1.16347,1.16347,1.16347,1.16347
2026-09-09 02:47,1.16347,1.16347,1.16347,1.16347
2026-09-09 02:48,1.16333,1.16333,1.16333,1.16333
2026-09-09 02:49,1.16333,1.16333,1.16333,1.16333
2026-09-09 02:50,1.16333,1.16333,1.16333,1.16333
2026-09-09 02:51,1.16333,1.16333,1.16333,1.16333
2026-09-09 02:52,1.16347,1.16347,1.16347,1.16347
2026-09-09 02:53,1.16347,1.16347,1.16347,1.16347
2026-09-09 02:54,1.16347,1.16347,1.16347,1.16347
2026-09-09 02:55,1.16333,1.16333,1.16333,1.16333
2026-09-09 02:56,1.16347,1.16347,1.16347,1.16347
2026-09-09 02:57,1.16347,1.16347,1.16347,1.16347
2026-09-09 02:58,1.16347,1.16347,1.16347,1.16347
2026-09-09 02:59,1.16347,1.16347,1.16347,1.16347
2026-09-09 03:00,1.16347,1.16347,1.16347,1.16347
2026-09-09 03:01,1.16333,1.16333,1.16333,1.16333
2026-09-09 03:02,1.16347,1.16347,1.16347,1.16347
2026-09-09 03:03,1.16347,1.16347,1.16347,1.16347
2026-09-09 03:04,1.16347,1.16347,1.16347,1.16347
2026-09-09 03:05,1.16347,1.16347,1.16347,1.16347
2026-09-09 03:06,1.16347,1.16347,1.16347,1.16347
2026-09-09 03:07,1.16347,1.16347,1.16347,1.16347
2026-09-09 03:08,1.16333,1.16333,1.16333,1.16333
2026-09-09 03:09,1.16333,1.16333,1.16333,1.16333
2026-09-09 03:10,1.16333,1.16333,1.16333,1.16333
2026-09-09 03:11,1.16347,1.16347,1.16347,1.16347
2026-09-09 03:12,1.16347,1.16347,1.16347,1.16347
2026-09-09 03:13,1.16333,1.16333,1.16333,1.16333
2026-09-09 03:14,1.16347,1.16347,1.16347,1.16347
2026-09-09 03:15,1.16347,1.16347,1.16347,1.16347
2026-09-09 03:16,1.16333,1.16333,1.16333,1.16333
2026-09-09 03:17,1.16347,1.16347,1.16347,1.16347
2026-09-09 03:18,1.16347,1.16347,1.16347,1.16347
2026-09-09 03:19,1.16347,1.16347,1.16347,1.16347
2026-09-09 03:20,1.16347,1.16347,1.16347,1.16347
2026-09-09 03:21,1.16333,1.16333,1.16333,1.16333
2026-09-09 03:22,1.16333,1.16333,1.16333,1.16333
2026-09-09 03:23,1.16333,1.16333,1.16333,1.16333
2026-09-09 03:24,1.16333,1.16333,1.16333,1.16333
2026-09-09 03:25,1.16333,1.16333,1.16333,1.16333
2026-09-09 03:26,1.16333,1.16333,1.16333,1.16333
2026-09-09 03:27,1.16347,1.16347,1.16347,1.16347
2026-09-09 03:28,1.16333,1.16333,1.16333,1.16333
2026-09-09 03:29,1.16333,1.16333,1.16333,1.16333
2026-09-09 03:30,1.16333,1.16333,1.16333,1.16333
2026-09-09 03:31,1.16333,1.16333,1.16333,1.16333
2026-09-09 03:32,1.16333,1.16333,1.16333,1.16333
2026-09-09 03:33,1.16333,1.16333,1.16333,1.16333
2026-09-09 03:34,1.16333,1.16333,1.16333,1.16333
2026-09-09 03:35,1.16333,1.16333,1.16333,1.16333
2026-09-09 03:36,1.16347,1.16347,1.16347,1.16347
2026-09-09 03:37,1.16347,1.16347,1.16347,1.16347
2026-09-09 03:38,1.16347,1.16347,1.16347,1.16347
2026-09-09 03:39,1.16347,1.16347,1.16347,1.16347
2026-09-09 03:40,1.16347,1.16347,1.16347,1.16347
2026-09-09 03:41,1.16347,1.16347,1.16347,1.16347
2026-09-09 03:42,1.16347,1.16347,1.16347,1.16347
2026-09-09 03:43,1.16347,1.16347,1.16347,1.16347
2026-09-09 03:44,1.16347,1.16347,1.16347,1.16347
2026-09-09 03:45,1.16347,1.16347,1.16347,1.16347
2026-09-09 03:46,1.16347,1.16347,1.16347,1.16347
2026-09-09 03:47,1.16347,1.16347,1.16347,1.16347
2026-09-09 03:48,1.16347,1.16347,1.16347,1.16347
2026-09-09 03:49,1.16347,1.16347,1.16347,1.16347
2026-09-09 03:50,1.16360,1.16360,1.16360,1.16360
2026-09-09 03:51,1.16347,1.16347,1.16347,1.16347
2026-09-09 03:52,1.16347,1.16347,1.16347,1.16347
2026-09-09 03:53,1.16347,1.16347,1.16347,1.16347
2026-09-09 03:54,1.16347,1.16347,1.16347,1.16347
2026-09-09 03:55,1.16347,1.16347,1.16347,1.16347
2026-09-09 03:56,1.16347,1.16347,1.16347,1.16347
2026-09-09 03:57,1.16333,1.16333,1.16333,1.16333
2026-09-09 03:58,1.16333,1.16333,1.16333,1.16333
2026-09-09 03:59,1.16333,1.16333,1.16333,1.16333
2026-09-09 04:00,1.16333,1.16333,1.16333,1.16333
2026-09-09 04:01,1.16333,1.16333,1.16333,1.16333
2026-09-09 04:02,1.16333,1.16333,1.16333,1.16333
2026-09-09 04:03,1.16333,1.16333,1.16333,1.16333
2026-09-09 04:04,1.16347,1.16347,1.16347,1.16347
2026-09-09 04:05,1.16347,1.16347,1.16347,1.16347
2026-09-09 04:06,1.16347,1.16347,1.16347,1.16347
2026-09-09 04:07,1.16347,1.16347,1.16347,1.16347
2026-09-09 04:08,1.16347,1.16347,1.16347,1.16347
2026-09-09 04:09,1.16347,1.16347,1.16347,1.16347
2026-09-09 04:10,1.16333,1.16333,1.16333,1.16333
2026-09-09 04:11,1.16333,1.16333,1.16333,1.16333
2026-09-09 04:12,1.16333,1.16333,1.16333,1.16333
2026-09-09 04:13,1.16347,1.16347,1.16347,1.16347
2026-09-09 04:14,1.16347,1.16347,1.16347,1.16347
2026-09-09 04:15,1.16347,1.16347,1.16347,1.16347
2026-09-09 04:16,1.16347,1.16347,1.16347,1.16347
2026-09-09 04:17,1.16347,1.16347,1.16347,1.16347
2026-09-09 04:18,1.16333,1.16333,1.16333,1.16333
2026-09-09 04:19,1.16333,1.16333,1.16333,1.16333
2026-09-09 04:20,1.16347,1.16347,1.16347,1.16347
2026-09-09 04:21,1.16333,1.16333,1.16333,1.16333
2026-09-09 04:22,1.16347,1.16347,1.16347,1.16347
2026-09-09 04:23,1.16347,1.16347,1.16347,1.16347
2026-09-09 04:24,1.16347,1.16347,1.16347,1.16347
2026-09-09 04:25,1.16347,1.16347,1.16347,1.16347
2026-09-09 04:26,1.16347,1.16347,1.16347,1.16347
2026-09-09 04:27,1.16360,1.16360,1.16360,1.16360
2026-09-09 04:28,1.16360,1.16360,1.16360,1.16360
2026-09-09 04:29,1.16360,1.16360,1.16360,1.16360
2026-09-09 04:30,1.16360,1.16360,1.16360,1.16360
2026-09-09 04:31,1.16360,1.16360,1.16360,1.16360
2026-09-09 04:32,1.16360,1.16360,1.16360,1.16360
2026-09-09 04:33,1.16360,1.16360,1.16360,1.16360
2026-09-09 04:34,1.16360,1.16360,1.16360,1.16360
2026-09-09 04:35,1.16360,1.16360,1.16360,1.16360
2026-09-09 04:36,1.16360,1.16360,1.16360,1.16360
2026-09-09 04:37,1.16360,1.16360,1.16360,1.16360
2026-09-09 04:38,1.16347,1.16347,1.16347,1.16347
2026-09-09 04:39,1.16360,1.16360,1.16360,1.16360
2026-09-09 04:40,1.16347,1.16347,1.16347,1.16347
2026-09-09 04:41,1.16347,1.16347,1.16347,1.16347
2026-09-09 04:42,1.16347,1.16347,1.16347,1.16347
2026-09-09 04:43,1.16347,1.16347,1.16347,1.16347
2026-09-09 04:44,1.16347,1.16347,1.16347,1.16347
2026-09-09 04:45,1.16347,1.16347,1.16347,1.16347
2026-09-09 04:46,1.16347,1.16347,1.16347,1.16347
2026-09-09 04:47,1.16347,1.16347,1.16347,1.16347
2026-09-09 04:48,1.16347,1.16347,1.16347,1.16347
2026-09-09 04:49,1.16347,1.16347,1.16347,1.16347
2026-09-09 04:50,1.16347,1.16347,1.16347,1.16347
2026-09-09 04:51,1.16347,1.16347,1.16347,1.16347
2026-09-09 04:52,1.16347,1.16347,1.16347,1.16347
2026-09-09 04:53,1.16360,1.16360,1.16360,1.16360
2026-09-09 04:54,1.16360,1.16360,1.16360,1.16360
2026-09-09 04:55,1.16347,1.16347,1.16347,1.16347
2026-09-09 04:56,1.16360,1.16360,1.16360,1.16360
2026-09-09 04:57,1.16360,1.16360,1.16360,1.16360
2026-09-09 04:58,1.16360,1.16360,1.16360,1.16360
2026-09-09 04:59,1.16360,1.16360,1.16360,1.16360
2026-09-09 05:00,1.16360,1.16360,1.16360,1.16360
2026-09-09 05:01,1.16360,1.16360,1.16360,1.16360
2026-09-09 05:02,1.16360,1.16360,1.16360,1.16360
2026-09-09 05:03,1.16360,1.16360,1.16360,1.16360
2026-09-09 05:04,1.16360,1.16360,1.16360,1.16360
2026-09-09 05:05,1.16374,1.16374,1.16374,1.16374
2026-09-09 05:06,1.16374,1.16374,1.16374,1.16374
2026-09-09 05:07,1.16374,1.16374,1.16374,1.16374
2026-09-09 05:08,1.16374,1.16374,1.16374,1.16374
2026-09-09 05:09,1.16374,1.16374,1.16374,1.16374
2026-09-09 05:10,1.16387,1.16387,1.16387,1.16387
2026-09-09 05:11,1.16374,1.16374,1.16374,1.16374
2026-09-09 05:12,1.16374,1.16374,1.16374,1.16374
2026-09-09 05:13,1.16374,1.16374,1.16374,1.16374
2026-09-09 05:14,1.16374,1.16374,1.16374,1.16374
2026-09-09 05:15,1.16374,1.16374,1.16374,1.16374
2026-09-09 05:16,1.16374,1.16374,1.16374,1.16374
2026-09-09 05:17,1.16374,1.16374,1.16374,1.16374
2026-09-09 05:18,1.16374,1.16374,1.16374,1.16374
2026-09-09 05:19,1.16374,1.16374,1.16374,1.16374
2026-09-09 05:20,1.16387,1.16387,1.16387,1.16387
2026-09-09 05:21,1.16387,1.16387,1.16387,1.16387
2026-09-09 05:22,1.16387,1.16387,1.16387,1.16387
2026-09-09 05:23,1.16387,1.16387,1.16387,1.16387
2026-09-09 05:24,1.16387,1.16387,1.16387,1.16387
2026-09-09 05:25,1.16387,1.16387,1.16387,1.16387
2026-09-09 05:26,1.16387,1.16387,1.16387,1.16387
2026-09-09 05:27,1.16387,1.16387,1.16387,1.16387
2026-09-09 05:28,1.16401,1.16401,1.16401,1.16401
2026-09-09 05:29,1.16401,1.16401,1.16401,1.16401
2026-09-09 05:30,1.16387,1.16387,1.16387,1.16387
2026-09-09 05:31,1.16387,1.16387,1.16387,1.16387
2026-09-09 05:32,1.16387,1.16387,1.16387,1.16387
2026-09-09 05:33,1.16374,1.16374,1.16374,1.16374
2026-09-09 05:34,1.16387,1.16387,1.16387,1.16387
2026-09-09 05:35,1.16374,1.16374,1.16374,1.16374
2026-09-09 05:36,1.16374,1.16374,1.16374,1.16374
2026-09-09 05:37,1.16374,1.16374,1.16374,1.16374
2026-09-09 05:38,1.16374,1.16374,1.16374,1.16374
2026-09-09 05:39,1.16374,1.16374,1.16374,1.16374
2026-09-09 05:40,1.16374,1.16374,1.16374,1.16374
2026-09-09 05:41,1.16374,1.16374,1.16374,1.16374
2026-09-09 05:42,1.16374,1.16374,1.16374,1.16374
2026-09-09 05:43,1.16374,1.16374,1.16374,1.16374
2026-09-09 05:44,1.16374,1.16374,1.16374,1.16374
2026-09-09 05:45,1.16360,1.16360,1.16360,1.16360
2026-09-09 05:46,1.16360,1.16360,1.16360,1.16360
2026-09-09 05:47,1.16360,1.16360,1.16360,1.16360
2026-09-09 05:48,1.16374,1.16374,1.16374,1.16374
2026-09-09 05:49,1.16374,1.16374,1.16374,1.16374
2026-09-09 05:50,1.16374,1.16374,1.16374,1.16374
2026-09-09 05:51,1.16360,1.16360,1.16360,1.16360
2026-09-09 05:52,1.16374,1.16374,1.16374,1.16374
2026-09-09 05:53,1.16374,1.16374,1.16374,1.16374
2026-09-09 05:54,1.16374,1.16374,1.16374,1.16374
2026-09-09 05:55,1.16387,1.16387,1.16387,1.16387
2026-09-09 05:56,1.16387,1.16387,1.16387,1.16387
2026-09-09 05:57,1.16387,1.16387,1.16387,1.16387
2026-09-09 05:58,1.16387,1.16387,1.16387,1.16387
2026-09-09 05:59,1.16387,1.16387,1.16387,1.16387
2026-09-09 06:00,1.16387,1.16387,1.16387,1.16387
2026-09-09 06:01,1.16387,1.16387,1.16387,1.16387
2026-09-09 06:02,1.16401,1.16401,1.16401,1.16401
2026-09-09 06:03,1.16401,1.16401,1.16401,1.16401
2026-09-09 06:04,1.16414,1.16414,1.16414,1.16414
2026-09-09 06:05,1.16401,1.16401,1.16401,1.16401
2026-09-09 06:06,1.16401,1.16401,1.16401,1.16401
2026-09-09 06:07,1.16401,1.16401,1.16401,1.16401
2026-09-09 06:08,1.16401,1.16401,1.16401,1.16401
2026-09-09 06:09,1.16401,1.16401,1.16401,1.16401
2026-09-09 06:10,1.16387,1.16387,1.16387,1.16387
2026-09-09 06:11,1.16401,1.16401,1.16401,1.16401
2026-09-09 06:12,1.16428,1.16428,1.16428,1.16428
2026-09-09 06:13,1.16428,1.16428,1.16428,1.16428
2026-09-09 06:14,1.16442,1.16442,1.16442,1.16442
2026-09-09 06:15,1.16455,1.16455,1.16455,1.16455
2026-09-09 06:16,1.16455,1.16455,1.16455,1.16455
2026-09-09 06:17,1.16469,1.16469,1.16469,1.16469
2026-09-09 06:18,1.16482,1.16482,1.16482,1.16482
2026-09-09 06:19,1.16482,1.16482,1.16482,1.16482
2026-09-09 06:20,1.16469,1.16469,1.16469,1.16469
2026-09-09 06:21,1.16455,1.16455,1.16455,1.16455
2026-09-09 06:22,1.16455,1.16455,1.16455,1.16455
2026-09-09 06:23,1.16469,1.16469,1.16469,1.16469
2026-09-09 06:24,1.16455,1.16455,1.16455,1.16455
2026-09-09 06:25,1.16455,1.16455,1.16455,1.16455
2026-09-09 06:26,1.16442,1.16442,1.16442,1.16442
2026-09-09 06:27,1.16442,1.16442,1.16442,1.16442
2026-09-09 06:28,1.16442,1.16442,1.16442,1.16442
2026-09-09 06:29,1.16442,1.16442,1.16442,1.16442
2026-09-09 06:30,1.16442,1.16442,1.16442,1.16442
2026-09-09 06:31,1.16428,1.16428,1.16428,1.16428
2026-09-09 06:32,1.16442,1.16442,1.16442,1.16442
2026-09-09 06:33,1.16442,1.16442,1.16442,1.16442
2026-09-09 06:34,1.16442,1.16442,1.16442,1.16442
2026-09-09 06:35,1.16442,1.16442,1.16442,1.16442
2026-09-09 06:36,1.16455,1.16455,1.16455,1.16455
2026-09-09 06:37,1.16455,1.16455,1.16455,1.16455
2026-09-09 06:38,1.16442,1.16442,1.16442,1.16442
2026-09-09 06:39,1.16455,1.16455,1.16455,1.16455
2026-09-09 06:40,1.16442,1.16442,1.16442,1.16442
2026-09-09 06:41,1.16428,1.16428,1.16428,1.16428
2026-09-09 06:42,1.16414,1.16414,1.16414,1.16414
2026-09-09 06:43,1.16414,1.16414,1.16414,1.16414
2026-09-09 06:44,1.16414,1.16414,1.16414,1.16414
2026-09-09 06:45,1.16414,1.16414,1.16414,1.16414
2026-09-09 06:46,1.16414,1.16414,1.16414,1.16414
2026-09-09 06:47,1.16414,1.16414,1.16414,1.16414
2026-09-09 06:48,1.16414,1.16414,1.16414,1.16414
2026-09-09 06:49,1.16414,1.16414,1.16414,1.16414
2026-09-09 06:50,1.16414,1.16414,1.16414,1.16414
2026-09-09 06:51,1.16414,1.16414,1.16414,1.16414
2026-09-09 06:52,1.16414,1.16414,1.16414,1.16414
2026-09-09 06:53,1.16414,1.16414,1.16414,1.16414
2026-09-09 06:54,1.16414,1.16414,1.16414,1.16414
2026-09-09 06:55,1.16428,1.16428,1.16428,1.16428
2026-09-09 06:56,1.16428,1.16428,1.16428,1.16428
2026-09-09 06:57,1.16428,1.16428,1.16428,1.16428
2026-09-09 06:58,1.16428,1.16428,1.16428,1.16428
2026-09-09 06:59,1.16428,1.16428,1.16428,1.16428
2026-09-09 07:00,1.16428,1.16428,1.16428,1.16428
2026-09-09 07:01,1.16442,1.16442,1.16442,1.16442
2026-09-09 07:02,1.16442,1.16442,1.16442,1.16442
2026-09-09 07:03,1.16442,1.16442,1.16442,1.16442
2026-09-09 07:04,1.16442,1.16442,1.16442,1.16442
2026-09-09 07:05,1.16442,1.16442,1.16442,1.16442
2026-09-09 07:06,1.16428,1.16428,1.16428,1.16428
2026-09-09 07:07,1.16442,1.16442,1.16442,1.16442
2026-09-09 07:08,1.16442,1.16442,1.16442,1.16442
2026-09-09 07:09,1.16442,1.16442,1.16442,1.16442
2026-09-09 07:10,1.16442,1.16442,1.16442,1.16442
2026-09-09 07:11,1.16469,1.16469,1.16469,1.16469
2026-09-09 07:12,1.16469,1.16469,1.16469,1.16469
2026-09-09 07:13,1.16469,1.16469,1.16469,1.16469
2026-09-09 07:14,1.16482,1.16482,1.16482,1.16482
2026-09-09 07:15,1.16482,1.16482,1.16482,1.16482
2026-09-09 07:16,1.16482,1.16482,1.16482,1.16482
2026-09-09 07:17,1.16482,1.16482,1.16482,1.16482
2026-09-09 07:18,1.16496,1.16496,1.16496,1.16496
2026-09-09 07:19,1.16469,1.16469,1.16469,1.16469
2026-09-09 07:20,1.16455,1.16455,1.16455,1.16455
2026-09-09 07:21,1.16442,1.16442,1.16442,1.16442
2026-09-09 07:22,1.16442,1.16442,1.16442,1.16442
2026-09-09 07:23,1.16428,1.16428,1.16428,1.16428
2026-09-09 07:24,1.16414,1.16414,1.16414,1.16414
2026-09-09 07:25,1.16428,1.16428,1.16428,1.16428
2026-09-09 07:26,1.16414,1.16414,1.16414,1.16414
2026-09-09 07:27,1.16428,1.16428,1.16428,1.16428
2026-09-09 07:28,1.16428,1.16428,1.16428,1.16428
2026-09-09 07:29,1.16428,1.16428,1.16428,1.16428
2026-09-09 07:30,1.16428,1.16428,1.16428,1.16428
2026-09-09 07:31,1.16442,1.16442,1.16442,1.16442
2026-09-09 07:32,1.16428,1.16428,1.16428,1.16428
2026-09-09 07:33,1.16414,1.16414,1.16414,1.16414
2026-09-09 07:34,1.16414,1.16414,1.16414,1.16414
2026-09-09 07:35,1.16414,1.16414,1.16414,1.16414
2026-09-09 07:36,1.16428,1.16428,1.16428,1.16428
2026-09-09 07:37,1.16428,1.16428,1.16428,1.16428
2026-09-09 07:38,1.16442,1.16442,1.16442,1.16442
2026-09-09 07:39,1.16455,1.16455,1.16455,1.16455
2026-09-09 07:40,1.16455,1.16455,1.16455,1.16455
2026-09-09 07:41,1.16469,1.16469,1.16469,1.16469
2026-09-09 07:42,1.16455,1.16455,1.16455,1.16455
2026-09-09 07:43,1.16455,1.16455,1.16455,1.16455
2026-09-09 07:44,1.16469,1.16469,1.16469,1.16469
2026-09-09 07:45,1.16482,1.16482,1.16482,1.16482
2026-09-09 07:46,1.16523,1.16523,1.16523,1.16523
2026-09-09 07:47,1.16509,1.16509,1.16509,1.16509
2026-09-09 07:48,1.16496,1.16496,1.16496,1.16496
2026-09-09 07:49,1.16496,1.16496,1.16496,1.16496
2026-09-09 07:50,1.16482,1.16482,1.16482,1.16482
2026-09-09 07:51,1.16482,1.16482,1.16482,1.16482
2026-09-09 07:52,1.16469,1.16469,1.16469,1.16469
2026-09-09 07:53,1.16469,1.16469,1.16469,1.16469
2026-09-09 07:54,1.16469,1.16469,1.16469,1.16469
2026-09-09 07:55,1.16469,1.16469,1.16469,1.16469
2026-09-09 07:56,1.16469,1.16469,1.16469,1.16469
2026-09-09 07:57,1.16469,1.16469,1.16469,1.16469
2026-09-09 07:58,1.16469,1.16469,1.16469,1.16469
2026-09-09 07:59,1.16455,1.16455,1.16455,1.16455
2026-09-09 08:00,1.16455,1.16455,1.16455,1.16455
2026-09-09 08:01,1.16442,1.16442,1.16442,1.16442
2026-09-09 08:02,1.16428,1.16428,1.16428,1.16428
2026-09-09 08:03,1.16414,1.16414,1.16414,1.16414
2026-09-09 08:04,1.16428,1.16428,1.16428,1.16428
2026-09-09 08:05,1.16414,1.16414,1.16414,1.16414
2026-09-09 08:06,1.16414,1.16414,1.16414,1.16414
2026-09-09 08:07,1.16414,1.16414,1.16414,1.16414
2026-09-09 08:08,1.16428,1.16428,1.16428,1.16428
2026-09-09 08:09,1.16401,1.16401,1.16401,1.16401
2026-09-09 08:10,1.16401,1.16401,1.16401,1.16401
2026-09-09 08:11,1.16401,1.16401,1.16401,1.16401
2026-09-09 08:12,1.16414,1.16414,1.16414,1.16414
2026-09-09 08:13,1.16428,1.16428,1.16428,1.16428
2026-09-09 08:14,1.16428,1.16428,1.16428,1.16428
2026-09-09 08:15,1.16428,1.16428,1.16428,1.16428
2026-09-09 08:16,1.16414,1.16414,1.16414,1.16414
2026-09-09 08:17,1.16401,1.16401,1.16401,1.16401
2026-09-09 08:18,1.16414,1.16414,1.16414,1.16414
2026-09-09 08:19,1.16414,1.16414,1.16414,1.16414
2026-09-09 08:20,1.16428,1.16428,1.16428,1.16428
2026-09-09 08:21,1.16428,1.16428,1.16428,1.16428
2026-09-09 08:22,1.16414,1.16414,1.16414,1.16414
2026-09-09 08:23,1.16414,1.16414,1.16414,1.16414
2026-09-09 08:24,1.16401,1.16401,1.16401,1.16401
2026-09-09 08:25,1.16401,1.16401,1.16401,1.16401
2026-09-09 08:26,1.16401,1.16401,1.16401,1.16401
2026-09-09 08:27,1.16414,1.16414,1.16414,1.16414
2026-09-09 08:28,1.16401,1.16401,1.16401,1.16401
2026-09-09 08:29,1.16401,1.16401,1.16401,1.16401
2026-09-09 08:30,1.16401,1.16401,1.16401,1.16401
2026-09-09 08:31,1.16387,1.16387,1.16387,1.16387
2026-09-09 08:32,1.16401,1.16401,1.16401,1.16401
2026-09-09 08:33,1.16401,1.16401,1.16401,1.16401
2026-09-09 08:34,1.16401,1.16401,1.16401,1.16401
2026-09-09 08:35,1.16401,1.16401,1.16401,1.16401
2026-09-09 08:36,1.16387,1.16387,1.16387,1.16387
2026-09-09 08:37,1.16387,1.16387,1.16387,1.16387
2026-09-09 08:38,1.16387,1.16387,1.16387,1.16387
2026-09-09 08:39,1.16401,1.16401,1.16401,1.16401
2026-09-09 08:40,1.16374,1.16374,1.16374,1.16374
2026-09-09 08:41,1.16387,1.16387,1.16387,1.16387
2026-09-09 08:42,1.16387,1.16387,1.16387,1.16387
2026-09-09 08:43,1.16374,1.16374,1.16374,1.16374
2026-09-09 08:44,1.16374,1.16374,1.16374,1.16374
2026-09-09 08:45,1.16387,1.16387,1.16387,1.16387
2026-09-09 08:46,1.16387,1.16387,1.16387,1.16387
2026-09-09 08:47,1.16401,1.16401,1.16401,1.16401
2026-09-09 08:48,1.16401,1.16401,1.16401,1.16401
2026-09-09 08:49,1.16401,1.16401,1.16401,1.16401
2026-09-09 08:50,1.16387,1.16387,1.16387,1.16387
2026-09-09 08:51,1.16387,1.16387,1.16387,1.16387
2026-09-09 08:52,1.16387,1.16387,1.16387,1.16387
2026-09-09 08:53,1.16387,1.16387,1.16387,1.16387
2026-09-09 08:54,1.16387,1.16387,1.16387,1.16387
2026-09-09 08:55,1.16374,1.16374,1.16374,1.16374
2026-09-09 08:56,1.16387,1.16387,1.16387,1.16387
2026-09-09 08:57,1.16374,1.16374,1.16374,1.16374
2026-09-09 08:58,1.16374,1.16374,1.16374,1.16374
2026-09-09 08:59,1.16360,1.16360,1.16360,1.16360
2026-09-09 09:00,1.16360,1.16360,1.16360,1.16360
2026-09-09 09:01,1.16347,1.16347,1.16347,1.16347
2026-09-09 09:02,1.16360,1.16360,1.16360,1.16360
2026-09-09 09:03,1.16360,1.16360,1.16360,1.16360
2026-09-09 09:04,1.16374,1.16374,1.16374,1.16374
2026-09-09 09:05,1.16374,1.16374,1.16374,1.16374
2026-09-09 09:06,1.16374,1.16374,1.16374,1.16374
2026-09-09 09:07,1.16374,1.16374,1.16374,1.16374
2026-09-09 09:08,1.16374,1.16374,1.16374,1.16374
2026-09-09 09:09,1.16374,1.16374,1.16374,1.16374
2026-09-09 09:10,1.16360,1.16360,1.16360,1.16360
2026-09-09 09:11,1.16347,1.16347,1.16347,1.16347
2026-09-09 09:12,1.16347,1.16347,1.16347,1.16347
2026-09-09 09:13,1.16347,1.16347,1.16347,1.16347
2026-09-09 09:14,1.16347,1.16347,1.16347,1.16347
2026-09-09 09:15,1.16360,1.16360,1.16360,1.16360
2026-09-09 09:16,1.16360,1.16360,1.16360,1.16360
2026-09-09 09:17,1.16360,1.16360,1.16360,1.16360
2026-09-09 09:18,1.16360,1.16360,1.16360,1.16360
2026-09-09 09:19,1.16374,1.16374,1.16374,1.16374
2026-09-09 09:20,1.16360,1.16360,1.16360,1.16360
2026-09-09 09:21,1.16360,1.16360,1.16360,1.16360
2026-09-09 09:22,1.16374,1.16374,1.16374,1.16374
2026-09-09 09:23,1.16374,1.16374,1.16374,1.16374
2026-09-09 09:24,1.16374,1.16374,1.16374,1.16374
2026-09-09 09:25,1.16374,1.16374,1.16374,1.16374
2026-09-09 09:26,1.16374,1.16374,1.16374,1.16374
2026-09-09 09:27,1.16374,1.16374,1.16374,1.16374
2026-09-09 09:28,1.16374,1.16374,1.16374,1.16374
2026-09-09 09:29,1.16360,1.16360,1.16360,1.16360
2026-09-09 09:30,1.16374,1.16374,1.16374,1.16374
2026-09-09 09:31,1.16360,1.16360,1.16360,1.16360
2026-09-09 09:32,1.16360,1.16360,1.16360,1.16360
2026-09-09 09:33,1.16360,1.16360,1.16360,1.16360
2026-09-09 09:34,1.16360,1.16360,1.16360,1.16360
2026-09-09 09:35,1.16360,1.16360,1.16360,1.16360
2026-09-09 09:36,1.16347,1.16347,1.16347,1.16347
2026-09-09 09:37,1.16347,1.16347,1.16347,1.16347
2026-09-09 09:38,1.16360,1.16360,1.16360,1.16360
2026-09-09 09:39,1.16360,1.16360,1.16360,1.16360
2026-09-09 09:40,1.16360,1.16360,1.16360,1.16360
2026-09-09 09:41,1.16360,1.16360,1.16360,1.16360
2026-09-09 09:42,1.16347,1.16347,1.16347,1.16347
2026-09-09 09:43,1.16347,1.16347,1.16347,1.16347
2026-09-09 09:44,1.16347,1.16347,1.16347,1.16347
2026-09-09 09:45,1.16333,1.16333,1.16333,1.16333
2026-09-09 09:46,1.16333,1.16333,1.16333,1.16333
2026-09-09 09:47,1.16333,1.16333,1.16333,1.16333
2026-09-09 09:48,1.16320,1.16320,1.16320,1.16320
2026-09-09 09:49,1.16306,1.16306,1.16306,1.16306
2026-09-09 09:50,1.16306,1.16306,1.16306,1.16306
2026-09-09 09:51,1.16306,1.16306,1.16306,1.16306
2026-09-09 09:52,1.16293,1.16293,1.16293,1.16293
2026-09-09 09:53,1.16293,1.16293,1.16293,1.16293
2026-09-09 09:54,1.16279,1.16279,1.16279,1.16279
2026-09-09 09:55,1.16279,1.16279,1.16279,1.16279
2026-09-09 09:56,1.16266,1.16266,1.16266,1.16266
2026-09-09 09:57,1.16266,1.16266,1.16266,1.16266
2026-09-09 09:58,1.16266,1.16266,1.16266,1.16266
2026-09-09 09:59,1.16266,1.16266,1.16266,1.16266
2026-09-09 10:00,1.16279,1.16279,1.16279,1.16279
2026-09-09 10:01,1.16266,1.16266,1.16266,1.16266
2026-09-09 10:02,1.16252,1.16252,1.16252,1.16252
2026-09-09 10:03,1.16266,1.16266,1.16266,1.16266
2026-09-09 10:04,1.16266,1.16266,1.16266,1.16266
2026-09-09 10:05,1.16279,1.16279,1.16279,1.16279
2026-09-09 10:06,1.16279,1.16279,1.16279,1.16279
2026-09-09 10:07,1.16293,1.16293,1.16293,1.16293
2026-09-09 10:08,1.16279,1.16279,1.16279,1.16279
2026-09-09 10:09,1.16293,1.16293,1.16293,1.16293
2026-09-09 10:10,1.16293,1.16293,1.16293,1.16293
2026-09-09 10:11,1.16306,1.16306,1.16306,1.16306
2026-09-09 10:12,1.16306,1.16306,1.16306,1.16306
2026-09-09 10:13,1.16293,1.16293,1.16293,1.16293
2026-09-09 10:14,1.16279,1.16279,1.16279,1.16279
2026-09-09 10:15,1.16279,1.16279,1.16279,1.16279
2026-09-09 10:16,1.16279,1.16279,1.16279,1.16279
2026-09-09 10:17,1.16293,1.16293,1.16293,1.16293
2026-09-09 10:18,1.16293,1.16293,1.16293,1.16293
2026-09-09 10:19,1.16293,1.16293,1.16293,1.16293
2026-09-09 10:20,1.16306,1.16306,1.16306,1.16306
2026-09-09 10:21,1.16293,1.16293,1.16293,1.16293
2026-09-09 10:22,1.16293,1.16293,1.16293,1.16293
2026-09-09 10:23,1.16306,1.16306,1.16306,1.16306
2026-09-09 10:24,1.16293,1.16293,1.16293,1.16293
2026-09-09 10:25,1.16293,1.16293,1.16293,1.16293
2026-09-09 10:26,1.16293,1.16293,1.16293,1.16293
2026-09-09 10:27,1.16306,1.16306,1.16306,1.16306
2026-09-09 10:28,1.16306,1.16306,1.16306,1.16306
2026-09-09 10:29,1.16293,1.16293,1.16293,1.16293
2026-09-09 10:30,1.16306,1.16306,1.16306,1.16306
2026-09-09 10:31,1.16306,1.16306,1.16306,1.16306
2026-09-09 10:32,1.16306,1.16306,1.16306,1.16306
2026-09-09 10:33,1.16306,1.16306,1.16306,1.16306
2026-09-09 10:34,1.16320,1.16320,1.16320,1.16320
2026-09-09 10:35,1.16333,1.16333,1.16333,1.16333
2026-09-09 10:36,1.16333,1.16333,1.16333,1.16333
2026-09-09 10:37,1.16333,1.16333,1.16333,1.16333
2026-09-09 10:38,1.16347,1.16347,1.16347,1.16347
2026-09-09 10:39,1.16333,1.16333,1.16333,1.16333
2026-09-09 10:40,1.16333,1.16333,1.16333,1.16333
2026-09-09 10:41,1.16333,1.16333,1.16333,1.16333
2026-09-09 10:42,1.16333,1.16333,1.16333,1.16333
2026-09-09 10:43,1.16333,1.16333,1.16333,1.16333
2026-09-09 10:44,1.16306,1.16306,1.16306,1.16306
2026-09-09 10:45,1.16320,1.16320,1.16320,1.16320
2026-09-09 10:46,1.16320,1.16320,1.16320,1.16320
2026-09-09 10:47,1.16333,1.16333,1.16333,1.16333
2026-09-09 10:48,1.16347,1.16347,1.16347,1.16347
2026-09-09 10:49,1.16347,1.16347,1.16347,1.16347
2026-09-09 10:50,1.16347,1.16347,1.16347,1.16347
2026-09-09 10:51,1.16347,1.16347,1.16347,1.16347
2026-09-09 10:52,1.16360,1.16360,1.16360,1.16360
2026-09-09 10:53,1.16347,1.16347,1.16347,1.16347
2026-09-09 10:54,1.16347,1.16347,1.16347,1.16347
2026-09-09 10:55,1.16333,1.16333,1.16333,1.16333
2026-09-09 10:56,1.16333,1.16333,1.16333,1.16333
2026-09-09 10:57,1.16333,1.16333,1.16333,1.16333
2026-09-09 10:58,1.16333,1.16333,1.16333,1.16333
2026-09-09 10:59,1.16333,1.16333,1.16333,1.16333
2026-09-09 11:00,1.16333,1.16333,1.16333,1.16333
2026-09-09 11:01,1.16347,1.16347,1.16347,1.16347
2026-09-09 11:02,1.16347,1.16347,1.16347,1.16347
2026-09-09 11:03,1.16347,1.16347,1.16347,1.16347
2026-09-09 11:04,1.16347,1.16347,1.16347,1.16347
2026-09-09 11:05,1.16360,1.16360,1.16360,1.16360
2026-09-09 11:06,1.16360,1.16360,1.16360,1.16360
2026-09-09 11:07,1.16360,1.16360,1.16360,1.16360
2026-09-09 11:08,1.16360,1.16360,1.16360,1.16360
2026-09-09 11:09,1.16360,1.16360,1.16360,1.16360
2026-09-09 11:10,1.16360,1.16360,1.16360,1.16360
2026-09-09 11:11,1.16360,1.16360,1.16360,1.16360
2026-09-09 11:12,1.16360,1.16360,1.16360,1.16360
2026-09-09 11:13,1.16360,1.16360,1.16360,1.16360
2026-09-09 11:14,1.16360,1.16360,1.16360,1.16360
2026-09-09 11:15,1.16360,1.16360,1.16360,1.16360
2026-09-09 11:16,1.16360,1.16360,1.16360,1.16360
2026-09-09 11:17,1.16374,1.16374,1.16374,1.16374
2026-09-09 11:18,1.16374,1.16374,1.16374,1.16374
2026-09-09 11:19,1.16401,1.16401,1.16401,1.16401
2026-09-09 11:20,1.16414,1.16414,1.16414,1.16414
2026-09-09 11:21,1.16428,1.16428,1.16428,1.16428
2026-09-09 11:22,1.16428,1.16428,1.16428,1.16428
2026-09-09 11:23,1.16428,1.16428,1.16428,1.16428
2026-09-09 11:24,1.16442,1.16442,1.16442,1.16442
2026-09-09 11:25,1.16455,1.16455,1.16455,1.16455
2026-09-09 11:26,1.16455,1.16455,1.16455,1.16455
2026-09-09 11:27,1.16469,1.16469,1.16469,1.16469
2026-09-09 11:28,1.16482,1.16482,1.16482,1.16482
2026-09-09 11:29,1.16496,1.16496,1.16496,1.16496
2026-09-09 11:30,1.16496,1.16496,1.16496,1.16496
2026-09-09 11:31,1.16469,1.16469,1.16469,1.16469
2026-09-09 11:32,1.16482,1.16482,1.16482,1.16482
2026-09-09 11:33,1.16509,1.16509,1.16509,1.16509
2026-09-09 11:34,1.16496,1.16496,1.16496,1.16496
2026-09-09 11:35,1.16496,1.16496,1.16496,1.16496
2026-09-09 11:36,1.16496,1.16496,1.16496,1.16496
2026-09-09 11:37,1.16469,1.16469,1.16469,1.16469
2026-09-09 11:38,1.16469,1.16469,1.16469,1.16469
2026-09-09 11:39,1.16469,1.16469,1.16469,1.16469
2026-09-09 11:40,1.16469,1.16469,1.16469,1.16469
2026-09-09 11:41,1.16482,1.16482,1.16482,1.16482
2026-09-09 11:42,1.16496,1.16496,1.16496,1.16496
2026-09-09 11:43,1.16482,1.16482,1.16482,1.16482
2026-09-09 11:44,1.16496,1.16496,1.16496,1.16496
2026-09-09 11:45,1.16482,1.16482,1.16482,1.16482
2026-09-09 11:46,1.16482,1.16482,1.16482,1.16482
2026-09-09 11:47,1.16482,1.16482,1.16482,1.16482
2026-09-09 11:48,1.16482,1.16482,1.16482,1.16482
2026-09-09 11:49,1.16496,1.16496,1.16496,1.16496
2026-09-09 11:50,1.16509,1.16509,1.16509,1.16509
2026-09-09 11:51,1.16496,1.16496,1.16496,1.16496
2026-09-09 11:52,1.16482,1.16482,1.16482,1.16482
2026-09-09 11:53,1.16482,1.16482,1.16482,1.16482
2026-09-09 11:54,1.16482,1.16482,1.16482,1.16482
2026-09-09 11:55,1.16469,1.16469,1.16469,1.16469
2026-09-09 11:56,1.16482,1.16482,1.16482,1.16482
2026-09-09 11:57,1.16482,1.16482,1.16482,1.16482
2026-09-09 11:58,1.16496,1.16496,1.16496,1.16496
2026-09-09 11:59,1.16496,1.16496,1.16496,1.16496
2026-09-09 12:00,1.16509,1.16509,1.16509,1.16509
2026-09-09 12:01,1.16523,1.16523,1.16523,1.16523
2026-09-09 12:02,1.16523,1.16523,1.16523,1.16523
2026-09-09 12:03,1.16523,1.16523,1.16523,1.16523
2026-09-09 12:04,1.16523,1.16523,1.16523,1.16523
2026-09-09 12:05,1.16523,1.16523,1.16523,1.16523
2026-09-09 12:06,1.16523,1.16523,1.16523,1.16523
2026-09-09 12:07,1.16523,1.16523,1.16523,1.16523
2026-09-09 12:08,1.16537,1.16537,1.16537,1.16537
2026-09-09 12:09,1.16537,1.16537,1.16537,1.16537
2026-09-09 12:10,1.16564,1.16564,1.16564,1.16564
2026-09-09 12:11,1.16564,1.16564,1.16564,1.16564
2026-09-09 12:12,1.16564,1.16564,1.16564,1.16564
2026-09-09 12:13,1.16564,1.16564,1.16564,1.16564
2026-09-09 12:14,1.16564,1.16564,1.16564,1.16564
2026-09-09 12:15,1.16550,1.16550,1.16550,1.16550
2026-09-09 12:16,1.16550,1.16550,1.16550,1.16550
2026-09-09 12:17,1.16550,1.16550,1.16550,1.16550
2026-09-09 12:18,1.16550,1.16550,1.16550,1.16550
2026-09-09 12:19,1.16550,1.16550,1.16550,1.16550
2026-09-09 12:20,1.16550,1.16550,1.16550,1.16550
2026-09-09 12:21,1.16550,1.16550,1.16550,1.16550
2026-09-09 12:22,1.16537,1.16537,1.16537,1.16537
2026-09-09 12:23,1.16537,1.16537,1.16537,1.16537
2026-09-09 12:24,1.16523,1.16523,1.16523,1.16523
2026-09-09 12:25,1.16523,1.16523,1.16523,1.16523
2026-09-09 12:26,1.16509,1.16509,1.16509,1.16509
2026-09-09 12:27,1.16496,1.16496,1.16496,1.16496
2026-09-09 12:28,1.16496,1.16496,1.16496,1.16496
2026-09-09 12:29,1.16509,1.16509,1.16509,1.16509
2026-09-09 12:30,1.16509,1.16509,1.16509,1.16509
2026-09-09 12:31,1.16496,1.16496,1.16496,1.16496
2026-09-09 12:32,1.16496,1.16496,1.16496,1.16496
2026-09-09 12:33,1.16496,1.16496,1.16496,1.16496
2026-09-09 12:34,1.16496,1.16496,1.16496,1.16496
2026-09-09 12:35,1.16496,1.16496,1.16496,1.16496
2026-09-09 12:36,1.16509,1.16509,1.16509,1.16509
2026-09-09 12:37,1.16509,1.16509,1.16509,1.16509
2026-09-09 12:38,1.16509,1.16509,1.16509,1.16509
2026-09-09 12:39,1.16509,1.16509,1.16509,1.16509
2026-09-09 12:40,1.16509,1.16509,1.16509,1.16509
2026-09-09 12:41,1.16509,1.16509,1.16509,1.16509
2026-09-09 12:42,1.16509,1.16509,1.16509,1.16509
2026-09-09 12:43,1.16509,1.16509,1.16509,1.16509
2026-09-09 12:44,1.16509,1.16509,1.16509,1.16509
2026-09-09 12:45,1.16509,1.16509,1.16509,1.16509
2026-09-09 12:46,1.16509,1.16509,1.16509,1.16509
2026-09-09 12:47,1.16496,1.16496,1.16496,1.16496
2026-09-09 12:48,1.16496,1.16496,1.16496,1.16496
2026-09-09 12:49,1.16482,1.16482,1.16482,1.16482
2026-09-09 12:50,1.16469,1.16469,1.16469,1.16469
2026-09-09 12:51,1.16469,1.16469,1.16469,1.16469
2026-09-09 12:52,1.16482,1.16482,1.16482,1.16482
2026-09-09 12:53,1.16482,1.16482,1.16482,1.16482
2026-09-09 12:54,1.16469,1.16469,1.16469,1.16469
2026-09-09 12:55,1.16482,1.16482,1.16482,1.16482
2026-09-09 12:56,1.16482,1.16482,1.16482,1.16482
2026-09-09 12:57,1.16482,1.16482,1.16482,1.16482
2026-09-09 12:58,1.16482,1.16482,1.16482,1.16482
2026-09-09 12:59,1.16496,1.16496,1.16496,1.16496
2026-09-09 13:00,1.16496,1.16496,1.16496,1.16496
2026-09-09 13:01,1.16496,1.16496,1.16496,1.16496
2026-09-09 13:02,1.16509,1.16509,1.16509,1.16509
2026-09-09 13:03,1.16523,1.16523,1.16523,1.16523
2026-09-09 13:04,1.16509,1.16509,1.16509,1.16509
2026-09-09 13:05,1.16509,1.16509,1.16509,1.16509
2026-09-09 13:06,1.16509,1.16509,1.16509,1.16509
2026-09-09 13:07,1.16509,1.16509,1.16509,1.16509
2026-09-09 13:08,1.16496,1.16496,1.16496,1.16496
2026-09-09 13:09,1.16509,1.16509,1.16509,1.16509
2026-09-09 13:10,1.16509,1.16509,1.16509,1.16509
2026-09-09 13:11,1.16509,1.16509,1.16509,1.16509
2026-09-09 13:12,1.16509,1.16509,1.16509,1.16509
2026-09-09 13:13,1.16509,1.16509,1.16509,1.16509
2026-09-09 13:14,1.16509,1.16509,1.16509,1.16509
2026-09-09 13:15,1.16496,1.16496,1.16496,1.16496
2026-09-09 13:16,1.16509,1.16509,1.16509,1.16509
2026-09-09 13:17,1.16482,1.16482,1.16482,1.16482
2026-09-09 13:18,1.16482,1.16482,1.16482,1.16482
2026-09-09 13:19,1.16509,1.16509,1.16509,1.16509
2026-09-09 13:20,1.16496,1.16496,1.16496,1.16496
2026-09-09 13:21,1.16496,1.16496,1.16496,1.16496
2026-09-09 13:22,1.16496,1.16496,1.16496,1.16496
2026-09-09 13:23,1.16482,1.16482,1.16482,1.16482
2026-09-09 13:24,1.16496,1.16496,1.16496,1.16496
2026-09-09 13:25,1.16496,1.16496,1.16496,1.16496
2026-09-09 13:26,1.16496,1.16496,1.16496,1.16496
2026-09-09 13:27,1.16509,1.16509,1.16509,1.16509
2026-09-09 13:28,1.16509,1.16509,1.16509,1.16509
2026-09-09 13:29,1.16509,1.16509,1.16509,1.16509
2026-09-09 13:30,1.16509,1.16509,1.16509,1.16509
2026-09-09 13:31,1.16509,1.16509,1.16509,1.16509
2026-09-09 13:32,1.16509,1.16509,1.16509,1.16509
2026-09-09 13:33,1.16523,1.16523,1.16523,1.16523
2026-09-09 13:34,1.16523,1.16523,1.16523,1.16523
2026-09-09 13:35,1.16523,1.16523,1.16523,1.16523
2026-09-09 13:36,1.16509,1.16509,1.16509,1.16509
2026-09-09 13:37,1.16509,1.16509,1.16509,1.16509
2026-09-09 13:38,1.16509,1.16509,1.16509,1.16509
2026-09-09 13:39,1.16509,1.16509,1.16509,1.16509
2026-09-09 13:40,1.16496,1.16496,1.16496,1.16496
2026-09-09 13:41,1.16496,1.16496,1.16496,1.16496
2026-09-09 13:42,1.16482,1.16482,1.16482,1.16482
2026-09-09 13:43,1.16496,1.16496,1.16496,1.16496
2026-09-09 13:44,1.16523,1.16523,1.16523,1.16523
2026-09-09 13:45,1.16523,1.16523,1.16523,1.16523
2026-09-09 13:46,1.16523,1.16523,1.16523,1.16523
2026-09-09 13:47,1.16523,1.16523,1.16523,1.16523
2026-09-09 13:48,1.16537,1.16537,1.16537,1.16537
2026-09-09 13:49,1.16523,1.16523,1.16523,1.16523
2026-09-09 13:50,1.16523,1.16523,1.16523,1.16523
2026-09-09 13:51,1.16509,1.16509,1.16509,1.16509
2026-09-09 13:52,1.16509,1.16509,1.16509,1.16509
2026-09-09 13:53,1.16509,1.16509,1.16509,1.16509
2026-09-09 13:54,1.16509,1.16509,1.16509,1.16509
2026-09-09 13:55,1.16509,1.16509,1.16509,1.16509
2026-09-09 13:56,1.16509,1.16509,1.16509,1.16509
2026-09-09 13:57,1.16496,1.16496,1.16496,1.16496
2026-09-09 13:58,1.16496,1.16496,1.16496,1.16496
2026-09-09 13:59,1.16496,1.16496,1.16496,1.16496
2026-09-09 14:00,1.16509,1.16509,1.16509,1.16509
2026-09-09 14:01,1.16509,1.16509,1.16509,1.16509
2026-09-09 14:02,1.16523,1.16523,1.16523,1.16523
2026-09-09 14:03,1.16523,1.16523,1.16523,1.16523
2026-09-09 14:04,1.16537,1.16537,1.16537,1.16537
2026-09-09 14:05,1.16537,1.16537,1.16537,1.16537
2026-09-09 14:06,1.16523,1.16523,1.16523,1.16523
2026-09-09 14:07,1.16523,1.16523,1.16523,1.16523
2026-09-09 14:08,1.16537,1.16537,1.16537,1.16537
2026-09-09 14:09,1.16523,1.16523,1.16523,1.16523
2026-09-09 14:10,1.16523,1.16523,1.16523,1.16523
2026-09-09 14:11,1.16523,1.16523,1.16523,1.16523
2026-09-09 14:12,1.16523,1.16523,1.16523,1.16523
2026-09-09 14:13,1.16523,1.16523,1.16523,1.16523
2026-09-09 14:14,1.16550,1.16550,1.16550,1.16550
2026-09-09 14:15,1.16564,1.16564,1.16564,1.16564
2026-09-09 14:16,1.16550,1.16550,1.16550,1.16550
2026-09-09 14:17,1.16550,1.16550,1.16550,1.16550
2026-09-09 14:18,1.16537,1.16537,1.16537,1.16537
2026-09-09 14:19,1.16537,1.16537,1.16537,1.16537
2026-09-09 14:20,1.16523,1.16523,1.16523,1.16523
2026-09-09 14:21,1.16523,1.16523,1.16523,1.16523
2026-09-09 14:22,1.16523,1.16523,1.16523,1.16523
2026-09-09 14:23,1.16509,1.16509,1.16509,1.16509
2026-09-09 14:24,1.16509,1.16509,1.16509,1.16509
2026-09-09 14:25,1.16482,1.16482,1.16482,1.16482
2026-09-09 14:26,1.16496,1.16496,1.16496,1.16496
2026-09-09 14:27,1.16496,1.16496,1.16496,1.16496
2026-09-09 14:28,1.16496,1.16496,1.16496,1.16496
2026-09-09 14:29,1.16509,1.16509,1.16509,1.16509
2026-09-09 14:30,1.16496,1.16496,1.16496,1.16496
2026-09-09 14:31,1.16496,1.16496,1.16496,1.16496
2026-09-09 14:32,1.16482,1.16482,1.16482,1.16482
2026-09-09 14:33,1.16496,1.16496,1.16496,1.16496
2026-09-09 14:34,1.16496,1.16496,1.16496,1.16496
2026-09-09 14:35,1.16482,1.16482,1.16482,1.16482
2026-09-09 14:36,1.16482,1.16482,1.16482,1.16482
2026-09-09 14:37,1.16496,1.16496,1.16496,1.16496
2026-09-09 14:38,1.16509,1.16509,1.16509,1.16509
2026-09-09 14:39,1.16496,1.16496,1.16496,1.16496
2026-09-09 14:40,1.16482,1.16482,1.16482,1.16482
2026-09-09 14:41,1.16482,1.16482,1.16482,1.16482
2026-09-09 14:42,1.16496,1.16496,1.16496,1.16496
2026-09-09 14:43,1.16482,1.16482,1.16482,1.16482
2026-09-09 14:44,1.16496,1.16496,1.16496,1.16496
2026-09-09 14:45,1.16482,1.16482,1.16482,1.16482
2026-09-09 14:46,1.16496,1.16496,1.16496,1.16496
2026-09-09 14:47,1.16482,1.16482,1.16482,1.16482
2026-09-09 14:48,1.16482,1.16482,1.16482,1.16482
2026-09-09 14:49,1.16482,1.16482,1.16482,1.16482
2026-09-09 14:50,1.16496,1.16496,1.16496,1.16496
2026-09-09 14:51,1.16496,1.16496,1.16496,1.16496
2026-09-09 14:52,1.16496,1.16496,1.16496,1.16496
2026-09-09 14:53,1.16496,1.16496,1.16496,1.16496
2026-09-09 14:54,1.16496,1.16496,1.16496,1.16496
2026-09-09 14:55,1.16509,1.16509,1.16509,1.16509
2026-09-09 14:56,1.16509,1.16509,1.16509,1.16509
2026-09-09 14:57,1.16509,1.16509,1.16509,1.16509
2026-09-09 14:58,1.16496,1.16496,1.16496,1.16496
2026-09-09 14:59,1.16509,1.16509,1.16509,1.16509
2026-09-09 15:00,1.16509,1.16509,1.16509,1.16509
2026-09-09 15:01,1.16482,1.16482,1.16482,1.16482
2026-09-09 15:02,1.16455,1.16455,1.16455,1.16455
2026-09-09 15:03,1.16428,1.16428,1.16428,1.16428
2026-09-09 15:04,1.16387,1.16387,1.16387,1.16387
2026-09-09 15:05,1.16374,1.16374,1.16374,1.16374
2026-09-09 15:06,1.16360,1.16360,1.16360,1.16360
2026-09-09 15:07,1.16320,1.16320,1.16320,1.16320
2026-09-09 15:08,1.16347,1.16347,1.16347,1.16347
2026-09-09 15:09,1.16347,1.16347,1.16347,1.16347
2026-09-09 15:10,1.16333,1.16333,1.16333,1.16333
2026-09-09 15:11,1.16320,1.16320,1.16320,1.16320
2026-09-09 15:12,1.16293,1.16293,1.16293,1.16293
2026-09-09 15:13,1.16279,1.16279,1.16279,1.16279
2026-09-09 15:14,1.16266,1.16266,1.16266,1.16266
2026-09-09 15:15,1.16266,1.16266,1.16266,1.16266
2026-09-09 15:16,1.16279,1.16279,1.16279,1.16279
2026-09-09 15:17,1.16266,1.16266,1.16266,1.16266
2026-09-09 15:18,1.16266,1.16266,1.16266,1.16266
2026-09-09 15:19,1.16266,1.16266,1.16266,1.16266
2026-09-09 15:20,1.16279,1.16279,1.16279,1.16279
2026-09-09 15:21,1.16279,1.16279,1.16279,1.16279
2026-09-09 15:22,1.16252,1.16252,1.16252,1.16252
2026-09-09 15:23,1.16252,1.16252,1.16252,1.16252
2026-09-09 15:24,1.16239,1.16239,1.16239,1.16239
2026-09-09 15:25,1.16252,1.16252,1.16252,1.16252
2026-09-09 15:26,1.16279,1.16279,1.16279,1.16279
2026-09-09 15:27,1.16279,1.16279,1.16279,1.16279
2026-09-09 15:28,1.16266,1.16266,1.16266,1.16266
2026-09-09 15:29,1.16279,1.16279,1.16279,1.16279
2026-09-09 15:30,1.16279,1.16279,1.16279,1.16279
2026-09-09 15:31,1.16279,1.16279,1.16279,1.16279
2026-09-09 15:32,1.16293,1.16293,1.16293,1.16293
2026-09-09 15:33,1.16279,1.16279,1.16279,1.16279
2026-09-09 15:34,1.16293,1.16293,1.16293,1.16293
2026-09-09 15:35,1.16320,1.16320,1.16320,1.16320
2026-09-09 15:36,1.16333,1.16333,1.16333,1.16333
2026-09-09 15:37,1.16347,1.16347,1.16347,1.16347
2026-09-09 15:38,1.16320,1.16320,1.16320,1.16320
2026-09-09 15:39,1.16333,1.16333,1.16333,1.16333
2026-09-09 15:40,1.16347,1.16347,1.16347,1.16347
2026-09-09 15:41,1.16347,1.16347,1.16347,1.16347
2026-09-09 15:42,1.16347,1.16347,1.16347,1.16347
2026-09-09 15:43,1.16347,1.16347,1.16347,1.16347
2026-09-09 15:44,1.16360,1.16360,1.16360,1.16360
2026-09-09 15:45,1.16347,1.16347,1.16347,1.16347
2026-09-09 15:46,1.16333,1.16333,1.16333,1.16333
2026-09-09 15:47,1.16333,1.16333,1.16333,1.16333
2026-09-09 15:48,1.16333,1.16333,1.16333,1.16333
2026-09-09 15:49,1.16306,1.16306,1.16306,1.16306
2026-09-09 15:50,1.16347,1.16347,1.16347,1.16347
2026-09-09 15:51,1.16347,1.16347,1.16347,1.16347
2026-09-09 15:52,1.16320,1.16320,1.16320,1.16320
2026-09-09 15:53,1.16333,1.16333,1.16333,1.16333
2026-09-09 15:54,1.16320,1.16320,1.16320,1.16320
2026-09-09 15:55,1.16306,1.16306,1.16306,1.16306
2026-09-09 15:56,1.16306,1.16306,1.16306,1.16306
2026-09-09 15:57,1.16293,1.16293,1.16293,1.16293
2026-09-09 15:58,1.16293,1.16293,1.16293,1.16293
2026-09-09 15:59,1.16306,1.16306,1.16306,1.16306
2026-09-09 16:00,1.16306,1.16306,1.16306,1.16306
2026-09-09 16:01,1.16320,1.16320,1.16320,1.16320
2026-09-09 16:02,1.16347,1.16347,1.16347,1.16347
2026-09-09 16:03,1.16347,1.16347,1.16347,1.16347
2026-09-09 16:04,1.16360,1.16360,1.16360,1.16360
2026-09-09 16:05,1.16360,1.16360,1.16360,1.16360
2026-09-09 16:06,1.16360,1.16360,1.16360,1.16360
2026-09-09 16:07,1.16347,1.16347,1.16347,1.16347
2026-09-09 16:08,1.16347,1.16347,1.16347,1.16347
2026-09-09 16:09,1.16333,1.16333,1.16333,1.16333
2026-09-09 16:10,1.16333,1.16333,1.16333,1.16333
2026-09-09 16:11,1.16320,1.16320,1.16320,1.16320
2026-09-09 16:12,1.16320,1.16320,1.16320,1.16320
2026-09-09 16:13,1.16320,1.16320,1.16320,1.16320
2026-09-09 16:14,1.16333,1.16333,1.16333,1.16333
2026-09-09 16:15,1.16320,1.16320,1.16320,1.16320
2026-09-09 16:16,1.16306,1.16306,1.16306,1.16306
2026-09-09 16:17,1.16306,1.16306,1.16306,1.16306
2026-09-09 16:18,1.16306,1.16306,1.16306,1.16306
2026-09-09 16:19,1.16320,1.16320,1.16320,1.16320
2026-09-09 16:20,1.16320,1.16320,1.16320,1.16320
2026-09-09 16:21,1.16320,1.16320,1.16320,1.16320
2026-09-09 16:22,1.16306,1.16306,1.16306,1.16306
2026-09-09 16:23,1.16306,1.16306,1.16306,1.16306
2026-09-09 16:24,1.16333,1.16333,1.16333,1.16333
2026-09-09 16:25,1.16333,1.16333,1.16333,1.16333
2026-09-09 16:26,1.16333,1.16333,1.16333,1.16333
2026-09-09 16:27,1.16333,1.16333,1.16333,1.16333
2026-09-09 16:28,1.16320,1.16320,1.16320,1.16320
2026-09-09 16:29,1.16320,1.16320,1.16320,1.16320
2026-09-09 16:30,1.16333,1.16333,1.16333,1.16333
2026-09-09 16:31,1.16333,1.16333,1.16333,1.16333
2026-09-09 16:32,1.16333,1.16333,1.16333,1.16333
2026-09-09 16:33,1.16347,1.16347,1.16347,1.16347
2026-09-09 16:34,1.16347,1.16347,1.16347,1.16347
2026-09-09 16:35,1.16347,1.16347,1.16347,1.16347
2026-09-09 16:36,1.16347,1.16347,1.16347,1.16347
2026-09-09 16:37,1.16360,1.16360,1.16360,1.16360
2026-09-09 16:38,1.16360,1.16360,1.16360,1.16360
2026-09-09 16:39,1.16360,1.16360,1.16360,1.16360
2026-09-09 16:40,1.16374,1.16374,1.16374,1.16374
2026-09-09 16:41,1.16374,1.16374,1.16374,1.16374
2026-09-09 16:42,1.16374,1.16374,1.16374,1.16374
2026-09-09 16:43,1.16387,1.16387,1.16387,1.16387
2026-09-09 16:44,1.16387,1.16387,1.16387,1.16387
2026-09-09 16:45,1.16387,1.16387,1.16387,1.16387
2026-09-09 16:46,1.16401,1.16401,1.16401,1.16401
2026-09-09 16:47,1.16414,1.16414,1.16414,1.16414
2026-09-09 16:48,1.16414,1.16414,1.16414,1.16414
2026-09-09 16:49,1.16414,1.16414,1.16414,1.16414
2026-09-09 16:50,1.16428,1.16428,1.16428,1.16428
2026-09-09 16:51,1.16414,1.16414,1.16414,1.16414
2026-09-09 16:52,1.16414,1.16414,1.16414,1.16414
2026-09-09 16:53,1.16414,1.16414,1.16414,1.16414
2026-09-09 16:54,1.16414,1.16414,1.16414,1.16414
2026-09-09 16:55,1.16401,1.16401,1.16401,1.16401
2026-09-09 16:56,1.16401,1.16401,1.16401,1.16401
2026-09-09 16:57,1.16387,1.16387,1.16387,1.16387
2026-09-09 16:58,1.16401,1.16401,1.16401,1.16401
2026-09-09 16:59,1.16387,1.16387,1.16387,1.16387
2026-09-09 17:00,1.16387,1.16387,1.16387,1.16387
2026-09-09 17:01,1.16387,1.16387,1.16387,1.16387
2026-09-09 17:02,1.16401,1.16401,1.16401,1.16401
2026-09-09 17:03,1.16401,1.16401,1.16401,1.16401
2026-09-09 17:04,1.16414,1.16414,1.16414,1.16414
2026-09-09 17:05,1.16414,1.16414,1.16414,1.16414
2026-09-09 17:06,1.16428,1.16428,1.16428,1.16428
2026-09-09 17:07,1.16428,1.16428,1.16428,1.16428
2026-09-09 17:08,1.16428,1.16428,1.16428,1.16428
2026-09-09 17:09,1.16428,1.16428,1.16428,1.16428
2026-09-09 17:10,1.16428,1.16428,1.16428,1.16428
2026-09-09 17:11,1.16428,1.16428,1.16428,1.16428
2026-09-09 17:12,1.16414,1.16414,1.16414,1.16414
2026-09-09 17:13,1.16428,1.16428,1.16428,1.16428
2026-09-09 17:14,1.16428,1.16428,1.16428,1.16428
2026-09-09 17:15,1.16414,1.16414,1.16414,1.16414
2026-09-09 17:16,1.16414,1.16414,1.16414,1.16414
2026-09-09 17:17,1.16414,1.16414,1.16414,1.16414
2026-09-09 17:18,1.16414,1.16414,1.16414,1.16414
2026-09-09 17:19,1.16414,1.16414,1.16414,1.16414
2026-09-09 17:20,1.16414,1.16414,1.16414,1.16414
2026-09-09 17:21,1.16442,1.16442,1.16442,1.16442
2026-09-09 17:22,1.16428,1.16428,1.16428,1.16428
2026-09-09 17:23,1.16428,1.16428,1.16428,1.16428
2026-09-09 17:24,1.16442,1.16442,1.16442,1.16442
2026-09-09 17:25,1.16428,1.16428,1.16428,1.16428
2026-09-09 17:26,1.16442,1.16442,1.16442,1.16442
2026-09-09 17:27,1.16442,1.16442,1.16442,1.16442
2026-09-09 17:28,1.16442,1.16442,1.16442,1.16442
2026-09-09 17:29,1.16442,1.16442,1.16442,1.16442
2026-09-09 17:30,1.16442,1.16442,1.16442,1.16442
2026-09-09 17:31,1.16428,1.16428,1.16428,1.16428
2026-09-09 17:32,1.16428,1.16428,1.16428,1.16428
2026-09-09 17:33,1.16428,1.16428,1.16428,1.16428
2026-09-09 17:34,1.16428,1.16428,1.16428,1.16428
2026-09-09 17:35,1.16414,1.16414,1.16414,1.16414
2026-09-09 17:36,1.16414,1.16414,1.16414,1.16414
2026-09-09 17:37,1.16414,1.16414,1.16414,1.16414
2026-09-09 17:38,1.16401,1.16401,1.16401,1.16401
2026-09-09 17:39,1.16401,1.16401,1.16401,1.16401
2026-09-09 17:40,1.16414,1.16414,1.16414,1.16414
2026-09-09 17:41,1.16414,1.16414,1.16414,1.16414
2026-09-09 17:42,1.16428,1.16428,1.16428,1.16428
2026-09-09 17:43,1.16428,1.16428,1.16428,1.16428
2026-09-09 17:44,1.16428,1.16428,1.16428,1.16428
2026-09-09 17:45,1.16428,1.16428,1.16428,1.16428
2026-09-09 17:46,1.16414,1.16414,1.16414,1.16414
2026-09-09 17:47,1.16428,1.16428,1.16428,1.16428
2026-09-09 17:48,1.16414,1.16414,1.16414,1.16414
2026-09-09 17:49,1.16414,1.16414,1.16414,1.16414
2026-09-09 17:50,1.16414,1.16414,1.16414,1.16414
2026-09-09 17:51,1.16428,1.16428,1.16428,1.16428
2026-09-09 17:52,1.16414,1.16414,1.16414,1.16414
2026-09-09 17:53,1.16414,1.16414,1.16414,1.16414
2026-09-09 17:54,1.16414,1.16414,1.16414,1.16414
2026-09-09 17:55,1.16414,1.16414,1.16414,1.16414
2026-09-09 17:56,1.16414,1.16414,1.16414,1.16414
2026-09-09 17:57,1.16428,1.16428,1.16428,1.16428
2026-09-09 17:58,1.16414,1.16414,1.16414,1.16414
2026-09-09 17:59,1.16414,1.16414,1.16414,1.16414
2026-09-09 18:00,1.16428,1.16428,1.16428,1.16428
2026-09-09 18:01,1.16428,1.16428,1.16428,1.16428
2026-09-09 18:02,1.16414,1.16414,1.16414,1.16414
2026-09-09 18:03,1.16428,1.16428,1.16428,1.16428
2026-09-09 18:04,1.16414,1.16414,1.16414,1.16414
2026-09-09 18:05,1.16428,1.16428,1.16428,1.16428
2026-09-09 18:06,1.16414,1.16414,1.16414,1.16414
2026-09-09 18:07,1.16414,1.16414,1.16414,1.16414
2026-09-09 18:08,1.16414,1.16414,1.16414,1.16414
2026-09-09 18:09,1.16414,1.16414,1.16414,1.16414
2026-09-09 18:10,1.16414,1.16414,1.16414,1.16414
2026-09-09 18:11,1.16414,1.16414,1.16414,1.16414
2026-09-09 18:12,1.16414,1.16414,1.16414,1.16414
2026-09-09 18:13,1.16428,1.16428,1.16428,1.16428
2026-09-09 18:14,1.16428,1.16428,1.16428,1.16428
2026-09-09 18:15,1.16414,1.16414,1.16414,1.16414
2026-09-09 18:16,1.16401,1.16401,1.16401,1.16401
2026-09-09 18:17,1.16401,1.16401,1.16401,1.16401
2026-09-09 18:18,1.16401,1.16401,1.16401,1.16401
2026-09-09 18:19,1.16387,1.16387,1.16387,1.16387
2026-09-09 18:20,1.16387,1.16387,1.16387,1.16387
2026-09-09 18:21,1.16401,1.16401,1.16401,1.16401
2026-09-09 18:22,1.16401,1.16401,1.16401,1.16401
2026-09-09 18:23,1.16401,1.16401,1.16401,1.16401
2026-09-09 18:24,1.16401,1.16401,1.16401,1.16401
2026-09-09 18:25,1.16387,1.16387,1.16387,1.16387
2026-09-09 18:26,1.16401,1.16401,1.16401,1.16401
2026-09-09 18:27,1.16387,1.16387,1.16387,1.16387
2026-09-09 18:28,1.16387,1.16387,1.16387,1.16387
2026-09-09 18:29,1.16387,1.16387,1.16387,1.16387
2026-09-09 18:30,1.16387,1.16387,1.16387,1.16387
2026-09-09 18:31,1.16374,1.16374,1.16374,1.16374
2026-09-09 18:32,1.16374,1.16374,1.16374,1.16374
2026-09-09 18:33,1.16374,1.16374,1.16374,1.16374
2026-09-09 18:34,1.16387,1.16387,1.16387,1.16387
2026-09-09 18:35,1.16374,1.16374,1.16374,1.16374
2026-09-09 18:36,1.16374,1.16374,1.16374,1.16374
2026-09-09 18:37,1.16374,1.16374,1.16374,1.16374
2026-09-09 18:38,1.16360,1.16360,1.16360,1.16360
2026-09-09 18:39,1.16374,1.16374,1.16374,1.16374
2026-09-09 18:40,1.16360,1.16360,1.16360,1.16360
2026-09-09 18:41,1.16360,1.16360,1.16360,1.16360
2026-09-09 18:42,1.16347,1.16347,1.16347,1.16347
2026-09-09 18:43,1.16347,1.16347,1.16347,1.16347
2026-09-09 18:44,1.16347,1.16347,1.16347,1.16347
2026-09-09 18:45,1.16347,1.16347,1.16347,1.16347
2026-09-09 18:46,1.16347,1.16347,1.16347,1.16347
2026-09-09 18:47,1.16333,1.16333,1.16333,1.16333
2026-09-09 18:48,1.16333,1.16333,1.16333,1.16333
2026-09-09 18:49,1.16333,1.16333,1.16333,1.16333
2026-09-09 18:50,1.16320,1.16320,1.16320,1.16320
2026-09-09 18:51,1.16333,1.16333,1.16333,1.16333
2026-09-09 18:52,1.16333,1.16333,1.16333,1.16333
2026-09-09 18:53,1.16333,1.16333,1.16333,1.16333
2026-09-09 18:54,1.16333,1.16333,1.16333,1.16333
2026-09-09 18:55,1.16320,1.16320,1.16320,1.16320
2026-09-09 18:56,1.16320,1.16320,1.16320,1.16320
2026-09-09 18:57,1.16320,1.16320,1.16320,1.16320
2026-09-09 18:58,1.16320,1.16320,1.16320,1.16320
2026-09-09 18:59,1.16320,1.16320,1.16320,1.16320
2026-09-09 19:00,1.16333,1.16333,1.16333,1.16333
2026-09-09 19:01,1.16320,1.16320,1.16320,1.16320
2026-09-09 19:02,1.16320,1.16320,1.16320,1.16320
2026-09-09 19:03,1.16320,1.16320,1.16320,1.16320
2026-09-09 19:04,1.16306,1.16306,1.16306,1.16306
2026-09-09 19:05,1.16306,1.16306,1.16306,1.16306
2026-09-09 19:06,1.16293,1.16293,1.16293,1.16293
2026-09-09 19:07,1.16306,1.16306,1.16306,1.16306
2026-09-09 19:08,1.16306,1.16306,1.16306,1.16306
2026-09-09 19:09,1.16306,1.16306,1.16306,1.16306
2026-09-09 19:10,1.16306,1.16306,1.16306,1.16306
2026-09-09 19:11,1.16306,1.16306,1.16306,1.16306
2026-09-09 19:12,1.16306,1.16306,1.16306,1.16306
2026-09-09 19:13,1.16293,1.16293,1.16293,1.16293
2026-09-09 19:14,1.16306,1.16306,1.16306,1.16306
2026-09-09 19:15,1.16306,1.16306,1.16306,1.16306
2026-09-09 19:16,1.16293,1.16293,1.16293,1.16293
2026-09-09 19:17,1.16306,1.16306,1.16306,1.16306
2026-09-09 19:18,1.16320,1.16320,1.16320,1.16320
2026-09-09 19:19,1.16306,1.16306,1.16306,1.16306
2026-09-09 19:20,1.16306,1.16306,1.16306,1.16306
2026-09-09 19:21,1.16320,1.16320,1.16320,1.16320
2026-09-09 19:22,1.16320,1.16320,1.16320,1.16320
2026-09-09 19:23,1.16320,1.16320,1.16320,1.16320
2026-09-09 19:24,1.16320,1.16320,1.16320,1.16320
2026-09-09 19:25,1.16320,1.16320,1.16320,1.16320
2026-09-09 19:26,1.16320,1.16320,1.16320,1.16320
2026-09-09 19:27,1.16320,1.16320,1.16320,1.16320
2026-09-09 19:28,1.16306,1.16306,1.16306,1.16306
2026-09-09 19:29,1.16306,1.16306,1.16306,1.16306
2026-09-09 19:30,1.16306,1.16306,1.16306,1.16306
2026-09-09 19:31,1.16306,1.16306,1.16306,1.16306
2026-09-09 19:32,1.16306,1.16306,1.16306,1.16306
2026-09-09 19:33,1.16320,1.16320,1.16320,1.16320
2026-09-09 19:34,1.16320,1.16320,1.16320,1.16320
2026-09-09 19:35,1.16320,1.16320,1.16320,1.16320
2026-09-09 19:36,1.16320,1.16320,1.16320,1.16320
2026-09-09 19:37,1.16320,1.16320,1.16320,1.16320
2026-09-09 19:38,1.16320,1.16320,1.16320,1.16320
2026-09-09 19:39,1.16320,1.16320,1.16320,1.16320
2026-09-09 19:40,1.16333,1.16333,1.16333,1.16333
2026-09-09 19:41,1.16333,1.16333,1.16333,1.16333
2026-09-09 19:42,1.16333,1.16333,1.16333,1.16333
2026-09-09 19:43,1.16333,1.16333,1.16333,1.16333
2026-09-09 19:44,1.16333,1.16333,1.16333,1.16333
2026-09-09 19:45,1.16347,1.16347,1.16347,1.16347
2026-09-09 19:46,1.16333,1.16333,1.16333,1.16333
2026-09-09 19:47,1.16347,1.16347,1.16347,1.16347
2026-09-09 19:48,1.16347,1.16347,1.16347,1.16347
2026-09-09 19:49,1.16347,1.16347,1.16347,1.16347
2026-09-09 19:50,1.16333,1.16333,1.16333,1.16333
2026-09-09 19:51,1.16333,1.16333,1.16333,1.16333
2026-09-09 19:52,1.16333,1.16333,1.16333,1.16333
2026-09-09 19:53,1.16333,1.16333,1.16333,1.16333
2026-09-09 19:54,1.16333,1.16333,1.16333,1.16333
2026-09-09 19:55,1.16333,1.16333,1.16333,1.16333
2026-09-09 19:56,1.16347,1.16347,1.16347,1.16347
2026-09-09 19:57,1.16347,1.16347,1.16347,1.16347
2026-09-09 19:58,1.16347,1.16347,1.16347,1.16347
2026-09-09 19:59,1.16347,1.16347,1.16347,1.16347
2026-09-09 20:00,1.16333,1.16333,1.16333,1.16333
2026-09-09 20:01,1.16320,1.16320,1.16320,1.16320
2026-09-09 20:02,1.16320,1.16320,1.16320,1.16320
2026-09-09 20:03,1.16333,1.16333,1.16333,1.16333
2026-09-09 20:04,1.16333,1.16333,1.16333,1.16333
2026-09-09 20:05,1.16320,1.16320,1.16320,1.16320
2026-09-09 20:06,1.16333,1.16333,1.16333,1.16333
2026-09-09 20:07,1.16320,1.16320,1.16320,1.16320
2026-09-09 20:08,1.16320,1.16320,1.16320,1.16320
2026-09-09 20:09,1.16320,1.16320,1.16320,1.16320
2026-09-09 20:10,1.16320,1.16320,1.16320,1.16320
2026-09-09 20:11,1.16320,1.16320,1.16320,1.16320
2026-09-09 20:12,1.16320,1.16320,1.16320,1.16320
2026-09-09 20:13,1.16320,1.16320,1.16320,1.16320
2026-09-09 20:14,1.16333,1.16333,1.16333,1.16333
2026-09-09 20:15,1.16320,1.16320,1.16320,1.16320
2026-09-09 20:16,1.16320,1.16320,1.16320,1.16320
2026-09-09 20:17,1.16320,1.16320,1.16320,1.16320
2026-09-09 20:18,1.16320,1.16320,1.16320,1.16320
2026-09-09 20:19,1.16320,1.16320,1.16320,1.16320
2026-09-09 20:20,1.16320,1.16320,1.16320,1.16320
2026-09-09 20:21,1.16320,1.16320,1.16320,1.16320
2026-09-09 20:22,1.16320,1.16320,1.16320,1.16320
2026-09-09 20:23,1.16320,1.16320,1.16320,1.16320
2026-09-09 20:24,1.16320,1.16320,1.16320,1.16320
2026-09-09 20:25,1.16320,1.16320,1.16320,1.16320
2026-09-09 20:26,1.16320,1.16320,1.16320,1.16320
2026-09-09 20:27,1.16333,1.16333,1.16333,1.16333
2026-09-09 20:28,1.16333,1.16333,1.16333,1.16333
2026-09-09 20:29,1.16333,1.16333,1.16333,1.16333
2026-09-09 20:30,1.16333,1.16333,1.16333,1.16333
2026-09-09 20:31,1.16347,1.16347,1.16347,1.16347
2026-09-09 20:32,1.16347,1.16347,1.16347,1.16347
2026-09-09 20:33,1.16333,1.16333,1.16333,1.16333
2026-09-09 20:34,1.16333,1.16333,1.16333,1.16333
2026-09-09 20:35,1.16347,1.16347,1.16347,1.16347
2026-09-09 20:36,1.16347,1.16347,1.16347,1.16347
2026-09-09 20:37,1.16347,1.16347,1.16347,1.16347
2026-09-09 20:38,1.16347,1.16347,1.16347,1.16347
2026-09-09 20:39,1.16347,1.16347,1.16347,1.16347
2026-09-09 20:40,1.16347,1.16347,1.16347,1.16347
2026-09-09 20:41,1.16347,1.16347,1.16347,1.16347
2026-09-09 20:42,1.16347,1.16347,1.16347,1.16347
2026-09-09 20:43,1.16347,1.16347,1.16347,1.16347
2026-09-09 20:44,1.16347,1.16347,1.16347,1.16347
2026-09-09 20:45,1.16347,1.16347,1.16347,1.16347
2026-09-09 20:46,1.16347,1.16347,1.16347,1.16347
2026-09-09 20:47,1.16360,1.16360,1.16360,1.16360
2026-09-09 20:48,1.16347,1.16347,1.16347,1.16347
2026-09-09 20:49,1.16360,1.16360,1.16360,1.16360
2026-09-09 20:50,1.16360,1.16360,1.16360,1.16360
2026-09-09 20:51,1.16360,1.16360,1.16360,1.16360
2026-09-09 20:52,1.16360,1.16360,1.16360,1.16360
2026-09-09 20:53,1.16360,1.16360,1.16360,1.16360
2026-09-09 20:54,1.16360,1.16360,1.16360,1.16360
2026-09-09 20:55,1.16360,1.16360,1.16360,1.16360
2026-09-09 20:56,1.16360,1.16360,1.16360,1.16360
2026-09-09 20:57,1.16360,1.16360,1.16360,1.16360
2026-09-09 20:58,1.16360,1.16360,1.16360,1.16360
2026-09-09 20:59,1.16360,1.16360,1.16360,1.16360
2026-09-09 21:00,1.16266,1.16266,1.16266,1.16266
2026-09-09 21:01,1.16252,1.16252,1.16252,1.16252
2026-09-09 21:02,1.16252,1.16252,1.16252,1.16252
2026-09-09 21:03,1.16266,1.16266,1.16266,1.16266
2026-09-09 21:04,1.16306,1.16306,1.16306,1.16306
2026-09-09 21:05,1.16360,1.16360,1.16360,1.16360
2026-09-09 21:06,1.16333,1.16333,1.16333,1.16333
2026-09-09 21:07,1.16347,1.16347,1.16347,1.16347
2026-09-09 21:08,1.16347,1.16347,1.16347,1.16347
2026-09-09 21:09,1.16374,1.16374,1.16374,1.16374
2026-09-09 21:10,1.16374,1.16374,1.16374,1.16374
2026-09-09 21:11,1.16401,1.16401,1.16401,1.16401
2026-09-09 21:12,1.16387,1.16387,1.16387,1.16387
2026-09-09 21:13,1.16401,1.16401,1.16401,1.16401
2026-09-09 21:14,1.16401,1.16401,1.16401,1.16401
2026-09-09 21:15,1.16387,1.16387,1.16387,1.16387
2026-09-09 21:16,1.16401,1.16401,1.16401,1.16401
2026-09-09 21:17,1.16374,1.16374,1.16374,1.16374
2026-09-09 21:18,1.16347,1.16347,1.16347,1.16347
2026-09-09 21:19,1.16374,1.16374,1.16374,1.16374
2026-09-09 21:20,1.16374,1.16374,1.16374,1.16374
2026-09-09 21:21,1.16374,1.16374,1.16374,1.16374
2026-09-09 21:22,1.16374,1.16374,1.16374,1.16374
2026-09-09 21:23,1.16387,1.16387,1.16387,1.16387
2026-09-09 21:24,1.16401,1.16401,1.16401,1.16401
2026-09-09 21:25,1.16401,1.16401,1.16401,1.16401
2026-09-09 21:26,1.16374,1.16374,1.16374,1.16374
2026-09-09 21:27,1.16401,1.16401,1.16401,1.16401
2026-09-09 21:28,1.16360,1.16360,1.16360,1.16360
2026-09-09 21:29,1.16387,1.16387,1.16387,1.16387
2026-09-09 21:30,1.16414,1.16414,1.16414,1.16414
2026-09-09 21:31,1.16401,1.16401,1.16401,1.16401
2026-09-09 21:32,1.16414,1.16414,1.16414,1.16414
2026-09-09 21:33,1.16387,1.16387,1.16387,1.16387
2026-09-09 21:34,1.16401,1.16401,1.16401,1.16401
2026-09-09 21:35,1.16414,1.16414,1.16414,1.16414
2026-09-09 21:36,1.16401,1.16401,1.16401,1.16401
2026-09-09 21:37,1.16387,1.16387,1.16387,1.16387
2026-09-09 21:38,1.16401,1.16401,1.16401,1.16401
2026-09-09 21:39,1.16387,1.16387,1.16387,1.16387
2026-09-09 21:40,1.16401,1.16401,1.16401,1.16401
2026-09-09 21:41,1.16401,1.16401,1.16401,1.16401
2026-09-09 21:42,1.16414,1.16414,1.16414,1.16414
2026-09-09 21:43,1.16374,1.16374,1.16374,1.16374
2026-09-09 21:44,1.16414,1.16414,1.16414,1.16414
2026-09-09 21:45,1.16401,1.16401,1.16401,1.16401
2026-09-09 21:46,1.16401,1.16401,1.16401,1.16401
2026-09-09 21:47,1.16387,1.16387,1.16387,1.16387
2026-09-09 21:48,1.16387,1.16387,1.16387,1.16387
2026-09-09 21:49,1.16387,1.16387,1.16387,1.16387
2026-09-09 21:50,1.16401,1.16401,1.16401,1.16401
2026-09-09 21:51,1.16401,1.16401,1.16401,1.16401
2026-09-09 21:52,1.16401,1.16401,1.16401,1.16401
2026-09-09 21:53,1.16387,1.16387,1.16387,1.16387
2026-09-09 21:54,1.16387,1.16387,1.16387,1.16387
2026-09-09 21:55,1.16387,1.16387,1.16387,1.16387
2026-09-09 21:56,1.16387,1.16387,1.16387,1.16387
2026-09-09 21:57,1.16387,1.16387,1.16387,1.16387
2026-09-09 21:58,1.16387,1.16387,1.16387,1.16387
2026-09-09 21:59,1.16387,1.16387,1.16387,1.16387
2026-09-09 22:00,1.16401,1.16401,1.16401,1.16401
2026-09-09 22:01,1.16374,1.16374,1.16374,1.16374
2026-09-09 22:02,1.16374,1.16374,1.16374,1.16374
2026-09-09 22:03,1.16374,1.16374,1.16374,1.16374
2026-09-09 22:04,1.16374,1.16374,1.16374,1.16374
2026-09-09 22:05,1.16387,1.16387,1.16387,1.16387
2026-09-09 22:06,1.16374,1.16374,1.16374,1.16374
2026-09-09 22:07,1.16387,1.16387,1.16387,1.16387
2026-09-09 22:08,1.16387,1.16387,1.16387,1.16387
2026-09-09 22:09,1.16387,1.16387,1.16387,1.16387
2026-09-09 22:10,1.16387,1.16387,1.16387,1.16387
2026-09-09 22:11,1.16401,1.16401,1.16401,1.16401
2026-09-09 22:12,1.16401,1.16401,1.16401,1.16401
2026-09-09 22:13,1.16387,1.16387,1.16387,1.16387
2026-09-09 22:14,1.16387,1.16387,1.16387,1.16387
2026-09-09 22:15,1.16387,1.16387,1.16387,1.16387
2026-09-09 22:16,1.16387,1.16387,1.16387,1.16387
2026-09-09 22:17,1.16401,1.16401,1.16401,1.16401
2026-09-09 22:18,1.16401,1.16401,1.16401,1.16401
2026-09-09 22:19,1.16401,1.16401,1.16401,1.16401
2026-09-09 22:20,1.16401,1.16401,1.16401,1.16401
2026-09-09 22:21,1.16414,1.16414,1.16414,1.16414
2026-09-09 22:22,1.16414,1.16414,1.16414,1.16414
2026-09-09 22:23,1.16414,1.16414,1.16414,1.16414
2026-09-09 22:24,1.16414,1.16414,1.16414,1.16414
2026-09-09 22:25,1.16414,1.16414,1.16414,1.16414
2026-09-09 22:26,1.16414,1.16414,1.16414,1.16414
2026-09-09 22:27,1.16414,1.16414,1.16414,1.16414
2026-09-09 22:28,1.16414,1.16414,1.16414,1.16414
2026-09-09 22:29,1.16414,1.16414,1.16414,1.16414
2026-09-09 22:30,1.16414,1.16414,1.16414,1.16414
2026-09-09 22:31,1.16414,1.16414,1.16414,1.16414
2026-09-09 22:32,1.16401,1.16401,1.16401,1.16401
2026-09-09 22:33,1.16401,1.16401,1.16401,1.16401
2026-09-09 22:34,1.16401,1.16401,1.16401,1.16401
2026-09-09 22:35,1.16401,1.16401,1.16401,1.16401
2026-09-09 22:36,1.16401,1.16401,1.16401,1.16401
2026-09-09 22:37,1.16401,1.16401,1.16401,1.16401
2026-09-09 22:38,1.16401,1.16401,1.16401,1.16401
2026-09-09 22:39,1.16401,1.16401,1.16401,1.16401
2026-09-09 22:40,1.16401,1.16401,1.16401,1.16401
2026-09-09 22:41,1.16401,1.16401,1.16401,1.16401
2026-09-09 22:42,1.16401,1.16401,1.16401,1.16401
2026-09-09 22:43,1.16414,1.16414,1.16414,1.16414
2026-09-09 22:44,1.16414,1.16414,1.16414,1.16414
2026-09-09 22:45,1.16401,1.16401,1.16401,1.16401
2026-09-09 22:46,1.16401,1.16401,1.16401,1.16401
2026-09-09 22:47,1.16401,1.16401,1.16401,1.16401
2026-09-09 22:48,1.16401,1.16401,1.16401,1.16401
2026-09-09 22:49,1.16401,1.16401,1.16401,1.16401
2026-09-09 22:50,1.16401,1.16401,1.16401,1.16401
2026-09-09 22:51,1.16401,1.16401,1.16401,1.16401
2026-09-09 22:52,1.16401,1.16401,1.16401,1.16401
2026-09-09 22:53,1.16401,1.16401,1.16401,1.16401
2026-09-09 22:54,1.16401,1.16401,1.16401,1.16401
2026-09-09 22:55,1.16401,1.16401,1.16401,1.16401
2026-09-09 22:56,1.16401,1.16401,1.16401,1.16401
2026-09-09 22:57,1.16401,1.16401,1.16401,1.16401
2026-09-09 22:58,1.16414,1.16414,1.16414,1.16414
2026-09-09 23:00,1.16414,1.16414,1.16414,1.16414
2026-09-09 23:01,1.16414,1.16414,1.16414,1.16414
2026-09-09 23:02,1.16414,1.16414,1.16414,1.16414
2026-09-09 23:03,1.16414,1.16414,1.16414,1.16414
2026-09-09 23:04,1.16414,1.16414,1.16414,1.16414
2026-09-09 23:05,1.16401,1.16401,1.16401,1.16401
2026-09-09 23:06,1.16401,1.16401,1.16401,1.16401
2026-09-09 23:07,1.16414,1.16414,1.16414,1.16414
2026-09-09 23:08,1.16414,1.16414,1.16414,1.16414
2026-09-09 23:09,1.16401,1.16401,1.16401,1.16401
2026-09-09 23:10,1.16414,1.16414,1.16414,1.16414
2026-09-09 23:11,1.16401,1.16401,1.16401,1.16401
2026-09-09 23:12,1.16401,1.16401,1.16401,1.16401
2026-09-09 23:13,1.16414,1.16414,1.16414,1.16414
2026-09-09 23:14,1.16414,1.16414,1.16414,1.16414
2026-09-09 23:15,1.16414,1.16414,1.16414,1.16414
2026-09-09 23:16,1.16414,1.16414,1.16414,1.16414
2026-09-09 23:17,1.16414,1.16414,1.16414,1.16414
2026-09-09 23:18,1.16414,1.16414,1.16414,1.16414
2026-09-09 23:19,1.16414,1.16414,1.16414,1.16414
2026-09-09 23:20,1.16401,1.16401,1.16401,1.16401
2026-09-09 23:21,1.16401,1.16401,1.16401,1.16401
2026-09-09 23:22,1.16401,1.16401,1.16401,1.16401
2026-09-09 23:23,1.16401,1.16401,1.16401,1.16401
2026-09-09 23:24,1.16401,1.16401,1.16401,1.16401
2026-09-09 23:25,1.16401,1.16401,1.16401,1.16401
2026-09-09 23:26,1.16401,1.16401,1.16401,1.16401
2026-09-09 23:27,1.16401,1.16401,1.16401,1.16401
2026-09-09 23:28,1.16401,1.16401,1.16401,1.16401
2026-09-09 23:29,1.16401,1.16401,1.16401,1.16401
2026-09-09 23:30,1.16401,1.16401,1.16401,1.16401
2026-09-09 23:31,1.16401,1.16401,1.16401,1.16401
2026-09-09 23:32,1.16401,1.16401,1.16401,1.16401
2026-09-09 23:33,1.16401,1.16401,1.16401,1.16401
2026-09-09 23:34,1.16387,1.16387,1.16387,1.16387
2026-09-09 23:35,1.16401,1.16401,1.16401,1.16401
2026-09-09 23:36,1.16401,1.16401,1.16401,1.16401
2026-09-09 23:37,1.16401,1.16401,1.16401,1.16401
2026-09-09 23:38,1.16401,1.16401,1.16401,1.16401
2026-09-09 23:39,1.16401,1.16401,1.16401,1.16401
2026-09-09 23:40,1.16401,1.16401,1.16401,1.16401
2026-09-09 23:41,1.16401,1.16401,1.16401,1.16401
2026-09-09 23:42,1.16401,1.16401,1.16401,1.16401
2026-09-09 23:43,1.16387,1.16387,1.16387,1.16387
2026-09-09 23:44,1.16387,1.16387,1.16387,1.16387
2026-09-09 23:45,1.16401,1.16401,1.16401,1.16401
2026-09-09 23:46,1.16387,1.16387,1.16387,1.16387
2026-09-09 23:47,1.16387,1.16387,1.16387,1.16387
2026-09-09 23:48,1.16374,1.16374,1.16374,1.16374
2026-09-09 23:49,1.16387,1.16387,1.16387,1.16387
2026-09-09 23:50,1.16387,1.16387,1.16387,1.16387
2026-09-09 23:51,1.16387,1.16387,1.16387,1.16387
2026-09-09 23:52,1.16374,1.16374,1.16374,1.16374
2026-09-09 23:53,1.16374,1.16374,1.16374,1.16374
2026-09-09 23:54,1.16374,1.16374,1.16374,1.16374
2026-09-09 23:55,1.16374,1.16374,1.16374,1.16374
2026-09-09 23:56,1.16374,1.16374,1.16374,1.16374
2026-09-09 23:57,1.16374,1.16374,1.16374,1.16374
2026-09-09 23:58,1.16374,1.16374,1.16374,1.16374
2026-09-09 23:59,1.16374,1.16374,1.16374,1.16374
2026-09-10 00:00,1.16360,1.16360,1.16360,1.16360
2026-09-10 00:01,1.16360,1.16360,1.16360,1.16360
2026-09-10 00:02,1.16360,1.16360,1.16360,1.16360
2026-09-10 00:03,1.16360,1.16360,1.16360,1.16360
2026-09-10 00:04,1.16360,1.16360,1.16360,1.16360
2026-09-10 00:05,1.16360,1.16360,1.16360,1.16360
2026-09-10 00:06,1.16347,1.16347,1.16347,1.16347
2026-09-10 00:07,1.16360,1.16360,1.16360,1.16360
2026-09-10 00:08,1.16360,1.16360,1.16360,1.16360
2026-09-10 00:09,1.16360,1.16360,1.16360,1.16360
2026-09-10 00:10,1.16360,1.16360,1.16360,1.16360
2026-09-10 00:11,1.16374,1.16374,1.16374,1.16374
2026-09-10 00:12,1.16374,1.16374,1.16374,1.16374
2026-09-10 00:13,1.16374,1.16374,1.16374,1.16374
2026-09-10 00:14,1.16374,1.16374,1.16374,1.16374
2026-09-10 00:15,1.16374,1.16374,1.16374,1.16374
2026-09-10 00:16,1.16374,1.16374,1.16374,1.16374
2026-09-10 00:17,1.16360,1.16360,1.16360,1.16360
2026-09-10 00:18,1.16374,1.16374,1.16374,1.16374
2026-09-10 00:19,1.16374,1.16374,1.16374,1.16374
2026-09-10 00:20,1.16374,1.16374,1.16374,1.16374
2026-09-10 00:21,1.16374,1.16374,1.16374,1.16374
2026-09-10 00:22,1.16347,1.16347,1.16347,1.16347
2026-09-10 00:23,1.16347,1.16347,1.16347,1.16347
2026-09-10 00:24,1.16347,1.16347,1.16347,1.16347
2026-09-10 00:25,1.16347,1.16347,1.16347,1.16347
2026-09-10 00:26,1.16360,1.16360,1.16360,1.16360
2026-09-10 00:27,1.16360,1.16360,1.16360,1.16360
2026-09-10 00:28,1.16360,1.16360,1.16360,1.16360
2026-09-10 00:29,1.16347,1.16347,1.16347,1.16347
2026-09-10 00:30,1.16347,1.16347,1.16347,1.16347
2026-09-10 00:31,1.16347,1.16347,1.16347,1.16347
2026-09-10 00:32,1.16333,1.16333,1.16333,1.16333
2026-09-10 00:33,1.16333,1.16333,1.16333,1.16333
2026-09-10 00:34,1.16333,1.16333,1.16333,1.16333
2026-09-10 00:35,1.16333,1.16333,1.16333,1.16333
2026-09-10 00:36,1.16333,1.16333,1.16333,1.16333
2026-09-10 00:37,1.16347,1.16347,1.16347,1.16347
2026-09-10 00:38,1.16347,1.16347,1.16347,1.16347
2026-09-10 00:39,1.16360,1.16360,1.16360,1.16360
2026-09-10 00:40,1.16360,1.16360,1.16360,1.16360
2026-09-10 00:41,1.16347,1.16347,1.16347,1.16347
2026-09-10 00:42,1.16347,1.16347,1.16347,1.16347
2026-09-10 00:43,1.16347,1.16347,1.16347,1.16347
2026-09-10 00:44,1.16347,1.16347,1.16347,1.16347
2026-09-10 00:45,1.16347,1.16347,1.16347,1.16347
2026-09-10 00:46,1.16347,1.16347,1.16347,1.16347
2026-09-10 00:47,1.16347,1.16347,1.16347,1.16347
2026-09-10 00:48,1.16347,1.16347,1.16347,1.16347
2026-09-10 00:49,1.16360,1.16360,1.16360,1.16360
2026-09-10 00:50,1.16360,1.16360,1.16360,1.16360
2026-09-10 00:51,1.16347,1.16347,1.16347,1.16347
2026-09-10 00:52,1.16360,1.16360,1.16360,1.16360
2026-09-10 00:53,1.16374,1.16374,1.16374,1.16374
2026-09-10 00:54,1.16374,1.16374,1.16374,1.16374
2026-09-10 00:55,1.16347,1.16347,1.16347,1.16347
2026-09-10 00:56,1.16360,1.16360,1.16360,1.16360
2026-09-10 00:57,1.16360,1.16360,1.16360,1.16360
2026-09-10 00:58,1.16360,1.16360,1.16360,1.16360
2026-09-10 00:59,1.16347,1.16347,1.16347,1.16347
2026-09-10 01:00,1.16360,1.16360,1.16360,1.16360
2026-09-10 01:01,1.16347,1.16347,1.16347,1.16347
2026-09-10 01:02,1.16360,1.16360,1.16360,1.16360
2026-09-10 01:03,1.16360,1.16360,1.16360,1.16360
2026-09-10 01:04,1.16347,1.16347,1.16347,1.16347
2026-09-10 01:05,1.16374,1.16374,1.16374,1.16374
2026-09-10 01:06,1.16360,1.16360,1.16360,1.16360
2026-09-10 01:07,1.16374,1.16374,1.16374,1.16374
2026-09-10 01:08,1.16387,1.16387,1.16387,1.16387
2026-09-10 01:09,1.16374,1.16374,1.16374,1.16374
2026-09-10 01:10,1.16387,1.16387,1.16387,1.16387
2026-09-10 01:11,1.16374,1.16374,1.16374,1.16374
2026-09-10 01:12,1.16360,1.16360,1.16360,1.16360
2026-09-10 01:13,1.16374,1.16374,1.16374,1.16374
2026-09-10 01:14,1.16387,1.16387,1.16387,1.16387
2026-09-10 01:15,1.16387,1.16387,1.16387,1.16387
2026-09-10 01:16,1.16374,1.16374,1.16374,1.16374
2026-09-10 01:17,1.16387,1.16387,1.16387,1.16387
2026-09-10 01:18,1.16387,1.16387,1.16387,1.16387
2026-09-10 01:19,1.16387,1.16387,1.16387,1.16387
2026-09-10 01:20,1.16387,1.16387,1.16387,1.16387
2026-09-10 01:21,1.16374,1.16374,1.16374,1.16374
2026-09-10 01:22,1.16374,1.16374,1.16374,1.16374
2026-09-10 01:23,1.16374,1.16374,1.16374,1.16374
2026-09-10 01:24,1.16374,1.16374,1.16374,1.16374
2026-09-10 01:25,1.16374,1.16374,1.16374,1.16374
2026-09-10 01:26,1.16360,1.16360,1.16360,1.16360
2026-09-10 01:27,1.16360,1.16360,1.16360,1.16360
2026-09-10 01:28,1.16360,1.16360,1.16360,1.16360
2026-09-10 01:29,1.16360,1.16360,1.16360,1.16360
2026-09-10 01:30,1.16360,1.16360,1.16360,1.16360
2026-09-10 01:31,1.16360,1.16360,1.16360,1.16360
2026-09-10 01:32,1.16360,1.16360,1.16360,1.16360
2026-09-10 01:33,1.16360,1.16360,1.16360,1.16360
2026-09-10 01:34,1.16374,1.16374,1.16374,1.16374
2026-09-10 01:35,1.16374,1.16374,1.16374,1.16374
2026-09-10 01:36,1.16374,1.16374,1.16374,1.16374
2026-09-10 01:37,1.16374,1.16374,1.16374,1.16374
2026-09-10 01:38,1.16374,1.16374,1.16374,1.16374
2026-09-10 01:39,1.16360,1.16360,1.16360,1.16360
2026-09-10 01:40,1.16374,1.16374,1.16374,1.16374
2026-09-10 01:41,1.16374,1.16374,1.16374,1.16374
2026-09-10 01:42,1.16360,1.16360,1.16360,1.16360
2026-09-10 01:43,1.16360,1.16360,1.16360,1.16360
2026-09-10 01:44,1.16360,1.16360,1.16360,1.16360
2026-09-10 01:45,1.16374,1.16374,1.16374,1.16374
2026-09-10 01:46,1.16374,1.16374,1.16374,1.16374
2026-09-10 01:47,1.16374,1.16374,1.16374,1.16374
2026-09-10 01:48,1.16387,1.16387,1.16387,1.16387
2026-09-10 01:49,1.16387,1.16387,1.16387,1.16387
2026-09-10 01:50,1.16387,1.16387,1.16387,1.16387
2026-09-10 01:51,1.16387,1.16387,1.16387,1.16387
2026-09-10 01:52,1.16401,1.16401,1.16401,1.16401
2026-09-10 01:53,1.16401,1.16401,1.16401,1.16401
2026-09-10 01:54,1.16414,1.16414,1.16414,1.16414
2026-09-10 01:55,1.16414,1.16414,1.16414,1.16414
2026-09-10 01:56,1.16428,1.16428,1.16428,1.16428
2026-09-10 01:57,1.16428,1.16428,1.16428,1.16428
2026-09-10 01:58,1.16414,1.16414,1.16414,1.16414
2026-09-10 01:59,1.16428,1.16428,1.16428,1.16428
2026-09-10 02:00,1.16428,1.16428,1.16428,1.16428
2026-09-10 02:01,1.16428,1.16428,1.16428,1.16428
2026-09-10 02:02,1.16428,1.16428,1.16428,1.16428
2026-09-10 02:03,1.16442,1.16442,1.16442,1.16442
2026-09-10 02:04,1.16442,1.16442,1.16442,1.16442
2026-09-10 02:05,1.16428,1.16428,1.16428,1.16428
2026-09-10 02:06,1.16428,1.16428,1.16428,1.16428
2026-09-10 02:07,1.16428,1.16428,1.16428,1.16428
2026-09-10 02:08,1.16428,1.16428,1.16428,1.16428
2026-09-10 02:09,1.16428,1.16428,1.16428,1.16428
2026-09-10 02:10,1.16428,1.16428,1.16428,1.16428
2026-09-10 02:11,1.16414,1.16414,1.16414,1.16414
2026-09-10 02:12,1.16414,1.16414,1.16414,1.16414
2026-09-10 02:13,1.16428,1.16428,1.16428,1.16428
2026-09-10 02:14,1.16414,1.16414,1.16414,1.16414
2026-09-10 02:15,1.16414,1.16414,1.16414,1.16414
2026-09-10 02:16,1.16401,1.16401,1.16401,1.16401
2026-09-10 02:17,1.16401,1.16401,1.16401,1.16401
2026-09-10 02:18,1.16401,1.16401,1.16401,1.16401
2026-09-10 02:19,1.16401,1.16401,1.16401,1.16401
2026-09-10 02:20,1.16401,1.16401,1.16401,1.16401
2026-09-10 02:21,1.16414,1.16414,1.16414,1.16414
2026-09-10 02:22,1.16401,1.16401,1.16401,1.16401
2026-09-10 02:23,1.16401,1.16401,1.16401,1.16401
2026-09-10 02:24,1.16401,1.16401,1.16401,1.16401
2026-09-10 02:25,1.16401,1.16401,1.16401,1.16401
2026-09-10 02:26,1.16401,1.16401,1.16401,1.16401
2026-09-10 02:27,1.16401,1.16401,1.16401,1.16401
2026-09-10 02:28,1.16401,1.16401,1.16401,1.16401
2026-09-10 02:29,1.16401,1.16401,1.16401,1.16401
2026-09-10 02:30,1.16387,1.16387,1.16387,1.16387
2026-09-10 02:31,1.16387,1.16387,1.16387,1.16387
2026-09-10 02:32,1.16387,1.16387,1.16387,1.16387
2026-09-10 02:33,1.16374,1.16374,1.16374,1.16374
2026-09-10 02:34,1.16387,1.16387,1.16387,1.16387
2026-09-10 02:35,1.16387,1.16387,1.16387,1.16387
2026-09-10 02:36,1.16387,1.16387,1.16387,1.16387
2026-09-10 02:37,1.16387,1.16387,1.16387,1.16387
2026-09-10 02:38,1.16401,1.16401,1.16401,1.16401
2026-09-10 02:39,1.16401,1.16401,1.16401,1.16401
2026-09-10 02:40,1.16401,1.16401,1.16401,1.16401
2026-09-10 02:41,1.16401,1.16401,1.16401,1.16401
2026-09-10 02:42,1.16414,1.16414,1.16414,1.16414
2026-09-10 02:43,1.16401,1.16401,1.16401,1.16401
2026-09-10 02:44,1.16401,1.16401,1.16401,1.16401
2026-09-10 02:45,1.16401,1.16401,1.16401,1.16401
2026-09-10 02:46,1.16387,1.16387,1.16387,1.16387
2026-09-10 02:47,1.16401,1.16401,1.16401,1.16401
2026-09-10 02:48,1.16401,1.16401,1.16401,1.16401
2026-09-10 02:49,1.16401,1.16401,1.16401,1.16401
2026-09-10 02:50,1.16401,1.16401,1.16401,1.16401
2026-09-10 02:51,1.16414,1.16414,1.16414,1.16414
2026-09-10 02:52,1.16414,1.16414,1.16414,1.16414
2026-09-10 02:53,1.16414,1.16414,1.16414,1.16414
2026-09-10 02:54,1.16414,1.16414,1.16414,1.16414
2026-09-10 02:55,1.16414,1.16414,1.16414,1.16414
2026-09-10 02:56,1.16414,1.16414,1.16414,1.16414
2026-09-10 02:57,1.16414,1.16414,1.16414,1.16414
2026-09-10 02:58,1.16414,1.16414,1.16414,1.16414
2026-09-10 02:59,1.16428,1.16428,1.16428,1.16428
2026-09-10 03:00,1.16428,1.16428,1.16428,1.16428
2026-09-10 03:01,1.16428,1.16428,1.16428,1.16428
2026-09-10 03:02,1.16428,1.16428,1.16428,1.16428
2026-09-10 03:03,1.16428,1.16428,1.16428,1.16428
2026-09-10 03:04,1.16428,1.16428,1.16428,1.16428
2026-09-10 03:05,1.16428,1.16428,1.16428,1.16428
2026-09-10 03:06,1.16414,1.16414,1.16414,1.16414
2026-09-10 03:07,1.16414,1.16414,1.16414,1.16414
2026-09-10 03:08,1.16401,1.16401,1.16401,1.16401
2026-09-10 03:09,1.16401,1.16401,1.16401,1.16401
2026-09-10 03:10,1.16401,1.16401,1.16401,1.16401
2026-09-10 03:11,1.16414,1.16414,1.16414,1.16414
2026-09-10 03:12,1.16401,1.16401,1.16401,1.16401
2026-09-10 03:13,1.16401,1.16401,1.16401,1.16401
2026-09-10 03:14,1.16401,1.16401,1.16401,1.16401
2026-09-10 03:15,1.16401,1.16401,1.16401,1.16401
2026-09-10 03:16,1.16401,1.16401,1.16401,1.16401
2026-09-10 03:17,1.16401,1.16401,1.16401,1.16401
2026-09-10 03:18,1.16401,1.16401,1.16401,1.16401
2026-09-10 03:19,1.16401,1.16401,1.16401,1.16401
2026-09-10 03:20,1.16414,1.16414,1.16414,1.16414
2026-09-10 03:21,1.16401,1.16401,1.16401,1.16401
2026-09-10 03:22,1.16401,1.16401,1.16401,1.16401
2026-09-10 03:23,1.16401,1.16401,1.16401,1.16401
2026-09-10 03:24,1.16401,1.16401,1.16401,1.16401
2026-09-10 03:25,1.16401,1.16401,1.16401,1.16401
2026-09-10 03:26,1.16401,1.16401,1.16401,1.16401
2026-09-10 03:27,1.16401,1.16401,1.16401,1.16401
2026-09-10 03:28,1.16401,1.16401,1.16401,1.16401
2026-09-10 03:29,1.16401,1.16401,1.16401,1.16401
2026-09-10 03:30,1.16401,1.16401,1.16401,1.16401
2026-09-10 03:31,1.16414,1.16414,1.16414,1.16414
2026-09-10 03:32,1.16414,1.16414,1.16414,1.16414
2026-09-10 03:33,1.16414,1.16414,1.16414,1.16414
2026-09-10 03:34,1.16414,1.16414,1.16414,1.16414
2026-09-10 03:35,1.16414,1.16414,1.16414,1.16414
2026-09-10 03:36,1.16401,1.16401,1.16401,1.16401
2026-09-10 03:37,1.16414,1.16414,1.16414,1.16414
2026-09-10 03:38,1.16414,1.16414,1.16414,1.16414
2026-09-10 03:39,1.16401,1.16401,1.16401,1.16401
2026-09-10 03:40,1.16401,1.16401,1.16401,1.16401
2026-09-10 03:41,1.16401,1.16401,1.16401,1.16401
2026-09-10 03:42,1.16401,1.16401,1.16401,1.16401
2026-09-10 03:43,1.16414,1.16414,1.16414,1.16414
2026-09-10 03:44,1.16401,1.16401,1.16401,1.16401
2026-09-10 03:45,1.16401,1.16401,1.16401,1.16401
2026-09-10 03:46,1.16401,1.16401,1.16401,1.16401
2026-09-10 03:47,1.16401,1.16401,1.16401,1.16401
2026-09-10 03:48,1.16401,1.16401,1.16401,1.16401
2026-09-10 03:49,1.16401,1.16401,1.16401,1.16401
2026-09-10 03:50,1.16414,1.16414,1.16414,1.16414
2026-09-10 03:51,1.16414,1.16414,1.16414,1.16414
2026-09-10 03:52,1.16401,1.16401,1.16401,1.16401
2026-09-10 03:53,1.16414,1.16414,1.16414,1.16414
2026-09-10 03:54,1.16414,1.16414,1.16414,1.16414
2026-09-10 03:55,1.16401,1.16401,1.16401,1.16401
2026-09-10 03:56,1.16414,1.16414,1.16414,1.16414
2026-09-10 03:57,1.16414,1.16414,1.16414,1.16414
2026-09-10 03:58,1.16414,1.16414,1.16414,1.16414
2026-09-10 03:59,1.16414,1.16414,1.16414,1.16414
2026-09-10 04:00,1.16414,1.16414,1.16414,1.16414
2026-09-10 04:01,1.16414,1.16414,1.16414,1.16414
2026-09-10 04:02,1.16414,1.16414,1.16414,1.16414
2026-09-10 04:03,1.16414,1.16414,1.16414,1.16414
2026-09-10 04:04,1.16414,1.16414,1.16414,1.16414
2026-09-10 04:05,1.16414,1.16414,1.16414,1.16414
2026-09-10 04:06,1.16428,1.16428,1.16428,1.16428
2026-09-10 04:07,1.16428,1.16428,1.16428,1.16428
2026-09-10 04:08,1.16414,1.16414,1.16414,1.16414
2026-09-10 04:09,1.16414,1.16414,1.16414,1.16414
2026-09-10 04:10,1.16428,1.16428,1.16428,1.16428
2026-09-10 04:11,1.16428,1.16428,1.16428,1.16428
2026-09-10 04:12,1.16428,1.16428,1.16428,1.16428
2026-09-10 04:13,1.16428,1.16428,1.16428,1.16428
2026-09-10 04:14,1.16428,1.16428,1.16428,1.16428
2026-09-10 04:15,1.16428,1.16428,1.16428,1.16428
2026-09-10 04:16,1.16428,1.16428,1.16428,1.16428
2026-09-10 04:17,1.16428,1.16428,1.16428,1.16428
2026-09-10 04:18,1.16428,1.16428,1.16428,1.16428
2026-09-10 04:19,1.16428,1.16428,1.16428,1.16428
2026-09-10 04:20,1.16428,1.16428,1.16428,1.16428
2026-09-10 04:21,1.16428,1.16428,1.16428,1.16428
2026-09-10 04:22,1.16428,1.16428,1.16428,1.16428
2026-09-10 04:23,1.16428,1.16428,1.16428,1.16428
2026-09-10 04:24,1.16414,1.16414,1.16414,1.16414
2026-09-10 04:25,1.16414,1.16414,1.16414,1.16414
2026-09-10 04:26,1.16414,1.16414,1.16414,1.16414
2026-09-10 04:27,1.16414,1.16414,1.16414,1.16414
2026-09-10 04:28,1.16414,1.16414,1.16414,1.16414
2026-09-10 04:29,1.16414,1.16414,1.16414,1.16414
2026-09-10 04:30,1.16414,1.16414,1.16414,1.16414
2026-09-10 04:31,1.16428,1.16428,1.16428,1.16428
2026-09-10 04:32,1.16414,1.16414,1.16414,1.16414
2026-09-10 04:33,1.16414,1.16414,1.16414,1.16414
2026-09-10 04:34,1.16414,1.16414,1.16414,1.16414
2026-09-10 04:35,1.16414,1.16414,1.16414,1.16414
2026-09-10 04:36,1.16428,1.16428,1.16428,1.16428
2026-09-10 04:37,1.16428,1.16428,1.16428,1.16428
2026-09-10 04:38,1.16414,1.16414,1.16414,1.16414
2026-09-10 04:39,1.16428,1.16428,1.16428,1.16428
2026-09-10 04:40,1.16428,1.16428,1.16428,1.16428
2026-09-10 04:41,1.16428,1.16428,1.16428,1.16428
2026-09-10 04:42,1.16414,1.16414,1.16414,1.16414
2026-09-10 04:43,1.16414,1.16414,1.16414,1.16414
2026-09-10 04:44,1.16414,1.16414,1.16414,1.16414
2026-09-10 04:45,1.16414,1.16414,1.16414,1.16414
2026-09-10 04:46,1.16414,1.16414,1.16414,1.16414
2026-09-10 04:47,1.16414,1.16414,1.16414,1.16414
2026-09-10 04:48,1.16414,1.16414,1.16414,1.16414
2026-09-10 04:49,1.16414,1.16414,1.16414,1.16414
2026-09-10 04:50,1.16414,1.16414,1.16414,1.16414
2026-09-10 04:51,1.16414,1.16414,1.16414,1.16414
2026-09-10 04:52,1.16401,1.16401,1.16401,1.16401
2026-09-10 04:53,1.16401,1.16401,1.16401,1.16401
2026-09-10 04:54,1.16401,1.16401,1.16401,1.16401
2026-09-10 04:55,1.16401,1.16401,1.16401,1.16401
2026-09-10 04:56,1.16401,1.16401,1.16401,1.16401
2026-09-10 04:57,1.16401,1.16401,1.16401,1.16401
2026-09-10 04:58,1.16401,1.16401,1.16401,1.16401
2026-09-10 04:59,1.16401,1.16401,1.16401,1.16401
2026-09-10 05:00,1.16414,1.16414,1.16414,1.16414
2026-09-10 05:01,1.16414,1.16414,1.16414,1.16414
2026-09-10 05:02,1.16414,1.16414,1.16414,1.16414
2026-09-10 05:03,1.16414,1.16414,1.16414,1.16414
2026-09-10 05:04,1.16414,1.16414,1.16414,1.16414
2026-09-10 05:05,1.16401,1.16401,1.16401,1.16401
2026-09-10 05:06,1.16401,1.16401,1.16401,1.16401
2026-09-10 05:07,1.16401,1.16401,1.16401,1.16401
2026-09-10 05:08,1.16401,1.16401,1.16401,1.16401
2026-09-10 05:09,1.16414,1.16414,1.16414,1.16414
2026-09-10 05:10,1.16414,1.16414,1.16414,1.16414
2026-09-10 05:11,1.16401,1.16401,1.16401,1.16401
2026-09-10 05:12,1.16414,1.16414,1.16414,1.16414
2026-09-10 05:13,1.16414,1.16414,1.16414,1.16414
2026-09-10 05:14,1.16414,1.16414,1.16414,1.16414
2026-09-10 05:15,1.16414,1.16414,1.16414,1.16414
2026-09-10 05:16,1.16414,1.16414,1.16414,1.16414
2026-09-10 05:17,1.16428,1.16428,1.16428,1.16428
2026-09-10 05:18,1.16414,1.16414,1.16414,1.16414
2026-09-10 05:19,1.16414,1.16414,1.16414,1.16414
2026-09-10 05:20,1.16414,1.16414,1.16414,1.16414
2026-09-10 05:21,1.16414,1.16414,1.16414,1.16414
2026-09-10 05:22,1.16414,1.16414,1.16414,1.16414
2026-09-10 05:23,1.16414,1.16414,1.16414,1.16414
2026-09-10 05:24,1.16414,1.16414,1.16414,1.16414
2026-09-10 05:25,1.16414,1.16414,1.16414,1.16414
2026-09-10 05:26,1.16414,1.16414,1.16414,1.16414
2026-09-10 05:27,1.16414,1.16414,1.16414,1.16414
2026-09-10 05:28,1.16414,1.16414,1.16414,1.16414
2026-09-10 05:29,1.16414,1.16414,1.16414,1.16414
2026-09-10 05:30,1.16428,1.16428,1.16428,1.16428
2026-09-10 05:31,1.16428,1.16428,1.16428,1.16428
2026-09-10 05:32,1.16428,1.16428,1.16428,1.16428
2026-09-10 05:33,1.16428,1.16428,1.16428,1.16428
2026-09-10 05:34,1.16428,1.16428,1.16428,1.16428
2026-09-10 05:35,1.16428,1.16428,1.16428,1.16428
2026-09-10 05:36,1.16428,1.16428,1.16428,1.16428
2026-09-10 05:37,1.16428,1.16428,1.16428,1.16428
2026-09-10 05:38,1.16414,1.16414,1.16414,1.16414
2026-09-10 05:39,1.16414,1.16414,1.16414,1.16414
2026-09-10 05:40,1.16414,1.16414,1.16414,1.16414
2026-09-10 05:41,1.16414,1.16414,1.16414,1.16414
2026-09-10 05:42,1.16428,1.16428,1.16428,1.16428
2026-09-10 05:43,1.16414,1.16414,1.16414,1.16414
2026-09-10 05:44,1.16414,1.16414,1.16414,1.16414
2026-09-10 05:45,1.16414,1.16414,1.16414,1.16414
2026-09-10 05:46,1.16414,1.16414,1.16414,1.16414
2026-09-10 05:47,1.16428,1.16428,1.16428,1.16428
2026-09-10 05:48,1.16414,1.16414,1.16414,1.16414
2026-09-10 05:49,1.16414,1.16414,1.16414,1.16414
2026-09-10 05:50,1.16428,1.16428,1.16428,1.16428
2026-09-10 05:51,1.16428,1.16428,1.16428,1.16428
2026-09-10 05:52,1.16428,1.16428,1.16428,1.16428
2026-09-10 05:53,1.16428,1.16428,1.16428,1.16428
2026-09-10 05:54,1.16428,1.16428,1.16428,1.16428
2026-09-10 05:55,1.16428,1.16428,1.16428,1.16428
2026-09-10 05:56,1.16442,1.16442,1.16442,1.16442
2026-09-10 05:57,1.16428,1.16428,1.16428,1.16428
2026-09-10 05:58,1.16428,1.16428,1.16428,1.16428
2026-09-10 05:59,1.16428,1.16428,1.16428,1.16428
2026-09-10 06:00,1.16428,1.16428,1.16428,1.16428
2026-09-10 06:01,1.16428,1.16428,1.16428,1.16428
2026-09-10 06:02,1.16428,1.16428,1.16428,1.16428
2026-09-10 06:03,1.16428,1.16428,1.16428,1.16428
2026-09-10 06:04,1.16428,1.16428,1.16428,1.16428
2026-09-10 06:05,1.16428,1.16428,1.16428,1.16428
2026-09-10 06:06,1.16428,1.16428,1.16428,1.16428
2026-09-10 06:07,1.16428,1.16428,1.16428,1.16428
2026-09-10 06:08,1.16428,1.16428,1.16428,1.16428
2026-09-10 06:09,1.16428,1.16428,1.16428,1.16428
2026-09-10 06:10,1.16428,1.16428,1.16428,1.16428
2026-09-10 06:11,1.16428,1.16428,1.16428,1.16428
2026-09-10 06:12,1.16428,1.16428,1.16428,1.16428
2026-09-10 06:13,1.16414,1.16414,1.16414,1.16414
2026-09-10 06:14,1.16414,1.16414,1.16414,1.16414
2026-09-10 06:15,1.16414,1.16414,1.16414,1.16414
2026-09-10 06:16,1.16414,1.16414,1.16414,1.16414
2026-09-10 06:17,1.16414,1.16414,1.16414,1.16414
2026-09-10 06:18,1.16428,1.16428,1.16428,1.16428
2026-09-10 06:19,1.16428,1.16428,1.16428,1.16428
2026-09-10 06:20,1.16428,1.16428,1.16428,1.16428
2026-09-10 06:21,1.16428,1.16428,1.16428,1.16428
2026-09-10 06:22,1.16428,1.16428,1.16428,1.16428
2026-09-10 06:23,1.16428,1.16428,1.16428,1.16428
2026-09-10 06:24,1.16428,1.16428,1.16428,1.16428
2026-09-10 06:25,1.16428,1.16428,1.16428,1.16428
2026-09-10 06:26,1.16428,1.16428,1.16428,1.16428
2026-09-10 06:27,1.16428,1.16428,1.16428,1.16428
2026-09-10 06:28,1.16428,1.16428,1.16428,1.16428
2026-09-10 06:29,1.16428,1.16428,1.16428,1.16428
2026-09-10 06:30,1.16428,1.16428,1.16428,1.16428
2026-09-10 06:31,1.16414,1.16414,1.16414,1.16414
2026-09-10 06:32,1.16414,1.16414,1.16414,1.16414
2026-09-10 06:33,1.16428,1.16428,1.16428,1.16428
2026-09-10 06:34,1.16428,1.16428,1.16428,1.16428
2026-09-10 06:35,1.16428,1.16428,1.16428,1.16428
2026-09-10 06:36,1.16428,1.16428,1.16428,1.16428
2026-09-10 06:37,1.16428,1.16428,1.16428,1.16428
2026-09-10 06:38,1.16428,1.16428,1.16428,1.16428
2026-09-10 06:39,1.16428,1.16428,1.16428,1.16428
2026-09-10 06:40,1.16428,1.16428,1.16428,1.16428
2026-09-10 06:41,1.16414,1.16414,1.16414,1.16414
2026-09-10 06:42,1.16414,1.16414,1.16414,1.16414
2026-09-10 06:43,1.16414,1.16414,1.16414,1.16414
2026-09-10 06:44,1.16414,1.16414,1.16414,1.16414
2026-09-10 06:45,1.16414,1.16414,1.16414,1.16414
2026-09-10 06:46,1.16428,1.16428,1.16428,1.16428
2026-09-10 06:47,1.16428,1.16428,1.16428,1.16428
2026-09-10 06:48,1.16428,1.16428,1.16428,1.16428
2026-09-10 06:49,1.16428,1.16428,1.16428,1.16428
2026-09-10 06:50,1.16428,1.16428,1.16428,1.16428
2026-09-10 06:51,1.16414,1.16414,1.16414,1.16414
2026-09-10 06:52,1.16401,1.16401,1.16401,1.16401
2026-09-10 06:53,1.16401,1.16401,1.16401,1.16401
2026-09-10 06:54,1.16428,1.16428,1.16428,1.16428
2026-09-10 06:55,1.16428,1.16428,1.16428,1.16428
2026-09-10 06:56,1.16428,1.16428,1.16428,1.16428
2026-09-10 06:57,1.16428,1.16428,1.16428,1.16428
2026-09-10 06:58,1.16428,1.16428,1.16428,1.16428
2026-09-10 06:59,1.16428,1.16428,1.16428,1.16428
2026-09-10 07:00,1.16428,1.16428,1.16428,1.16428
2026-09-10 07:01,1.16414,1.16414,1.16414,1.16414
2026-09-10 07:02,1.16401,1.16401,1.16401,1.16401
2026-09-10 07:03,1.16414,1.16414,1.16414,1.16414
2026-09-10 07:04,1.16401,1.16401,1.16401,1.16401
2026-09-10 07:05,1.16401,1.16401,1.16401,1.16401
2026-09-10 07:06,1.16401,1.16401,1.16401,1.16401
2026-09-10 07:07,1.16387,1.16387,1.16387,1.16387
2026-09-10 07:08,1.16401,1.16401,1.16401,1.16401
2026-09-10 07:09,1.16401,1.16401,1.16401,1.16401
2026-09-10 07:10,1.16401,1.16401,1.16401,1.16401
2026-09-10 07:11,1.16401,1.16401,1.16401,1.16401
2026-09-10 07:12,1.16414,1.16414,1.16414,1.16414
2026-09-10 07:13,1.16414,1.16414,1.16414,1.16414
2026-09-10 07:14,1.16414,1.16414,1.16414,1.16414
2026-09-10 07:15,1.16414,1.16414,1.16414,1.16414
2026-09-10 07:16,1.16414,1.16414,1.16414,1.16414
2026-09-10 07:17,1.16428,1.16428,1.16428,1.16428
2026-09-10 07:18,1.16414,1.16414,1.16414,1.16414
2026-09-10 07:19,1.16414,1.16414,1.16414,1.16414
2026-09-10 07:20,1.16414,1.16414,1.16414,1.16414
2026-09-10 07:21,1.16414,1.16414,1.16414,1.16414
2026-09-10 07:22,1.16428,1.16428,1.16428,1.16428
2026-09-10 07:23,1.16428,1.16428,1.16428,1.16428
2026-09-10 07:24,1.16428,1.16428,1.16428,1.16428
2026-09-10 07:25,1.16428,1.16428,1.16428,1.16428
2026-09-10 07:26,1.16428,1.16428,1.16428,1.16428
2026-09-10 07:27,1.16428,1.16428,1.16428,1.16428
2026-09-10 07:28,1.16414,1.16414,1.16414,1.16414
2026-09-10 07:29,1.16414,1.16414,1.16414,1.16414
2026-09-10 07:30,1.16428,1.16428,1.16428,1.16428
2026-09-10 07:31,1.16442,1.16442,1.16442,1.16442
2026-09-10 07:32,1.16442,1.16442,1.16442,1.16442
2026-09-10 07:33,1.16442,1.16442,1.16442,1.16442
2026-09-10 07:34,1.16442,1.16442,1.16442,1.16442
2026-09-10 07:35,1.16442,1.16442,1.16442,1.16442
2026-09-10 07:36,1.16442,1.16442,1.16442,1.16442
2026-09-10 07:37,1.16442,1.16442,1.16442,1.16442
2026-09-10 07:38,1.16428,1.16428,1.16428,1.16428
2026-09-10 07:39,1.16428,1.16428,1.16428,1.16428
2026-09-10 07:40,1.16428,1.16428,1.16428,1.16428
2026-09-10 07:41,1.16428,1.16428,1.16428,1.16428
2026-09-10 07:42,1.16428,1.16428,1.16428,1.16428
2026-09-10 07:43,1.16442,1.16442,1.16442,1.16442
2026-09-10 07:44,1.16442,1.16442,1.16442,1.16442
2026-09-10 07:45,1.16442,1.16442,1.16442,1.16442
2026-09-10 07:46,1.16428,1.16428,1.16428,1.16428
2026-09-10 07:47,1.16442,1.16442,1.16442,1.16442
2026-09-10 07:48,1.16442,1.16442,1.16442,1.16442
2026-09-10 07:49,1.16428,1.16428,1.16428,1.16428
2026-09-10 07:50,1.16428,1.16428,1.16428,1.16428
2026-09-10 07:51,1.16442,1.16442,1.16442,1.16442
2026-09-10 07:52,1.16442,1.16442,1.16442,1.16442
2026-09-10 07:53,1.16442,1.16442,1.16442,1.16442
2026-09-10 07:54,1.16442,1.16442,1.16442,1.16442
2026-09-10 07:55,1.16442,1.16442,1.16442,1.16442
2026-09-10 07:56,1.16428,1.16428,1.16428,1.16428
2026-09-10 07:57,1.16428,1.16428,1.16428,1.16428
2026-09-10 07:58,1.16428,1.16428,1.16428,1.16428
2026-09-10 07:59,1.16428,1.16428,1.16428,1.16428
2026-09-10 08:00,1.16428,1.16428,1.16428,1.16428
2026-09-10 08:01,1.16414,1.16414,1.16414,1.16414
2026-09-10 08:02,1.16414,1.16414,1.16414,1.16414
2026-09-10 08:03,1.16414,1.16414,1.16414,1.16414
2026-09-10 08:04,1.16401,1.16401,1.16401,1.16401
2026-09-10 08:05,1.16401,1.16401,1.16401,1.16401
2026-09-10 08:06,1.16401,1.16401,1.16401,1.16401
2026-09-10 08:07,1.16401,1.16401,1.16401,1.16401
2026-09-10 08:08,1.16414,1.16414,1.16414,1.16414
2026-09-10 08:09,1.16401,1.16401,1.16401,1.16401
2026-09-10 08:10,1.16414,1.16414,1.16414,1.16414
2026-09-10 08:11,1.16401,1.16401,1.16401,1.16401
2026-09-10 08:12,1.16401,1.16401,1.16401,1.16401
2026-09-10 08:13,1.16387,1.16387,1.16387,1.16387
2026-09-10 08:14,1.16401,1.16401,1.16401,1.16401
2026-09-10 08:15,1.16387,1.16387,1.16387,1.16387
2026-09-10 08:16,1.16387,1.16387,1.16387,1.16387
2026-09-10 08:17,1.16387,1.16387,1.16387,1.16387
2026-09-10 08:18,1.16401,1.16401,1.16401,1.16401
2026-09-10 08:19,1.16401,1.16401,1.16401,1.16401
2026-09-10 08:20,1.16401,1.16401,1.16401,1.16401
2026-09-10 08:21,1.16414,1.16414,1.16414,1.16414
2026-09-10 08:22,1.16401,1.16401,1.16401,1.16401
2026-09-10 08:23,1.16414,1.16414,1.16414,1.16414
2026-09-10 08:24,1.16414,1.16414,1.16414,1.16414
2026-09-10 08:25,1.16414,1.16414,1.16414,1.16414
2026-09-10 08:26,1.16414,1.16414,1.16414,1.16414
2026-09-10 08:27,1.16414,1.16414,1.16414,1.16414
2026-09-10 08:28,1.16414,1.16414,1.16414,1.16414
2026-09-10 08:29,1.16414,1.16414,1.16414,1.16414
2026-09-10 08:30,1.16414,1.16414,1.16414,1.16414
2026-09-10 08:31,1.16414,1.16414,1.16414,1.16414
2026-09-10 08:32,1.16401,1.16401,1.16401,1.16401
2026-09-10 08:33,1.16414,1.16414,1.16414,1.16414
2026-09-10 08:34,1.16414,1.16414,1.16414,1.16414
2026-09-10 08:35,1.16414,1.16414,1.16414,1.16414
2026-09-10 08:36,1.16428,1.16428,1.16428,1.16428
2026-09-10 08:37,1.16414,1.16414,1.16414,1.16414
2026-09-10 08:38,1.16414,1.16414,1.16414,1.16414
2026-09-10 08:39,1.16414,1.16414,1.16414,1.16414
2026-09-10 08:40,1.16414,1.16414,1.16414,1.16414
2026-09-10 08:41,1.16414,1.16414,1.16414,1.16414
2026-09-10 08:42,1.16414,1.16414,1.16414,1.16414
2026-09-10 08:43,1.16401,1.16401,1.16401,1.16401
2026-09-10 08:44,1.16401,1.16401,1.16401,1.16401
2026-09-10 08:45,1.16401,1.16401,1.16401,1.16401
2026-09-10 08:46,1.16414,1.16414,1.16414,1.16414
2026-09-10 08:47,1.16414,1.16414,1.16414,1.16414
2026-09-10 08:48,1.16401,1.16401,1.16401,1.16401
2026-09-10 08:49,1.16401,1.16401,1.16401,1.16401
2026-09-10 08:50,1.16401,1.16401,1.16401,1.16401
2026-09-10 08:51,1.16414,1.16414,1.16414,1.16414
2026-09-10 08:52,1.16401,1.16401,1.16401,1.16401
2026-09-10 08:53,1.16401,1.16401,1.16401,1.16401
2026-09-10 08:54,1.16401,1.16401,1.16401,1.16401
2026-09-10 08:55,1.16387,1.16387,1.16387,1.16387
2026-09-10 08:56,1.16401,1.16401,1.16401,1.16401
2026-09-10 08:57,1.16401,1.16401,1.16401,1.16401
2026-09-10 08:58,1.16414,1.16414,1.16414,1.16414
2026-09-10 08:59,1.16414,1.16414,1.16414,1.16414
2026-09-10 09:00,1.16414,1.16414,1.16414,1.16414
2026-09-10 09:01,1.16414,1.16414,1.16414,1.16414
2026-09-10 09:02,1.16414,1.16414,1.16414,1.16414
2026-09-10 09:03,1.16414,1.16414,1.16414,1.16414
2026-09-10 09:04,1.16414,1.16414,1.16414,1.16414
2026-09-10 09:05,1.16414,1.16414,1.16414,1.16414
2026-09-10 09:06,1.16414,1.16414,1.16414,1.16414
2026-09-10 09:07,1.16414,1.16414,1.16414,1.16414
2026-09-10 09:08,1.16414,1.16414,1.16414,1.16414
2026-09-10 09:09,1.16414,1.16414,1.16414,1.16414
2026-09-10 09:10,1.16428,1.16428,1.16428,1.16428
2026-09-10 09:11,1.16428,1.16428,1.16428,1.16428
2026-09-10 09:12,1.16428,1.16428,1.16428,1.16428
2026-09-10 09:13,1.16428,1.16428,1.16428,1.16428
2026-09-10 09:14,1.16428,1.16428,1.16428,1.16428
2026-09-10 09:15,1.16428,1.16428,1.16428,1.16428
2026-09-10 09:16,1.16428,1.16428,1.16428,1.16428
2026-09-10 09:17,1.16428,1.16428,1.16428,1.16428
2026-09-10 09:18,1.16428,1.16428,1.16428,1.16428
2026-09-10 09:19,1.16428,1.16428,1.16428,1.16428
2026-09-10 09:20,1.16428,1.16428,1.16428,1.16428
2026-09-10 09:21,1.16414,1.16414,1.16414,1.16414
2026-09-10 09:22,1.16414,1.16414,1.16414,1.16414
2026-09-10 09:23,1.16401,1.16401,1.16401,1.16401
2026-09-10 09:24,1.16401,1.16401,1.16401,1.16401
2026-09-10 09:25,1.16387,1.16387,1.16387,1.16387
2026-09-10 09:26,1.16401,1.16401,1.16401,1.16401
2026-09-10 09:27,1.16401,1.16401,1.16401,1.16401
2026-09-10 09:28,1.16414,1.16414,1.16414,1.16414
2026-09-10 09:29,1.16401,1.16401,1.16401,1.16401
2026-09-10 09:30,1.16401,1.16401,1.16401,1.16401
2026-09-10 09:31,1.16374,1.16374,1.16374,1.16374
2026-09-10 09:32,1.16374,1.16374,1.16374,1.16374
2026-09-10 09:33,1.16374,1.16374,1.16374,1.16374
2026-09-10 09:34,1.16374,1.16374,1.16374,1.16374
2026-09-10 09:35,1.16374,1.16374,1.16374,1.16374
2026-09-10 09:36,1.16374,1.16374,1.16374,1.16374
2026-09-10 09:37,1.16374,1.16374,1.16374,1.16374
2026-09-10 09:38,1.16374,1.16374,1.16374,1.16374
2026-09-10 09:39,1.16374,1.16374,1.16374,1.16374
2026-09-10 09:40,1.16374,1.16374,1.16374,1.16374
2026-09-10 09:41,1.16374,1.16374,1.16374,1.16374
2026-09-10 09:42,1.16360,1.16360,1.16360,1.16360
2026-09-10 09:43,1.16360,1.16360,1.16360,1.16360
2026-09-10 09:44,1.16360,1.16360,1.16360,1.16360
2026-09-10 09:45,1.16374,1.16374,1.16374,1.16374
2026-09-10 09:46,1.16374,1.16374,1.16374,1.16374
2026-09-10 09:47,1.16360,1.16360,1.16360,1.16360
2026-09-10 09:48,1.16360,1.16360,1.16360,1.16360
2026-09-10 09:49,1.16360,1.16360,1.16360,1.16360
2026-09-10 09:50,1.16360,1.16360,1.16360,1.16360
2026-09-10 09:51,1.16360,1.16360,1.16360,1.16360
2026-09-10 09:52,1.16360,1.16360,1.16360,1.16360
2026-09-10 09:53,1.16374,1.16374,1.16374,1.16374
2026-09-10 09:54,1.16360,1.16360,1.16360,1.16360
2026-09-10 09:55,1.16374,1.16374,1.16374,1.16374
2026-09-10 09:56,1.16374,1.16374,1.16374,1.16374
2026-09-10 09:57,1.16387,1.16387,1.16387,1.16387
2026-09-10 09:58,1.16374,1.16374,1.16374,1.16374
2026-09-10 09:59,1.16374,1.16374,1.16374,1.16374
2026-09-10 10:00,1.16374,1.16374,1.16374,1.16374
2026-09-10 10:01,1.16374,1.16374,1.16374,1.16374
2026-09-10 10:02,1.16374,1.16374,1.16374,1.16374
2026-09-10 10:03,1.16387,1.16387,1.16387,1.16387
2026-09-10 10:04,1.16401,1.16401,1.16401,1.16401
2026-09-10 10:05,1.16414,1.16414,1.16414,1.16414
2026-09-10 10:06,1.16414,1.16414,1.16414,1.16414
2026-09-10 10:07,1.16401,1.16401,1.16401,1.16401
2026-09-10 10:08,1.16401,1.16401,1.16401,1.16401
2026-09-10 10:09,1.16401,1.16401,1.16401,1.16401
2026-09-10 10:10,1.16401,1.16401,1.16401,1.16401
2026-09-10 10:11,1.16387,1.16387,1.16387,1.16387
2026-09-10 10:12,1.16401,1.16401,1.16401,1.16401
2026-09-10 10:13,1.16401,1.16401,1.16401,1.16401
2026-09-10 10:14,1.16387,1.16387,1.16387,1.16387
2026-09-10 10:15,1.16387,1.16387,1.16387,1.16387
2026-09-10 10:16,1.16401,1.16401,1.16401,1.16401
2026-09-10 10:17,1.16387,1.16387,1.16387,1.16387
2026-09-10 10:18,1.16387,1.16387,1.16387,1.16387
2026-09-10 10:19,1.16387,1.16387,1.16387,1.16387
2026-09-10 10:20,1.16374,1.16374,1.16374,1.16374
2026-09-10 10:21,1.16374,1.16374,1.16374,1.16374
2026-09-10 10:22,1.16387,1.16387,1.16387,1.16387
2026-09-10 10:23,1.16387,1.16387,1.16387,1.16387
2026-09-10 10:24,1.16360,1.16360,1.16360,1.16360
2026-09-10 10:25,1.16360,1.16360,1.16360,1.16360
2026-09-10 10:26,1.16347,1.16347,1.16347,1.16347
2026-09-10 10:27,1.16360,1.16360,1.16360,1.16360
2026-09-10 10:28,1.16347,1.16347,1.16347,1.16347
2026-09-10 10:29,1.16347,1.16347,1.16347,1.16347
2026-09-10 10:30,1.16333,1.16333,1.16333,1.16333
2026-09-10 10:31,1.16333,1.16333,1.16333,1.16333
2026-09-10 10:32,1.16293,1.16293,1.16293,1.16293
2026-09-10 10:33,1.16293,1.16293,1.16293,1.16293
2026-09-10 10:34,1.16293,1.16293,1.16293,1.16293
2026-09-10 10:35,1.16293,1.16293,1.16293,1.16293
2026-09-10 10:36,1.16279,1.16279,1.16279,1.16279
2026-09-10 10:37,1.16279,1.16279,1.16279,1.16279
2026-09-10 10:38,1.16279,1.16279,1.16279,1.16279
2026-09-10 10:39,1.16279,1.16279,1.16279,1.16279
2026-09-10 10:40,1.16279,1.16279,1.16279,1.16279
2026-09-10 10:41,1.16279,1.16279,1.16279,1.16279
2026-09-10 10:42,1.16293,1.16293,1.16293,1.16293
2026-09-10 10:43,1.16279,1.16279,1.16279,1.16279
2026-09-10 10:44,1.16279,1.16279,1.16279,1.16279
2026-09-10 10:45,1.16279,1.16279,1.16279,1.16279
2026-09-10 10:46,1.16279,1.16279,1.16279,1.16279
2026-09-10 10:47,1.16279,1.16279,1.16279,1.16279
2026-09-10 10:48,1.16279,1.16279,1.16279,1.16279
2026-09-10 10:49,1.16279,1.16279,1.16279,1.16279
2026-09-10 10:50,1.16293,1.16293,1.16293,1.16293
2026-09-10 10:51,1.16293,1.16293,1.16293,1.16293
2026-09-10 10:52,1.16279,1.16279,1.16279,1.16279
2026-09-10 10:53,1.16293,1.16293,1.16293,1.16293
2026-09-10 10:54,1.16293,1.16293,1.16293,1.16293
2026-09-10 10:55,1.16293,1.16293,1.16293,1.16293
2026-09-10 10:56,1.16306,1.16306,1.16306,1.16306
2026-09-10 10:57,1.16320,1.16320,1.16320,1.16320
2026-09-10 10:58,1.16320,1.16320,1.16320,1.16320
2026-09-10 10:59,1.16320,1.16320,1.16320,1.16320
2026-09-10 11:00,1.16306,1.16306,1.16306,1.16306
2026-09-10 11:01,1.16320,1.16320,1.16320,1.16320
2026-09-10 11:02,1.16306,1.16306,1.16306,1.16306
2026-09-10 11:03,1.16306,1.16306,1.16306,1.16306
2026-09-10 11:04,1.16306,1.16306,1.16306,1.16306
2026-09-10 11:05,1.16306,1.16306,1.16306,1.16306
2026-09-10 11:06,1.16293,1.16293,1.16293,1.16293
2026-09-10 11:07,1.16293,1.16293,1.16293,1.16293
2026-09-10 11:08,1.16293,1.16293,1.16293,1.16293
2026-09-10 11:09,1.16293,1.16293,1.16293,1.16293
2026-09-10 11:10,1.16279,1.16279,1.16279,1.16279
2026-09-10 11:11,1.16279,1.16279,1.16279,1.16279
2026-09-10 11:12,1.16266,1.16266,1.16266,1.16266
2026-09-10 11:13,1.16279,1.16279,1.16279,1.16279
2026-09-10 11:14,1.16279,1.16279,1.16279,1.16279
2026-09-10 11:15,1.16293,1.16293,1.16293,1.16293
2026-09-10 11:16,1.16279,1.16279,1.16279,1.16279
2026-09-10 11:17,1.16266,1.16266,1.16266,1.16266
2026-09-10 11:18,1.16266,1.16266,1.16266,1.16266
2026-09-10 11:19,1.16279,1.16279,1.16279,1.16279
2026-09-10 11:20,1.16279,1.16279,1.16279,1.16279
2026-09-10 11:21,1.16279,1.16279,1.16279,1.16279
2026-09-10 11:22,1.16279,1.16279,1.16279,1.16279
2026-09-10 11:23,1.16266,1.16266,1.16266,1.16266
2026-09-10 11:24,1.16252,1.16252,1.16252,1.16252
2026-09-10 11:25,1.16266,1.16266,1.16266,1.16266
2026-09-10 11:26,1.16266,1.16266,1.16266,1.16266
2026-09-10 11:27,1.16279,1.16279,1.16279,1.16279
2026-09-10 11:28,1.16293,1.16293,1.16293,1.16293
2026-09-10 11:29,1.16266,1.16266,1.16266,1.16266
2026-09-10 11:30,1.16266,1.16266,1.16266,1.16266
2026-09-10 11:31,1.16279,1.16279,1.16279,1.16279
2026-09-10 11:32,1.16279,1.16279,1.16279,1.16279
2026-09-10 11:33,1.16266,1.16266,1.16266,1.16266
2026-09-10 11:34,1.16266,1.16266,1.16266,1.16266
2026-09-10 11:35,1.16266,1.16266,1.16266,1.16266
2026-09-10 11:36,1.16266,1.16266,1.16266,1.16266
2026-09-10 11:37,1.16266,1.16266,1.16266,1.16266
2026-09-10 11:38,1.16266,1.16266,1.16266,1.16266
2026-09-10 11:39,1.16266,1.16266,1.16266,1.16266
2026-09-10 11:40,1.16279,1.16279,1.16279,1.16279
2026-09-10 11:41,1.16293,1.16293,1.16293,1.16293
2026-09-10 11:42,1.16293,1.16293,1.16293,1.16293
2026-09-10 11:43,1.16293,1.16293,1.16293,1.16293
2026-09-10 11:44,1.16293,1.16293,1.16293,1.16293
2026-09-10 11:45,1.16306,1.16306,1.16306,1.16306
2026-09-10 11:46,1.16293,1.16293,1.16293,1.16293
2026-09-10 11:47,1.16266,1.16266,1.16266,1.16266
2026-09-10 11:48,1.16266,1.16266,1.16266,1.16266
2026-09-10 11:49,1.16279,1.16279,1.16279,1.16279
2026-09-10 11:50,1.16279,1.16279,1.16279,1.16279
2026-09-10 11:51,1.16279,1.16279,1.16279,1.16279
2026-09-10 11:52,1.16266,1.16266,1.16266,1.16266
2026-09-10 11:53,1.16266,1.16266,1.16266,1.16266
2026-09-10 11:54,1.16266,1.16266,1.16266,1.16266
2026-09-10 11:55,1.16266,1.16266,1.16266,1.16266
2026-09-10 11:56,1.16252,1.16252,1.16252,1.16252
2026-09-10 11:57,1.16198,1.16198,1.16198,1.16198
2026-09-10 11:58,1.16198,1.16198,1.16198,1.16198
2026-09-10 11:59,1.16198,1.16198,1.16198,1.16198
2026-09-10 12:00,1.16212,1.16212,1.16212,1.16212
2026-09-10 12:01,1.16212,1.16212,1.16212,1.16212
2026-09-10 12:02,1.16212,1.16212,1.16212,1.16212
2026-09-10 12:03,1.16198,1.16198,1.16198,1.16198
2026-09-10 12:04,1.16184,1.16184,1.16184,1.16184
2026-09-10 12:05,1.16171,1.16171,1.16171,1.16171
2026-09-10 12:06,1.16198,1.16198,1.16198,1.16198
2026-09-10 12:07,1.16198,1.16198,1.16198,1.16198
2026-09-10 12:08,1.16198,1.16198,1.16198,1.16198
2026-09-10 12:09,1.16198,1.16198,1.16198,1.16198
2026-09-10 12:10,1.16198,1.16198,1.16198,1.16198
2026-09-10 12:11,1.16198,1.16198,1.16198,1.16198
2026-09-10 12:12,1.16198,1.16198,1.16198,1.16198
2026-09-10 12:13,1.16198,1.16198,1.16198,1.16198
2026-09-10 12:14,1.16198,1.16198,1.16198,1.16198
2026-09-10 12:15,1.16171,1.16171,1.16171,1.16171
2026-09-10 12:16,1.16171,1.16171,1.16171,1.16171
2026-09-10 12:17,1.16158,1.16158,1.16158,1.16158
2026-09-10 12:18,1.16171,1.16171,1.16171,1.16171
2026-09-10 12:19,1.16184,1.16184,1.16184,1.16184
2026-09-10 12:20,1.16184,1.16184,1.16184,1.16184
2026-09-10 12:21,1.16184,1.16184,1.16184,1.16184
2026-09-10 12:22,1.16198,1.16198,1.16198,1.16198
2026-09-10 12:23,1.16225,1.16225,1.16225,1.16225
2026-09-10 12:24,1.16225,1.16225,1.16225,1.16225
2026-09-10 12:25,1.16252,1.16252,1.16252,1.16252
2026-09-10 12:26,1.16252,1.16252,1.16252,1.16252
2026-09-10 12:27,1.16279,1.16279,1.16279,1.16279
2026-09-10 12:28,1.16252,1.16252,1.16252,1.16252
2026-09-10 12:29,1.16252,1.16252,1.16252,1.16252
2026-09-10 12:30,1.16239,1.16239,1.16239,1.16239
2026-09-10 12:31,1.16184,1.16184,1.16184,1.16184
2026-09-10 12:32,1.16158,1.16158,1.16158,1.16158
2026-09-10 12:33,1.16077,1.16077,1.16077,1.16077
2026-09-10 12:34,1.16036,1.16036,1.16036,1.16036
2026-09-10 12:35,1.15982,1.15982,1.15982,1.15982
2026-09-10 12:36,1.16050,1.16050,1.16050,1.16050
2026-09-10 12:37,1.16009,1.16009,1.16009,1.16009
2026-09-10 12:38,1.15982,1.15982,1.15982,1.15982
2026-09-10 12:39,1.15969,1.15969,1.15969,1.15969
2026-09-10 12:40,1.15982,1.15982,1.15982,1.15982
2026-09-10 12:41,1.16009,1.16009,1.16009,1.16009
2026-09-10 12:42,1.15996,1.15996,1.15996,1.15996
2026-09-10 12:43,1.16009,1.16009,1.16009,1.16009
2026-09-10 12:44,1.16036,1.16036,1.16036,1.16036
2026-09-10 12:45,1.16050,1.16050,1.16050,1.16050
2026-09-10 12:46,1.16077,1.16077,1.16077,1.16077
2026-09-10 12:47,1.16117,1.16117,1.16117,1.16117
2026-09-10 12:48,1.16104,1.16104,1.16104,1.16104
2026-09-10 12:49,1.16117,1.16117,1.16117,1.16117
2026-09-10 12:50,1.16131,1.16131,1.16131,1.16131
2026-09-10 12:51,1.16090,1.16090,1.16090,1.16090
2026-09-10 12:52,1.16077,1.16077,1.16077,1.16077
2026-09-10 12:53,1.16077,1.16077,1.16077,1.16077
2026-09-10 12:54,1.16077,1.16077,1.16077,1.16077
2026-09-10 12:55,1.16063,1.16063,1.16063,1.16063
2026-09-10 12:56,1.16036,1.16036,1.16036,1.16036
2026-09-10 12:57,1.16036,1.16036,1.16036,1.16036
2026-09-10 12:58,1.16077,1.16077,1.16077,1.16077
2026-09-10 12:59,1.16077,1.16077,1.16077,1.16077
2026-09-10 13:00,1.16090,1.16090,1.16090,1.16090
2026-09-10 13:01,1.16077,1.16077,1.16077,1.16077
2026-09-10 13:02,1.16090,1.16090,1.16090,1.16090
2026-09-10 13:03,1.16063,1.16063,1.16063,1.16063
2026-09-10 13:04,1.16090,1.16090,1.16090,1.16090
2026-09-10 13:05,1.16090,1.16090,1.16090,1.16090
2026-09-10 13:06,1.16063,1.16063,1.16063,1.16063
2026-09-10 13:07,1.16077,1.16077,1.16077,1.16077
2026-09-10 13:08,1.16050,1.16050,1.16050,1.16050
2026-09-10 13:09,1.16050,1.16050,1.16050,1.16050
2026-09-10 13:10,1.16036,1.16036,1.16036,1.16036
2026-09-10 13:11,1.16063,1.16063,1.16063,1.16063
2026-09-10 13:12,1.16063,1.16063,1.16063,1.16063
2026-09-10 13:13,1.16036,1.16036,1.16036,1.16036
2026-09-10 13:14,1.16050,1.16050,1.16050,1.16050
2026-09-10 13:15,1.16050,1.16050,1.16050,1.16050
2026-09-10 13:16,1.16036,1.16036,1.16036,1.16036
2026-09-10 13:17,1.16050,1.16050,1.16050,1.16050
2026-09-10 13:18,1.16036,1.16036,1.16036,1.16036
2026-09-10 13:19,1.16050,1.16050,1.16050,1.16050
2026-09-10 13:20,1.16050,1.16050,1.16050,1.16050
2026-09-10 13:21,1.16050,1.16050,1.16050,1.16050
2026-09-10 13:22,1.16077,1.16077,1.16077,1.16077
2026-09-10 13:23,1.16077,1.16077,1.16077,1.16077
2026-09-10 13:24,1.16050,1.16050,1.16050,1.16050
2026-09-10 13:25,1.16036,1.16036,1.16036,1.16036
2026-09-10 13:26,1.16023,1.16023,1.16023,1.16023
2026-09-10 13:27,1.16036,1.16036,1.16036,1.16036
2026-09-10 13:28,1.16050,1.16050,1.16050,1.16050
2026-09-10 13:29,1.16063,1.16063,1.16063,1.16063
2026-09-10 13:30,1.16077,1.16077,1.16077,1.16077
2026-09-10 13:31,1.16063,1.16063,1.16063,1.16063
2026-09-10 13:32,1.16117,1.16117,1.16117,1.16117
2026-09-10 13:33,1.16117,1.16117,1.16117,1.16117
2026-09-10 13:34,1.16131,1.16131,1.16131,1.16131
2026-09-10 13:35,1.16131,1.16131,1.16131,1.16131
2026-09-10 13:36,1.16144,1.16144,1.16144,1.16144
2026-09-10 13:37,1.16131,1.16131,1.16131,1.16131
2026-09-10 13:38,1.16144,1.16144,1.16144,1.16144
2026-09-10 13:39,1.16131,1.16131,1.16131,1.16131
2026-09-10 13:40,1.16144,1.16144,1.16144,1.16144
2026-09-10 13:41,1.16171,1.16171,1.16171,1.16171
2026-09-10 13:42,1.16198,1.16198,1.16198,1.16198
2026-09-10 13:43,1.16198,1.16198,1.16198,1.16198
2026-09-10 13:44,1.16198,1.16198,1.16198,1.16198
2026-09-10 13:45,1.16212,1.16212,1.16212,1.16212
2026-09-10 13:46,1.16198,1.16198,1.16198,1.16198
2026-09-10 13:47,1.16212,1.16212,1.16212,1.16212
2026-09-10 13:48,1.16198,1.16198,1.16198,1.16198
2026-09-10 13:49,1.16212,1.16212,1.16212,1.16212
2026-09-10 13:50,1.16198,1.16198,1.16198,1.16198
2026-09-10 13:51,1.16198,1.16198,1.16198,1.16198
2026-09-10 13:52,1.16198,1.16198,1.16198,1.16198
2026-09-10 13:53,1.16212,1.16212,1.16212,1.16212
2026-09-10 13:54,1.16198,1.16198,1.16198,1.16198
2026-09-10 13:55,1.16171,1.16171,1.16171,1.16171
2026-09-10 13:56,1.16171,1.16171,1.16171,1.16171
2026-09-10 13:57,1.16158,1.16158,1.16158,1.16158
2026-09-10 13:58,1.16158,1.16158,1.16158,1.16158
2026-09-10 13:59,1.16158,1.16158,1.16158,1.16158
2026-09-10 14:00,1.16171,1.16171,1.16171,1.16171
2026-09-10 14:01,1.16171,1.16171,1.16171,1.16171
2026-09-10 14:02,1.16198,1.16198,1.16198,1.16198
2026-09-10 14:03,1.16212,1.16212,1.16212,1.16212
2026-09-10 14:04,1.16198,1.16198,1.16198,1.16198
2026-09-10 14:05,1.16225,1.16225,1.16225,1.16225
2026-09-10 14:06,1.16225,1.16225,1.16225,1.16225
2026-09-10 14:07,1.16225,1.16225,1.16225,1.16225
2026-09-10 14:08,1.16225,1.16225,1.16225,1.16225
2026-09-10 14:09,1.16212,1.16212,1.16212,1.16212
2026-09-10 14:10,1.16225,1.16225,1.16225,1.16225
2026-09-10 14:11,1.16239,1.16239,1.16239,1.16239
2026-09-10 14:12,1.16239,1.16239,1.16239,1.16239
2026-09-10 14:13,1.16239,1.16239,1.16239,1.16239
2026-09-10 14:14,1.16239,1.16239,1.16239,1.16239
2026-09-10 14:15,1.16225,1.16225,1.16225,1.16225
2026-09-10 14:16,1.16225,1.16225,1.16225,1.16225
2026-09-10 14:17,1.16198,1.16198,1.16198,1.16198
2026-09-10 14:18,1.16198,1.16198,1.16198,1.16198
2026-09-10 14:19,1.16212,1.16212,1.16212,1.16212
2026-09-10 14:20,1.16225,1.16225,1.16225,1.16225
2026-09-10 14:21,1.16212,1.16212,1.16212,1.16212
2026-09-10 14:22,1.16225,1.16225,1.16225,1.16225
2026-09-10 14:23,1.16225,1.16225,1.16225,1.16225
2026-09-10 14:24,1.16225,1.16225,1.16225,1.16225
2026-09-10 14:25,1.16266,1.16266,1.16266,1.16266
2026-09-10 14:26,1.16212,1.16212,1.16212,1.16212
2026-09-10 14:27,1.16239,1.16239,1.16239,1.16239
2026-09-10 14:28,1.16266,1.16266,1.16266,1.16266
2026-09-10 14:29,1.16266,1.16266,1.16266,1.16266
2026-09-10 14:30,1.16239,1.16239,1.16239,1.16239
2026-09-10 14:31,1.16239,1.16239,1.16239,1.16239
2026-09-10 14:32,1.16252,1.16252,1.16252,1.16252
2026-09-10 14:33,1.16279,1.16279,1.16279,1.16279
2026-09-10 14:34,1.16293,1.16293,1.16293,1.16293
2026-09-10 14:35,1.16306,1.16306,1.16306,1.16306
2026-09-10 14:36,1.16293,1.16293,1.16293,1.16293
2026-09-10 14:37,1.16293,1.16293,1.16293,1.16293
2026-09-10 14:38,1.16266,1.16266,1.16266,1.16266
2026-09-10 14:39,1.16279,1.16279,1.16279,1.16279
2026-09-10 14:40,1.16279,1.16279,1.16279,1.16279
2026-09-10 14:41,1.16293,1.16293,1.16293,1.16293
2026-09-10 14:42,1.16293,1.16293,1.16293,1.16293
2026-09-10 14:43,1.16279,1.16279,1.16279,1.16279
2026-09-10 14:44,1.16279,1.16279,1.16279,1.16279
2026-09-10 14:45,1.16293,1.16293,1.16293,1.16293
2026-09-10 14:46,1.16293,1.16293,1.16293,1.16293
2026-09-10 14:47,1.16306,1.16306,1.16306,1.16306
2026-09-10 14:48,1.16293,1.16293,1.16293,1.16293
2026-09-10 14:49,1.16293,1.16293,1.16293,1.16293
2026-09-10 14:50,1.16293,1.16293,1.16293,1.16293
2026-09-10 14:51,1.16293,1.16293,1.16293,1.16293
2026-09-10 14:52,1.16279,1.16279,1.16279,1.16279
2026-09-10 14:53,1.16306,1.16306,1.16306,1.16306
2026-09-10 14:54,1.16306,1.16306,1.16306,1.16306
2026-09-10 14:55,1.16306,1.16306,1.16306,1.16306
2026-09-10 14:56,1.16306,1.16306,1.16306,1.16306
2026-09-10 14:57,1.16306,1.16306,1.16306,1.16306
2026-09-10 14:58,1.16306,1.16306,1.16306,1.16306
2026-09-10 14:59,1.16320,1.16320,1.16320,1.16320
2026-09-10 15:00,1.16320,1.16320,1.16320,1.16320
2026-09-10 15:01,1.16306,1.16306,1.16306,1.16306
2026-09-10 15:02,1.16306,1.16306,1.16306,1.16306
2026-09-10 15:03,1.16320,1.16320,1.16320,1.16320
2026-09-10 15:04,1.16320,1.16320,1.16320,1.16320
2026-09-10 15:05,1.16306,1.16306,1.16306,1.16306
2026-09-10 15:06,1.16306,1.16306,1.16306,1.16306
2026-09-10 15:07,1.16306,1.16306,1.16306,1.16306
2026-09-10 15:08,1.16320,1.16320,1.16320,1.16320
2026-09-10 15:09,1.16306,1.16306,1.16306,1.16306
2026-09-10 15:10,1.16333,1.16333,1.16333,1.16333
2026-09-10 15:11,1.16333,1.16333,1.16333,1.16333
2026-09-10 15:12,1.16306,1.16306,1.16306,1.16306
2026-09-10 15:13,1.16333,1.16333,1.16333,1.16333
2026-09-10 15:14,1.16333,1.16333,1.16333,1.16333
2026-09-10 15:15,1.16320,1.16320,1.16320,1.16320
2026-09-10 15:16,1.16333,1.16333,1.16333,1.16333
2026-09-10 15:17,1.16333,1.16333,1.16333,1.16333
2026-09-10 15:18,1.16347,1.16347,1.16347,1.16347
2026-09-10 15:19,1.16333,1.16333,1.16333,1.16333
2026-09-10 15:20,1.16320,1.16320,1.16320,1.16320
2026-09-10 15:21,1.16320,1.16320,1.16320,1.16320
2026-09-10 15:22,1.16320,1.16320,1.16320,1.16320
2026-09-10 15:23,1.16320,1.16320,1.16320,1.16320
2026-09-10 15:24,1.16306,1.16306,1.16306,1.16306
2026-09-10 15:25,1.16293,1.16293,1.16293,1.16293
2026-09-10 15:26,1.16279,1.16279,1.16279,1.16279
2026-09-10 15:27,1.16293,1.16293,1.16293,1.16293
2026-09-10 15:28,1.16293,1.16293,1.16293,1.16293
2026-09-10 15:29,1.16279,1.16279,1.16279,1.16279
2026-09-10 15:30,1.16279,1.16279,1.16279,1.16279
2026-09-10 15:31,1.16293,1.16293,1.16293,1.16293
2026-09-10 15:32,1.16293,1.16293,1.16293,1.16293
2026-09-10 15:33,1.16293,1.16293,1.16293,1.16293
2026-09-10 15:34,1.16320,1.16320,1.16320,1.16320
2026-09-10 15:35,1.16320,1.16320,1.16320,1.16320
2026-09-10 15:36,1.16320,1.16320,1.16320,1.16320
2026-09-10 15:37,1.16320,1.16320,1.16320,1.16320
2026-09-10 15:38,1.16320,1.16320,1.16320,1.16320
2026-09-10 15:39,1.16320,1.16320,1.16320,1.16320
2026-09-10 15:40,1.16320,1.16320,1.16320,1.16320
2026-09-10 15:41,1.16306,1.16306,1.16306,1.16306
2026-09-10 15:42,1.16320,1.16320,1.16320,1.16320
2026-09-10 15:43,1.16320,1.16320,1.16320,1.16320
2026-09-10 15:44,1.16320,1.16320,1.16320,1.16320
2026-09-10 15:45,1.16306,1.16306,1.16306,1.16306
2026-09-10 15:46,1.16293,1.16293,1.16293,1.16293
2026-09-10 15:47,1.16293,1.16293,1.16293,1.16293
2026-09-10 15:48,1.16293,1.16293,1.16293,1.16293
2026-09-10 15:49,1.16293,1.16293,1.16293,1.16293
2026-09-10 15:50,1.16320,1.16320,1.16320,1.16320
2026-09-10 15:51,1.16306,1.16306,1.16306,1.16306
2026-09-10 15:52,1.16333,1.16333,1.16333,1.16333
2026-09-10 15:53,1.16333,1.16333,1.16333,1.16333
2026-09-10 15:54,1.16306,1.16306,1.16306,1.16306
2026-09-10 15:55,1.16320,1.16320,1.16320,1.16320
2026-09-10 15:56,1.16320,1.16320,1.16320,1.16320
2026-09-10 15:57,1.16306,1.16306,1.16306,1.16306
2026-09-10 15:58,1.16306,1.16306,1.16306,1.16306
2026-09-10 15:59,1.16306,1.16306,1.16306,1.16306
2026-09-10 16:00,1.16306,1.16306,1.16306,1.16306
2026-09-10 16:01,1.16306,1.16306,1.16306,1.16306
2026-09-10 16:02,1.16293,1.16293,1.16293,1.16293
2026-09-10 16:03,1.16293,1.16293,1.16293,1.16293
2026-09-10 16:04,1.16293,1.16293,1.16293,1.16293
2026-09-10 16:05,1.16293,1.16293,1.16293,1.16293
2026-09-10 16:06,1.16279,1.16279,1.16279,1.16279
2026-09-10 16:07,1.16279,1.16279,1.16279,1.16279
2026-09-10 16:08,1.16279,1.16279,1.16279,1.16279
2026-09-10 16:09,1.16279,1.16279,1.16279,1.16279
2026-09-10 16:10,1.16293,1.16293,1.16293,1.16293
2026-09-10 16:11,1.16279,1.16279,1.16279,1.16279
2026-09-10 16:12,1.16279,1.16279,1.16279,1.16279
2026-09-10 16:13,1.16293,1.16293,1.16293,1.16293
2026-09-10 16:14,1.16293,1.16293,1.16293,1.16293
2026-09-10 16:15,1.16279,1.16279,1.16279,1.16279
2026-09-10 16:16,1.16279,1.16279,1.16279,1.16279
2026-09-10 16:17,1.16279,1.16279,1.16279,1.16279
2026-09-10 16:18,1.16279,1.16279,1.16279,1.16279
2026-09-10 16:19,1.16279,1.16279,1.16279,1.16279
2026-09-10 16:20,1.16293,1.16293,1.16293,1.16293
2026-09-10 16:21,1.16293,1.16293,1.16293,1.16293
2026-09-10 16:22,1.16293,1.16293,1.16293,1.16293
2026-09-10 16:23,1.16306,1.16306,1.16306,1.16306
2026-09-10 16:24,1.16320,1.16320,1.16320,1.16320
2026-09-10 16:25,1.16320,1.16320,1.16320,1.16320
2026-09-10 16:26,1.16320,1.16320,1.16320,1.16320
2026-09-10 16:27,1.16306,1.16306,1.16306,1.16306
2026-09-10 16:28,1.16306,1.16306,1.16306,1.16306
2026-09-10 16:29,1.16293,1.16293,1.16293,1.16293
2026-09-10 16:30,1.16293,1.16293,1.16293,1.16293
2026-09-10 16:31,1.16293,1.16293,1.16293,1.16293
2026-09-10 16:32,1.16293,1.16293,1.16293,1.16293
2026-09-10 16:33,1.16293,1.16293,1.16293,1.16293
2026-09-10 16:34,1.16266,1.16266,1.16266,1.16266
2026-09-10 16:35,1.16252,1.16252,1.16252,1.16252
2026-09-10 16:36,1.16266,1.16266,1.16266,1.16266
2026-09-10 16:37,1.16252,1.16252,1.16252,1.16252
2026-09-10 16:38,1.16252,1.16252,1.16252,1.16252
2026-09-10 16:39,1.16239,1.16239,1.16239,1.16239
2026-09-10 16:40,1.16239,1.16239,1.16239,1.16239
2026-09-10 16:41,1.16239,1.16239,1.16239,1.16239
2026-09-10 16:42,1.16239,1.16239,1.16239,1.16239
2026-09-10 16:43,1.16252,1.16252,1.16252,1.16252
2026-09-10 16:44,1.16252,1.16252,1.16252,1.16252
2026-09-10 16:45,1.16252,1.16252,1.16252,1.16252
2026-09-10 16:46,1.16252,1.16252,1.16252,1.16252
2026-09-10 16:47,1.16252,1.16252,1.16252,1.16252
2026-09-10 16:48,1.16252,1.16252,1.16252,1.16252
2026-09-10 16:49,1.16239,1.16239,1.16239,1.16239
2026-09-10 16:50,1.16252,1.16252,1.16252,1.16252
2026-09-10 16:51,1.16252,1.16252,1.16252,1.16252
2026-09-10 16:52,1.16252,1.16252,1.16252,1.16252
2026-09-10 16:53,1.16239,1.16239,1.16239,1.16239
2026-09-10 16:54,1.16239,1.16239,1.16239,1.16239
2026-09-10 16:55,1.16239,1.16239,1.16239,1.16239
2026-09-10 16:56,1.16225,1.16225,1.16225,1.16225
2026-09-10 16:57,1.16225,1.16225,1.16225,1.16225
2026-09-10 16:58,1.16225,1.16225,1.16225,1.16225
2026-09-10 16:59,1.16225,1.16225,1.16225,1.16225
2026-09-10 17:00,1.16225,1.16225,1.16225,1.16225
2026-09-10 17:01,1.16225,1.16225,1.16225,1.16225
2026-09-10 17:02,1.16212,1.16212,1.16212,1.16212
2026-09-10 17:03,1.16198,1.16198,1.16198,1.16198
2026-09-10 17:04,1.16225,1.16225,1.16225,1.16225
2026-09-10 17:05,1.16239,1.16239,1.16239,1.16239
2026-09-10 17:06,1.16225,1.16225,1.16225,1.16225
2026-09-10 17:07,1.16225,1.16225,1.16225,1.16225
2026-09-10 17:08,1.16225,1.16225,1.16225,1.16225
2026-09-10 17:09,1.16225,1.16225,1.16225,1.16225
2026-09-10 17:10,1.16212,1.16212,1.16212,1.16212
2026-09-10 17:11,1.16225,1.16225,1.16225,1.16225
2026-09-10 17:12,1.16239,1.16239,1.16239,1.16239
2026-09-10 17:13,1.16239,1.16239,1.16239,1.16239
2026-09-10 17:14,1.16252,1.16252,1.16252,1.16252
2026-09-10 17:15,1.16239,1.16239,1.16239,1.16239
2026-09-10 17:16,1.16239,1.16239,1.16239,1.16239
2026-09-10 17:17,1.16252,1.16252,1.16252,1.16252
2026-09-10 17:18,1.16252,1.16252,1.16252,1.16252
2026-09-10 17:19,1.16252,1.16252,1.16252,1.16252
2026-09-10 17:20,1.16252,1.16252,1.16252,1.16252
2026-09-10 17:21,1.16252,1.16252,1.16252,1.16252
2026-09-10 17:22,1.16252,1.16252,1.16252,1.16252
2026-09-10 17:23,1.16266,1.16266,1.16266,1.16266
2026-09-10 17:24,1.16252,1.16252,1.16252,1.16252
2026-09-10 17:25,1.16252,1.16252,1.16252,1.16252
2026-09-10 17:26,1.16252,1.16252,1.16252,1.16252
2026-09-10 17:27,1.16252,1.16252,1.16252,1.16252
2026-09-10 17:28,1.16252,1.16252,1.16252,1.16252
2026-09-10 17:29,1.16252,1.16252,1.16252,1.16252
2026-09-10 17:30,1.16252,1.16252,1.16252,1.16252
2026-09-10 17:31,1.16252,1.16252,1.16252,1.16252
2026-09-10 17:32,1.16252,1.16252,1.16252,1.16252
2026-09-10 17:33,1.16252,1.16252,1.16252,1.16252
2026-09-10 17:34,1.16239,1.16239,1.16239,1.16239
2026-09-10 17:35,1.16239,1.16239,1.16239,1.16239
2026-09-10 17:36,1.16252,1.16252,1.16252,1.16252
2026-09-10 17:37,1.16252,1.16252,1.16252,1.16252
2026-09-10 17:38,1.16239,1.16239,1.16239,1.16239
2026-09-10 17:39,1.16239,1.16239,1.16239,1.16239
2026-09-10 17:40,1.16239,1.16239,1.16239,1.16239
2026-09-10 17:41,1.16239,1.16239,1.16239,1.16239
2026-09-10 17:42,1.16225,1.16225,1.16225,1.16225
2026-09-10 17:43,1.16239,1.16239,1.16239,1.16239
2026-09-10 17:44,1.16225,1.16225,1.16225,1.16225
2026-09-10 17:45,1.16225,1.16225,1.16225,1.16225
2026-09-10 17:46,1.16225,1.16225,1.16225,1.16225
2026-09-10 17:47,1.16239,1.16239,1.16239,1.16239
2026-09-10 17:48,1.16239,1.16239,1.16239,1.16239
2026-09-10 17:49,1.16239,1.16239,1.16239,1.16239
2026-09-10 17:50,1.16239,1.16239,1.16239,1.16239
2026-09-10 17:51,1.16239,1.16239,1.16239,1.16239
2026-09-10 17:52,1.16252,1.16252,1.16252,1.16252
2026-09-10 17:53,1.16252,1.16252,1.16252,1.16252
2026-09-10 17:54,1.16252,1.16252,1.16252,1.16252
2026-09-10 17:55,1.16239,1.16239,1.16239,1.16239
2026-09-10 17:56,1.16239,1.16239,1.16239,1.16239
2026-09-10 17:57,1.16239,1.16239,1.16239,1.16239
2026-09-10 17:58,1.16225,1.16225,1.16225,1.16225
2026-09-10 17:59,1.16225,1.16225,1.16225,1.16225
2026-09-10 18:00,1.16225,1.16225,1.16225,1.16225
2026-09-10 18:01,1.16225,1.16225,1.16225,1.16225
2026-09-10 18:02,1.16212,1.16212,1.16212,1.16212
2026-09-10 18:03,1.16212,1.16212,1.16212,1.16212
2026-09-10 18:04,1.16212,1.16212,1.16212,1.16212
2026-09-10 18:05,1.16212,1.16212,1.16212,1.16212
2026-09-10 18:06,1.16212,1.16212,1.16212,1.16212
2026-09-10 18:07,1.16212,1.16212,1.16212,1.16212
2026-09-10 18:08,1.16212,1.16212,1.16212,1.16212
2026-09-10 18:09,1.16198,1.16198,1.16198,1.16198
2026-09-10 18:10,1.16184,1.16184,1.16184,1.16184
2026-09-10 18:11,1.16171,1.16171,1.16171,1.16171
2026-09-10 18:12,1.16171,1.16171,1.16171,1.16171
2026-09-10 18:13,1.16171,1.16171,1.16171,1.16171
2026-09-10 18:14,1.16171,1.16171,1.16171,1.16171
2026-09-10 18:15,1.16158,1.16158,1.16158,1.16158
2026-09-10 18:16,1.16171,1.16171,1.16171,1.16171
2026-09-10 18:17,1.16171,1.16171,1.16171,1.16171
2026-09-10 18:18,1.16171,1.16171,1.16171,1.16171
2026-09-10 18:19,1.16184,1.16184,1.16184,1.16184
2026-09-10 18:20,1.16184,1.16184,1.16184,1.16184
2026-09-10 18:21,1.16198,1.16198,1.16198,1.16198
2026-09-10 18:22,1.16184,1.16184,1.16184,1.16184
2026-09-10 18:23,1.16198,1.16198,1.16198,1.16198
2026-09-10 18:24,1.16198,1.16198,1.16198,1.16198
2026-09-10 18:25,1.16184,1.16184,1.16184,1.16184
2026-09-10 18:26,1.16184,1.16184,1.16184,1.16184
2026-09-10 18:27,1.16184,1.16184,1.16184,1.16184
2026-09-10 18:28,1.16198,1.16198,1.16198,1.16198
2026-09-10 18:29,1.16198,1.16198,1.16198,1.16198
2026-09-10 18:30,1.16171,1.16171,1.16171,1.16171
2026-09-10 18:31,1.16171,1.16171,1.16171,1.16171
2026-09-10 18:32,1.16171,1.16171,1.16171,1.16171
2026-09-10 18:33,1.16171,1.16171,1.16171,1.16171
2026-09-10 18:34,1.16171,1.16171,1.16171,1.16171
2026-09-10 18:35,1.16184,1.16184,1.16184,1.16184
2026-09-10 18:36,1.16184,1.16184,1.16184,1.16184
2026-09-10 18:37,1.16184,1.16184,1.16184,1.16184
2026-09-10 18:38,1.16184,1.16184,1.16184,1.16184
2026-09-10 18:39,1.16184,1.16184,1.16184,1.16184
2026-09-10 18:40,1.16184,1.16184,1.16184,1.16184
2026-09-10 18:41,1.16184,1.16184,1.16184,1.16184
2026-09-10 18:42,1.16184,1.16184,1.16184,1.16184
2026-09-10 18:43,1.16184,1.16184,1.16184,1.16184
2026-09-10 18:44,1.16184,1.16184,1.16184,1.16184
2026-09-10 18:45,1.16184,1.16184,1.16184,1.16184
2026-09-10 18:46,1.16171,1.16171,1.16171,1.16171
2026-09-10 18:47,1.16171,1.16171,1.16171,1.16171
2026-09-10 18:48,1.16171,1.16171,1.16171,1.16171
2026-09-10 18:49,1.16171,1.16171,1.16171,1.16171
2026-09-10 18:50,1.16158,1.16158,1.16158,1.16158
2026-09-10 18:51,1.16184,1.16184,1.16184,1.16184
2026-09-10 18:52,1.16184,1.16184,1.16184,1.16184
2026-09-10 18:53,1.16198,1.16198,1.16198,1.16198
2026-09-10 18:54,1.16184,1.16184,1.16184,1.16184
2026-09-10 18:55,1.16171,1.16171,1.16171,1.16171
2026-09-10 18:56,1.16184,1.16184,1.16184,1.16184
2026-09-10 18:57,1.16184,1.16184,1.16184,1.16184
2026-09-10 18:58,1.16171,1.16171,1.16171,1.16171
2026-09-10 18:59,1.16158,1.16158,1.16158,1.16158
2026-09-10 19:00,1.16171,1.16171,1.16171,1.16171
2026-09-10 19:01,1.16144,1.16144,1.16144,1.16144
2026-09-10 19:02,1.16144,1.16144,1.16144,1.16144
2026-09-10 19:03,1.16144,1.16144,1.16144,1.16144
2026-09-10 19:04,1.16144,1.16144,1.16144,1.16144
2026-09-10 19:05,1.16144,1.16144,1.16144,1.16144
2026-09-10 19:06,1.16144,1.16144,1.16144,1.16144
2026-09-10 19:07,1.16158,1.16158,1.16158,1.16158
2026-09-10 19:08,1.16144,1.16144,1.16144,1.16144
2026-09-10 19:09,1.16144,1.16144,1.16144,1.16144
2026-09-10 19:10,1.16158,1.16158,1.16158,1.16158
2026-09-10 19:11,1.16144,1.16144,1.16144,1.16144
2026-09-10 19:12,1.16131,1.16131,1.16131,1.16131
2026-09-10 19:13,1.16131,1.16131,1.16131,1.16131
2026-09-10 19:14,1.16131,1.16131,1.16131,1.16131
2026-09-10 19:15,1.16131,1.16131,1.16131,1.16131
2026-09-10 19:16,1.16131,1.16131,1.16131,1.16131
2026-09-10 19:17,1.16131,1.16131,1.16131,1.16131
2026-09-10 19:18,1.16131,1.16131,1.16131,1.16131
2026-09-10 19:19,1.16144,1.16144,1.16144,1.16144
2026-09-10 19:20,1.16158,1.16158,1.16158,1.16158
2026-09-10 19:21,1.16144,1.16144,1.16144,1.16144
2026-09-10 19:22,1.16144,1.16144,1.16144,1.16144
2026-09-10 19:23,1.16158,1.16158,1.16158,1.16158
2026-09-10 19:24,1.16158,1.16158,1.16158,1.16158
2026-09-10 19:25,1.16158,1.16158,1.16158,1.16158
2026-09-10 19:26,1.16144,1.16144,1.16144,1.16144
2026-09-10 19:27,1.16144,1.16144,1.16144,1.16144
2026-09-10 19:28,1.16158,1.16158,1.16158,1.16158
2026-09-10 19:29,1.16158,1.16158,1.16158,1.16158
2026-09-10 19:30,1.16158,1.16158,1.16158,1.16158
2026-09-10 19:31,1.16158,1.16158,1.16158,1.16158
2026-09-10 19:32,1.16158,1.16158,1.16158,1.16158
2026-09-10 19:33,1.16144,1.16144,1.16144,1.16144
2026-09-10 19:34,1.16144,1.16144,1.16144,1.16144
2026-09-10 19:35,1.16158,1.16158,1.16158,1.16158
2026-09-10 19:36,1.16144,1.16144,1.16144,1.16144
2026-09-10 19:37,1.16144,1.16144,1.16144,1.16144
2026-09-10 19:38,1.16144,1.16144,1.16144,1.16144
2026-09-10 19:39,1.16144,1.16144,1.16144,1.16144
2026-09-10 19:40,1.16158,1.16158,1.16158,1.16158
2026-09-10 19:41,1.16158,1.16158,1.16158,1.16158
2026-09-10 19:42,1.16158,1.16158,1.16158,1.16158
2026-09-10 19:43,1.16158,1.16158,1.16158,1.16158
2026-09-10 19:44,1.16144,1.16144,1.16144,1.16144
2026-09-10 19:45,1.16144,1.16144,1.16144,1.16144
2026-09-10 19:46,1.16158,1.16158,1.16158,1.16158
2026-09-10 19:47,1.16158,1.16158,1.16158,1.16158
2026-09-10 19:48,1.16158,1.16158,1.16158,1.16158
2026-09-10 19:49,1.16158,1.16158,1.16158,1.16158
2026-09-10 19:50,1.16158,1.16158,1.16158,1.16158
2026-09-10 19:51,1.16144,1.16144,1.16144,1.16144
2026-09-10 19:52,1.16158,1.16158,1.16158,1.16158
2026-09-10 19:53,1.16158,1.16158,1.16158,1.16158
2026-09-10 19:54,1.16144,1.16144,1.16144,1.16144
2026-09-10 19:55,1.16144,1.16144,1.16144,1.16144
2026-09-10 19:56,1.16144,1.16144,1.16144,1.16144
2026-09-10 19:57,1.16144,1.16144,1.16144,1.16144
2026-09-10 19:58,1.16131,1.16131,1.16131,1.16131
2026-09-10 19:59,1.16144,1.16144,1.16144,1.16144
2026-09-10 20:00,1.16131,1.16131,1.16131,1.16131
2026-09-10 20:01,1.16131,1.16131,1.16131,1.16131
2026-09-10 20:02,1.16131,1.16131,1.16131,1.16131
2026-09-10 20:03,1.16131,1.16131,1.16131,1.16131
2026-09-10 20:04,1.16131,1.16131,1.16131,1.16131
2026-09-10 20:05,1.16131,1.16131,1.16131,1.16131
2026-09-10 20:06,1.16131,1.16131,1.16131,1.16131
2026-09-10 20:07,1.16131,1.16131,1.16131,1.16131
2026-09-10 20:08,1.16131,1.16131,1.16131,1.16131
2026-09-10 20:09,1.16131,1.16131,1.16131,1.16131
2026-09-10 20:10,1.16131,1.16131,1.16131,1.16131
2026-09-10 20:11,1.16131,1.16131,1.16131,1.16131
2026-09-10 20:12,1.16131,1.16131,1.16131,1.16131
2026-09-10 20:13,1.16131,1.16131,1.16131,1.16131
2026-09-10 20:14,1.16131,1.16131,1.16131,1.16131
2026-09-10 20:15,1.16131,1.16131,1.16131,1.16131
2026-09-10 20:16,1.16131,1.16131,1.16131,1.16131
2026-09-10 20:17,1.16131,1.16131,1.16131,1.16131
2026-09-10 20:18,1.16117,1.16117,1.16117,1.16117
2026-09-10 20:19,1.16117,1.16117,1.16117,1.16117
2026-09-10 20:20,1.16104,1.16104,1.16104,1.16104
2026-09-10 20:21,1.16104,1.16104,1.16104,1.16104
2026-09-10 20:22,1.16104,1.16104,1.16104,1.16104
2026-09-10 20:23,1.16104,1.16104,1.16104,1.16104
2026-09-10 20:24,1.16104,1.16104,1.16104,1.16104
2026-09-10 20:25,1.16104,1.16104,1.16104,1.16104
2026-09-10 20:26,1.16104,1.16104,1.16104,1.16104
2026-09-10 20:27,1.16090,1.16090,1.16090,1.16090
2026-09-10 20:28,1.16090,1.16090,1.16090,1.16090
2026-09-10 20:29,1.16090,1.16090,1.16090,1.16090
2026-09-10 20:30,1.16104,1.16104,1.16104,1.16104
2026-09-10 20:31,1.16117,1.16117,1.16117,1.16117
2026-09-10 20:32,1.16131,1.16131,1.16131,1.16131
2026-09-10 20:33,1.16117,1.16117,1.16117,1.16117
2026-09-10 20:34,1.16117,1.16117,1.16117,1.16117
2026-09-10 20:35,1.16117,1.16117,1.16117,1.16117
2026-09-10 20:36,1.16117,1.16117,1.16117,1.16117
2026-09-10 20:37,1.16117,1.16117,1.16117,1.16117
2026-09-10 20:38,1.16131,1.16131,1.16131,1.16131
2026-09-10 20:39,1.16131,1.16131,1.16131,1.16131
2026-09-10 20:40,1.16117,1.16117,1.16117,1.16117
2026-09-10 20:41,1.16117,1.16117,1.16117,1.16117
2026-09-10 20:42,1.16117,1.16117,1.16117,1.16117
2026-09-10 20:43,1.16117,1.16117,1.16117,1.16117
2026-09-10 20:44,1.16104,1.16104,1.16104,1.16104
2026-09-10 20:45,1.16117,1.16117,1.16117,1.16117
2026-09-10 20:46,1.16104,1.16104,1.16104,1.16104
2026-09-10 20:47,1.16117,1.16117,1.16117,1.16117
2026-09-10 20:48,1.16131,1.16131,1.16131,1.16131
2026-09-10 20:49,1.16131,1.16131,1.16131,1.16131
2026-09-10 20:50,1.16131,1.16131,1.16131,1.16131
2026-09-10 20:51,1.16131,1.16131,1.16131,1.16131
2026-09-10 20:52,1.16131,1.16131,1.16131,1.16131
2026-09-10 20:53,1.16131,1.16131,1.16131,1.16131
2026-09-10 20:54,1.16144,1.16144,1.16144,1.16144
2026-09-10 20:55,1.16131,1.16131,1.16131,1.16131
2026-09-10 20:56,1.16131,1.16131,1.16131,1.16131
2026-09-10 20:57,1.16144,1.16144,1.16144,1.16144
2026-09-10 20:58,1.16131,1.16131,1.16131,1.16131
2026-09-10 20:59,1.16158,1.16158,1.16158,1.16158
2026-09-10 21:00,1.16158,1.16158,1.16158,1.16158
2026-09-10 21:01,1.16158,1.16158,1.16158,1.16158
2026-09-10 21:02,1.16158,1.16158,1.16158,1.16158
2026-09-10 21:03,1.16158,1.16158,1.16158,1.16158
2026-09-10 21:04,1.16158,1.16158,1.16158,1.16158
2026-09-10 21:05,1.16184,1.16184,1.16184,1.16184
2026-09-10 21:06,1.16184,1.16184,1.16184,1.16184
2026-09-10 21:07,1.16158,1.16158,1.16158,1.16158
2026-09-10 21:08,1.16104,1.16104,1.16104,1.16104
2026-09-10 21:09,1.16131,1.16131,1.16131,1.16131
2026-09-10 21:10,1.16144,1.16144,1.16144,1.16144
2026-09-10 21:11,1.16131,1.16131,1.16131,1.16131
2026-09-10 21:12,1.16131,1.16131,1.16131,1.16131
2026-09-10 21:13,1.16144,1.16144,1.16144,1.16144
2026-09-10 21:14,1.16158,1.16158,1.16158,1.16158
2026-09-10 21:15,1.16144,1.16144,1.16144,1.16144
2026-09-10 21:16,1.16144,1.16144,1.16144,1.16144
2026-09-10 21:17,1.16131,1.16131,1.16131,1.16131
2026-09-10 21:18,1.16131,1.16131,1.16131,1.16131
2026-09-10 21:19,1.16158,1.16158,1.16158,1.16158
2026-09-10 21:20,1.16171,1.16171,1.16171,1.16171
2026-09-10 21:21,1.16171,1.16171,1.16171,1.16171
2026-09-10 21:22,1.16158,1.16158,1.16158,1.16158
2026-09-10 21:23,1.16184,1.16184,1.16184,1.16184
2026-09-10 21:24,1.16184,1.16184,1.16184,1.16184
2026-09-10 21:25,1.16171,1.16171,1.16171,1.16171
2026-09-10 21:26,1.16171,1.16171,1.16171,1.16171
2026-09-10 21:27,1.16144,1.16144,1.16144,1.16144
2026-09-10 21:28,1.16171,1.16171,1.16171,1.16171
2026-09-10 21:29,1.16117,1.16117,1.16117,1.16117
2026-09-10 21:30,1.16090,1.16090,1.16090,1.16090
2026-09-10 21:31,1.16077,1.16077,1.16077,1.16077
2026-09-10 21:32,1.16090,1.16090,1.16090,1.16090
2026-09-10 21:33,1.16104,1.16104,1.16104,1.16104
2026-09-10 21:34,1.16090,1.16090,1.16090,1.16090
2026-09-10 21:35,1.16090,1.16090,1.16090,1.16090
2026-09-10 21:36,1.16171,1.16171,1.16171,1.16171
2026-09-10 21:37,1.16090,1.16090,1.16090,1.16090
2026-09-10 21:38,1.16131,1.16131,1.16131,1.16131
2026-09-10 21:39,1.16131,1.16131,1.16131,1.16131
2026-09-10 21:40,1.16198,1.16198,1.16198,1.16198
2026-09-10 21:41,1.16144,1.16144,1.16144,1.16144
2026-09-10 21:42,1.16131,1.16131,1.16131,1.16131
2026-09-10 21:43,1.16090,1.16090,1.16090,1.16090
2026-09-10 21:44,1.16090,1.16090,1.16090,1.16090
2026-09-10 21:45,1.16131,1.16131,1.16131,1.16131
2026-09-10 21:46,1.16144,1.16144,1.16144,1.16144
2026-09-10 21:47,1.16131,1.16131,1.16131,1.16131
2026-09-10 21:48,1.16131,1.16131,1.16131,1.16131
2026-09-10 21:49,1.16144,1.16144,1.16144,1.16144
2026-09-10 21:50,1.16158,1.16158,1.16158,1.16158
2026-09-10 21:51,1.16131,1.16131,1.16131,1.16131
2026-09-10 21:52,1.16131,1.16131,1.16131,1.16131
2026-09-10 21:53,1.16131,1.16131,1.16131,1.16131
2026-09-10 21:54,1.16131,1.16131,1.16131,1.16131
2026-09-10 21:55,1.16131,1.16131,1.16131,1.16131
2026-09-10 21:56,1.16104,1.16104,1.16104,1.16104
2026-09-10 21:57,1.16090,1.16090,1.16090,1.16090
2026-09-10 21:58,1.16158,1.16158,1.16158,1.16158
2026-09-10 21:59,1.16131,1.16131,1.16131,1.16131
2026-09-10 22:00,1.16104,1.16104,1.16104,1.16104
2026-09-10 22:01,1.16144,1.16144,1.16144,1.16144
2026-09-10 22:02,1.16117,1.16117,1.16117,1.16117
2026-09-10 22:03,1.16117,1.16117,1.16117,1.16117
2026-09-10 22:04,1.16117,1.16117,1.16117,1.16117
2026-09-10 22:05,1.16117,1.16117,1.16117,1.16117
2026-09-10 22:06,1.16131,1.16131,1.16131,1.16131
2026-09-10 22:07,1.16117,1.16117,1.16117,1.16117
2026-09-10 22:08,1.16117,1.16117,1.16117,1.16117
2026-09-10 22:09,1.16117,1.16117,1.16117,1.16117
2026-09-10 22:10,1.16117,1.16117,1.16117,1.16117
2026-09-10 22:11,1.16117,1.16117,1.16117,1.16117
2026-09-10 22:12,1.16117,1.16117,1.16117,1.16117
2026-09-10 22:13,1.16117,1.16117,1.16117,1.16117
2026-09-10 22:14,1.16117,1.16117,1.16117,1.16117
2026-09-10 22:15,1.16131,1.16131,1.16131,1.16131
2026-09-10 22:16,1.16117,1.16117,1.16117,1.16117
2026-09-10 22:17,1.16117,1.16117,1.16117,1.16117
2026-09-10 22:18,1.16117,1.16117,1.16117,1.16117
2026-09-10 22:19,1.16117,1.16117,1.16117,1.16117
2026-09-10 22:20,1.16131,1.16131,1.16131,1.16131
2026-09-10 22:21,1.16131,1.16131,1.16131,1.16131
2026-09-10 22:22,1.16131,1.16131,1.16131,1.16131
2026-09-10 22:23,1.16131,1.16131,1.16131,1.16131
2026-09-10 22:24,1.16131,1.16131,1.16131,1.16131
2026-09-10 22:25,1.16131,1.16131,1.16131,1.16131
2026-09-10 22:26,1.16131,1.16131,1.16131,1.16131
2026-09-10 22:27,1.16131,1.16131,1.16131,1.16131
2026-09-10 22:28,1.16131,1.16131,1.16131,1.16131
2026-09-10 22:29,1.16131,1.16131,1.16131,1.16131
2026-09-10 22:30,1.16117,1.16117,1.16117,1.16117
2026-09-10 22:31,1.16117,1.16117,1.16117,1.16117
2026-09-10 22:32,1.16131,1.16131,1.16131,1.16131
2026-09-10 22:33,1.16117,1.16117,1.16117,1.16117
2026-09-10 22:34,1.16131,1.16131,1.16131,1.16131
2026-09-10 22:35,1.16131,1.16131,1.16131,1.16131
2026-09-10 22:36,1.16131,1.16131,1.16131,1.16131
2026-09-10 22:37,1.16131,1.16131,1.16131,1.16131
2026-09-10 22:38,1.16117,1.16117,1.16117,1.16117
2026-09-10 22:39,1.16131,1.16131,1.16131,1.16131
2026-09-10 22:40,1.16117,1.16117,1.16117,1.16117
2026-09-10 22:41,1.16117,1.16117,1.16117,1.16117
2026-09-10 22:42,1.16131,1.16131,1.16131,1.16131
2026-09-10 22:43,1.16131,1.16131,1.16131,1.16131
2026-09-10 22:44,1.16131,1.16131,1.16131,1.16131
2026-09-10 22:45,1.16131,1.16131,1.16131,1.16131
2026-09-10 22:46,1.16131,1.16131,1.16131,1.16131
2026-09-10 22:47,1.16144,1.16144,1.16144,1.16144
2026-09-10 22:48,1.16131,1.16131,1.16131,1.16131
2026-09-10 22:49,1.16131,1.16131,1.16131,1.16131
2026-09-10 22:50,1.16144,1.16144,1.16144,1.16144
2026-09-10 22:51,1.16131,1.16131,1.16131,1.16131
2026-09-10 22:52,1.16131,1.16131,1.16131,1.16131
2026-09-10 22:53,1.16131,1.16131,1.16131,1.16131
2026-09-10 22:54,1.16144,1.16144,1.16144,1.16144
2026-09-10 22:55,1.16131,1.16131,1.16131,1.16131
2026-09-10 22:56,1.16144,1.16144,1.16144,1.16144
2026-09-10 22:57,1.16144,1.16144,1.16144,1.16144
2026-09-10 22:58,1.16144,1.16144,1.16144,1.16144
2026-09-10 23:00,1.16131,1.16131,1.16131,1.16131
2026-09-10 23:01,1.16144,1.16144,1.16144,1.16144
2026-09-10 23:02,1.16144,1.16144,1.16144,1.16144
2026-09-10 23:03,1.16144,1.16144,1.16144,1.16144
2026-09-10 23:04,1.16131,1.16131,1.16131,1.16131
2026-09-10 23:05,1.16131,1.16131,1.16131,1.16131
2026-09-10 23:06,1.16117,1.16117,1.16117,1.16117
2026-09-10 23:07,1.16117,1.16117,1.16117,1.16117
2026-09-10 23:08,1.16131,1.16131,1.16131,1.16131
2026-09-10 23:09,1.16131,1.16131,1.16131,1.16131
2026-09-10 23:10,1.16131,1.16131,1.16131,1.16131
2026-09-10 23:11,1.16131,1.16131,1.16131,1.16131
2026-09-10 23:12,1.16131,1.16131,1.16131,1.16131
2026-09-10 23:13,1.16131,1.16131,1.16131,1.16131
2026-09-10 23:14,1.16131,1.16131,1.16131,1.16131
2026-09-10 23:15,1.16131,1.16131,1.16131,1.16131
2026-09-10 23:16,1.16131,1.16131,1.16131,1.16131
2026-09-10 23:17,1.16144,1.16144,1.16144,1.16144
2026-09-10 23:18,1.16131,1.16131,1.16131,1.16131
2026-09-10 23:19,1.16131,1.16131,1.16131,1.16131
2026-09-10 23:20,1.16131,1.16131,1.16131,1.16131
2026-09-10 23:21,1.16144,1.16144,1.16144,1.16144
2026-09-10 23:22,1.16131,1.16131,1.16131,1.16131
2026-09-10 23:23,1.16131,1.16131,1.16131,1.16131
2026-09-10 23:24,1.16131,1.16131,1.16131,1.16131
2026-09-10 23:25,1.16131,1.16131,1.16131,1.16131
2026-09-10 23:26,1.16117,1.16117,1.16117,1.16117
2026-09-10 23:27,1.16117,1.16117,1.16117,1.16117
2026-09-10 23:28,1.16117,1.16117,1.16117,1.16117
2026-09-10 23:29,1.16117,1.16117,1.16117,1.16117
2026-09-10 23:30,1.16117,1.16117,1.16117,1.16117
2026-09-10 23:31,1.16131,1.16131,1.16131,1.16131
2026-09-10 23:32,1.16117,1.16117,1.16117,1.16117
2026-09-10 23:33,1.16131,1.16131,1.16131,1.16131
2026-09-10 23:34,1.16131,1.16131,1.16131,1.16131
2026-09-10 23:35,1.16131,1.16131,1.16131,1.16131
2026-09-10 23:36,1.16131,1.16131,1.16131,1.16131
2026-09-10 23:37,1.16131,1.16131,1.16131,1.16131
2026-09-10 23:38,1.16131,1.16131,1.16131,1.16131
2026-09-10 23:39,1.16131,1.16131,1.16131,1.16131
2026-09-10 23:40,1.16131,1.16131,1.16131,1.16131
2026-09-10 23:41,1.16131,1.16131,1.16131,1.16131
2026-09-10 23:42,1.16131,1.16131,1.16131,1.16131
2026-09-10 23:43,1.16131,1.16131,1.16131,1.16131
2026-09-10 23:44,1.16131,1.16131,1.16131,1.16131
2026-09-10 23:45,1.16144,1.16144,1.16144,1.16144
2026-09-10 23:46,1.16131,1.16131,1.16131,1.16131
2026-09-10 23:47,1.16131,1.16131,1.16131,1.16131
2026-09-10 23:48,1.16131,1.16131,1.16131,1.16131
2026-09-10 23:49,1.16131,1.16131,1.16131,1.16131
2026-09-10 23:50,1.16144,1.16144,1.16144,1.16144
2026-09-10 23:51,1.16131,1.16131,1.16131,1.16131
2026-09-10 23:52,1.16131,1.16131,1.16131,1.16131
2026-09-10 23:53,1.16131,1.16131,1.16131,1.16131
2026-09-10 23:54,1.16131,1.16131,1.16131,1.16131
2026-09-10 23:55,1.16131,1.16131,1.16131,1.16131
2026-09-10 23:56,1.16131,1.16131,1.16131,1.16131
2026-09-10 23:57,1.16131,1.16131,1.16131,1.16131
2026-09-10 23:58,1.16131,1.16131,1.16131,1.16131
2026-09-10 23:59,1.16144,1.16144,1.16144,1.16144
2026-09-11 00:00,1.16144,1.16144,1.16144,1.16144
2026-09-11 00:01,1.16158,1.16158,1.16158,1.16158
2026-09-11 00:02,1.16171,1.16171,1.16171,1.16171
2026-09-11 00:03,1.16171,1.16171,1.16171,1.16171
2026-09-11 00:04,1.16158,1.16158,1.16158,1.16158
2026-09-11 00:05,1.16158,1.16158,1.16158,1.16158
2026-09-11 00:06,1.16171,1.16171,1.16171,1.16171
2026-09-11 00:07,1.16171,1.16171,1.16171,1.16171
2026-09-11 00:08,1.16171,1.16171,1.16171,1.16171
2026-09-11 00:09,1.16171,1.16171,1.16171,1.16171
2026-09-11 00:10,1.16171,1.16171,1.16171,1.16171
2026-09-11 00:11,1.16158,1.16158,1.16158,1.16158
2026-09-11 00:12,1.16171,1.16171,1.16171,1.16171
2026-09-11 00:13,1.16171,1.16171,1.16171,1.16171
2026-09-11 00:14,1.16171,1.16171,1.16171,1.16171
2026-09-11 00:15,1.16158,1.16158,1.16158,1.16158
2026-09-11 00:16,1.16158,1.16158,1.16158,1.16158
2026-09-11 00:17,1.16158,1.16158,1.16158,1.16158
2026-09-11 00:18,1.16158,1.16158,1.16158,1.16158
2026-09-11 00:19,1.16171,1.16171,1.16171,1.16171
2026-09-11 00:20,1.16171,1.16171,1.16171,1.16171
2026-09-11 00:21,1.16171,1.16171,1.16171,1.16171
2026-09-11 00:22,1.16171,1.16171,1.16171,1.16171
2026-09-11 00:23,1.16171,1.16171,1.16171,1.16171
2026-09-11 00:24,1.16158,1.16158,1.16158,1.16158
2026-09-11 00:25,1.16144,1.16144,1.16144,1.16144
2026-09-11 00:26,1.16158,1.16158,1.16158,1.16158
2026-09-11 00:27,1.16158,1.16158,1.16158,1.16158
2026-09-11 00:28,1.16158,1.16158,1.16158,1.16158
2026-09-11 00:29,1.16158,1.16158,1.16158,1.16158
2026-09-11 00:30,1.16171,1.16171,1.16171,1.16171
2026-09-11 00:31,1.16171,1.16171,1.16171,1.16171
2026-09-11 00:32,1.16158,1.16158,1.16158,1.16158
2026-09-11 00:33,1.16158,1.16158,1.16158,1.16158
2026-09-11 00:34,1.16158,1.16158,1.16158,1.16158
2026-09-11 00:35,1.16171,1.16171,1.16171,1.16171
2026-09-11 00:36,1.16171,1.16171,1.16171,1.16171
2026-09-11 00:37,1.16171,1.16171,1.16171,1.16171
2026-09-11 00:38,1.16171,1.16171,1.16171,1.16171
2026-09-11 00:39,1.16171,1.16171,1.16171,1.16171
2026-09-11 00:40,1.16171,1.16171,1.16171,1.16171
2026-09-11 00:41,1.16171,1.16171,1.16171,1.16171
2026-09-11 00:42,1.16171,1.16171,1.16171,1.16171
2026-09-11 00:43,1.16171,1.16171,1.16171,1.16171
2026-09-11 00:44,1.16171,1.16171,1.16171,1.16171
2026-09-11 00:45,1.16171,1.16171,1.16171,1.16171
2026-09-11 00:46,1.16184,1.16184,1.16184,1.16184
2026-09-11 00:47,1.16171,1.16171,1.16171,1.16171
2026-09-11 00:48,1.16171,1.16171,1.16171,1.16171
2026-09-11 00:49,1.16171,1.16171,1.16171,1.16171
2026-09-11 00:50,1.16171,1.16171,1.16171,1.16171
2026-09-11 00:51,1.16171,1.16171,1.16171,1.16171
2026-09-11 00:52,1.16171,1.16171,1.16171,1.16171
2026-09-11 00:53,1.16171,1.16171,1.16171,1.16171
2026-09-11 00:54,1.16171,1.16171,1.16171,1.16171
2026-09-11 00:55,1.16171,1.16171,1.16171,1.16171
2026-09-11 00:56,1.16171,1.16171,1.16171,1.16171
2026-09-11 00:57,1.16171,1.16171,1.16171,1.16171
2026-09-11 00:58,1.16171,1.16171,1.16171,1.16171
2026-09-11 00:59,1.16184,1.16184,1.16184,1.16184
2026-09-11 01:00,1.16184,1.16184,1.16184,1.16184
2026-09-11 01:01,1.16184,1.16184,1.16184,1.16184
2026-09-11 01:02,1.16184,1.16184,1.16184,1.16184
2026-09-11 01:03,1.16184,1.16184,1.16184,1.16184
2026-09-11 01:04,1.16198,1.16198,1.16198,1.16198
2026-09-11 01:05,1.16184,1.16184,1.16184,1.16184
2026-09-11 01:06,1.16198,1.16198,1.16198,1.16198
2026-09-11 01:07,1.16184,1.16184,1.16184,1.16184
2026-09-11 01:08,1.16184,1.16184,1.16184,1.16184
2026-09-11 01:09,1.16198,1.16198,1.16198,1.16198
2026-09-11 01:10,1.16198,1.16198,1.16198,1.16198
2026-09-11 01:11,1.16198,1.16198,1.16198,1.16198
2026-09-11 01:12,1.16198,1.16198,1.16198,1.16198
2026-09-11 01:13,1.16198,1.16198,1.16198,1.16198
2026-09-11 01:14,1.16198,1.16198,1.16198,1.16198
2026-09-11 01:15,1.16198,1.16198,1.16198,1.16198
2026-09-11 01:16,1.16212,1.16212,1.16212,1.16212
2026-09-11 01:17,1.16198,1.16198,1.16198,1.16198
2026-09-11 01:18,1.16198,1.16198,1.16198,1.16198
2026-09-11 01:19,1.16212,1.16212,1.16212,1.16212
2026-09-11 01:20,1.16198,1.16198,1.16198,1.16198
2026-09-11 01:21,1.16198,1.16198,1.16198,1.16198
2026-09-11 01:22,1.16184,1.16184,1.16184,1.16184
2026-09-11 01:23,1.16184,1.16184,1.16184,1.16184
2026-09-11 01:24,1.16184,1.16184,1.16184,1.16184
2026-09-11 01:25,1.16184,1.16184,1.16184,1.16184
2026-09-11 01:26,1.16184,1.16184,1.16184,1.16184
2026-09-11 01:27,1.16184,1.16184,1.16184,1.16184
2026-09-11 01:28,1.16198,1.16198,1.16198,1.16198
2026-09-11 01:29,1.16198,1.16198,1.16198,1.16198
2026-09-11 01:30,1.16184,1.16184,1.16184,1.16184
2026-09-11 01:31,1.16184,1.16184,1.16184,1.16184
2026-09-11 01:32,1.16184,1.16184,1.16184,1.16184
2026-09-11 01:33,1.16198,1.16198,1.16198,1.16198
2026-09-11 01:34,1.16184,1.16184,1.16184,1.16184
2026-09-11 01:35,1.16184,1.16184,1.16184,1.16184
2026-09-11 01:36,1.16198,1.16198,1.16198,1.16198
2026-09-11 01:37,1.16198,1.16198,1.16198,1.16198
2026-09-11 01:38,1.16198,1.16198,1.16198,1.16198
2026-09-11 01:39,1.16184,1.16184,1.16184,1.16184
2026-09-11 01:40,1.16184,1.16184,1.16184,1.16184
2026-09-11 01:41,1.16171,1.16171,1.16171,1.16171
2026-09-11 01:42,1.16184,1.16184,1.16184,1.16184
2026-09-11 01:43,1.16184,1.16184,1.16184,1.16184
2026-09-11 01:44,1.16171,1.16171,1.16171,1.16171
2026-09-11 01:45,1.16171,1.16171,1.16171,1.16171
2026-09-11 01:46,1.16171,1.16171,1.16171,1.16171
2026-09-11 01:47,1.16158,1.16158,1.16158,1.16158
2026-09-11 01:48,1.16158,1.16158,1.16158,1.16158
2026-09-11 01:49,1.16158,1.16158,1.16158,1.16158
2026-09-11 01:50,1.16158,1.16158,1.16158,1.16158
2026-09-11 01:51,1.16158,1.16158,1.16158,1.16158
2026-09-11 01:52,1.16171,1.16171,1.16171,1.16171
2026-09-11 01:53,1.16158,1.16158,1.16158,1.16158
2026-09-11 01:54,1.16158,1.16158,1.16158,1.16158
2026-09-11 01:55,1.16144,1.16144,1.16144,1.16144
2026-09-11 01:56,1.16158,1.16158,1.16158,1.16158
2026-09-11 01:57,1.16144,1.16144,1.16144,1.16144
2026-09-11 01:58,1.16144,1.16144,1.16144,1.16144
2026-09-11 01:59,1.16158,1.16158,1.16158,1.16158
2026-09-11 02:00,1.16158,1.16158,1.16158,1.16158
2026-09-11 02:01,1.16158,1.16158,1.16158,1.16158
2026-09-11 02:02,1.16144,1.16144,1.16144,1.16144
2026-09-11 02:03,1.16131,1.16131,1.16131,1.16131
2026-09-11 02:04,1.16131,1.16131,1.16131,1.16131
2026-09-11 02:05,1.16131,1.16131,1.16131,1.16131
2026-09-11 02:06,1.16131,1.16131,1.16131,1.16131
2026-09-11 02:07,1.16131,1.16131,1.16131,1.16131
2026-09-11 02:08,1.16131,1.16131,1.16131,1.16131
2026-09-11 02:09,1.16131,1.16131,1.16131,1.16131
2026-09-11 02:10,1.16131,1.16131,1.16131,1.16131
2026-09-11 02:11,1.16131,1.16131,1.16131,1.16131
2026-09-11 02:12,1.16131,1.16131,1.16131,1.16131
2026-09-11 02:13,1.16144,1.16144,1.16144,1.16144
2026-09-11 02:14,1.16131,1.16131,1.16131,1.16131
2026-09-11 02:15,1.16131,1.16131,1.16131,1.16131
2026-09-11 02:16,1.16131,1.16131,1.16131,1.16131
2026-09-11 02:17,1.16117,1.16117,1.16117,1.16117
2026-09-11 02:18,1.16117,1.16117,1.16117,1.16117
2026-09-11 02:19,1.16131,1.16131,1.16131,1.16131
2026-09-11 02:20,1.16117,1.16117,1.16117,1.16117
2026-09-11 02:21,1.16117,1.16117,1.16117,1.16117
2026-09-11 02:22,1.16104,1.16104,1.16104,1.16104
2026-09-11 02:23,1.16104,1.16104,1.16104,1.16104
2026-09-11 02:24,1.16104,1.16104,1.16104,1.16104
2026-09-11 02:25,1.16104,1.16104,1.16104,1.16104
2026-09-11 02:26,1.16090,1.16090,1.16090,1.16090
2026-09-11 02:27,1.16104,1.16104,1.16104,1.16104
2026-09-11 02:28,1.16104,1.16104,1.16104,1.16104
2026-09-11 02:29,1.16090,1.16090,1.16090,1.16090
2026-09-11 02:30,1.16090,1.16090,1.16090,1.16090
2026-09-11 02:31,1.16090,1.16090,1.16090,1.16090
2026-09-11 02:32,1.16090,1.16090,1.16090,1.16090
2026-09-11 02:33,1.16104,1.16104,1.16104,1.16104
2026-09-11 02:34,1.16090,1.16090,1.16090,1.16090
2026-09-11 02:35,1.16090,1.16090,1.16090,1.16090
2026-09-11 02:36,1.16090,1.16090,1.16090,1.16090
2026-09-11 02:37,1.16090,1.16090,1.16090,1.16090
2026-09-11 02:38,1.16104,1.16104,1.16104,1.16104
2026-09-11 02:39,1.16104,1.16104,1.16104,1.16104
2026-09-11 02:40,1.16104,1.16104,1.16104,1.16104
2026-09-11 02:41,1.16117,1.16117,1.16117,1.16117
2026-09-11 02:42,1.16104,1.16104,1.16104,1.16104
2026-09-11 02:43,1.16104,1.16104,1.16104,1.16104
2026-09-11 02:44,1.16104,1.16104,1.16104,1.16104
2026-09-11 02:45,1.16104,1.16104,1.16104,1.16104
2026-09-11 02:46,1.16104,1.16104,1.16104,1.16104
2026-09-11 02:47,1.16104,1.16104,1.16104,1.16104
2026-09-11 02:48,1.16117,1.16117,1.16117,1.16117
2026-09-11 02:49,1.16117,1.16117,1.16117,1.16117
2026-09-11 02:50,1.16117,1.16117,1.16117,1.16117
2026-09-11 02:51,1.16117,1.16117,1.16117,1.16117
2026-09-11 02:52,1.16117,1.16117,1.16117,1.16117
2026-09-11 02:53,1.16117,1.16117,1.16117,1.16117
2026-09-11 02:54,1.16117,1.16117,1.16117,1.16117
2026-09-11 02:55,1.16117,1.16117,1.16117,1.16117
2026-09-11 02:56,1.16104,1.16104,1.16104,1.16104
2026-09-11 02:57,1.16104,1.16104,1.16104,1.16104
2026-09-11 02:58,1.16104,1.16104,1.16104,1.16104
2026-09-11 02:59,1.16104,1.16104,1.16104,1.16104
2026-09-11 03:00,1.16104,1.16104,1.16104,1.16104
2026-09-11 03:01,1.16104,1.16104,1.16104,1.16104
2026-09-11 03:02,1.16104,1.16104,1.16104,1.16104
2026-09-11 03:03,1.16117,1.16117,1.16117,1.16117
2026-09-11 03:04,1.16104,1.16104,1.16104,1.16104
2026-09-11 03:05,1.16104,1.16104,1.16104,1.16104
2026-09-11 03:06,1.16090,1.16090,1.16090,1.16090
2026-09-11 03:07,1.16090,1.16090,1.16090,1.16090
2026-09-11 03:08,1.16090,1.16090,1.16090,1.16090
2026-09-11 03:09,1.16090,1.16090,1.16090,1.16090
2026-09-11 03:10,1.16104,1.16104,1.16104,1.16104
2026-09-11 03:11,1.16104,1.16104,1.16104,1.16104
2026-09-11 03:12,1.16104,1.16104,1.16104,1.16104
2026-09-11 03:13,1.16104,1.16104,1.16104,1.16104
2026-09-11 03:14,1.16104,1.16104,1.16104,1.16104
2026-09-11 03:15,1.16104,1.16104,1.16104,1.16104
2026-09-11 03:16,1.16104,1.16104,1.16104,1.16104
2026-09-11 03:17,1.16104,1.16104,1.16104,1.16104
2026-09-11 03:18,1.16090,1.16090,1.16090,1.16090
2026-09-11 03:19,1.16077,1.16077,1.16077,1.16077
2026-09-11 03:20,1.16090,1.16090,1.16090,1.16090
2026-09-11 03:21,1.16077,1.16077,1.16077,1.16077
2026-09-11 03:22,1.16077,1.16077,1.16077,1.16077
2026-09-11 03:23,1.16063,1.16063,1.16063,1.16063
2026-09-11 03:24,1.16063,1.16063,1.16063,1.16063
2026-09-11 03:25,1.16050,1.16050,1.16050,1.16050
2026-09-11 03:26,1.16050,1.16050,1.16050,1.16050
2026-09-11 03:27,1.16050,1.16050,1.16050,1.16050
2026-09-11 03:28,1.16050,1.16050,1.16050,1.16050
2026-09-11 03:29,1.16050,1.16050,1.16050,1.16050
2026-09-11 03:30,1.16050,1.16050,1.16050,1.16050
2026-09-11 03:31,1.16050,1.16050,1.16050,1.16050
2026-09-11 03:32,1.16050,1.16050,1.16050,1.16050
2026-09-11 03:33,1.16050,1.16050,1.16050,1.16050
2026-09-11 03:34,1.16036,1.16036,1.16036,1.16036
2026-09-11 03:35,1.16036,1.16036,1.16036,1.16036
2026-09-11 03:36,1.16050,1.16050,1.16050,1.16050
2026-09-11 03:37,1.16050,1.16050,1.16050,1.16050
2026-09-11 03:38,1.16050,1.16050,1.16050,1.16050
2026-09-11 03:39,1.16050,1.16050,1.16050,1.16050
2026-09-11 03:40,1.16050,1.16050,1.16050,1.16050
2026-09-11 03:41,1.16050,1.16050,1.16050,1.16050
2026-09-11 03:42,1.16050,1.16050,1.16050,1.16050
2026-09-11 03:43,1.16050,1.16050,1.16050,1.16050
2026-09-11 03:44,1.16050,1.16050,1.16050,1.16050
2026-09-11 03:45,1.16050,1.16050,1.16050,1.16050
2026-09-11 03:46,1.16036,1.16036,1.16036,1.16036
2026-09-11 03:47,1.16036,1.16036,1.16036,1.16036
2026-09-11 03:48,1.16036,1.16036,1.16036,1.16036
2026-09-11 03:49,1.16036,1.16036,1.16036,1.16036
2026-09-11 03:50,1.16036,1.16036,1.16036,1.16036
2026-09-11 03:51,1.16036,1.16036,1.16036,1.16036
2026-09-11 03:52,1.16036,1.16036,1.16036,1.16036
2026-09-11 03:53,1.16036,1.16036,1.16036,1.16036
2026-09-11 03:54,1.16036,1.16036,1.16036,1.16036
2026-09-11 03:55,1.16050,1.16050,1.16050,1.16050
2026-09-11 03:56,1.16063,1.16063,1.16063,1.16063
2026-09-11 03:57,1.16063,1.16063,1.16063,1.16063
2026-09-11 03:58,1.16050,1.16050,1.16050,1.16050
2026-09-11 03:59,1.16050,1.16050,1.16050,1.16050
2026-09-11 04:00,1.16050,1.16050,1.16050,1.16050
2026-09-11 04:01,1.16036,1.16036,1.16036,1.16036
2026-09-11 04:02,1.16050,1.16050,1.16050,1.16050
2026-09-11 04:03,1.16063,1.16063,1.16063,1.16063
2026-09-11 04:04,1.16077,1.16077,1.16077,1.16077
2026-09-11 04:05,1.16077,1.16077,1.16077,1.16077
2026-09-11 04:06,1.16090,1.16090,1.16090,1.16090
2026-09-11 04:07,1.16077,1.16077,1.16077,1.16077
2026-09-11 04:08,1.16077,1.16077,1.16077,1.16077
2026-09-11 04:09,1.16090,1.16090,1.16090,1.16090
2026-09-11 04:10,1.16090,1.16090,1.16090,1.16090
2026-09-11 04:11,1.16090,1.16090,1.16090,1.16090
2026-09-11 04:12,1.16104,1.16104,1.16104,1.16104
2026-09-11 04:13,1.16104,1.16104,1.16104,1.16104
2026-09-11 04:14,1.16090,1.16090,1.16090,1.16090
2026-09-11 04:15,1.16104,1.16104,1.16104,1.16104
2026-09-11 04:16,1.16104,1.16104,1.16104,1.16104
2026-09-11 04:17,1.16104,1.16104,1.16104,1.16104
2026-09-11 04:18,1.16104,1.16104,1.16104,1.16104
2026-09-11 04:19,1.16104,1.16104,1.16104,1.16104
2026-09-11 04:20,1.16104,1.16104,1.16104,1.16104
2026-09-11 04:21,1.16117,1.16117,1.16117,1.16117
2026-09-11 04:22,1.16104,1.16104,1.16104,1.16104
2026-09-11 04:23,1.16104,1.16104,1.16104,1.16104
2026-09-11 04:24,1.16104,1.16104,1.16104,1.16104
2026-09-11 04:25,1.16104,1.16104,1.16104,1.16104
2026-09-11 04:26,1.16104,1.16104,1.16104,1.16104
2026-09-11 04:27,1.16104,1.16104,1.16104,1.16104
2026-09-11 04:28,1.16117,1.16117,1.16117,1.16117
2026-09-11 04:29,1.16117,1.16117,1.16117,1.16117
2026-09-11 04:30,1.16117,1.16117,1.16117,1.16117
2026-09-11 04:31,1.16117,1.16117,1.16117,1.16117
2026-09-11 04:32,1.16117,1.16117,1.16117,1.16117
2026-09-11 04:33,1.16104,1.16104,1.16104,1.16104
2026-09-11 04:34,1.16104,1.16104,1.16104,1.16104
2026-09-11 04:35,1.16090,1.16090,1.16090,1.16090
2026-09-11 04:36,1.16090,1.16090,1.16090,1.16090
2026-09-11 04:37,1.16090,1.16090,1.16090,1.16090
2026-09-11 04:38,1.16090,1.16090,1.16090,1.16090
2026-09-11 04:39,1.16090,1.16090,1.16090,1.16090
2026-09-11 04:40,1.16090,1.16090,1.16090,1.16090
2026-09-11 04:41,1.16090,1.16090,1.16090,1.16090
2026-09-11 04:42,1.16090,1.16090,1.16090,1.16090
2026-09-11 04:43,1.16090,1.16090,1.16090,1.16090
2026-09-11 04:44,1.16090,1.16090,1.16090,1.16090
2026-09-11 04:45,1.16090,1.16090,1.16090,1.16090
2026-09-11 04:46,1.16090,1.16090,1.16090,1.16090
2026-09-11 04:47,1.16104,1.16104,1.16104,1.16104
2026-09-11 04:48,1.16090,1.16090,1.16090,1.16090
2026-09-11 04:49,1.16090,1.16090,1.16090,1.16090
2026-09-11 04:50,1.16090,1.16090,1.16090,1.16090
2026-09-11 04:51,1.16090,1.16090,1.16090,1.16090
2026-09-11 04:52,1.16090,1.16090,1.16090,1.16090
2026-09-11 04:53,1.16090,1.16090,1.16090,1.16090
2026-09-11 04:54,1.16090,1.16090,1.16090,1.16090
2026-09-11 04:55,1.16090,1.16090,1.16090,1.16090
2026-09-11 04:56,1.16090,1.16090,1.16090,1.16090
2026-09-11 04:57,1.16090,1.16090,1.16090,1.16090
2026-09-11 04:58,1.16077,1.16077,1.16077,1.16077
2026-09-11 04:59,1.16077,1.16077,1.16077,1.16077
2026-09-11 05:00,1.16077,1.16077,1.16077,1.16077
2026-09-11 05:01,1.16090,1.16090,1.16090,1.16090
2026-09-11 05:02,1.16090,1.16090,1.16090,1.16090
2026-09-11 05:03,1.16104,1.16104,1.16104,1.16104
2026-09-11 05:04,1.16104,1.16104,1.16104,1.16104
2026-09-11 05:05,1.16104,1.16104,1.16104,1.16104
2026-09-11 05:06,1.16104,1.16104,1.16104,1.16104
2026-09-11 05:07,1.16117,1.16117,1.16117,1.16117
2026-09-11 05:08,1.16104,1.16104,1.16104,1.16104
2026-09-11 05:09,1.16117,1.16117,1.16117,1.16117
2026-09-11 05:10,1.16117,1.16117,1.16117,1.16117
2026-09-11 05:11,1.16117,1.16117,1.16117,1.16117
2026-09-11 05:12,1.16117,1.16117,1.16117,1.16117
2026-09-11 05:13,1.16117,1.16117,1.16117,1.16117
2026-09-11 05:14,1.16117,1.16117,1.16117,1.16117
2026-09-11 05:15,1.16131,1.16131,1.16131,1.16131
2026-09-11 05:16,1.16131,1.16131,1.16131,1.16131
2026-09-11 05:17,1.16131,1.16131,1.16131,1.16131
2026-09-11 05:18,1.16131,1.16131,1.16131,1.16131
2026-09-11 05:19,1.16131,1.16131,1.16131,1.16131
2026-09-11 05:20,1.16144,1.16144,1.16144,1.16144
2026-09-11 05:21,1.16131,1.16131,1.16131,1.16131
2026-09-11 05:22,1.16131,1.16131,1.16131,1.16131
2026-09-11 05:23,1.16131,1.16131,1.16131,1.16131
2026-09-11 05:24,1.16144,1.16144,1.16144,1.16144
2026-09-11 05:25,1.16131,1.16131,1.16131,1.16131
2026-09-11 05:26,1.16131,1.16131,1.16131,1.16131
2026-09-11 05:27,1.16131,1.16131,1.16131,1.16131
2026-09-11 05:28,1.16117,1.16117,1.16117,1.16117
2026-09-11 05:29,1.16131,1.16131,1.16131,1.16131
2026-09-11 05:30,1.16144,1.16144,1.16144,1.16144
2026-09-11 05:31,1.16158,1.16158,1.16158,1.16158
2026-09-11 05:32,1.16158,1.16158,1.16158,1.16158
2026-09-11 05:33,1.16144,1.16144,1.16144,1.16144
2026-09-11 05:34,1.16144,1.16144,1.16144,1.16144
2026-09-11 05:35,1.16171,1.16171,1.16171,1.16171
2026-09-11 05:36,1.16171,1.16171,1.16171,1.16171
2026-09-11 05:37,1.16171,1.16171,1.16171,1.16171
2026-09-11 05:38,1.16158,1.16158,1.16158,1.16158
2026-09-11 05:39,1.16158,1.16158,1.16158,1.16158
2026-09-11 05:40,1.16158,1.16158,1.16158,1.16158
2026-09-11 05:41,1.16144,1.16144,1.16144,1.16144
2026-09-11 05:42,1.16144,1.16144,1.16144,1.16144
2026-09-11 05:43,1.16158,1.16158,1.16158,1.16158
2026-09-11 05:44,1.16158,1.16158,1.16158,1.16158
2026-09-11 05:45,1.16144,1.16144,1.16144,1.16144
2026-09-11 05:46,1.16158,1.16158,1.16158,1.16158
2026-09-11 05:47,1.16158,1.16158,1.16158,1.16158
2026-09-11 05:48,1.16131,1.16131,1.16131,1.16131
2026-09-11 05:49,1.16131,1.16131,1.16131,1.16131
2026-09-11 05:50,1.16131,1.16131,1.16131,1.16131
2026-09-11 05:51,1.16144,1.16144,1.16144,1.16144
2026-09-11 05:52,1.16144,1.16144,1.16144,1.16144
2026-09-11 05:53,1.16144,1.16144,1.16144,1.16144
2026-09-11 05:54,1.16131,1.16131,1.16131,1.16131
2026-09-11 05:55,1.16144,1.16144,1.16144,1.16144
2026-09-11 05:56,1.16144,1.16144,1.16144,1.16144
2026-09-11 05:57,1.16144,1.16144,1.16144,1.16144
2026-09-11 05:58,1.16144,1.16144,1.16144,1.16144
2026-09-11 05:59,1.16131,1.16131,1.16131,1.16131
2026-09-11 06:00,1.16131,1.16131,1.16131,1.16131
2026-09-11 06:01,1.16144,1.16144,1.16144,1.16144
2026-09-11 06:02,1.16131,1.16131,1.16131,1.16131
2026-09-11 06:03,1.16131,1.16131,1.16131,1.16131
2026-09-11 06:04,1.16131,1.16131,1.16131,1.16131
2026-09-11 06:05,1.16131,1.16131,1.16131,1.16131
2026-09-11 06:06,1.16144,1.16144,1.16144,1.16144
2026-09-11 06:07,1.16144,1.16144,1.16144,1.16144
2026-09-11 06:08,1.16144,1.16144,1.16144,1.16144
2026-09-11 06:09,1.16131,1.16131,1.16131,1.16131
2026-09-11 06:10,1.16131,1.16131,1.16131,1.16131
2026-09-11 06:11,1.16144,1.16144,1.16144,1.16144
2026-09-11 06:12,1.16158,1.16158,1.16158,1.16158
2026-09-11 06:13,1.16144,1.16144,1.16144,1.16144
2026-09-11 06:14,1.16158,1.16158,1.16158,1.16158
2026-09-11 06:15,1.16171,1.16171,1.16171,1.16171
2026-09-11 06:16,1.16158,1.16158,1.16158,1.16158
2026-09-11 06:17,1.16171,1.16171,1.16171,1.16171
2026-09-11 06:18,1.16158,1.16158,1.16158,1.16158
2026-09-11 06:19,1.16158,1.16158,1.16158,1.16158
2026-09-11 06:20,1.16158,1.16158,1.16158,1.16158
2026-09-11 06:21,1.16158,1.16158,1.16158,1.16158
2026-09-11 06:22,1.16158,1.16158,1.16158,1.16158
2026-09-11 06:23,1.16158,1.16158,1.16158,1.16158
2026-09-11 06:24,1.16144,1.16144,1.16144,1.16144
2026-09-11 06:25,1.16158,1.16158,1.16158,1.16158
2026-09-11 06:26,1.16144,1.16144,1.16144,1.16144
2026-09-11 06:27,1.16144,1.16144,1.16144,1.16144
2026-09-11 06:28,1.16158,1.16158,1.16158,1.16158
2026-09-11 06:29,1.16158,1.16158,1.16158,1.16158
2026-09-11 06:30,1.16144,1.16144,1.16144,1.16144
2026-09-11 06:31,1.16158,1.16158,1.16158,1.16158
2026-09-11 06:32,1.16144,1.16144,1.16144,1.16144
2026-09-11 06:33,1.16144,1.16144,1.16144,1.16144
2026-09-11 06:34,1.16144,1.16144,1.16144,1.16144
2026-09-11 06:35,1.16131,1.16131,1.16131,1.16131
2026-09-11 06:36,1.16144,1.16144,1.16144,1.16144
2026-09-11 06:37,1.16144,1.16144,1.16144,1.16144
2026-09-11 06:38,1.16144,1.16144,1.16144,1.16144
2026-09-11 06:39,1.16144,1.16144,1.16144,1.16144
2026-09-11 06:40,1.16144,1.16144,1.16144,1.16144
2026-09-11 06:41,1.16144,1.16144,1.16144,1.16144
2026-09-11 06:42,1.16131,1.16131,1.16131,1.16131
2026-09-11 06:43,1.16131,1.16131,1.16131,1.16131
2026-09-11 06:44,1.16144,1.16144,1.16144,1.16144
2026-09-11 06:45,1.16131,1.16131,1.16131,1.16131
2026-09-11 06:46,1.16131,1.16131,1.16131,1.16131
2026-09-11 06:47,1.16144,1.16144,1.16144,1.16144
2026-09-11 06:48,1.16144,1.16144,1.16144,1.16144
2026-09-11 06:49,1.16144,1.16144,1.16144,1.16144
2026-09-11 06:50,1.16131,1.16131,1.16131,1.16131
2026-09-11 06:51,1.16131,1.16131,1.16131,1.16131
2026-09-11 06:52,1.16131,1.16131,1.16131,1.16131
2026-09-11 06:53,1.16131,1.16131,1.16131,1.16131
2026-09-11 06:54,1.16144,1.16144,1.16144,1.16144
2026-09-11 06:55,1.16158,1.16158,1.16158,1.16158
2026-09-11 06:56,1.16144,1.16144,1.16144,1.16144
2026-09-11 06:57,1.16144,1.16144,1.16144,1.16144
2026-09-11 06:58,1.16131,1.16131,1.16131,1.16131
2026-09-11 06:59,1.16131,1.16131,1.16131,1.16131
2026-09-11 07:00,1.16144,1.16144,1.16144,1.16144
2026-09-11 07:01,1.16117,1.16117,1.16117,1.16117
2026-09-11 07:02,1.16117,1.16117,1.16117,1.16117
2026-09-11 07:03,1.16131,1.16131,1.16131,1.16131
2026-09-11 07:04,1.16117,1.16117,1.16117,1.16117
2026-09-11 07:05,1.16104,1.16104,1.16104,1.16104
2026-09-11 07:06,1.16104,1.16104,1.16104,1.16104
2026-09-11 07:07,1.16117,1.16117,1.16117,1.16117
2026-09-11 07:08,1.16117,1.16117,1.16117,1.16117
2026-09-11 07:09,1.16104,1.16104,1.16104,1.16104
2026-09-11 07:10,1.16117,1.16117,1.16117,1.16117
2026-09-11 07:11,1.16131,1.16131,1.16131,1.16131
2026-09-11 07:12,1.16131,1.16131,1.16131,1.16131
2026-09-11 07:13,1.16117,1.16117,1.16117,1.16117
2026-09-11 07:14,1.16117,1.16117,1.16117,1.16117
2026-09-11 07:15,1.16117,1.16117,1.16117,1.16117
2026-09-11 07:16,1.16104,1.16104,1.16104,1.16104
2026-09-11 07:17,1.16104,1.16104,1.16104,1.16104
2026-09-11 07:18,1.16117,1.16117,1.16117,1.16117
2026-09-11 07:19,1.16104,1.16104,1.16104,1.16104
2026-09-11 07:20,1.16117,1.16117,1.16117,1.16117
2026-09-11 07:21,1.16131,1.16131,1.16131,1.16131
2026-09-11 07:22,1.16117,1.16117,1.16117,1.16117
2026-09-11 07:23,1.16117,1.16117,1.16117,1.16117
2026-09-11 07:24,1.16131,1.16131,1.16131,1.16131
2026-09-11 07:25,1.16131,1.16131,1.16131,1.16131
2026-09-11 07:26,1.16117,1.16117,1.16117,1.16117
2026-09-11 07:27,1.16131,1.16131,1.16131,1.16131
2026-09-11 07:28,1.16117,1.16117,1.16117,1.16117
2026-09-11 07:29,1.16104,1.16104,1.16104,1.16104
2026-09-11 07:30,1.16104,1.16104,1.16104,1.16104
2026-09-11 07:31,1.16104,1.16104,1.16104,1.16104
2026-09-11 07:32,1.16104,1.16104,1.16104,1.16104
2026-09-11 07:33,1.16117,1.16117,1.16117,1.16117
2026-09-11 07:34,1.16104,1.16104,1.16104,1.16104
2026-09-11 07:35,1.16104,1.16104,1.16104,1.16104
2026-09-11 07:36,1.16117,1.16117,1.16117,1.16117
2026-09-11 07:37,1.16117,1.16117,1.16117,1.16117
2026-09-11 07:38,1.16117,1.16117,1.16117,1.16117
2026-09-11 07:39,1.16117,1.16117,1.16117,1.16117
2026-09-11 07:40,1.16117,1.16117,1.16117,1.16117
2026-09-11 07:41,1.16117,1.16117,1.16117,1.16117
2026-09-11 07:42,1.16104,1.16104,1.16104,1.16104
2026-09-11 07:43,1.16090,1.16090,1.16090,1.16090
2026-09-11 07:44,1.16077,1.16077,1.16077,1.16077
2026-09-11 07:45,1.16063,1.16063,1.16063,1.16063
2026-09-11 07:46,1.16050,1.16050,1.16050,1.16050
2026-09-11 07:47,1.16050,1.16050,1.16050,1.16050
2026-09-11 07:48,1.16063,1.16063,1.16063,1.16063
2026-09-11 07:49,1.16063,1.16063,1.16063,1.16063
2026-09-11 07:50,1.16063,1.16063,1.16063,1.16063
2026-09-11 07:51,1.16063,1.16063,1.16063,1.16063
2026-09-11 07:52,1.16077,1.16077,1.16077,1.16077
2026-09-11 07:53,1.16090,1.16090,1.16090,1.16090
2026-09-11 07:54,1.16077,1.16077,1.16077,1.16077
2026-09-11 07:55,1.16077,1.16077,1.16077,1.16077
2026-09-11 07:56,1.16090,1.16090,1.16090,1.16090
2026-09-11 07:57,1.16090,1.16090,1.16090,1.16090
2026-09-11 07:58,1.16077,1.16077,1.16077,1.16077
2026-09-11 07:59,1.16077,1.16077,1.16077,1.16077
2026-09-11 08:00,1.16090,1.16090,1.16090,1.16090
2026-09-11 08:01,1.16090,1.16090,1.16090,1.16090
2026-09-11 08:02,1.16090,1.16090,1.16090,1.16090
2026-09-11 08:03,1.16077,1.16077,1.16077,1.16077
2026-09-11 08:04,1.16077,1.16077,1.16077,1.16077
2026-09-11 08:05,1.16077,1.16077,1.16077,1.16077
2026-09-11 08:06,1.16077,1.16077,1.16077,1.16077
2026-09-11 08:07,1.16077,1.16077,1.16077,1.16077
2026-09-11 08:08,1.16090,1.16090,1.16090,1.16090
2026-09-11 08:09,1.16077,1.16077,1.16077,1.16077
2026-09-11 08:10,1.16077,1.16077,1.16077,1.16077
2026-09-11 08:11,1.16063,1.16063,1.16063,1.16063
2026-09-11 08:12,1.16077,1.16077,1.16077,1.16077
2026-09-11 08:13,1.16090,1.16090,1.16090,1.16090
2026-09-11 08:14,1.16090,1.16090,1.16090,1.16090
2026-09-11 08:15,1.16077,1.16077,1.16077,1.16077
2026-09-11 08:16,1.16063,1.16063,1.16063,1.16063
2026-09-11 08:17,1.16077,1.16077,1.16077,1.16077
2026-09-11 08:18,1.16077,1.16077,1.16077,1.16077
2026-09-11 08:19,1.16063,1.16063,1.16063,1.16063
2026-09-11 08:20,1.16063,1.16063,1.16063,1.16063
2026-09-11 08:21,1.16063,1.16063,1.16063,1.16063
2026-09-11 08:22,1.16063,1.16063,1.16063,1.16063
2026-09-11 08:23,1.16063,1.16063,1.16063,1.16063
2026-09-11 08:24,1.16117,1.16117,1.16117,1.16117
2026-09-11 08:25,1.16090,1.16090,1.16090,1.16090
2026-09-11 08:26,1.16090,1.16090,1.16090,1.16090
2026-09-11 08:27,1.16063,1.16063,1.16063,1.16063
2026-09-11 08:28,1.16063,1.16063,1.16063,1.16063
2026-09-11 08:29,1.16063,1.16063,1.16063,1.16063
2026-09-11 08:30,1.16063,1.16063,1.16063,1.16063
2026-09-11 08:31,1.16063,1.16063,1.16063,1.16063
2026-09-11 08:32,1.16077,1.16077,1.16077,1.16077
2026-09-11 08:33,1.16077,1.16077,1.16077,1.16077
2026-09-11 08:34,1.16077,1.16077,1.16077,1.16077
2026-09-11 08:35,1.16077,1.16077,1.16077,1.16077
2026-09-11 08:36,1.16063,1.16063,1.16063,1.16063
2026-09-11 08:37,1.16077,1.16077,1.16077,1.16077
2026-09-11 08:38,1.16063,1.16063,1.16063,1.16063
2026-09-11 08:39,1.16077,1.16077,1.16077,1.16077
2026-09-11 08:40,1.16077,1.16077,1.16077,1.16077
2026-09-11 08:41,1.16077,1.16077,1.16077,1.16077
2026-09-11 08:42,1.16077,1.16077,1.16077,1.16077
2026-09-11 08:43,1.16077,1.16077,1.16077,1.16077
2026-09-11 08:44,1.16077,1.16077,1.16077,1.16077
2026-09-11 08:45,1.16077,1.16077,1.16077,1.16077
2026-09-11 08:46,1.16077,1.16077,1.16077,1.16077
2026-09-11 08:47,1.16077,1.16077,1.16077,1.16077
2026-09-11 08:48,1.16077,1.16077,1.16077,1.16077
2026-09-11 08:49,1.16050,1.16050,1.16050,1.16050
2026-09-11 08:50,1.16050,1.16050,1.16050,1.16050
2026-09-11 08:51,1.16050,1.16050,1.16050,1.16050
2026-09-11 08:52,1.16050,1.16050,1.16050,1.16050
2026-09-11 08:53,1.16036,1.16036,1.16036,1.16036
2026-09-11 08:54,1.16036,1.16036,1.16036,1.16036
2026-09-11 08:55,1.16036,1.16036,1.16036,1.16036
2026-09-11 08:56,1.16023,1.16023,1.16023,1.16023
2026-09-11 08:57,1.16023,1.16023,1.16023,1.16023
2026-09-11 08:58,1.16036,1.16036,1.16036,1.16036
2026-09-11 08:59,1.16023,1.16023,1.16023,1.16023
2026-09-11 09:00,1.16036,1.16036,1.16036,1.16036
2026-09-11 09:01,1.16050,1.16050,1.16050,1.16050
2026-09-11 09:02,1.16036,1.16036,1.16036,1.16036
2026-09-11 09:03,1.16023,1.16023,1.16023,1.16023
2026-09-11 09:04,1.16023,1.16023,1.16023,1.16023
2026-09-11 09:05,1.16023,1.16023,1.16023,1.16023
2026-09-11 09:06,1.16023,1.16023,1.16023,1.16023
2026-09-11 09:07,1.16036,1.16036,1.16036,1.16036
2026-09-11 09:08,1.16023,1.16023,1.16023,1.16023
2026-09-11 09:09,1.16023,1.16023,1.16023,1.16023
2026-09-11 09:10,1.15996,1.15996,1.15996,1.15996
2026-09-11 09:11,1.16009,1.16009,1.16009,1.16009
2026-09-11 09:12,1.16009,1.16009,1.16009,1.16009
2026-09-11 09:13,1.16009,1.16009,1.16009,1.16009
2026-09-11 09:14,1.16009,1.16009,1.16009,1.16009
2026-09-11 09:15,1.16009,1.16009,1.16009,1.16009
2026-09-11 09:16,1.16009,1.16009,1.16009,1.16009
2026-09-11 09:17,1.16009,1.16009,1.16009,1.16009
2026-09-11 09:18,1.16009,1.16009,1.16009,1.16009
2026-09-11 09:19,1.16009,1.16009,1.16009,1.16009
2026-09-11 09:20,1.16036,1.16036,1.16036,1.16036
2026-09-11 09:21,1.16036,1.16036,1.16036,1.16036
2026-09-11 09:22,1.16036,1.16036,1.16036,1.16036
2026-09-11 09:23,1.16050,1.16050,1.16050,1.16050
2026-09-11 09:24,1.16036,1.16036,1.16036,1.16036
2026-09-11 09:25,1.16050,1.16050,1.16050,1.16050
2026-09-11 09:26,1.16050,1.16050,1.16050,1.16050
2026-09-11 09:27,1.16036,1.16036,1.16036,1.16036
2026-09-11 09:28,1.16036,1.16036,1.16036,1.16036
2026-09-11 09:29,1.16036,1.16036,1.16036,1.16036
2026-09-11 09:30,1.16036,1.16036,1.16036,1.16036
2026-09-11 09:31,1.16036,1.16036,1.16036,1.16036
2026-09-11 09:32,1.16036,1.16036,1.16036,1.16036
2026-09-11 09:33,1.16036,1.16036,1.16036,1.16036
2026-09-11 09:34,1.16023,1.16023,1.16023,1.16023
2026-09-11 09:35,1.16023,1.16023,1.16023,1.16023
2026-09-11 09:36,1.16036,1.16036,1.16036,1.16036
2026-09-11 09:37,1.16036,1.16036,1.16036,1.16036
2026-09-11 09:38,1.16023,1.16023,1.16023,1.16023
2026-09-11 09:39,1.16009,1.16009,1.16009,1.16009
2026-09-11 09:40,1.16009,1.16009,1.16009,1.16009
2026-09-11 09:41,1.16023,1.16023,1.16023,1.16023
2026-09-11 09:42,1.16009,1.16009,1.16009,1.16009
2026-09-11 09:43,1.16009,1.16009,1.16009,1.16009
2026-09-11 09:44,1.16023,1.16023,1.16023,1.16023
2026-09-11 09:45,1.16009,1.16009,1.16009,1.16009
2026-09-11 09:46,1.15996,1.15996,1.15996,1.15996
2026-09-11 09:47,1.16009,1.16009,1.16009,1.16009
2026-09-11 09:48,1.15996,1.15996,1.15996,1.15996
2026-09-11 09:49,1.15996,1.15996,1.15996,1.15996
2026-09-11 09:50,1.16009,1.16009,1.16009,1.16009
2026-09-11 09:51,1.16009,1.16009,1.16009,1.16009
2026-09-11 09:52,1.16009,1.16009,1.16009,1.16009
2026-09-11 09:53,1.16009,1.16009,1.16009,1.16009
2026-09-11 09:54,1.16009,1.16009,1.16009,1.16009
2026-09-11 09:55,1.15996,1.15996,1.15996,1.15996
2026-09-11 09:56,1.15996,1.15996,1.15996,1.15996
2026-09-11 09:57,1.16009,1.16009,1.16009,1.16009
2026-09-11 09:58,1.15996,1.15996,1.15996,1.15996
2026-09-11 09:59,1.15996,1.15996,1.15996,1.15996
2026-09-11 10:00,1.15996,1.15996,1.15996,1.15996
2026-09-11 10:01,1.15996,1.15996,1.15996,1.15996
2026-09-11 10:02,1.15996,1.15996,1.15996,1.15996
2026-09-11 10:03,1.16009,1.16009,1.16009,1.16009
2026-09-11 10:04,1.16009,1.16009,1.16009,1.16009
2026-09-11 10:05,1.16009,1.16009,1.16009,1.16009
2026-09-11 10:06,1.16009,1.16009,1.16009,1.16009
2026-09-11 10:07,1.15996,1.15996,1.15996,1.15996
2026-09-11 10:08,1.15996,1.15996,1.15996,1.15996
2026-09-11 10:09,1.15996,1.15996,1.15996,1.15996
2026-09-11 10:10,1.15982,1.15982,1.15982,1.15982
2026-09-11 10:11,1.15982,1.15982,1.15982,1.15982
2026-09-11 10:12,1.15982,1.15982,1.15982,1.15982
2026-09-11 10:13,1.15996,1.15996,1.15996,1.15996
2026-09-11 10:14,1.15996,1.15996,1.15996,1.15996
2026-09-11 10:15,1.15982,1.15982,1.15982,1.15982
2026-09-11 10:16,1.15982,1.15982,1.15982,1.15982
2026-09-11 10:17,1.15982,1.15982,1.15982,1.15982
2026-09-11 10:18,1.15969,1.15969,1.15969,1.15969
2026-09-11 10:19,1.15982,1.15982,1.15982,1.15982
2026-09-11 10:20,1.15969,1.15969,1.15969,1.15969
2026-09-11 10:21,1.15969,1.15969,1.15969,1.15969
2026-09-11 10:22,1.15969,1.15969,1.15969,1.15969
2026-09-11 10:23,1.15969,1.15969,1.15969,1.15969
2026-09-11 10:24,1.15969,1.15969,1.15969,1.15969
2026-09-11 10:25,1.15969,1.15969,1.15969,1.15969
2026-09-11 10:26,1.15955,1.15955,1.15955,1.15955
2026-09-11 10:27,1.15955,1.15955,1.15955,1.15955
2026-09-11 10:28,1.15955,1.15955,1.15955,1.15955
2026-09-11 10:29,1.15955,1.15955,1.15955,1.15955
2026-09-11 10:30,1.15955,1.15955,1.15955,1.15955
2026-09-11 10:31,1.15969,1.15969,1.15969,1.15969
2026-09-11 10:32,1.15969,1.15969,1.15969,1.15969
2026-09-11 10:33,1.15955,1.15955,1.15955,1.15955
2026-09-11 10:34,1.15955,1.15955,1.15955,1.15955
2026-09-11 10:35,1.15942,1.15942,1.15942,1.15942
2026-09-11 10:36,1.15942,1.15942,1.15942,1.15942
2026-09-11 10:37,1.15942,1.15942,1.15942,1.15942
2026-09-11 10:38,1.15955,1.15955,1.15955,1.15955
2026-09-11 10:39,1.15955,1.15955,1.15955,1.15955
2026-09-11 10:40,1.15942,1.15942,1.15942,1.15942
2026-09-11 10:41,1.15942,1.15942,1.15942,1.15942
2026-09-11 10:42,1.15942,1.15942,1.15942,1.15942
2026-09-11 10:43,1.15942,1.15942,1.15942,1.15942
2026-09-11 10:44,1.15942,1.15942,1.15942,1.15942
2026-09-11 10:45,1.15942,1.15942,1.15942,1.15942
2026-09-11 10:46,1.15942,1.15942,1.15942,1.15942
2026-09-11 10:47,1.15942,1.15942,1.15942,1.15942
2026-09-11 10:48,1.15942,1.15942,1.15942,1.15942
2026-09-11 10:49,1.15942,1.15942,1.15942,1.15942
2026-09-11 10:50,1.15942,1.15942,1.15942,1.15942
2026-09-11 10:51,1.15942,1.15942,1.15942,1.15942
2026-09-11 10:52,1.15942,1.15942,1.15942,1.15942
2026-09-11 10:53,1.15955,1.15955,1.15955,1.15955
2026-09-11 10:54,1.15942,1.15942,1.15942,1.15942
2026-09-11 10:55,1.15942,1.15942,1.15942,1.15942
2026-09-11 10:56,1.15942,1.15942,1.15942,1.15942
2026-09-11 10:57,1.15942,1.15942,1.15942,1.15942
2026-09-11 10:58,1.15955,1.15955,1.15955,1.15955
2026-09-11 10:59,1.15955,1.15955,1.15955,1.15955
2026-09-11 11:00,1.15955,1.15955,1.15955,1.15955
2026-09-11 11:01,1.15955,1.15955,1.15955,1.15955
2026-09-11 11:02,1.15955,1.15955,1.15955,1.15955
2026-09-11 11:03,1.15969,1.15969,1.15969,1.15969
2026-09-11 11:04,1.15969,1.15969,1.15969,1.15969
2026-09-11 11:05,1.15969,1.15969,1.15969,1.15969
2026-09-11 11:06,1.15969,1.15969,1.15969,1.15969
2026-09-11 11:07,1.15955,1.15955,1.15955,1.15955
2026-09-11 11:08,1.15969,1.15969,1.15969,1.15969
2026-09-11 11:09,1.15969,1.15969,1.15969,1.15969
2026-09-11 11:10,1.15969,1.15969,1.15969,1.15969
2026-09-11 11:11,1.15969,1.15969,1.15969,1.15969
2026-09-11 11:12,1.15969,1.15969,1.15969,1.15969
2026-09-11 11:13,1.15969,1.15969,1.15969,1.15969
2026-09-11 11:14,1.15969,1.15969,1.15969,1.15969
2026-09-11 11:15,1.15969,1.15969,1.15969,1.15969
2026-09-11 11:16,1.15955,1.15955,1.15955,1.15955
2026-09-11 11:17,1.15955,1.15955,1.15955,1.15955
2026-09-11 11:18,1.15969,1.15969,1.15969,1.15969
2026-09-11 11:19,1.15969,1.15969,1.15969,1.15969
2026-09-11 11:20,1.15955,1.15955,1.15955,1.15955
2026-09-11 11:21,1.15955,1.15955,1.15955,1.15955
2026-09-11 11:22,1.15955,1.15955,1.15955,1.15955
2026-09-11 11:23,1.15955,1.15955,1.15955,1.15955
2026-09-11 11:24,1.15955,1.15955,1.15955,1.15955
2026-09-11 11:25,1.15955,1.15955,1.15955,1.15955
2026-09-11 11:26,1.15955,1.15955,1.15955,1.15955
2026-09-11 11:27,1.15969,1.15969,1.15969,1.15969
2026-09-11 11:28,1.15969,1.15969,1.15969,1.15969
2026-09-11 11:29,1.15969,1.15969,1.15969,1.15969
2026-09-11 11:30,1.15969,1.15969,1.15969,1.15969
2026-09-11 11:31,1.15982,1.15982,1.15982,1.15982
2026-09-11 11:32,1.15969,1.15969,1.15969,1.15969
2026-09-11 11:33,1.15969,1.15969,1.15969,1.15969
2026-09-11 11:34,1.15969,1.15969,1.15969,1.15969
2026-09-11 11:35,1.15955,1.15955,1.15955,1.15955
2026-09-11 11:36,1.15955,1.15955,1.15955,1.15955
2026-09-11 11:37,1.15969,1.15969,1.15969,1.15969
2026-09-11 11:38,1.15969,1.15969,1.15969,1.15969
2026-09-11 11:39,1.15955,1.15955,1.15955,1.15955
2026-09-11 11:40,1.15955,1.15955,1.15955,1.15955
2026-09-11 11:41,1.15955,1.15955,1.15955,1.15955
2026-09-11 11:42,1.15969,1.15969,1.15969,1.15969
2026-09-11 11:43,1.15942,1.15942,1.15942,1.15942
2026-09-11 11:44,1.15955,1.15955,1.15955,1.15955
2026-09-11 11:45,1.15982,1.15982,1.15982,1.15982
2026-09-11 11:46,1.15982,1.15982,1.15982,1.15982
2026-09-11 11:47,1.15969,1.15969,1.15969,1.15969
2026-09-11 11:48,1.15982,1.15982,1.15982,1.15982
2026-09-11 11:49,1.15969,1.15969,1.15969,1.15969
2026-09-11 11:50,1.15969,1.15969,1.15969,1.15969
2026-09-11 11:51,1.15955,1.15955,1.15955,1.15955
2026-09-11 11:52,1.15969,1.15969,1.15969,1.15969
2026-09-11 11:53,1.15969,1.15969,1.15969,1.15969
2026-09-11 11:54,1.15969,1.15969,1.15969,1.15969
2026-09-11 11:55,1.15955,1.15955,1.15955,1.15955
2026-09-11 11:56,1.15955,1.15955,1.15955,1.15955
2026-09-11 11:57,1.15942,1.15942,1.15942,1.15942
2026-09-11 11:58,1.15942,1.15942,1.15942,1.15942
2026-09-11 11:59,1.15942,1.15942,1.15942,1.15942
2026-09-11 12:00,1.15955,1.15955,1.15955,1.15955
2026-09-11 12:01,1.15969,1.15969,1.15969,1.15969
2026-09-11 12:02,1.15969,1.15969,1.15969,1.15969
2026-09-11 12:03,1.15955,1.15955,1.15955,1.15955
2026-09-11 12:04,1.15969,1.15969,1.15969,1.15969
2026-09-11 12:05,1.15969,1.15969,1.15969,1.15969
2026-09-11 12:06,1.15969,1.15969,1.15969,1.15969
2026-09-11 12:07,1.15969,1.15969,1.15969,1.15969
2026-09-11 12:08,1.15969,1.15969,1.15969,1.15969
2026-09-11 12:09,1.15955,1.15955,1.15955,1.15955
2026-09-11 12:10,1.15955,1.15955,1.15955,1.15955
2026-09-11 12:11,1.15969,1.15969,1.15969,1.15969
2026-09-11 12:12,1.15969,1.15969,1.15969,1.15969
2026-09-11 12:13,1.15955,1.15955,1.15955,1.15955
2026-09-11 12:14,1.15969,1.15969,1.15969,1.15969
2026-09-11 12:15,1.15955,1.15955,1.15955,1.15955
2026-09-11 12:16,1.15955,1.15955,1.15955,1.15955
2026-09-11 12:17,1.15955,1.15955,1.15955,1.15955
2026-09-11 12:18,1.15942,1.15942,1.15942,1.15942
2026-09-11 12:19,1.15942,1.15942,1.15942,1.15942
2026-09-11 12:20,1.15955,1.15955,1.15955,1.15955
2026-09-11 12:21,1.15969,1.15969,1.15969,1.15969
2026-09-11 12:22,1.15969,1.15969,1.15969,1.15969
2026-09-11 12:23,1.15955,1.15955,1.15955,1.15955
2026-09-11 12:24,1.15982,1.15982,1.15982,1.15982
2026-09-11 12:25,1.15955,1.15955,1.15955,1.15955
2026-09-11 12:26,1.15955,1.15955,1.15955,1.15955
2026-09-11 12:27,1.15982,1.15982,1.15982,1.15982
2026-09-11 12:28,1.15982,1.15982,1.15982,1.15982
2026-09-11 12:29,1.15996,1.15996,1.15996,1.15996
2026-09-11 12:30,1.15821,1.15821,1.15821,1.15821
2026-09-11 12:31,1.15741,1.15741,1.15741,1.15741
2026-09-11 12:32,1.15821,1.15821,1.15821,1.15821
2026-09-11 12:33,1.15875,1.15875,1.15875,1.15875
2026-09-11 12:34,1.15888,1.15888,1.15888,1.15888
2026-09-11 12:35,1.15888,1.15888,1.15888,1.15888
2026-09-11 12:36,1.15902,1.15902,1.15902,1.15902
2026-09-11 12:37,1.15915,1.15915,1.15915,1.15915
2026-09-11 12:38,1.15902,1.15902,1.15902,1.15902
2026-09-11 12:39,1.15902,1.15902,1.15902,1.15902
2026-09-11 12:40,1.15929,1.15929,1.15929,1.15929
2026-09-11 12:41,1.15969,1.15969,1.15969,1.15969
2026-09-11 12:42,1.15955,1.15955,1.15955,1.15955
2026-09-11 12:43,1.15942,1.15942,1.15942,1.15942
2026-09-11 12:44,1.15955,1.15955,1.15955,1.15955
2026-09-11 12:45,1.16009,1.16009,1.16009,1.16009
2026-09-11 12:46,1.16009,1.16009,1.16009,1.16009
2026-09-11 12:47,1.15996,1.15996,1.15996,1.15996
2026-09-11 12:48,1.15982,1.15982,1.15982,1.15982
2026-09-11 12:49,1.15996,1.15996,1.15996,1.15996
2026-09-11 12:50,1.15996,1.15996,1.15996,1.15996
2026-09-11 12:51,1.16023,1.16023,1.16023,1.16023
2026-09-11 12:52,1.16036,1.16036,1.16036,1.16036
2026-09-11 12:53,1.16050,1.16050,1.16050,1.16050
2026-09-11 12:54,1.16050,1.16050,1.16050,1.16050
2026-09-11 12:55,1.16036,1.16036,1.16036,1.16036
2026-09-11 12:56,1.16063,1.16063,1.16063,1.16063
2026-09-11 12:57,1.16036,1.16036,1.16036,1.16036
2026-09-11 12:58,1.16036,1.16036,1.16036,1.16036
2026-09-11 12:59,1.16050,1.16050,1.16050,1.16050
2026-09-11 13:00,1.16063,1.16063,1.16063,1.16063
2026-09-11 13:01,1.16063,1.16063,1.16063,1.16063
2026-09-11 13:02,1.16077,1.16077,1.16077,1.16077
2026-09-11 13:03,1.16104,1.16104,1.16104,1.16104
2026-09-11 13:04,1.16117,1.16117,1.16117,1.16117
2026-09-11 13:05,1.16077,1.16077,1.16077,1.16077
2026-09-11 13:06,1.16077,1.16077,1.16077,1.16077
2026-09-11 13:07,1.16077,1.16077,1.16077,1.16077
2026-09-11 13:08,1.16063,1.16063,1.16063,1.16063
2026-09-11 13:09,1.16036,1.16036,1.16036,1.16036
2026-09-11 13:10,1.16036,1.16036,1.16036,1.16036
2026-09-11 13:11,1.16050,1.16050,1.16050,1.16050
2026-09-11 13:12,1.16063,1.16063,1.16063,1.16063
2026-09-11 13:13,1.16063,1.16063,1.16063,1.16063
2026-09-11 13:14,1.16077,1.16077,1.16077,1.16077
2026-09-11 13:15,1.16063,1.16063,1.16063,1.16063
2026-09-11 13:16,1.16050,1.16050,1.16050,1.16050
2026-09-11 13:17,1.16036,1.16036,1.16036,1.16036
2026-09-11 13:18,1.16036,1.16036,1.16036,1.16036
2026-09-11 13:19,1.16036,1.16036,1.16036,1.16036
2026-09-11 13:20,1.16050,1.16050,1.16050,1.16050
2026-09-11 13:21,1.16036,1.16036,1.16036,1.16036
2026-09-11 13:22,1.16036,1.16036,1.16036,1.16036
2026-09-11 13:23,1.16050,1.16050,1.16050,1.16050
2026-09-11 13:24,1.16077,1.16077,1.16077,1.16077
2026-09-11 13:25,1.16077,1.16077,1.16077,1.16077
2026-09-11 13:26,1.16063,1.16063,1.16063,1.16063
2026-09-11 13:27,1.16050,1.16050,1.16050,1.16050
2026-09-11 13:28,1.16090,1.16090,1.16090,1.16090
2026-09-11 13:29,1.16104,1.16104,1.16104,1.16104
2026-09-11 13:30,1.16090,1.16090,1.16090,1.16090
2026-09-11 13:31,1.16077,1.16077,1.16077,1.16077
2026-09-11 13:32,1.16090,1.16090,1.16090,1.16090
2026-09-11 13:33,1.16063,1.16063,1.16063,1.16063
2026-09-11 13:34,1.16077,1.16077,1.16077,1.16077
2026-09-11 13:35,1.16090,1.16090,1.16090,1.16090
2026-09-11 13:36,1.16077,1.16077,1.16077,1.16077
2026-09-11 13:37,1.16077,1.16077,1.16077,1.16077
2026-09-11 13:38,1.16063,1.16063,1.16063,1.16063
2026-09-11 13:39,1.16063,1.16063,1.16063,1.16063
2026-09-11 13:40,1.16077,1.16077,1.16077,1.16077
2026-09-11 13:41,1.16077,1.16077,1.16077,1.16077
2026-09-11 13:42,1.16050,1.16050,1.16050,1.16050
2026-09-11 13:43,1.16063,1.16063,1.16063,1.16063
2026-09-11 13:44,1.16050,1.16050,1.16050,1.16050
2026-09-11 13:45,1.16077,1.16077,1.16077,1.16077
2026-09-11 13:46,1.16090,1.16090,1.16090,1.16090
2026-09-11 13:47,1.16117,1.16117,1.16117,1.16117
2026-09-11 13:48,1.16131,1.16131,1.16131,1.16131
2026-09-11 13:49,1.16104,1.16104,1.16104,1.16104
2026-09-11 13:50,1.16117,1.16117,1.16117,1.16117
2026-09-11 13:51,1.16104,1.16104,1.16104,1.16104
2026-09-11 13:52,1.16104,1.16104,1.16104,1.16104
2026-09-11 13:53,1.16117,1.16117,1.16117,1.16117
2026-09-11 13:54,1.16131,1.16131,1.16131,1.16131
2026-09-11 13:55,1.16131,1.16131,1.16131,1.16131
2026-09-11 13:56,1.16117,1.16117,1.16117,1.16117
2026-09-11 13:57,1.16117,1.16117,1.16117,1.16117
2026-09-11 13:58,1.16131,1.16131,1.16131,1.16131
2026-09-11 13:59,1.16158,1.16158,1.16158,1.16158
2026-09-11 14:00,1.16131,1.16131,1.16131,1.16131
2026-09-11 14:01,1.16131,1.16131,1.16131,1.16131
2026-09-11 14:02,1.16117,1.16117,1.16117,1.16117
2026-09-11 14:03,1.16117,1.16117,1.16117,1.16117
2026-09-11 14:04,1.16144,1.16144,1.16144,1.16144
2026-09-11 14:05,1.16171,1.16171,1.16171,1.16171
2026-09-11 14:06,1.16171,1.16171,1.16171,1.16171
2026-09-11 14:07,1.16184,1.16184,1.16184,1.16184
2026-09-11 14:08,1.16158,1.16158,1.16158,1.16158
2026-09-11 14:09,1.16171,1.16171,1.16171,1.16171
2026-09-11 14:10,1.16171,1.16171,1.16171,1.16171
2026-09-11 14:11,1.16171,1.16171,1.16171,1.16171
2026-09-11 14:12,1.16171,1.16171,1.16171,1.16171
2026-09-11 14:13,1.16158,1.16158,1.16158,1.16158
2026-09-11 14:14,1.16144,1.16144,1.16144,1.16144
2026-09-11 14:15,1.16144,1.16144,1.16144,1.16144
2026-09-11 14:16,1.16158,1.16158,1.16158,1.16158
2026-09-11 14:17,1.16144,1.16144,1.16144,1.16144
2026-09-11 14:18,1.16131,1.16131,1.16131,1.16131
2026-09-11 14:19,1.16144,1.16144,1.16144,1.16144
2026-09-11 14:20,1.16144,1.16144,1.16144,1.16144
2026-09-11 14:21,1.16144,1.16144,1.16144,1.16144
2026-09-11 14:22,1.16158,1.16158,1.16158,1.16158
2026-09-11 14:23,1.16144,1.16144,1.16144,1.16144
2026-09-11 14:24,1.16131,1.16131,1.16131,1.16131
2026-09-11 14:25,1.16117,1.16117,1.16117,1.16117
2026-09-11 14:26,1.16117,1.16117,1.16117,1.16117
2026-09-11 14:27,1.16117,1.16117,1.16117,1.16117
2026-09-11 14:28,1.16117,1.16117,1.16117,1.16117
2026-09-11 14:29,1.16117,1.16117,1.16117,1.16117
2026-09-11 14:30,1.16117,1.16117,1.16117,1.16117
2026-09-11 14:31,1.16104,1.16104,1.16104,1.16104
2026-09-11 14:32,1.16104,1.16104,1.16104,1.16104
2026-09-11 14:33,1.16117,1.16117,1.16117,1.16117
2026-09-11 14:34,1.16117,1.16117,1.16117,1.16117
2026-09-11 14:35,1.16117,1.16117,1.16117,1.16117
2026-09-11 14:36,1.16117,1.16117,1.16117,1.16117
2026-09-11 14:37,1.16131,1.16131,1.16131,1.16131
2026-09-11 14:38,1.16117,1.16117,1.16117,1.16117
2026-09-11 14:39,1.16117,1.16117,1.16117,1.16117
2026-09-11 14:40,1.16117,1.16117,1.16117,1.16117
2026-09-11 14:41,1.16104,1.16104,1.16104,1.16104
2026-09-11 14:42,1.16131,1.16131,1.16131,1.16131
2026-09-11 14:43,1.16117,1.16117,1.16117,1.16117
2026-09-11 14:44,1.16131,1.16131,1.16131,1.16131
2026-09-11 14:45,1.16131,1.16131,1.16131,1.16131
2026-09-11 14:46,1.16131,1.16131,1.16131,1.16131
2026-09-11 14:47,1.16144,1.16144,1.16144,1.16144
2026-09-11 14:48,1.16131,1.16131,1.16131,1.16131
2026-09-11 14:49,1.16158,1.16158,1.16158,1.16158
2026-09-11 14:50,1.16144,1.16144,1.16144,1.16144
2026-09-11 14:51,1.16171,1.16171,1.16171,1.16171
2026-09-11 14:52,1.16171,1.16171,1.16171,1.16171
2026-09-11 14:53,1.16144,1.16144,1.16144,1.16144
2026-09-11 14:54,1.16144,1.16144,1.16144,1.16144
2026-09-11 14:55,1.16158,1.16158,1.16158,1.16158
2026-09-11 14:56,1.16158,1.16158,1.16158,1.16158
2026-09-11 14:57,1.16171,1.16171,1.16171,1.16171
2026-09-11 14:58,1.16184,1.16184,1.16184,1.16184
2026-09-11 14:59,1.16184,1.16184,1.16184,1.16184
2026-09-11 15:00,1.16171,1.16171,1.16171,1.16171
2026-09-11 15:01,1.16184,1.16184,1.16184,1.16184
2026-09-11 15:02,1.16171,1.16171,1.16171,1.16171
2026-09-11 15:03,1.16131,1.16131,1.16131,1.16131
2026-09-11 15:04,1.16144,1.16144,1.16144,1.16144
2026-09-11 15:05,1.16144,1.16144,1.16144,1.16144
2026-09-11 15:06,1.16158,1.16158,1.16158,1.16158
2026-09-11 15:07,1.16144,1.16144,1.16144,1.16144
2026-09-11 15:08,1.16131,1.16131,1.16131,1.16131
2026-09-11 15:09,1.16131,1.16131,1.16131,1.16131
2026-09-11 15:10,1.16131,1.16131,1.16131,1.16131
2026-09-11 15:11,1.16131,1.16131,1.16131,1.16131
2026-09-11 15:12,1.16117,1.16117,1.16117,1.16117
2026-09-11 15:13,1.16104,1.16104,1.16104,1.16104
2026-09-11 15:14,1.16117,1.16117,1.16117,1.16117
2026-09-11 15:15,1.16104,1.16104,1.16104,1.16104
2026-09-11 15:16,1.16104,1.16104,1.16104,1.16104
2026-09-11 15:17,1.16117,1.16117,1.16117,1.16117
2026-09-11 15:18,1.16117,1.16117,1.16117,1.16117
2026-09-11 15:19,1.16117,1.16117,1.16117,1.16117
2026-09-11 15:20,1.16117,1.16117,1.16117,1.16117
2026-09-11 15:21,1.16117,1.16117,1.16117,1.16117
2026-09-11 15:22,1.16104,1.16104,1.16104,1.16104
2026-09-11 15:23,1.16090,1.16090,1.16090,1.16090
2026-09-11 15:24,1.16090,1.16090,1.16090,1.16090
2026-09-11 15:25,1.16090,1.16090,1.16090,1.16090
2026-09-11 15:26,1.16090,1.16090,1.16090,1.16090
2026-09-11 15:27,1.16090,1.16090,1.16090,1.16090
2026-09-11 15:28,1.16077,1.16077,1.16077,1.16077
2026-09-11 15:29,1.16077,1.16077,1.16077,1.16077
2026-09-11 15:30,1.16077,1.16077,1.16077,1.16077
2026-09-11 15:31,1.16090,1.16090,1.16090,1.16090
2026-09-11 15:32,1.16077,1.16077,1.16077,1.16077
2026-09-11 15:33,1.16077,1.16077,1.16077,1.16077
2026-09-11 15:34,1.16077,1.16077,1.16077,1.16077
2026-09-11 15:35,1.16077,1.16077,1.16077,1.16077
2026-09-11 15:36,1.16077,1.16077,1.16077,1.16077
2026-09-11 15:37,1.16077,1.16077,1.16077,1.16077
2026-09-11 15:38,1.16063,1.16063,1.16063,1.16063
2026-09-11 15:39,1.16063,1.16063,1.16063,1.16063
2026-09-11 15:40,1.16050,1.16050,1.16050,1.16050
2026-09-11 15:41,1.16050,1.16050,1.16050,1.16050
2026-09-11 15:42,1.16063,1.16063,1.16063,1.16063
2026-09-11 15:43,1.16063,1.16063,1.16063,1.16063
2026-09-11 15:44,1.16063,1.16063,1.16063,1.16063
2026-09-11 15:45,1.16050,1.16050,1.16050,1.16050
2026-09-11 15:46,1.16050,1.16050,1.16050,1.16050
2026-09-11 15:47,1.16036,1.16036,1.16036,1.16036
2026-09-11 15:48,1.16050,1.16050,1.16050,1.16050
2026-09-11 15:49,1.16063,1.16063,1.16063,1.16063
2026-09-11 15:50,1.16050,1.16050,1.16050,1.16050
2026-09-11 15:51,1.16050,1.16050,1.16050,1.16050
2026-09-11 15:52,1.16063,1.16063,1.16063,1.16063
2026-09-11 15:53,1.16063,1.16063,1.16063,1.16063
2026-09-11 15:54,1.16050,1.16050,1.16050,1.16050
2026-09-11 15:55,1.16063,1.16063,1.16063,1.16063
2026-09-11 15:56,1.16050,1.16050,1.16050,1.16050
2026-09-11 15:57,1.16050,1.16050,1.16050,1.16050
2026-09-11 15:58,1.16050,1.16050,1.16050,1.16050
2026-09-11 15:59,1.16063,1.16063,1.16063,1.16063
2026-09-11 16:00,1.16063,1.16063,1.16063,1.16063
2026-09-11 16:01,1.16063,1.16063,1.16063,1.16063
2026-09-11 16:02,1.16063,1.16063,1.16063,1.16063
2026-09-11 16:03,1.16077,1.16077,1.16077,1.16077
2026-09-11 16:04,1.16090,1.16090,1.16090,1.16090
2026-09-11 16:05,1.16077,1.16077,1.16077,1.16077
2026-09-11 16:06,1.16063,1.16063,1.16063,1.16063
2026-09-11 16:07,1.16077,1.16077,1.16077,1.16077
2026-09-11 16:08,1.16077,1.16077,1.16077,1.16077
2026-09-11 16:09,1.16063,1.16063,1.16063,1.16063
2026-09-11 16:10,1.16077,1.16077,1.16077,1.16077
2026-09-11 16:11,1.16063,1.16063,1.16063,1.16063
2026-09-11 16:12,1.16077,1.16077,1.16077,1.16077
2026-09-11 16:13,1.16063,1.16063,1.16063,1.16063
2026-09-11 16:14,1.16063,1.16063,1.16063,1.16063
2026-09-11 16:15,1.16063,1.16063,1.16063,1.16063
2026-09-11 16:16,1.16063,1.16063,1.16063,1.16063
2026-09-11 16:17,1.16077,1.16077,1.16077,1.16077
2026-09-11 16:18,1.16077,1.16077,1.16077,1.16077
2026-09-11 16:19,1.16077,1.16077,1.16077,1.16077
2026-09-11 16:20,1.16090,1.16090,1.16090,1.16090
2026-09-11 16:21,1.16090,1.16090,1.16090,1.16090
2026-09-11 16:22,1.16090,1.16090,1.16090,1.16090
2026-09-11 16:23,1.16090,1.16090,1.16090,1.16090
2026-09-11 16:24,1.16090,1.16090,1.16090,1.16090
2026-09-11 16:25,1.16090,1.16090,1.16090,1.16090
2026-09-11 16:26,1.16090,1.16090,1.16090,1.16090
2026-09-11 16:27,1.16104,1.16104,1.16104,1.16104
2026-09-11 16:28,1.16104,1.16104,1.16104,1.16104
2026-09-11 16:29,1.16090,1.16090,1.16090,1.16090
2026-09-11 16:30,1.16090,1.16090,1.16090,1.16090
2026-09-11 16:31,1.16077,1.16077,1.16077,1.16077
2026-09-11 16:32,1.16077,1.16077,1.16077,1.16077
2026-09-11 16:33,1.16077,1.16077,1.16077,1.16077
2026-09-11 16:34,1.16077,1.16077,1.16077,1.16077
2026-09-11 16:35,1.16077,1.16077,1.16077,1.16077
2026-09-11 16:36,1.16063,1.16063,1.16063,1.16063
2026-09-11 16:37,1.16050,1.16050,1.16050,1.16050
2026-09-11 16:38,1.16063,1.16063,1.16063,1.16063
2026-09-11 16:39,1.16050,1.16050,1.16050,1.16050
2026-09-11 16:40,1.16050,1.16050,1.16050,1.16050
2026-09-11 16:41,1.16050,1.16050,1.16050,1.16050
2026-09-11 16:42,1.16050,1.16050,1.16050,1.16050
2026-09-11 16:43,1.16050,1.16050,1.16050,1.16050
2026-09-11 16:44,1.16036,1.16036,1.16036,1.16036
2026-09-11 16:45,1.16036,1.16036,1.16036,1.16036
2026-09-11 16:46,1.16050,1.16050,1.16050,1.16050
2026-09-11 16:47,1.16063,1.16063,1.16063,1.16063
2026-09-11 16:48,1.16063,1.16063,1.16063,1.16063
2026-09-11 16:49,1.16050,1.16050,1.16050,1.16050
2026-09-11 16:50,1.16036,1.16036,1.16036,1.16036
2026-09-11 16:51,1.16023,1.16023,1.16023,1.16023
2026-09-11 16:52,1.16023,1.16023,1.16023,1.16023
2026-09-11 16:53,1.16023,1.16023,1.16023,1.16023
2026-09-11 16:54,1.16023,1.16023,1.16023,1.16023
2026-09-11 16:55,1.16036,1.16036,1.16036,1.16036
2026-09-11 16:56,1.16036,1.16036,1.16036,1.16036
2026-09-11 16:57,1.16023,1.16023,1.16023,1.16023
2026-09-11 16:58,1.16023,1.16023,1.16023,1.16023
2026-09-11 16:59,1.16036,1.16036,1.16036,1.16036
2026-09-11 17:00,1.16023,1.16023,1.16023,1.16023
2026-09-11 17:01,1.16009,1.16009,1.16009,1.16009
2026-09-11 17:02,1.16009,1.16009,1.16009,1.16009
2026-09-11 17:03,1.15996,1.15996,1.15996,1.15996
2026-09-11 17:04,1.16009,1.16009,1.16009,1.16009
2026-09-11 17:05,1.15996,1.15996,1.15996,1.15996
2026-09-11 17:06,1.16009,1.16009,1.16009,1.16009
2026-09-11 17:07,1.16009,1.16009,1.16009,1.16009
2026-09-11 17:08,1.15996,1.15996,1.15996,1.15996
2026-09-11 17:09,1.15996,1.15996,1.15996,1.15996
2026-09-11 17:10,1.15996,1.15996,1.15996,1.15996
2026-09-11 17:11,1.15996,1.15996,1.15996,1.15996
2026-09-11 17:12,1.16009,1.16009,1.16009,1.16009
2026-09-11 17:13,1.16009,1.16009,1.16009,1.16009
2026-09-11 17:14,1.15996,1.15996,1.15996,1.15996
2026-09-11 17:15,1.16009,1.16009,1.16009,1.16009
2026-09-11 17:16,1.15996,1.15996,1.15996,1.15996
2026-09-11 17:17,1.16009,1.16009,1.16009,1.16009
2026-09-11 17:18,1.16009,1.16009,1.16009,1.16009
2026-09-11 17:19,1.16023,1.16023,1.16023,1.16023
2026-09-11 17:20,1.16023,1.16023,1.16023,1.16023
2026-09-11 17:21,1.16023,1.16023,1.16023,1.16023
2026-09-11 17:22,1.16023,1.16023,1.16023,1.16023
2026-09-11 17:23,1.16023,1.16023,1.16023,1.16023
2026-09-11 17:24,1.16023,1.16023,1.16023,1.16023
2026-09-11 17:25,1.16036,1.16036,1.16036,1.16036
2026-09-11 17:26,1.16036,1.16036,1.16036,1.16036
2026-09-11 17:27,1.16023,1.16023,1.16023,1.16023
2026-09-11 17:28,1.16023,1.16023,1.16023,1.16023
2026-09-11 17:29,1.16023,1.16023,1.16023,1.16023
2026-09-11 17:30,1.16023,1.16023,1.16023,1.16023
2026-09-11 17:31,1.16036,1.16036,1.16036,1.16036
2026-09-11 17:32,1.16023,1.16023,1.16023,1.16023
2026-09-11 17:33,1.16023,1.16023,1.16023,1.16023
2026-09-11 17:34,1.16023,1.16023,1.16023,1.16023
2026-09-11 17:35,1.16023,1.16023,1.16023,1.16023
2026-09-11 17:36,1.16023,1.16023,1.16023,1.16023
2026-09-11 17:37,1.16023,1.16023,1.16023,1.16023
2026-09-11 17:38,1.16023,1.16023,1.16023,1.16023
2026-09-11 17:39,1.16036,1.16036,1.16036,1.16036
2026-09-11 17:40,1.16036,1.16036,1.16036,1.16036
2026-09-11 17:41,1.16023,1.16023,1.16023,1.16023
2026-09-11 17:42,1.16023,1.16023,1.16023,1.16023
2026-09-11 17:43,1.16023,1.16023,1.16023,1.16023
2026-09-11 17:44,1.16036,1.16036,1.16036,1.16036
2026-09-11 17:45,1.16023,1.16023,1.16023,1.16023
2026-09-11 17:46,1.16023,1.16023,1.16023,1.16023
2026-09-11 17:47,1.16023,1.16023,1.16023,1.16023
2026-09-11 17:48,1.16023,1.16023,1.16023,1.16023
2026-09-11 17:49,1.16023,1.16023,1.16023,1.16023
2026-09-11 17:50,1.16023,1.16023,1.16023,1.16023
2026-09-11 17:51,1.16023,1.16023,1.16023,1.16023
2026-09-11 17:52,1.16023,1.16023,1.16023,1.16023
2026-09-11 17:53,1.16036,1.16036,1.16036,1.16036
2026-09-11 17:54,1.16036,1.16036,1.16036,1.16036
2026-09-11 17:55,1.16036,1.16036,1.16036,1.16036
2026-09-11 17:56,1.16036,1.16036,1.16036,1.16036
2026-09-11 17:57,1.16036,1.16036,1.16036,1.16036
2026-09-11 17:58,1.16023,1.16023,1.16023,1.16023
2026-09-11 17:59,1.16009,1.16009,1.16009,1.16009
2026-09-11 18:00,1.16009,1.16009,1.16009,1.16009
2026-09-11 18:01,1.16023,1.16023,1.16023,1.16023
2026-09-11 18:02,1.16023,1.16023,1.16023,1.16023
2026-09-11 18:03,1.16023,1.16023,1.16023,1.16023
2026-09-11 18:04,1.16023,1.16023,1.16023,1.16023
2026-09-11 18:05,1.16023,1.16023,1.16023,1.16023
2026-09-11 18:06,1.16023,1.16023,1.16023,1.16023
2026-09-11 18:07,1.16023,1.16023,1.16023,1.16023
2026-09-11 18:08,1.16023,1.16023,1.16023,1.16023
2026-09-11 18:09,1.16023,1.16023,1.16023,1.16023
2026-09-11 18:10,1.16023,1.16023,1.16023,1.16023
2026-09-11 18:11,1.16023,1.16023,1.16023,1.16023
2026-09-11 18:12,1.16023,1.16023,1.16023,1.16023
2026-09-11 18:13,1.16023,1.16023,1.16023,1.16023
2026-09-11 18:14,1.16023,1.16023,1.16023,1.16023
2026-09-11 18:15,1.16009,1.16009,1.16009,1.16009
2026-09-11 18:16,1.16023,1.16023,1.16023,1.16023
2026-09-11 18:17,1.16009,1.16009,1.16009,1.16009
2026-09-11 18:18,1.16023,1.16023,1.16023,1.16023
2026-09-11 18:19,1.16009,1.16009,1.16009,1.16009
2026-09-11 18:20,1.16009,1.16009,1.16009,1.16009
2026-09-11 18:21,1.15996,1.15996,1.15996,1.15996
2026-09-11 18:22,1.15996,1.15996,1.15996,1.15996
2026-09-11 18:23,1.16009,1.16009,1.16009,1.16009
2026-09-11 18:24,1.15996,1.15996,1.15996,1.15996
2026-09-11 18:25,1.15996,1.15996,1.15996,1.15996
2026-09-11 18:26,1.15996,1.15996,1.15996,1.15996
2026-09-11 18:27,1.15996,1.15996,1.15996,1.15996
2026-09-11 18:28,1.15996,1.15996,1.15996,1.15996
2026-09-11 18:29,1.15996,1.15996,1.15996,1.15996
2026-09-11 18:30,1.15996,1.15996,1.15996,1.15996
2026-09-11 18:31,1.15982,1.15982,1.15982,1.15982
2026-09-11 18:32,1.15982,1.15982,1.15982,1.15982
2026-09-11 18:33,1.15982,1.15982,1.15982,1.15982
2026-09-11 18:34,1.15969,1.15969,1.15969,1.15969
2026-09-11 18:35,1.15969,1.15969,1.15969,1.15969
2026-09-11 18:36,1.15982,1.15982,1.15982,1.15982
2026-09-11 18:37,1.15969,1.15969,1.15969,1.15969
2026-09-11 18:38,1.15969,1.15969,1.15969,1.15969
2026-09-11 18:39,1.15955,1.15955,1.15955,1.15955
2026-09-11 18:40,1.15955,1.15955,1.15955,1.15955
2026-09-11 18:41,1.15955,1.15955,1.15955,1.15955
2026-09-11 18:42,1.15969,1.15969,1.15969,1.15969
2026-09-11 18:43,1.15955,1.15955,1.15955,1.15955
2026-09-11 18:44,1.15969,1.15969,1.15969,1.15969
2026-09-11 18:45,1.15955,1.15955,1.15955,1.15955
2026-09-11 18:46,1.15955,1.15955,1.15955,1.15955
2026-09-11 18:47,1.15955,1.15955,1.15955,1.15955
2026-09-11 18:48,1.15955,1.15955,1.15955,1.15955
2026-09-11 18:49,1.15955,1.15955,1.15955,1.15955
2026-09-11 18:50,1.15955,1.15955,1.15955,1.15955
2026-09-11 18:51,1.15969,1.15969,1.15969,1.15969
2026-09-11 18:52,1.15982,1.15982,1.15982,1.15982
2026-09-11 18:53,1.15969,1.15969,1.15969,1.15969
2026-09-11 18:54,1.15982,1.15982,1.15982,1.15982
2026-09-11 18:55,1.15982,1.15982,1.15982,1.15982
2026-09-11 18:56,1.15982,1.15982,1.15982,1.15982
2026-09-11 18:57,1.15982,1.15982,1.15982,1.15982
2026-09-11 18:58,1.15982,1.15982,1.15982,1.15982
2026-09-11 18:59,1.15996,1.15996,1.15996,1.15996
2026-09-11 19:00,1.15982,1.15982,1.15982,1.15982
2026-09-11 19:01,1.15982,1.15982,1.15982,1.15982
2026-09-11 19:02,1.15982,1.15982,1.15982,1.15982
2026-09-11 19:03,1.15969,1.15969,1.15969,1.15969
2026-09-11 19:04,1.15969,1.15969,1.15969,1.15969
2026-09-11 19:05,1.15982,1.15982,1.15982,1.15982
2026-09-11 19:06,1.15969,1.15969,1.15969,1.15969
2026-09-11 19:07,1.15969,1.15969,1.15969,1.15969
2026-09-11 19:08,1.15982,1.15982,1.15982,1.15982
2026-09-11 19:09,1.15996,1.15996,1.15996,1.15996
2026-09-11 19:10,1.15996,1.15996,1.15996,1.15996
2026-09-11 19:11,1.15996,1.15996,1.15996,1.15996
2026-09-11 19:12,1.15996,1.15996,1.15996,1.15996
2026-09-11 19:13,1.16009,1.16009,1.16009,1.16009
2026-09-11 19:14,1.16009,1.16009,1.16009,1.16009
2026-09-11 19:15,1.16009,1.16009,1.16009,1.16009
2026-09-11 19:16,1.16009,1.16009,1.16009,1.16009
2026-09-11 19:17,1.15996,1.15996,1.15996,1.15996
2026-09-11 19:18,1.15996,1.15996,1.15996,1.15996
2026-09-11 19:19,1.15996,1.15996,1.15996,1.15996
2026-09-11 19:20,1.15996,1.15996,1.15996,1.15996
2026-09-11 19:21,1.15996,1.15996,1.15996,1.15996
2026-09-11 19:22,1.15996,1.15996,1.15996,1.15996
2026-09-11 19:23,1.15996,1.15996,1.15996,1.15996
2026-09-11 19:24,1.16009,1.16009,1.16009,1.16009
2026-09-11 19:25,1.15996,1.15996,1.15996,1.15996
2026-09-11 19:26,1.15996,1.15996,1.15996,1.15996
2026-09-11 19:27,1.16009,1.16009,1.16009,1.16009
2026-09-11 19:28,1.16009,1.16009,1.16009,1.16009
2026-09-11 19:29,1.15996,1.15996,1.15996,1.15996
2026-09-11 19:30,1.15996,1.15996,1.15996,1.15996
2026-09-11 19:31,1.15996,1.15996,1.15996,1.15996
2026-09-11 19:32,1.15996,1.15996,1.15996,1.15996
2026-09-11 19:33,1.15996,1.15996,1.15996,1.15996
2026-09-11 19:34,1.15996,1.15996,1.15996,1.15996
2026-09-11 19:35,1.15996,1.15996,1.15996,1.15996
2026-09-11 19:36,1.15996,1.15996,1.15996,1.15996
2026-09-11 19:37,1.15996,1.15996,1.15996,1.15996
2026-09-11 19:38,1.15982,1.15982,1.15982,1.15982
2026-09-11 19:39,1.15982,1.15982,1.15982,1.15982
2026-09-11 19:40,1.15982,1.15982,1.15982,1.15982
2026-09-11 19:41,1.15982,1.15982,1.15982,1.15982
2026-09-11 19:42,1.15982,1.15982,1.15982,1.15982
2026-09-11 19:43,1.15996,1.15996,1.15996,1.15996
2026-09-11 19:44,1.15996,1.15996,1.15996,1.15996
2026-09-11 19:45,1.15982,1.15982,1.15982,1.15982
2026-09-11 19:46,1.15996,1.15996,1.15996,1.15996
2026-09-11 19:47,1.15982,1.15982,1.15982,1.15982
2026-09-11 19:48,1.15982,1.15982,1.15982,1.15982
2026-09-11 19:49,1.15982,1.15982,1.15982,1.15982
2026-09-11 19:50,1.15982,1.15982,1.15982,1.15982
2026-09-11 19:51,1.15982,1.15982,1.15982,1.15982
2026-09-11 19:52,1.15982,1.15982,1.15982,1.15982
2026-09-11 19:53,1.15982,1.15982,1.15982,1.15982
2026-09-11 19:54,1.15982,1.15982,1.15982,1.15982
2026-09-11 19:55,1.15982,1.15982,1.15982,1.15982
2026-09-11 19:56,1.15982,1.15982,1.15982,1.15982
2026-09-11 19:57,1.15996,1.15996,1.15996,1.15996
2026-09-11 19:58,1.15996,1.15996,1.15996,1.15996
2026-09-11 19:59,1.15996,1.15996,1.15996,1.15996
2026-09-11 20:00,1.15996,1.15996,1.15996,1.15996
2026-09-11 20:01,1.15996,1.15996,1.15996,1.15996
2026-09-11 20:02,1.15996,1.15996,1.15996,1.15996
2026-09-11 20:03,1.15996,1.15996,1.15996,1.15996
2026-09-11 20:04,1.15996,1.15996,1.15996,1.15996
2026-09-11 20:05,1.15996,1.15996,1.15996,1.15996
2026-09-11 20:06,1.15996,1.15996,1.15996,1.15996
2026-09-11 20:07,1.15996,1.15996,1.15996,1.15996
2026-09-11 20:08,1.15996,1.15996,1.15996,1.15996
2026-09-11 20:09,1.15996,1.15996,1.15996,1.15996
2026-09-11 20:10,1.15996,1.15996,1.15996,1.15996
2026-09-11 20:11,1.15982,1.15982,1.15982,1.15982
2026-09-11 20:12,1.15982,1.15982,1.15982,1.15982
2026-09-11 20:13,1.15969,1.15969,1.15969,1.15969
2026-09-11 20:14,1.15982,1.15982,1.15982,1.15982
2026-09-11 20:15,1.15982,1.15982,1.15982,1.15982
2026-09-11 20:16,1.15969,1.15969,1.15969,1.15969
2026-09-11 20:17,1.15982,1.15982,1.15982,1.15982
2026-09-11 20:18,1.15969,1.15969,1.15969,1.15969
2026-09-11 20:19,1.15969,1.15969,1.15969,1.15969
2026-09-11 20:20,1.15982,1.15982,1.15982,1.15982
2026-09-11 20:21,1.15982,1.15982,1.15982,1.15982
2026-09-11 20:22,1.15982,1.15982,1.15982,1.15982
2026-09-11 20:23,1.15969,1.15969,1.15969,1.15969
2026-09-11 20:24,1.15982,1.15982,1.15982,1.15982
2026-09-11 20:25,1.15969,1.15969,1.15969,1.15969
2026-09-11 20:26,1.15969,1.15969,1.15969,1.15969
2026-09-11 20:27,1.15969,1.15969,1.15969,1.15969
2026-09-11 20:28,1.15969,1.15969,1.15969,1.15969
2026-09-11 20:29,1.15969,1.15969,1.15969,1.15969
2026-09-11 20:30,1.15969,1.15969,1.15969,1.15969
2026-09-11 20:31,1.15969,1.15969,1.15969,1.15969
2026-09-11 20:32,1.15969,1.15969,1.15969,1.15969
2026-09-11 20:33,1.15955,1.15955,1.15955,1.15955
2026-09-11 20:34,1.15955,1.15955,1.15955,1.15955
2026-09-11 20:35,1.15955,1.15955,1.15955,1.15955
2026-09-11 20:36,1.15955,1.15955,1.15955,1.15955
2026-09-11 20:37,1.15955,1.15955,1.15955,1.15955
2026-09-11 20:38,1.15955,1.15955,1.15955,1.15955
2026-09-11 20:39,1.15955,1.15955,1.15955,1.15955
2026-09-11 20:40,1.15969,1.15969,1.15969,1.15969
2026-09-11 20:41,1.15955,1.15955,1.15955,1.15955
2026-09-11 20:42,1.15969,1.15969,1.15969,1.15969
2026-09-11 20:43,1.15969,1.15969,1.15969,1.15969
2026-09-11 20:44,1.15969,1.15969,1.15969,1.15969
2026-09-11 20:45,1.15982,1.15982,1.15982,1.15982
2026-09-11 20:46,1.15982,1.15982,1.15982,1.15982
2026-09-11 20:47,1.15982,1.15982,1.15982,1.15982
2026-09-11 20:48,1.15969,1.15969,1.15969,1.15969
2026-09-11 20:49,1.15982,1.15982,1.15982,1.15982
2026-09-11 20:50,1.15982,1.15982,1.15982,1.15982
2026-09-11 20:51,1.15982,1.15982,1.15982,1.15982
2026-09-11 20:52,1.15996,1.15996,1.15996,1.15996
2026-09-11 20:53,1.16009,1.16009,1.16009,1.16009
2026-09-11 20:54,1.16009,1.16009,1.16009,1.16009
2026-09-11 20:55,1.16009,1.16009,1.16009,1.16009
2026-09-11 20:56,1.16009,1.16009,1.16009,1.16009
2026-09-11 20:57,1.16009,1.16009,1.16009,1.16009
2026-09-11 20:58,1.16009,1.16009,1.16009,1.16009
2026-09-11 20:59,1.15996,1.15996,1.15996,1.15996
2026-09-11 21:00,1.16023,1.16023,1.16023,1.16023
2026-09-11 21:01,1.16023,1.16023,1.16023,1.16023
2026-09-11 21:02,1.16023,1.16023,1.16023,1.16023
2026-09-11 21:03,1.16023,1.16023,1.16023,1.16023
2026-09-11 21:04,1.16023,1.16023,1.16023,1.16023
2026-09-11 21:05,1.16023,1.16023,1.16023,1.16023
2026-09-11 21:06,1.16023,1.16023,1.16023,1.16023
2026-09-11 21:07,1.16023,1.16023,1.16023,1.16023
2026-09-11 21:08,1.16023,1.16023,1.16023,1.16023
2026-09-11 21:09,1.16023,1.16023,1.16023,1.16023
2026-09-11 21:10,1.16023,1.16023,1.16023,1.16023
2026-09-11 21:11,1.16023,1.16023,1.16023,1.16023
2026-09-11 21:12,1.16023,1.16023,1.16023,1.16023
2026-09-11 21:13,1.16023,1.16023,1.16023,1.16023
2026-09-11 21:14,1.16023,1.16023,1.16023,1.16023
2026-09-11 21:15,1.16023,1.16023,1.16023,1.16023
2026-09-11 21:16,1.16023,1.16023,1.16023,1.16023
2026-09-11 21:17,1.16023,1.16023,1.16023,1.16023
2026-09-11 21:18,1.16023,1.16023,1.16023,1.16023
2026-09-11 21:19,1.16023,1.16023,1.16023,1.16023
2026-09-11 21:20,1.16023,1.16023,1.16023,1.16023
2026-09-11 21:21,1.16023,1.16023,1.16023,1.16023
2026-09-11 21:22,1.16023,1.16023,1.16023,1.16023
2026-09-11 21:23,1.16023,1.16023,1.16023,1.16023
2026-09-11 21:24,1.16023,1.16023,1.16023,1.16023
2026-09-11 21:25,1.16023,1.16023,1.16023,1.16023
2026-09-11 21:26,1.16023,1.16023,1.16023,1.16023
2026-09-11 21:27,1.16023,1.16023,1.16023,1.16023
2026-09-11 21:28,1.16023,1.16023,1.16023,1.16023
2026-09-11 21:29,1.16023,1.16023,1.16009,1.16009
2026-09-13 23:00,1.15942,1.15942,1.15942,1.15942
2026-09-13 23:01,1.15955,1.15955,1.15955,1.15955
2026-09-13 23:02,1.15942,1.15942,1.15942,1.15942
2026-09-13 23:03,1.15942,1.15942,1.15942,1.15942
2026-09-13 23:04,1.15942,1.15942,1.15942,1.15942
2026-09-13 23:05,1.15955,1.15955,1.15955,1.15955
2026-09-13 23:06,1.15955,1.15955,1.15955,1.15955
2026-09-13 23:07,1.15955,1.15955,1.15955,1.15955
2026-09-13 23:08,1.15955,1.15955,1.15955,1.15955
2026-09-13 23:09,1.15955,1.15955,1.15955,1.15955
2026-09-13 23:10,1.15955,1.15955,1.15955,1.15955
2026-09-13 23:11,1.15955,1.15955,1.15955,1.15955
2026-09-13 23:12,1.15955,1.15955,1.15955,1.15955
2026-09-13 23:13,1.15955,1.15955,1.15955,1.15955
2026-09-13 23:14,1.15942,1.15942,1.15942,1.15942
2026-09-13 23:15,1.15942,1.15942,1.15942,1.15942
2026-09-13 23:16,1.15942,1.15942,1.15942,1.15942
2026-09-13 23:17,1.15929,1.15929,1.15929,1.15929
2026-09-13 23:18,1.15929,1.15929,1.15929,1.15929
2026-09-13 23:19,1.15929,1.15929,1.15929,1.15929
2026-09-13 23:20,1.15929,1.15929,1.15929,1.15929
2026-09-13 23:21,1.15929,1.15929,1.15929,1.15929
2026-09-13 23:22,1.15929,1.15929,1.15929,1.15929
2026-09-13 23:23,1.15929,1.15929,1.15929,1.15929
2026-09-13 23:24,1.15942,1.15942,1.15942,1.15942
2026-09-13 23:25,1.15942,1.15942,1.15942,1.15942
2026-09-13 23:26,1.15929,1.15929,1.15929,1.15929
2026-09-13 23:27,1.15929,1.15929,1.15929,1.15929
2026-09-13 23:28,1.15929,1.15929,1.15929,1.15929
2026-09-13 23:29,1.15942,1.15942,1.15942,1.15942
2026-09-13 23:30,1.15942,1.15942,1.15942,1.15942
2026-09-13 23:31,1.15942,1.15942,1.15942,1.15942
2026-09-13 23:32,1.15942,1.15942,1.15942,1.15942
2026-09-13 23:33,1.15955,1.15955,1.15955,1.15955
2026-09-13 23:34,1.15955,1.15955,1.15955,1.15955
2026-09-13 23:35,1.15942,1.15942,1.15942,1.15942
2026-09-13 23:36,1.15942,1.15942,1.15942,1.15942
2026-09-13 23:37,1.15929,1.15929,1.15929,1.15929
2026-09-13 23:38,1.15929,1.15929,1.15929,1.15929
2026-09-13 23:39,1.15942,1.15942,1.15942,1.15942
2026-09-13 23:40,1.15942,1.15942,1.15942,1.15942
2026-09-13 23:41,1.15929,1.15929,1.15929,1.15929
2026-09-13 23:42,1.15942,1.15942,1.15942,1.15942
2026-09-13 23:43,1.15942,1.15942,1.15942,1.15942
2026-09-13 23:44,1.15942,1.15942,1.15942,1.15942
2026-09-13 23:45,1.15955,1.15955,1.15955,1.15955
2026-09-13 23:46,1.15955,1.15955,1.15955,1.15955
2026-09-13 23:47,1.15955,1.15955,1.15955,1.15955
2026-09-13 23:48,1.15955,1.15955,1.15955,1.15955
2026-09-13 23:49,1.15955,1.15955,1.15955,1.15955
2026-09-13 23:50,1.15955,1.15955,1.15955,1.15955
2026-09-13 23:51,1.15955,1.15955,1.15955,1.15955
2026-09-13 23:52,1.15955,1.15955,1.15955,1.15955
2026-09-13 23:53,1.15955,1.15955,1.15955,1.15955
2026-09-13 23:54,1.15955,1.15955,1.15955,1.15955
2026-09-13 23:55,1.15955,1.15955,1.15955,1.15955
2026-09-13 23:56,1.15969,1.15969,1.15969,1.15969
2026-09-13 23:57,1.15969,1.15969,1.15969,1.15969
2026-09-13 23:58,1.15969,1.15969,1.15969,1.15969
2026-09-13 23:59,1.15969,1.15969,1.15969,1.15969
2026-09-14 00:00,1.15969,1.15969,1.15969,1.15969
2026-09-14 00:01,1.15982,1.15982,1.15982,1.15982
2026-09-14 00:02,1.15982,1.15982,1.15982,1.15982
2026-09-14 00:03,1.15982,1.15982,1.15982,1.15982
2026-09-14 00:04,1.15982,1.15982,1.15982,1.15982
2026-09-14 00:05,1.15996,1.15996,1.15996,1.15996
2026-09-14 00:06,1.15982,1.15982,1.15982,1.15982
2026-09-14 00:07,1.15982,1.15982,1.15982,1.15982
2026-09-14 00:08,1.15982,1.15982,1.15982,1.15982
2026-09-14 00:09,1.15969,1.15969,1.15969,1.15969
2026-09-14 00:10,1.15969,1.15969,1.15969,1.15969
2026-09-14 00:11,1.15955,1.15955,1.15955,1.15955
2026-09-14 00:12,1.15955,1.15955,1.15955,1.15955
2026-09-14 00:13,1.15969,1.15969,1.15969,1.15969
2026-09-14 00:14,1.15955,1.15955,1.15955,1.15955
2026-09-14 00:15,1.15955,1.15955,1.15955,1.15955
2026-09-14 00:16,1.15955,1.15955,1.15955,1.15955
2026-09-14 00:17,1.15955,1.15955,1.15955,1.15955
2026-09-14 00:18,1.15942,1.15942,1.15942,1.15942
2026-09-14 00:19,1.15942,1.15942,1.15942,1.15942
2026-09-14 00:20,1.15942,1.15942,1.15942,1.15942
2026-09-14 00:21,1.15942,1.15942,1.15942,1.15942
2026-09-14 00:22,1.15929,1.15929,1.15929,1.15929
2026-09-14 00:23,1.15929,1.15929,1.15929,1.15929
2026-09-14 00:24,1.15929,1.15929,1.15929,1.15929
2026-09-14 00:25,1.15929,1.15929,1.15929,1.15929
2026-09-14 00:26,1.15888,1.15888,1.15888,1.15888
2026-09-14 00:27,1.15888,1.15888,1.15888,1.15888
2026-09-14 00:28,1.15888,1.15888,1.15888,1.15888
2026-09-14 00:29,1.15888,1.15888,1.15888,1.15888
2026-09-14 00:30,1.15902,1.15902,1.15902,1.15902
2026-09-14 00:31,1.15902,1.15902,1.15902,1.15902
2026-09-14 00:32,1.15915,1.15915,1.15915,1.15915
2026-09-14 00:33,1.15902,1.15902,1.15902,1.15902
2026-09-14 00:34,1.15902,1.15902,1.15902,1.15902
2026-09-14 00:35,1.15902,1.15902,1.15902,1.15902
2026-09-14 00:36,1.15902,1.15902,1.15902,1.15902
2026-09-14 00:37,1.15902,1.15902,1.15902,1.15902
2026-09-14 00:38,1.15902,1.15902,1.15902,1.15902
2026-09-14 00:39,1.15902,1.15902,1.15902,1.15902
2026-09-14 00:40,1.15902,1.15902,1.15902,1.15902
2026-09-14 00:41,1.15888,1.15888,1.15888,1.15888
2026-09-14 00:42,1.15888,1.15888,1.15888,1.15888
2026-09-14 00:43,1.15888,1.15888,1.15888,1.15888
2026-09-14 00:44,1.15888,1.15888,1.15888,1.15888
2026-09-14 00:45,1.15902,1.15902,1.15902,1.15902
2026-09-14 00:46,1.15902,1.15902,1.15902,1.15902
2026-09-14 00:47,1.15902,1.15902,1.15902,1.15902
2026-09-14 00:48,1.15888,1.15888,1.15888,1.15888
2026-09-14 00:49,1.15888,1.15888,1.15888,1.15888
2026-09-14 00:50,1.15902,1.15902,1.15902,1.15902
2026-09-14 00:51,1.15902,1.15902,1.15902,1.15902
2026-09-14 00:52,1.15902,1.15902,1.15902,1.15902
2026-09-14 00:53,1.15902,1.15902,1.15902,1.15902
2026-09-14 00:54,1.15915,1.15915,1.15915,1.15915
2026-09-14 00:55,1.15915,1.15915,1.15915,1.15915
2026-09-14 00:56,1.15915,1.15915,1.15915,1.15915
2026-09-14 00:57,1.15915,1.15915,1.15915,1.15915
2026-09-14 00:58,1.15902,1.15902,1.15902,1.15902
2026-09-14 00:59,1.15915,1.15915,1.15915,1.15915
2026-09-14 01:00,1.15915,1.15915,1.15915,1.15915
2026-09-14 01:01,1.15915,1.15915,1.15915,1.15915
2026-09-14 01:02,1.15902,1.15902,1.15902,1.15902
2026-09-14 01:03,1.15902,1.15902,1.15902,1.15902
2026-09-14 01:04,1.15902,1.15902,1.15902,1.15902
2026-09-14 01:05,1.15902,1.15902,1.15902,1.15902
2026-09-14 01:06,1.15888,1.15888,1.15888,1.15888
2026-09-14 01:07,1.15888,1.15888,1.15888,1.15888
2026-09-14 01:08,1.15888,1.15888,1.15888,1.15888
2026-09-14 01:09,1.15875,1.15875,1.15875,1.15875
2026-09-14 01:10,1.15875,1.15875,1.15875,1.15875
2026-09-14 01:11,1.15888,1.15888,1.15888,1.15888
2026-09-14 01:12,1.15875,1.15875,1.15875,1.15875
2026-09-14 01:13,1.15875,1.15875,1.15875,1.15875
2026-09-14 01:14,1.15875,1.15875,1.15875,1.15875
2026-09-14 01:15,1.15875,1.15875,1.15875,1.15875
2026-09-14 01:16,1.15875,1.15875,1.15875,1.15875
2026-09-14 01:17,1.15875,1.15875,1.15875,1.15875
2026-09-14 01:18,1.15875,1.15875,1.15875,1.15875
2026-09-14 01:19,1.15875,1.15875,1.15875,1.15875
2026-09-14 01:20,1.15875,1.15875,1.15875,1.15875
2026-09-14 01:21,1.15888,1.15888,1.15888,1.15888
2026-09-14 01:22,1.15888,1.15888,1.15888,1.15888
2026-09-14 01:23,1.15888,1.15888,1.15888,1.15888
2026-09-14 01:24,1.15902,1.15902,1.15902,1.15902
2026-09-14 01:25,1.15902,1.15902,1.15902,1.15902
2026-09-14 01:26,1.15902,1.15902,1.15902,1.15902
2026-09-14 01:27,1.15902,1.15902,1.15902,1.15902
2026-09-14 01:28,1.15902,1.15902,1.15902,1.15902
2026-09-14 01:29,1.15915,1.15915,1.15915,1.15915
2026-09-14 01:30,1.15902,1.15902,1.15902,1.15902
2026-09-14 01:31,1.15902,1.15902,1.15902,1.15902
2026-09-14 01:32,1.15888,1.15888,1.15888,1.15888
2026-09-14 01:33,1.15888,1.15888,1.15888,1.15888
2026-09-14 01:34,1.15888,1.15888,1.15888,1.15888
2026-09-14 01:35,1.15902,1.15902,1.15902,1.15902
2026-09-14 01:36,1.15902,1.15902,1.15902,1.15902
2026-09-14 01:37,1.15902,1.15902,1.15902,1.15902
2026-09-14 01:38,1.15902,1.15902,1.15902,1.15902
2026-09-14 01:39,1.15915,1.15915,1.15915,1.15915
2026-09-14 01:40,1.15915,1.15915,1.15915,1.15915
2026-09-14 01:41,1.15915,1.15915,1.15915,1.15915
2026-09-14 01:42,1.15915,1.15915,1.15915,1.15915
2026-09-14 01:43,1.15915,1.15915,1.15915,1.15915
2026-09-14 01:44,1.15929,1.15929,1.15929,1.15929
2026-09-14 01:45,1.15915,1.15915,1.15915,1.15915
2026-09-14 01:46,1.15915,1.15915,1.15915,1.15915
2026-09-14 01:47,1.15915,1.15915,1.15915,1.15915
2026-09-14 01:49,1.15915,1.15915,1.15915,1.15915
2026-09-14 01:50,1.15902,1.15902,1.15902,1.15902
2026-09-14 01:51,1.15902,1.15902,1.15902,1.15902
2026-09-14 01:52,1.15902,1.15902,1.15902,1.15902
2026-09-14 01:53,1.15902,1.15902,1.15902,1.15902
2026-09-14 01:54,1.15902,1.15902,1.15902,1.15902
2026-09-14 01:55,1.15902,1.15902,1.15902,1.15902
2026-09-14 01:56,1.15902,1.15902,1.15902,1.15902
2026-09-14 01:57,1.15902,1.15902,1.15902,1.15902
2026-09-14 01:58,1.15902,1.15902,1.15902,1.15902
2026-09-14 01:59,1.15888,1.15888,1.15888,1.15888
2026-09-14 02:00,1.15888,1.15888,1.15888,1.15888
2026-09-14 02:01,1.15888,1.15888,1.15888,1.15888
2026-09-14 02:02,1.15902,1.15902,1.15902,1.15902
2026-09-14 02:03,1.15902,1.15902,1.15902,1.15902
2026-09-14 02:04,1.15902,1.15902,1.15902,1.15902
2026-09-14 02:05,1.15902,1.15902,1.15902,1.15902
2026-09-14 02:06,1.15902,1.15902,1.15902,1.15902
2026-09-14 02:07,1.15902,1.15902,1.15902,1.15902
2026-09-14 02:08,1.15915,1.15915,1.15915,1.15915
2026-09-14 02:09,1.15915,1.15915,1.15915,1.15915
2026-09-14 02:10,1.15915,1.15915,1.15915,1.15915
2026-09-14 02:11,1.15902,1.15902,1.15902,1.15902
2026-09-14 02:12,1.15915,1.15915,1.15915,1.15915
2026-09-14 02:13,1.15915,1.15915,1.15915,1.15915
2026-09-14 02:14,1.15915,1.15915,1.15915,1.15915
2026-09-14 02:15,1.15902,1.15902,1.15902,1.15902
2026-09-14 02:16,1.15902,1.15902,1.15902,1.15902
2026-09-14 02:17,1.15902,1.15902,1.15902,1.15902
2026-09-14 02:18,1.15902,1.15902,1.15902,1.15902
2026-09-14 02:19,1.15902,1.15902,1.15902,1.15902
2026-09-14 02:20,1.15902,1.15902,1.15902,1.15902
2026-09-14 02:21,1.15902,1.15902,1.15902,1.15902
2026-09-14 02:22,1.15902,1.15902,1.15902,1.15902
2026-09-14 02:23,1.15915,1.15915,1.15915,1.15915
2026-09-14 02:24,1.15915,1.15915,1.15915,1.15915
2026-09-14 02:25,1.15902,1.15902,1.15902,1.15902
2026-09-14 02:26,1.15902,1.15902,1.15902,1.15902
2026-09-14 02:27,1.15902,1.15902,1.15902,1.15902
2026-09-14 02:28,1.15902,1.15902,1.15902,1.15902
2026-09-14 02:29,1.15902,1.15902,1.15902,1.15902
2026-09-14 02:30,1.15902,1.15902,1.15902,1.15902
2026-09-14 02:31,1.15902,1.15902,1.15902,1.15902
2026-09-14 02:32,1.15902,1.15902,1.15902,1.15902
2026-09-14 02:33,1.15902,1.15902,1.15902,1.15902
2026-09-14 02:34,1.15888,1.15888,1.15888,1.15888
2026-09-14 02:35,1.15888,1.15888,1.15888,1.15888
2026-09-14 02:36,1.15888,1.15888,1.15888,1.15888
2026-09-14 02:37,1.15888,1.15888,1.15888,1.15888
2026-09-14 02:38,1.15888,1.15888,1.15888,1.15888
2026-09-14 02:39,1.15888,1.15888,1.15888,1.15888
2026-09-14 02:40,1.15875,1.15875,1.15875,1.15875
2026-09-14 02:41,1.15888,1.15888,1.15888,1.15888
2026-09-14 02:42,1.15875,1.15875,1.15875,1.15875
2026-09-14 02:43,1.15888,1.15888,1.15888,1.15888
2026-09-14 02:44,1.15888,1.15888,1.15888,1.15888
2026-09-14 02:45,1.15875,1.15875,1.15875,1.15875
2026-09-14 02:46,1.15888,1.15888,1.15875,1.15875
2026-09-14 02:47,1.15888,1.15888,1.15888,1.15888
2026-09-14 02:48,1.15888,1.15888,1.15888,1.15888
2026-09-14 02:49,1.15888,1.15888,1.15888,1.15888
2026-09-14 02:50,1.15875,1.15875,1.15875,1.15875
2026-09-14 02:51,1.15875,1.15875,1.15875,1.15875
2026-09-14 02:52,1.15875,1.15875,1.15875,1.15875
2026-09-14 02:53,1.15888,1.15888,1.15888,1.15888
