time,open,high,low,close
2026-09-03 23:00,156.108,156.123,156.086,156.111
2026-09-03 23:01,156.101,156.167,156.101,156.146
2026-09-03 23:02,156.150,156.159,156.135,156.136
2026-09-03 23:03,156.136,156.149,156.114,156.136
2026-09-03 23:04,156.136,156.143,156.122,156.136
2026-09-03 23:05,156.126,156.136,156.086,156.088
2026-09-03 23:06,156.091,156.101,156.086,156.086
2026-09-03 23:07,156.087,156.098,156.016,156.036
2026-09-03 23:08,156.034,156.041,156.024,156.031
2026-09-03 23:09,156.030,156.053,156.024,156.040
2026-09-03 23:10,156.039,156.051,156.029,156.045
2026-09-03 23:11,156.042,156.075,156.036,156.067
2026-09-03 23:12,156.058,156.113,156.054,156.089
2026-09-03 23:13,156.095,156.098,156.073,156.083
2026-09-03 23:14,156.074,156.081,156.050,156.069
2026-09-03 23:15,156.057,156.075,156.057,156.070
2026-09-03 23:16,156.065,156.088,156.062,156.068
2026-09-03 23:17,156.067,156.077,156.015,156.036
2026-09-03 23:18,156.028,156.048,156.024,156.045
2026-09-03 23:19,156.037,156.050,156.035,156.039
2026-09-03 23:20,156.035,156.045,156.013,156.018
2026-09-03 23:21,156.019,156.026,155.968,155.982
2026-09-03 23:22,155.980,155.999,155.973,155.988
2026-09-03 23:23,155.988,156.000,155.977,155.984
2026-09-03 23:24,155.985,156.011,155.974,155.996
2026-09-03 23:25,156.003,156.033,155.996,156.022
2026-09-03 23:26,156.022,156.030,155.992,155.993
2026-09-03 23:27,155.994,156.003,155.991,155.994
2026-09-03 23:28,155.996,156.002,155.967,155.978
2026-09-03 23:29,155.968,155.980,155.961,155.964
2026-09-03 23:30,155.962,155.975,155.878,155.917
2026-09-03 23:31,155.918,155.928,155.757,155.792
2026-09-03 23:32,155.793,155.864,155.789,155.848
2026-09-03 23:33,155.855,155.889,155.844,155.857
2026-09-03 23:34,155.860,155.894,155.856,155.887
2026-09-03 23:35,155.884,155.890,155.842,155.842
2026-09-03 23:36,155.855,155.855,155.804,155.816
2026-09-03 23:37,155.809,155.831,155.792,155.811
2026-09-03 23:38,155.802,155.855,155.802,155.842
2026-09-03 23:39,155.853,155.855,155.830,155.841
2026-09-03 23:40,155.833,155.834,155.781,155.782
2026-09-03 23:41,155.787,155.822,155.770,155.808
2026-09-03 23:42,155.821,155.893,155.808,155.871
2026-09-03 23:43,155.871,155.880,155.840,155.842
2026-09-03 23:44,155.842,155.868,155.842,155.848
2026-09-03 23:45,155.845,155.853,155.817,155.827
2026-09-03 23:46,155.819,155.829,155.780,155.780
2026-09-03 23:47,155.786,155.807,155.770,155.800
2026-09-03 23:48,155.805,155.820,155.795,155.809
2026-09-03 23:49,155.809,155.816,155.697,155.714
2026-09-03 23:50,155.713,155.731,155.685,155.697
2026-09-03 23:51,155.687,155.699,155.683,155.688
2026-09-03 23:52,155.685,155.757,155.684,155.746
2026-09-03 23:53,155.745,155.760,155.697,155.697
2026-09-03 23:54,155.697,155.723,155.645,155.650
2026-09-03 23:55,155.650,155.691,155.645,155.681
2026-09-03 23:56,155.672,155.697,155.648,155.681
2026-09-03 23:57,155.692,155.696,155.647,155.650
2026-09-03 23:58,155.673,155.673,155.620,155.658
2026-09-03 23:59,155.650,155.658,155.632,155.634
2026-09-04 00:00,155.634,155.678,155.550,155.562
2026-09-04 00:01,155.569,155.605,155.538,155.578
2026-09-04 00:02,155.588,155.592,155.508,155.527
2026-09-04 00:03,155.527,155.550,155.415,155.463
2026-09-04 00:04,155.467,155.476,155.421,155.450
2026-09-04 00:05,155.430,155.441,155.291,155.322
2026-09-04 00:06,155.311,155.400,155.286,155.355
2026-09-04 00:07,155.351,155.380,155.282,155.333
2026-09-04 00:08,155.334,155.437,155.323,155.420
2026-09-04 00:09,155.431,155.498,155.384,155.488
2026-09-04 00:10,155.475,155.502,155.417,155.444
2026-09-04 00:11,155.448,155.560,155.432,155.544
2026-09-04 00:12,155.544,155.614,155.512,155.592
2026-09-04 00:13,155.591,155.627,155.576,155.582
2026-09-04 00:14,155.586,155.596,155.533,155.565
2026-09-04 00:15,155.565,155.672,155.564,155.670
2026-09-04 00:16,155.669,155.731,155.661,155.701
2026-09-04 00:17,155.692,155.760,155.686,155.734
2026-09-04 00:18,155.727,155.745,155.681,155.721
2026-09-04 00:19,155.721,155.780,155.720,155.760
2026-09-04 00:20,155.752,155.771,155.725,155.759
2026-09-04 00:21,155.749,155.786,155.733,155.767
2026-09-04 00:22,155.759,155.775,155.698,155.698
2026-09-04 00:23,155.709,155.710,155.665,155.695
2026-09-04 00:24,155.702,155.782,155.697,155.764
2026-09-04 00:25,155.761,155.796,155.734,155.744
2026-09-04 00:26,155.735,155.746,155.715,155.725
2026-09-04 00:27,155.728,155.779,155.722,155.771
2026-09-04 00:28,155.779,155.821,155.771,155.787
2026-09-04 00:29,155.778,155.853,155.777,155.853
2026-09-04 00:30,155.843,155.893,155.833,155.888
2026-09-04 00:31,155.896,155.944,155.874,155.922
2026-09-04 00:32,155.930,155.947,155.898,155.910
2026-09-04 00:33,155.927,155.931,155.876,155.889
2026-09-04 00:34,155.888,155.941,155.880,155.913
2026-09-04 00:35,155.921,155.927,155.848,155.868
2026-09-04 00:36,155.869,155.894,155.847,155.860
2026-09-04 00:37,155.860,155.956,155.856,155.945
2026-09-04 00:38,155.944,155.952,155.903,155.920
2026-09-04 00:39,155.917,155.928,155.893,155.900
2026-09-04 00:40,155.898,155.917,155.808,155.826
2026-09-04 00:41,155.825,155.906,155.813,155.898
2026-09-04 00:42,155.878,155.905,155.811,155.817
2026-09-04 00:43,155.826,155.852,155.669,155.712
2026-09-04 00:44,155.706,155.792,155.690,155.758
2026-09-04 00:45,155.767,155.770,155.721,155.731
2026-09-04 00:46,155.731,155.760,155.697,155.729
2026-09-04 00:47,155.718,155.756,155.656,155.656
2026-09-04 00:48,155.681,155.703,155.628,155.684
2026-09-04 00:49,155.694,155.733,155.672,155.716
2026-09-04 00:50,155.720,155.735,155.659,155.682
2026-09-04 00:51,155.674,155.723,155.660,155.712
2026-09-04 00:52,155.712,155.732,155.674,155.689
2026-09-04 00:53,155.690,155.733,155.645,155.708
2026-09-04 00:54,155.702,155.717,155.630,155.634
2026-09-04 00:55,155.633,155.744,155.633,155.680
2026-09-04 00:56,155.687,155.695,155.548,155.569
2026-09-04 00:57,155.560,155.622,155.530,155.578
2026-09-04 00:58,155.587,155.708,155.577,155.705
2026-09-04 00:59,155.697,155.773,155.695,155.763
2026-09-04 01:00,155.761,155.808,155.732,155.753
2026-09-04 01:01,155.746,155.765,155.712,155.736
2026-09-04 01:02,155.740,155.745,155.675,155.689
2026-09-04 01:03,155.689,155.734,155.668,155.729
2026-09-04 01:04,155.725,155.793,155.722,155.779
2026-09-04 01:05,155.767,155.808,155.727,155.798
2026-09-04 01:06,155.794,155.866,155.783,155.855
2026-09-04 01:07,155.859,155.865,155.807,155.810
2026-09-04 01:08,155.809,155.841,155.801,155.818
2026-09-04 01:09,155.813,155.821,155.775,155.782
2026-09-04 01:10,155.789,155.818,155.752,155.762
2026-09-04 01:11,155.762,155.770,155.715,155.750
2026-09-04 01:12,155.744,155.827,155.742,155.810
2026-09-04 01:13,155.816,155.845,155.806,155.845
2026-09-04 01:14,155.844,155.907,155.830,155.891
2026-09-04 01:15,155.902,155.933,155.846,155.897
2026-09-04 01:16,155.897,155.965,155.897,155.948
2026-09-04 01:17,155.957,155.963,155.845,155.869
2026-09-04 01:18,155.878,155.908,155.867,155.878
2026-09-04 01:19,155.881,155.931,155.872,155.929
2026-09-04 01:20,155.933,155.943,155.876,155.884
2026-09-04 01:21,155.883,155.918,155.872,155.893
2026-09-04 01:22,155.901,155.919,155.818,155.847
2026-09-04 01:23,155.848,155.919,155.842,155.900
2026-09-04 01:24,155.894,155.967,155.892,155.952
2026-09-04 01:25,155.952,156.004,155.919,155.998
2026-09-04 01:26,155.993,156.040,155.983,156.007
2026-09-04 01:27,155.998,156.024,155.954,155.984
2026-09-04 01:28,155.976,156.005,155.942,155.952
2026-09-04 01:29,155.943,155.970,155.904,155.904
2026-09-04 01:30,155.904,155.930,155.880,155.917
2026-09-04 01:31,155.909,155.950,155.885,155.909
2026-09-04 01:32,155.906,155.920,155.871,155.881
2026-09-04 01:33,155.877,155.980,155.875,155.968
2026-09-04 01:34,155.968,156.036,155.966,155.996
2026-09-04 01:35,155.990,156.027,155.978,156.006
2026-09-04 01:36,156.004,156.034,155.953,155.954
2026-09-04 01:37,155.961,156.001,155.945,155.985
2026-09-04 01:38,155.989,156.038,155.959,156.024
2026-09-04 01:39,156.033,156.051,156.001,156.047
2026-09-04 01:40,156.042,156.057,156.006,156.010
2026-09-04 01:41,156.007,156.048,156.000,156.041
2026-09-04 01:42,156.031,156.069,156.013,156.056
2026-09-04 01:43,156.056,156.077,156.036,156.044
2026-09-04 01:44,156.048,156.062,156.017,156.034
2026-09-04 01:45,156.028,156.039,155.980,156.002
2026-09-04 01:46,155.993,156.048,155.992,156.017
2026-09-04 01:47,156.016,156.024,155.982,156.011
2026-09-04 01:48,156.002,156.028,155.977,155.977
2026-09-04 01:49,155.988,155.988,155.944,155.956
2026-09-04 01:50,155.962,155.996,155.953,155.991
2026-09-04 01:51,155.988,156.021,155.980,155.990
2026-09-04 01:52,155.984,155.991,155.927,155.928
2026-09-04 01:53,155.928,155.955,155.922,155.946
2026-09-04 01:54,155.946,155.964,155.921,155.931
2026-09-04 01:55,155.935,155.943,155.902,155.917
2026-09-04 01:56,155.907,155.925,155.903,155.920
2026-09-04 01:57,155.915,155.954,155.906,155.912
2026-09-04 01:58,155.910,155.921,155.867,155.870
2026-09-04 01:59,155.875,155.895,155.847,155.848
2026-09-04 02:00,155.848,155.865,155.821,155.841
2026-09-04 02:01,155.838,155.848,155.819,155.828
2026-09-04 02:02,155.824,155.833,155.797,155.798
2026-09-04 02:03,155.798,155.809,155.769,155.774
2026-09-04 02:04,155.774,155.791,155.769,155.783
2026-09-04 02:05,155.783,155.873,155.777,155.851
2026-09-04 02:06,155.852,155.853,155.786,155.796
2026-09-04 02:07,155.790,155.820,155.772,155.805
2026-09-04 02:08,155.804,155.866,155.804,155.818
2026-09-04 02:09,155.818,155.880,155.817,155.877
2026-09-04 02:10,155.871,155.900,155.847,155.854
2026-09-04 02:11,155.849,155.890,155.848,155.879
2026-09-04 02:12,155.885,155.929,155.879,155.916
2026-09-04 02:13,155.929,155.930,155.907,155.930
2026-09-04 02:14,155.916,155.936,155.897,155.908
2026-09-04 02:15,155.906,155.918,155.866,155.918
2026-09-04 02:16,155.906,155.939,155.893,155.893
2026-09-04 02:17,155.893,155.927,155.892,155.906
2026-09-04 02:18,155.906,155.938,155.901,155.930
2026-09-04 02:19,155.926,155.952,155.919,155.941
2026-09-04 02:20,155.936,155.963,155.922,155.944
2026-09-04 02:21,155.948,155.963,155.942,155.946
2026-09-04 02:22,155.949,155.994,155.946,155.980
2026-09-04 02:23,155.989,155.993,155.964,155.970
2026-09-04 02:24,155.965,156.018,155.965,155.993
2026-09-04 02:25,155.993,156.026,155.991,156.019
2026-09-04 02:26,156.010,156.035,156.007,156.023
2026-09-04 02:27,156.022,156.051,156.010,156.035
2026-09-04 02:28,156.040,156.047,156.003,156.015
2026-09-04 02:29,156.016,156.038,155.970,155.987
2026-09-04 02:30,155.990,156.024,155.987,156.016
2026-09-04 02:31,156.016,156.039,156.012,156.036
2026-09-04 02:32,156.028,156.037,155.986,155.992
2026-09-04 02:33,155.994,156.008,155.982,155.984
2026-09-04 02:34,155.982,156.042,155.970,156.036
2026-09-04 02:35,156.042,156.058,156.015,156.026
2026-09-04 02:36,156.026,156.036,155.976,155.978
2026-09-04 02:37,155.976,155.982,155.952,155.968
2026-09-04 02:38,155.965,155.969,155.949,155.962
2026-09-04 02:39,155.962,155.985,155.938,155.978
2026-09-04 02:40,155.972,155.991,155.964,155.973
2026-09-04 02:41,155.969,155.989,155.964,155.967
2026-09-04 02:42,155.970,155.976,155.929,155.934
2026-09-04 02:43,155.930,155.948,155.917,155.940
2026-09-04 02:44,155.937,156.003,155.936,155.985
2026-09-04 02:45,155.979,155.993,155.961,155.977
2026-09-04 02:46,155.971,155.977,155.950,155.968
2026-09-04 02:47,155.968,155.984,155.942,155.942
2026-09-04 02:48,155.944,155.974,155.942,155.969
2026-09-04 02:49,155.965,155.979,155.958,155.964
2026-09-04 02:50,155.963,155.989,155.952,155.978
2026-09-04 02:51,155.985,156.007,155.960,155.999
2026-09-04 02:52,156.008,156.032,155.997,156.021
2026-09-04 02:53,156.022,156.029,156.003,156.014
2026-09-04 02:54,156.022,156.027,156.005,156.014
2026-09-04 02:55,156.005,156.028,155.994,156.016
2026-09-04 02:56,156.016,156.072,156.016,156.061
2026-09-04 02:57,156.060,156.095,156.053,156.077
2026-09-04 02:58,156.078,156.090,156.064,156.073
2026-09-04 02:59,156.077,156.089,156.058,156.061
2026-09-04 03:00,156.065,156.111,156.060,156.103
2026-09-04 03:01,156.101,156.116,156.094,156.100
2026-09-04 03:02,156.094,156.116,156.064,156.066
2026-09-04 03:03,156.068,156.075,156.050,156.073
2026-09-04 03:04,156.074,156.082,156.063,156.072
2026-09-04 03:05,156.072,156.114,156.072,156.083
2026-09-04 03:06,156.075,156.101,156.073,156.081
2026-09-04 03:07,156.083,156.095,156.049,156.053
2026-09-04 03:08,156.053,156.072,156.033,156.064
2026-09-04 03:09,156.061,156.099,156.059,156.086
2026-09-04 03:10,156.086,156.113,156.086,156.095
2026-09-04 03:11,156.095,156.101,156.074,156.078
2026-09-04 03:12,156.074,156.082,156.067,156.075
2026-09-04 03:13,156.068,156.078,156.048,156.055
2026-09-04 03:14,156.054,156.063,156.045,156.049
2026-09-04 03:15,156.049,156.055,156.040,156.047
2026-09-04 03:16,156.040,156.073,156.039,156.055
2026-09-04 03:17,156.050,156.075,156.041,156.056
2026-09-04 03:18,156.057,156.086,156.051,156.074
2026-09-04 03:19,156.079,156.092,156.075,156.091
2026-09-04 03:20,156.087,156.092,156.054,156.060
2026-09-04 03:21,156.067,156.082,156.058,156.081
2026-09-04 03:22,156.071,156.086,156.055,156.055
2026-09-04 03:23,156.055,156.061,156.028,156.051
2026-09-04 03:24,156.044,156.063,156.030,156.050
2026-09-04 03:25,156.052,156.076,156.049,156.076
2026-09-04 03:26,156.075,156.079,156.065,156.070
2026-09-04 03:27,156.066,156.087,156.065,156.083
2026-09-04 03:28,156.084,156.100,156.072,156.092
2026-09-04 03:29,156.090,156.106,156.087,156.092
2026-09-04 03:30,156.092,156.124,156.091,156.108
2026-09-04 03:31,156.114,156.124,156.100,156.122
2026-09-04 03:32,156.122,156.146,156.109,156.140
2026-09-04 03:33,156.140,156.151,156.110,156.134
2026-09-04 03:34,156.127,156.135,156.102,156.126
2026-09-04 03:35,156.127,156.137,156.114,156.116
2026-09-04 03:36,156.118,156.136,156.114,156.127
2026-09-04 03:37,156.127,156.165,156.123,156.157
2026-09-04 03:38,156.152,156.246,156.152,156.241
2026-09-04 03:39,156.240,156.305,156.225,156.289
2026-09-04 03:40,156.288,156.299,156.256,156.275
2026-09-04 03:41,156.274,156.334,156.272,156.319
2026-09-04 03:42,156.322,156.369,156.317,156.353
2026-09-04 03:43,156.346,156.368,156.305,156.315
2026-09-04 03:44,156.323,156.395,156.313,156.384
2026-09-04 03:45,156.384,156.414,156.360,156.360
2026-09-04 03:46,156.369,156.429,156.358,156.421
2026-09-04 03:47,156.422,156.441,156.398,156.417
2026-09-04 03:48,156.419,156.423,156.359,156.359
2026-09-04 03:49,156.360,156.379,156.350,156.373
2026-09-04 03:50,156.369,156.383,156.315,156.357
2026-09-04 03:51,156.354,156.357,156.338,156.347
2026-09-04 03:52,156.343,156.378,156.340,156.356
2026-09-04 03:53,156.362,156.370,156.334,156.341
2026-09-04 03:54,156.338,156.369,156.335,156.362
2026-09-04 03:55,156.368,156.388,156.342,156.350
2026-09-04 03:56,156.347,156.365,156.319,156.343
2026-09-04 03:57,156.343,156.375,156.325,156.370
2026-09-04 03:58,156.368,156.393,156.358,156.384
2026-09-04 03:59,156.389,156.392,156.357,156.365
2026-09-04 04:00,156.358,156.368,156.345,156.352
2026-09-04 04:01,156.345,156.350,156.317,156.328
2026-09-04 04:02,156.328,156.358,156.317,156.338
2026-09-04 04:03,156.338,156.345,156.278,156.293
2026-09-04 04:04,156.288,156.301,156.268,156.293
2026-09-04 04:05,156.293,156.313,156.278,156.284
2026-09-04 04:06,156.282,156.317,156.270,156.308
2026-09-04 04:07,156.314,156.324,156.283,156.318
2026-09-04 04:08,156.319,156.337,156.298,156.298
2026-09-04 04:09,156.309,156.353,156.295,156.343
2026-09-04 04:10,156.346,156.366,156.335,156.346
2026-09-04 04:11,156.342,156.344,156.315,156.320
2026-09-04 04:12,156.315,156.342,156.315,156.330
2026-09-04 04:13,156.330,156.352,156.320,156.351
2026-09-04 04:14,156.350,156.369,156.340,156.355
2026-09-04 04:15,156.361,156.387,156.355,156.371
2026-09-04 04:16,156.365,156.383,156.362,156.373
2026-09-04 04:17,156.380,156.396,156.358,156.386
2026-09-04 04:18,156.387,156.390,156.357,156.379
2026-09-04 04:19,156.374,156.385,156.359,156.375
2026-09-04 04:20,156.369,156.376,156.345,156.365
2026-09-04 04:21,156.358,156.373,156.346,156.367
2026-09-04 04:22,156.365,156.375,156.345,156.362
2026-09-04 04:23,156.361,156.416,156.361,156.405
2026-09-04 04:24,156.409,156.439,156.404,156.430
2026-09-04 04:25,156.432,156.448,156.406,156.410
2026-09-04 04:26,156.406,156.417,156.383,156.384
2026-09-04 04:27,156.390,156.392,156.348,156.365
2026-09-04 04:28,156.369,156.381,156.365,156.370
2026-09-04 04:29,156.370,156.381,156.355,156.363
2026-09-04 04:30,156.362,156.366,156.333,156.340
2026-09-04 04:31,156.339,156.350,156.291,156.311
2026-09-04 04:32,156.313,156.337,156.308,156.335
2026-09-04 04:33,156.332,156.362,156.318,156.358
2026-09-04 04:34,156.354,156.375,156.352,156.368
2026-09-04 04:35,156.368,156.387,156.336,156.344
2026-09-04 04:36,156.340,156.345,156.316,156.325
2026-09-04 04:37,156.329,156.340,156.317,156.333
2026-09-04 04:38,156.337,156.341,156.293,156.299
2026-09-04 04:39,156.301,156.307,156.276,156.283
2026-09-04 04:40,156.279,156.287,156.258,156.274
2026-09-04 04:41,156.277,156.284,156.260,156.260
2026-09-04 04:42,156.261,156.281,156.248,156.276
2026-09-04 04:43,156.273,156.281,156.260,156.262
2026-09-04 04:44,156.262,156.276,156.259,156.263
2026-09-04 04:45,156.266,156.295,156.259,156.290
2026-09-04 04:46,156.288,156.299,156.272,156.284
2026-09-04 04:47,156.284,156.302,156.280,156.298
2026-09-04 04:48,156.293,156.309,156.293,156.293
2026-09-04 04:49,156.301,156.301,156.273,156.294
2026-09-04 04:50,156.286,156.294,156.260,156.260
2026-09-04 04:51,156.262,156.289,156.260,156.284
2026-09-04 04:52,156.282,156.327,156.279,156.322
2026-09-04 04:53,156.322,156.333,156.315,156.323
2026-09-04 04:54,156.323,156.330,156.295,156.302
2026-09-04 04:55,156.298,156.306,156.291,156.292
2026-09-04 04:56,156.291,156.342,156.291,156.323
2026-09-04 04:57,156.336,156.354,156.321,156.342
2026-09-04 04:58,156.340,156.360,156.333,156.355
2026-09-04 04:59,156.350,156.350,156.317,156.320
2026-09-04 05:00,156.317,156.348,156.309,156.347
2026-09-04 05:01,156.338,156.384,156.338,156.379
2026-09-04 05:02,156.388,156.391,156.362,156.371
2026-09-04 05:03,156.369,156.387,156.365,156.378
2026-09-04 05:04,156.374,156.406,156.370,156.392
2026-09-04 05:05,156.392,156.418,156.389,156.408
2026-09-04 05:06,156.412,156.416,156.400,156.408
2026-09-04 05:07,156.409,156.409,156.367,156.371
2026-09-04 05:08,156.375,156.377,156.345,156.361
2026-09-04 05:09,156.359,156.366,156.345,156.352
2026-09-04 05:10,156.345,156.356,156.335,156.336
2026-09-04 05:11,156.336,156.352,156.336,156.344
2026-09-04 05:12,156.344,156.351,156.315,156.322
2026-09-04 05:13,156.322,156.330,156.299,156.310
2026-09-04 05:14,156.310,156.319,156.256,156.266
2026-09-04 05:15,156.259,156.290,156.252,156.277
2026-09-04 05:16,156.278,156.278,156.230,156.240
2026-09-04 05:17,156.238,156.298,156.238,156.294
2026-09-04 05:18,156.287,156.315,156.285,156.307
2026-09-04 05:19,156.300,156.316,156.299,156.314
2026-09-04 05:20,156.310,156.324,156.290,156.317
2026-09-04 05:21,156.318,156.328,156.305,156.315
2026-09-04 05:22,156.310,156.317,156.298,156.311
2026-09-04 05:23,156.304,156.340,156.298,156.332
2026-09-04 05:24,156.334,156.351,156.330,156.340
2026-09-04 05:25,156.340,156.366,156.333,156.344
2026-09-04 05:26,156.344,156.353,156.328,156.340
2026-09-04 05:27,156.333,156.349,156.330,156.333
2026-09-04 05:28,156.333,156.343,156.316,156.317
2026-09-04 05:29,156.317,156.321,156.281,156.298
2026-09-04 05:30,156.295,156.315,156.272,156.306
2026-09-04 05:31,156.312,156.322,156.294,156.310
2026-09-04 05:32,156.310,156.321,156.309,156.311
2026-09-04 05:33,156.313,156.323,156.303,156.310
2026-09-04 05:34,156.312,156.328,156.289,156.296
2026-09-04 05:35,156.294,156.313,156.284,156.284
2026-09-04 05:36,156.287,156.311,156.284,156.298
2026-09-04 05:37,156.298,156.313,156.293,156.308
2026-09-04 05:38,156.303,156.325,156.303,156.323
2026-09-04 05:39,156.322,156.331,156.299,156.323
2026-09-04 05:40,156.331,156.343,156.323,156.342
2026-09-04 05:41,156.338,156.341,156.307,156.309
2026-09-04 05:42,156.317,156.344,156.308,156.327
2026-09-04 05:43,156.334,156.344,156.323,156.338
2026-09-04 05:44,156.336,156.348,156.323,156.338
2026-09-04 05:45,156.338,156.383,156.336,156.374
2026-09-04 05:46,156.373,156.384,156.355,156.361
2026-09-04 05:47,156.358,156.371,156.342,156.344
2026-09-04 05:48,156.342,156.360,156.342,156.354
2026-09-04 05:49,156.355,156.376,156.345,156.365
2026-09-04 05:50,156.371,156.398,156.365,156.378
2026-09-04 05:51,156.369,156.417,156.348,156.395
2026-09-04 05:52,156.394,156.401,156.368,156.388
2026-09-04 05:53,156.380,156.390,156.297,156.323
2026-09-04 05:54,156.323,156.355,156.316,156.346
2026-09-04 05:55,156.347,156.356,156.330,156.346
2026-09-04 05:56,156.345,156.355,156.317,156.334
2026-09-04 05:57,156.334,156.352,156.312,156.338
2026-09-04 05:58,156.338,156.346,156.321,156.334
2026-09-04 05:59,156.327,156.338,156.316,156.328
2026-09-04 06:00,156.328,156.390,156.328,156.382
2026-09-04 06:01,156.381,156.404,156.317,156.318
2026-09-04 06:02,156.318,156.368,156.293,156.343
2026-09-04 06:03,156.343,156.392,156.335,156.374
2026-09-04 06:04,156.368,156.442,156.366,156.435
2026-09-04 06:05,156.431,156.447,156.407,156.413
2026-09-04 06:06,156.409,156.417,156.240,156.321
2026-09-04 06:07,156.318,156.343,156.276,156.330
2026-09-04 06:08,156.331,156.358,156.290,156.305
2026-09-04 06:09,156.313,156.339,156.272,156.285
2026-09-04 06:10,156.286,156.336,156.271,156.336
2026-09-04 06:11,156.328,156.361,156.317,156.350
2026-09-04 06:12,156.343,156.358,156.316,156.323
2026-09-04 06:13,156.319,156.330,156.245,156.256
2026-09-04 06:14,156.252,156.260,156.184,156.228
2026-09-04 06:15,156.218,156.290,156.218,156.272
2026-09-04 06:16,156.270,156.306,156.248,156.285
2026-09-04 06:17,156.285,156.307,156.277,156.291
2026-09-04 06:18,156.291,156.336,156.290,156.310
2026-09-04 06:19,156.310,156.338,156.289,156.290
2026-09-04 06:20,156.294,156.299,156.225,156.270
2026-09-04 06:21,156.262,156.276,156.243,156.263
2026-09-04 06:22,156.262,156.290,156.242,156.282
2026-09-04 06:23,156.290,156.299,156.238,156.260
2026-09-04 06:24,156.258,156.266,156.228,156.230
2026-09-04 06:25,156.238,156.243,156.205,156.225
2026-09-04 06:26,156.229,156.243,156.211,156.230
2026-09-04 06:27,156.230,156.266,156.230,156.248
2026-09-04 06:28,156.248,156.255,156.205,156.210
2026-09-04 06:29,156.208,156.217,156.167,156.175
2026-09-04 06:30,156.182,156.208,156.143,156.200
2026-09-04 06:31,156.206,156.243,156.195,156.208
2026-09-04 06:32,156.215,156.221,156.152,156.158
2026-09-04 06:33,156.152,156.175,156.123,156.137
2026-09-04 06:34,156.143,156.151,156.101,156.105
2026-09-04 06:35,156.105,156.160,156.105,156.151
2026-09-04 06:36,156.143,156.162,156.130,156.143
2026-09-04 06:37,156.135,156.184,156.130,156.164
2026-09-04 06:38,156.164,156.212,156.162,156.208
2026-09-04 06:39,156.201,156.208,156.159,156.171
2026-09-04 06:40,156.168,156.185,156.136,156.140
2026-09-04 06:41,156.140,156.156,156.105,156.111
2026-09-04 06:42,156.105,156.140,156.090,156.104
2026-09-04 06:43,156.100,156.115,156.088,156.102
2026-09-04 06:44,156.107,156.141,156.088,156.128
2026-09-04 06:45,156.132,156.153,156.109,156.112
2026-09-04 06:46,156.111,156.142,156.111,156.140
2026-09-04 06:47,156.138,156.158,156.117,156.120
2026-09-04 06:48,156.120,156.128,156.082,156.093
2026-09-04 06:49,156.090,156.118,156.075,156.110
2026-09-04 06:50,156.116,156.141,156.104,156.129
2026-09-04 06:51,156.122,156.175,156.121,156.155
2026-09-04 06:52,156.162,156.164,156.125,156.126
2026-09-04 06:53,156.131,156.144,156.116,156.136
2026-09-04 06:54,156.136,156.176,156.135,156.167
2026-09-04 06:55,156.172,156.202,156.162,156.199
2026-09-04 06:56,156.200,156.227,156.194,156.216
2026-09-04 06:57,156.213,156.254,156.211,156.252
2026-09-04 06:58,156.246,156.262,156.223,156.258
2026-09-04 06:59,156.253,156.287,156.250,156.276
2026-09-04 07:00,156.270,156.297,156.245,156.275
2026-09-04 07:01,156.276,156.340,156.269,156.327
2026-09-04 07:02,156.326,156.383,156.324,156.372
2026-09-04 07:03,156.368,156.393,156.335,156.335
2026-09-04 07:04,156.342,156.352,156.321,156.341
2026-09-04 07:05,156.343,156.352,156.318,156.344
2026-09-04 07:06,156.345,156.363,156.306,156.307
2026-09-04 07:07,156.308,156.341,156.307,156.336
2026-09-04 07:08,156.336,156.366,156.328,156.353
2026-09-04 07:09,156.347,156.374,156.334,156.357
2026-09-04 07:10,156.357,156.364,156.318,156.318
2026-09-04 07:11,156.324,156.366,156.318,156.347
2026-09-04 07:12,156.347,156.373,156.343,156.355
2026-09-04 07:13,156.355,156.371,156.334,156.356
2026-09-04 07:14,156.361,156.387,156.351,156.377
2026-09-04 07:15,156.370,156.380,156.341,156.342
2026-09-04 07:16,156.342,156.377,156.342,156.366
2026-09-04 07:17,156.371,156.412,156.367,156.389
2026-09-04 07:18,156.385,156.394,156.368,156.372
2026-09-04 07:19,156.377,156.388,156.353,156.362
2026-09-04 07:20,156.355,156.363,156.343,156.346
2026-09-04 07:21,156.348,156.354,156.315,156.338
2026-09-04 07:22,156.342,156.358,156.303,156.303
2026-09-04 07:23,156.309,156.320,156.270,156.287
2026-09-04 07:24,156.288,156.300,156.271,156.286
2026-09-04 07:25,156.288,156.336,156.286,156.322
2026-09-04 07:26,156.329,156.342,156.320,156.324
2026-09-04 07:27,156.324,156.350,156.292,156.294
2026-09-04 07:28,156.294,156.306,156.285,156.298
2026-09-04 07:29,156.295,156.307,156.268,156.273
2026-09-04 07:30,156.273,156.292,156.254,156.283
2026-09-04 07:31,156.291,156.302,156.270,156.291
2026-09-04 07:32,156.290,156.306,156.281,156.286
2026-09-04 07:33,156.286,156.326,156.267,156.315
2026-09-04 07:34,156.314,156.319,156.269,156.283
2026-09-04 07:35,156.273,156.318,156.273,156.318
2026-09-04 07:36,156.318,156.345,156.294,156.320
2026-09-04 07:37,156.326,156.330,156.284,156.318
2026-09-04 07:38,156.310,156.337,156.296,156.318
2026-09-04 07:39,156.318,156.334,156.308,156.318
2026-09-04 07:40,156.318,156.338,156.318,156.323
2026-09-04 07:41,156.329,156.330,156.296,156.304
2026-09-04 07:42,156.303,156.314,156.254,156.257
2026-09-04 07:43,156.260,156.281,156.235,156.276
2026-09-04 07:44,156.273,156.293,156.247,156.260
2026-09-04 07:45,156.257,156.265,156.208,156.228
2026-09-04 07:46,156.220,156.249,156.210,156.246
2026-09-04 07:47,156.254,156.265,156.223,156.258
2026-09-04 07:48,156.258,156.271,156.241,156.249
2026-09-04 07:49,156.249,156.257,156.224,156.231
2026-09-04 07:50,156.235,156.295,156.229,156.286
2026-09-04 07:51,156.290,156.307,156.286,156.289
2026-09-04 07:52,156.295,156.301,156.273,156.276
2026-09-04 07:53,156.275,156.289,156.237,156.260
2026-09-04 07:54,156.251,156.326,156.251,156.320
2026-09-04 07:55,156.316,156.339,156.301,156.307
2026-09-04 07:56,156.307,156.329,156.299,156.299
2026-09-04 07:57,156.308,156.346,156.300,156.337
2026-09-04 07:58,156.340,156.345,156.316,156.323
2026-09-04 07:59,156.318,156.333,156.297,156.297
2026-09-04 08:00,156.303,156.335,156.292,156.322
2026-09-04 08:01,156.328,156.383,156.320,156.379
2026-09-04 08:02,156.372,156.379,156.341,156.356
2026-09-04 08:03,156.358,156.364,156.320,156.332
2026-09-04 08:04,156.332,156.343,156.307,156.310
2026-09-04 08:05,156.309,156.370,156.309,156.357
2026-09-04 08:06,156.357,156.366,156.343,156.357
2026-09-04 08:07,156.357,156.395,156.355,156.377
2026-09-04 08:08,156.370,156.403,156.366,156.382
2026-09-04 08:09,156.390,156.391,156.359,156.372
2026-09-04 08:10,156.372,156.400,156.365,156.391
2026-09-04 08:11,156.390,156.400,156.367,156.380
2026-09-04 08:12,156.382,156.401,156.377,156.393
2026-09-04 08:13,156.393,156.402,156.366,156.379
2026-09-04 08:14,156.371,156.379,156.356,156.364
2026-09-04 08:15,156.369,156.392,156.354,156.370
2026-09-04 08:16,156.363,156.375,156.353,156.365
2026-09-04 08:17,156.372,156.373,156.325,156.327
2026-09-04 08:18,156.336,156.340,156.313,156.328
2026-09-04 08:19,156.328,156.338,156.316,156.332
2026-09-04 08:20,156.332,156.342,156.304,156.322
2026-09-04 08:21,156.322,156.331,156.311,156.323
2026-09-04 08:22,156.328,156.356,156.317,156.339
2026-09-04 08:23,156.341,156.355,156.335,156.345
2026-09-04 08:24,156.345,156.366,156.343,156.352
2026-09-04 08:25,156.352,156.381,156.352,156.368
2026-09-04 08:26,156.369,156.379,156.348,156.364
2026-09-04 08:27,156.370,156.386,156.319,156.324
2026-09-04 08:28,156.324,156.342,156.319,156.337
2026-09-04 08:29,156.331,156.343,156.313,156.315
2026-09-04 08:30,156.320,156.342,156.310,156.328
2026-09-04 08:31,156.328,156.379,156.323,156.349
2026-09-04 08:32,156.349,156.363,156.342,156.343
2026-09-04 08:33,156.343,156.355,156.284,156.307
2026-09-04 08:34,156.310,156.322,156.290,156.303
2026-09-04 08:35,156.304,156.311,156.285,156.304
2026-09-04 08:36,156.296,156.330,156.293,156.321
2026-09-04 08:37,156.321,156.347,156.313,156.332
2026-09-04 08:38,156.331,156.341,156.321,156.333
2026-09-04 08:39,156.340,156.346,156.328,156.331
2026-09-04 08:40,156.337,156.358,156.315,156.335
2026-09-04 08:41,156.339,156.355,156.327,156.340
2026-09-04 08:42,156.339,156.356,156.335,156.335
2026-09-04 08:43,156.335,156.387,156.323,156.376
2026-09-04 08:44,156.375,156.384,156.344,156.350
2026-09-04 08:45,156.347,156.356,156.330,156.337
2026-09-04 08:46,156.331,156.357,156.319,156.329
2026-09-04 08:47,156.333,156.353,156.330,156.343
2026-09-04 08:48,156.348,156.358,156.343,156.348
2026-09-04 08:49,156.348,156.368,156.344,156.362
2026-09-04 08:50,156.363,156.370,156.356,156.364
2026-09-04 08:51,156.360,156.385,156.360,156.373
2026-09-04 08:52,156.375,156.437,156.373,156.404
2026-09-04 08:53,156.403,156.413,156.378,156.384
2026-09-04 08:54,156.381,156.412,156.376,156.388
2026-09-04 08:55,156.395,156.399,156.378,156.384
2026-09-04 08:56,156.381,156.400,156.358,156.388
2026-09-04 08:57,156.381,156.391,156.380,156.385
2026-09-04 08:58,156.382,156.417,156.382,156.408
2026-09-04 08:59,156.407,156.436,156.407,156.410
2026-09-04 09:00,156.408,156.428,156.381,156.423
2026-09-04 09:01,156.424,156.440,156.377,156.379
2026-09-04 09:02,156.385,156.394,156.355,156.361
2026-09-04 09:03,156.366,156.383,156.358,156.366
2026-09-04 09:04,156.366,156.384,156.346,156.354
2026-09-04 09:05,156.355,156.397,156.355,156.386
2026-09-04 09:06,156.386,156.398,156.383,156.390
2026-09-04 09:07,156.390,156.408,156.384,156.392
2026-09-04 09:08,156.397,156.399,156.369,156.369
2026-09-04 09:09,156.378,156.383,156.349,156.365
2026-09-04 09:10,156.359,156.369,156.354,156.355
2026-09-04 09:11,156.362,156.365,156.335,156.360
2026-09-04 09:12,156.357,156.379,156.348,156.348
2026-09-04 09:13,156.352,156.378,156.348,156.371
2026-09-04 09:14,156.365,156.369,156.353,156.353
2026-09-04 09:15,156.352,156.363,156.345,156.352
2026-09-04 09:16,156.347,156.357,156.344,156.345
2026-09-04 09:17,156.346,156.368,156.345,156.358
2026-09-04 09:18,156.358,156.369,156.311,156.311
2026-09-04 09:19,156.302,156.333,156.300,156.323
2026-09-04 09:20,156.323,156.341,156.321,156.329
2026-09-04 09:21,156.330,156.337,156.321,156.337
2026-09-04 09:22,156.330,156.352,156.311,156.312
2026-09-04 09:23,156.319,156.357,156.312,156.344
2026-09-04 09:24,156.341,156.360,156.335,156.349
2026-09-04 09:25,156.352,156.353,156.311,156.311
2026-09-04 09:26,156.311,156.329,156.311,156.322
2026-09-04 09:27,156.328,156.355,156.319,156.354
2026-09-04 09:28,156.350,156.379,156.345,156.377
2026-09-04 09:29,156.380,156.393,156.367,156.372
2026-09-04 09:30,156.368,156.389,156.368,156.388
2026-09-04 09:31,156.387,156.414,156.382,156.400
2026-09-04 09:32,156.400,156.427,156.391,156.419
2026-09-04 09:33,156.418,156.452,156.418,156.439
2026-09-04 09:34,156.440,156.530,156.425,156.484
2026-09-04 09:35,156.484,156.537,156.476,156.513
2026-09-04 09:36,156.520,156.533,156.494,156.494
2026-09-04 09:37,156.496,156.526,156.484,156.505
2026-09-04 09:38,156.505,156.551,156.505,156.547
2026-09-04 09:39,156.542,156.547,156.521,156.538
2026-09-04 09:40,156.535,156.546,156.507,156.508
2026-09-04 09:41,156.511,156.545,156.496,156.535
2026-09-04 09:42,156.540,156.578,156.532,156.558
2026-09-04 09:43,156.564,156.581,156.543,156.551
2026-09-04 09:44,156.552,156.560,156.531,156.540
2026-09-04 09:45,156.536,156.541,156.521,156.526
2026-09-04 09:46,156.527,156.540,156.496,156.502
2026-09-04 09:47,156.498,156.520,156.496,156.513
2026-09-04 09:48,156.517,156.537,156.513,156.520
2026-09-04 09:49,156.519,156.529,156.503,156.524
2026-09-04 09:50,156.528,156.532,156.507,156.508
2026-09-04 09:51,156.510,156.536,156.508,156.519
2026-09-04 09:52,156.524,156.540,156.517,156.519
2026-09-04 09:53,156.519,156.526,156.483,156.484
2026-09-04 09:54,156.484,156.506,156.480,156.488
2026-09-04 09:55,156.484,156.500,156.458,156.464
2026-09-04 09:56,156.464,156.480,156.459,156.464
2026-09-04 09:57,156.466,156.476,156.440,156.463
2026-09-04 09:58,156.465,156.499,156.457,156.482
2026-09-04 09:59,156.477,156.488,156.472,156.479
2026-09-04 10:00,156.472,156.483,156.441,156.447
2026-09-04 10:01,156.453,156.471,156.447,156.459
2026-09-04 10:02,156.459,156.476,156.457,156.463
2026-09-04 10:03,156.464,156.468,156.424,156.431
2026-09-04 10:04,156.426,156.446,156.421,156.427
2026-09-04 10:05,156.427,156.455,156.427,156.440
2026-09-04 10:06,156.440,156.456,156.433,156.436
2026-09-04 10:07,156.442,156.443,156.410,156.414
2026-09-04 10:08,156.416,156.423,156.403,156.409
2026-09-04 10:09,156.412,156.435,156.407,156.418
2026-09-04 10:10,156.416,156.436,156.411,156.434
2026-09-04 10:11,156.427,156.435,156.404,156.404
2026-09-04 10:12,156.404,156.422,156.399,156.415
2026-09-04 10:13,156.409,156.420,156.392,156.393
2026-09-04 10:14,156.399,156.401,156.379,156.380
2026-09-04 10:15,156.380,156.387,156.366,156.372
2026-09-04 10:16,156.372,156.390,156.366,156.378
2026-09-04 10:17,156.373,156.389,156.358,156.368
2026-09-04 10:18,156.369,156.384,156.358,156.374
2026-09-04 10:19,156.374,156.385,156.357,156.376
2026-09-04 10:20,156.376,156.405,156.374,156.397
2026-09-04 10:21,156.396,156.405,156.379,156.380
2026-09-04 10:22,156.380,156.391,156.376,156.383
2026-09-04 10:23,156.377,156.391,156.376,156.391
2026-09-04 10:24,156.385,156.406,156.381,156.390
2026-09-04 10:25,156.384,156.390,156.295,156.309
2026-09-04 10:26,156.313,156.372,156.310,156.361
2026-09-04 10:27,156.367,156.369,156.354,156.354
2026-09-04 10:28,156.357,156.373,156.346,156.361
2026-09-04 10:29,156.356,156.363,156.331,156.332
2026-09-04 10:30,156.331,156.345,156.324,156.334
2026-09-04 10:31,156.334,156.349,156.311,156.311
2026-09-04 10:32,156.319,156.321,156.286,156.287
2026-09-04 10:33,156.288,156.306,156.280,156.298
2026-09-04 10:34,156.295,156.342,156.285,156.336
2026-09-04 10:35,156.340,156.345,156.315,156.332
2026-09-04 10:36,156.331,156.391,156.323,156.367
2026-09-04 10:37,156.367,156.389,156.366,156.375
2026-09-04 10:38,156.375,156.395,156.371,156.381
2026-09-04 10:39,156.381,156.390,156.348,156.351
2026-09-04 10:40,156.351,156.386,156.346,156.382
2026-09-04 10:41,156.377,156.383,156.348,156.352
2026-09-04 10:42,156.349,156.373,156.345,156.350
2026-09-04 10:43,156.352,156.366,156.346,156.356
2026-09-04 10:44,156.356,156.364,156.344,156.347
2026-09-04 10:45,156.352,156.359,156.331,156.339
2026-09-04 10:46,156.339,156.348,156.296,156.306
2026-09-04 10:47,156.299,156.319,156.287,156.310
2026-09-04 10:48,156.317,156.328,156.308,156.309
2026-09-04 10:49,156.313,156.331,156.298,156.298
2026-09-04 10:50,156.298,156.306,156.275,156.293
2026-09-04 10:51,156.292,156.303,156.286,156.300
2026-09-04 10:52,156.296,156.311,156.294,156.299
2026-09-04 10:53,156.299,156.318,156.288,156.311
2026-09-04 10:54,156.308,156.313,156.299,156.300
2026-09-04 10:55,156.299,156.325,156.293,156.318
2026-09-04 10:56,156.318,156.330,156.311,156.322
2026-09-04 10:57,156.329,156.330,156.303,156.303
2026-09-04 10:58,156.303,156.310,156.301,156.301
2026-09-04 10:59,156.301,156.333,156.296,156.323
2026-09-04 11:00,156.320,156.332,156.312,156.324
2026-09-04 11:01,156.318,156.326,156.297,156.308
2026-09-04 11:02,156.306,156.337,156.297,156.332
2026-09-04 11:03,156.332,156.339,156.319,156.329
2026-09-04 11:04,156.328,156.332,156.292,156.299
2026-09-04 11:05,156.295,156.331,156.294,156.327
2026-09-04 11:06,156.325,156.354,156.321,156.352
2026-09-04 11:07,156.346,156.367,156.344,156.349
2026-09-04 11:08,156.349,156.356,156.334,156.334
2026-09-04 11:09,156.336,156.348,156.333,156.335
2026-09-04 11:10,156.335,156.342,156.313,156.317
2026-09-04 11:11,156.314,156.353,156.312,156.336
2026-09-04 11:12,156.342,156.344,156.258,156.274
2026-09-04 11:13,156.276,156.287,156.260,156.265
2026-09-04 11:14,156.266,156.283,156.255,156.275
2026-09-04 11:15,156.279,156.313,156.274,156.307
2026-09-04 11:16,156.312,156.326,156.298,156.310
2026-09-04 11:17,156.311,156.325,156.300,156.305
2026-09-04 11:18,156.301,156.322,156.299,156.309
2026-09-04 11:19,156.316,156.316,156.296,156.297
2026-09-04 11:20,156.297,156.305,156.275,156.281
2026-09-04 11:21,156.281,156.294,156.271,156.285
2026-09-04 11:22,156.285,156.298,156.262,156.269
2026-09-04 11:23,156.262,156.280,156.254,156.272
2026-09-04 11:24,156.277,156.280,156.260,156.273
2026-09-04 11:25,156.273,156.304,156.272,156.290
2026-09-04 11:26,156.286,156.300,156.284,156.285
2026-09-04 11:27,156.285,156.293,156.267,156.269
2026-09-04 11:28,156.268,156.284,156.268,156.272
2026-09-04 11:29,156.272,156.298,156.268,156.287
2026-09-04 11:30,156.287,156.297,156.282,156.286
2026-09-04 11:31,156.288,156.296,156.281,156.292
2026-09-04 11:32,156.286,156.302,156.281,156.282
2026-09-04 11:33,156.282,156.297,156.282,156.282
2026-09-04 11:34,156.288,156.290,156.266,156.272
2026-09-04 11:35,156.271,156.285,156.267,156.272
2026-09-04 11:36,156.275,156.297,156.271,156.292
2026-09-04 11:37,156.287,156.302,156.282,156.287
2026-09-04 11:38,156.293,156.297,156.277,156.289
2026-09-04 11:39,156.289,156.309,156.283,156.291
2026-09-04 11:40,156.291,156.298,156.274,156.280
2026-09-04 11:41,156.286,156.303,156.274,156.292
2026-09-04 11:42,156.295,156.313,156.286,156.303
2026-09-04 11:43,156.307,156.311,156.278,156.282
2026-09-04 11:44,156.285,156.291,156.247,156.247
2026-09-04 11:45,156.247,156.262,156.195,156.195
2026-09-04 11:46,156.205,156.229,156.195,156.216
2026-09-04 11:47,156.222,156.234,156.207,156.208
2026-09-04 11:48,156.207,156.216,156.171,156.183
2026-09-04 11:49,156.176,156.204,156.175,156.193
2026-09-04 11:50,156.187,156.212,156.182,156.183
2026-09-04 11:51,156.190,156.197,156.171,156.173
2026-09-04 11:52,156.176,156.214,156.170,156.206
2026-09-04 11:53,156.207,156.220,156.198,156.202
2026-09-04 11:54,156.203,156.213,156.194,156.194
2026-09-04 11:55,156.195,156.240,156.192,156.239
2026-09-04 11:56,156.234,156.241,156.212,156.212
2026-09-04 11:57,156.216,156.233,156.212,156.227
2026-09-04 11:58,156.222,156.240,156.220,156.233
2026-09-04 11:59,156.233,156.269,156.230,156.259
2026-09-04 12:00,156.262,156.274,156.247,156.261
2026-09-04 12:01,156.268,156.269,156.237,156.245
2026-09-04 12:02,156.240,156.243,156.191,156.210
2026-09-04 12:03,156.208,156.222,156.193,156.214
2026-09-04 12:04,156.214,156.220,156.194,156.218
2026-09-04 12:05,156.210,156.230,156.205,156.214
2026-09-04 12:06,156.212,156.241,156.191,156.224
2026-09-04 12:07,156.222,156.239,156.222,156.234
2026-09-04 12:08,156.237,156.261,156.223,156.225
2026-09-04 12:09,156.225,156.249,156.218,156.243
2026-09-04 12:10,156.244,156.249,156.221,156.223
2026-09-04 12:11,156.222,156.228,156.206,156.212
2026-09-04 12:12,156.209,156.237,156.191,156.232
2026-09-04 12:13,156.230,156.240,156.207,156.216
2026-09-04 12:14,156.221,156.221,156.191,156.206
2026-09-04 12:15,156.206,156.214,156.189,156.206
2026-09-04 12:16,156.206,156.228,156.189,156.196
2026-09-04 12:17,156.191,156.220,156.190,156.190
2026-09-04 12:18,156.190,156.198,156.171,156.172
2026-09-04 12:19,156.172,156.192,156.154,156.169
2026-09-04 12:20,156.162,156.188,156.154,156.164
2026-09-04 12:21,156.168,156.182,156.143,156.146
2026-09-04 12:22,156.144,156.155,156.131,156.141
2026-09-04 12:23,156.145,156.158,156.133,156.142
2026-09-04 12:24,156.147,156.185,156.127,156.165
2026-09-04 12:25,156.178,156.178,156.145,156.150
2026-09-04 12:26,156.150,156.183,156.149,156.164
2026-09-04 12:27,156.166,156.180,156.149,156.152
2026-09-04 12:28,156.152,156.161,156.110,156.110
2026-09-04 12:29,156.121,156.138,155.960,156.008
2026-09-04 12:30,156.011,156.722,155.981,156.688
2026-09-04 12:31,156.685,156.752,156.596,156.614
2026-09-04 12:32,156.638,156.639,156.488,156.542
2026-09-04 12:33,156.551,156.586,156.431,156.499
2026-09-04 12:34,156.506,156.581,156.461,156.482
2026-09-04 12:35,156.488,156.520,156.424,156.509
2026-09-04 12:36,156.500,156.537,156.447,156.465
2026-09-04 12:37,156.471,156.480,156.277,156.366
2026-09-04 12:38,156.358,156.369,156.146,156.242
2026-09-04 12:39,156.238,156.282,156.174,156.270
2026-09-04 12:40,156.275,156.390,156.268,156.373
2026-09-04 12:41,156.373,156.424,156.350,156.403
2026-09-04 12:42,156.399,156.405,156.342,156.374
2026-09-04 12:43,156.373,156.396,156.336,156.381
2026-09-04 12:44,156.380,156.388,156.278,156.310
2026-09-04 12:45,156.308,156.340,156.284,156.293
2026-09-04 12:46,156.293,156.429,156.293,156.405
2026-09-04 12:47,156.397,156.455,156.391,156.448
2026-09-04 12:48,156.442,156.450,156.001,156.113
2026-09-04 12:49,156.135,156.208,155.802,155.828
2026-09-04 12:50,155.831,155.863,155.510,155.718
2026-09-04 12:51,155.726,155.827,155.345,155.372
2026-09-04 12:52,155.373,155.662,155.342,155.608
2026-09-04 12:53,155.588,155.723,155.399,155.477
2026-09-04 12:54,155.490,155.599,155.426,155.581
2026-09-04 12:55,155.586,155.767,155.563,155.736
2026-09-04 12:56,155.737,155.852,155.718,155.822
2026-09-04 12:57,155.837,155.935,155.810,155.831
2026-09-04 12:58,155.840,155.850,155.605,155.698
2026-09-04 12:59,155.704,155.765,155.633,155.685
2026-09-04 13:00,155.684,155.873,155.671,155.867
2026-09-04 13:01,155.876,155.901,155.777,155.794
2026-09-04 13:02,155.780,155.892,155.780,155.882
2026-09-04 13:03,155.877,155.912,155.813,155.859
2026-09-04 13:04,155.856,155.982,155.851,155.974
2026-09-04 13:05,155.973,156.000,155.925,155.992
2026-09-04 13:06,155.986,156.104,155.978,156.055
2026-09-04 13:07,156.047,156.095,156.040,156.058
2026-09-04 13:08,156.058,156.100,156.031,156.083
2026-09-04 13:09,156.090,156.133,156.077,156.112
2026-09-04 13:10,156.104,156.145,156.068,156.086
2026-09-04 13:11,156.082,156.120,156.049,156.096
2026-09-04 13:12,156.095,156.113,155.973,155.995
2026-09-04 13:13,155.988,156.048,155.955,156.035
2026-09-04 13:14,156.038,156.106,156.037,156.068
2026-09-04 13:15,156.064,156.077,155.960,155.975
2026-09-04 13:16,155.974,155.984,155.927,155.970
2026-09-04 13:17,155.963,156.011,155.952,155.973
2026-09-04 13:18,155.974,155.983,155.868,155.918
2026-09-04 13:19,155.924,155.926,155.878,155.901
2026-09-04 13:20,155.893,155.919,155.838,155.859
2026-09-04 13:21,155.866,155.884,155.799,155.801
2026-09-04 13:22,155.808,155.833,155.728,155.781
2026-09-04 13:23,155.782,155.816,155.748,155.760
2026-09-04 13:24,155.767,155.785,155.675,155.697
2026-09-04 13:25,155.702,155.753,155.667,155.749
2026-09-04 13:26,155.739,155.762,155.664,155.675
2026-09-04 13:27,155.676,155.695,155.616,155.678
2026-09-04 13:28,155.675,155.740,155.638,155.642
2026-09-04 13:29,155.643,155.654,155.594,155.606
2026-09-04 13:30,155.612,155.648,155.540,155.560
2026-09-04 13:31,155.550,155.595,155.478,155.583
2026-09-04 13:32,155.585,155.752,155.576,155.733
2026-09-04 13:33,155.733,155.770,155.716,155.766
2026-09-04 13:34,155.757,155.768,155.694,155.727
2026-09-04 13:35,155.734,155.789,155.696,155.785
2026-09-04 13:36,155.781,155.816,155.742,155.783
2026-09-04 13:37,155.783,155.803,155.714,155.721
2026-09-04 13:38,155.722,155.839,155.713,155.793
2026-09-04 13:39,155.792,155.831,155.760,155.791
2026-09-04 13:40,155.783,155.792,155.684,155.685
2026-09-04 13:41,155.695,155.707,155.646,155.668
2026-09-04 13:42,155.663,155.690,155.604,155.647
2026-09-04 13:43,155.646,155.671,155.555,155.660
2026-09-04 13:44,155.662,155.749,155.633,155.721
2026-09-04 13:45,155.720,155.730,155.656,155.666
2026-09-04 13:46,155.662,155.695,155.606,155.615
2026-09-04 13:47,155.615,155.672,155.606,155.648
2026-09-04 13:48,155.638,155.675,155.622,155.648
2026-09-04 13:49,155.648,155.717,155.632,155.708
2026-09-04 13:50,155.700,155.748,155.660,155.740
2026-09-04 13:51,155.734,155.783,155.709,155.736
2026-09-04 13:52,155.733,155.809,155.733,155.791
2026-09-04 13:53,155.797,155.820,155.780,155.795
2026-09-04 13:54,155.801,155.812,155.734,155.746
2026-09-04 13:55,155.764,155.831,155.746,155.813
2026-09-04 13:56,155.810,155.855,155.792,155.833
2026-09-04 13:57,155.827,155.876,155.816,155.866
2026-09-04 13:58,155.866,155.902,155.861,155.888
2026-09-04 13:59,155.893,155.897,155.829,155.841
2026-09-04 14:00,155.839,155.896,155.828,155.882
2026-09-04 14:01,155.885,155.932,155.867,155.873
2026-09-04 14:02,155.874,155.944,155.862,155.929
2026-09-04 14:03,155.929,155.985,155.928,155.974
2026-09-04 14:04,155.974,156.034,155.973,156.018
2026-09-04 14:05,156.022,156.062,155.995,156.004
2026-09-04 14:06,156.008,156.024,155.948,155.961
2026-09-04 14:07,155.964,155.993,155.936,155.966
2026-09-04 14:08,155.966,156.011,155.964,156.011
2026-09-04 14:09,156.012,156.073,155.993,156.062
2026-09-04 14:10,156.067,156.127,156.060,156.100
2026-09-04 14:11,156.095,156.150,156.088,156.107
2026-09-04 14:12,156.099,156.147,156.061,156.119
2026-09-04 14:13,156.126,156.146,156.086,156.098
2026-09-04 14:14,156.096,156.134,156.068,156.080
2026-09-04 14:15,156.077,156.110,156.053,156.092
2026-09-04 14:16,156.103,156.112,156.067,156.104
2026-09-04 14:17,156.102,156.148,156.078,156.090
2026-09-04 14:18,156.097,156.102,156.053,156.057
2026-09-04 14:19,156.054,156.076,156.026,156.068
2026-09-04 14:20,156.064,156.096,156.036,156.096
2026-09-04 14:21,156.095,156.101,156.067,156.067
2026-09-04 14:22,156.077,156.092,156.047,156.055
2026-09-04 14:23,156.059,156.079,156.034,156.066
2026-09-04 14:24,156.076,156.092,156.054,156.068
2026-09-04 14:25,156.069,156.069,155.994,156.018
2026-09-04 14:26,156.017,156.042,155.983,156.005
2026-09-04 14:27,156.013,156.040,155.984,156.023
2026-09-04 14:28,156.029,156.057,156.017,156.028
2026-09-04 14:29,156.029,156.046,156.000,156.037
2026-09-04 14:30,156.037,156.055,156.010,156.028
2026-09-04 14:31,156.023,156.037,155.928,155.928
2026-09-04 14:32,155.929,155.983,155.920,155.974
2026-09-04 14:33,155.981,155.997,155.932,155.957
2026-09-04 14:34,155.953,155.957,155.906,155.925
2026-09-04 14:35,155.922,155.939,155.878,155.899
2026-09-04 14:36,155.904,155.935,155.883,155.914
2026-09-04 14:37,155.916,155.921,155.872,155.883
2026-09-04 14:38,155.889,155.915,155.854,155.881
2026-09-04 14:39,155.878,155.907,155.864,155.878
2026-09-04 14:40,155.887,155.961,155.878,155.925
2026-09-04 14:41,155.918,155.949,155.900,155.947
2026-09-04 14:42,155.943,155.968,155.921,155.941
2026-09-04 14:43,155.946,155.998,155.941,155.977
2026-09-04 14:44,155.986,156.002,155.959,155.987
2026-09-04 14:45,155.982,155.997,155.964,155.979
2026-09-04 14:46,155.982,156.032,155.974,156.016
2026-09-04 14:47,156.016,156.094,156.013,156.064
2026-09-04 14:48,156.055,156.086,156.048,156.055
2026-09-04 14:49,156.055,156.086,156.014,156.079
2026-09-04 14:50,156.075,156.104,156.064,156.067
2026-09-04 14:51,156.068,156.174,156.065,156.164
2026-09-04 14:52,156.162,156.196,156.148,156.173
2026-09-04 14:53,156.174,156.184,156.108,156.119
2026-09-04 14:54,156.120,156.140,156.097,156.134
2026-09-04 14:55,156.134,156.138,156.086,156.128
2026-09-04 14:56,156.131,156.161,156.119,156.152
2026-09-04 14:57,156.152,156.173,156.113,156.147
2026-09-04 14:58,156.148,156.156,156.102,156.117
2026-09-04 14:59,156.121,156.129,156.089,156.119
2026-09-04 15:00,156.118,156.150,156.103,156.137
2026-09-04 15:01,156.136,156.171,156.101,156.112
2026-09-04 15:02,156.116,156.131,156.081,156.111
2026-09-04 15:03,156.105,156.117,156.082,156.083
2026-09-04 15:04,156.092,156.092,156.019,156.040
2026-09-04 15:05,156.049,156.067,156.030,156.035
2026-09-04 15:06,156.042,156.070,156.018,156.067
2026-09-04 15:07,156.068,156.072,156.025,156.031
2026-09-04 15:08,156.035,156.059,156.023,156.048
2026-09-04 15:09,156.057,156.097,156.038,156.078
2026-09-04 15:10,156.082,156.089,156.010,156.013
2026-09-04 15:11,156.014,156.023,155.987,156.007
2026-09-04 15:12,156.008,156.023,155.963,155.967
2026-09-04 15:13,155.972,156.002,155.964,155.981
2026-09-04 15:14,155.981,155.991,155.951,155.954
2026-09-04 15:15,155.955,155.992,155.954,155.972
2026-09-04 15:16,155.973,156.001,155.953,155.961
2026-09-04 15:17,155.964,155.994,155.959,155.963
2026-09-04 15:18,155.967,155.986,155.950,155.966
2026-09-04 15:19,155.968,155.976,155.946,155.946
2026-09-04 15:20,155.946,155.984,155.926,155.978
2026-09-04 15:21,155.977,156.013,155.977,156.000
2026-09-04 15:22,156.004,156.026,155.993,155.994
2026-09-04 15:23,155.994,156.046,155.990,156.040
2026-09-04 15:24,156.043,156.048,156.011,156.024
2026-09-04 15:25,156.031,156.037,156.002,156.028
2026-09-04 15:26,156.028,156.062,156.028,156.038
2026-09-04 15:27,156.033,156.054,156.024,156.037
2026-09-04 15:28,156.041,156.048,156.019,156.041
2026-09-04 15:29,156.044,156.060,156.031,156.049
2026-09-04 15:30,156.055,156.065,156.014,156.020
2026-09-04 15:31,156.028,156.028,155.996,156.005
2026-09-04 15:32,155.998,156.019,155.996,156.011
2026-09-04 15:33,156.011,156.055,156.010,156.027
2026-09-04 15:34,156.025,156.092,156.024,156.071
2026-09-04 15:35,156.070,156.077,156.040,156.065
2026-09-04 15:36,156.060,156.085,156.060,156.081
2026-09-04 15:37,156.075,156.083,156.059,156.079
2026-09-04 15:38,156.081,156.101,156.071,156.082
2026-09-04 15:39,156.081,156.090,156.061,156.078
2026-09-04 15:40,156.084,156.089,156.062,156.088
2026-09-04 15:41,156.089,156.099,156.023,156.035
2026-09-04 15:42,156.034,156.076,156.015,156.075
2026-09-04 15:43,156.074,156.091,156.056,156.064
2026-09-04 15:44,156.068,156.082,156.058,156.070
2026-09-04 15:45,156.069,156.079,156.061,156.074
2026-09-04 15:46,156.066,156.089,156.045,156.045
2026-09-04 15:47,156.046,156.063,156.040,156.061
2026-09-04 15:48,156.060,156.086,156.049,156.071
2026-09-04 15:49,156.072,156.072,156.026,156.027
2026-09-04 15:50,156.035,156.040,155.977,155.990
2026-09-04 15:51,155.992,156.020,155.977,156.015
2026-09-04 15:52,156.019,156.050,156.013,156.049
2026-09-04 15:53,156.042,156.074,156.038,156.069
2026-09-04 15:54,156.071,156.092,156.062,156.083
2026-09-04 15:55,156.085,156.091,156.050,156.052
2026-09-04 15:56,156.060,156.063,156.041,156.050
2026-09-04 15:57,156.053,156.080,156.047,156.072
2026-09-04 15:58,156.075,156.097,156.072,156.091
2026-09-04 15:59,156.088,156.124,156.082,156.107
2026-09-04 16:00,156.109,156.122,156.067,156.078
2026-09-04 16:01,156.080,156.086,156.054,156.063
2026-09-04 16:02,156.063,156.091,156.059,156.071
2026-09-04 16:03,156.079,156.086,156.035,156.042
2026-09-04 16:04,156.038,156.069,156.036,156.066
2026-09-04 16:05,156.067,156.068,156.049,156.052
2026-09-04 16:06,156.052,156.121,156.052,156.056
2026-09-04 16:07,156.063,156.092,156.056,156.084
2026-09-04 16:08,156.082,156.095,156.064,156.069
2026-09-04 16:09,156.072,156.088,156.060,156.084
2026-09-04 16:10,156.083,156.106,156.076,156.099
2026-09-04 16:11,156.102,156.123,156.094,156.122
2026-09-04 16:12,156.114,156.136,156.114,156.127
2026-09-04 16:13,156.130,156.136,156.089,156.091
2026-09-04 16:14,156.097,156.099,156.051,156.078
2026-09-04 16:15,156.081,156.087,156.046,156.073
2026-09-04 16:16,156.065,156.074,156.051,156.059
2026-09-04 16:17,156.056,156.076,156.041,156.061
2026-09-04 16:18,156.068,156.082,156.042,156.072
2026-09-04 16:19,156.072,156.080,156.054,156.056
2026-09-04 16:20,156.057,156.062,156.020,156.024
2026-09-04 16:21,156.029,156.029,155.992,156.016
2026-09-04 16:22,156.018,156.072,156.016,156.054
2026-09-04 16:23,156.052,156.072,156.041,156.062
2026-09-04 16:24,156.058,156.069,156.049,156.055
2026-09-04 16:25,156.065,156.094,156.055,156.068
2026-09-04 16:26,156.067,156.095,156.067,156.090
2026-09-04 16:27,156.089,156.092,156.075,156.075
2026-09-04 16:28,156.081,156.086,156.068,156.081
2026-09-04 16:29,156.082,156.103,156.070,156.078
2026-09-04 16:30,156.084,156.093,156.062,156.069
2026-09-04 16:31,156.075,156.092,156.066,156.078
2026-09-04 16:32,156.077,156.088,156.061,156.068
2026-09-04 16:33,156.068,156.076,156.039,156.045
2026-09-04 16:34,156.051,156.055,156.036,156.046
2026-09-04 16:35,156.040,156.047,156.031,156.043
2026-09-04 16:36,156.042,156.048,156.033,156.039
2026-09-04 16:37,156.034,156.056,156.029,156.054
2026-09-04 16:38,156.050,156.063,156.043,156.056
2026-09-04 16:39,156.050,156.073,156.049,156.066
2026-09-04 16:40,156.070,156.081,156.039,156.039
2026-09-04 16:41,156.037,156.046,156.018,156.032
2026-09-04 16:42,156.032,156.074,156.032,156.044
2026-09-04 16:43,156.043,156.060,156.041,156.041
2026-09-04 16:44,156.041,156.057,156.033,156.044
2026-09-04 16:45,156.044,156.057,156.022,156.047
2026-09-04 16:46,156.044,156.064,156.044,156.061
2026-09-04 16:47,156.053,156.070,156.043,156.063
2026-09-04 16:48,156.069,156.081,156.048,156.049
2026-09-04 16:49,156.049,156.054,156.029,156.033
2026-09-04 16:50,156.038,156.064,156.033,156.054
2026-09-04 16:51,156.054,156.063,156.052,156.056
2026-09-04 16:52,156.056,156.063,156.053,156.063
2026-09-04 16:53,156.055,156.072,156.054,156.066
2026-09-04 16:54,156.067,156.074,156.050,156.065
2026-09-04 16:55,156.068,156.076,156.056,156.064
2026-09-04 16:56,156.064,156.101,156.063,156.090
2026-09-04 16:57,156.096,156.097,156.052,156.072
2026-09-04 16:58,156.066,156.097,156.066,156.077
2026-09-04 16:59,156.077,156.103,155.964,155.991
2026-09-04 17:00,156.024,156.108,155.986,156.091
2026-09-04 17:01,156.091,156.130,156.085,156.127
2026-09-04 17:02,156.122,156.139,156.112,156.117
2026-09-04 17:03,156.112,156.167,156.112,156.156
2026-09-04 17:04,156.157,156.187,156.156,156.184
2026-09-04 17:05,156.177,156.193,156.138,156.143
2026-09-04 17:06,156.150,156.162,156.137,156.152
2026-09-04 17:07,156.145,156.152,156.119,156.123
2026-09-04 17:08,156.120,156.141,156.101,156.118
2026-09-04 17:09,156.125,156.126,156.093,156.108
2026-09-04 17:10,156.108,156.119,156.099,156.104
2026-09-04 17:11,156.101,156.122,156.099,156.118
2026-09-04 17:12,156.112,156.126,156.092,156.106
2026-09-04 17:13,156.098,156.109,156.076,156.086
2026-09-04 17:14,156.077,156.104,156.076,156.100
2026-09-04 17:15,156.097,156.106,156.076,156.078
2026-09-04 17:16,156.079,156.106,156.078,156.099
2026-09-04 17:17,156.096,156.108,156.065,156.076
2026-09-04 17:18,156.076,156.087,156.067,156.082
2026-09-04 17:19,156.080,156.088,156.075,156.085
2026-09-04 17:20,156.083,156.083,156.052,156.074
2026-09-04 17:21,156.072,156.089,156.060,156.079
2026-09-04 17:22,156.085,156.103,156.078,156.092
2026-09-04 17:23,156.092,156.128,156.092,156.120
2026-09-04 17:24,156.124,156.143,156.100,156.106
2026-09-04 17:25,156.104,156.120,156.096,156.101
2026-09-04 17:26,156.102,156.123,156.102,156.109
2026-09-04 17:27,156.116,156.137,156.110,156.128
2026-09-04 17:28,156.128,156.135,156.115,156.125
2026-09-04 17:29,156.123,156.136,156.116,156.116
2026-09-04 17:30,156.116,156.124,156.087,156.098
2026-09-04 17:31,156.091,156.094,156.072,156.079
2026-09-04 17:32,156.073,156.089,156.048,156.071
2026-09-04 17:33,156.070,156.084,156.059,156.079
2026-09-04 17:34,156.075,156.089,156.054,156.059
2026-09-04 17:35,156.066,156.113,156.058,156.103
2026-09-04 17:36,156.103,156.120,156.086,156.109
2026-09-04 17:37,156.104,156.114,156.076,156.081
2026-09-04 17:38,156.088,156.088,156.063,156.076
2026-09-04 17:39,156.078,156.106,156.072,156.092
2026-09-04 17:40,156.092,156.101,156.082,156.091
2026-09-04 17:41,156.091,156.103,156.080,156.091
2026-09-04 17:42,156.091,156.107,156.088,156.092
2026-09-04 17:43,156.098,156.102,156.081,156.093
2026-09-04 17:44,156.100,156.123,156.093,156.120
2026-09-04 17:45,156.114,156.124,156.105,156.108
2026-09-04 17:46,156.109,156.124,156.106,156.123
2026-09-04 17:47,156.124,156.133,156.097,156.106
2026-09-04 17:48,156.115,156.122,156.109,156.114
2026-09-04 17:49,156.122,156.131,156.105,156.115
2026-09-04 17:50,156.108,156.116,156.100,156.108
2026-09-04 17:51,156.109,156.113,156.086,156.102
2026-09-04 17:52,156.100,156.107,156.080,156.103
2026-09-04 17:53,156.100,156.121,156.098,156.116
2026-09-04 17:54,156.110,156.116,156.093,156.103
2026-09-04 17:55,156.105,156.134,156.103,156.130
2026-09-04 17:56,156.126,156.137,156.118,156.127
2026-09-04 17:57,156.127,156.150,156.127,156.136
2026-09-04 17:58,156.136,156.153,156.133,156.142
2026-09-04 17:59,156.147,156.152,156.130,156.138
2026-09-04 18:00,156.138,156.140,156.114,156.121
2026-09-04 18:01,156.121,156.162,156.121,156.158
2026-09-04 18:02,156.162,156.163,156.124,156.125
2026-09-04 18:03,156.124,156.138,156.118,156.131
2026-09-04 18:04,156.136,156.143,156.125,156.133
2026-09-04 18:05,156.132,156.138,156.116,156.128
2026-09-04 18:06,156.128,156.140,156.118,156.133
2026-09-04 18:07,156.126,156.150,156.126,156.145
2026-09-04 18:08,156.143,156.152,156.138,156.151
2026-09-04 18:09,156.144,156.162,156.140,156.145
2026-09-04 18:10,156.145,156.153,156.128,156.135
2026-09-04 18:11,156.140,156.157,156.133,156.150
2026-09-04 18:12,156.148,156.152,156.128,156.133
2026-09-04 18:13,156.140,156.148,156.130,156.142
2026-09-04 18:14,156.141,156.155,156.131,156.138
2026-09-04 18:15,156.138,156.156,156.138,156.149
2026-09-04 18:16,156.149,156.162,156.146,156.155
2026-09-04 18:17,156.151,156.163,156.143,156.151
2026-09-04 18:18,156.151,156.159,156.139,156.150
2026-09-04 18:19,156.146,156.158,156.143,156.156
2026-09-04 18:20,156.157,156.164,156.148,156.156
2026-09-04 18:21,156.157,156.181,156.153,156.165
2026-09-04 18:22,156.164,156.171,156.141,156.142
2026-09-04 18:23,156.140,156.169,156.136,156.163
2026-09-04 18:24,156.169,156.170,156.158,156.158
2026-09-04 18:25,156.158,156.170,156.148,156.157
2026-09-04 18:26,156.154,156.158,156.130,156.141
2026-09-04 18:27,156.142,156.150,156.138,156.143
2026-09-04 18:28,156.143,156.178,156.143,156.178
2026-09-04 18:29,156.170,156.186,156.170,156.183
2026-09-04 18:30,156.176,156.188,156.160,156.160
2026-09-04 18:31,156.160,156.178,156.157,156.162
2026-09-04 18:32,156.162,156.180,156.156,156.171
2026-09-04 18:33,156.175,156.181,156.169,156.171
2026-09-04 18:34,156.178,156.182,156.166,156.166
2026-09-04 18:35,156.168,156.193,156.164,156.183
2026-09-04 18:36,156.187,156.201,156.183,156.188
2026-09-04 18:37,156.188,156.206,156.186,156.203
2026-09-04 18:38,156.196,156.245,156.196,156.239
2026-09-04 18:39,156.233,156.243,156.226,156.231
2026-09-04 18:40,156.228,156.235,156.175,156.230
2026-09-04 18:41,156.227,156.246,156.221,156.232
2026-09-04 18:42,156.227,156.241,156.226,156.231
2026-09-04 18:43,156.228,156.238,156.226,156.228
2026-09-04 18:44,156.228,156.245,156.225,156.228
2026-09-04 18:45,156.234,156.246,156.220,156.246
2026-09-04 18:46,156.243,156.256,156.233,156.248
2026-09-04 18:47,156.250,156.282,156.242,156.256
2026-09-04 18:48,156.255,156.258,156.241,156.254
2026-09-04 18:49,156.250,156.263,156.243,156.248
2026-09-04 18:50,156.256,156.267,156.248,156.265
2026-09-04 18:51,156.258,156.273,156.258,156.270
2026-09-04 18:52,156.263,156.271,156.251,156.263
2026-09-04 18:53,156.263,156.282,156.263,156.273
2026-09-04 18:54,156.273,156.283,156.263,156.270
2026-09-04 18:55,156.269,156.271,156.259,156.265
2026-09-04 18:56,156.259,156.265,156.241,156.250
2026-09-04 18:57,156.253,156.257,156.236,156.236
2026-09-04 18:58,156.242,156.257,156.236,156.248
2026-09-04 18:59,156.248,156.254,156.217,156.217
2026-09-04 19:00,156.219,156.244,156.213,156.233
2026-09-04 19:01,156.229,156.245,156.222,156.234
2026-09-04 19:02,156.236,156.242,156.223,156.234
2026-09-04 19:03,156.241,156.245,156.225,156.232
2026-09-04 19:04,156.233,156.241,156.213,156.227
2026-09-04 19:05,156.224,156.230,156.214,156.223
2026-09-04 19:06,156.223,156.231,156.212,156.226
2026-09-04 19:07,156.217,156.233,156.217,156.226
2026-09-04 19:08,156.226,156.233,156.213,156.223
2026-09-04 19:09,156.218,156.227,156.209,156.213
2026-09-04 19:10,156.217,156.235,156.212,156.226
2026-09-04 19:11,156.226,156.236,156.221,156.229
2026-09-04 19:12,156.222,156.235,156.217,156.221
2026-09-04 19:13,156.224,156.238,156.219,156.234
2026-09-04 19:14,156.230,156.237,156.212,156.222
2026-09-04 19:15,156.225,156.229,156.210,156.210
2026-09-04 19:16,156.212,156.215,156.192,156.202
2026-09-04 19:17,156.198,156.208,156.192,156.208
2026-09-04 19:18,156.201,156.219,156.201,156.209
2026-09-04 19:19,156.209,156.224,156.209,156.213
2026-09-04 19:20,156.217,156.231,156.213,156.220
2026-09-04 19:21,156.223,156.234,156.218,156.230
2026-09-04 19:22,156.230,156.236,156.218,156.225
2026-09-04 19:23,156.218,156.228,156.212,156.214
2026-09-04 19:24,156.220,156.224,156.212,156.213
2026-09-04 19:25,156.217,156.233,156.210,156.233
2026-09-04 19:26,156.232,156.233,156.222,156.230
2026-09-04 19:27,156.222,156.233,156.211,156.217
2026-09-04 19:28,156.215,156.222,156.209,156.210
2026-09-04 19:29,156.214,156.229,156.209,156.216
2026-09-04 19:30,156.224,156.226,156.212,156.216
2026-09-04 19:31,156.213,156.222,156.205,156.216
2026-09-04 19:32,156.209,156.228,156.207,156.225
2026-09-04 19:33,156.221,156.238,156.214,156.218
2026-09-04 19:34,156.214,156.223,156.212,156.213
2026-09-04 19:35,156.213,156.250,156.213,156.236
2026-09-04 19:36,156.236,156.247,156.231,156.234
2026-09-04 19:37,156.241,156.245,156.225,156.232
2026-09-04 19:38,156.233,156.241,156.222,156.233
2026-09-04 19:39,156.223,156.235,156.219,156.225
2026-09-04 19:40,156.227,156.230,156.205,156.217
2026-09-04 19:41,156.209,156.233,156.209,156.223
2026-09-04 19:42,156.223,156.234,156.221,156.222
2026-09-04 19:43,156.222,156.233,156.212,156.227
2026-09-04 19:44,156.222,156.226,156.210,156.219
2026-09-04 19:45,156.212,156.229,156.211,156.221
2026-09-04 19:46,156.230,156.236,156.221,156.223
2026-09-04 19:47,156.223,156.232,156.221,156.229
2026-09-04 19:48,156.222,156.230,156.212,156.228
2026-09-04 19:49,156.221,156.236,156.221,156.227
2026-09-04 19:50,156.235,156.235,156.221,156.232
2026-09-04 19:51,156.233,156.234,156.221,156.224
2026-09-04 19:52,156.221,156.242,156.218,156.233
2026-09-04 19:53,156.233,156.241,156.223,156.232
2026-09-04 19:54,156.224,156.236,156.222,156.231
2026-09-04 19:55,156.228,156.236,156.221,156.227
2026-09-04 19:56,156.227,156.247,156.225,156.247
2026-09-04 19:57,156.242,156.256,156.238,156.253
2026-09-04 19:58,156.251,156.258,156.246,156.256
2026-09-04 19:59,156.249,156.257,156.228,156.231
2026-09-04 20:00,156.231,156.255,156.231,156.249
2026-09-04 20:01,156.241,156.249,156.226,156.227
2026-09-04 20:02,156.232,156.242,156.226,156.234
2026-09-04 20:03,156.238,156.266,156.227,156.260
2026-09-04 20:04,156.255,156.273,156.252,156.264
2026-09-04 20:05,156.264,156.274,156.251,156.266
2026-09-04 20:06,156.255,156.270,156.255,156.268
2026-09-04 20:07,156.262,156.270,156.258,156.259
2026-09-04 20:08,156.259,156.272,156.256,156.257
2026-09-04 20:09,156.262,156.269,156.253,156.255
2026-09-04 20:10,156.259,156.269,156.245,156.246
2026-09-04 20:11,156.245,156.264,156.242,156.259
2026-09-04 20:12,156.263,156.266,156.253,156.254
2026-09-04 20:13,156.260,156.268,156.246,156.247
2026-09-04 20:14,156.254,156.264,156.247,156.259
2026-09-04 20:15,156.253,156.265,156.253,156.260
2026-09-04 20:16,156.260,156.265,156.253,156.258
2026-09-04 20:17,156.265,156.265,156.254,156.259
2026-09-04 20:18,156.256,156.266,156.256,156.262
2026-09-04 20:19,156.260,156.271,156.254,156.258
2026-09-04 20:20,156.265,156.267,156.254,156.258
2026-09-04 20:21,156.260,156.267,156.254,156.260
2026-09-04 20:22,156.265,156.270,156.258,156.261
2026-09-04 20:23,156.261,156.270,156.258,156.260
2026-09-04 20:24,156.269,156.271,156.261,156.261
2026-09-04 20:25,156.261,156.272,156.241,156.250
2026-09-04 20:26,156.256,156.266,156.246,156.254
2026-09-04 20:27,156.254,156.268,156.254,156.256
2026-09-04 20:28,156.256,156.274,156.251,156.274
2026-09-04 20:29,156.269,156.269,156.169,156.227
2026-09-04 20:30,156.232,156.240,156.226,156.230
2026-09-04 20:31,156.230,156.261,156.230,156.254
2026-09-04 20:32,156.249,156.259,156.248,156.249
2026-09-04 20:33,156.254,156.259,156.238,156.240
2026-09-04 20:34,156.242,156.256,156.239,156.246
2026-09-04 20:35,156.250,156.254,156.241,156.242
2026-09-04 20:36,156.249,156.253,156.237,156.244
2026-09-04 20:37,156.239,156.250,156.238,156.244
2026-09-04 20:38,156.245,156.249,156.236,156.238
2026-09-04 20:39,156.238,156.267,156.238,156.260
2026-09-04 20:40,156.262,156.276,156.256,156.261
2026-09-04 20:41,156.261,156.272,156.258,156.272
2026-09-04 20:42,156.266,156.274,156.242,156.264
2026-09-04 20:43,156.258,156.261,156.219,156.235
2026-09-04 20:44,156.235,156.245,156.218,156.222
2026-09-04 20:45,156.219,156.229,156.198,156.219
2026-09-04 20:46,156.213,156.234,156.211,156.218
2026-09-04 20:47,156.218,156.239,156.217,156.238
2026-09-04 20:48,156.226,156.245,156.222,156.236
2026-09-04 20:49,156.236,156.252,156.226,156.245
2026-09-04 20:50,156.238,156.250,156.225,156.226
2026-09-04 20:51,156.228,156.251,156.228,156.234
2026-09-04 20:52,156.234,156.263,156.234,156.254
2026-09-04 20:53,156.255,156.263,156.238,156.250
2026-09-04 20:54,156.242,156.251,156.234,156.239
2026-09-04 20:55,156.242,156.252,156.213,156.213
2026-09-04 20:56,156.228,156.247,156.199,156.227
2026-09-04 20:57,156.246,156.246,156.220,156.235
2026-09-04 20:58,156.237,156.237,156.218,156.235
2026-09-04 20:59,156.235,156.243,156.201,156.221
2026-09-06 23:00,156.208,156.224,156.179,156.189
2026-09-06 23:01,156.179,156.192,156.159,156.163
2026-09-06 23:02,156.167,156.172,156.149,156.152
2026-09-06 23:03,156.157,156.169,156.152,156.157
2026-09-06 23:04,156.157,156.167,156.152,156.153
2026-09-06 23:05,156.162,156.185,156.153,156.173
2026-09-06 23:06,156.173,156.194,156.171,156.178
2026-09-06 23:07,156.177,156.192,156.159,156.161
2026-09-06 23:08,156.160,156.174,156.159,156.164
2026-09-06 23:09,156.167,156.174,156.161,156.172
2026-09-06 23:10,156.163,156.187,156.161,156.177
2026-09-06 23:11,156.177,156.187,156.149,156.151
2026-09-06 23:12,156.152,156.162,156.148,156.156
2026-09-06 23:13,156.151,156.155,156.110,156.114
2026-09-06 23:14,156.116,156.125,156.111,156.118
2026-09-06 23:15,156.115,156.131,156.110,156.119
2026-09-06 23:16,156.118,156.123,156.103,156.111
2026-09-06 23:17,156.111,156.123,156.098,156.104
2026-09-06 23:18,156.110,156.114,156.100,156.108
2026-09-06 23:19,156.109,156.113,156.099,156.100
2026-09-06 23:20,156.100,156.112,156.099,156.100
2026-09-06 23:21,156.105,156.112,156.100,156.100
2026-09-06 23:22,156.100,156.114,156.100,156.104
2026-09-06 23:23,156.101,156.113,156.100,156.102
2026-09-06 23:24,156.102,156.146,156.100,156.136
2026-09-06 23:25,156.138,156.149,156.129,156.145
2026-09-06 23:26,156.140,156.144,156.131,156.142
2026-09-06 23:27,156.136,156.143,156.124,156.125
2026-09-06 23:28,156.126,156.134,156.100,156.119
2026-09-06 23:29,156.119,156.133,156.115,156.125
2026-09-06 23:30,156.123,156.155,156.123,156.144
2026-09-06 23:31,156.136,156.147,156.135,156.138
2026-09-06 23:32,156.138,156.144,156.095,156.100
2026-09-06 23:33,156.100,156.110,156.084,156.095
2026-09-06 23:34,156.090,156.099,156.086,156.092
2026-09-06 23:35,156.087,156.101,156.086,156.090
2026-09-06 23:36,156.090,156.107,156.083,156.098
2026-09-06 23:37,156.103,156.146,156.097,156.122
2026-09-06 23:38,156.122,156.135,156.121,156.124
2026-09-06 23:39,156.124,156.135,156.120,156.128
2026-09-06 23:40,156.124,156.145,156.121,156.134
2026-09-06 23:41,156.139,156.145,156.131,156.134
2026-09-06 23:42,156.134,156.158,156.131,156.145
2026-09-06 23:43,156.136,156.146,156.118,156.134
2026-09-06 23:44,156.134,156.157,156.133,156.157
2026-09-06 23:45,156.152,156.195,156.145,156.183
2026-09-06 23:46,156.183,156.210,156.183,156.200
2026-09-06 23:47,156.198,156.217,156.195,156.207
2026-09-06 23:48,156.207,156.218,156.205,156.205
2026-09-06 23:49,156.206,156.216,156.205,156.207
2026-09-06 23:50,156.216,156.242,156.205,156.234
2026-09-06 23:51,156.233,156.243,156.219,156.240
2026-09-06 23:52,156.241,156.244,156.219,156.219
2026-09-06 23:53,156.219,156.231,156.206,156.208
2026-09-06 23:54,156.206,156.218,156.160,156.165
2026-09-06 23:55,156.163,156.179,156.154,156.159
2026-09-06 23:56,156.158,156.170,156.154,156.165
2026-09-06 23:57,156.160,156.194,156.158,156.184
2026-09-06 23:58,156.189,156.222,156.183,156.211
2026-09-06 23:59,156.210,156.219,156.195,156.198
2026-09-07 00:00,156.198,156.248,156.142,156.248
2026-09-07 00:01,156.239,156.258,156.206,156.235
2026-09-07 00:02,156.236,156.259,156.218,156.220
2026-09-07 00:03,156.228,156.231,156.198,156.209
2026-09-07 00:04,156.198,156.242,156.159,156.174
2026-09-07 00:05,156.174,156.186,156.132,156.156
2026-09-07 00:06,156.155,156.219,156.154,156.210
2026-09-07 00:07,156.210,156.241,156.205,156.219
2026-09-07 00:08,156.218,156.226,156.196,156.205
2026-09-07 00:09,156.204,156.223,156.174,156.174
2026-09-07 00:10,156.174,156.182,156.110,156.121
2026-09-07 00:11,156.129,156.131,156.099,156.114
2026-09-07 00:12,156.116,156.148,156.099,156.106
2026-09-07 00:13,156.100,156.146,156.094,156.135
2026-09-07 00:14,156.135,156.159,156.120,156.127
2026-09-07 00:15,156.118,156.148,156.115,156.140
2026-09-07 00:16,156.149,156.155,156.111,156.115
2026-09-07 00:17,156.123,156.123,156.067,156.075
2026-09-07 00:18,156.070,156.087,156.052,156.061
2026-09-07 00:19,156.054,156.076,156.051,156.075
2026-09-07 00:20,156.070,156.083,156.051,156.060
2026-09-07 00:21,156.059,156.077,156.036,156.072
2026-09-07 00:22,156.070,156.087,156.026,156.030
2026-09-07 00:23,156.038,156.039,155.981,156.013
2026-09-07 00:24,156.023,156.047,155.989,156.038
2026-09-07 00:25,156.038,156.047,156.001,156.006
2026-09-07 00:26,156.008,156.023,155.977,155.984
2026-09-07 00:27,155.978,155.983,155.916,155.917
2026-09-07 00:28,155.917,155.941,155.896,155.912
2026-09-07 00:29,155.903,155.926,155.884,155.892
2026-09-07 00:30,155.901,155.914,155.844,155.845
2026-09-07 00:31,155.854,155.863,155.816,155.844
2026-09-07 00:32,155.844,155.856,155.809,155.824
2026-09-07 00:33,155.820,155.858,155.817,155.832
2026-09-07 00:34,155.837,155.887,155.823,155.859
2026-09-07 00:35,155.864,155.887,155.841,155.881
2026-09-07 00:36,155.880,155.880,155.809,155.851
2026-09-07 00:37,155.848,155.859,155.795,155.818
2026-09-07 00:38,155.818,155.851,155.812,155.821
2026-09-07 00:39,155.821,155.851,155.804,155.820
2026-09-07 00:40,155.810,155.849,155.804,155.844
2026-09-07 00:41,155.837,155.880,155.832,155.857
2026-09-07 00:42,155.860,155.890,155.840,155.840
2026-09-07 00:43,155.840,155.887,155.836,155.867
2026-09-07 00:44,155.880,155.901,155.865,155.880
2026-09-07 00:45,155.888,155.890,155.864,155.876
2026-09-07 00:46,155.878,155.931,155.878,155.904
2026-09-07 00:47,155.905,155.931,155.898,155.915
2026-09-07 00:48,155.924,155.925,155.884,155.896
2026-09-07 00:49,155.892,155.917,155.890,155.899
2026-09-07 00:50,155.901,155.916,155.853,155.880
2026-09-07 00:51,155.876,155.894,155.848,155.865
2026-09-07 00:52,155.857,155.866,155.833,155.857
2026-09-07 00:53,155.861,155.928,155.844,155.914
2026-09-07 00:54,155.916,155.940,155.884,155.903
2026-09-07 00:55,155.898,155.952,155.894,155.941
2026-09-07 00:56,155.944,155.957,155.935,155.938
2026-09-07 00:57,155.936,155.966,155.936,155.959
2026-09-07 00:58,155.965,155.967,155.909,155.917
2026-09-07 00:59,155.923,155.930,155.861,155.889
2026-09-07 01:00,155.882,155.911,155.844,155.902
2026-09-07 01:01,155.899,155.965,155.899,155.913
2026-09-07 01:02,155.913,155.949,155.907,155.934
2026-09-07 01:03,155.934,155.982,155.928,155.967
2026-09-07 01:04,155.967,155.980,155.947,155.959
2026-09-07 01:05,155.954,155.967,155.847,155.893
2026-09-07 01:06,155.877,155.941,155.869,155.912
2026-09-07 01:07,155.903,155.950,155.889,155.898
2026-09-07 01:08,155.894,155.919,155.879,155.892
2026-09-07 01:09,155.888,155.962,155.888,155.943
2026-09-07 01:10,155.941,155.955,155.932,155.948
2026-09-07 01:11,155.944,155.959,155.926,155.944
2026-09-07 01:12,155.936,155.952,155.911,155.912
2026-09-07 01:13,155.912,155.956,155.909,155.948
2026-09-07 01:14,155.951,155.966,155.938,155.951
2026-09-07 01:15,155.947,156.015,155.937,156.004
2026-09-07 01:16,156.008,156.075,156.000,156.053
2026-09-07 01:17,156.054,156.063,156.012,156.038
2026-09-07 01:18,156.037,156.048,156.024,156.025
2026-09-07 01:19,156.025,156.040,156.010,156.024
2026-09-07 01:20,156.028,156.040,155.994,156.004
2026-09-07 01:21,156.003,156.017,155.976,155.996
2026-09-07 01:22,155.998,156.008,155.978,155.990
2026-09-07 01:23,155.979,155.992,155.949,155.980
2026-09-07 01:24,155.980,156.011,155.977,156.000
2026-09-07 01:25,155.998,156.009,155.964,155.975
2026-09-07 01:26,155.964,155.976,155.939,155.948
2026-09-07 01:27,155.956,155.977,155.927,155.967
2026-09-07 01:28,155.967,156.014,155.966,156.000
2026-09-07 01:29,156.009,156.039,155.992,156.028
2026-09-07 01:30,156.029,156.050,156.015,156.044
2026-09-07 01:31,156.039,156.075,156.039,156.065
2026-09-07 01:32,156.064,156.125,156.063,156.091
2026-09-07 01:33,156.093,156.099,156.062,156.076
2026-09-07 01:34,156.076,156.109,156.076,156.089
2026-09-07 01:35,156.089,156.099,156.067,156.077
2026-09-07 01:36,156.071,156.087,156.070,156.081
2026-09-07 01:37,156.080,156.084,156.051,156.071
2026-09-07 01:38,156.082,156.085,156.055,156.071
2026-09-07 01:39,156.072,156.083,156.056,156.071
2026-09-07 01:40,156.061,156.096,156.059,156.085
2026-09-07 01:41,156.085,156.109,156.069,156.084
2026-09-07 01:42,156.093,156.095,156.071,156.079
2026-09-07 01:43,156.079,156.096,156.072,156.079
2026-09-07 01:44,156.072,156.086,156.050,156.050
2026-09-07 01:45,156.050,156.097,156.049,156.083
2026-09-07 01:46,156.084,156.089,156.048,156.055
2026-09-07 01:47,156.048,156.059,156.030,156.045
2026-09-07 01:48,156.035,156.047,156.017,156.023
2026-09-07 01:49,156.023,156.029,156.001,156.013
2026-09-07 01:50,156.022,156.025,156.001,156.003
2026-09-07 01:51,156.011,156.033,156.001,156.013
2026-09-07 01:52,156.013,156.023,155.997,156.007
2026-09-07 01:53,156.007,156.012,155.981,155.984
2026-09-07 01:54,155.985,156.020,155.981,156.014
2026-09-07 01:55,156.014,156.036,156.007,156.023
2026-09-07 01:56,156.023,156.040,156.010,156.027
2026-09-07 01:57,156.022,156.033,155.998,156.014
2026-09-07 01:58,156.015,156.047,156.011,156.037
2026-09-07 01:59,156.046,156.047,156.022,156.027
2026-09-07 02:00,156.033,156.038,156.020,156.033
2026-09-07 02:01,156.036,156.048,156.021,156.027
2026-09-07 02:02,156.027,156.035,156.014,156.027
2026-09-07 02:03,156.025,156.034,156.019,156.028
2026-09-07 02:04,156.024,156.036,156.024,156.034
2026-09-07 02:05,156.033,156.074,156.027,156.073
2026-09-07 02:06,156.066,156.103,156.066,156.087
2026-09-07 02:07,156.095,156.144,156.085,156.140
2026-09-07 02:08,156.131,156.148,156.122,156.127
2026-09-07 02:09,156.122,156.135,156.117,156.123
2026-09-07 02:10,156.123,156.156,156.122,156.154
2026-09-07 02:11,156.145,156.151,156.127,156.135
2026-09-07 02:12,156.126,156.168,156.126,156.167
2026-09-07 02:13,156.162,156.180,156.158,156.178
2026-09-07 02:14,156.169,156.185,156.161,156.176
2026-09-07 02:15,156.177,156.205,156.172,156.174
2026-09-07 02:16,156.176,156.190,156.170,156.173
2026-09-07 02:17,156.173,156.187,156.169,156.181
2026-09-07 02:18,156.173,156.183,156.153,156.166
2026-09-07 02:19,156.163,156.183,156.160,156.160
2026-09-07 02:20,156.160,156.179,156.138,156.157
2026-09-07 02:21,156.157,156.190,156.157,156.181
2026-09-07 02:22,156.181,156.191,156.167,156.179
2026-09-07 02:23,156.175,156.175,156.144,156.150
2026-09-07 02:24,156.151,156.165,156.131,156.147
2026-09-07 02:25,156.150,156.172,156.147,156.149
2026-09-07 02:26,156.149,156.168,156.134,156.138
2026-09-07 02:27,156.140,156.151,156.132,156.149
2026-09-07 02:28,156.148,156.156,156.123,156.128
2026-09-07 02:29,156.123,156.134,156.121,156.122
2026-09-07 02:30,156.125,156.131,156.108,156.113
2026-09-07 02:31,156.109,156.123,156.098,156.121
2026-09-07 02:32,156.112,156.143,156.111,156.142
2026-09-07 02:33,156.139,156.147,156.134,156.134
2026-09-07 02:34,156.142,156.145,156.133,156.134
2026-09-07 02:35,156.134,156.141,156.120,156.127
2026-09-07 02:36,156.127,156.138,156.122,156.122
2026-09-07 02:37,156.122,156.147,156.122,156.133
2026-09-07 02:38,156.142,156.143,156.132,156.134
2026-09-07 02:39,156.143,156.157,156.133,156.156
2026-09-07 02:40,156.152,156.167,156.147,156.157
2026-09-07 02:41,156.157,156.205,156.157,156.193
2026-09-07 02:42,156.196,156.210,156.183,156.207
2026-09-07 02:43,156.210,156.222,156.195,156.197
2026-09-07 02:44,156.205,156.241,156.198,156.228
2026-09-07 02:45,156.222,156.245,156.221,156.230
2026-09-07 02:46,156.230,156.241,156.224,156.230
2026-09-07 02:47,156.224,156.230,156.202,156.203
2026-09-07 02:48,156.207,156.217,156.203,156.205
2026-09-07 02:49,156.206,156.217,156.205,156.206
2026-09-07 02:50,156.208,156.232,156.207,156.222
2026-09-07 02:51,156.221,156.232,156.206,156.227
2026-09-07 02:52,156.228,156.231,156.216,156.217
2026-09-07 02:53,156.226,156.227,156.194,156.195
2026-09-07 02:54,156.195,156.218,156.195,156.208
2026-09-07 02:55,156.205,156.228,156.195,156.219
2026-09-07 02:56,156.221,156.231,156.209,156.221
2026-09-07 02:57,156.230,156.231,156.190,156.194
2026-09-07 02:58,156.194,156.209,156.182,156.183
2026-09-07 02:59,156.188,156.194,156.178,156.185
2026-09-07 03:00,156.185,156.215,156.182,156.206
2026-09-07 03:01,156.206,156.210,156.183,156.188
2026-09-07 03:02,156.188,156.202,156.180,156.189
2026-09-07 03:03,156.180,156.192,156.158,156.169
2026-09-07 03:04,156.160,156.172,156.147,156.152
2026-09-07 03:05,156.152,156.166,156.149,156.157
2026-09-07 03:06,156.157,156.180,156.137,156.167
2026-09-07 03:07,156.174,156.183,156.164,156.169
2026-09-07 03:08,156.169,156.185,156.169,156.175
2026-09-07 03:09,156.183,156.183,156.168,156.182
2026-09-07 03:10,156.183,156.184,156.139,156.150
2026-09-07 03:11,156.152,156.161,156.147,156.158
2026-09-07 03:12,156.150,156.168,156.147,156.155
2026-09-07 03:13,156.147,156.160,156.146,156.146
2026-09-07 03:14,156.147,156.156,156.125,156.126
2026-09-07 03:15,156.130,156.144,156.124,156.141
2026-09-07 03:16,156.133,156.142,156.124,156.128
2026-09-07 03:17,156.124,156.134,156.099,156.102
2026-09-07 03:18,156.102,156.117,156.094,156.097
2026-09-07 03:19,156.105,156.106,156.087,156.090
2026-09-07 03:20,156.094,156.108,156.082,156.091
2026-09-07 03:21,156.084,156.105,156.077,156.098
2026-09-07 03:22,156.105,156.111,156.087,156.087
2026-09-07 03:23,156.086,156.107,156.085,156.098
2026-09-07 03:24,156.098,156.107,156.086,156.090
2026-09-07 03:25,156.087,156.096,156.085,156.087
2026-09-07 03:26,156.087,156.095,156.086,156.088
2026-09-07 03:27,156.087,156.100,156.077,156.084
2026-09-07 03:28,156.077,156.081,156.058,156.061
2026-09-07 03:29,156.062,156.068,156.043,156.059
2026-09-07 03:30,156.052,156.069,156.047,156.069
2026-09-07 03:31,156.066,156.097,156.062,156.089
2026-09-07 03:32,156.089,156.099,156.088,156.092
2026-09-07 03:33,156.089,156.111,156.089,156.102
2026-09-07 03:34,156.101,156.122,156.099,156.114
2026-09-07 03:35,156.120,156.124,156.086,156.091
2026-09-07 03:36,156.091,156.100,156.088,156.092
2026-09-07 03:37,156.097,156.110,156.092,156.100
2026-09-07 03:38,156.102,156.113,156.082,156.103
2026-09-07 03:39,156.106,156.131,156.102,156.122
2026-09-07 03:40,156.123,156.135,156.117,156.126
2026-09-07 03:41,156.121,156.132,156.095,156.116
2026-09-07 03:42,156.114,156.144,156.111,156.131
2026-09-07 03:43,156.133,156.137,156.120,156.126
2026-09-07 03:44,156.126,156.133,156.107,156.115
2026-09-07 03:45,156.111,156.123,156.110,156.116
2026-09-07 03:46,156.115,156.125,156.106,156.117
2026-09-07 03:47,156.113,156.136,156.110,156.130
2026-09-07 03:48,156.125,156.135,156.112,156.117
2026-09-07 03:49,156.117,156.123,156.108,156.110
2026-09-07 03:50,156.110,156.123,156.100,156.101
2026-09-07 03:51,156.101,156.120,156.100,156.114
2026-09-07 03:52,156.111,156.131,156.110,156.127
2026-09-07 03:53,156.129,156.133,156.107,156.121
2026-09-07 03:54,156.126,156.130,156.090,156.095
2026-09-07 03:55,156.099,156.102,156.074,156.077
2026-09-07 03:56,156.082,156.086,156.070,156.076
2026-09-07 03:57,156.070,156.079,156.050,156.055
2026-09-07 03:58,156.060,156.063,156.035,156.041
2026-09-07 03:59,156.037,156.060,156.035,156.045
2026-09-07 04:00,156.048,156.062,156.039,156.054
2026-09-07 04:01,156.056,156.101,156.052,156.089
2026-09-07 04:02,156.080,156.088,156.071,156.076
2026-09-07 04:03,156.076,156.083,156.061,156.074
2026-09-07 04:04,156.076,156.094,156.071,156.091
2026-09-07 04:05,156.090,156.098,156.082,156.085
2026-09-07 04:06,156.085,156.110,156.085,156.101
2026-09-07 04:07,156.107,156.134,156.102,156.127
2026-09-07 04:08,156.124,156.131,156.111,156.114
2026-09-07 04:09,156.117,156.121,156.107,156.112
2026-09-07 04:10,156.115,156.129,156.109,156.119
2026-09-07 04:11,156.115,156.128,156.114,156.122
2026-09-07 04:12,156.122,156.136,156.115,156.130
2026-09-07 04:13,156.133,156.154,156.125,156.143
2026-09-07 04:14,156.139,156.146,156.131,156.138
2026-09-07 04:15,156.141,156.142,156.116,156.124
2026-09-07 04:16,156.122,156.146,156.122,156.138
2026-09-07 04:17,156.142,156.157,156.136,156.151
2026-09-07 04:18,156.144,156.152,156.132,156.142
2026-09-07 04:19,156.135,156.146,156.131,156.133
2026-09-07 04:20,156.135,156.166,156.131,156.159
2026-09-07 04:21,156.159,156.166,156.148,156.149
2026-09-07 04:22,156.149,156.157,156.140,156.145
2026-09-07 04:23,156.145,156.160,156.145,156.145
2026-09-07 04:24,156.145,156.171,156.145,156.164
2026-09-07 04:25,156.165,156.172,156.159,156.161
2026-09-07 04:26,156.161,156.169,156.157,156.169
2026-09-07 04:27,156.161,156.169,156.149,156.152
2026-09-07 04:28,156.152,156.169,156.150,156.166
2026-09-07 04:29,156.162,156.173,156.157,156.160
2026-09-07 04:30,156.168,156.174,156.141,156.152
2026-09-07 04:31,156.136,156.154,156.131,156.147
2026-09-07 04:32,156.144,156.157,156.136,156.139
2026-09-07 04:33,156.145,156.160,156.137,156.157
2026-09-07 04:34,156.158,156.167,156.132,156.135
2026-09-07 04:35,156.135,156.144,156.118,156.125
2026-09-07 04:36,156.124,156.132,156.081,156.095
2026-09-07 04:37,156.095,156.104,156.076,156.079
2026-09-07 04:38,156.079,156.107,156.071,156.099
2026-09-07 04:39,156.103,156.122,156.085,156.115
2026-09-07 04:40,156.111,156.124,156.106,156.118
2026-09-07 04:41,156.112,156.118,156.090,156.091
2026-09-07 04:42,156.091,156.100,156.083,156.085
2026-09-07 04:43,156.086,156.093,156.063,156.074
2026-09-07 04:44,156.075,156.086,156.074,156.079
2026-09-07 04:45,156.075,156.111,156.075,156.095
2026-09-07 04:46,156.095,156.103,156.086,156.090
2026-09-07 04:47,156.094,156.097,156.083,156.088
2026-09-07 04:48,156.092,156.098,156.061,156.066
2026-09-07 04:49,156.068,156.075,156.059,156.065
2026-09-07 04:50,156.065,156.075,156.051,156.051
2026-09-07 04:51,156.051,156.071,156.051,156.064
2026-09-07 04:52,156.059,156.074,156.050,156.068
2026-09-07 04:53,156.067,156.076,156.056,156.065
2026-09-07 04:54,156.065,156.100,156.065,156.096
2026-09-07 04:55,156.087,156.095,156.060,156.070
2026-09-07 04:56,156.062,156.078,156.055,156.064
2026-09-07 04:57,156.064,156.087,156.024,156.039
2026-09-07 04:58,156.039,156.054,156.025,156.030
2026-09-07 04:59,156.030,156.057,156.025,156.039
2026-09-07 05:00,156.051,156.058,156.031,156.050
2026-09-07 05:01,156.054,156.069,156.035,156.035
2026-09-07 05:02,156.038,156.067,156.035,156.063
2026-09-07 05:03,156.060,156.066,156.010,156.049
2026-09-07 05:04,156.040,156.059,156.038,156.041
2026-09-07 05:05,156.046,156.062,156.041,156.053
2026-09-07 05:06,156.050,156.063,156.043,156.059
2026-09-07 05:07,156.058,156.062,156.049,156.052
2026-09-07 05:08,156.053,156.083,156.053,156.076
2026-09-07 05:09,156.076,156.085,156.071,156.072
2026-09-07 05:10,156.074,156.077,156.023,156.039
2026-09-07 05:11,156.039,156.067,156.038,156.053
2026-09-07 05:12,156.053,156.062,156.050,156.058
2026-09-07 05:13,156.051,156.073,156.046,156.070
2026-09-07 05:14,156.067,156.075,156.063,156.068
2026-09-07 05:15,156.068,156.087,156.068,156.079
2026-09-07 05:16,156.079,156.098,156.078,156.092
2026-09-07 05:17,156.092,156.098,156.083,156.092
2026-09-07 05:18,156.089,156.097,156.069,156.083
2026-09-07 05:19,156.075,156.087,156.074,156.082
2026-09-07 05:20,156.079,156.099,156.077,156.088
2026-09-07 05:21,156.087,156.099,156.073,156.082
2026-09-07 05:22,156.075,156.095,156.070,156.087
2026-09-07 05:23,156.087,156.099,156.076,156.081
2026-09-07 05:24,156.082,156.088,156.060,156.079
2026-09-07 05:25,156.075,156.094,156.073,156.085
2026-09-07 05:26,156.087,156.100,156.080,156.095
2026-09-07 05:27,156.095,156.100,156.086,156.086
2026-09-07 05:28,156.086,156.097,156.065,156.070
2026-09-07 05:29,156.068,156.075,156.031,156.032
2026-09-07 05:30,156.032,156.050,156.030,156.043
2026-09-07 05:31,156.051,156.051,156.021,156.029
2026-09-07 05:32,156.029,156.044,156.025,156.030
2026-09-07 05:33,156.030,156.038,156.019,156.027
2026-09-07 05:34,156.027,156.035,156.003,156.015
2026-09-07 05:35,156.015,156.018,155.969,155.970
2026-09-07 05:36,155.970,155.990,155.955,155.989
2026-09-07 05:37,155.983,156.001,155.982,155.992
2026-09-07 05:38,155.992,156.002,155.965,155.980
2026-09-07 05:39,155.980,155.990,155.978,155.980
2026-09-07 05:40,155.988,156.013,155.980,156.011
2026-09-07 05:41,156.005,156.014,155.999,156.009
2026-09-07 05:42,156.008,156.015,155.999,156.005
2026-09-07 05:43,156.000,156.014,156.000,156.006
2026-09-07 05:44,156.006,156.012,155.991,155.991
2026-09-07 05:45,155.990,156.000,155.985,155.987
2026-09-07 05:46,155.990,156.016,155.987,155.990
2026-09-07 05:47,155.990,155.997,155.957,155.974
2026-09-07 05:48,155.975,155.983,155.960,155.979
2026-09-07 05:49,155.983,155.985,155.965,155.966
2026-09-07 05:50,155.966,155.978,155.964,155.966
2026-09-07 05:51,155.966,155.974,155.927,155.937
2026-09-07 05:52,155.930,155.938,155.900,155.912
2026-09-07 05:53,155.909,155.919,155.894,155.895
2026-09-07 05:54,155.895,155.919,155.895,155.909
2026-09-07 05:55,155.900,155.910,155.862,155.865
2026-09-07 05:56,155.873,155.882,155.854,155.859
2026-09-07 05:57,155.860,155.876,155.837,155.850
2026-09-07 05:58,155.859,155.859,155.783,155.802
2026-09-07 05:59,155.812,155.828,155.778,155.797
2026-09-07 06:00,155.800,155.852,155.796,155.840
2026-09-07 06:01,155.840,155.876,155.828,155.835
2026-09-07 06:02,155.831,155.881,155.831,155.871
2026-09-07 06:03,155.869,155.905,155.865,155.898
2026-09-07 06:04,155.903,155.908,155.854,155.855
2026-09-07 06:05,155.863,155.877,155.836,155.836
2026-09-07 06:06,155.837,155.850,155.819,155.843
2026-09-07 06:07,155.850,155.861,155.808,155.812
2026-09-07 06:08,155.818,155.824,155.788,155.796
2026-09-07 06:09,155.796,155.854,155.790,155.846
2026-09-07 06:10,155.846,155.856,155.817,155.832
2026-09-07 06:11,155.832,155.856,155.811,155.811
2026-09-07 06:12,155.819,155.838,155.795,155.818
2026-09-07 06:13,155.823,155.865,155.810,155.853
2026-09-07 06:14,155.846,155.856,155.835,155.856
2026-09-07 06:15,155.848,155.873,155.847,155.859
2026-09-07 06:16,155.859,155.865,155.837,155.845
2026-09-07 06:17,155.844,155.851,155.821,155.833
2026-09-07 06:18,155.831,155.838,155.787,155.792
2026-09-07 06:19,155.789,155.796,155.722,155.734
2026-09-07 06:20,155.732,155.759,155.730,155.752
2026-09-07 06:21,155.750,155.768,155.724,155.724
2026-09-07 06:22,155.720,155.736,155.710,155.726
2026-09-07 06:23,155.726,155.734,155.688,155.693
2026-09-07 06:24,155.693,155.702,155.533,155.612
2026-09-07 06:25,155.617,155.690,155.599,155.678
2026-09-07 06:26,155.670,155.684,155.637,155.682
2026-09-07 06:27,155.675,155.693,155.662,155.685
2026-09-07 06:28,155.685,155.734,155.685,155.701
2026-09-07 06:29,155.710,155.710,155.686,155.687
2026-09-07 06:30,155.692,155.734,155.684,155.689
2026-09-07 06:31,155.689,155.697,155.644,155.647
2026-09-07 06:32,155.647,155.695,155.638,155.687
2026-09-07 06:33,155.689,155.696,155.648,155.666
2026-09-07 06:34,155.661,155.678,155.620,155.629
2026-09-07 06:35,155.635,155.652,155.617,155.636
2026-09-07 06:36,155.638,155.682,155.638,155.671
2026-09-07 06:37,155.672,155.707,155.652,155.696
2026-09-07 06:38,155.696,155.699,155.670,155.671
2026-09-07 06:39,155.672,155.695,155.647,155.647
2026-09-07 06:40,155.648,155.666,155.634,155.657
2026-09-07 06:41,155.660,155.682,155.650,155.669
2026-09-07 06:42,155.666,155.703,155.657,155.689
2026-09-07 06:43,155.694,155.722,155.685,155.704
2026-09-07 06:44,155.704,155.722,155.699,155.705
2026-09-07 06:45,155.701,155.743,155.701,155.727
2026-09-07 06:46,155.731,155.746,155.710,155.737
2026-09-07 06:47,155.744,155.759,155.730,155.744
2026-09-07 06:48,155.748,155.772,155.742,155.772
2026-09-07 06:49,155.764,155.784,155.754,155.764
2026-09-07 06:50,155.768,155.774,155.755,155.763
2026-09-07 06:51,155.766,155.782,155.755,155.779
2026-09-07 06:52,155.774,155.781,155.761,155.761
2026-09-07 06:53,155.769,155.769,155.739,155.750
2026-09-07 06:54,155.747,155.763,155.735,155.752
2026-09-07 06:55,155.750,155.808,155.750,155.800
2026-09-07 06:56,155.807,155.831,155.798,155.807
2026-09-07 06:57,155.815,155.844,155.805,155.835
2026-09-07 06:58,155.835,155.850,155.833,155.844
2026-09-07 06:59,155.837,155.873,155.836,155.862
2026-09-07 07:00,155.870,155.897,155.850,155.891
2026-09-07 07:01,155.885,155.905,155.882,155.885
2026-09-07 07:02,155.885,155.892,155.864,155.870
2026-09-07 07:03,155.870,155.879,155.835,155.858
2026-09-07 07:04,155.864,155.870,155.821,155.822
2026-09-07 07:05,155.840,155.844,155.810,155.833
2026-09-07 07:06,155.837,155.855,155.822,155.846
2026-09-07 07:07,155.848,155.877,155.840,155.846
2026-09-07 07:08,155.844,155.862,155.835,155.837
2026-09-07 07:09,155.837,155.853,155.831,155.837
2026-09-07 07:10,155.834,155.863,155.816,155.852
2026-09-07 07:11,155.853,155.857,155.835,155.843
2026-09-07 07:12,155.838,155.856,155.836,155.845
2026-09-07 07:13,155.848,155.873,155.845,155.860
2026-09-07 07:14,155.859,155.883,155.855,155.861
2026-09-07 07:15,155.856,155.890,155.855,155.871
2026-09-07 07:16,155.879,155.888,155.845,155.845
2026-09-07 07:17,155.848,155.850,155.817,155.827
2026-09-07 07:18,155.822,155.833,155.772,155.779
2026-09-07 07:19,155.776,155.785,155.741,155.751
2026-09-07 07:20,155.745,155.767,155.724,155.735
2026-09-07 07:21,155.738,155.754,155.713,155.750
2026-09-07 07:22,155.747,155.763,155.730,155.748
2026-09-07 07:23,155.754,155.754,155.709,155.716
2026-09-07 07:24,155.709,155.745,155.700,155.735
2026-09-07 07:25,155.742,155.743,155.709,155.709
2026-09-07 07:26,155.709,155.717,155.671,155.686
2026-09-07 07:27,155.686,155.696,155.657,155.663
2026-09-07 07:28,155.662,155.692,155.660,155.670
2026-09-07 07:29,155.662,155.693,155.660,155.660
2026-09-07 07:30,155.656,155.678,155.641,155.657
2026-09-07 07:31,155.662,155.686,155.658,155.669
2026-09-07 07:32,155.663,155.695,155.643,155.650
2026-09-07 07:33,155.654,155.732,155.650,155.716
2026-09-07 07:34,155.715,155.722,155.662,155.667
2026-09-07 07:35,155.666,155.724,155.666,155.715
2026-09-07 07:36,155.716,155.725,155.696,155.701
2026-09-07 07:37,155.706,155.769,155.701,155.738
2026-09-07 07:38,155.738,155.762,155.737,155.750
2026-09-07 07:39,155.750,155.772,155.746,155.770
2026-09-07 07:40,155.764,155.775,155.753,155.764
2026-09-07 07:41,155.762,155.782,155.746,155.749
2026-09-07 07:42,155.749,155.807,155.745,155.797
2026-09-07 07:43,155.796,155.806,155.785,155.790
2026-09-07 07:44,155.788,155.802,155.773,155.802
2026-09-07 07:45,155.795,155.818,155.784,155.798
2026-09-07 07:46,155.795,155.803,155.708,155.722
2026-09-07 07:47,155.728,155.743,155.708,155.730
2026-09-07 07:48,155.732,155.738,155.698,155.725
2026-09-07 07:49,155.725,155.733,155.666,155.672
2026-09-07 07:50,155.672,155.684,155.637,155.659
2026-09-07 07:51,155.653,155.661,155.620,155.624
2026-09-07 07:52,155.628,155.643,155.587,155.592
2026-09-07 07:53,155.593,155.616,155.586,155.590
2026-09-07 07:54,155.589,155.621,155.574,155.592
2026-09-07 07:55,155.598,155.611,155.532,155.534
2026-09-07 07:56,155.551,155.576,155.530,155.554
2026-09-07 07:57,155.554,155.587,155.542,155.561
2026-09-07 07:58,155.561,155.574,155.548,155.552
2026-09-07 07:59,155.550,155.556,155.515,155.544
2026-09-07 08:00,155.547,155.573,155.530,155.557
2026-09-07 08:01,155.560,155.573,155.539,155.557
2026-09-07 08:02,155.566,155.568,155.510,155.512
2026-09-07 08:03,155.510,155.516,155.299,155.395
2026-09-07 08:04,155.390,155.423,155.352,155.408
2026-09-07 08:05,155.414,155.462,155.388,155.420
2026-09-07 08:06,155.419,155.447,155.398,155.415
2026-09-07 08:07,155.411,155.422,155.107,155.107
2026-09-07 08:08,155.106,155.205,154.986,154.988
2026-09-07 08:09,155.002,155.068,154.604,154.836
2026-09-07 08:10,154.827,154.851,154.589,154.676
2026-09-07 08:11,154.668,154.806,154.658,154.699
2026-09-07 08:12,154.714,154.786,154.531,154.581
2026-09-07 08:13,154.572,154.801,154.555,154.778
2026-09-07 08:14,154.792,154.806,154.701,154.707
2026-09-07 08:15,154.700,154.815,154.680,154.745
2026-09-07 08:16,154.745,154.804,154.699,154.726
2026-09-07 08:17,154.713,154.727,154.502,154.527
2026-09-07 08:18,154.527,154.568,154.478,154.500
2026-09-07 08:19,154.503,154.586,154.490,154.529
2026-09-07 08:20,154.529,154.564,154.317,154.327
2026-09-07 08:21,154.328,154.465,154.293,154.460
2026-09-07 08:22,154.451,154.541,154.429,154.508
2026-09-07 08:23,154.514,154.576,154.430,154.443
2026-09-07 08:24,154.451,154.520,154.430,154.507
2026-09-07 08:25,154.500,154.543,154.350,154.365
2026-09-07 08:26,154.355,154.376,154.271,154.305
2026-09-07 08:27,154.316,154.318,154.190,154.205
2026-09-07 08:28,154.197,154.322,154.162,154.295
2026-09-07 08:29,154.294,154.351,154.121,154.156
2026-09-07 08:30,154.134,154.174,154.063,154.135
2026-09-07 08:31,154.146,154.207,154.098,154.149
2026-09-07 08:32,154.160,154.232,154.048,154.060
2026-09-07 08:33,154.063,154.130,154.050,154.085
2026-09-07 08:34,154.096,154.213,154.085,154.169
2026-09-07 08:35,154.171,154.269,154.119,154.264
2026-09-07 08:36,154.262,154.341,154.261,154.306
2026-09-07 08:37,154.304,154.384,154.299,154.362
2026-09-07 08:38,154.375,154.395,154.302,154.321
2026-09-07 08:39,154.309,154.408,154.202,154.380
2026-09-07 08:40,154.392,154.490,154.368,154.457
2026-09-07 08:41,154.461,154.476,154.387,154.400
2026-09-07 08:42,154.400,154.431,154.362,154.419
2026-09-07 08:43,154.414,154.456,154.341,154.357
2026-09-07 08:44,154.343,154.432,154.343,154.432
2026-09-07 08:45,154.433,154.435,154.318,154.334
2026-09-07 08:46,154.339,154.365,154.297,154.314
2026-09-07 08:47,154.321,154.324,154.237,154.308
2026-09-07 08:48,154.304,154.387,154.293,154.385
2026-09-07 08:49,154.368,154.467,154.360,154.466
2026-09-07 08:50,154.457,154.526,154.456,154.512
2026-09-07 08:51,154.515,154.570,154.507,154.551
2026-09-07 08:52,154.551,154.558,154.437,154.458
2026-09-07 08:53,154.451,154.481,154.417,154.437
2026-09-07 08:54,154.437,154.493,154.430,154.448
2026-09-07 08:55,154.440,154.518,154.439,154.498
2026-09-07 08:56,154.500,154.519,154.462,154.488
2026-09-07 08:57,154.487,154.535,154.460,154.523
2026-09-07 08:58,154.521,154.544,154.465,154.479
2026-09-07 08:59,154.469,154.484,154.445,154.455
2026-09-07 09:00,154.460,154.507,154.403,154.498
2026-09-07 09:01,154.506,154.518,154.421,154.437
2026-09-07 09:02,154.437,154.460,154.419,154.429
2026-09-07 09:03,154.425,154.435,154.354,154.364
2026-09-07 09:04,154.363,154.409,154.357,154.404
2026-09-07 09:05,154.398,154.424,154.389,154.419
2026-09-07 09:06,154.414,154.484,154.410,154.434
2026-09-07 09:07,154.425,154.439,154.403,154.419
2026-09-07 09:08,154.420,154.430,154.356,154.356
2026-09-07 09:09,154.383,154.394,154.334,154.342
2026-09-07 09:10,154.338,154.425,154.332,154.412
2026-09-07 09:11,154.412,154.448,154.400,154.406
2026-09-07 09:12,154.402,154.412,154.361,154.402
2026-09-07 09:13,154.403,154.470,154.368,154.446
2026-09-07 09:14,154.437,154.485,154.431,154.453
2026-09-07 09:15,154.458,154.472,154.387,154.402
2026-09-07 09:16,154.402,154.440,154.387,154.429
2026-09-07 09:17,154.425,154.495,154.415,154.463
2026-09-07 09:18,154.469,154.485,154.421,154.424
2026-09-07 09:19,154.424,154.461,154.424,154.446
2026-09-07 09:20,154.447,154.472,154.434,154.440
2026-09-07 09:21,154.437,154.447,154.429,154.445
2026-09-07 09:22,154.439,154.463,154.426,154.435
2026-09-07 09:23,154.427,154.461,154.405,154.405
2026-09-07 09:24,154.411,154.412,154.370,154.397
2026-09-07 09:25,154.388,154.406,154.364,154.367
2026-09-07 09:26,154.368,154.390,154.341,154.341
2026-09-07 09:27,154.352,154.352,154.248,154.260
2026-09-07 09:28,154.256,154.274,154.234,154.252
2026-09-07 09:29,154.252,154.272,154.211,154.237
2026-09-07 09:30,154.244,154.322,154.235,154.310
2026-09-07 09:31,154.319,154.334,154.255,154.265
2026-09-07 09:32,154.264,154.271,154.235,154.271
2026-09-07 09:33,154.265,154.291,154.246,154.255
2026-09-07 09:34,154.247,154.293,154.234,154.281
2026-09-07 09:35,154.276,154.305,154.273,154.288
2026-09-07 09:36,154.294,154.321,154.269,154.315
2026-09-07 09:37,154.310,154.345,154.310,154.318
2026-09-07 09:38,154.322,154.392,154.317,154.377
2026-09-07 09:39,154.383,154.387,154.350,154.364
2026-09-07 09:40,154.355,154.379,154.307,154.310
2026-09-07 09:41,154.311,154.384,154.310,154.384
2026-09-07 09:42,154.377,154.425,154.376,154.414
2026-09-07 09:43,154.414,154.438,154.412,154.414
2026-09-07 09:44,154.414,154.419,154.377,154.394
2026-09-07 09:45,154.388,154.396,154.362,154.377
2026-09-07 09:46,154.380,154.440,154.362,154.424
2026-09-07 09:47,154.415,154.444,154.414,154.421
2026-09-07 09:48,154.417,154.445,154.409,154.424
2026-09-07 09:49,154.425,154.440,154.407,154.436
2026-09-07 09:50,154.443,154.473,154.436,154.448
2026-09-07 09:51,154.446,154.462,154.446,154.457
2026-09-07 09:52,154.454,154.487,154.454,154.480
2026-09-07 09:53,154.475,154.509,154.467,154.496
2026-09-07 09:54,154.504,154.543,154.495,154.518
2026-09-07 09:55,154.511,154.534,154.511,154.521
2026-09-07 09:56,154.529,154.553,154.518,154.547
2026-09-07 09:57,154.540,154.547,154.525,154.534
2026-09-07 09:58,154.534,154.565,154.532,154.564
2026-09-07 09:59,154.563,154.569,154.495,154.496
2026-09-07 10:00,154.499,154.519,154.488,154.507
2026-09-07 10:01,154.511,154.553,154.494,154.525
2026-09-07 10:02,154.525,154.557,154.523,154.533
2026-09-07 10:03,154.533,154.544,154.515,154.526
2026-09-07 10:04,154.525,154.525,154.507,154.512
2026-09-07 10:05,154.512,154.521,154.455,154.477
2026-09-07 10:06,154.471,154.485,154.455,154.477
2026-09-07 10:07,154.484,154.526,154.477,154.500
2026-09-07 10:08,154.501,154.516,154.480,154.510
2026-09-07 10:09,154.505,154.532,154.484,154.531
2026-09-07 10:10,154.524,154.547,154.523,154.537
2026-09-07 10:11,154.536,154.566,154.528,154.536
2026-09-07 10:12,154.540,154.551,154.502,154.526
2026-09-07 10:13,154.518,154.552,154.512,154.546
2026-09-07 10:14,154.551,154.605,154.544,154.589
2026-09-07 10:15,154.595,154.639,154.590,154.623
2026-09-07 10:16,154.609,154.618,154.590,154.595
2026-09-07 10:17,154.597,154.605,154.577,154.577
2026-09-07 10:18,154.577,154.603,154.577,154.587
2026-09-07 10:19,154.578,154.602,154.572,154.592
2026-09-07 10:20,154.596,154.606,154.567,154.572
2026-09-07 10:21,154.571,154.604,154.567,154.589
2026-09-07 10:22,154.590,154.653,154.586,154.621
2026-09-07 10:23,154.620,154.624,154.587,154.604
2026-09-07 10:24,154.598,154.600,154.569,154.571
2026-09-07 10:25,154.571,154.615,154.570,154.612
2026-09-07 10:26,154.606,154.656,154.606,154.643
2026-09-07 10:27,154.642,154.684,154.642,154.669
2026-09-07 10:28,154.672,154.704,154.664,154.694
2026-09-07 10:29,154.685,154.699,154.662,154.669
2026-09-07 10:30,154.669,154.676,154.648,154.657
2026-09-07 10:31,154.657,154.681,154.644,154.647
2026-09-07 10:32,154.643,154.666,154.637,154.661
2026-09-07 10:33,154.664,154.687,154.652,154.682
2026-09-07 10:34,154.678,154.717,154.672,154.682
2026-09-07 10:35,154.681,154.697,154.654,154.671
2026-09-07 10:36,154.667,154.710,154.667,154.690
2026-09-07 10:37,154.697,154.712,154.689,154.708
2026-09-07 10:38,154.703,154.749,154.702,154.728
2026-09-07 10:39,154.728,154.751,154.717,154.729
2026-09-07 10:40,154.722,154.743,154.717,154.728
2026-09-07 10:41,154.723,154.733,154.697,154.719
2026-09-07 10:42,154.711,154.742,154.708,154.741
2026-09-07 10:43,154.738,154.746,154.725,154.726
2026-09-07 10:44,154.727,154.730,154.686,154.694
2026-09-07 10:45,154.694,154.707,154.662,154.672
2026-09-07 10:46,154.670,154.681,154.627,154.661
2026-09-07 10:47,154.657,154.661,154.608,154.641
2026-09-07 10:48,154.636,154.670,154.608,154.662
2026-09-07 10:49,154.656,154.666,154.629,154.629
2026-09-07 10:50,154.639,154.645,154.617,154.617
2026-09-07 10:51,154.623,154.628,154.581,154.585
2026-09-07 10:52,154.588,154.592,154.575,154.580
2026-09-07 10:53,154.587,154.609,154.577,154.597
2026-09-07 10:54,154.592,154.644,154.592,154.631
2026-09-07 10:55,154.635,154.685,154.629,154.667
2026-09-07 10:56,154.674,154.699,154.650,154.670
2026-09-07 10:57,154.666,154.676,154.652,154.668
2026-09-07 10:58,154.667,154.677,154.651,154.669
2026-09-07 10:59,154.666,154.676,154.640,154.646
2026-09-07 11:00,154.642,154.685,154.642,154.671
2026-09-07 11:01,154.666,154.718,154.638,154.710
2026-09-07 11:02,154.709,154.722,154.693,154.694
2026-09-07 11:03,154.694,154.728,154.694,154.720
2026-09-07 11:04,154.713,154.722,154.693,154.702
2026-09-07 11:05,154.699,154.706,154.650,154.666
2026-09-07 11:06,154.669,154.676,154.662,154.671
2026-09-07 11:07,154.664,154.683,154.648,154.651
2026-09-07 11:08,154.651,154.682,154.651,154.670
2026-09-07 11:09,154.670,154.715,154.665,154.702
2026-09-07 11:10,154.699,154.718,154.663,154.669
2026-09-07 11:11,154.669,154.734,154.669,154.714
2026-09-07 11:12,154.714,154.772,154.711,154.748
2026-09-07 11:13,154.755,154.759,154.710,154.723
2026-09-07 11:14,154.723,154.733,154.698,154.718
2026-09-07 11:15,154.720,154.743,154.716,154.723
2026-09-07 11:16,154.723,154.755,154.721,154.745
2026-09-07 11:17,154.747,154.759,154.725,154.746
2026-09-07 11:18,154.742,154.763,154.736,154.755
2026-09-07 11:19,154.752,154.758,154.733,154.743
2026-09-07 11:20,154.742,154.753,154.730,154.730
2026-09-07 11:21,154.725,154.734,154.707,154.716
2026-09-07 11:22,154.716,154.724,154.692,154.701
2026-09-07 11:23,154.701,154.710,154.685,154.690
2026-09-07 11:24,154.690,154.699,154.651,154.660
2026-09-07 11:25,154.660,154.691,154.660,154.677
2026-09-07 11:26,154.681,154.690,154.672,154.681
2026-09-07 11:27,154.679,154.714,154.676,154.697
2026-09-07 11:28,154.700,154.709,154.674,154.686
2026-09-07 11:29,154.680,154.688,154.646,154.657
2026-09-07 11:30,154.652,154.661,154.630,154.636
2026-09-07 11:31,154.632,154.642,154.606,154.635
2026-09-07 11:32,154.632,154.646,154.606,154.606
2026-09-07 11:33,154.609,154.626,154.603,154.615
2026-09-07 11:34,154.610,154.650,154.607,154.640
2026-09-07 11:35,154.640,154.697,154.640,154.665
2026-09-07 11:36,154.665,154.672,154.638,154.646
2026-09-07 11:37,154.646,154.663,154.643,154.660
2026-09-07 11:38,154.653,154.660,154.627,154.628
2026-09-07 11:39,154.628,154.640,154.625,154.640
2026-09-07 11:40,154.634,154.677,154.633,154.662
2026-09-07 11:41,154.656,154.671,154.651,154.651
2026-09-07 11:42,154.651,154.661,154.640,154.651
2026-09-07 11:43,154.648,154.687,154.642,154.678
2026-09-07 11:44,154.678,154.686,154.662,154.663
2026-09-07 11:45,154.667,154.676,154.662,154.670
2026-09-07 11:46,154.667,154.675,154.642,154.652
2026-09-07 11:47,154.654,154.680,154.652,154.670
2026-09-07 11:48,154.671,154.683,154.662,154.674
2026-09-07 11:49,154.667,154.679,154.654,154.667
2026-09-07 11:50,154.670,154.691,154.662,154.681
2026-09-07 11:51,154.678,154.701,154.677,154.692
2026-09-07 11:52,154.689,154.689,154.649,154.681
2026-09-07 11:53,154.682,154.685,154.660,154.666
2026-09-07 11:54,154.673,154.697,154.662,154.687
2026-09-07 11:55,154.690,154.706,154.664,154.697
2026-09-07 11:56,154.690,154.703,154.682,154.695
2026-09-07 11:57,154.695,154.731,154.695,154.719
2026-09-07 11:58,154.719,154.733,154.705,154.708
2026-09-07 11:59,154.710,154.732,154.708,154.727
2026-09-07 12:00,154.723,154.726,154.700,154.708
2026-09-07 12:01,154.713,154.742,154.702,154.705
2026-09-07 12:02,154.705,154.732,154.705,154.714
2026-09-07 12:03,154.716,154.740,154.712,154.732
2026-09-07 12:04,154.727,154.773,154.712,154.763
2026-09-07 12:05,154.763,154.773,154.733,154.736
2026-09-07 12:06,154.741,154.744,154.696,154.708
2026-09-07 12:07,154.708,154.721,154.702,154.708
2026-09-07 12:08,154.703,154.712,154.698,154.701
2026-09-07 12:09,154.701,154.743,154.700,154.743
2026-09-07 12:10,154.735,154.747,154.722,154.727
2026-09-07 12:11,154.730,154.753,154.723,154.744
2026-09-07 12:12,154.744,154.759,154.743,154.756
2026-09-07 12:13,154.750,154.769,154.744,154.767
2026-09-07 12:14,154.761,154.772,154.743,154.766
2026-09-07 12:15,154.762,154.792,154.760,154.789
2026-09-07 12:16,154.788,154.803,154.773,154.801
2026-09-07 12:17,154.795,154.807,154.735,154.742
2026-09-07 12:18,154.742,154.764,154.723,154.726
2026-09-07 12:19,154.724,154.729,154.627,154.652
2026-09-07 12:20,154.652,154.685,154.650,154.680
2026-09-07 12:21,154.674,154.683,154.567,154.577
2026-09-07 12:22,154.569,154.586,154.529,154.530
2026-09-07 12:23,154.530,154.571,154.510,154.543
2026-09-07 12:24,154.551,154.575,154.516,154.566
2026-09-07 12:25,154.566,154.601,154.542,154.559
2026-09-07 12:26,154.559,154.586,154.518,154.553
2026-09-07 12:27,154.555,154.568,154.521,154.550
2026-09-07 12:28,154.547,154.557,154.528,154.541
2026-09-07 12:29,154.540,154.541,154.466,154.477
2026-09-07 12:30,154.474,154.508,154.448,154.479
2026-09-07 12:31,154.475,154.490,154.451,154.468
2026-09-07 12:32,154.475,154.479,154.435,154.456
2026-09-07 12:33,154.456,154.466,154.385,154.424
2026-09-07 12:34,154.422,154.431,154.381,154.422
2026-09-07 12:35,154.415,154.439,154.386,154.428
2026-09-07 12:36,154.428,154.458,154.416,154.424
2026-09-07 12:37,154.420,154.430,154.358,154.382
2026-09-07 12:38,154.374,154.401,154.355,154.374
2026-09-07 12:39,154.381,154.384,154.343,154.367
2026-09-07 12:40,154.362,154.371,154.337,154.338
2026-09-07 12:41,154.348,154.348,154.310,154.318
2026-09-07 12:42,154.315,154.342,154.303,154.325
2026-09-07 12:43,154.319,154.344,154.302,154.317
2026-09-07 12:44,154.319,154.323,154.253,154.254
2026-09-07 12:45,154.256,154.278,154.242,154.262
2026-09-07 12:46,154.262,154.332,154.253,154.319
2026-09-07 12:47,154.324,154.387,154.319,154.382
2026-09-07 12:48,154.387,154.399,154.357,154.378
2026-09-07 12:49,154.378,154.393,154.353,154.363
2026-09-07 12:50,154.355,154.368,154.339,154.350
2026-09-07 12:51,154.343,154.434,154.343,154.423
2026-09-07 12:52,154.414,154.472,154.413,154.447
2026-09-07 12:53,154.448,154.455,154.399,154.405
2026-09-07 12:54,154.400,154.464,154.400,154.434
2026-09-07 12:55,154.429,154.440,154.414,154.426
2026-09-07 12:56,154.430,154.445,154.412,154.417
2026-09-07 12:57,154.424,154.457,154.417,154.439
2026-09-07 12:58,154.436,154.444,154.421,154.432
2026-09-07 12:59,154.433,154.496,154.422,154.480
2026-09-07 13:00,154.482,154.489,154.441,154.476
2026-09-07 13:01,154.473,154.486,154.467,154.468
2026-09-07 13:02,154.476,154.505,154.458,154.492
2026-09-07 13:03,154.489,154.504,154.449,154.459
2026-09-07 13:04,154.459,154.531,154.456,154.520
2026-09-07 13:05,154.524,154.537,154.501,154.526
2026-09-07 13:06,154.522,154.543,154.500,154.503
2026-09-07 13:07,154.500,154.529,154.496,154.504
2026-09-07 13:08,154.509,154.510,154.471,154.480
2026-09-07 13:09,154.472,154.484,154.447,154.448
2026-09-07 13:10,154.447,154.454,154.387,154.391
2026-09-07 13:11,154.397,154.423,154.383,154.403
2026-09-07 13:12,154.403,154.451,154.398,154.429
2026-09-07 13:13,154.428,154.428,154.360,154.375
2026-09-07 13:14,154.368,154.378,154.352,154.370
2026-09-07 13:15,154.371,154.415,154.366,154.409
2026-09-07 13:16,154.402,154.447,154.400,154.437
2026-09-07 13:17,154.437,154.472,154.435,154.468
2026-09-07 13:18,154.462,154.474,154.432,154.460
2026-09-07 13:19,154.468,154.482,154.455,154.474
2026-09-07 13:20,154.468,154.479,154.420,154.421
2026-09-07 13:21,154.421,154.434,154.382,154.409
2026-09-07 13:22,154.406,154.417,154.374,154.384
2026-09-07 13:23,154.384,154.400,154.377,154.380
2026-09-07 13:24,154.384,154.434,154.372,154.396
2026-09-07 13:25,154.404,154.417,154.395,154.408
2026-09-07 13:26,154.404,154.430,154.400,154.415
2026-09-07 13:27,154.415,154.449,154.415,154.444
2026-09-07 13:28,154.440,154.480,154.431,154.468
2026-09-07 13:29,154.477,154.497,154.451,154.466
2026-09-07 13:30,154.461,154.507,154.461,154.480
2026-09-07 13:31,154.479,154.488,154.448,154.458
2026-09-07 13:32,154.448,154.470,154.447,154.466
2026-09-07 13:33,154.460,154.524,154.458,154.524
2026-09-07 13:34,154.515,154.530,154.481,154.495
2026-09-07 13:35,154.495,154.501,154.449,154.469
2026-09-07 13:36,154.466,154.493,154.457,154.457
2026-09-07 13:37,154.457,154.500,154.448,154.489
2026-09-07 13:38,154.497,154.499,154.482,154.494
2026-09-07 13:39,154.486,154.505,154.469,154.475
2026-09-07 13:40,154.478,154.484,154.418,154.425
2026-09-07 13:41,154.428,154.461,154.420,154.425
2026-09-07 13:42,154.429,154.434,154.378,154.410
2026-09-07 13:43,154.410,154.419,154.379,154.407
2026-09-07 13:44,154.401,154.443,154.388,154.434
2026-09-07 13:45,154.434,154.450,154.392,154.450
2026-09-07 13:46,154.443,154.456,154.410,154.454
2026-09-07 13:47,154.443,154.460,154.420,154.449
2026-09-07 13:48,154.459,154.498,154.448,154.481
2026-09-07 13:49,154.490,154.512,154.479,154.504
2026-09-07 13:50,154.498,154.537,154.494,154.515
2026-09-07 13:51,154.512,154.517,154.473,154.495
2026-09-07 13:52,154.488,154.514,154.463,154.466
2026-09-07 13:53,154.466,154.494,154.452,154.490
2026-09-07 13:54,154.488,154.540,154.486,154.540
2026-09-07 13:55,154.533,154.569,154.523,154.555
2026-09-07 13:56,154.554,154.572,154.547,154.549
2026-09-07 13:57,154.549,154.578,154.549,154.575
2026-09-07 13:58,154.568,154.583,154.563,154.572
2026-09-07 13:59,154.564,154.578,154.507,154.508
2026-09-07 14:00,154.508,154.557,154.485,154.499
2026-09-07 14:01,154.498,154.592,154.480,154.581
2026-09-07 14:02,154.582,154.595,154.555,154.566
2026-09-07 14:03,154.560,154.587,154.547,154.573
2026-09-07 14:04,154.570,154.594,154.567,154.579
2026-09-07 14:05,154.579,154.636,154.579,154.618
2026-09-07 14:06,154.618,154.625,154.590,154.599
2026-09-07 14:07,154.599,154.626,154.594,154.603
2026-09-07 14:08,154.600,154.609,154.542,154.556
2026-09-07 14:09,154.558,154.600,154.551,154.579
2026-09-07 14:10,154.597,154.597,154.552,154.579
2026-09-07 14:11,154.577,154.591,154.556,154.562
2026-09-07 14:12,154.558,154.561,154.525,154.540
2026-09-07 14:13,154.536,154.544,154.480,154.485
2026-09-07 14:14,154.485,154.495,154.449,154.483
2026-09-07 14:15,154.486,154.507,154.467,154.476
2026-09-07 14:16,154.476,154.493,154.463,154.468
2026-09-07 14:17,154.463,154.484,154.411,154.411
2026-09-07 14:18,154.416,154.429,154.371,154.380
2026-09-07 14:19,154.372,154.382,154.355,154.363
2026-09-07 14:20,154.367,154.375,154.343,154.351
2026-09-07 14:21,154.353,154.423,154.349,154.398
2026-09-07 14:22,154.392,154.413,154.348,154.400
2026-09-07 14:23,154.400,154.445,154.383,154.411
2026-09-07 14:24,154.411,154.435,154.390,154.390
2026-09-07 14:25,154.398,154.400,154.373,154.378
2026-09-07 14:26,154.378,154.402,154.376,154.386
2026-09-07 14:27,154.386,154.412,154.351,154.402
2026-09-07 14:28,154.400,154.408,154.364,154.373
2026-09-07 14:29,154.369,154.397,154.346,154.361
2026-09-07 14:30,154.360,154.407,154.353,154.390
2026-09-07 14:31,154.398,154.412,154.378,154.400
2026-09-07 14:32,154.406,154.411,154.371,154.388
2026-09-07 14:33,154.392,154.397,154.362,154.377
2026-09-07 14:34,154.369,154.395,154.364,154.387
2026-09-07 14:35,154.383,154.396,154.371,154.378
2026-09-07 14:36,154.378,154.395,154.350,154.362
2026-09-07 14:37,154.367,154.373,154.310,154.310
2026-09-07 14:38,154.315,154.346,154.292,154.334
2026-09-07 14:39,154.341,154.353,154.309,154.336
2026-09-07 14:40,154.336,154.354,154.309,154.310
2026-09-07 14:41,154.310,154.342,154.295,154.332
2026-09-07 14:42,154.330,154.348,154.317,154.326
2026-09-07 14:43,154.318,154.362,154.315,154.360
2026-09-07 14:44,154.354,154.405,154.341,154.389
2026-09-07 14:45,154.388,154.432,154.388,154.417
2026-09-07 14:46,154.410,154.443,154.408,154.439
2026-09-07 14:47,154.434,154.446,154.402,154.434
2026-09-07 14:48,154.425,154.444,154.424,154.440
2026-09-07 14:49,154.436,154.451,154.433,154.446
2026-09-07 14:50,154.440,154.443,154.403,154.419
2026-09-07 14:51,154.416,154.467,154.414,154.416
2026-09-07 14:52,154.420,154.423,154.388,154.389
2026-09-07 14:53,154.391,154.402,154.389,154.390
2026-09-07 14:54,154.390,154.399,154.357,154.383
2026-09-07 14:55,154.378,154.378,154.320,154.323
2026-09-07 14:56,154.322,154.332,154.305,154.312
2026-09-07 14:57,154.314,154.362,154.272,154.294
2026-09-07 14:58,154.295,154.310,154.265,154.268
2026-09-07 14:59,154.272,154.299,154.264,154.284
2026-09-07 15:00,154.283,154.335,154.279,154.326
2026-09-07 15:01,154.327,154.388,154.314,154.367
2026-09-07 15:02,154.367,154.406,154.356,154.386
2026-09-07 15:03,154.380,154.388,154.304,154.324
2026-09-07 15:04,154.332,154.337,154.283,154.330
2026-09-07 15:05,154.337,154.375,154.308,154.368
2026-09-07 15:06,154.370,154.392,154.361,154.386
2026-09-07 15:07,154.386,154.394,154.362,154.364
2026-09-07 15:08,154.364,154.415,154.362,154.397
2026-09-07 15:09,154.396,154.397,154.350,154.356
2026-09-07 15:10,154.350,154.364,154.326,154.331
2026-09-07 15:11,154.330,154.351,154.302,154.313
2026-09-07 15:12,154.306,154.314,154.292,154.293
2026-09-07 15:13,154.299,154.341,154.291,154.335
2026-09-07 15:14,154.330,154.363,154.330,154.344
2026-09-07 15:15,154.338,154.371,154.332,154.345
2026-09-07 15:16,154.338,154.363,154.337,154.355
2026-09-07 15:17,154.355,154.381,154.348,154.376
2026-09-07 15:18,154.374,154.382,154.347,154.363
2026-09-07 15:19,154.369,154.372,154.341,154.348
2026-09-07 15:20,154.342,154.348,154.314,154.327
2026-09-07 15:21,154.327,154.346,154.320,154.332
2026-09-07 15:22,154.325,154.340,154.318,154.331
2026-09-07 15:23,154.332,154.345,154.318,154.318
2026-09-07 15:24,154.323,154.350,154.313,154.337
2026-09-07 15:25,154.344,154.347,154.297,154.297
2026-09-07 15:26,154.301,154.330,154.296,154.322
2026-09-07 15:27,154.316,154.325,154.251,154.257
2026-09-07 15:28,154.250,154.291,154.249,154.285
2026-09-07 15:29,154.284,154.291,154.257,154.263
2026-09-07 15:30,154.267,154.267,154.223,154.248
2026-09-07 15:31,154.240,154.279,154.234,154.277
2026-09-07 15:32,154.268,154.304,154.254,154.294
2026-09-07 15:33,154.294,154.315,154.292,154.314
2026-09-07 15:34,154.303,154.358,154.303,154.354
2026-09-07 15:35,154.349,154.363,154.304,154.307
2026-09-07 15:36,154.308,154.338,154.305,154.335
2026-09-07 15:37,154.330,154.340,154.329,154.335
2026-09-07 15:38,154.335,154.339,154.320,154.326
2026-09-07 15:39,154.322,154.327,154.317,154.318
2026-09-07 15:40,154.318,154.325,154.283,154.289
2026-09-07 15:41,154.288,154.304,154.285,154.299
2026-09-07 15:42,154.294,154.303,154.292,154.292
2026-09-07 15:43,154.294,154.347,154.292,154.347
2026-09-07 15:44,154.339,154.356,154.315,154.318
2026-09-07 15:45,154.315,154.339,154.315,154.332
2026-09-07 15:46,154.336,154.374,154.327,154.358
2026-09-07 15:47,154.353,154.365,154.353,154.359
2026-09-07 15:48,154.354,154.360,154.337,154.342
2026-09-07 15:49,154.341,154.347,154.327,154.330
2026-09-07 15:50,154.334,154.376,154.331,154.368
2026-09-07 15:51,154.372,154.387,154.369,154.378
2026-09-07 15:52,154.383,154.398,154.377,154.389
2026-09-07 15:53,154.389,154.411,154.378,154.401
2026-09-07 15:54,154.401,154.423,154.401,154.414
2026-09-07 15:55,154.414,154.440,154.412,154.424
2026-09-07 15:56,154.428,154.435,154.407,154.410
2026-09-07 15:57,154.410,154.428,154.377,154.385
2026-09-07 15:58,154.385,154.394,154.372,154.385
2026-09-07 15:59,154.385,154.394,154.384,154.389
2026-09-07 16:00,154.385,154.396,154.384,154.385
2026-09-07 16:01,154.385,154.416,154.385,154.407
2026-09-07 16:02,154.398,154.420,154.398,154.410
2026-09-07 16:03,154.412,154.430,154.411,154.422
2026-09-07 16:04,154.422,154.429,154.411,154.411
2026-09-07 16:05,154.411,154.415,154.397,154.398
2026-09-07 16:06,154.398,154.403,154.363,154.375
2026-09-07 16:07,154.375,154.394,154.371,154.374
2026-09-07 16:08,154.382,154.383,154.364,154.365
2026-09-07 16:09,154.365,154.375,154.361,154.372
2026-09-07 16:10,154.368,154.374,154.363,154.365
2026-09-07 16:11,154.365,154.384,154.365,154.376
2026-09-07 16:12,154.380,154.385,154.365,154.365
2026-09-07 16:13,154.371,154.385,154.364,154.364
2026-09-07 16:14,154.363,154.391,154.362,154.387
2026-09-07 16:15,154.378,154.395,154.375,154.386
2026-09-07 16:16,154.384,154.396,154.376,154.388
2026-09-07 16:17,154.388,154.399,154.386,154.396
2026-09-07 16:18,154.397,154.409,154.386,154.400
2026-09-07 16:19,154.397,154.412,154.392,154.395
2026-09-07 16:20,154.401,154.406,154.386,154.386
2026-09-07 16:21,154.386,154.399,154.385,154.385
2026-09-07 16:22,154.385,154.395,154.382,154.383
2026-09-07 16:23,154.383,154.397,154.382,154.382
2026-09-07 16:24,154.388,154.411,154.381,154.400
2026-09-07 16:25,154.400,154.411,154.396,154.401
2026-09-07 16:26,154.401,154.411,154.377,154.377
2026-09-07 16:27,154.377,154.389,154.377,154.379
2026-09-07 16:28,154.385,154.402,154.356,154.365
2026-09-07 16:29,154.363,154.376,154.355,154.367
2026-09-07 16:30,154.367,154.374,154.353,154.354
2026-09-07 16:31,154.353,154.362,154.352,154.353
2026-09-07 16:32,154.358,154.361,154.351,154.360
2026-09-07 16:33,154.352,154.361,154.341,154.346
2026-09-07 16:34,154.343,154.356,154.318,154.328
2026-09-07 16:35,154.319,154.333,154.318,154.325
2026-09-07 16:36,154.329,154.329,154.317,154.317
2026-09-07 16:37,154.317,154.326,154.315,154.316
2026-09-07 16:38,154.316,154.322,154.282,154.309
2026-09-07 16:39,154.305,154.313,154.303,154.312
2026-09-07 16:40,154.305,154.313,154.294,154.296
2026-09-07 16:41,154.298,154.303,154.284,154.290
2026-09-07 16:42,154.286,154.295,154.280,154.283
2026-09-07 16:43,154.283,154.293,154.270,154.272
2026-09-07 16:44,154.277,154.282,154.270,154.276
2026-09-07 16:45,154.271,154.281,154.271,154.272
2026-09-07 16:46,154.272,154.335,154.272,154.335
2026-09-07 16:47,154.324,154.336,154.317,154.317
2026-09-07 16:48,154.317,154.329,154.304,154.306
2026-09-07 16:49,154.306,154.327,154.305,154.316
2026-09-07 16:50,154.315,154.316,154.303,154.305
2026-09-07 16:51,154.305,154.318,154.303,154.306
2026-09-07 16:52,154.306,154.318,154.303,154.303
2026-09-07 16:53,154.310,154.329,154.304,154.321
2026-09-07 16:54,154.321,154.329,154.318,154.323
2026-09-07 16:55,154.320,154.340,154.320,154.338
2026-09-07 16:56,154.329,154.338,154.310,154.316
2026-09-07 16:57,154.313,154.324,154.290,154.293
2026-09-07 16:58,154.292,154.307,154.284,154.297
2026-09-07 16:59,154.288,154.300,154.281,154.286
2026-09-07 17:00,154.288,154.308,154.283,154.291
2026-09-07 17:01,154.296,154.305,154.285,154.296
2026-09-07 17:02,154.296,154.323,154.286,154.318
2026-09-07 17:03,154.314,154.331,154.314,154.325
2026-09-07 17:04,154.320,154.330,154.318,154.318
2026-09-07 17:05,154.318,154.329,154.293,154.296
2026-09-07 17:06,154.296,154.308,154.296,154.304
2026-09-07 17:07,154.305,154.314,154.300,154.303
2026-09-07 17:08,154.304,154.315,154.303,154.308
2026-09-07 17:09,154.308,154.334,154.307,154.326
2026-09-07 17:10,154.326,154.337,154.319,154.330
2026-09-07 17:11,154.320,154.334,154.317,154.317
2026-09-07 17:12,154.326,154.326,154.317,154.319
2026-09-07 17:13,154.317,154.318,154.304,154.304
2026-09-07 17:14,154.304,154.312,154.301,154.301
2026-09-07 17:15,154.307,154.313,154.301,154.301
2026-09-07 17:16,154.301,154.313,154.301,154.309
2026-09-07 17:17,154.302,154.312,154.301,154.304
2026-09-07 17:18,154.305,154.334,154.305,154.317
2026-09-07 17:19,154.317,154.335,154.316,154.325
2026-09-07 17:20,154.328,154.334,154.310,154.317
2026-09-07 17:21,154.317,154.326,154.314,154.314
2026-09-07 17:22,154.318,154.323,154.314,154.314
2026-09-07 17:23,154.314,154.334,154.314,154.327
2026-09-07 17:24,154.327,154.335,154.327,154.327
2026-09-07 17:25,154.331,154.333,154.304,154.312
2026-09-07 17:26,154.305,154.313,154.305,154.313
2026-09-07 17:27,154.305,154.324,154.304,154.316
2026-09-07 17:28,154.317,154.327,154.315,154.315
2026-09-07 17:29,154.320,154.328,154.315,154.318
2026-09-07 17:30,154.318,154.339,154.318,154.327
2026-09-07 17:31,154.334,154.345,154.327,154.327
2026-09-07 17:32,154.327,154.345,154.327,154.341
2026-09-07 17:33,154.340,154.345,154.337,154.341
2026-09-07 17:34,154.340,154.345,154.337,154.338
2026-09-07 17:35,154.339,154.345,154.331,154.331
2026-09-07 17:36,154.331,154.342,154.328,154.328
2026-09-07 17:37,154.328,154.337,154.328,154.336
2026-09-07 17:38,154.328,154.346,154.328,154.343
2026-09-07 17:39,154.335,154.342,154.331,154.331
2026-09-07 17:40,154.331,154.358,154.330,154.346
2026-09-07 17:41,154.351,154.355,154.343,154.348
2026-09-07 17:42,154.345,154.354,154.341,154.346
2026-09-07 17:43,154.342,154.354,154.342,154.350
2026-09-07 17:44,154.346,154.354,154.344,154.348
2026-09-07 17:45,154.347,154.363,154.342,154.354
2026-09-07 17:46,154.354,154.364,154.351,154.361
2026-09-07 17:47,154.355,154.365,154.350,154.356
2026-09-07 17:48,154.362,154.372,154.356,154.371
2026-09-07 17:49,154.361,154.380,154.361,154.377
2026-09-07 17:50,154.370,154.382,154.367,154.378
2026-09-07 17:51,154.379,154.388,154.371,154.386
2026-09-07 17:52,154.385,154.387,154.375,154.376
2026-09-07 17:53,154.380,154.387,154.376,154.377
2026-09-07 17:54,154.381,154.384,154.365,154.372
2026-09-07 17:55,154.365,154.387,154.365,154.385
2026-09-07 17:56,154.379,154.387,154.364,154.365
2026-09-07 17:57,154.365,154.373,154.355,154.360
2026-09-07 17:58,154.361,154.365,154.342,154.350
2026-09-07 17:59,154.344,154.357,154.344,154.346
2026-09-07 18:00,154.346,154.358,154.343,154.343
2026-09-07 18:01,154.343,154.358,154.343,154.346
2026-09-07 18:02,154.352,154.356,154.344,154.356
2026-09-07 18:03,154.344,154.359,154.344,154.347
2026-09-07 18:04,154.347,154.357,154.347,154.353
2026-09-07 18:05,154.348,154.357,154.347,154.347
2026-09-07 18:06,154.347,154.354,154.347,154.347
2026-09-07 18:07,154.350,154.357,154.347,154.353
2026-09-07 18:08,154.347,154.363,154.347,154.347
2026-09-07 18:09,154.347,154.356,154.338,154.342
2026-09-07 18:10,154.345,154.355,154.338,154.354
2026-09-07 18:11,154.353,154.356,154.345,154.345
2026-09-07 18:12,154.345,154.356,154.345,154.352
2026-09-07 18:13,154.350,154.356,154.345,154.353
2026-09-07 18:14,154.350,154.356,154.346,154.355
2026-09-07 18:15,154.353,154.353,154.342,154.343
2026-09-07 18:16,154.343,154.353,154.342,154.348
2026-09-07 18:17,154.348,154.351,154.343,154.343
2026-09-07 18:18,154.343,154.352,154.342,154.348
2026-09-07 18:19,154.348,154.352,154.341,154.351
2026-09-07 18:20,154.347,154.352,154.341,154.342
2026-09-07 18:21,154.351,154.352,154.342,154.351
2026-09-07 18:22,154.342,154.352,154.341,154.349
2026-09-07 18:23,154.341,154.351,154.341,154.349
2026-09-07 18:24,154.342,154.350,154.340,154.347
2026-09-07 18:25,154.347,154.354,154.340,154.342
2026-09-07 18:26,154.343,154.353,154.343,154.352
2026-09-07 18:27,154.352,154.353,154.343,154.353
2026-09-07 18:28,154.343,154.357,154.343,154.352
2026-09-07 18:29,154.352,154.357,154.348,154.353
2026-09-07 18:30,154.348,154.355,154.348,154.348
2026-09-07 18:31,154.353,154.355,154.348,154.348
2026-09-07 18:32,154.348,154.357,154.348,154.348
2026-09-07 18:33,154.348,154.354,154.348,154.354
2026-09-07 18:34,154.352,154.354,154.340,154.341
2026-09-07 18:35,154.350,154.350,154.340,154.343
2026-09-07 18:36,154.343,154.351,154.341,154.350
2026-09-07 18:37,154.342,154.351,154.341,154.343
2026-09-07 18:38,154.343,154.360,154.342,154.349
2026-09-07 18:39,154.353,154.355,154.348,154.348
2026-09-07 18:40,154.348,154.357,154.348,154.348
2026-09-07 18:41,154.355,154.356,154.348,154.353
2026-09-07 18:42,154.348,154.353,154.345,154.345
2026-09-07 18:43,154.345,154.354,154.344,154.346
2026-09-07 18:44,154.350,154.353,154.341,154.341
2026-09-07 18:45,154.341,154.349,154.339,154.347
2026-09-07 18:46,154.346,154.354,154.341,154.345
2026-09-07 18:47,154.346,154.357,154.346,154.350
2026-09-07 18:48,154.348,154.355,154.347,154.350
2026-09-07 18:49,154.347,154.355,154.347,154.355
2026-09-07 18:50,154.347,154.355,154.347,154.352
2026-09-07 18:51,154.355,154.355,154.347,154.353
2026-09-07 18:52,154.347,154.356,154.346,154.346
2026-09-07 18:53,154.346,154.354,154.346,154.347
2026-09-07 18:54,154.347,154.356,154.346,154.347
2026-09-07 18:55,154.350,154.354,154.346,154.347
2026-09-07 18:56,154.354,154.354,154.347,154.347
2026-09-07 18:57,154.347,154.360,154.342,154.343
2026-09-07 18:58,154.343,154.349,154.342,154.344
2026-09-07 18:59,154.343,154.350,154.331,154.334
2026-09-07 19:00,154.332,154.360,154.331,154.353
2026-09-07 19:01,154.353,154.360,154.345,154.347
2026-09-07 19:02,154.348,154.360,154.347,154.355
2026-09-07 19:03,154.350,154.359,154.350,154.357
2026-09-07 19:04,154.350,154.357,154.348,154.349
2026-09-07 19:05,154.353,154.357,154.349,154.350
2026-09-07 19:06,154.349,154.360,154.349,154.349
2026-09-07 19:07,154.353,154.357,154.349,154.350
2026-09-07 19:08,154.353,154.368,154.349,154.355
2026-09-07 19:09,154.354,154.365,154.353,154.353
2026-09-07 19:10,154.362,154.363,154.352,154.354
2026-09-07 19:11,154.354,154.363,154.352,154.352
2026-09-07 19:12,154.352,154.362,154.352,154.359
2026-09-07 19:13,154.359,154.362,154.352,154.352
2026-09-07 19:14,154.356,154.362,154.352,154.356
2026-09-07 19:15,154.353,154.361,154.352,154.355
2026-09-07 19:16,154.357,154.371,154.352,154.364
2026-09-07 19:17,154.363,154.370,154.362,154.369
2026-09-07 19:18,154.362,154.370,154.362,154.369
2026-09-07 19:19,154.362,154.378,154.360,154.368
2026-09-07 19:20,154.368,154.371,154.361,154.365
2026-09-07 19:21,154.364,154.372,154.362,154.365
2026-09-07 19:22,154.362,154.371,154.349,154.358
2026-09-07 19:23,154.351,154.359,154.333,154.339
2026-09-07 19:24,154.334,154.342,154.328,154.339
2026-09-07 19:25,154.334,154.339,154.331,154.331
2026-09-07 19:26,154.332,154.339,154.331,154.335
2026-09-07 19:27,154.332,154.340,154.329,154.332
2026-09-07 19:28,154.332,154.341,154.331,154.336
2026-09-07 19:29,154.332,154.341,154.332,154.336
2026-09-07 19:30,154.333,154.363,154.331,154.358
2026-09-07 19:31,154.350,154.363,154.349,154.354
2026-09-07 19:32,154.354,154.365,154.354,154.360
2026-09-07 19:33,154.354,154.368,154.353,154.363
2026-09-07 19:34,154.368,154.368,154.354,154.354
2026-09-07 19:35,154.354,154.370,154.354,154.370
2026-09-07 19:36,154.371,154.375,154.362,154.368
2026-09-07 19:37,154.363,154.373,154.357,154.364
2026-09-07 19:38,154.357,154.376,154.357,154.369
2026-09-07 19:39,154.364,154.376,154.361,154.361
2026-09-07 19:40,154.362,154.371,154.361,154.361
2026-09-07 19:41,154.365,154.371,154.361,154.361
2026-09-07 19:42,154.361,154.370,154.356,154.356
2026-09-07 19:43,154.356,154.369,154.356,154.369
2026-09-07 19:44,154.361,154.369,154.359,154.359
2026-09-07 19:45,154.362,154.368,154.359,154.359
2026-09-07 19:46,154.359,154.366,154.358,154.359
2026-09-07 19:47,154.362,154.367,154.354,154.354
2026-09-07 19:48,154.361,154.367,154.355,154.358
2026-09-07 19:49,154.358,154.369,154.356,154.365
2026-09-07 19:50,154.365,154.374,154.364,154.372
2026-09-07 19:51,154.368,154.373,154.353,154.355
2026-09-07 19:52,154.352,154.359,154.350,154.352
2026-09-07 19:53,154.352,154.357,154.352,154.353
2026-09-07 19:54,154.352,154.358,154.351,154.357
2026-09-07 19:55,154.355,154.362,154.351,154.354
2026-09-07 19:56,154.357,154.361,154.352,154.357
2026-09-07 19:57,154.355,154.361,154.352,154.353
2026-09-07 19:58,154.355,154.360,154.352,154.356
2026-09-07 19:59,154.352,154.358,154.350,154.351
2026-09-07 20:00,154.350,154.370,154.350,154.354
2026-09-07 20:01,154.356,154.367,154.355,154.357
2026-09-07 20:02,154.356,154.364,154.344,154.344
2026-09-07 20:03,154.347,154.352,154.338,154.346
2026-09-07 20:04,154.351,154.353,154.343,154.344
2026-09-07 20:05,154.343,154.361,154.342,154.352
2026-09-07 20:06,154.352,154.361,154.352,154.356
2026-09-07 20:07,154.357,154.361,154.351,154.360
2026-09-07 20:08,154.360,154.363,154.350,154.363
2026-09-07 20:09,154.355,154.370,154.355,154.367
2026-09-07 20:10,154.366,154.375,154.360,154.374
2026-09-07 20:11,154.366,154.374,154.365,154.374
2026-09-07 20:12,154.363,154.377,154.363,154.370
2026-09-07 20:13,154.365,154.375,154.364,154.366
2026-09-07 20:14,154.369,154.374,154.365,154.366
2026-09-07 20:15,154.368,154.386,154.361,154.380
2026-09-07 20:16,154.377,154.385,154.375,154.376
2026-09-07 20:17,154.376,154.384,154.365,154.366
2026-09-07 20:18,154.368,154.376,154.365,154.368
2026-09-07 20:19,154.371,154.376,154.365,154.371
2026-09-07 20:20,154.373,154.375,154.365,154.366
2026-09-07 20:21,154.375,154.375,154.364,154.365
2026-09-07 20:22,154.369,154.369,154.353,154.359
2026-09-07 20:23,154.354,154.364,154.354,154.364
2026-09-07 20:24,154.363,154.363,154.353,154.358
2026-09-07 20:25,154.354,154.363,154.348,154.353
2026-09-07 20:26,154.352,154.362,154.351,154.353
2026-09-07 20:27,154.353,154.361,154.351,154.353
2026-09-07 20:28,154.354,154.363,154.352,154.353
2026-09-07 20:29,154.353,154.361,154.351,154.352
2026-09-07 20:30,154.356,154.361,154.351,154.359
2026-09-07 20:31,154.351,154.362,154.351,154.353
2026-09-07 20:32,154.352,154.362,154.351,154.357
2026-09-07 20:33,154.360,154.361,154.351,154.357
2026-09-07 20:34,154.360,154.360,154.329,154.329
2026-09-07 20:35,154.329,154.340,154.327,154.327
2026-09-07 20:36,154.327,154.337,154.327,154.336
2026-09-07 20:37,154.327,154.341,154.327,154.327
2026-09-07 20:38,154.327,154.341,154.327,154.336
2026-09-07 20:39,154.337,154.341,154.328,154.328
2026-09-07 20:40,154.335,154.354,154.331,154.351
2026-09-07 20:41,154.339,154.352,154.339,154.349
2026-09-07 20:42,154.340,154.356,154.340,154.340
2026-09-07 20:43,154.340,154.375,154.338,154.368
2026-09-07 20:44,154.364,154.376,154.363,154.368
2026-09-07 20:45,154.364,154.376,154.360,154.365
2026-09-07 20:46,154.364,154.377,154.364,154.375
2026-09-07 20:47,154.366,154.377,154.365,154.365
2026-09-07 20:48,154.369,154.376,154.363,154.369
2026-09-07 20:49,154.364,154.376,154.364,154.370
2026-09-07 20:50,154.364,154.376,154.353,154.356
2026-09-07 20:51,154.354,154.374,154.353,154.365
2026-09-07 20:52,154.360,154.376,154.350,154.353
2026-09-07 20:53,154.351,154.363,154.349,154.349
2026-09-07 20:54,154.349,154.372,154.349,154.359
2026-09-07 20:55,154.363,154.367,154.343,154.343
2026-09-07 20:56,154.345,154.368,154.342,154.342
2026-09-07 20:57,154.356,154.369,154.340,154.359
2026-09-07 20:58,154.342,154.365,154.327,154.327
2026-09-07 20:59,154.327,154.345,154.302,154.344
2026-09-07 21:00,154.347,154.347,154.317,154.335
2026-09-07 21:01,154.346,154.346,154.346,154.346
2026-09-07 21:04,154.336,154.336,154.332,154.332
2026-09-07 21:05,154.331,154.331,154.331,154.331
2026-09-07 21:06,154.332,154.332,154.325,154.332
2026-09-07 21:07,154.330,154.330,154.326,154.326
2026-09-07 21:08,154.330,154.330,154.330,154.330
2026-09-07 21:09,154.322,154.331,154.322,154.329
2026-09-07 21:10,154.342,154.342,154.336,154.337
2026-09-07 21:11,154.336,154.341,154.336,154.341
2026-09-07 21:12,154.338,154.339,154.338,154.338
2026-09-07 21:13,154.341,154.341,154.338,154.338
2026-09-07 21:14,154.341,154.341,154.337,154.341
2026-09-07 21:15,154.338,154.340,154.337,154.337
2026-09-07 21:16,154.336,154.337,154.336,154.337
2026-09-07 21:17,154.339,154.340,154.337,154.337
2026-09-07 21:18,154.338,154.341,154.336,154.338
2026-09-07 21:19,154.339,154.340,154.337,154.340
2026-09-07 21:20,154.337,154.340,154.315,154.334
2026-09-07 21:21,154.333,154.335,154.315,154.323
2026-09-07 21:22,154.322,154.328,154.309,154.310
2026-09-07 21:23,154.311,154.311,154.302,154.302
2026-09-07 21:24,154.298,154.311,154.277,154.307
2026-09-07 21:25,154.290,154.336,154.290,154.322
2026-09-07 21:26,154.322,154.343,154.306,154.318
2026-09-07 21:27,154.318,154.341,154.318,154.329
2026-09-07 21:28,154.319,154.345,154.300,154.301
2026-09-07 21:29,154.301,154.317,154.301,154.311
2026-09-07 21:30,154.301,154.319,154.301,154.301
2026-09-07 21:31,154.308,154.325,154.301,154.311
2026-09-07 21:32,154.301,154.323,154.301,154.314
2026-09-07 21:33,154.301,154.315,154.301,154.315
2026-09-07 21:34,154.309,154.330,154.301,154.328
2026-09-07 21:35,154.329,154.352,154.314,154.321
2026-09-07 21:36,154.321,154.343,154.318,154.320
2026-09-07 21:37,154.319,154.341,154.318,154.318
2026-09-07 21:38,154.318,154.340,154.316,154.317
2026-09-07 21:39,154.337,154.339,154.316,154.337
2026-09-07 21:40,154.336,154.336,154.330,154.335
2026-09-07 21:41,154.334,154.377,154.333,154.342
2026-09-07 21:42,154.342,154.376,154.341,154.350
2026-09-07 21:43,154.360,154.375,154.339,154.345
2026-09-07 21:44,154.354,154.379,154.341,154.354
2026-09-07 21:45,154.352,154.361,154.341,154.345
2026-09-07 21:46,154.352,154.356,154.345,154.345
2026-09-07 21:47,154.345,154.361,154.345,154.358
2026-09-07 21:48,154.345,154.360,154.341,154.356
2026-09-07 21:49,154.354,154.356,154.338,154.355
2026-09-07 21:50,154.345,154.358,154.339,154.356
2026-09-07 21:51,154.356,154.357,154.335,154.354
2026-09-07 21:52,154.355,154.361,154.339,154.339
2026-09-07 21:53,154.355,154.357,154.335,154.357
2026-09-07 21:54,154.356,154.359,154.335,154.355
2026-09-07 21:55,154.345,154.358,154.341,154.345
2026-09-07 21:56,154.345,154.357,154.343,154.350
2026-09-07 21:57,154.345,154.357,154.345,154.357
2026-09-07 21:58,154.355,154.359,154.345,154.354
2026-09-07 21:59,154.345,154.361,154.314,154.329
2026-09-07 22:00,154.328,154.364,154.301,154.304
2026-09-07 22:01,154.316,154.363,154.315,154.338
2026-09-07 22:02,154.349,154.361,154.331,154.334
2026-09-07 22:03,154.343,154.352,154.331,154.331
2026-09-07 22:04,154.332,154.349,154.291,154.291
2026-09-07 22:05,154.291,154.315,154.290,154.315
2026-09-07 22:06,154.308,154.340,154.298,154.335
2026-09-07 22:07,154.325,154.340,154.323,154.324
2026-09-07 22:08,154.324,154.340,154.324,154.325
2026-09-07 22:09,154.330,154.339,154.323,154.323
2026-09-07 22:10,154.323,154.342,154.322,154.339
2026-09-07 22:11,154.337,154.363,154.323,154.345
2026-09-07 22:12,154.361,154.374,154.337,154.337
2026-09-07 22:13,154.346,154.352,154.335,154.350
2026-09-07 22:14,154.335,154.362,154.324,154.360
2026-09-07 22:15,154.361,154.363,154.334,154.344
2026-09-07 22:16,154.345,154.351,154.324,154.338
2026-09-07 22:17,154.324,154.338,154.287,154.295
2026-09-07 22:18,154.302,154.303,154.269,154.275
2026-09-07 22:19,154.275,154.298,154.273,154.278
2026-09-07 22:20,154.297,154.305,154.278,154.287
2026-09-07 22:21,154.301,154.315,154.273,154.305
2026-09-07 22:22,154.289,154.325,154.289,154.310
2026-09-07 22:23,154.310,154.325,154.230,154.257
2026-09-07 22:24,154.220,154.256,154.220,154.229
2026-09-07 22:25,154.244,154.252,154.206,154.221
2026-09-07 22:26,154.214,154.228,154.160,154.171
2026-09-07 22:27,154.170,154.199,154.170,154.183
2026-09-07 22:28,154.195,154.196,154.148,154.159
2026-09-07 22:29,154.159,154.181,154.155,154.158
2026-09-07 22:30,154.158,154.193,154.148,154.174
2026-09-07 22:31,154.187,154.230,154.171,154.200
2026-09-07 22:32,154.193,154.217,154.192,154.214
2026-09-07 22:33,154.200,154.221,154.200,154.205
2026-09-07 22:34,154.214,154.231,154.190,154.199
2026-09-07 22:35,154.213,154.221,154.181,154.194
2026-09-07 22:36,154.194,154.211,154.192,154.206
2026-09-07 22:37,154.193,154.212,154.193,154.209
2026-09-07 22:38,154.205,154.221,154.196,154.207
2026-09-07 22:39,154.207,154.233,154.203,154.222
2026-09-07 22:40,154.214,154.245,154.214,154.227
2026-09-07 22:41,154.227,154.252,154.226,154.241
2026-09-07 22:42,154.227,154.243,154.214,154.218
2026-09-07 22:43,154.224,154.242,154.216,154.226
2026-09-07 22:44,154.234,154.252,154.224,154.228
2026-09-07 22:45,154.228,154.263,154.227,154.253
2026-09-07 22:46,154.242,154.256,154.238,154.240
2026-09-07 22:47,154.240,154.256,154.238,154.254
2026-09-07 22:48,154.255,154.257,154.238,154.239
2026-09-07 22:49,154.239,154.259,154.215,154.241
2026-09-07 22:50,154.247,154.255,154.218,154.231
2026-09-07 22:51,154.218,154.231,154.170,154.178
2026-09-07 22:52,154.174,154.186,154.157,154.160
2026-09-07 22:53,154.160,154.187,154.158,154.178
2026-09-07 22:54,154.170,154.186,154.145,154.162
2026-09-07 22:55,154.161,154.175,154.147,154.160
2026-09-07 22:56,154.173,154.198,154.160,154.188
2026-09-07 22:57,154.182,154.210,154.182,154.183
2026-09-07 22:58,154.189,154.196,154.147,154.165
2026-09-07 23:00,154.150,154.167,154.121,154.144
2026-09-07 23:01,154.132,154.146,154.107,154.124
2026-09-07 23:02,154.111,154.160,154.104,154.141
2026-09-07 23:03,154.136,154.154,154.119,154.124
2026-09-07 23:04,154.134,154.135,154.097,154.115
2026-09-07 23:05,154.105,154.121,154.085,154.106
2026-09-07 23:06,154.103,154.112,154.072,154.073
2026-09-07 23:07,154.080,154.087,154.053,154.053
2026-09-07 23:08,154.053,154.076,154.027,154.052
2026-09-07 23:09,154.040,154.061,154.029,154.041
2026-09-07 23:10,154.034,154.075,154.027,154.075
2026-09-07 23:11,154.071,154.085,154.061,154.076
2026-09-07 23:12,154.073,154.078,154.028,154.029
2026-09-07 23:13,154.029,154.052,154.018,154.025
2026-09-07 23:14,154.020,154.037,153.936,153.961
2026-09-07 23:15,153.959,153.983,153.937,153.971
2026-09-07 23:16,153.971,153.994,153.925,153.941
2026-09-07 23:17,153.941,153.960,153.821,153.839
2026-09-07 23:18,153.826,153.864,153.791,153.838
2026-09-07 23:19,153.839,153.847,153.792,153.816
2026-09-07 23:20,153.822,153.883,153.807,153.844
2026-09-07 23:21,153.844,153.887,153.842,153.877
2026-09-07 23:22,153.868,153.946,153.857,153.946
2026-09-07 23:23,153.935,153.972,153.928,153.971
2026-09-07 23:24,153.962,154.005,153.950,153.968
2026-09-07 23:25,153.968,154.044,153.962,154.024
2026-09-07 23:26,154.030,154.045,153.946,153.955
2026-09-07 23:27,153.951,153.972,153.925,153.960
2026-09-07 23:28,153.960,154.030,153.960,154.025
2026-09-07 23:29,154.018,154.030,153.935,153.938
2026-09-07 23:30,153.945,153.955,153.859,153.888
2026-09-07 23:31,153.895,153.934,153.854,153.928
2026-09-07 23:32,153.924,153.970,153.912,153.969
2026-09-07 23:33,153.960,154.028,153.951,154.025
2026-09-07 23:34,154.031,154.037,153.961,153.980
2026-09-07 23:35,153.970,154.010,153.957,154.007
2026-09-07 23:36,154.015,154.040,153.991,154.005
2026-09-07 23:37,154.006,154.030,153.971,153.974
2026-09-07 23:38,153.974,153.995,153.932,153.960
2026-09-07 23:39,153.966,154.028,153.943,154.013
2026-09-07 23:40,154.008,154.017,153.943,153.967
2026-09-07 23:41,153.961,153.973,153.933,153.947
2026-09-07 23:42,153.956,153.957,153.923,153.924
2026-09-07 23:43,153.930,153.945,153.914,153.938
2026-09-07 23:44,153.933,153.956,153.887,153.897
2026-09-07 23:45,153.893,153.911,153.855,153.875
2026-09-07 23:46,153.885,153.887,153.839,153.851
2026-09-07 23:47,153.851,153.870,153.844,153.850
2026-09-07 23:48,153.850,153.903,153.850,153.877
2026-09-07 23:49,153.876,153.901,153.860,153.892
2026-09-07 23:50,153.883,153.925,153.870,153.897
2026-09-07 23:51,153.905,153.944,153.897,153.930
2026-09-07 23:52,153.930,153.995,153.921,153.978
2026-09-07 23:53,153.988,153.995,153.956,153.969
2026-09-07 23:54,153.981,154.006,153.946,153.971
2026-09-07 23:55,153.971,153.983,153.934,153.941
2026-09-07 23:56,153.941,153.958,153.912,153.924
2026-09-07 23:57,153.928,153.936,153.864,153.864
2026-09-07 23:58,153.885,153.885,153.806,153.824
2026-09-07 23:59,153.825,153.838,153.795,153.818
2026-09-08 00:00,153.827,153.893,153.806,153.843
2026-09-08 00:01,153.846,153.862,153.718,153.742
2026-09-08 00:02,153.736,153.741,153.593,153.665
2026-09-08 00:03,153.662,153.736,153.659,153.684
2026-09-08 00:04,153.684,153.823,153.665,153.775
2026-09-08 00:05,153.784,153.815,153.747,153.781
2026-09-08 00:06,153.773,153.827,153.755,153.805
2026-09-08 00:07,153.811,153.822,153.773,153.819
2026-09-08 00:08,153.815,153.830,153.713,153.741
2026-09-08 00:09,153.749,153.820,153.712,153.811
2026-09-08 00:10,153.818,153.875,153.797,153.866
2026-09-08 00:11,153.866,153.876,153.759,153.768
2026-09-08 00:12,153.762,153.806,153.712,153.712
2026-09-08 00:13,153.723,153.743,153.683,153.692
2026-09-08 00:14,153.689,153.745,153.689,153.725
2026-09-08 00:15,153.725,153.761,153.689,153.711
2026-09-08 00:16,153.716,153.736,153.618,153.618
2026-09-08 00:17,153.638,153.653,153.595,153.624
2026-09-08 00:18,153.622,153.682,153.621,153.661
2026-09-08 00:19,153.660,153.665,153.594,153.609
2026-09-08 00:20,153.615,153.616,153.533,153.597
2026-09-08 00:21,153.596,153.660,153.550,153.652
2026-09-08 00:22,153.660,153.677,153.633,153.659
2026-09-08 00:23,153.655,153.695,153.655,153.667
2026-09-08 00:24,153.670,153.686,153.628,153.664
2026-09-08 00:25,153.656,153.663,153.594,153.602
2026-09-08 00:26,153.594,153.637,153.591,153.612
2026-09-08 00:27,153.605,153.635,153.569,153.570
2026-09-08 00:28,153.570,153.594,153.533,153.540
2026-09-08 00:29,153.541,153.582,153.532,153.542
2026-09-08 00:30,153.550,153.561,153.521,153.526
2026-09-08 00:31,153.531,153.631,153.522,153.616
2026-09-08 00:32,153.615,153.641,153.536,153.560
2026-09-08 00:33,153.549,153.567,153.535,153.560
2026-09-08 00:34,153.550,153.581,153.548,153.567
2026-09-08 00:35,153.558,153.594,153.554,153.578
2026-09-08 00:36,153.586,153.635,153.567,153.625
2026-09-08 00:37,153.630,153.669,153.625,153.644
2026-09-08 00:38,153.644,153.712,153.642,153.700
2026-09-08 00:39,153.700,153.727,153.675,153.675
2026-09-08 00:40,153.675,153.697,153.650,153.664
2026-09-08 00:41,153.652,153.666,153.640,153.662
2026-09-08 00:42,153.652,153.748,153.652,153.741
2026-09-08 00:43,153.733,153.760,153.714,153.741
2026-09-08 00:44,153.744,153.774,153.737,153.763
2026-09-08 00:45,153.767,153.785,153.744,153.759
2026-09-08 00:46,153.754,153.792,153.749,153.754
2026-09-08 00:47,153.751,153.766,153.727,153.752
2026-09-08 00:48,153.760,153.797,153.749,153.785
2026-09-08 00:49,153.785,153.807,153.719,153.723
2026-09-08 00:50,153.719,153.734,153.672,153.707
2026-09-08 00:51,153.704,153.758,153.704,153.721
2026-09-08 00:52,153.721,153.757,153.696,153.700
2026-09-08 00:53,153.696,153.721,153.632,153.662
2026-09-08 00:54,153.654,153.684,153.612,153.673
2026-09-08 00:55,153.681,153.756,153.673,153.722
2026-09-08 00:56,153.725,153.792,153.725,153.757
2026-09-08 00:57,153.753,153.814,153.725,153.813
2026-09-08 00:58,153.805,153.823,153.792,153.808
2026-09-08 00:59,153.809,153.828,153.779,153.789
2026-09-08 01:00,153.784,153.803,153.727,153.733
2026-09-08 01:01,153.735,153.750,153.688,153.718
2026-09-08 01:02,153.719,153.750,153.691,153.698
2026-09-08 01:03,153.694,153.757,153.692,153.757
2026-09-08 01:04,153.746,153.810,153.746,153.789
2026-09-08 01:05,153.786,153.796,153.700,153.721
2026-09-08 01:06,153.717,153.787,153.704,153.781
2026-09-08 01:07,153.773,153.796,153.768,153.771
2026-09-08 01:08,153.771,153.796,153.736,153.753
2026-09-08 01:09,153.749,153.768,153.682,153.684
2026-09-08 01:10,153.690,153.723,153.680,153.704
2026-09-08 01:11,153.704,153.726,153.665,153.717
2026-09-08 01:12,153.721,153.784,153.716,153.767
2026-09-08 01:13,153.767,153.792,153.750,153.773
2026-09-08 01:14,153.774,153.782,153.665,153.678
2026-09-08 01:15,153.670,153.693,153.639,153.647
2026-09-08 01:16,153.647,153.673,153.566,153.569
2026-09-08 01:17,153.573,153.603,153.564,153.600
2026-09-08 01:18,153.600,153.621,153.582,153.600
2026-09-08 01:19,153.609,153.663,153.592,153.654
2026-09-08 01:20,153.654,153.676,153.625,153.637
2026-09-08 01:21,153.642,153.701,153.621,153.639
2026-09-08 01:22,153.633,153.638,153.570,153.595
2026-09-08 01:23,153.590,153.595,153.540,153.553
2026-09-08 01:24,153.545,153.571,153.545,153.566
2026-09-08 01:25,153.561,153.571,153.505,153.524
2026-09-08 01:26,153.516,153.536,153.507,153.518
2026-09-08 01:27,153.510,153.517,153.452,153.477
2026-09-08 01:28,153.478,153.487,153.414,153.448
2026-09-08 01:29,153.436,153.502,153.426,153.437
2026-09-08 01:30,153.430,153.474,153.417,153.435
2026-09-08 01:31,153.430,153.439,153.370,153.372
2026-09-08 01:32,153.380,153.453,153.372,153.443
2026-09-08 01:33,153.443,153.472,153.418,153.435
2026-09-08 01:34,153.445,153.476,153.417,153.462
2026-09-08 01:35,153.462,153.489,153.442,153.462
2026-09-08 01:36,153.472,153.474,153.437,153.444
2026-09-08 01:37,153.444,153.451,153.366,153.415
2026-09-08 01:38,153.415,153.433,153.375,153.415
2026-09-08 01:39,153.414,153.510,153.414,153.507
2026-09-08 01:40,153.497,153.507,153.439,153.464
2026-09-08 01:41,153.464,153.540,153.461,153.531
2026-09-08 01:42,153.527,153.582,153.522,153.548
2026-09-08 01:43,153.553,153.562,153.486,153.497
2026-09-08 01:44,153.497,153.533,153.497,153.521
2026-09-08 01:45,153.518,153.548,153.498,153.540
2026-09-08 01:46,153.535,153.561,153.535,153.550
2026-09-08 01:47,153.550,153.572,153.515,153.563
2026-09-08 01:48,153.572,153.616,153.556,153.572
2026-09-08 01:49,153.573,153.619,153.570,153.619
2026-09-08 01:50,153.609,153.614,153.570,153.578
2026-09-08 01:51,153.570,153.589,153.562,153.570
2026-09-08 01:52,153.570,153.582,153.518,153.537
2026-09-08 01:53,153.535,153.545,153.465,153.500
2026-09-08 01:54,153.507,153.509,153.473,153.490
2026-09-08 01:55,153.480,153.501,153.441,153.450
2026-09-08 01:56,153.456,153.457,153.410,153.413
2026-09-08 01:57,153.413,153.454,153.407,153.422
2026-09-08 01:58,153.421,153.421,153.377,153.382
2026-09-08 01:59,153.381,153.403,153.349,153.349
2026-09-08 02:00,153.364,153.365,153.273,153.287
2026-09-08 02:01,153.287,153.324,153.285,153.286
2026-09-08 02:02,153.286,153.298,153.242,153.254
2026-09-08 02:03,153.252,153.266,153.216,153.227
2026-09-08 02:04,153.220,153.243,153.165,153.177
2026-09-08 02:05,153.179,153.197,153.150,153.159
2026-09-08 02:06,153.160,153.196,153.158,153.178
2026-09-08 02:07,153.176,153.260,153.165,153.256
2026-09-08 02:08,153.267,153.284,153.230,153.266
2026-09-08 02:09,153.260,153.266,153.222,153.232
2026-09-08 02:10,153.226,153.263,153.209,153.222
2026-09-08 02:11,153.231,153.232,153.186,153.231
2026-09-08 02:12,153.227,153.269,153.221,153.235
2026-09-08 02:13,153.227,153.259,153.197,153.198
2026-09-08 02:14,153.198,153.301,153.197,153.254
2026-09-08 02:15,153.262,153.262,153.184,153.192
2026-09-08 02:16,153.185,153.205,153.129,153.140
2026-09-08 02:17,153.148,153.183,153.138,153.177
2026-09-08 02:18,153.173,153.189,153.141,153.183
2026-09-08 02:19,153.179,153.238,153.178,153.222
2026-09-08 02:20,153.212,153.227,153.140,153.147
2026-09-08 02:21,153.151,153.167,153.051,153.062
2026-09-08 02:22,153.057,153.077,152.986,153.024
2026-09-08 02:23,153.016,153.036,152.924,152.925
2026-09-08 02:24,152.929,152.996,152.881,152.984
2026-09-08 02:25,152.984,153.025,152.944,153.010
2026-09-08 02:26,153.013,153.042,152.960,152.974
2026-09-08 02:27,152.982,153.010,152.946,153.010
2026-09-08 02:28,153.007,153.104,153.007,153.095
2026-09-08 02:29,153.099,153.103,153.010,153.023
2026-09-08 02:30,153.023,153.110,153.021,153.087
2026-09-08 02:31,153.087,153.165,153.087,153.155
2026-09-08 02:32,153.159,153.207,153.150,153.194
2026-09-08 02:33,153.193,153.232,153.182,153.184
2026-09-08 02:34,153.191,153.227,153.184,153.217
2026-09-08 02:35,153.218,153.302,153.217,153.245
2026-09-08 02:36,153.245,153.277,153.231,153.236
2026-09-08 02:37,153.234,153.299,153.232,153.291
2026-09-08 02:38,153.287,153.333,153.263,153.293
2026-09-08 02:39,153.295,153.310,153.242,153.254
2026-09-08 02:40,153.250,153.291,153.216,153.227
2026-09-08 02:41,153.226,153.230,153.152,153.190
2026-09-08 02:42,153.202,153.205,153.149,153.160
2026-09-08 02:43,153.149,153.162,153.105,153.127
2026-09-08 02:44,153.136,153.146,153.104,153.118
2026-09-08 02:45,153.118,153.137,153.088,153.104
2026-09-08 02:46,153.100,153.159,153.100,153.144
2026-09-08 02:47,153.148,153.187,153.126,153.180
2026-09-08 02:48,153.176,153.221,153.158,153.206
2026-09-08 02:49,153.213,153.216,153.169,153.195
2026-09-08 02:50,153.187,153.196,153.106,153.153
2026-09-08 02:51,153.159,153.217,153.153,153.206
2026-09-08 02:52,153.204,153.255,153.204,153.232
2026-09-08 02:53,153.236,153.279,153.233,153.253
2026-09-08 02:54,153.256,153.311,153.246,153.311
2026-09-08 02:55,153.306,153.325,153.259,153.282
2026-09-08 02:56,153.272,153.303,153.258,153.266
2026-09-08 02:57,153.266,153.290,153.256,153.271
2026-09-08 02:58,153.278,153.328,153.267,153.317
2026-09-08 02:59,153.321,153.369,153.295,153.341
2026-09-08 03:00,153.352,153.362,153.297,153.297
2026-09-08 03:01,153.302,153.302,153.247,153.263
2026-09-08 03:02,153.259,153.262,153.225,153.238
2026-09-08 03:03,153.235,153.243,153.221,153.226
2026-09-08 03:04,153.221,153.256,153.215,153.228
2026-09-08 03:05,153.221,153.250,153.220,153.242
2026-09-08 03:06,153.233,153.263,153.216,153.231
2026-09-08 03:07,153.230,153.252,153.174,153.247
2026-09-08 03:08,153.246,153.288,153.243,153.284
2026-09-08 03:09,153.279,153.311,153.274,153.286
2026-09-08 03:10,153.282,153.320,153.279,153.287
2026-09-08 03:11,153.295,153.355,153.287,153.341
2026-09-08 03:12,153.341,153.352,153.312,153.317
2026-09-08 03:13,153.317,153.356,153.304,153.336
2026-09-08 03:14,153.328,153.336,153.265,153.287
2026-09-08 03:15,153.279,153.330,153.279,153.317
2026-09-08 03:16,153.320,153.344,153.303,153.308
2026-09-08 03:17,153.305,153.324,153.277,153.308
2026-09-08 03:18,153.303,153.325,153.299,153.302
2026-09-08 03:19,153.300,153.313,153.265,153.313
2026-09-08 03:20,153.305,153.326,153.263,153.308
2026-09-08 03:21,153.304,153.327,153.299,153.302
2026-09-08 03:22,153.307,153.327,153.286,153.313
2026-09-08 03:23,153.304,153.340,153.304,153.320
2026-09-08 03:24,153.319,153.329,153.286,153.295
2026-09-08 03:25,153.296,153.308,153.264,153.269
2026-09-08 03:26,153.277,153.292,153.260,153.268
2026-09-08 03:27,153.260,153.300,153.259,153.266
2026-09-08 03:28,153.270,153.290,153.265,153.268
2026-09-08 03:29,153.269,153.299,153.264,153.286
2026-09-08 03:30,153.279,153.286,153.228,153.231
2026-09-08 03:31,153.240,153.278,153.221,153.270
2026-09-08 03:32,153.274,153.320,153.268,153.305
2026-09-08 03:33,153.306,153.327,153.306,153.321
2026-09-08 03:34,153.317,153.325,153.254,153.279
2026-09-08 03:35,153.280,153.325,153.277,153.292
2026-09-08 03:36,153.294,153.315,153.278,153.300
2026-09-08 03:37,153.298,153.306,153.255,153.265
2026-09-08 03:38,153.261,153.276,153.232,153.238
2026-09-08 03:39,153.236,153.255,153.232,153.253
2026-09-08 03:40,153.244,153.271,153.218,153.218
2026-09-08 03:41,153.222,153.225,153.178,153.190
2026-09-08 03:42,153.186,153.200,153.169,153.194
2026-09-08 03:43,153.190,153.202,153.177,153.188
2026-09-08 03:44,153.194,153.214,153.178,153.179
2026-09-08 03:45,153.183,153.199,153.161,153.172
2026-09-08 03:46,153.172,153.182,153.162,153.162
2026-09-08 03:47,153.170,153.173,153.114,153.126
2026-09-08 03:48,153.124,153.155,153.116,153.146
2026-09-08 03:49,153.149,153.205,153.149,153.177
2026-09-08 03:50,153.171,153.223,153.171,153.222
2026-09-08 03:51,153.216,153.275,153.216,153.267
2026-09-08 03:52,153.275,153.275,153.231,153.253
2026-09-08 03:53,153.254,153.302,153.254,153.297
2026-09-08 03:54,153.291,153.308,153.281,153.301
2026-09-08 03:55,153.301,153.329,153.293,153.327
2026-09-08 03:56,153.320,153.348,153.303,153.343
2026-09-08 03:57,153.339,153.356,153.324,153.340
2026-09-08 03:58,153.347,153.349,153.312,153.314
2026-09-08 03:59,153.322,153.332,153.312,153.322
2026-09-08 04:00,153.329,153.335,153.288,153.309
2026-09-08 04:01,153.327,153.395,153.327,153.394
2026-09-08 04:02,153.383,153.409,153.362,153.389
2026-09-08 04:03,153.389,153.448,153.388,153.439
2026-09-08 04:04,153.436,153.451,153.424,153.430
2026-09-08 04:05,153.432,153.467,153.424,153.437
2026-09-08 04:06,153.434,153.452,153.388,153.395
2026-09-08 04:07,153.388,153.395,153.355,153.360
2026-09-08 04:08,153.359,153.373,153.337,153.348
2026-09-08 04:09,153.342,153.366,153.324,153.354
2026-09-08 04:10,153.343,153.355,153.261,153.277
2026-09-08 04:11,153.277,153.287,153.228,153.273
2026-09-08 04:12,153.273,153.301,153.273,153.299
2026-09-08 04:13,153.300,153.343,153.282,153.335
2026-09-08 04:14,153.335,153.364,153.324,153.361
2026-09-08 04:15,153.354,153.369,153.333,153.361
2026-09-08 04:16,153.355,153.416,153.347,153.395
2026-09-08 04:17,153.393,153.415,153.380,153.407
2026-09-08 04:18,153.396,153.441,153.396,153.430
2026-09-08 04:19,153.428,153.443,153.403,153.416
2026-09-08 04:20,153.407,153.444,153.406,153.434
2026-09-08 04:21,153.435,153.444,153.418,153.432
2026-09-08 04:22,153.432,153.450,153.409,153.411
2026-09-08 04:23,153.411,153.435,153.406,153.421
2026-09-08 04:24,153.421,153.442,153.392,153.405
2026-09-08 04:25,153.403,153.498,153.395,153.478
2026-09-08 04:26,153.478,153.511,153.468,153.491
2026-09-08 04:27,153.483,153.516,153.483,153.492
2026-09-08 04:28,153.490,153.503,153.445,153.456
2026-09-08 04:29,153.458,153.490,153.442,153.482
2026-09-08 04:30,153.483,153.490,153.428,153.453
2026-09-08 04:31,153.443,153.495,153.442,153.485
2026-09-08 04:32,153.478,153.514,153.467,153.484
2026-09-08 04:33,153.482,153.504,153.464,153.477
2026-09-08 04:34,153.469,153.525,153.466,153.501
2026-09-08 04:35,153.512,153.528,153.500,153.519
2026-09-08 04:36,153.514,153.539,153.488,153.520
2026-09-08 04:37,153.520,153.547,153.501,153.545
2026-09-08 04:38,153.535,153.551,153.531,153.537
2026-09-08 04:39,153.544,153.562,153.535,153.541
2026-09-08 04:40,153.543,153.549,153.528,153.549
2026-09-08 04:41,153.547,153.570,153.535,153.547
2026-09-08 04:42,153.547,153.582,153.546,153.568
2026-09-08 04:43,153.569,153.583,153.514,153.530
2026-09-08 04:44,153.530,153.537,153.494,153.519
2026-09-08 04:45,153.511,153.521,153.499,153.510
2026-09-08 04:46,153.508,153.525,153.503,153.509
2026-09-08 04:47,153.504,153.536,153.504,153.524
2026-09-08 04:48,153.524,153.538,153.496,153.519
2026-09-08 04:49,153.510,153.556,153.509,153.545
2026-09-08 04:50,153.537,153.546,153.511,153.539
2026-09-08 04:51,153.539,153.568,153.533,153.550
2026-09-08 04:52,153.550,153.572,153.549,153.568
2026-09-08 04:53,153.561,153.584,153.522,153.522
2026-09-08 04:54,153.522,153.531,153.493,153.508
2026-09-08 04:55,153.502,153.520,153.494,153.500
2026-09-08 04:56,153.503,153.506,153.454,153.454
2026-09-08 04:57,153.454,153.469,153.434,153.457
2026-09-08 04:58,153.457,153.474,153.445,153.448
2026-09-08 04:59,153.452,153.482,153.446,153.461
2026-09-08 05:00,153.461,153.495,153.461,153.471
2026-09-08 05:01,153.475,153.476,153.394,153.407
2026-09-08 05:02,153.407,153.421,153.396,153.408
2026-09-08 05:03,153.408,153.446,153.407,153.425
2026-09-08 05:04,153.434,153.437,153.410,153.423
2026-09-08 05:05,153.430,153.467,153.419,153.462
2026-09-08 05:06,153.457,153.469,153.413,153.421
2026-09-08 05:07,153.417,153.431,153.417,153.419
2026-09-08 05:08,153.429,153.431,153.404,153.408
2026-09-08 05:09,153.410,153.413,153.365,153.365
2026-09-08 05:10,153.363,153.373,153.334,153.352
2026-09-08 05:11,153.347,153.357,153.321,153.339
2026-09-08 05:12,153.331,153.349,153.315,153.337
2026-09-08 05:13,153.330,153.346,153.311,153.336
2026-09-08 05:14,153.343,153.346,153.307,153.324
2026-09-08 05:15,153.332,153.341,153.308,153.310
2026-09-08 05:16,153.310,153.320,153.273,153.286
2026-09-08 05:17,153.282,153.311,153.282,153.304
2026-09-08 05:18,153.299,153.374,153.297,153.366
2026-09-08 05:19,153.372,153.381,153.344,153.346
2026-09-08 05:20,153.346,153.372,153.321,153.326
2026-09-08 05:21,153.326,153.379,153.326,153.358
2026-09-08 05:22,153.357,153.395,153.351,153.392
2026-09-08 05:23,153.385,153.472,153.383,153.457
2026-09-08 05:24,153.470,153.529,153.462,153.510
2026-09-08 05:25,153.500,153.520,153.477,153.485
2026-09-08 05:26,153.495,153.506,153.462,153.481
2026-09-08 05:27,153.484,153.496,153.473,153.487
2026-09-08 05:28,153.484,153.501,153.451,153.453
2026-09-08 05:29,153.453,153.535,153.439,153.535
2026-09-08 05:30,153.539,153.567,153.514,153.566
2026-09-08 05:31,153.569,153.592,153.539,153.568
2026-09-08 05:32,153.560,153.585,153.542,153.546
2026-09-08 05:33,153.542,153.564,153.526,153.547
2026-09-08 05:34,153.559,153.559,153.516,153.534
2026-09-08 05:35,153.536,153.545,153.486,153.501
2026-09-08 05:36,153.500,153.520,153.479,153.496
2026-09-08 05:37,153.496,153.505,153.479,153.491
2026-09-08 05:38,153.499,153.505,153.467,153.482
2026-09-08 05:39,153.482,153.508,153.478,153.486
2026-09-08 05:40,153.485,153.489,153.455,153.468
2026-09-08 05:41,153.464,153.482,153.438,153.438
2026-09-08 05:42,153.445,153.485,153.428,153.445
2026-09-08 05:43,153.436,153.461,153.422,153.424
2026-09-08 05:44,153.432,153.440,153.418,153.431
2026-09-08 05:45,153.431,153.440,153.402,153.411
2026-09-08 05:46,153.407,153.436,153.398,153.426
2026-09-08 05:47,153.426,153.499,153.426,153.497
2026-09-08 05:48,153.493,153.504,153.476,153.488
2026-09-08 05:49,153.481,153.490,153.465,153.473
2026-09-08 05:50,153.476,153.491,153.450,153.467
2026-09-08 05:51,153.475,153.490,153.452,153.475
2026-09-08 05:52,153.466,153.492,153.466,153.481
2026-09-08 05:53,153.486,153.517,153.441,153.500
2026-09-08 05:54,153.499,153.550,153.476,153.535
2026-09-08 05:55,153.546,153.546,153.503,153.507
2026-09-08 05:56,153.504,153.517,153.472,153.483
2026-09-08 05:57,153.475,153.485,153.447,153.470
2026-09-08 05:58,153.455,153.470,153.375,153.391
2026-09-08 05:59,153.380,153.391,153.314,153.316
2026-09-08 06:00,153.321,153.364,153.300,153.360
2026-09-08 06:01,153.349,153.383,153.302,153.333
2026-09-08 06:02,153.344,153.364,153.317,153.343
2026-09-08 06:03,153.353,153.396,153.336,153.347
2026-09-08 06:04,153.355,153.359,153.301,153.302
2026-09-08 06:05,153.302,153.331,153.264,153.265
2026-09-08 06:06,153.272,153.309,153.253,153.297
2026-09-08 06:07,153.295,153.342,153.289,153.322
2026-09-08 06:08,153.312,153.411,153.309,153.403
2026-09-08 06:09,153.401,153.443,153.381,153.429
2026-09-08 06:10,153.419,153.483,153.415,153.464
2026-09-08 06:11,153.464,153.509,153.451,153.470
2026-09-08 06:12,153.471,153.497,153.429,153.489
2026-09-08 06:13,153.482,153.519,153.476,153.506
2026-09-08 06:14,153.507,153.518,153.494,153.510
2026-09-08 06:15,153.501,153.538,153.500,153.527
2026-09-08 06:16,153.536,153.537,153.492,153.492
2026-09-08 06:17,153.498,153.541,153.493,153.534
2026-09-08 06:18,153.535,153.553,153.522,153.536
2026-09-08 06:19,153.540,153.641,153.537,153.636
2026-09-08 06:20,153.631,153.713,153.631,153.692
2026-09-08 06:21,153.695,153.748,153.681,153.735
2026-09-08 06:22,153.734,153.768,153.705,153.746
2026-09-08 06:23,153.756,153.777,153.730,153.745
2026-09-08 06:24,153.741,153.792,153.739,153.739
2026-09-08 06:25,153.734,153.780,153.680,153.680
2026-09-08 06:26,153.680,153.727,153.672,153.727
2026-09-08 06:27,153.717,153.734,153.696,153.707
2026-09-08 06:28,153.714,153.722,153.662,153.669
2026-09-08 06:29,153.677,153.736,153.665,153.728
2026-09-08 06:30,153.730,153.762,153.707,153.762
2026-09-08 06:31,153.757,153.792,153.731,153.735
2026-09-08 06:32,153.743,153.784,153.735,153.773
2026-09-08 06:33,153.779,153.812,153.765,153.787
2026-09-08 06:34,153.777,153.860,153.761,153.853
2026-09-08 06:35,153.852,153.912,153.838,153.877
2026-09-08 06:36,153.869,153.917,153.863,153.916
2026-09-08 06:37,153.904,153.921,153.876,153.884
2026-09-08 06:38,153.879,153.889,153.812,153.845
2026-09-08 06:39,153.846,153.883,153.829,153.869
2026-09-08 06:40,153.862,153.870,153.765,153.769
2026-09-08 06:41,153.764,153.806,153.764,153.801
2026-09-08 06:42,153.790,153.817,153.765,153.779
2026-09-08 06:43,153.768,153.784,153.750,153.772
2026-09-08 06:44,153.771,153.771,153.722,153.736
2026-09-08 06:45,153.730,153.792,153.721,153.784
2026-09-08 06:46,153.790,153.806,153.739,153.801
2026-09-08 06:47,153.794,153.823,153.764,153.773
2026-09-08 06:48,153.765,153.783,153.739,153.741
2026-09-08 06:49,153.755,153.757,153.720,153.725
2026-09-08 06:50,153.716,153.741,153.696,153.714
2026-09-08 06:51,153.710,153.745,153.682,153.737
2026-09-08 06:52,153.738,153.759,153.724,153.747
2026-09-08 06:53,153.747,153.778,153.745,153.762
2026-09-08 06:54,153.770,153.773,153.694,153.707
2026-09-08 06:55,153.698,153.710,153.675,153.678
2026-09-08 06:56,153.683,153.727,153.669,153.723
2026-09-08 06:57,153.714,153.736,153.699,153.701
2026-09-08 06:58,153.701,153.775,153.701,153.761
2026-09-08 06:59,153.764,153.777,153.746,153.777
2026-09-08 07:00,153.774,153.874,153.772,153.843
2026-09-08 07:01,153.848,153.862,153.795,153.797
2026-09-08 07:02,153.796,153.842,153.759,153.820
2026-09-08 07:03,153.820,153.858,153.755,153.763
2026-09-08 07:04,153.761,153.805,153.727,153.748
2026-09-08 07:05,153.757,153.806,153.716,153.785
2026-09-08 07:06,153.793,153.830,153.761,153.830
2026-09-08 07:07,153.820,153.854,153.795,153.837
2026-09-08 07:08,153.836,153.852,153.811,153.827
2026-09-08 07:09,153.826,153.875,153.814,153.834
2026-09-08 07:10,153.833,153.887,153.820,153.879
2026-09-08 07:11,153.886,153.914,153.869,153.905
2026-09-08 07:12,153.904,153.960,153.903,153.931
2026-09-08 07:13,153.934,153.939,153.914,153.934
2026-09-08 07:14,153.928,153.951,153.918,153.938
2026-09-08 07:15,153.937,153.961,153.908,153.919
2026-09-08 07:16,153.912,153.938,153.887,153.890
2026-09-08 07:17,153.898,153.911,153.873,153.873
2026-09-08 07:18,153.872,153.906,153.865,153.900
2026-09-08 07:19,153.894,153.908,153.828,153.834
2026-09-08 07:20,153.836,153.855,153.821,153.836
2026-09-08 07:21,153.835,153.872,153.828,153.865
2026-09-08 07:22,153.859,153.882,153.848,153.874
2026-09-08 07:23,153.881,153.938,153.872,153.911
2026-09-08 07:24,153.909,153.921,153.875,153.884
2026-09-08 07:25,153.878,153.892,153.858,153.863
2026-09-08 07:26,153.870,153.879,153.815,153.819
2026-09-08 07:27,153.820,153.835,153.784,153.827
2026-09-08 07:28,153.827,153.860,153.824,153.829
2026-09-08 07:29,153.825,153.838,153.810,153.824
2026-09-08 07:30,153.820,153.838,153.808,153.828
2026-09-08 07:31,153.833,153.858,153.794,153.794
2026-09-08 07:32,153.800,153.853,153.781,153.850
2026-09-08 07:33,153.854,153.872,153.817,153.864
2026-09-08 07:34,153.873,153.935,153.858,153.918
2026-09-08 07:35,153.926,153.931,153.873,153.877
2026-09-08 07:36,153.876,153.885,153.819,153.821
2026-09-08 07:37,153.827,153.872,153.795,153.853
2026-09-08 07:38,153.858,153.916,153.837,153.914
2026-09-08 07:39,153.914,153.927,153.863,153.924
2026-09-08 07:40,153.924,153.944,153.911,153.917
2026-09-08 07:41,153.912,153.970,153.892,153.962
2026-09-08 07:42,153.967,153.969,153.925,153.927
2026-09-08 07:43,153.933,153.943,153.906,153.923
2026-09-08 07:44,153.931,153.933,153.853,153.865
2026-09-08 07:45,153.866,153.914,153.856,153.894
2026-09-08 07:46,153.894,153.901,153.869,153.879
2026-09-08 07:47,153.882,153.926,153.877,153.925
2026-09-08 07:48,153.918,153.928,153.885,153.901
2026-09-08 07:49,153.892,153.922,153.890,153.906
2026-09-08 07:50,153.906,153.919,153.843,153.852
2026-09-08 07:51,153.848,153.851,153.756,153.761
2026-09-08 07:52,153.767,153.800,153.753,153.789
2026-09-08 07:53,153.785,153.822,153.775,153.822
2026-09-08 07:54,153.821,153.875,153.817,153.873
2026-09-08 07:55,153.866,153.888,153.840,153.856
2026-09-08 07:56,153.850,153.864,153.800,153.805
2026-09-08 07:57,153.805,153.847,153.795,153.814
2026-09-08 07:58,153.815,153.835,153.804,153.823
2026-09-08 07:59,153.820,153.840,153.795,153.800
2026-09-08 08:00,153.795,153.830,153.763,153.777
2026-09-08 08:01,153.771,153.833,153.749,153.789
2026-09-08 08:02,153.794,153.794,153.730,153.754
2026-09-08 08:03,153.748,153.970,153.728,153.912
2026-09-08 08:04,153.928,154.075,153.915,153.969
2026-09-08 08:05,153.960,153.977,153.878,153.890
2026-09-08 08:06,153.891,153.905,153.837,153.855
2026-09-08 08:07,153.855,153.863,153.805,153.823
2026-09-08 08:08,153.821,153.878,153.818,153.872
2026-09-08 08:09,153.868,153.894,153.825,153.888
2026-09-08 08:10,153.878,153.912,153.855,153.903
2026-09-08 08:11,153.899,153.906,153.829,153.849
2026-09-08 08:12,153.857,153.886,153.847,153.865
2026-09-08 08:13,153.855,153.906,153.855,153.885
2026-09-08 08:14,153.873,153.946,153.873,153.936
2026-09-08 08:15,153.946,154.004,153.934,154.000
2026-09-08 08:16,153.992,154.041,153.992,154.024
2026-09-08 08:17,154.024,154.045,153.968,153.982
2026-09-08 08:18,153.979,154.024,153.973,153.985
2026-09-08 08:19,153.981,153.994,153.950,153.957
2026-09-08 08:20,153.954,154.004,153.950,153.998
2026-09-08 08:21,154.000,154.008,153.949,153.956
2026-09-08 08:22,153.960,153.974,153.909,153.911
2026-09-08 08:23,153.911,153.917,153.856,153.867
2026-09-08 08:24,153.868,153.877,153.828,153.834
2026-09-08 08:25,153.834,153.842,153.794,153.802
2026-09-08 08:26,153.801,153.875,153.798,153.868
2026-09-08 08:27,153.870,153.893,153.845,153.882
2026-09-08 08:28,153.889,153.892,153.847,153.849
2026-09-08 08:29,153.848,153.896,153.832,153.884
2026-09-08 08:30,153.888,153.954,153.881,153.925
2026-09-08 08:31,153.919,153.931,153.900,153.908
2026-09-08 08:32,153.906,153.924,153.889,153.906
2026-09-08 08:33,153.903,153.914,153.878,153.896
2026-09-08 08:34,153.893,153.915,153.888,153.896
2026-09-08 08:35,153.895,153.911,153.876,153.905
2026-09-08 08:36,153.909,153.960,153.901,153.910
2026-09-08 08:37,153.909,153.957,153.903,153.956
2026-09-08 08:38,153.948,153.959,153.923,153.958
2026-09-08 08:39,153.952,153.984,153.951,153.973
2026-09-08 08:40,153.967,154.045,153.962,154.010
2026-09-08 08:41,154.030,154.033,153.992,154.011
2026-09-08 08:42,154.021,154.065,153.983,154.052
2026-09-08 08:43,154.053,154.085,154.020,154.036
2026-09-08 08:44,154.040,154.174,154.032,154.152
2026-09-08 08:45,154.153,154.288,154.075,154.145
2026-09-08 08:46,154.152,154.174,154.097,154.126
2026-09-08 08:47,154.120,154.185,154.114,154.162
2026-09-08 08:48,154.161,154.161,154.094,154.112
2026-09-08 08:49,154.103,154.133,154.079,154.079
2026-09-08 08:50,154.079,154.132,154.056,154.124
2026-09-08 08:51,154.124,154.146,154.093,154.136
2026-09-08 08:52,154.136,154.156,154.120,154.126
2026-09-08 08:53,154.130,154.153,154.116,154.134
2026-09-08 08:54,154.133,154.143,154.089,154.094
2026-09-08 08:55,154.094,154.156,154.094,154.143
2026-09-08 08:56,154.146,154.174,154.134,154.140
2026-09-08 08:57,154.145,154.210,154.139,154.198
2026-09-08 08:58,154.197,154.238,154.196,154.231
2026-09-08 08:59,154.232,154.235,154.164,154.165
2026-09-08 09:00,154.172,154.188,154.156,154.168
2026-09-08 09:01,154.169,154.177,154.120,154.137
2026-09-08 09:02,154.140,154.163,154.108,154.162
2026-09-08 09:03,154.155,154.175,154.140,154.175
2026-09-08 09:04,154.166,154.176,154.090,154.093
2026-09-08 09:05,154.096,154.102,154.055,154.059
2026-09-08 09:06,154.060,154.077,154.015,154.053
2026-09-08 09:07,154.060,154.102,154.040,154.079
2026-09-08 09:08,154.080,154.093,154.069,154.081
2026-09-08 09:09,154.074,154.109,154.070,154.095
2026-09-08 09:10,154.095,154.110,154.077,154.098
2026-09-08 09:11,154.097,154.101,154.047,154.055
2026-09-08 09:12,154.061,154.095,154.054,154.090
2026-09-08 09:13,154.084,154.105,154.079,154.087
2026-09-08 09:14,154.083,154.126,154.067,154.116
2026-09-08 09:15,154.116,154.139,154.113,154.114
2026-09-08 09:16,154.114,154.121,154.076,154.099
2026-09-08 09:17,154.104,154.127,154.074,154.079
2026-09-08 09:18,154.079,154.090,154.072,154.075
2026-09-08 09:19,154.075,154.089,154.049,154.059
2026-09-08 09:20,154.049,154.092,154.044,154.089
2026-09-08 09:21,154.085,154.096,154.065,154.084
2026-09-08 09:22,154.075,154.091,154.056,154.056
2026-09-08 09:23,154.056,154.068,154.048,154.063
2026-09-08 09:24,154.059,154.068,154.049,154.065
2026-09-08 09:25,154.057,154.067,154.044,154.052
2026-09-08 09:26,154.053,154.078,154.030,154.067
2026-09-08 09:27,154.075,154.082,154.038,154.049
2026-09-08 09:28,154.049,154.060,154.023,154.027
2026-09-08 09:29,154.031,154.032,153.975,154.002
2026-09-08 09:30,154.003,154.007,153.972,153.983
2026-09-08 09:31,153.978,153.997,153.952,153.969
2026-09-08 09:32,153.969,154.051,153.809,154.047
2026-09-08 09:33,154.047,154.088,154.025,154.083
2026-09-08 09:34,154.082,154.115,154.076,154.102
2026-09-08 09:35,154.094,154.103,154.061,154.083
2026-09-08 09:36,154.082,154.091,154.046,154.086
2026-09-08 09:37,154.082,154.103,154.069,154.081
2026-09-08 09:38,154.074,154.091,154.072,154.089
2026-09-08 09:39,154.087,154.090,154.046,154.052
2026-09-08 09:40,154.046,154.056,153.972,154.007
2026-09-08 09:41,154.007,154.019,153.913,153.939
2026-09-08 09:42,153.930,153.961,153.852,153.852
2026-09-08 09:43,153.873,153.919,153.822,153.891
2026-09-08 09:44,153.891,153.959,153.889,153.951
2026-09-08 09:45,153.951,153.980,153.940,153.966
2026-09-08 09:46,153.963,153.972,153.926,153.926
2026-09-08 09:47,153.930,153.946,153.912,153.933
2026-09-08 09:48,153.923,153.955,153.911,153.935
2026-09-08 09:49,153.939,153.945,153.906,153.911
2026-09-08 09:50,153.911,153.921,153.861,153.866
2026-09-08 09:51,153.865,153.891,153.854,153.883
2026-09-08 09:52,153.880,153.889,153.854,153.879
2026-09-08 09:53,153.879,153.896,153.851,153.863
2026-09-08 09:54,153.866,153.899,153.847,153.882
2026-09-08 09:55,153.876,153.936,153.874,153.933
2026-09-08 09:56,153.926,153.944,153.914,153.914
2026-09-08 09:57,153.914,153.956,153.913,153.926
2026-09-08 09:58,153.936,153.951,153.896,153.896
2026-09-08 09:59,153.906,153.920,153.892,153.913
2026-09-08 10:00,153.903,153.968,153.902,153.957
2026-09-08 10:01,153.964,153.988,153.943,153.948
2026-09-08 10:02,153.948,153.987,153.946,153.956
2026-09-08 10:03,153.961,153.984,153.953,153.974
2026-09-08 10:04,153.979,153.995,153.973,153.992
2026-09-08 10:05,153.984,154.009,153.983,153.994
2026-09-08 10:06,153.985,153.994,153.955,153.969
2026-09-08 10:07,153.962,153.985,153.962,153.973
2026-09-08 10:08,153.978,154.003,153.973,153.994
2026-09-08 10:09,153.994,154.008,153.980,153.980
2026-09-08 10:10,153.983,154.030,153.975,154.011
2026-09-08 10:11,154.020,154.041,154.007,154.012
2026-09-08 10:12,154.021,154.021,153.981,154.010
2026-09-08 10:13,154.002,154.017,153.994,154.013
2026-09-08 10:14,154.004,154.050,154.001,154.043
2026-09-08 10:15,154.035,154.056,154.033,154.041
2026-09-08 10:16,154.046,154.070,154.035,154.069
2026-09-08 10:17,154.059,154.089,154.057,154.059
2026-09-08 10:18,154.064,154.078,154.055,154.055
2026-09-08 10:19,154.055,154.087,154.051,154.080
2026-09-08 10:20,154.082,154.089,153.949,154.029
2026-09-08 10:21,154.025,154.055,153.998,154.009
2026-09-08 10:22,154.016,154.077,154.008,154.066
2026-09-08 10:23,154.065,154.087,154.065,154.077
2026-09-08 10:24,154.067,154.108,154.064,154.089
2026-09-08 10:25,154.098,154.103,154.073,154.074
2026-09-08 10:26,154.074,154.087,154.044,154.070
2026-09-08 10:27,154.075,154.099,154.060,154.067
2026-09-08 10:28,154.075,154.112,154.065,154.102
2026-09-08 10:29,154.102,154.112,154.077,154.100
2026-09-08 10:30,154.106,154.137,154.100,154.129
2026-09-08 10:31,154.133,154.152,154.113,154.137
2026-09-08 10:32,154.142,154.158,154.137,154.137
2026-09-08 10:33,154.137,154.156,154.135,154.139
2026-09-08 10:34,154.146,154.161,154.136,154.152
2026-09-08 10:35,154.157,154.191,154.148,154.183
2026-09-08 10:36,154.175,154.227,154.170,154.221
2026-09-08 10:37,154.220,154.227,154.201,154.208
2026-09-08 10:38,154.202,154.212,154.173,154.191
2026-09-08 10:39,154.190,154.214,154.182,154.204
2026-09-08 10:40,154.195,154.204,154.172,154.194
2026-09-08 10:41,154.197,154.199,154.146,154.148
2026-09-08 10:42,154.148,154.168,154.146,154.154
2026-09-08 10:43,154.157,154.184,154.138,154.180
2026-09-08 10:44,154.163,154.201,154.163,154.195
2026-09-08 10:45,154.202,154.203,154.168,154.171
2026-09-08 10:46,154.171,154.193,154.171,154.173
2026-09-08 10:47,154.173,154.194,154.147,154.152
2026-09-08 10:48,154.160,154.162,154.144,154.145
2026-09-08 10:49,154.145,154.150,154.130,154.135
2026-09-08 10:50,154.135,154.153,154.115,154.119
2026-09-08 10:51,154.118,154.135,154.112,154.119
2026-09-08 10:52,154.112,154.138,154.101,154.138
2026-09-08 10:53,154.137,154.175,154.113,154.174
2026-09-08 10:54,154.161,154.172,154.121,154.150
2026-09-08 10:55,154.151,154.151,154.112,154.129
2026-09-08 10:56,154.124,154.149,154.117,154.140
2026-09-08 10:57,154.147,154.162,154.140,154.147
2026-09-08 10:58,154.147,154.183,154.145,154.174
2026-09-08 10:59,154.174,154.259,154.174,154.241
2026-09-08 11:00,154.233,154.269,154.217,154.234
2026-09-08 11:01,154.243,154.269,154.226,154.238
2026-09-08 11:02,154.229,154.295,154.226,154.262
2026-09-08 11:03,154.257,154.290,154.247,154.271
2026-09-08 11:04,154.279,154.309,154.267,154.287
2026-09-08 11:05,154.283,154.295,154.266,154.280
2026-09-08 11:06,154.286,154.375,154.281,154.343
2026-09-08 11:07,154.342,154.375,154.342,154.364
2026-09-08 11:08,154.373,154.385,154.356,154.376
2026-09-08 11:09,154.369,154.379,154.256,154.347
2026-09-08 11:10,154.355,154.423,154.346,154.410
2026-09-08 11:11,154.407,154.416,154.381,154.383
2026-09-08 11:12,154.387,154.395,154.358,154.368
2026-09-08 11:13,154.375,154.387,154.354,154.363
2026-09-08 11:14,154.361,154.362,154.309,154.344
2026-09-08 11:15,154.335,154.359,154.327,154.346
2026-09-08 11:16,154.347,154.347,154.305,154.325
2026-09-08 11:17,154.320,154.329,154.295,154.305
2026-09-08 11:18,154.296,154.313,154.280,154.281
2026-09-08 11:19,154.277,154.294,154.248,154.260
2026-09-08 11:20,154.257,154.291,154.257,154.267
2026-09-08 11:21,154.268,154.327,154.268,154.305
2026-09-08 11:22,154.315,154.316,154.281,154.288
2026-09-08 11:23,154.282,154.306,154.276,154.300
2026-09-08 11:24,154.296,154.311,154.267,154.274
2026-09-08 11:25,154.271,154.299,154.262,154.274
2026-09-08 11:26,154.268,154.297,154.257,154.268
2026-09-08 11:27,154.271,154.273,154.240,154.250
2026-09-08 11:28,154.256,154.259,154.215,154.235
2026-09-08 11:29,154.231,154.247,154.215,154.224
2026-09-08 11:30,154.215,154.248,154.215,154.242
2026-09-08 11:31,154.242,154.260,154.234,154.238
2026-09-08 11:32,154.238,154.253,154.221,154.239
2026-09-08 11:33,154.231,154.241,154.206,154.218
2026-09-08 11:34,154.214,154.233,154.213,154.227
2026-09-08 11:35,154.232,154.284,154.218,154.275
2026-09-08 11:36,154.285,154.290,154.234,154.244
2026-09-08 11:37,154.236,154.253,154.188,154.188
2026-09-08 11:38,154.192,154.197,154.136,154.148
2026-09-08 11:39,154.147,154.181,154.145,154.166
2026-09-08 11:40,154.177,154.206,154.166,154.192
2026-09-08 11:41,154.198,154.226,154.178,154.226
2026-09-08 11:42,154.216,154.244,154.216,154.239
2026-09-08 11:43,154.240,154.267,154.228,154.255
2026-09-08 11:44,154.262,154.268,154.227,154.247
2026-09-08 11:45,154.247,154.254,154.232,154.240
2026-09-08 11:46,154.240,154.276,154.239,154.251
2026-09-08 11:47,154.261,154.298,154.250,154.281
2026-09-08 11:48,154.285,154.296,154.267,154.267
2026-09-08 11:49,154.274,154.282,154.246,154.259
2026-09-08 11:50,154.254,154.296,154.249,154.291
2026-09-08 11:51,154.285,154.337,154.266,154.334
2026-09-08 11:52,154.327,154.383,154.324,154.364
2026-09-08 11:53,154.370,154.387,154.342,154.342
2026-09-08 11:54,154.339,154.368,154.334,154.346
2026-09-08 11:55,154.338,154.352,154.302,154.313
2026-09-08 11:56,154.309,154.322,154.301,154.315
2026-09-08 11:57,154.316,154.327,154.287,154.326
2026-09-08 11:58,154.325,154.331,154.291,154.298
2026-09-08 11:59,154.302,154.303,154.256,154.256
2026-09-08 12:00,154.257,154.290,154.250,154.250
2026-09-08 12:01,154.254,154.259,154.199,154.219
2026-09-08 12:02,154.223,154.245,154.217,154.235
2026-09-08 12:03,154.225,154.270,154.225,154.238
2026-09-08 12:04,154.238,154.269,154.235,154.247
2026-09-08 12:05,154.247,154.285,154.247,154.259
2026-09-08 12:06,154.266,154.279,154.251,154.256
2026-09-08 12:07,154.260,154.289,154.247,154.267
2026-09-08 12:08,154.268,154.301,154.245,154.300
2026-09-08 12:09,154.296,154.316,154.278,154.282
2026-09-08 12:10,154.287,154.305,154.279,154.280
2026-09-08 12:11,154.279,154.288,154.247,154.264
2026-09-08 12:12,154.260,154.278,154.244,154.245
2026-09-08 12:13,154.245,154.255,154.219,154.242
2026-09-08 12:14,154.242,154.266,154.215,154.215
2026-09-08 12:15,154.220,154.257,154.197,154.244
2026-09-08 12:16,154.244,154.251,154.197,154.210
2026-09-08 12:17,154.209,154.209,154.167,154.179
2026-09-08 12:18,154.179,154.216,154.178,154.193
2026-09-08 12:19,154.194,154.197,154.162,154.164
2026-09-08 12:20,154.167,154.186,154.149,154.161
2026-09-08 12:21,154.161,154.178,154.101,154.118
2026-09-08 12:22,154.125,154.132,154.062,154.098
2026-09-08 12:23,154.094,154.117,154.061,154.062
2026-09-08 12:24,154.066,154.123,154.061,154.066
2026-09-08 12:25,154.070,154.086,154.036,154.067
2026-09-08 12:26,154.074,154.083,153.995,154.020
2026-09-08 12:27,154.014,154.039,153.934,153.950
2026-09-08 12:28,153.951,153.976,153.928,153.942
2026-09-08 12:29,153.943,153.971,153.927,153.962
2026-09-08 12:30,153.971,153.996,153.894,153.986
2026-09-08 12:31,153.987,154.055,153.985,154.050
2026-09-08 12:32,154.044,154.065,153.974,153.976
2026-09-08 12:33,153.983,154.014,153.957,153.983
2026-09-08 12:34,153.978,154.012,153.968,154.009
2026-09-08 12:35,154.002,154.045,154.002,154.025
2026-09-08 12:36,154.025,154.074,154.020,154.070
2026-09-08 12:37,154.062,154.078,154.038,154.048
2026-09-08 12:38,154.047,154.071,154.005,154.005
2026-09-08 12:39,154.005,154.035,153.959,153.966
2026-09-08 12:40,153.960,154.005,153.943,154.003
2026-09-08 12:41,154.002,154.022,153.968,153.988
2026-09-08 12:42,153.989,154.006,153.960,153.999
2026-09-08 12:43,153.995,154.025,153.989,153.993
2026-09-08 12:44,154.001,154.009,153.958,153.967
2026-09-08 12:45,153.966,153.987,153.945,153.981
2026-09-08 12:46,153.987,153.994,153.924,153.949
2026-09-08 12:47,153.941,153.952,153.855,153.883
2026-09-08 12:48,153.874,153.899,153.851,153.871
2026-09-08 12:49,153.873,153.887,153.827,153.842
2026-09-08 12:50,153.832,153.879,153.828,153.863
2026-09-08 12:51,153.862,153.891,153.848,153.853
2026-09-08 12:52,153.848,153.896,153.845,153.864
2026-09-08 12:53,153.869,153.921,153.865,153.898
2026-09-08 12:54,153.897,153.899,153.834,153.849
2026-09-08 12:55,153.842,153.853,153.787,153.811
2026-09-08 12:56,153.803,153.846,153.794,153.820
2026-09-08 12:57,153.816,153.844,153.814,153.821
2026-09-08 12:58,153.816,153.855,153.807,153.841
2026-09-08 12:59,153.841,153.852,153.794,153.805
2026-09-08 13:00,153.793,153.821,153.767,153.778
2026-09-08 13:01,153.784,153.788,153.709,153.721
2026-09-08 13:02,153.729,153.760,153.714,153.734
2026-09-08 13:03,153.733,153.777,153.721,153.762
2026-09-08 13:04,153.761,153.781,153.748,153.764
2026-09-08 13:05,153.756,153.769,153.734,153.754
2026-09-08 13:06,153.755,153.799,153.753,153.797
2026-09-08 13:07,153.798,153.827,153.768,153.817
2026-09-08 13:08,153.815,153.845,153.807,153.840
2026-09-08 13:09,153.846,153.851,153.805,153.833
2026-09-08 13:10,153.831,153.837,153.773,153.774
2026-09-08 13:11,153.783,153.792,153.769,153.780
2026-09-08 13:12,153.780,153.796,153.745,153.757
2026-09-08 13:13,153.752,153.790,153.743,153.750
2026-09-08 13:14,153.753,153.862,153.746,153.852
2026-09-08 13:15,153.857,153.910,153.852,153.890
2026-09-08 13:16,153.890,153.929,153.875,153.900
2026-09-08 13:17,153.890,153.907,153.854,153.884
2026-09-08 13:18,153.885,153.889,153.858,153.859
2026-09-08 13:19,153.859,153.872,153.850,153.862
2026-09-08 13:20,153.862,153.885,153.848,153.866
2026-09-08 13:21,153.873,153.902,153.816,153.827
2026-09-08 13:22,153.825,153.885,153.818,153.862
2026-09-08 13:23,153.862,153.904,153.851,153.894
2026-09-08 13:24,153.893,153.902,153.817,153.847
2026-09-08 13:25,153.855,153.873,153.830,153.857
2026-09-08 13:26,153.847,153.858,153.783,153.794
2026-09-08 13:27,153.792,153.818,153.780,153.802
2026-09-08 13:28,153.806,153.835,153.794,153.800
2026-09-08 13:29,153.801,153.811,153.768,153.780
2026-09-08 13:30,153.772,153.837,153.768,153.834
2026-09-08 13:31,153.824,153.842,153.769,153.775
2026-09-08 13:32,153.777,153.814,153.748,153.764
2026-09-08 13:33,153.765,153.776,153.695,153.721
2026-09-08 13:34,153.725,153.768,153.705,153.746
2026-09-08 13:35,153.755,153.788,153.733,153.755
2026-09-08 13:36,153.751,153.772,153.722,153.744
2026-09-08 13:37,153.745,153.783,153.697,153.774
2026-09-08 13:38,153.784,153.845,153.774,153.805
2026-09-08 13:39,153.814,153.846,153.792,153.830
2026-09-08 13:40,153.829,153.866,153.827,153.854
2026-09-08 13:41,153.854,153.861,153.779,153.795
2026-09-08 13:42,153.796,153.850,153.796,153.844
2026-09-08 13:43,153.840,153.876,153.839,153.859
2026-09-08 13:44,153.857,153.895,153.846,153.883
2026-09-08 13:45,153.884,153.893,153.822,153.832
2026-09-08 13:46,153.839,153.843,153.808,153.832
2026-09-08 13:47,153.832,153.860,153.818,153.819
2026-09-08 13:48,153.823,153.900,153.817,153.888
2026-09-08 13:49,153.896,153.899,153.853,153.882
2026-09-08 13:50,153.873,153.889,153.841,153.848
2026-09-08 13:51,153.842,153.906,153.842,153.896
2026-09-08 13:52,153.888,153.898,153.863,153.878
2026-09-08 13:53,153.873,153.888,153.828,153.829
2026-09-08 13:54,153.837,153.858,153.807,153.833
2026-09-08 13:55,153.838,153.890,153.830,153.871
2026-09-08 13:56,153.879,153.923,153.869,153.889
2026-09-08 13:57,153.885,153.894,153.862,153.878
2026-09-08 13:58,153.882,153.899,153.868,153.874
2026-09-08 13:59,153.879,153.879,153.801,153.805
2026-09-08 14:00,153.805,153.862,153.782,153.846
2026-09-08 14:01,153.851,153.886,153.800,153.869
2026-09-08 14:02,153.871,153.901,153.840,153.862
2026-09-08 14:03,153.865,153.908,153.857,153.876
2026-09-08 14:04,153.874,153.898,153.855,153.874
2026-09-08 14:05,153.868,153.885,153.846,153.883
2026-09-08 14:06,153.886,153.923,153.868,153.870
2026-09-08 14:07,153.868,153.908,153.865,153.903
2026-09-08 14:08,153.898,153.970,153.898,153.959
2026-09-08 14:09,153.960,153.963,153.934,153.944
2026-09-08 14:10,153.952,154.021,153.944,154.014
2026-09-08 14:11,154.014,154.053,154.013,154.042
2026-09-08 14:12,154.042,154.092,154.039,154.065
2026-09-08 14:13,154.060,154.098,154.057,154.089
2026-09-08 14:14,154.083,154.127,154.068,154.120
2026-09-08 14:15,154.125,154.129,154.089,154.100
2026-09-08 14:16,154.101,154.103,154.078,154.087
2026-09-08 14:17,154.090,154.108,154.064,154.080
2026-09-08 14:18,154.080,154.091,154.008,154.026
2026-09-08 14:19,154.026,154.045,154.021,154.039
2026-09-08 14:20,154.035,154.087,154.034,154.087
2026-09-08 14:21,154.086,154.089,154.058,154.058
2026-09-08 14:22,154.058,154.095,154.056,154.080
2026-09-08 14:23,154.080,154.083,154.053,154.069
2026-09-08 14:24,154.068,154.101,154.057,154.062
2026-09-08 14:25,154.064,154.079,154.047,154.060
2026-09-08 14:26,154.056,154.092,154.039,154.070
2026-09-08 14:27,154.070,154.088,154.047,154.059
2026-09-08 14:28,154.059,154.094,154.058,154.083
2026-09-08 14:29,154.081,154.090,154.035,154.050
2026-09-08 14:30,154.043,154.050,154.009,154.024
2026-09-08 14:31,154.020,154.051,153.997,154.001
2026-09-08 14:32,154.001,154.012,153.953,153.962
2026-09-08 14:33,153.959,153.977,153.937,153.950
2026-09-08 14:34,153.947,153.967,153.927,153.956
2026-09-08 14:35,153.957,153.967,153.925,153.934
2026-09-08 14:36,153.930,153.953,153.911,153.929
2026-09-08 14:37,153.929,153.955,153.911,153.911
2026-09-08 14:38,153.920,153.931,153.900,153.919
2026-09-08 14:39,153.924,154.011,153.919,154.004
2026-09-08 14:40,153.998,154.019,153.966,154.016
2026-09-08 14:41,154.018,154.027,153.987,154.000
2026-09-08 14:42,154.000,154.013,153.986,154.005
2026-09-08 14:43,153.998,154.017,153.997,154.000
2026-09-08 14:44,154.000,154.031,153.987,154.017
2026-09-08 14:45,154.013,154.029,153.999,154.019
2026-09-08 14:46,154.013,154.021,153.984,153.986
2026-09-08 14:47,153.994,153.995,153.957,153.962
2026-09-08 14:48,153.968,153.997,153.963,153.982
2026-09-08 14:49,153.978,153.994,153.960,153.961
2026-09-08 14:50,153.962,153.970,153.929,153.956
2026-09-08 14:51,153.951,153.971,153.935,153.966
2026-09-08 14:52,153.963,153.992,153.960,153.967
2026-09-08 14:53,153.962,153.977,153.923,153.937
2026-09-08 14:54,153.939,153.952,153.911,153.944
2026-09-08 14:55,153.937,154.025,153.936,154.010
2026-09-08 14:56,154.018,154.055,153.999,154.010
2026-09-08 14:57,154.016,154.020,153.937,153.977
2026-09-08 14:58,153.980,154.024,153.979,154.022
2026-09-08 14:59,154.016,154.029,153.997,154.002
2026-09-08 15:00,153.998,154.083,153.996,154.073
2026-09-08 15:01,154.071,154.074,154.020,154.036
2026-09-08 15:02,154.041,154.102,154.036,154.092
2026-09-08 15:03,154.101,154.126,154.086,154.090
2026-09-08 15:04,154.090,154.141,154.089,154.117
2026-09-08 15:05,154.115,154.144,154.115,154.143
2026-09-08 15:06,154.135,154.150,154.130,154.142
2026-09-08 15:07,154.144,154.182,154.141,154.162
2026-09-08 15:08,154.160,154.163,154.135,154.156
2026-09-08 15:09,154.155,154.159,154.138,154.140
2026-09-08 15:10,154.140,154.149,154.126,154.146
2026-09-08 15:11,154.140,154.174,154.136,154.173
2026-09-08 15:12,154.166,154.192,154.156,154.175
2026-09-08 15:13,154.169,154.197,154.165,154.189
2026-09-08 15:14,154.193,154.206,154.182,154.194
2026-09-08 15:15,154.189,154.210,154.165,154.174
2026-09-08 15:16,154.179,154.207,154.174,154.192
2026-09-08 15:17,154.191,154.193,154.165,154.169
2026-09-08 15:18,154.167,154.224,154.167,154.219
2026-09-08 15:19,154.223,154.239,154.219,154.225
2026-09-08 15:20,154.225,154.234,154.201,154.209
2026-09-08 15:21,154.209,154.235,154.208,154.229
2026-09-08 15:22,154.220,154.264,154.220,154.245
2026-09-08 15:23,154.256,154.262,154.185,154.199
2026-09-08 15:24,154.199,154.227,154.199,154.211
2026-09-08 15:25,154.211,154.217,154.137,154.173
2026-09-08 15:26,154.176,154.218,154.165,154.204
2026-09-08 15:27,154.205,154.212,154.186,154.203
2026-09-08 15:28,154.203,154.209,154.172,154.178
2026-09-08 15:29,154.182,154.209,154.174,154.206
2026-09-08 15:30,154.200,154.208,154.156,154.162
2026-09-08 15:31,154.162,154.177,154.139,154.141
2026-09-08 15:32,154.149,154.150,154.116,154.128
2026-09-08 15:33,154.126,154.148,154.126,154.129
2026-09-08 15:34,154.135,154.138,154.114,154.117
2026-09-08 15:35,154.117,154.138,154.107,154.113
2026-09-08 15:36,154.117,154.158,154.113,154.150
2026-09-08 15:37,154.146,154.175,154.141,154.150
2026-09-08 15:38,154.142,154.161,154.134,154.146
2026-09-08 15:39,154.136,154.163,154.133,154.146
2026-09-08 15:40,154.146,154.185,154.146,154.175
2026-09-08 15:41,154.183,154.184,154.144,154.152
2026-09-08 15:42,154.151,154.167,154.144,154.161
2026-09-08 15:43,154.152,154.181,154.152,154.164
2026-09-08 15:44,154.173,154.206,154.162,154.206
2026-09-08 15:45,154.199,154.243,154.199,154.224
2026-09-08 15:46,154.221,154.225,154.200,154.210
2026-09-08 15:47,154.210,154.216,154.184,154.199
2026-09-08 15:48,154.199,154.214,154.177,154.207
2026-09-08 15:49,154.205,154.217,154.195,154.205
2026-09-08 15:50,154.199,154.219,154.169,154.205
2026-09-08 15:51,154.212,154.232,154.202,154.212
2026-09-08 15:52,154.217,154.220,154.201,154.219
2026-09-08 15:53,154.214,154.219,154.192,154.199
2026-09-08 15:54,154.196,154.213,154.187,154.187
2026-09-08 15:55,154.187,154.198,154.176,154.181
2026-09-08 15:56,154.181,154.199,154.157,154.189
2026-09-08 15:57,154.185,154.236,154.184,154.217
2026-09-08 15:58,154.212,154.226,154.204,154.212
2026-09-08 15:59,154.221,154.247,154.212,154.244
2026-09-08 16:00,154.236,154.257,154.230,154.243
2026-09-08 16:01,154.244,154.266,154.244,154.256
2026-09-08 16:02,154.258,154.269,154.231,154.238
2026-09-08 16:03,154.234,154.244,154.221,154.226
2026-09-08 16:04,154.230,154.234,154.212,154.218
2026-09-08 16:05,154.214,154.240,154.212,154.228
2026-09-08 16:06,154.223,154.254,154.222,154.244
2026-09-08 16:07,154.239,154.252,154.219,154.229
2026-09-08 16:08,154.225,154.244,154.216,154.242
2026-09-08 16:09,154.232,154.276,154.232,154.272
2026-09-08 16:10,154.266,154.294,154.265,154.277
2026-09-08 16:11,154.278,154.293,154.272,154.293
2026-09-08 16:12,154.290,154.326,154.284,154.310
2026-09-08 16:13,154.310,154.342,154.310,154.313
2026-09-08 16:14,154.327,154.327,154.305,154.312
2026-09-08 16:15,154.315,154.329,154.305,154.327
2026-09-08 16:16,154.328,154.335,154.322,154.323
2026-09-08 16:17,154.322,154.342,154.320,154.332
2026-09-08 16:18,154.332,154.348,154.327,154.342
2026-09-08 16:19,154.343,154.374,154.338,154.364
2026-09-08 16:20,154.361,154.378,154.344,154.360
2026-09-08 16:21,154.365,154.383,154.355,154.368
2026-09-08 16:22,154.368,154.381,154.354,154.368
2026-09-08 16:23,154.373,154.377,154.345,154.352
2026-09-08 16:24,154.345,154.367,154.336,154.340
2026-09-08 16:25,154.340,154.343,154.289,154.314
2026-09-08 16:26,154.319,154.320,154.291,154.306
2026-09-08 16:27,154.304,154.307,154.285,154.290
2026-09-08 16:28,154.299,154.299,154.263,154.265
2026-09-08 16:29,154.265,154.295,154.263,154.289
2026-09-08 16:30,154.290,154.292,154.251,154.253
2026-09-08 16:31,154.255,154.266,154.241,154.258
2026-09-08 16:32,154.258,154.264,154.250,154.254
2026-09-08 16:33,154.254,154.271,154.254,154.267
2026-09-08 16:34,154.269,154.278,154.247,154.266
2026-09-08 16:35,154.273,154.277,154.249,154.257
2026-09-08 16:36,154.260,154.266,154.239,154.264
2026-09-08 16:37,154.259,154.284,154.255,154.279
2026-09-08 16:38,154.278,154.289,154.272,154.277
2026-09-08 16:39,154.274,154.283,154.256,154.265
2026-09-08 16:40,154.259,154.269,154.246,154.266
2026-09-08 16:41,154.269,154.293,154.258,154.282
2026-09-08 16:42,154.281,154.320,154.278,154.307
2026-09-08 16:43,154.307,154.328,154.306,154.315
2026-09-08 16:44,154.309,154.317,154.303,154.305
2026-09-08 16:45,154.306,154.324,154.304,154.315
2026-09-08 16:46,154.313,154.327,154.310,154.325
2026-09-08 16:47,154.319,154.331,154.318,154.329
2026-09-08 16:48,154.321,154.347,154.321,154.339
2026-09-08 16:49,154.336,154.337,154.312,154.323
2026-09-08 16:50,154.320,154.330,154.253,154.298
2026-09-08 16:51,154.293,154.327,154.293,154.320
2026-09-08 16:52,154.321,154.340,154.317,154.321
2026-09-08 16:53,154.321,154.329,154.298,154.299
2026-09-08 16:54,154.304,154.323,154.287,154.291
2026-09-08 16:55,154.288,154.294,154.261,154.270
2026-09-08 16:56,154.271,154.325,154.261,154.274
2026-09-08 16:57,154.271,154.291,154.271,154.287
2026-09-08 16:58,154.281,154.300,154.275,154.292
2026-09-08 16:59,154.292,154.318,154.268,154.275
2026-09-08 17:00,154.264,154.276,154.237,154.251
2026-09-08 17:01,154.252,154.262,154.232,154.244
2026-09-08 17:02,154.236,154.255,154.227,154.245
2026-09-08 17:03,154.237,154.263,154.237,154.239
2026-09-08 17:04,154.247,154.253,154.210,154.227
2026-09-08 17:05,154.226,154.231,154.210,154.231
2026-09-08 17:06,154.221,154.249,154.221,154.230
2026-09-08 17:07,154.225,154.257,154.225,154.245
2026-09-08 17:08,154.255,154.286,154.245,154.278
2026-09-08 17:09,154.277,154.282,154.260,154.264
2026-09-08 17:10,154.274,154.274,154.237,154.244
2026-09-08 17:11,154.239,154.244,154.233,154.242
2026-09-08 17:12,154.238,154.252,154.227,154.248
2026-09-08 17:13,154.246,154.260,154.246,154.255
2026-09-08 17:14,154.250,154.258,154.237,154.249
2026-09-08 17:15,154.253,154.259,154.246,154.248
2026-09-08 17:16,154.255,154.258,154.234,154.239
2026-09-08 17:17,154.235,154.241,154.225,154.237
2026-09-08 17:18,154.235,154.249,154.234,154.236
2026-09-08 17:19,154.236,154.251,154.224,154.245
2026-09-08 17:20,154.240,154.260,154.237,154.251
2026-09-08 17:21,154.251,154.260,154.248,154.253
2026-09-08 17:22,154.253,154.284,154.249,154.271
2026-09-08 17:23,154.277,154.279,154.261,154.270
2026-09-08 17:24,154.267,154.277,154.226,154.245
2026-09-08 17:25,154.236,154.259,154.235,154.246
2026-09-08 17:26,154.247,154.283,154.237,154.253
2026-09-08 17:27,154.254,154.270,154.248,154.260
2026-09-08 17:28,154.268,154.271,154.237,154.239
2026-09-08 17:29,154.247,154.248,154.236,154.241
2026-09-08 17:30,154.244,154.256,154.234,154.253
2026-09-08 17:31,154.248,154.274,154.245,154.269
2026-09-08 17:32,154.268,154.282,154.248,154.272
2026-09-08 17:33,154.272,154.281,154.265,154.270
2026-09-08 17:34,154.272,154.312,154.267,154.299
2026-09-08 17:35,154.300,154.325,154.294,154.314
2026-09-08 17:36,154.315,154.316,154.297,154.297
2026-09-08 17:37,154.297,154.305,154.260,154.262
2026-09-08 17:38,154.266,154.270,154.256,154.266
2026-09-08 17:39,154.262,154.266,154.240,154.259
2026-09-08 17:40,154.251,154.280,154.251,154.261
2026-09-08 17:41,154.264,154.271,154.259,154.263
2026-09-08 17:42,154.271,154.277,154.255,154.268
2026-09-08 17:43,154.262,154.284,154.261,154.269
2026-09-08 17:44,154.268,154.286,154.268,154.280
2026-09-08 17:45,154.273,154.283,154.262,154.269
2026-09-08 17:46,154.266,154.278,154.248,154.257
2026-09-08 17:47,154.255,154.262,154.238,154.254
2026-09-08 17:48,154.249,154.259,154.246,154.248
2026-09-08 17:49,154.254,154.269,154.248,154.257
2026-09-08 17:50,154.248,154.260,154.236,154.246
2026-09-08 17:51,154.246,154.279,154.240,154.265
2026-09-08 17:52,154.262,154.271,154.248,154.268
2026-09-08 17:53,154.263,154.273,154.259,154.272
2026-09-08 17:54,154.265,154.281,154.262,154.265
2026-09-08 17:55,154.266,154.283,154.264,154.279
2026-09-08 17:56,154.278,154.284,154.260,154.265
2026-09-08 17:57,154.263,154.269,154.250,154.257
2026-09-08 17:58,154.251,154.256,154.229,154.230
2026-09-08 17:59,154.234,154.236,154.217,154.218
2026-09-08 18:00,154.217,154.236,154.207,154.224
2026-09-08 18:01,154.221,154.242,154.216,154.230
2026-09-08 18:02,154.235,154.246,154.229,154.244
2026-09-08 18:03,154.237,154.246,154.225,154.241
2026-09-08 18:04,154.235,154.258,154.232,154.258
2026-09-08 18:05,154.248,154.264,154.246,154.253
2026-09-08 18:06,154.253,154.283,154.237,154.274
2026-09-08 18:07,154.273,154.312,154.273,154.298
2026-09-08 18:08,154.298,154.327,154.297,154.311
2026-09-08 18:09,154.309,154.309,154.294,154.298
2026-09-08 18:10,154.305,154.312,154.296,154.302
2026-09-08 18:11,154.302,154.323,154.294,154.323
2026-09-08 18:12,154.319,154.334,154.311,154.316
2026-09-08 18:13,154.316,154.348,154.312,154.346
2026-09-08 18:14,154.347,154.348,154.331,154.339
2026-09-08 18:15,154.336,154.344,154.331,154.333
2026-09-08 18:16,154.333,154.363,154.324,154.352
2026-09-08 18:17,154.352,154.388,154.343,154.388
2026-09-08 18:18,154.381,154.393,154.342,154.345
2026-09-08 18:19,154.346,154.353,154.294,154.338
2026-09-08 18:20,154.335,154.354,154.313,154.350
2026-09-08 18:21,154.343,154.360,154.341,154.344
2026-09-08 18:22,154.345,154.355,154.299,154.316
2026-09-08 18:23,154.310,154.320,154.293,154.297
2026-09-08 18:24,154.301,154.305,154.261,154.263
2026-09-08 18:25,154.263,154.273,154.222,154.248
2026-09-08 18:26,154.239,154.261,154.232,154.246
2026-09-08 18:27,154.249,154.279,154.234,154.274
2026-09-08 18:28,154.275,154.294,154.244,154.248
2026-09-08 18:29,154.248,154.295,154.235,154.237
2026-09-08 18:30,154.242,154.269,154.226,154.242
2026-09-08 18:31,154.239,154.243,154.213,154.227
2026-09-08 18:32,154.232,154.246,154.190,154.211
2026-09-08 18:33,154.202,154.213,154.154,154.163
2026-09-08 18:34,154.156,154.189,154.153,154.174
2026-09-08 18:35,154.166,154.188,154.134,154.142
2026-09-08 18:36,154.144,154.165,154.140,154.144
2026-09-08 18:37,154.149,154.177,154.142,154.154
2026-09-08 18:38,154.162,154.168,154.105,154.126
2026-09-08 18:39,154.120,154.141,154.107,154.119
2026-09-08 18:40,154.119,154.130,154.108,154.121
2026-09-08 18:41,154.117,154.136,154.071,154.075
2026-09-08 18:42,154.081,154.092,154.051,154.060
2026-09-08 18:43,154.059,154.086,154.058,154.084
2026-09-08 18:44,154.082,154.106,154.050,154.074
2026-09-08 18:45,154.080,154.094,154.068,154.074
2026-09-08 18:46,154.080,154.093,154.055,154.058
2026-09-08 18:47,154.058,154.174,154.046,154.140
2026-09-08 18:48,154.132,154.296,154.117,154.250
2026-09-08 18:49,154.258,154.319,154.237,154.256
2026-09-08 18:50,154.262,154.268,154.187,154.194
2026-09-08 18:51,154.189,154.217,154.170,154.176
2026-09-08 18:52,154.176,154.193,154.107,154.119
2026-09-08 18:53,154.126,154.143,154.087,154.103
2026-09-08 18:54,154.094,154.104,154.046,154.048
2026-09-08 18:55,154.054,154.091,154.047,154.051
2026-09-08 18:56,154.059,154.060,154.028,154.045
2026-09-08 18:57,154.038,154.056,154.009,154.032
2026-09-08 18:58,154.027,154.035,153.904,153.945
2026-09-08 18:59,153.943,153.964,153.439,153.582
2026-09-08 19:00,153.591,153.795,153.591,153.774
2026-09-08 19:01,153.759,153.798,153.697,153.787
2026-09-08 19:02,153.786,153.830,153.784,153.799
2026-09-08 19:03,153.805,153.810,153.751,153.785
2026-09-08 19:04,153.782,153.811,153.757,153.805
2026-09-08 19:05,153.808,153.809,153.763,153.784
2026-09-08 19:06,153.777,153.865,153.775,153.857
2026-09-08 19:07,153.856,153.862,153.799,153.811
2026-09-08 19:08,153.807,153.815,153.783,153.789
2026-09-08 19:09,153.797,153.847,153.787,153.841
2026-09-08 19:10,153.836,153.858,153.824,153.852
2026-09-08 19:11,153.849,153.903,153.848,153.889
2026-09-08 19:12,153.888,153.906,153.857,153.867
2026-09-08 19:13,153.865,153.891,153.857,153.878
2026-09-08 19:14,153.879,153.885,153.847,153.860
2026-09-08 19:15,153.858,153.867,153.838,153.848
2026-09-08 19:16,153.848,153.914,153.846,153.872
2026-09-08 19:17,153.878,153.906,153.870,153.880
2026-09-08 19:18,153.890,153.894,153.856,153.862
2026-09-08 19:19,153.861,153.916,153.855,153.912
2026-09-08 19:20,153.907,153.940,153.901,153.913
2026-09-08 19:21,153.907,153.920,153.873,153.884
2026-09-08 19:22,153.882,153.892,153.868,153.878
2026-09-08 19:23,153.873,153.903,153.873,153.901
2026-09-08 19:24,153.902,153.902,153.861,153.883
2026-09-08 19:25,153.880,153.899,153.878,153.890
2026-09-08 19:26,153.890,153.922,153.890,153.912
2026-09-08 19:27,153.906,153.937,153.895,153.912
2026-09-08 19:28,153.907,153.938,153.907,153.930
2026-09-08 19:29,153.936,153.951,153.926,153.948
2026-09-08 19:30,153.942,153.961,153.930,153.957
2026-09-08 19:31,153.946,153.956,153.901,153.903
2026-09-08 19:32,153.908,153.915,153.884,153.899
2026-09-08 19:33,153.900,153.945,153.897,153.936
2026-09-08 19:34,153.932,153.973,153.932,153.944
2026-09-08 19:35,153.943,153.956,153.907,153.908
2026-09-08 19:36,153.911,153.923,153.888,153.914
2026-09-08 19:37,153.919,153.919,153.878,153.881
2026-09-08 19:38,153.893,153.895,153.836,153.849
2026-09-08 19:39,153.842,153.852,153.828,153.844
2026-09-08 19:40,153.842,153.854,153.817,153.818
2026-09-08 19:41,153.820,153.873,153.810,153.860
2026-09-08 19:42,153.856,153.887,153.844,153.864
2026-09-08 19:43,153.864,153.903,153.856,153.882
2026-09-08 19:44,153.889,153.892,153.877,153.881
2026-09-08 19:45,153.881,153.916,153.881,153.904
2026-09-08 19:46,153.914,153.929,153.904,153.915
2026-09-08 19:47,153.915,153.929,153.905,153.905
2026-09-08 19:48,153.906,153.936,153.906,153.935
2026-09-08 19:49,153.931,153.938,153.912,153.923
2026-09-08 19:50,153.918,153.975,153.913,153.963
2026-09-08 19:51,153.974,153.985,153.946,153.974
2026-09-08 19:52,153.973,153.987,153.964,153.967
2026-09-08 19:53,153.967,153.983,153.954,153.974
2026-09-08 19:54,153.968,153.975,153.951,153.951
2026-09-08 19:55,153.956,153.977,153.951,153.966
2026-09-08 19:56,153.966,153.986,153.961,153.969
2026-09-08 19:57,153.969,154.000,153.962,153.984
2026-09-08 19:58,153.984,154.007,153.978,153.994
2026-09-08 19:59,153.994,154.000,153.978,153.981
2026-09-08 20:00,153.986,153.986,153.932,153.943
2026-09-08 20:01,153.943,153.948,153.917,153.935
2026-09-08 20:02,153.935,153.961,153.934,153.952
2026-09-08 20:03,153.946,153.950,153.924,153.924
2026-09-08 20:04,153.924,153.960,153.924,153.960
2026-09-08 20:05,153.959,153.987,153.950,153.986
2026-09-08 20:06,153.987,153.994,153.963,153.980
2026-09-08 20:07,153.973,153.984,153.964,153.979
2026-09-08 20:08,153.973,153.980,153.958,153.962
2026-09-08 20:09,153.969,153.985,153.960,153.969
2026-09-08 20:10,153.969,153.985,153.964,153.980
2026-09-08 20:11,153.974,154.012,153.974,153.990
2026-09-08 20:12,154.000,154.012,153.990,153.991
2026-09-08 20:13,153.991,154.006,153.973,153.992
2026-09-08 20:14,153.979,153.996,153.971,153.971
2026-09-08 20:15,153.979,153.985,153.966,153.974
2026-09-08 20:16,153.974,153.996,153.972,153.982
2026-09-08 20:17,153.974,153.984,153.949,153.962
2026-09-08 20:18,153.959,153.964,153.937,153.939
2026-09-08 20:19,153.939,153.975,153.939,153.951
2026-09-08 20:20,153.951,153.964,153.943,153.959
2026-09-08 20:21,153.948,153.972,153.947,153.967
2026-09-08 20:22,153.968,153.977,153.956,153.964
2026-09-08 20:23,153.970,153.986,153.963,153.984
2026-09-08 20:24,153.972,153.997,153.971,153.978
2026-09-08 20:25,153.978,154.001,153.978,153.988
2026-09-08 20:26,153.994,154.001,153.984,154.000
2026-09-08 20:27,153.989,154.008,153.988,153.994
2026-09-08 20:28,153.989,154.013,153.988,153.990
2026-09-08 20:29,153.990,154.011,153.951,153.994
2026-09-08 20:30,153.987,154.012,153.979,153.985
2026-09-08 20:31,153.986,154.017,153.986,154.005
2026-09-08 20:32,153.993,154.019,153.976,153.996
2026-09-08 20:33,153.989,154.000,153.969,153.972
2026-09-08 20:34,153.973,153.988,153.963,153.980
2026-09-08 20:35,153.981,153.985,153.960,153.972
2026-09-08 20:36,153.964,153.983,153.962,153.972
2026-09-08 20:37,153.962,153.988,153.962,153.972
2026-09-08 20:38,153.972,153.989,153.972,153.975
2026-09-08 20:39,153.975,153.987,153.973,153.985
2026-09-08 20:40,153.973,154.012,153.964,153.982
2026-09-08 20:41,153.982,153.998,153.977,153.987
2026-09-08 20:42,153.993,154.006,153.984,153.995
2026-09-08 20:43,153.991,154.006,153.986,153.998
2026-09-08 20:44,153.998,154.006,153.987,153.989
2026-09-08 20:45,153.989,154.010,153.989,153.996
2026-09-08 20:46,154.001,154.013,153.995,154.010
2026-09-08 20:47,153.999,154.014,153.986,153.992
2026-09-08 20:48,154.000,154.013,153.990,154.002
2026-09-08 20:49,154.000,154.019,153.993,154.009
2026-09-08 20:50,154.012,154.018,153.986,153.986
2026-09-08 20:51,153.986,153.995,153.981,153.981
2026-09-08 20:52,153.981,153.999,153.981,153.986
2026-09-08 20:53,153.987,153.994,153.973,153.974
2026-09-08 20:54,153.980,153.998,153.974,153.980
2026-09-08 20:55,153.986,153.997,153.969,153.996
2026-09-08 20:56,153.974,154.005,153.974,153.984
2026-09-08 20:57,153.996,154.006,153.970,153.987
2026-09-08 20:58,153.987,154.001,153.969,153.990
2026-09-08 20:59,153.975,154.009,153.950,153.957
2026-09-08 21:00,153.939,153.956,153.898,153.898
2026-09-08 21:01,153.901,153.901,153.901,153.901
2026-09-08 21:03,153.898,153.898,153.898,153.898
2026-09-08 21:04,153.964,153.964,153.901,153.964
2026-09-08 21:05,153.958,153.958,153.927,153.946
2026-09-08 21:06,153.928,153.964,153.928,153.944
2026-09-08 21:07,153.932,153.944,153.931,153.944
2026-09-08 21:09,153.945,153.945,153.945,153.945
2026-09-08 21:10,153.971,153.979,153.935,153.978
2026-09-08 21:11,153.977,153.979,153.969,153.978
2026-09-08 21:12,153.970,153.979,153.970,153.979
2026-09-08 21:13,153.980,153.980,153.972,153.979
2026-09-08 21:14,153.980,153.980,153.936,153.975
2026-09-08 21:15,153.934,153.955,153.930,153.955
2026-09-08 21:16,153.957,153.968,153.937,153.939
2026-09-08 21:17,153.936,153.965,153.936,153.965
2026-09-08 21:18,153.927,153.953,153.927,153.953
2026-09-08 21:19,153.947,153.950,153.934,153.946
2026-09-08 21:20,153.933,153.959,153.929,153.959
2026-09-08 21:21,153.933,153.958,153.933,153.933
2026-09-08 21:22,153.934,153.936,153.931,153.932
2026-09-08 21:23,153.933,153.961,153.932,153.933
2026-09-08 21:24,153.937,153.959,153.932,153.959
2026-09-08 21:25,153.960,153.960,153.933,153.941
2026-09-08 21:26,153.944,153.944,153.931,153.933
2026-09-08 21:27,153.947,153.947,153.870,153.921
2026-09-08 21:28,153.922,153.924,153.911,153.920
2026-09-08 21:29,153.921,153.921,153.908,153.908
2026-09-08 21:30,153.905,153.918,153.905,153.906
2026-09-08 21:31,153.912,153.920,153.903,153.905
2026-09-08 21:32,153.906,153.941,153.904,153.927
2026-09-08 21:33,153.921,153.927,153.921,153.925
2026-09-08 21:34,153.922,153.937,153.922,153.924
2026-09-08 21:35,153.920,153.927,153.825,153.905
2026-09-08 21:36,153.904,153.904,153.849,153.862
2026-09-08 21:37,153.861,153.875,153.857,153.874
2026-09-08 21:38,153.874,153.877,153.858,153.874
2026-09-08 21:39,153.870,153.879,153.857,153.878
2026-09-08 21:40,153.879,153.883,153.875,153.883
2026-09-08 21:41,153.880,153.885,153.875,153.881
2026-09-08 21:42,153.885,153.889,153.837,153.876
2026-09-08 21:43,153.859,153.876,153.839,153.860
2026-09-08 21:44,153.846,153.875,153.844,153.861
2026-09-08 21:45,153.869,153.875,153.844,153.869
2026-09-08 21:46,153.844,153.871,153.839,153.867
2026-09-08 21:47,153.839,153.889,153.839,153.882
2026-09-08 21:48,153.888,153.889,153.866,153.872
2026-09-08 21:49,153.872,153.889,153.869,153.872
2026-09-08 21:50,153.872,153.888,153.842,153.844
2026-09-08 21:51,153.870,153.873,153.843,153.845
2026-09-08 21:52,153.863,153.873,153.841,153.864
2026-09-08 21:53,153.841,153.869,153.839,153.839
2026-09-08 21:54,153.836,153.861,153.831,153.855
2026-09-08 21:55,153.839,153.860,153.839,153.839
2026-09-08 21:56,153.839,153.861,153.836,153.850
2026-09-08 21:57,153.843,153.873,153.825,153.856
2026-09-08 21:58,153.833,153.857,153.823,153.823
2026-09-08 21:59,153.821,153.857,153.816,153.851
2026-09-08 22:00,153.831,153.974,153.825,153.936
2026-09-08 22:01,153.939,153.953,153.877,153.878
2026-09-08 22:02,153.884,153.919,153.878,153.880
2026-09-08 22:03,153.882,153.907,153.858,153.858
2026-09-08 22:04,153.858,153.877,153.825,153.849
2026-09-08 22:05,153.829,153.853,153.807,153.835
2026-09-08 22:06,153.835,153.847,153.797,153.808
2026-09-08 22:07,153.807,153.815,153.755,153.770
2026-09-08 22:08,153.755,153.796,153.742,153.742
2026-09-08 22:09,153.752,153.765,153.718,153.749
2026-09-08 22:10,153.756,153.787,153.738,153.769
2026-09-08 22:11,153.755,153.783,153.735,153.758
2026-09-08 22:12,153.757,153.771,153.744,153.754
2026-09-08 22:13,153.746,153.759,153.736,153.753
2026-09-08 22:14,153.742,153.758,153.737,153.746
2026-09-08 22:15,153.746,153.765,153.720,153.721
2026-09-08 22:16,153.721,153.739,153.709,153.725
2026-09-08 22:17,153.712,153.727,153.706,153.724
2026-09-08 22:18,153.710,153.727,153.710,153.720
2026-09-08 22:19,153.721,153.737,153.712,153.717
2026-09-08 22:20,153.728,153.734,153.707,153.717
2026-09-08 22:21,153.717,153.738,153.717,153.721
2026-09-08 22:22,153.727,153.734,153.710,153.718
2026-09-08 22:23,153.716,153.721,153.684,153.695
2026-09-08 22:24,153.688,153.701,153.675,153.698
2026-09-08 22:25,153.694,153.711,153.687,153.707
2026-09-08 22:26,153.702,153.708,153.685,153.686
2026-09-08 22:27,153.686,153.701,153.679,153.687
2026-09-08 22:28,153.694,153.703,153.686,153.688
2026-09-08 22:29,153.688,153.701,153.651,153.651
2026-09-08 22:30,153.657,153.663,153.626,153.630
2026-09-08 22:31,153.630,153.651,153.623,153.636
2026-09-08 22:32,153.636,153.644,153.613,153.633
2026-09-08 22:33,153.627,153.676,153.627,153.674
2026-09-08 22:34,153.675,153.695,153.662,153.692
2026-09-08 22:35,153.687,153.700,153.685,153.688
2026-09-08 22:36,153.685,153.706,153.673,153.704
2026-09-08 22:37,153.700,153.714,153.697,153.709
2026-09-08 22:38,153.697,153.717,153.697,153.707
2026-09-08 22:39,153.707,153.713,153.685,153.685
2026-09-08 22:40,153.685,153.701,153.685,153.698
2026-09-08 22:41,153.692,153.738,153.686,153.735
2026-09-08 22:42,153.731,153.746,153.710,153.710
2026-09-08 22:43,153.710,153.723,153.695,153.711
2026-09-08 22:44,153.710,153.745,153.698,153.730
2026-09-08 22:45,153.745,153.750,153.718,153.729
2026-09-08 22:46,153.722,153.737,153.706,153.728
2026-09-08 22:47,153.720,153.737,153.718,153.736
2026-09-08 22:48,153.724,153.740,153.720,153.736
2026-09-08 22:49,153.722,153.734,153.695,153.704
2026-09-08 22:50,153.695,153.713,153.684,153.696
2026-09-08 22:51,153.702,153.725,153.688,153.710
2026-09-08 22:52,153.695,153.733,153.695,153.727
2026-09-08 22:53,153.725,153.737,153.718,153.720
2026-09-08 22:54,153.730,153.749,153.718,153.749
2026-09-08 22:55,153.750,153.773,153.733,153.768
2026-09-08 22:56,153.762,153.770,153.743,153.749
2026-09-08 22:57,153.751,153.764,153.732,153.742
2026-09-08 22:58,153.736,153.749,153.733,153.748
2026-09-08 23:00,153.722,153.737,153.709,153.718
2026-09-08 23:01,153.719,153.724,153.653,153.666
2026-09-08 23:02,153.665,153.688,153.661,153.674
2026-09-08 23:03,153.687,153.701,153.673,153.691
2026-09-08 23:04,153.689,153.714,153.688,153.698
2026-09-08 23:05,153.698,153.712,153.674,153.675
2026-09-08 23:06,153.687,153.688,153.624,153.624
2026-09-08 23:07,153.625,153.642,153.599,153.599
2026-09-08 23:08,153.600,153.629,153.592,153.596
2026-09-08 23:09,153.605,153.606,153.570,153.589
2026-09-08 23:10,153.588,153.591,153.556,153.568
2026-09-08 23:11,153.563,153.603,153.563,153.594
2026-09-08 23:12,153.584,153.598,153.579,153.581
2026-09-08 23:13,153.581,153.587,153.558,153.562
2026-09-08 23:14,153.572,153.573,153.559,153.560
2026-09-08 23:15,153.560,153.569,153.518,153.521
2026-09-08 23:16,153.529,153.537,153.504,153.524
2026-09-08 23:17,153.524,153.549,153.522,153.537
2026-09-08 23:18,153.537,153.549,153.535,153.536
2026-09-08 23:19,153.536,153.549,153.511,153.520
2026-09-08 23:20,153.517,153.547,153.509,153.538
2026-09-08 23:21,153.546,153.607,153.537,153.594
2026-09-08 23:22,153.595,153.601,153.562,153.600
2026-09-08 23:23,153.594,153.605,153.556,153.566
2026-09-08 23:24,153.567,153.569,153.525,153.547
2026-09-08 23:25,153.548,153.563,153.537,153.548
2026-09-08 23:26,153.547,153.562,153.534,153.558
2026-09-08 23:27,153.555,153.566,153.533,153.543
2026-09-08 23:28,153.539,153.567,153.532,153.545
2026-09-08 23:29,153.546,153.563,153.545,153.549
2026-09-08 23:30,153.549,153.593,153.533,153.542
2026-09-08 23:31,153.535,153.562,153.497,153.511
2026-09-08 23:32,153.509,153.547,153.509,153.535
2026-09-08 23:33,153.545,153.592,153.533,153.590
2026-09-08 23:34,153.578,153.627,153.578,153.614
2026-09-08 23:35,153.622,153.642,153.613,153.617
2026-09-08 23:36,153.617,153.629,153.605,153.616
2026-09-08 23:37,153.610,153.621,153.581,153.583
2026-09-08 23:38,153.583,153.610,153.581,153.602
2026-09-08 23:39,153.598,153.607,153.581,153.584
2026-09-08 23:40,153.594,153.611,153.581,153.597
2026-09-08 23:41,153.597,153.619,153.570,153.570
2026-09-08 23:42,153.578,153.579,153.502,153.525
2026-09-08 23:43,153.516,153.526,153.471,153.485
2026-09-08 23:44,153.476,153.512,153.473,153.491
2026-09-08 23:45,153.491,153.508,153.464,153.504
2026-09-08 23:46,153.498,153.555,153.495,153.535
2026-09-08 23:47,153.534,153.544,153.443,153.451
2026-09-08 23:48,153.451,153.483,153.432,153.461
2026-09-08 23:49,153.458,153.485,153.425,153.425
2026-09-08 23:50,153.436,153.469,153.422,153.459
2026-09-08 23:51,153.462,153.476,153.451,153.470
2026-09-08 23:52,153.465,153.501,153.464,153.488
2026-09-08 23:53,153.477,153.506,153.461,153.472
2026-09-08 23:54,153.466,153.495,153.458,153.468
2026-09-08 23:55,153.457,153.469,153.427,153.442
2026-09-08 23:56,153.451,153.464,153.418,153.427
2026-09-08 23:57,153.436,153.477,153.417,153.464
2026-09-08 23:58,153.470,153.512,153.464,153.488
2026-09-08 23:59,153.480,153.490,153.444,153.444
2026-09-09 00:00,153.444,153.462,153.405,153.417
2026-09-09 00:01,153.418,153.418,153.346,153.361
2026-09-09 00:02,153.355,153.395,153.354,153.386
2026-09-09 00:03,153.383,153.439,153.383,153.416
2026-09-09 00:04,153.404,153.442,153.368,153.394
2026-09-09 00:05,153.370,153.402,153.368,153.395
2026-09-09 00:06,153.401,153.417,153.342,153.349
2026-09-09 00:07,153.353,153.394,153.342,153.349
2026-09-09 00:08,153.349,153.383,153.325,153.362
2026-09-09 00:09,153.360,153.380,153.344,153.363
2026-09-09 00:10,153.366,153.374,153.342,153.352
2026-09-09 00:11,153.357,153.370,153.302,153.305
2026-09-09 00:12,153.317,153.350,153.311,153.336
2026-09-09 00:13,153.328,153.360,153.306,153.314
2026-09-09 00:14,153.314,153.326,153.288,153.324
2026-09-09 00:15,153.323,153.342,153.306,153.312
2026-09-09 00:16,153.318,153.326,153.269,153.306
2026-09-09 00:17,153.307,153.316,153.255,153.261
2026-09-09 00:18,153.264,153.275,153.249,153.253
2026-09-09 00:19,153.255,153.288,153.246,153.257
2026-09-09 00:20,153.257,153.289,153.255,153.279
2026-09-09 00:21,153.279,153.327,153.265,153.301
2026-09-09 00:22,153.301,153.314,153.276,153.298
2026-09-09 00:23,153.301,153.366,153.288,153.356
2026-09-09 00:24,153.354,153.407,153.337,153.369
2026-09-09 00:25,153.373,153.382,153.328,153.350
2026-09-09 00:26,153.347,153.359,153.302,153.306
2026-09-09 00:27,153.306,153.338,153.303,153.326
2026-09-09 00:28,153.319,153.363,153.316,153.360
2026-09-09 00:29,153.354,153.371,153.347,153.354
2026-09-09 00:30,153.361,153.429,153.352,153.411
2026-09-09 00:31,153.411,153.436,153.388,153.420
2026-09-09 00:32,153.428,153.467,153.417,153.466
2026-09-09 00:33,153.461,153.493,153.434,153.480
2026-09-09 00:34,153.480,153.535,153.479,153.515
2026-09-09 00:35,153.499,153.539,153.496,153.508
2026-09-09 00:36,153.498,153.575,153.493,153.562
2026-09-09 00:37,153.553,153.587,153.548,153.563
2026-09-09 00:38,153.554,153.593,153.553,153.569
2026-09-09 00:39,153.573,153.602,153.563,153.564
2026-09-09 00:40,153.564,153.606,153.564,153.582
2026-09-09 00:41,153.576,153.634,153.574,153.605
2026-09-09 00:42,153.607,153.639,153.605,153.635
2026-09-09 00:43,153.630,153.635,153.597,153.605
2026-09-09 00:44,153.608,153.632,153.605,153.622
2026-09-09 00:45,153.620,153.648,153.610,153.621
2026-09-09 00:46,153.609,153.620,153.584,153.585
2026-09-09 00:47,153.593,153.689,153.585,153.668
2026-09-09 00:48,153.669,153.677,153.631,153.648
2026-09-09 00:49,153.648,153.661,153.627,153.641
2026-09-09 00:50,153.641,153.673,153.617,153.627
2026-09-09 00:51,153.619,153.628,153.597,153.598
2026-09-09 00:52,153.598,153.648,153.586,153.637
2026-09-09 00:53,153.637,153.738,153.635,153.736
2026-09-09 00:54,153.727,153.740,153.680,153.690
2026-09-09 00:55,153.703,153.704,153.636,153.636
2026-09-09 00:56,153.652,153.685,153.637,153.672
2026-09-09 00:57,153.666,153.675,153.605,153.608
2026-09-09 00:58,153.608,153.613,153.576,153.581
2026-09-09 00:59,153.591,153.607,153.565,153.566
2026-09-09 01:00,153.568,153.603,153.565,153.575
2026-09-09 01:01,153.575,153.634,153.575,153.623
2026-09-09 01:02,153.631,153.666,153.623,153.658
2026-09-09 01:03,153.666,153.668,153.636,153.648
2026-09-09 01:04,153.648,153.668,153.636,153.654
2026-09-09 01:05,153.649,153.683,153.645,153.671
2026-09-09 01:06,153.671,153.721,153.663,153.711
2026-09-09 01:07,153.717,153.740,153.701,153.739
2026-09-09 01:08,153.737,153.752,153.695,153.710
2026-09-09 01:09,153.708,153.719,153.680,153.694
2026-09-09 01:10,153.692,153.701,153.671,153.672
2026-09-09 01:11,153.672,153.691,153.666,153.678
2026-09-09 01:12,153.670,153.700,153.661,153.692
2026-09-09 01:13,153.690,153.739,153.690,153.717
2026-09-09 01:14,153.716,153.754,153.709,153.716
2026-09-09 01:15,153.724,153.726,153.649,153.654
2026-09-09 01:16,153.660,153.679,153.638,153.662
2026-09-09 01:17,153.661,153.702,153.652,153.687
2026-09-09 01:18,153.678,153.688,153.652,153.677
2026-09-09 01:19,153.676,153.700,153.674,153.692
2026-09-09 01:20,153.694,153.776,153.690,153.763
2026-09-09 01:21,153.770,153.813,153.760,153.791
2026-09-09 01:22,153.790,153.803,153.781,153.788
2026-09-09 01:23,153.786,153.814,153.775,153.798
2026-09-09 01:24,153.802,153.827,153.794,153.810
2026-09-09 01:25,153.809,153.831,153.807,153.829
2026-09-09 01:26,153.820,153.829,153.780,153.786
2026-09-09 01:27,153.786,153.806,153.777,153.797
2026-09-09 01:28,153.792,153.827,153.770,153.820
2026-09-09 01:29,153.828,153.829,153.784,153.792
2026-09-09 01:30,153.792,153.810,153.762,153.766
2026-09-09 01:31,153.767,153.783,153.763,153.778
2026-09-09 01:32,153.774,153.802,153.771,153.802
2026-09-09 01:33,153.796,153.810,153.751,153.773
2026-09-09 01:34,153.783,153.785,153.727,153.731
2026-09-09 01:35,153.731,153.743,153.720,153.729
2026-09-09 01:36,153.726,153.744,153.725,153.735
2026-09-09 01:37,153.735,153.749,153.705,153.726
2026-09-09 01:38,153.727,153.735,153.702,153.716
2026-09-09 01:39,153.717,153.727,153.678,153.682
2026-09-09 01:40,153.686,153.688,153.643,153.659
2026-09-09 01:41,153.653,153.681,153.651,153.654
2026-09-09 01:42,153.654,153.677,153.631,153.677
2026-09-09 01:43,153.668,153.681,153.665,153.672
2026-09-09 01:44,153.669,153.710,153.666,153.699
2026-09-09 01:45,153.707,153.708,153.607,153.614
2026-09-09 01:46,153.609,153.623,153.587,153.595
2026-09-09 01:47,153.603,153.648,153.595,153.633
2026-09-09 01:48,153.633,153.644,153.606,153.617
2026-09-09 01:49,153.620,153.638,153.605,153.630
2026-09-09 01:50,153.630,153.659,153.625,153.638
2026-09-09 01:51,153.630,153.663,153.625,153.651
2026-09-09 01:52,153.644,153.667,153.641,153.642
2026-09-09 01:53,153.649,153.650,153.629,153.630
2026-09-09 01:54,153.630,153.644,153.605,153.619
2026-09-09 01:55,153.618,153.621,153.601,153.601
2026-09-09 01:56,153.607,153.609,153.560,153.567
2026-09-09 01:57,153.570,153.584,153.556,153.557
2026-09-09 01:58,153.559,153.574,153.545,153.565
2026-09-09 01:59,153.561,153.571,153.534,153.552
2026-09-09 02:00,153.547,153.571,153.534,153.560
2026-09-09 02:01,153.560,153.582,153.545,153.545
2026-09-09 02:02,153.554,153.621,153.545,153.616
2026-09-09 02:03,153.607,153.622,153.599,153.617
2026-09-09 02:04,153.619,153.640,153.613,153.623
2026-09-09 02:05,153.623,153.668,153.623,153.668
2026-09-09 02:06,153.664,153.667,153.642,153.654
2026-09-09 02:07,153.653,153.657,153.641,153.652
2026-09-09 02:08,153.653,153.654,153.615,153.625
2026-09-09 02:09,153.615,153.625,153.601,153.613
2026-09-09 02:10,153.609,153.620,153.583,153.607
2026-09-09 02:11,153.599,153.609,153.582,153.584
2026-09-09 02:12,153.589,153.593,153.562,153.571
2026-09-09 02:13,153.563,153.607,153.560,153.605
2026-09-09 02:14,153.596,153.629,153.581,153.587
2026-09-09 02:15,153.587,153.617,153.582,153.604
2026-09-09 02:16,153.603,153.617,153.575,153.584
2026-09-09 02:17,153.575,153.640,153.575,153.629
2026-09-09 02:18,153.629,153.637,153.621,153.628
2026-09-09 02:19,153.622,153.632,153.585,153.598
2026-09-09 02:20,153.605,153.621,153.580,153.599
2026-09-09 02:21,153.597,153.613,153.585,153.600
2026-09-09 02:22,153.610,153.662,153.595,153.654
2026-09-09 02:23,153.662,153.668,153.631,153.638
2026-09-09 02:24,153.634,153.646,153.615,153.625
2026-09-09 02:25,153.628,153.655,153.622,153.645
2026-09-09 02:26,153.645,153.695,153.645,153.689
2026-09-09 02:27,153.684,153.705,153.665,153.668
2026-09-09 02:28,153.668,153.698,153.666,153.695
2026-09-09 02:29,153.690,153.699,153.664,153.664
2026-09-09 02:30,153.664,153.681,153.656,153.659
2026-09-09 02:31,153.659,153.673,153.635,153.645
2026-09-09 02:32,153.640,153.645,153.616,153.629
2026-09-09 02:33,153.624,153.629,153.590,153.602
2026-09-09 02:34,153.604,153.617,153.585,153.617
2026-09-09 02:35,153.610,153.639,153.599,153.599
2026-09-09 02:36,153.598,153.609,153.575,153.594
2026-09-09 02:37,153.576,153.607,153.575,153.588
2026-09-09 02:38,153.596,153.597,153.575,153.593
2026-09-09 02:39,153.577,153.598,153.572,153.593
2026-09-09 02:40,153.584,153.612,153.584,153.607
2026-09-09 02:41,153.606,153.618,153.592,153.610
2026-09-09 02:42,153.617,153.619,153.570,153.577
2026-09-09 02:43,153.579,153.584,153.561,153.566
2026-09-09 02:44,153.570,153.595,153.564,153.565
2026-09-09 02:45,153.566,153.574,153.547,153.549
2026-09-09 02:46,153.549,153.555,153.511,153.515
2026-09-09 02:47,153.522,153.536,153.510,153.526
2026-09-09 02:48,153.526,153.536,153.507,153.514
2026-09-09 02:49,153.518,153.545,153.509,153.529
2026-09-09 02:50,153.536,153.547,153.526,153.538
2026-09-09 02:51,153.535,153.544,153.524,153.529
2026-09-09 02:52,153.538,153.538,153.497,153.510
2026-09-09 02:53,153.504,153.516,153.481,153.484
2026-09-09 02:54,153.484,153.523,153.480,153.511
2026-09-09 02:55,153.521,153.533,153.509,153.516
2026-09-09 02:56,153.516,153.524,153.457,153.468
2026-09-09 02:57,153.460,153.493,153.452,153.482
2026-09-09 02:58,153.480,153.509,153.475,153.498
2026-09-09 02:59,153.498,153.510,153.484,153.510
2026-09-09 03:00,153.505,153.520,153.483,153.502
2026-09-09 03:01,153.509,153.517,153.500,153.515
2026-09-09 03:02,153.509,153.517,153.478,153.483
2026-09-09 03:03,153.486,153.494,153.477,153.477
2026-09-09 03:04,153.484,153.537,153.474,153.522
2026-09-09 03:05,153.522,153.542,153.505,153.521
2026-09-09 03:06,153.513,153.537,153.509,153.525
2026-09-09 03:07,153.530,153.558,153.509,153.551
2026-09-09 03:08,153.547,153.575,153.547,153.563
2026-09-09 03:09,153.563,153.580,153.553,153.568
2026-09-09 03:10,153.563,153.580,153.557,153.571
2026-09-09 03:11,153.564,153.579,153.540,153.555
2026-09-09 03:12,153.559,153.572,153.535,153.554
2026-09-09 03:13,153.554,153.583,153.551,153.571
2026-09-09 03:14,153.571,153.581,153.559,153.571
2026-09-09 03:15,153.562,153.578,153.548,153.554
2026-09-09 03:16,153.553,153.596,153.549,153.596
2026-09-09 03:17,153.590,153.598,153.571,153.579
2026-09-09 03:18,153.580,153.582,153.560,153.560
2026-09-09 03:19,153.564,153.573,153.560,153.573
2026-09-09 03:20,153.565,153.586,153.564,153.574
2026-09-09 03:21,153.574,153.587,153.555,153.561
2026-09-09 03:22,153.557,153.566,153.534,153.548
2026-09-09 03:23,153.540,153.561,153.540,153.554
2026-09-09 03:24,153.554,153.563,153.546,153.555
2026-09-09 03:25,153.558,153.573,153.550,153.568
2026-09-09 03:26,153.564,153.578,153.546,153.558
2026-09-09 03:27,153.550,153.574,153.545,153.574
2026-09-09 03:28,153.573,153.574,153.550,153.551
2026-09-09 03:29,153.551,153.559,153.525,153.537
2026-09-09 03:30,153.537,153.558,153.535,153.545
2026-09-09 03:31,153.548,153.560,153.524,153.529
2026-09-09 03:32,153.524,153.549,153.524,153.537
2026-09-09 03:33,153.546,153.550,153.520,153.522
2026-09-09 03:34,153.526,153.527,153.496,153.501
2026-09-09 03:35,153.501,153.505,153.470,153.474
2026-09-09 03:36,153.475,153.490,153.460,153.483
2026-09-09 03:37,153.483,153.491,153.457,153.472
2026-09-09 03:38,153.473,153.473,153.427,153.442
2026-09-09 03:39,153.448,153.452,153.418,153.425
2026-09-09 03:40,153.432,153.433,153.415,153.417
2026-09-09 03:41,153.423,153.423,153.389,153.389
2026-09-09 03:42,153.401,153.433,153.392,153.427
2026-09-09 03:43,153.419,153.434,153.389,153.401
2026-09-09 03:44,153.395,153.402,153.370,153.383
2026-09-09 03:45,153.381,153.387,153.342,153.343
2026-09-09 03:46,153.344,153.383,153.330,153.380
2026-09-09 03:47,153.375,153.394,153.364,153.368
2026-09-09 03:48,153.368,153.418,153.354,153.418
2026-09-09 03:49,153.410,153.432,153.400,153.418
2026-09-09 03:50,153.413,153.430,153.397,153.399
2026-09-09 03:51,153.398,153.422,153.386,153.388
2026-09-09 03:52,153.395,153.444,153.388,153.441
2026-09-09 03:53,153.432,153.455,153.430,153.445
2026-09-09 03:54,153.451,153.452,153.432,153.434
2026-09-09 03:55,153.438,153.468,153.406,153.463
2026-09-09 03:56,153.462,153.469,153.446,153.455
2026-09-09 03:57,153.451,153.456,153.444,153.445
2026-09-09 03:58,153.445,153.474,153.444,153.474
2026-09-09 03:59,153.468,153.475,153.425,153.447
2026-09-09 04:00,153.440,153.469,153.437,153.461
2026-09-09 04:01,153.465,153.466,153.420,153.429
2026-09-09 04:02,153.422,153.437,153.412,153.424
2026-09-09 04:03,153.424,153.443,153.406,153.407
2026-09-09 04:04,153.406,153.415,153.384,153.397
2026-09-09 04:05,153.396,153.423,153.396,153.414
2026-09-09 04:06,153.412,153.419,153.384,153.419
2026-09-09 04:07,153.414,153.414,153.389,153.400
2026-09-09 04:08,153.404,153.406,153.387,153.397
2026-09-09 04:09,153.388,153.397,153.336,153.351
2026-09-09 04:10,153.343,153.368,153.327,153.333
2026-09-09 04:11,153.332,153.354,153.320,153.342
2026-09-09 04:12,153.340,153.362,153.340,153.356
2026-09-09 04:13,153.352,153.369,153.332,153.364
2026-09-09 04:14,153.363,153.371,153.337,153.367
2026-09-09 04:15,153.361,153.390,153.350,153.350
2026-09-09 04:16,153.350,153.373,153.340,153.357
2026-09-09 04:17,153.349,153.368,153.345,153.363
2026-09-09 04:18,153.365,153.386,153.354,153.371
2026-09-09 04:19,153.363,153.372,153.325,153.329
2026-09-09 04:20,153.336,153.396,153.330,153.384
2026-09-09 04:21,153.387,153.391,153.365,153.383
2026-09-09 04:22,153.377,153.384,153.347,153.354
2026-09-09 04:23,153.350,153.358,153.316,153.331
2026-09-09 04:24,153.315,153.360,153.315,153.340
2026-09-09 04:25,153.340,153.350,153.337,153.342
2026-09-09 04:26,153.346,153.365,153.340,153.342
2026-09-09 04:27,153.350,153.350,153.310,153.313
2026-09-09 04:28,153.314,153.330,153.297,153.305
2026-09-09 04:29,153.313,153.330,153.305,153.320
2026-09-09 04:30,153.323,153.326,153.297,153.301
2026-09-09 04:31,153.298,153.319,153.297,153.302
2026-09-09 04:32,153.303,153.315,153.302,153.308
2026-09-09 04:33,153.309,153.338,153.297,153.330
2026-09-09 04:34,153.330,153.359,153.327,153.354
2026-09-09 04:35,153.354,153.384,153.350,153.370
2026-09-09 04:36,153.370,153.376,153.337,153.346
2026-09-09 04:37,153.336,153.378,153.336,153.367
2026-09-09 04:38,153.368,153.370,153.348,153.350
2026-09-09 04:39,153.350,153.397,153.348,153.387
2026-09-09 04:40,153.387,153.419,153.385,153.409
2026-09-09 04:41,153.405,153.439,153.405,153.439
2026-09-09 04:42,153.440,153.441,153.401,153.414
2026-09-09 04:43,153.410,153.415,153.390,153.392
2026-09-09 04:44,153.393,153.398,153.375,153.383
2026-09-09 04:45,153.376,153.397,153.372,153.392
2026-09-09 04:46,153.385,153.397,153.375,153.383
2026-09-09 04:47,153.375,153.428,153.375,153.419
2026-09-09 04:48,153.413,153.423,153.399,153.403
2026-09-09 04:49,153.404,153.451,153.399,153.449
2026-09-09 04:50,153.448,153.469,153.445,153.448
2026-09-09 04:51,153.453,153.466,153.443,153.455
2026-09-09 04:52,153.455,153.469,153.453,153.459
2026-09-09 04:53,153.460,153.467,153.436,153.447
2026-09-09 04:54,153.444,153.482,153.443,153.472
2026-09-09 04:55,153.480,153.486,153.456,153.472
2026-09-09 04:56,153.475,153.487,153.457,153.457
2026-09-09 04:57,153.457,153.469,153.432,153.443
2026-09-09 04:58,153.438,153.452,153.427,153.452
2026-09-09 04:59,153.442,153.475,153.442,153.465
2026-09-09 05:00,153.459,153.464,153.427,153.438
2026-09-09 05:01,153.439,153.452,153.425,153.444
2026-09-09 05:02,153.440,153.480,153.440,153.470
2026-09-09 05:03,153.470,153.484,153.410,153.424
2026-09-09 05:04,153.422,153.431,153.400,153.410
2026-09-09 05:05,153.402,153.416,153.390,153.392
2026-09-09 05:06,153.393,153.399,153.357,153.365
2026-09-09 05:07,153.368,153.396,153.356,153.362
2026-09-09 05:08,153.357,153.366,153.341,153.356
2026-09-09 05:09,153.353,153.363,153.345,153.347
2026-09-09 05:10,153.353,153.379,153.335,153.370
2026-09-09 05:11,153.381,153.429,153.370,153.421
2026-09-09 05:12,153.414,153.451,153.401,153.438
2026-09-09 05:13,153.430,153.456,153.428,153.451
2026-09-09 05:14,153.447,153.457,153.425,153.444
2026-09-09 05:15,153.434,153.455,153.429,153.447
2026-09-09 05:16,153.454,153.457,153.434,153.443
2026-09-09 05:17,153.437,153.450,153.428,153.432
2026-09-09 05:18,153.441,153.446,153.421,153.428
2026-09-09 05:19,153.422,153.433,153.397,153.397
2026-09-09 05:20,153.405,153.411,153.396,153.398
2026-09-09 05:21,153.399,153.413,153.397,153.407
2026-09-09 05:22,153.412,153.415,153.386,153.387
2026-09-09 05:23,153.386,153.393,153.355,153.362
2026-09-09 05:24,153.366,153.368,153.333,153.348
2026-09-09 05:25,153.340,153.372,153.333,153.366
2026-09-09 05:26,153.366,153.367,153.340,153.342
2026-09-09 05:27,153.350,153.359,153.320,153.330
2026-09-09 05:28,153.326,153.335,153.310,153.315
2026-09-09 05:29,153.314,153.323,153.290,153.304
2026-09-09 05:30,153.301,153.340,153.292,153.333
2026-09-09 05:31,153.328,153.355,153.328,153.338
2026-09-09 05:32,153.342,153.342,153.315,153.331
2026-09-09 05:33,153.330,153.344,153.279,153.285
2026-09-09 05:34,153.286,153.318,153.270,153.310
2026-09-09 05:35,153.310,153.350,153.310,153.340
2026-09-09 05:36,153.340,153.353,153.290,153.292
2026-09-09 05:37,153.284,153.305,153.284,153.284
2026-09-09 05:38,153.282,153.328,153.280,153.314
2026-09-09 05:39,153.323,153.343,153.311,153.315
2026-09-09 05:40,153.314,153.342,153.294,153.337
2026-09-09 05:41,153.338,153.354,153.322,153.324
2026-09-09 05:42,153.324,153.346,153.318,153.325
2026-09-09 05:43,153.322,153.345,153.316,153.341
2026-09-09 05:44,153.337,153.376,153.337,153.358
2026-09-09 05:45,153.364,153.381,153.350,153.354
2026-09-09 05:46,153.363,153.380,153.337,153.374
2026-09-09 05:47,153.365,153.376,153.353,153.371
2026-09-09 05:48,153.368,153.411,153.363,153.403
2026-09-09 05:49,153.405,153.409,153.385,153.385
2026-09-09 05:50,153.385,153.405,153.377,153.392
2026-09-09 05:51,153.395,153.410,153.370,153.405
2026-09-09 05:52,153.402,153.410,153.370,153.371
2026-09-09 05:53,153.371,153.384,153.350,153.357
2026-09-09 05:54,153.362,153.367,153.323,153.325
2026-09-09 05:55,153.329,153.331,153.292,153.308
2026-09-09 05:56,153.305,153.325,153.282,153.308
2026-09-09 05:57,153.315,153.327,153.283,153.313
2026-09-09 05:58,153.305,153.313,153.232,153.245
2026-09-09 05:59,153.247,153.300,153.228,153.300
2026-09-09 06:00,153.294,153.325,153.262,153.315
2026-09-09 06:01,153.315,153.325,153.232,153.238
2026-09-09 06:02,153.233,153.258,153.205,153.222
2026-09-09 06:03,153.241,153.246,153.198,153.210
2026-09-09 06:04,153.210,153.216,153.126,153.135
2026-09-09 06:05,153.136,153.155,153.105,153.150
2026-09-09 06:06,153.141,153.178,153.130,153.164
2026-09-09 06:07,153.169,153.196,153.141,153.196
2026-09-09 06:08,153.190,153.249,153.185,153.245
2026-09-09 06:09,153.237,153.246,153.212,153.214
2026-09-09 06:10,153.212,153.220,153.190,153.196
2026-09-09 06:11,153.190,153.197,153.141,153.147
2026-09-09 06:12,153.147,153.161,153.110,153.112
2026-09-09 06:13,153.112,153.134,153.090,153.101
2026-09-09 06:14,153.106,153.119,153.077,153.089
2026-09-09 06:15,153.084,153.092,153.047,153.053
2026-09-09 06:16,153.048,153.081,153.040,153.045
2026-09-09 06:17,153.045,153.059,153.034,153.045
2026-09-09 06:18,153.052,153.068,153.042,153.050
2026-09-09 06:19,153.056,153.096,153.045,153.082
2026-09-09 06:20,153.082,153.126,153.080,153.091
2026-09-09 06:21,153.091,153.103,153.007,153.012
2026-09-09 06:22,153.020,153.020,152.930,152.962
2026-09-09 06:23,152.960,153.065,152.960,153.035
2026-09-09 06:24,153.045,153.059,152.992,153.008
2026-09-09 06:25,153.004,153.066,152.986,153.060
2026-09-09 06:26,153.056,153.089,153.021,153.070
2026-09-09 06:27,153.077,153.103,153.067,153.094
2026-09-09 06:28,153.087,153.122,153.042,153.068
2026-09-09 06:29,153.071,153.147,153.064,153.138
2026-09-09 06:30,153.146,153.237,153.138,153.232
2026-09-09 06:31,153.221,153.253,153.199,153.226
2026-09-09 06:32,153.219,153.227,153.167,153.175
2026-09-09 06:33,153.174,153.236,153.170,153.207
2026-09-09 06:34,153.208,153.218,153.178,153.200
2026-09-09 06:35,153.197,153.243,153.197,153.226
2026-09-09 06:36,153.226,153.254,153.219,153.234
2026-09-09 06:37,153.240,153.240,153.195,153.225
2026-09-09 06:38,153.219,153.287,153.219,153.257
2026-09-09 06:39,153.256,153.266,153.238,153.254
2026-09-09 06:40,153.254,153.288,153.225,153.280
2026-09-09 06:41,153.282,153.334,153.278,153.321
2026-09-09 06:42,153.329,153.348,153.289,153.298
2026-09-09 06:43,153.295,153.352,153.292,153.341
2026-09-09 06:44,153.337,153.379,153.337,153.372
2026-09-09 06:45,153.366,153.393,153.350,153.373
2026-09-09 06:46,153.374,153.382,153.334,153.343
2026-09-09 06:47,153.345,153.359,153.305,153.325
2026-09-09 06:48,153.331,153.346,153.310,153.342
2026-09-09 06:49,153.332,153.343,153.312,153.333
2026-09-09 06:50,153.329,153.365,153.324,153.350
2026-09-09 06:51,153.357,153.360,153.310,153.316
2026-09-09 06:52,153.314,153.330,153.301,153.320
2026-09-09 06:53,153.322,153.327,153.291,153.302
2026-09-09 06:54,153.302,153.316,153.280,153.280
2026-09-09 06:55,153.284,153.289,153.250,153.258
2026-09-09 06:56,153.257,153.326,153.257,153.321
2026-09-09 06:57,153.315,153.331,153.277,153.287
2026-09-09 06:58,153.291,153.337,153.287,153.326
2026-09-09 06:59,153.326,153.345,153.318,153.338
2026-09-09 07:00,153.339,153.353,153.288,153.293
2026-09-09 07:01,153.292,153.300,153.253,153.272
2026-09-09 07:02,153.265,153.272,153.190,153.190
2026-09-09 07:03,153.194,153.238,153.181,153.228
2026-09-09 07:04,153.227,153.244,153.218,153.228
2026-09-09 07:05,153.221,153.248,153.196,153.230
2026-09-09 07:06,153.230,153.245,153.172,153.177
2026-09-09 07:07,153.182,153.211,153.155,153.187
2026-09-09 07:08,153.185,153.218,153.184,153.198
2026-09-09 07:09,153.206,153.225,153.157,153.175
2026-09-09 07:10,153.175,153.182,153.128,153.130
2026-09-09 07:11,153.137,153.145,153.090,153.095
2026-09-09 07:12,153.097,153.126,153.087,153.112
2026-09-09 07:13,153.108,153.135,153.087,153.104
2026-09-09 07:14,153.104,153.159,153.095,153.149
2026-09-09 07:15,153.154,153.200,153.122,153.174
2026-09-09 07:16,153.179,153.214,153.174,153.194
2026-09-09 07:17,153.189,153.202,153.164,153.166
2026-09-09 07:18,153.166,153.222,153.151,153.214
2026-09-09 07:19,153.214,153.269,153.214,153.264
2026-09-09 07:20,153.258,153.297,153.258,153.283
2026-09-09 07:21,153.283,153.313,153.271,153.282
2026-09-09 07:22,153.286,153.333,153.280,153.328
2026-09-09 07:23,153.328,153.361,153.326,153.338
2026-09-09 07:24,153.335,153.357,153.327,153.341
2026-09-09 07:25,153.342,153.354,153.313,153.335
2026-09-09 07:26,153.337,153.347,153.312,153.329
2026-09-09 07:27,153.321,153.331,153.295,153.310
2026-09-09 07:28,153.303,153.329,153.297,153.298
2026-09-09 07:29,153.298,153.309,153.244,153.293
2026-09-09 07:30,153.293,153.310,153.262,153.263
2026-09-09 07:31,153.265,153.273,153.230,153.252
2026-09-09 07:32,153.245,153.308,153.242,153.306
2026-09-09 07:33,153.301,153.372,153.301,153.337
2026-09-09 07:34,153.333,153.342,153.292,153.302
2026-09-09 07:35,153.306,153.322,153.258,153.265
2026-09-09 07:36,153.259,153.264,153.219,153.219
2026-09-09 07:37,153.223,153.234,153.214,153.227
2026-09-09 07:38,153.228,153.231,153.197,153.228
2026-09-09 07:39,153.229,153.229,153.175,153.178
2026-09-09 07:40,153.180,153.192,153.157,153.171
2026-09-09 07:41,153.163,153.193,153.155,153.156
2026-09-09 07:42,153.166,153.166,153.126,153.164
2026-09-09 07:43,153.163,153.219,153.159,153.199
2026-09-09 07:44,153.196,153.220,153.165,153.165
2026-09-09 07:45,153.168,153.185,153.161,153.173
2026-09-09 07:46,153.164,153.172,153.106,153.110
2026-09-09 07:47,153.108,153.176,153.100,153.170
2026-09-09 07:48,153.166,153.193,153.153,153.179
2026-09-09 07:49,153.176,153.184,153.155,153.155
2026-09-09 07:50,153.155,153.184,153.125,153.182
2026-09-09 07:51,153.179,153.235,153.172,153.234
2026-09-09 07:52,153.228,153.253,153.200,153.211
2026-09-09 07:53,153.215,153.224,153.196,153.212
2026-09-09 07:54,153.219,153.250,153.198,153.242
2026-09-09 07:55,153.246,153.247,153.201,153.205
2026-09-09 07:56,153.205,153.232,153.177,153.183
2026-09-09 07:57,153.177,153.182,153.102,153.114
2026-09-09 07:58,153.114,153.133,153.086,153.124
2026-09-09 07:59,153.121,153.149,153.092,153.103
2026-09-09 08:00,153.109,153.204,153.097,153.182
2026-09-09 08:01,153.183,153.228,153.175,153.225
2026-09-09 08:02,153.219,153.252,153.196,153.204
2026-09-09 08:03,153.206,153.253,153.200,153.217
2026-09-09 08:04,153.217,153.307,153.217,153.294
2026-09-09 08:05,153.289,153.336,153.288,153.310
2026-09-09 08:06,153.310,153.365,153.309,153.358
2026-09-09 08:07,153.355,153.384,153.332,153.351
2026-09-09 08:08,153.354,153.372,153.323,153.348
2026-09-09 08:09,153.347,153.365,153.324,153.331
2026-09-09 08:10,153.325,153.331,153.280,153.288
2026-09-09 08:11,153.287,153.312,153.265,153.299
2026-09-09 08:12,153.292,153.320,153.262,153.272
2026-09-09 08:13,153.269,153.355,153.263,153.355
2026-09-09 08:14,153.354,153.365,153.329,153.330
2026-09-09 08:15,153.329,153.350,153.324,153.350
2026-09-09 08:16,153.343,153.429,153.343,153.422
2026-09-09 08:17,153.413,153.449,153.411,153.415
2026-09-09 08:18,153.414,153.437,153.400,153.429
2026-09-09 08:19,153.434,153.442,153.367,153.368
2026-09-09 08:20,153.367,153.406,153.354,153.388
2026-09-09 08:21,153.383,153.410,153.362,153.403
2026-09-09 08:22,153.411,153.424,153.400,153.411
2026-09-09 08:23,153.410,153.444,153.408,153.436
2026-09-09 08:24,153.435,153.459,153.433,153.453
2026-09-09 08:25,153.448,153.485,153.425,153.445
2026-09-09 08:26,153.452,153.482,153.444,153.458
2026-09-09 08:27,153.466,153.498,153.458,153.494
2026-09-09 08:28,153.489,153.548,153.488,153.537
2026-09-09 08:29,153.536,153.560,153.526,153.542
2026-09-09 08:30,153.540,153.597,153.532,153.573
2026-09-09 08:31,153.575,153.587,153.552,153.578
2026-09-09 08:32,153.577,153.597,153.553,153.589
2026-09-09 08:33,153.589,153.645,153.589,153.637
2026-09-09 08:34,153.637,153.666,153.612,153.618
2026-09-09 08:35,153.615,153.643,153.608,153.633
2026-09-09 08:36,153.635,153.640,153.601,153.604
2026-09-09 08:37,153.604,153.637,153.602,153.609
2026-09-09 08:38,153.613,153.640,153.606,153.627
2026-09-09 08:39,153.623,153.651,153.601,153.606
2026-09-09 08:40,153.606,153.641,153.606,153.617
2026-09-09 08:41,153.617,153.635,153.602,153.620
2026-09-09 08:42,153.620,153.627,153.577,153.627
2026-09-09 08:43,153.618,153.650,153.595,153.632
2026-09-09 08:44,153.641,153.652,153.596,153.599
2026-09-09 08:45,153.602,153.615,153.558,153.570
2026-09-09 08:46,153.564,153.601,153.557,153.576
2026-09-09 08:47,153.576,153.585,153.549,153.554
2026-09-09 08:48,153.552,153.587,153.537,153.568
2026-09-09 08:49,153.578,153.612,153.569,153.573
2026-09-09 08:50,153.573,153.584,153.543,153.560
2026-09-09 08:51,153.566,153.578,153.539,153.578
2026-09-09 08:52,153.572,153.579,153.560,153.562
2026-09-09 08:53,153.562,153.590,153.561,153.581
2026-09-09 08:54,153.581,153.602,153.579,153.601
2026-09-09 08:55,153.601,153.602,153.553,153.572
2026-09-09 08:56,153.577,153.602,153.571,153.594
2026-09-09 08:57,153.594,153.646,153.577,153.634
2026-09-09 08:58,153.633,153.675,153.616,153.670
2026-09-09 08:59,153.669,153.682,153.643,153.655
2026-09-09 09:00,153.642,153.657,153.632,153.651
2026-09-09 09:01,153.647,153.661,153.608,153.624
2026-09-09 09:02,153.628,153.641,153.601,153.614
2026-09-09 09:03,153.611,153.621,153.611,153.613
2026-09-09 09:04,153.612,153.620,153.573,153.573
2026-09-09 09:05,153.573,153.593,153.571,153.575
2026-09-09 09:06,153.580,153.589,153.562,153.582
2026-09-09 09:07,153.582,153.589,153.560,153.562
2026-09-09 09:08,153.553,153.602,153.551,153.595
2026-09-09 09:09,153.595,153.618,153.593,153.612
2026-09-09 09:10,153.607,153.640,153.605,153.612
2026-09-09 09:11,153.612,153.636,153.612,153.620
2026-09-09 09:12,153.623,153.628,153.604,153.608
2026-09-09 09:13,153.604,153.619,153.573,153.594
2026-09-09 09:14,153.594,153.614,153.563,153.563
2026-09-09 09:15,153.568,153.571,153.537,153.544
2026-09-09 09:16,153.550,153.566,153.543,153.549
2026-09-09 09:17,153.549,153.555,153.538,153.555
2026-09-09 09:18,153.549,153.593,153.549,153.584
2026-09-09 09:19,153.584,153.591,153.561,153.574
2026-09-09 09:20,153.574,153.582,153.562,153.570
2026-09-09 09:21,153.561,153.569,153.513,153.526
2026-09-09 09:22,153.526,153.546,153.523,153.541
2026-09-09 09:23,153.538,153.547,153.515,153.528
2026-09-09 09:24,153.525,153.535,153.513,153.517
2026-09-09 09:25,153.517,153.526,153.487,153.507
2026-09-09 09:26,153.507,153.516,153.486,153.489
2026-09-09 09:27,153.490,153.496,153.468,153.487
2026-09-09 09:28,153.495,153.495,153.470,153.482
2026-09-09 09:29,153.482,153.490,153.467,153.471
2026-09-09 09:30,153.477,153.506,153.468,153.483
2026-09-09 09:31,153.472,153.506,153.458,153.490
2026-09-09 09:32,153.490,153.497,153.467,153.490
2026-09-09 09:33,153.490,153.503,153.483,153.493
2026-09-09 09:34,153.501,153.507,153.473,153.487
2026-09-09 09:35,153.494,153.521,153.484,153.511
2026-09-09 09:36,153.519,153.520,153.492,153.507
2026-09-09 09:37,153.506,153.506,153.470,153.476
2026-09-09 09:38,153.473,153.485,153.466,153.477
2026-09-09 09:39,153.477,153.488,153.470,153.481
2026-09-09 09:40,153.481,153.490,153.449,153.452
2026-09-09 09:41,153.457,153.478,153.445,153.457
2026-09-09 09:42,153.465,153.471,153.445,153.461
2026-09-09 09:43,153.453,153.459,153.431,153.432
2026-09-09 09:44,153.432,153.437,153.410,153.421
2026-09-09 09:45,153.418,153.459,153.407,153.459
2026-09-09 09:46,153.453,153.473,153.450,153.462
2026-09-09 09:47,153.462,153.481,153.453,153.474
2026-09-09 09:48,153.480,153.509,153.474,153.497
2026-09-09 09:49,153.497,153.526,153.497,153.517
2026-09-09 09:50,153.525,153.549,153.516,153.538
2026-09-09 09:51,153.540,153.563,153.537,153.541
2026-09-09 09:52,153.541,153.581,153.539,153.565
2026-09-09 09:53,153.565,153.583,153.564,153.565
2026-09-09 09:54,153.569,153.593,153.565,153.583
2026-09-09 09:55,153.583,153.619,153.565,153.610
2026-09-09 09:56,153.618,153.630,153.591,153.605
2026-09-09 09:57,153.608,153.642,153.589,153.638
2026-09-09 09:58,153.636,153.650,153.624,153.648
2026-09-09 09:59,153.643,153.664,153.640,153.648
2026-09-09 10:00,153.640,153.648,153.592,153.604
2026-09-09 10:01,153.602,153.649,153.601,153.640
2026-09-09 10:02,153.640,153.664,153.625,153.658
2026-09-09 10:03,153.660,153.662,153.630,153.632
2026-09-09 10:04,153.632,153.637,153.595,153.601
2026-09-09 10:05,153.606,153.616,153.596,153.606
2026-09-09 10:06,153.597,153.615,153.589,153.589
2026-09-09 10:07,153.589,153.606,153.588,153.596
2026-09-09 10:08,153.600,153.626,153.588,153.616
2026-09-09 10:09,153.616,153.646,153.616,153.639
2026-09-09 10:10,153.640,153.641,153.586,153.597
2026-09-09 10:11,153.605,153.608,153.585,153.600
2026-09-09 10:12,153.600,153.617,153.600,153.610
2026-09-09 10:13,153.605,153.644,153.605,153.628
2026-09-09 10:14,153.632,153.683,153.629,153.658
2026-09-09 10:15,153.658,153.703,153.650,153.689
2026-09-09 10:16,153.696,153.728,153.684,153.702
2026-09-09 10:17,153.701,153.716,153.658,153.662
2026-09-09 10:18,153.667,153.682,153.652,153.663
2026-09-09 10:19,153.653,153.679,153.652,153.671
2026-09-09 10:20,153.666,153.675,153.624,153.632
2026-09-09 10:21,153.624,153.632,153.601,153.607
2026-09-09 10:22,153.601,153.608,153.574,153.578
2026-09-09 10:23,153.578,153.589,153.568,153.568
2026-09-09 10:24,153.577,153.615,153.570,153.599
2026-09-09 10:25,153.597,153.616,153.594,153.598
2026-09-09 10:26,153.602,153.607,153.565,153.566
2026-09-09 10:27,153.566,153.578,153.554,153.555
2026-09-09 10:28,153.555,153.566,153.524,153.553
2026-09-09 10:29,153.554,153.579,153.552,153.562
2026-09-09 10:30,153.562,153.590,153.562,153.566
2026-09-09 10:31,153.571,153.590,153.561,153.581
2026-09-09 10:32,153.584,153.602,153.576,153.581
2026-09-09 10:33,153.584,153.584,153.535,153.541
2026-09-09 10:34,153.544,153.547,153.511,153.522
2026-09-09 10:35,153.513,153.531,153.507,153.513
2026-09-09 10:36,153.513,153.544,153.507,153.536
2026-09-09 10:37,153.536,153.544,153.505,153.510
2026-09-09 10:38,153.507,153.515,153.481,153.497
2026-09-09 10:39,153.494,153.531,153.492,153.522
2026-09-09 10:40,153.531,153.544,153.517,153.535
2026-09-09 10:41,153.542,153.568,153.535,153.560
2026-09-09 10:42,153.560,153.579,153.557,153.565
2026-09-09 10:43,153.562,153.582,153.537,153.579
2026-09-09 10:44,153.574,153.618,153.574,153.609
2026-09-09 10:45,153.612,153.628,153.600,153.617
2026-09-09 10:46,153.616,153.620,153.539,153.553
2026-09-09 10:47,153.546,153.560,153.536,153.538
2026-09-09 10:48,153.540,153.545,153.526,153.537
2026-09-09 10:49,153.535,153.544,153.515,153.523
2026-09-09 10:50,153.527,153.532,153.502,153.510
2026-09-09 10:51,153.510,153.558,153.508,153.540
2026-09-09 10:52,153.545,153.547,153.504,153.512
2026-09-09 10:53,153.509,153.537,153.490,153.527
2026-09-09 10:54,153.527,153.549,153.495,153.540
2026-09-09 10:55,153.540,153.554,153.528,153.528
2026-09-09 10:56,153.537,153.565,153.528,153.547
2026-09-09 10:57,153.551,153.573,153.547,153.559
2026-09-09 10:58,153.555,153.579,153.555,153.577
2026-09-09 10:59,153.573,153.579,153.545,153.549
2026-09-09 11:00,153.553,153.566,153.537,153.543
2026-09-09 11:01,153.539,153.583,153.539,153.566
2026-09-09 11:02,153.563,153.577,153.540,153.566
2026-09-09 11:03,153.562,153.570,153.523,153.524
2026-09-09 11:04,153.524,153.535,153.487,153.492
2026-09-09 11:05,153.492,153.501,153.470,153.489
2026-09-09 11:06,153.489,153.500,153.471,153.476
2026-09-09 11:07,153.476,153.511,153.476,153.497
2026-09-09 11:08,153.497,153.505,153.457,153.467
2026-09-09 11:09,153.470,153.476,153.447,153.456
2026-09-09 11:10,153.455,153.465,153.433,153.456
2026-09-09 11:11,153.456,153.474,153.437,153.447
2026-09-09 11:12,153.447,153.462,153.439,153.450
2026-09-09 11:13,153.444,153.463,153.444,153.458
2026-09-09 11:14,153.454,153.465,153.441,153.457
2026-09-09 11:15,153.456,153.476,153.445,153.465
2026-09-09 11:16,153.462,153.476,153.457,153.467
2026-09-09 11:17,153.467,153.501,153.465,153.499
2026-09-09 11:18,153.496,153.498,153.434,153.442
2026-09-09 11:19,153.436,153.444,153.406,153.408
2026-09-09 11:20,153.408,153.437,153.408,153.433
2026-09-09 11:21,153.430,153.441,153.420,153.426
2026-09-09 11:22,153.421,153.431,153.409,153.418
2026-09-09 11:23,153.414,153.428,153.413,153.416
2026-09-09 11:24,153.413,153.422,153.406,153.409
2026-09-09 11:25,153.409,153.416,153.375,153.383
2026-09-09 11:26,153.388,153.391,153.355,153.380
2026-09-09 11:27,153.380,153.390,153.365,153.366
2026-09-09 11:28,153.366,153.376,153.350,153.351
2026-09-09 11:29,153.357,153.360,153.316,153.323
2026-09-09 11:30,153.329,153.373,153.317,153.350
2026-09-09 11:31,153.352,153.391,153.348,153.377
2026-09-09 11:32,153.377,153.392,153.305,153.313
2026-09-09 11:33,153.306,153.318,153.296,153.298
2026-09-09 11:34,153.298,153.319,153.298,153.313
2026-09-09 11:35,153.310,153.328,153.298,153.312
2026-09-09 11:36,153.316,153.329,153.303,153.325
2026-09-09 11:37,153.326,153.364,153.325,153.334
2026-09-09 11:38,153.334,153.355,153.314,153.335
2026-09-09 11:39,153.342,153.357,153.333,153.340
2026-09-09 11:40,153.335,153.354,153.328,153.336
2026-09-09 11:41,153.343,153.363,153.334,153.337
2026-09-09 11:42,153.344,153.370,153.315,153.362
2026-09-09 11:43,153.367,153.390,153.362,153.370
2026-09-09 11:44,153.370,153.378,153.360,153.366
2026-09-09 11:45,153.363,153.371,153.335,153.351
2026-09-09 11:46,153.354,153.361,153.329,153.352
2026-09-09 11:47,153.356,153.360,153.328,153.341
2026-09-09 11:48,153.335,153.345,153.306,153.308
2026-09-09 11:49,153.306,153.309,153.249,153.260
2026-09-09 11:50,153.257,153.287,153.234,153.280
2026-09-09 11:51,153.288,153.315,153.273,153.303
2026-09-09 11:52,153.303,153.323,153.294,153.309
2026-09-09 11:53,153.312,153.314,153.291,153.296
2026-09-09 11:54,153.297,153.297,153.268,153.283
2026-09-09 11:55,153.278,153.292,153.265,153.275
2026-09-09 11:56,153.274,153.276,153.236,153.246
2026-09-09 11:57,153.243,153.249,153.200,153.202
2026-09-09 11:58,153.205,153.235,153.188,153.227
2026-09-09 11:59,153.228,153.246,153.223,153.225
2026-09-09 12:00,153.228,153.238,153.190,153.198
2026-09-09 12:01,153.198,153.250,153.198,153.245
2026-09-09 12:02,153.241,153.288,153.233,153.275
2026-09-09 12:03,153.276,153.280,153.234,153.240
2026-09-09 12:04,153.238,153.267,153.235,153.240
2026-09-09 12:05,153.238,153.285,153.219,153.270
2026-09-09 12:06,153.270,153.326,153.269,153.316
2026-09-09 12:07,153.318,153.325,153.290,153.298
2026-09-09 12:08,153.299,153.303,153.270,153.290
2026-09-09 12:09,153.285,153.290,153.255,153.258
2026-09-09 12:10,153.256,153.312,153.252,153.307
2026-09-09 12:11,153.300,153.308,153.277,153.294
2026-09-09 12:12,153.299,153.315,153.279,153.286
2026-09-09 12:13,153.293,153.296,153.262,153.268
2026-09-09 12:14,153.275,153.290,153.258,153.280
2026-09-09 12:15,153.280,153.326,153.279,153.317
2026-09-09 12:16,153.317,153.348,153.310,153.329
2026-09-09 12:17,153.330,153.338,153.315,153.322
2026-09-09 12:18,153.324,153.336,153.315,153.328
2026-09-09 12:19,153.327,153.334,153.284,153.291
2026-09-09 12:20,153.288,153.328,153.263,153.300
2026-09-09 12:21,153.300,153.329,153.299,153.315
2026-09-09 12:22,153.316,153.352,153.297,153.338
2026-09-09 12:23,153.332,153.383,153.332,153.363
2026-09-09 12:24,153.369,153.391,153.341,153.350
2026-09-09 12:25,153.356,153.367,153.338,153.346
2026-09-09 12:26,153.340,153.390,153.330,153.382
2026-09-09 12:27,153.383,153.418,153.365,153.400
2026-09-09 12:28,153.400,153.445,153.393,153.433
2026-09-09 12:29,153.432,153.451,153.423,153.428
2026-09-09 12:30,153.432,153.469,153.422,153.460
2026-09-09 12:31,153.463,153.473,153.436,153.472
2026-09-09 12:32,153.464,153.486,153.434,153.442
2026-09-09 12:33,153.435,153.456,153.431,153.448
2026-09-09 12:34,153.440,153.455,153.435,153.439
2026-09-09 12:35,153.447,153.449,153.387,153.407
2026-09-09 12:36,153.400,153.411,153.342,153.346
2026-09-09 12:37,153.342,153.372,153.342,153.357
2026-09-09 12:38,153.353,153.367,153.348,153.348
2026-09-09 12:39,153.348,153.392,153.348,153.375
2026-09-09 12:40,153.374,153.409,153.358,153.407
2026-09-09 12:41,153.399,153.407,153.380,153.400
2026-09-09 12:42,153.396,153.399,153.362,153.376
2026-09-09 12:43,153.372,153.383,153.358,153.370
2026-09-09 12:44,153.371,153.390,153.366,153.375
2026-09-09 12:45,153.377,153.381,153.312,153.319
2026-09-09 12:46,153.321,153.337,153.305,153.314
2026-09-09 12:47,153.314,153.325,153.305,153.321
2026-09-09 12:48,153.322,153.328,153.301,153.318
2026-09-09 12:49,153.313,153.345,153.313,153.345
2026-09-09 12:50,153.346,153.349,153.322,153.324
2026-09-09 12:51,153.324,153.370,153.324,153.370
2026-09-09 12:52,153.367,153.379,153.315,153.333
2026-09-09 12:53,153.330,153.377,153.318,153.374
2026-09-09 12:54,153.375,153.382,153.344,153.369
2026-09-09 12:55,153.379,153.383,153.367,153.377
2026-09-09 12:56,153.371,153.384,153.357,153.360
2026-09-09 12:57,153.369,153.369,153.338,153.363
2026-09-09 12:58,153.362,153.377,153.340,153.341
2026-09-09 12:59,153.340,153.356,153.332,153.334
2026-09-09 13:00,153.324,153.353,153.306,153.310
2026-09-09 13:01,153.306,153.336,153.306,153.325
2026-09-09 13:02,153.328,153.333,153.269,153.281
2026-09-09 13:03,153.275,153.311,153.257,153.301
2026-09-09 13:04,153.301,153.317,153.288,153.304
2026-09-09 13:05,153.299,153.317,153.291,153.295
2026-09-09 13:06,153.295,153.312,153.280,153.296
2026-09-09 13:07,153.293,153.308,153.287,153.301
2026-09-09 13:08,153.294,153.308,153.273,153.281
2026-09-09 13:09,153.275,153.283,153.252,153.273
2026-09-09 13:10,153.273,153.305,153.270,153.276
2026-09-09 13:11,153.276,153.303,153.275,153.289
2026-09-09 13:12,153.292,153.297,153.251,153.257
2026-09-09 13:13,153.261,153.280,153.250,153.262
2026-09-09 13:14,153.256,153.264,153.241,153.256
2026-09-09 13:15,153.258,153.277,153.254,153.261
2026-09-09 13:16,153.268,153.274,153.243,153.264
2026-09-09 13:17,153.264,153.331,153.255,153.324
2026-09-09 13:18,153.327,153.331,153.303,153.311
2026-09-09 13:19,153.307,153.318,153.259,153.261
2026-09-09 13:20,153.261,153.297,153.259,153.287
2026-09-09 13:21,153.287,153.297,153.269,153.293
2026-09-09 13:22,153.290,153.318,153.288,153.311
2026-09-09 13:23,153.311,153.360,153.311,153.348
2026-09-09 13:24,153.347,153.359,153.317,153.317
2026-09-09 13:25,153.317,153.345,153.312,153.329
2026-09-09 13:26,153.329,153.337,153.313,153.313
2026-09-09 13:27,153.320,153.344,153.302,153.336
2026-09-09 13:28,153.336,153.342,153.302,153.312
2026-09-09 13:29,153.312,153.332,153.305,153.332
2026-09-09 13:30,153.324,153.356,153.308,153.347
2026-09-09 13:31,153.351,153.376,153.341,153.363
2026-09-09 13:32,153.355,153.364,153.322,153.339
2026-09-09 13:33,153.338,153.347,153.298,153.324
2026-09-09 13:34,153.327,153.356,153.325,153.333
2026-09-09 13:35,153.333,153.351,153.323,153.330
2026-09-09 13:36,153.323,153.373,153.318,153.365
2026-09-09 13:37,153.370,153.402,153.365,153.389
2026-09-09 13:38,153.384,153.411,153.374,153.389
2026-09-09 13:39,153.389,153.397,153.345,153.347
2026-09-09 13:40,153.346,153.409,153.340,153.391
2026-09-09 13:41,153.397,153.416,153.390,153.415
2026-09-09 13:42,153.408,153.447,153.401,153.420
2026-09-09 13:43,153.424,153.430,153.379,153.389
2026-09-09 13:44,153.390,153.395,153.350,153.357
2026-09-09 13:45,153.354,153.377,153.351,153.374
2026-09-09 13:46,153.372,153.391,153.278,153.295
2026-09-09 13:47,153.290,153.300,153.256,153.262
2026-09-09 13:48,153.258,153.263,153.230,153.247
2026-09-09 13:49,153.243,153.271,153.231,153.271
2026-09-09 13:50,153.266,153.283,153.244,153.263
2026-09-09 13:51,153.261,153.293,153.260,153.275
2026-09-09 13:52,153.272,153.313,153.268,153.304
2026-09-09 13:53,153.309,153.325,153.284,153.287
2026-09-09 13:54,153.293,153.346,153.287,153.346
2026-09-09 13:55,153.340,153.345,153.293,153.295
2026-09-09 13:56,153.296,153.315,153.288,153.308
2026-09-09 13:57,153.308,153.324,153.308,153.315
2026-09-09 13:58,153.319,153.323,153.299,153.300
2026-09-09 13:59,153.303,153.311,153.273,153.279
2026-09-09 14:00,153.279,153.305,153.260,153.271
2026-09-09 14:01,153.276,153.282,153.243,153.248
2026-09-09 14:02,153.248,153.258,153.208,153.232
2026-09-09 14:03,153.236,153.251,153.185,153.185
2026-09-09 14:04,153.186,153.196,153.133,153.173
2026-09-09 14:05,153.173,153.186,153.116,153.150
2026-09-09 14:06,153.150,153.179,153.143,153.152
2026-09-09 14:07,153.147,153.179,153.146,153.166
2026-09-09 14:08,153.165,153.166,153.111,153.118
2026-09-09 14:09,153.122,153.153,153.116,153.133
2026-09-09 14:10,153.127,153.163,153.103,153.155
2026-09-09 14:11,153.157,153.171,153.127,153.158
2026-09-09 14:12,153.153,153.182,153.144,153.167
2026-09-09 14:13,153.160,153.178,153.139,153.158
2026-09-09 14:14,153.150,153.163,153.098,153.107
2026-09-09 14:15,153.099,153.148,153.096,153.135
2026-09-09 14:16,153.138,153.223,153.138,153.205
2026-09-09 14:17,153.195,153.206,153.175,153.184
2026-09-09 14:18,153.174,153.199,153.160,153.171
2026-09-09 14:19,153.171,153.202,153.163,153.174
2026-09-09 14:20,153.172,153.227,153.162,153.218
2026-09-09 14:21,153.224,153.241,153.200,153.200
2026-09-09 14:22,153.202,153.239,153.181,153.236
2026-09-09 14:23,153.233,153.254,153.202,153.251
2026-09-09 14:24,153.245,153.309,153.236,153.306
2026-09-09 14:25,153.310,153.327,153.260,153.260
2026-09-09 14:26,153.267,153.267,153.227,153.240
2026-09-09 14:27,153.240,153.244,153.210,153.237
2026-09-09 14:28,153.242,153.251,153.229,153.244
2026-09-09 14:29,153.238,153.247,153.215,153.228
2026-09-09 14:30,153.229,153.253,153.227,153.235
2026-09-09 14:31,153.229,153.265,153.227,153.231
2026-09-09 14:32,153.234,153.275,153.226,153.265
2026-09-09 14:33,153.266,153.278,153.242,153.248
2026-09-09 14:34,153.243,153.261,153.241,153.252
2026-09-09 14:35,153.258,153.262,153.217,153.220
2026-09-09 14:36,153.220,153.224,153.187,153.193
2026-09-09 14:37,153.195,153.198,153.161,153.169
2026-09-09 14:38,153.169,153.205,153.166,153.199
2026-09-09 14:39,153.200,153.205,153.175,153.199
2026-09-09 14:40,153.198,153.263,153.197,153.258
2026-09-09 14:41,153.256,153.278,153.237,153.243
2026-09-09 14:42,153.238,153.266,153.224,153.265
2026-09-09 14:43,153.261,153.277,153.247,153.264
2026-09-09 14:44,153.262,153.316,153.258,153.308
2026-09-09 14:45,153.308,153.337,153.294,153.312
2026-09-09 14:46,153.312,153.330,153.303,153.317
2026-09-09 14:47,153.316,153.334,153.300,153.311
2026-09-09 14:48,153.311,153.322,153.283,153.285
2026-09-09 14:49,153.290,153.291,153.257,153.258
2026-09-09 14:50,153.257,153.270,153.229,153.238
2026-09-09 14:51,153.238,153.304,153.227,153.297
2026-09-09 14:52,153.297,153.347,153.296,153.340
2026-09-09 14:53,153.334,153.340,153.277,153.301
2026-09-09 14:54,153.298,153.301,153.240,153.250
2026-09-09 14:55,153.244,153.274,153.201,153.268
2026-09-09 14:56,153.263,153.269,153.223,153.234
2026-09-09 14:57,153.237,153.263,153.218,153.228
2026-09-09 14:58,153.231,153.257,153.212,153.212
2026-09-09 14:59,153.213,153.219,153.187,153.197
2026-09-09 15:00,153.197,153.256,153.157,153.175
2026-09-09 15:01,153.175,153.485,153.144,153.385
2026-09-09 15:02,153.387,153.411,153.332,153.342
2026-09-09 15:03,153.348,153.389,153.326,153.350
2026-09-09 15:04,153.358,153.508,153.350,153.507
2026-09-09 15:05,153.511,153.639,153.495,153.630
2026-09-09 15:06,153.626,153.664,153.556,153.625
2026-09-09 15:07,153.618,153.647,153.579,153.586
2026-09-09 15:08,153.581,153.665,153.545,153.598
2026-09-09 15:09,153.598,153.622,153.576,153.594
2026-09-09 15:10,153.589,153.625,153.555,153.573
2026-09-09 15:11,153.575,153.681,153.568,153.679
2026-09-09 15:12,153.675,153.761,153.671,153.754
2026-09-09 15:13,153.754,153.781,153.722,153.759
2026-09-09 15:14,153.759,153.801,153.748,153.764
2026-09-09 15:15,153.771,153.793,153.749,153.761
2026-09-09 15:16,153.758,153.758,153.692,153.718
2026-09-09 15:17,153.716,153.762,153.691,153.748
2026-09-09 15:18,153.749,153.788,153.735,153.782
2026-09-09 15:19,153.789,153.790,153.745,153.758
2026-09-09 15:20,153.757,153.772,153.719,153.720
2026-09-09 15:21,153.725,153.729,153.678,153.698
2026-09-09 15:22,153.701,153.752,153.689,153.751
2026-09-09 15:23,153.746,153.752,153.704,153.737
2026-09-09 15:24,153.733,153.747,153.678,153.680
2026-09-09 15:25,153.680,153.687,153.620,153.641
2026-09-09 15:26,153.640,153.676,153.617,153.636
2026-09-09 15:27,153.636,153.647,153.615,153.632
2026-09-09 15:28,153.641,153.643,153.599,153.599
2026-09-09 15:29,153.605,153.609,153.562,153.570
2026-09-09 15:30,153.570,153.596,153.555,153.579
2026-09-09 15:31,153.583,153.592,153.540,153.550
2026-09-09 15:32,153.548,153.565,153.484,153.510
2026-09-09 15:33,153.514,153.533,153.480,153.487
2026-09-09 15:34,153.489,153.503,153.451,153.467
2026-09-09 15:35,153.468,153.469,153.387,153.400
2026-09-09 15:36,153.407,153.407,153.350,153.387
2026-09-09 15:37,153.386,153.417,153.375,153.394
2026-09-09 15:38,153.394,153.442,153.384,153.413
2026-09-09 15:39,153.420,153.436,153.297,153.317
2026-09-09 15:40,153.329,153.422,153.319,153.397
2026-09-09 15:41,153.390,153.416,153.385,153.410
2026-09-09 15:42,153.411,153.422,153.383,153.398
2026-09-09 15:43,153.396,153.422,153.388,153.408
2026-09-09 15:44,153.407,153.448,153.394,153.447
2026-09-09 15:45,153.440,153.448,153.409,153.420
2026-09-09 15:46,153.428,153.431,153.406,153.419
2026-09-09 15:47,153.419,153.459,153.419,153.453
2026-09-09 15:48,153.447,153.501,153.443,153.491
2026-09-09 15:49,153.498,153.532,153.491,153.505
2026-09-09 15:50,153.500,153.509,153.430,153.436
2026-09-09 15:51,153.435,153.473,153.415,153.471
2026-09-09 15:52,153.466,153.533,153.466,153.507
2026-09-09 15:53,153.512,153.518,153.490,153.498
2026-09-09 15:54,153.494,153.511,153.485,153.501
2026-09-09 15:55,153.497,153.516,153.483,153.495
2026-09-09 15:56,153.495,153.518,153.482,153.517
2026-09-09 15:57,153.516,153.542,153.510,153.535
2026-09-09 15:58,153.540,153.543,153.435,153.475
2026-09-09 15:59,153.477,153.542,153.477,153.534
2026-09-09 16:00,153.534,153.540,153.511,153.516
2026-09-09 16:01,153.516,153.545,153.502,153.526
2026-09-09 16:02,153.526,153.535,153.467,153.485
2026-09-09 16:03,153.490,153.492,153.456,153.460
2026-09-09 16:04,153.460,153.471,153.435,153.442
2026-09-09 16:05,153.434,153.453,153.425,153.426
2026-09-09 16:06,153.429,153.454,153.419,153.446
2026-09-09 16:07,153.447,153.499,153.440,153.497
2026-09-09 16:08,153.492,153.573,153.475,153.542
2026-09-09 16:09,153.547,153.552,153.510,153.529
2026-09-09 16:10,153.528,153.543,153.506,153.528
2026-09-09 16:11,153.532,153.549,153.511,153.511
2026-09-09 16:12,153.517,153.539,153.511,153.534
2026-09-09 16:13,153.532,153.547,153.516,153.523
2026-09-09 16:14,153.518,153.537,153.516,153.521
2026-09-09 16:15,153.519,153.571,153.513,153.565
2026-09-09 16:16,153.568,153.602,153.565,153.592
2026-09-09 16:17,153.587,153.645,153.587,153.635
2026-09-09 16:18,153.635,153.685,153.635,153.675
2026-09-09 16:19,153.678,153.684,153.647,153.656
2026-09-09 16:20,153.655,153.664,153.611,153.632
2026-09-09 16:21,153.634,153.643,153.623,153.643
2026-09-09 16:22,153.642,153.656,153.636,153.647
2026-09-09 16:23,153.650,153.660,153.612,153.614
2026-09-09 16:24,153.612,153.625,153.581,153.603
2026-09-09 16:25,153.609,153.614,153.565,153.594
2026-09-09 16:26,153.593,153.601,153.569,153.586
2026-09-09 16:27,153.589,153.616,153.585,153.597
2026-09-09 16:28,153.591,153.641,153.591,153.627
2026-09-09 16:29,153.633,153.635,153.610,153.610
2026-09-09 16:30,153.610,153.633,153.595,153.599
2026-09-09 16:31,153.600,153.609,153.573,153.576
2026-09-09 16:32,153.576,153.608,153.575,153.586
2026-09-09 16:33,153.583,153.593,153.560,153.563
2026-09-09 16:34,153.563,153.574,153.541,153.569
2026-09-09 16:35,153.566,153.584,153.548,153.577
2026-09-09 16:36,153.578,153.586,153.553,153.559
2026-09-09 16:37,153.560,153.571,153.554,153.558
2026-09-09 16:38,153.561,153.567,153.524,153.553
2026-09-09 16:39,153.555,153.560,153.535,153.540
2026-09-09 16:40,153.537,153.548,153.513,153.528
2026-09-09 16:41,153.534,153.535,153.514,153.520
2026-09-09 16:42,153.518,153.533,153.505,153.513
2026-09-09 16:43,153.505,153.524,153.504,153.517
2026-09-09 16:44,153.517,153.532,153.509,153.527
2026-09-09 16:45,153.527,153.534,153.502,153.510
2026-09-09 16:46,153.512,153.512,153.471,153.478
2026-09-09 16:47,153.483,153.508,153.476,153.496
2026-09-09 16:48,153.489,153.502,153.480,153.497
2026-09-09 16:49,153.493,153.508,153.482,153.497
2026-09-09 16:50,153.502,153.513,153.478,153.511
2026-09-09 16:51,153.505,153.518,153.499,153.503
2026-09-09 16:52,153.512,153.544,153.502,153.529
2026-09-09 16:53,153.535,153.539,153.526,153.528
2026-09-09 16:54,153.527,153.554,153.521,153.528
2026-09-09 16:55,153.527,153.579,153.527,153.552
2026-09-09 16:56,153.551,153.574,153.547,153.571
2026-09-09 16:57,153.567,153.574,153.544,153.552
2026-09-09 16:58,153.551,153.564,153.535,153.553
2026-09-09 16:59,153.553,153.578,153.553,153.571
2026-09-09 17:00,153.571,153.591,153.553,153.560
2026-09-09 17:01,153.556,153.578,153.554,153.557
2026-09-09 17:02,153.558,153.572,153.507,153.538
2026-09-09 17:03,153.538,153.544,153.518,153.520
2026-09-09 17:04,153.527,153.528,153.497,153.508
2026-09-09 17:05,153.510,153.516,153.481,153.495
2026-09-09 17:06,153.494,153.518,153.479,153.514
2026-09-09 17:07,153.516,153.526,153.500,153.506
2026-09-09 17:08,153.506,153.525,153.496,153.524
2026-09-09 17:09,153.522,153.530,153.505,153.515
2026-09-09 17:10,153.510,153.519,153.481,153.485
2026-09-09 17:11,153.491,153.507,153.475,153.504
2026-09-09 17:12,153.501,153.511,153.483,153.485
2026-09-09 17:13,153.490,153.495,153.468,153.471
2026-09-09 17:14,153.471,153.491,153.459,153.491
2026-09-09 17:15,153.491,153.525,153.490,153.498
2026-09-09 17:16,153.502,153.518,153.492,153.504
2026-09-09 17:17,153.502,153.516,153.495,153.507
2026-09-09 17:18,153.509,153.514,153.494,153.509
2026-09-09 17:19,153.509,153.530,153.502,153.528
2026-09-09 17:20,153.534,153.536,153.493,153.498
2026-09-09 17:21,153.497,153.504,153.476,153.482
2026-09-09 17:22,153.480,153.511,153.480,153.499
2026-09-09 17:23,153.500,153.526,153.498,153.517
2026-09-09 17:24,153.517,153.524,153.508,153.518
2026-09-09 17:25,153.517,153.526,153.506,153.519
2026-09-09 17:26,153.519,153.532,153.507,153.523
2026-09-09 17:27,153.527,153.533,153.512,153.532
2026-09-09 17:28,153.528,153.540,153.508,153.508
2026-09-09 17:29,153.515,153.521,153.498,153.511
2026-09-09 17:30,153.512,153.546,153.505,153.536
2026-09-09 17:31,153.536,153.547,153.529,153.530
2026-09-09 17:32,153.531,153.539,153.511,153.523
2026-09-09 17:33,153.520,153.523,153.494,153.498
2026-09-09 17:34,153.498,153.525,153.496,153.515
2026-09-09 17:35,153.516,153.550,153.508,153.544
2026-09-09 17:36,153.541,153.560,153.538,153.556
2026-09-09 17:37,153.559,153.582,153.552,153.578
2026-09-09 17:38,153.578,153.597,153.565,153.589
2026-09-09 17:39,153.588,153.592,153.564,153.569
2026-09-09 17:40,153.566,153.571,153.525,153.532
2026-09-09 17:41,153.536,153.541,153.510,153.514
2026-09-09 17:42,153.513,153.518,153.494,153.507
2026-09-09 17:43,153.506,153.513,153.482,153.494
2026-09-09 17:44,153.495,153.495,153.458,153.476
2026-09-09 17:45,153.471,153.488,153.458,153.475
2026-09-09 17:46,153.473,153.511,153.473,153.503
2026-09-09 17:47,153.505,153.505,153.480,153.485
2026-09-09 17:48,153.491,153.492,153.478,153.478
2026-09-09 17:49,153.478,153.492,153.470,153.479
2026-09-09 17:50,153.474,153.482,153.462,153.468
2026-09-09 17:51,153.462,153.487,153.461,153.472
2026-09-09 17:52,153.474,153.498,153.462,153.488
2026-09-09 17:53,153.493,153.497,153.485,153.489
2026-09-09 17:54,153.486,153.501,153.483,153.497
2026-09-09 17:55,153.497,153.514,153.472,153.476
2026-09-09 17:56,153.475,153.491,153.472,153.473
2026-09-09 17:57,153.473,153.494,153.470,153.470
2026-09-09 17:58,153.467,153.480,153.458,153.463
2026-09-09 17:59,153.463,153.473,153.463,153.467
2026-09-09 18:00,153.465,153.477,153.450,153.462
2026-09-09 18:01,153.464,153.489,153.456,153.484
2026-09-09 18:02,153.484,153.493,153.471,153.473
2026-09-09 18:03,153.473,153.491,153.463,153.484
2026-09-09 18:04,153.484,153.502,153.482,153.484
2026-09-09 18:05,153.484,153.503,153.478,153.496
2026-09-09 18:06,153.494,153.512,153.483,153.484
2026-09-09 18:07,153.491,153.505,153.483,153.499
2026-09-09 18:08,153.499,153.510,153.493,153.505
2026-09-09 18:09,153.502,153.507,153.483,153.486
2026-09-09 18:10,153.486,153.503,153.485,153.494
2026-09-09 18:11,153.495,153.501,153.466,153.467
2026-09-09 18:12,153.466,153.474,153.450,153.450
2026-09-09 18:13,153.450,153.456,153.433,153.447
2026-09-09 18:14,153.447,153.487,153.447,153.475
2026-09-09 18:15,153.469,153.491,153.466,153.475
2026-09-09 18:16,153.472,153.486,153.471,153.474
2026-09-09 18:17,153.477,153.481,153.469,153.480
2026-09-09 18:18,153.475,153.488,153.474,153.481
2026-09-09 18:19,153.481,153.492,153.480,153.486
2026-09-09 18:20,153.487,153.512,153.470,153.499
2026-09-09 18:21,153.496,153.504,153.459,153.462
2026-09-09 18:22,153.462,153.467,153.437,153.451
2026-09-09 18:23,153.450,153.468,153.441,153.465
2026-09-09 18:24,153.464,153.467,153.452,153.453
2026-09-09 18:25,153.452,153.472,153.437,153.438
2026-09-09 18:26,153.442,153.460,153.438,153.456
2026-09-09 18:27,153.455,153.463,153.445,153.447
2026-09-09 18:28,153.452,153.470,153.447,153.469
2026-09-09 18:29,153.472,153.489,153.466,153.481
2026-09-09 18:30,153.481,153.505,153.478,153.502
2026-09-09 18:31,153.496,153.516,153.495,153.511
2026-09-09 18:32,153.507,153.535,153.497,153.509
2026-09-09 18:33,153.506,153.515,153.471,153.472
2026-09-09 18:34,153.472,153.507,153.472,153.500
2026-09-09 18:35,153.499,153.507,153.492,153.498
2026-09-09 18:36,153.498,153.504,153.484,153.503
2026-09-09 18:37,153.500,153.524,153.497,153.518
2026-09-09 18:38,153.521,153.527,153.494,153.497
2026-09-09 18:39,153.497,153.513,153.493,153.513
2026-09-09 18:40,153.507,153.514,153.497,153.502
2026-09-09 18:41,153.502,153.546,153.500,153.542
2026-09-09 18:42,153.539,153.574,153.539,153.568
2026-09-09 18:43,153.570,153.583,153.559,153.561
2026-09-09 18:44,153.561,153.594,153.561,153.591
2026-09-09 18:45,153.592,153.620,153.575,153.609
2026-09-09 18:46,153.612,153.622,153.609,153.615
2026-09-09 18:47,153.612,153.621,153.609,153.614
2026-09-09 18:48,153.614,153.622,153.600,153.609
2026-09-09 18:49,153.608,153.638,153.608,153.625
2026-09-09 18:50,153.624,153.644,153.613,153.615
2026-09-09 18:51,153.615,153.649,153.613,153.638
2026-09-09 18:52,153.640,153.643,153.622,153.634
2026-09-09 18:53,153.628,153.634,153.614,153.623
2026-09-09 18:54,153.623,153.661,153.621,153.649
2026-09-09 18:55,153.655,153.656,153.637,153.652
2026-09-09 18:56,153.651,153.671,153.643,153.663
2026-09-09 18:57,153.669,153.669,153.637,153.638
2026-09-09 18:58,153.645,153.660,153.633,153.658
2026-09-09 18:59,153.659,153.664,153.588,153.593
2026-09-09 19:00,153.593,153.622,153.590,153.605
2026-09-09 19:01,153.603,153.634,153.601,153.632
2026-09-09 19:02,153.628,153.654,153.627,153.647
2026-09-09 19:03,153.648,153.664,153.637,153.659
2026-09-09 19:04,153.652,153.669,153.651,153.663
2026-09-09 19:05,153.664,153.678,153.661,153.672
2026-09-09 19:06,153.675,153.704,153.672,153.680
2026-09-09 19:07,153.678,153.685,153.668,153.672
2026-09-09 19:08,153.672,153.678,153.660,153.664
2026-09-09 19:09,153.664,153.676,153.653,153.671
2026-09-09 19:10,153.672,153.683,153.670,153.679
2026-09-09 19:11,153.678,153.688,153.670,153.684
2026-09-09 19:12,153.681,153.693,153.675,153.683
2026-09-09 19:13,153.683,153.712,153.683,153.695
2026-09-09 19:14,153.695,153.727,153.693,153.726
2026-09-09 19:15,153.722,153.727,153.692,153.697
2026-09-09 19:16,153.693,153.708,153.692,153.697
2026-09-09 19:17,153.697,153.703,153.679,153.679
2026-09-09 19:18,153.679,153.693,153.665,153.684
2026-09-09 19:19,153.680,153.686,153.669,153.670
2026-09-09 19:20,153.670,153.684,153.661,153.669
2026-09-09 19:21,153.673,153.674,153.641,153.642
2026-09-09 19:22,153.644,153.652,153.640,153.643
2026-09-09 19:23,153.643,153.659,153.634,153.658
2026-09-09 19:24,153.659,153.665,153.654,153.657
2026-09-09 19:25,153.657,153.668,153.652,153.655
2026-09-09 19:26,153.655,153.662,153.639,153.643
2026-09-09 19:27,153.643,153.653,153.628,153.648
2026-09-09 19:28,153.645,153.660,153.645,153.645
2026-09-09 19:29,153.646,153.656,153.644,153.650
2026-09-09 19:30,153.647,153.656,153.611,153.619
2026-09-09 19:31,153.620,153.624,153.612,153.620
2026-09-09 19:32,153.619,153.621,153.601,153.606
2026-09-09 19:33,153.604,153.617,153.600,153.607
2026-09-09 19:34,153.613,153.623,153.599,153.616
2026-09-09 19:35,153.615,153.631,153.614,153.617
2026-09-09 19:36,153.619,153.639,153.612,153.632
2026-09-09 19:37,153.632,153.648,153.631,153.642
2026-09-09 19:38,153.641,153.645,153.629,153.633
2026-09-09 19:39,153.630,153.641,153.622,153.631
2026-09-09 19:40,153.623,153.634,153.622,153.632
2026-09-09 19:41,153.629,153.638,153.623,153.624
2026-09-09 19:42,153.625,153.634,153.622,153.624
2026-09-09 19:43,153.625,153.633,153.622,153.630
2026-09-09 19:44,153.626,153.634,153.613,153.614
2026-09-09 19:45,153.614,153.622,153.585,153.586
2026-09-09 19:46,153.588,153.610,153.586,153.600
2026-09-09 19:47,153.604,153.608,153.578,153.585
2026-09-09 19:48,153.579,153.587,153.577,153.587
2026-09-09 19:49,153.583,153.605,153.577,153.605
2026-09-09 19:50,153.602,153.622,153.600,153.621
2026-09-09 19:51,153.614,153.635,153.613,153.629
2026-09-09 19:52,153.629,153.631,153.614,153.616
2026-09-09 19:53,153.619,153.638,153.613,153.620
2026-09-09 19:54,153.624,153.632,153.602,153.610
2026-09-09 19:55,153.609,153.616,153.597,153.607
2026-09-09 19:56,153.602,153.608,153.587,153.591
2026-09-09 19:57,153.590,153.615,153.582,153.614
2026-09-09 19:58,153.612,153.631,153.612,153.626
2026-09-09 19:59,153.624,153.640,153.619,153.632
2026-09-09 20:00,153.633,153.651,153.610,153.640
2026-09-09 20:01,153.638,153.656,153.634,153.650
2026-09-09 20:02,153.646,153.658,153.638,153.652
2026-09-09 20:03,153.652,153.656,153.647,153.649
2026-09-09 20:04,153.652,153.667,153.631,153.659
2026-09-09 20:05,153.661,153.674,153.659,153.674
2026-09-09 20:06,153.667,153.675,153.659,153.661
2026-09-09 20:07,153.664,153.670,153.660,153.664
2026-09-09 20:08,153.661,153.677,153.661,153.675
2026-09-09 20:09,153.675,153.689,153.672,153.674
2026-09-09 20:10,153.673,153.678,153.643,153.644
2026-09-09 20:11,153.645,153.653,153.641,153.653
2026-09-09 20:12,153.646,153.652,153.639,153.647
2026-09-09 20:13,153.640,153.652,153.635,153.640
2026-09-09 20:14,153.636,153.651,153.634,153.643
2026-09-09 20:15,153.649,153.655,153.639,153.650
2026-09-09 20:16,153.648,153.654,153.641,153.647
2026-09-09 20:17,153.646,153.653,153.644,153.645
2026-09-09 20:18,153.649,153.652,153.641,153.644
2026-09-09 20:19,153.647,153.660,153.643,153.649
2026-09-09 20:20,153.650,153.651,153.640,153.640
2026-09-09 20:21,153.650,153.656,153.639,153.648
2026-09-09 20:22,153.648,153.661,153.647,153.649
2026-09-09 20:23,153.650,153.653,153.641,153.642
2026-09-09 20:24,153.642,153.651,153.627,153.629
2026-09-09 20:25,153.624,153.634,153.611,153.619
2026-09-09 20:26,153.619,153.636,153.618,153.622
2026-09-09 20:27,153.623,153.626,153.607,153.613
2026-09-09 20:28,153.610,153.619,153.607,153.616
2026-09-09 20:29,153.611,153.621,153.598,153.609
2026-09-09 20:30,153.609,153.614,153.597,153.598
2026-09-09 20:31,153.597,153.607,153.585,153.589
2026-09-09 20:32,153.594,153.611,153.589,153.606
2026-09-09 20:33,153.606,153.614,153.598,153.606
2026-09-09 20:34,153.598,153.610,153.592,153.593
2026-09-09 20:35,153.596,153.601,153.569,153.574
2026-09-09 20:36,153.574,153.592,153.573,153.586
2026-09-09 20:37,153.583,153.589,153.570,153.576
2026-09-09 20:38,153.577,153.581,153.567,153.570
2026-09-09 20:39,153.571,153.590,153.569,153.579
2026-09-09 20:40,153.578,153.589,153.568,153.575
2026-09-09 20:41,153.580,153.584,153.571,153.583
2026-09-09 20:42,153.582,153.584,153.568,153.568
2026-09-09 20:43,153.568,153.577,153.554,153.554
2026-09-09 20:44,153.561,153.566,153.545,153.546
2026-09-09 20:45,153.546,153.557,153.541,153.556
2026-09-09 20:46,153.547,153.571,153.547,153.567
2026-09-09 20:47,153.557,153.569,153.549,153.561
2026-09-09 20:48,153.560,153.569,153.557,153.558
2026-09-09 20:49,153.561,153.571,153.557,153.560
2026-09-09 20:50,153.557,153.560,153.547,153.558
2026-09-09 20:51,153.551,153.559,153.542,153.547
2026-09-09 20:52,153.547,153.557,153.543,153.543
2026-09-09 20:53,153.543,153.555,153.542,153.553
2026-09-09 20:54,153.543,153.563,153.542,153.560
2026-09-09 20:55,153.552,153.562,153.538,153.538
2026-09-09 20:56,153.538,153.557,153.525,153.539
2026-09-09 20:57,153.549,153.556,153.528,153.539
2026-09-09 20:58,153.538,153.559,153.527,153.550
2026-09-09 20:59,153.546,153.552,153.502,153.546
2026-09-09 21:00,153.501,153.562,153.480,153.557
2026-09-09 21:01,153.579,153.579,153.542,153.570
2026-09-09 21:02,153.577,153.577,153.577,153.577
2026-09-09 21:04,153.505,153.564,153.505,153.532
2026-09-09 21:05,153.506,153.515,153.506,153.515
2026-09-09 21:07,153.524,153.545,153.520,153.521
2026-09-09 21:08,153.523,153.523,153.523,153.523
2026-09-09 21:09,153.521,153.540,153.517,153.523
2026-09-09 21:10,153.545,153.551,153.533,153.542
2026-09-09 21:11,153.544,153.547,153.544,153.547
2026-09-09 21:12,153.542,153.542,153.520,153.530
2026-09-09 21:13,153.527,153.544,153.527,153.532
2026-09-09 21:14,153.530,153.544,153.530,153.532
2026-09-09 21:15,153.528,153.550,153.525,153.526
2026-09-09 21:16,153.527,153.563,153.521,153.550
2026-09-09 21:17,153.548,153.557,153.524,153.544
2026-09-09 21:18,153.539,153.544,153.520,153.544
2026-09-09 21:19,153.534,153.583,153.534,153.577
2026-09-09 21:20,153.563,153.594,153.563,153.583
2026-09-09 21:21,153.576,153.586,153.515,153.515
2026-09-09 21:22,153.513,153.558,153.485,153.485
2026-09-09 21:23,153.540,153.571,153.485,153.490
2026-09-09 21:24,153.489,153.575,153.488,153.542
2026-09-09 21:25,153.540,153.568,153.540,153.568
2026-09-09 21:26,153.544,153.572,153.541,153.548
2026-09-09 21:27,153.546,153.574,153.487,153.557
2026-09-09 21:28,153.566,153.568,153.487,153.565
2026-09-09 21:29,153.561,153.568,153.551,153.560
2026-09-09 21:30,153.566,153.566,153.494,153.544
2026-09-09 21:31,153.543,153.553,153.535,153.549
2026-09-09 21:32,153.548,153.563,153.537,153.562
2026-09-09 21:33,153.561,153.563,153.535,153.535
2026-09-09 21:34,153.534,153.563,153.528,153.533
2026-09-09 21:35,153.534,153.563,153.528,153.536
2026-09-09 21:36,153.537,153.549,153.527,153.534
2026-09-09 21:37,153.534,153.543,153.530,153.541
2026-09-09 21:38,153.535,153.549,153.533,153.544
2026-09-09 21:39,153.535,153.544,153.529,153.533
2026-09-09 21:40,153.535,153.550,153.505,153.519
2026-09-09 21:41,153.521,153.528,153.495,153.512
2026-09-09 21:42,153.513,153.542,153.496,153.516
2026-09-09 21:43,153.515,153.522,153.495,153.514
2026-09-09 21:44,153.508,153.533,153.508,153.531
2026-09-09 21:45,153.530,153.541,153.510,153.520
2026-09-09 21:46,153.516,153.534,153.508,153.517
2026-09-09 21:47,153.519,153.546,153.510,153.537
2026-09-09 21:48,153.524,153.537,153.511,153.514
2026-09-09 21:49,153.517,153.525,153.510,153.521
2026-09-09 21:50,153.518,153.523,153.510,153.514
2026-09-09 21:51,153.514,153.523,153.507,153.518
2026-09-09 21:52,153.516,153.528,153.511,153.528
2026-09-09 21:53,153.523,153.523,153.506,153.519
2026-09-09 21:54,153.515,153.518,153.504,153.508
2026-09-09 21:55,153.508,153.523,153.496,153.508
2026-09-09 21:56,153.506,153.533,153.496,153.533
2026-09-09 21:57,153.525,153.525,153.505,153.519
2026-09-09 21:58,153.513,153.518,153.505,153.512
2026-09-09 21:59,153.513,153.563,153.505,153.535
2026-09-09 22:00,153.537,153.595,153.462,153.520
2026-09-09 22:01,153.526,153.561,153.522,153.536
2026-09-09 22:02,153.536,153.561,153.516,153.535
2026-09-09 22:03,153.518,153.536,153.517,153.520
2026-09-09 22:04,153.520,153.538,153.517,153.519
2026-09-09 22:05,153.519,153.537,153.514,153.519
2026-09-09 22:06,153.519,153.535,153.487,153.500
2026-09-09 22:07,153.491,153.500,153.462,153.485
2026-09-09 22:08,153.490,153.501,153.483,153.488
2026-09-09 22:09,153.488,153.501,153.485,153.486
2026-09-09 22:10,153.493,153.514,153.481,153.513
2026-09-09 22:11,153.508,153.513,153.484,153.485
2026-09-09 22:12,153.485,153.501,153.483,153.500
2026-09-09 22:13,153.492,153.511,153.484,153.510
2026-09-09 22:14,153.498,153.513,153.497,153.510
2026-09-09 22:15,153.498,153.504,153.481,153.485
2026-09-09 22:16,153.485,153.497,153.472,153.472
2026-09-09 22:17,153.472,153.487,153.470,153.470
2026-09-09 22:18,153.470,153.489,153.440,153.447
2026-09-09 22:19,153.453,153.453,153.435,153.448
2026-09-09 22:20,153.448,153.451,153.415,153.420
2026-09-09 22:21,153.419,153.432,153.380,153.381
2026-09-09 22:22,153.381,153.407,153.379,153.405
2026-09-09 22:23,153.401,153.407,153.382,153.400
2026-09-09 22:24,153.404,153.416,153.391,153.396
2026-09-09 22:25,153.396,153.417,153.371,153.383
2026-09-09 22:26,153.371,153.393,153.368,153.377
2026-09-09 22:27,153.377,153.394,153.377,153.378
2026-09-09 22:28,153.378,153.393,153.378,153.380
2026-09-09 22:29,153.380,153.395,153.380,153.383
2026-09-09 22:30,153.383,153.395,153.346,153.347
2026-09-09 22:31,153.354,153.366,153.319,153.323
2026-09-09 22:32,153.335,153.335,153.319,153.332
2026-09-09 22:33,153.320,153.345,153.320,153.338
2026-09-09 22:34,153.333,153.363,153.332,153.349
2026-09-09 22:35,153.349,153.395,153.348,153.380
2026-09-09 22:36,153.375,153.388,153.371,153.379
2026-09-09 22:37,153.371,153.384,153.360,153.383
2026-09-09 22:38,153.370,153.384,153.368,153.369
2026-09-09 22:39,153.369,153.385,153.369,153.369
2026-09-09 22:40,153.369,153.385,153.368,153.370
2026-09-09 22:41,153.376,153.383,153.348,153.363
2026-09-09 22:42,153.357,153.370,153.345,153.354
2026-09-09 22:43,153.348,153.359,153.322,153.327
2026-09-09 22:44,153.322,153.336,153.320,153.333
2026-09-09 22:45,153.332,153.336,153.320,153.328
2026-09-09 22:46,153.332,153.353,153.322,153.346
2026-09-09 22:47,153.341,153.360,153.331,153.345
2026-09-09 22:48,153.359,153.369,153.343,153.352
2026-09-09 22:49,153.351,153.370,153.335,153.357
2026-09-09 22:50,153.351,153.360,153.339,153.344
2026-09-09 22:51,153.344,153.359,153.332,153.342
2026-09-09 22:52,153.343,153.352,153.332,153.333
2026-09-09 22:53,153.333,153.349,153.331,153.348
2026-09-09 22:54,153.349,153.359,153.330,153.344
2026-09-09 22:55,153.358,153.358,153.336,153.337
2026-09-09 22:56,153.344,153.349,153.336,153.336
2026-09-09 22:57,153.344,153.350,153.335,153.346
2026-09-09 22:58,153.341,153.348,153.324,153.333
2026-09-09 23:00,153.342,153.348,153.297,153.307
2026-09-09 23:01,153.301,153.328,153.301,153.312
2026-09-09 23:02,153.312,153.333,153.311,153.319
2026-09-09 23:03,153.318,153.324,153.310,153.311
2026-09-09 23:04,153.311,153.324,153.311,153.322
2026-09-09 23:05,153.312,153.358,153.311,153.346
2026-09-09 23:06,153.346,153.361,153.337,153.338
2026-09-09 23:07,153.349,153.349,153.314,153.324
2026-09-09 23:08,153.330,153.336,153.323,153.330
2026-09-09 23:09,153.324,153.359,153.323,153.358
2026-09-09 23:10,153.346,153.360,153.341,153.359
2026-09-09 23:11,153.348,153.362,153.339,153.350
2026-09-09 23:12,153.340,153.350,153.335,153.340
2026-09-09 23:13,153.342,153.350,153.334,153.335
2026-09-09 23:14,153.335,153.361,153.325,153.326
2026-09-09 23:15,153.326,153.338,153.326,153.326
2026-09-09 23:16,153.326,153.338,153.316,153.317
2026-09-09 23:17,153.317,153.327,153.312,153.314
2026-09-09 23:18,153.314,153.326,153.313,153.315
2026-09-09 23:19,153.315,153.327,153.314,153.315
2026-09-09 23:20,153.315,153.348,153.314,153.334
2026-09-09 23:21,153.334,153.351,153.333,153.337
2026-09-09 23:22,153.337,153.371,153.337,153.365
2026-09-09 23:23,153.361,153.398,153.357,153.384
2026-09-09 23:24,153.384,153.398,153.375,153.380
2026-09-09 23:25,153.375,153.387,153.373,153.380
2026-09-09 23:26,153.374,153.386,153.356,153.361
2026-09-09 23:27,153.361,153.381,153.361,153.363
2026-09-09 23:28,153.372,153.381,153.363,153.374
2026-09-09 23:29,153.363,153.387,153.362,153.372
2026-09-09 23:30,153.372,153.387,153.335,153.336
2026-09-09 23:31,153.345,153.370,153.336,153.357
2026-09-09 23:32,153.363,153.370,153.344,153.351
2026-09-09 23:33,153.351,153.383,153.351,153.368
2026-09-09 23:34,153.360,153.380,153.360,153.361
2026-09-09 23:35,153.361,153.375,153.358,153.363
2026-09-09 23:36,153.373,153.375,153.360,153.369
2026-09-09 23:37,153.362,153.375,153.361,153.373
2026-09-09 23:38,153.362,153.373,153.357,153.357
2026-09-09 23:39,153.357,153.374,153.356,153.362
2026-09-09 23:40,153.365,153.397,153.362,153.390
2026-09-09 23:41,153.388,153.407,153.385,153.395
2026-09-09 23:42,153.407,153.445,153.395,153.442
2026-09-09 23:43,153.431,153.457,153.431,153.445
2026-09-09 23:44,153.445,153.466,153.431,153.438
2026-09-09 23:45,153.433,153.464,153.431,153.452
2026-09-09 23:46,153.459,153.470,153.452,153.467
2026-09-09 23:47,153.456,153.501,153.456,153.478
2026-09-09 23:48,153.485,153.503,153.478,153.479
2026-09-09 23:49,153.478,153.502,153.464,153.479
2026-09-09 23:50,153.466,153.489,153.454,153.454
2026-09-09 23:51,153.455,153.492,153.437,153.467
2026-09-09 23:52,153.473,153.540,153.467,153.527
2026-09-09 23:53,153.531,153.552,153.522,153.524
2026-09-09 23:54,153.535,153.561,153.523,153.558
2026-09-09 23:55,153.550,153.573,153.545,153.557
2026-09-09 23:56,153.557,153.572,153.549,153.571
2026-09-09 23:57,153.559,153.620,153.558,153.590
2026-09-09 23:58,153.601,153.602,153.536,153.548
2026-09-09 23:59,153.538,153.558,153.524,153.529
2026-09-10 00:00,153.534,153.584,153.529,153.550
2026-09-10 00:01,153.552,153.581,153.536,153.562
2026-09-10 00:02,153.560,153.606,153.544,153.594
2026-09-10 00:03,153.594,153.601,153.544,153.548
2026-09-10 00:04,153.542,153.584,153.540,153.583
2026-09-10 00:05,153.578,153.616,153.544,153.604
2026-09-10 00:06,153.604,153.632,153.599,153.601
2026-09-10 00:07,153.604,153.627,153.581,153.588
2026-09-10 00:08,153.584,153.596,153.570,153.584
2026-09-10 00:09,153.579,153.588,153.551,153.557
2026-09-10 00:10,153.559,153.585,153.514,153.519
2026-09-10 00:11,153.523,153.543,153.490,153.501
2026-09-10 00:12,153.508,153.532,153.472,153.522
2026-09-10 00:13,153.527,153.527,153.490,153.516
2026-09-10 00:14,153.509,153.540,153.505,153.527
2026-09-10 00:15,153.519,153.558,153.519,153.552
2026-09-10 00:16,153.549,153.576,153.511,153.564
2026-09-10 00:17,153.565,153.585,153.555,153.582
2026-09-10 00:18,153.573,153.587,153.522,153.536
2026-09-10 00:19,153.535,153.551,153.525,153.548
2026-09-10 00:20,153.539,153.550,153.504,153.536
2026-09-10 00:21,153.538,153.581,153.532,153.565
2026-09-10 00:22,153.571,153.641,153.564,153.632
2026-09-10 00:23,153.624,153.633,153.598,153.612
2026-09-10 00:24,153.619,153.633,153.602,153.629
2026-09-10 00:25,153.623,153.642,153.606,153.628
2026-09-10 00:26,153.630,153.630,153.596,153.605
2026-09-10 00:27,153.600,153.604,153.559,153.583
2026-09-10 00:28,153.582,153.623,153.561,153.619
2026-09-10 00:29,153.611,153.647,153.610,153.635
2026-09-10 00:30,153.637,153.656,153.600,153.601
2026-09-10 00:31,153.601,153.665,153.599,153.665
2026-09-10 00:32,153.659,153.690,153.655,153.667
2026-09-10 00:33,153.662,153.681,153.640,153.644
2026-09-10 00:34,153.652,153.655,153.629,153.641
2026-09-10 00:35,153.631,153.646,153.624,153.630
2026-09-10 00:36,153.634,153.645,153.614,153.617
2026-09-10 00:37,153.623,153.635,153.614,153.624
2026-09-10 00:38,153.627,153.632,153.595,153.616
2026-09-10 00:39,153.617,153.618,153.586,153.609
2026-09-10 00:40,153.609,153.643,153.593,153.630
2026-09-10 00:41,153.637,153.642,153.621,153.629
2026-09-10 00:42,153.623,153.663,153.623,153.648
2026-09-10 00:43,153.644,153.694,153.644,153.677
2026-09-10 00:44,153.677,153.689,153.640,153.647
2026-09-10 00:45,153.651,153.656,153.620,153.630
2026-09-10 00:46,153.625,153.649,153.620,153.644
2026-09-10 00:47,153.635,153.658,153.632,153.652
2026-09-10 00:48,153.655,153.668,153.634,153.642
2026-09-10 00:49,153.634,153.654,153.599,153.608
2026-09-10 00:50,153.600,153.655,153.597,153.646
2026-09-10 00:51,153.655,153.655,153.621,153.621
2026-09-10 00:52,153.627,153.678,153.621,153.656
2026-09-10 00:53,153.647,153.656,153.586,153.622
2026-09-10 00:54,153.618,153.664,153.586,153.652
2026-09-10 00:55,153.660,153.689,153.644,153.653
2026-09-10 00:56,153.647,153.707,153.640,153.693
2026-09-10 00:57,153.696,153.708,153.661,153.679
2026-09-10 00:58,153.686,153.704,153.661,153.703
2026-09-10 00:59,153.695,153.715,153.688,153.698
2026-09-10 01:00,153.702,153.724,153.638,153.669
2026-09-10 01:01,153.661,153.693,153.661,153.679
2026-09-10 01:02,153.679,153.688,153.645,153.670
2026-09-10 01:03,153.675,153.692,153.670,153.671
2026-09-10 01:04,153.672,153.714,153.647,153.657
2026-09-10 01:05,153.649,153.662,153.612,153.625
2026-09-10 01:06,153.632,153.648,153.610,153.631
2026-09-10 01:07,153.630,153.644,153.586,153.590
2026-09-10 01:08,153.595,153.603,153.572,153.593
2026-09-10 01:09,153.597,153.607,153.571,153.571
2026-09-10 01:10,153.572,153.599,153.554,153.591
2026-09-10 01:11,153.589,153.624,153.588,153.615
2026-09-10 01:12,153.618,153.633,153.612,153.622
2026-09-10 01:13,153.626,153.627,153.589,153.610
2026-09-10 01:14,153.600,153.612,153.575,153.590
2026-09-10 01:15,153.589,153.621,153.571,153.587
2026-09-10 01:16,153.586,153.603,153.550,153.560
2026-09-10 01:17,153.559,153.590,153.540,153.578
2026-09-10 01:18,153.574,153.585,153.570,153.576
2026-09-10 01:19,153.585,153.603,153.575,153.590
2026-09-10 01:20,153.599,153.628,153.590,153.628
2026-09-10 01:21,153.620,153.644,153.616,153.634
2026-09-10 01:22,153.634,153.645,153.604,153.606
2026-09-10 01:23,153.616,153.619,153.605,153.612
2026-09-10 01:24,153.607,153.628,153.598,153.604
2026-09-10 01:25,153.611,153.657,153.604,153.649
2026-09-10 01:26,153.649,153.688,153.648,153.657
2026-09-10 01:27,153.665,153.695,153.650,153.686
2026-09-10 01:28,153.688,153.693,153.652,153.655
2026-09-10 01:29,153.655,153.699,153.654,153.688
2026-09-10 01:30,153.688,153.728,153.665,153.669
2026-09-10 01:31,153.677,153.700,153.647,153.674
2026-09-10 01:32,153.680,153.732,153.670,153.731
2026-09-10 01:33,153.730,153.744,153.690,153.690
2026-09-10 01:34,153.692,153.704,153.659,153.666
2026-09-10 01:35,153.658,153.669,153.647,153.660
2026-09-10 01:36,153.660,153.668,153.621,153.630
2026-09-10 01:37,153.632,153.647,153.619,153.631
2026-09-10 01:38,153.620,153.652,153.615,153.644
2026-09-10 01:39,153.652,153.671,153.644,153.652
2026-09-10 01:40,153.649,153.673,153.644,153.665
2026-09-10 01:41,153.664,153.677,153.650,153.665
2026-09-10 01:42,153.659,153.691,153.657,153.683
2026-09-10 01:43,153.683,153.703,153.677,153.679
2026-09-10 01:44,153.679,153.715,153.677,153.703
2026-09-10 01:45,153.707,153.723,153.691,153.691
2026-09-10 01:46,153.692,153.713,153.687,153.706
2026-09-10 01:47,153.699,153.715,153.679,153.687
2026-09-10 01:48,153.688,153.688,153.651,153.663
2026-09-10 01:49,153.659,153.685,153.646,153.676
2026-09-10 01:50,153.676,153.701,153.664,153.678
2026-09-10 01:51,153.671,153.684,153.656,153.665
2026-09-10 01:52,153.660,153.664,153.612,153.631
2026-09-10 01:53,153.630,153.631,153.599,153.609
2026-09-10 01:54,153.608,153.610,153.449,153.534
2026-09-10 01:55,153.529,153.538,153.472,153.538
2026-09-10 01:56,153.530,153.545,153.419,153.477
2026-09-10 01:57,153.485,153.538,153.460,153.521
2026-09-10 01:58,153.530,153.542,153.475,153.486
2026-09-10 01:59,153.479,153.490,153.426,153.433
2026-09-10 02:00,153.432,153.448,153.408,153.430
2026-09-10 02:01,153.430,153.456,153.370,153.388
2026-09-10 02:02,153.390,153.406,153.313,153.313
2026-09-10 02:03,153.324,153.357,153.275,153.352
2026-09-10 02:04,153.348,153.401,153.322,153.390
2026-09-10 02:05,153.388,153.409,153.347,153.396
2026-09-10 02:06,153.406,153.407,153.357,153.394
2026-09-10 02:07,153.385,153.392,153.351,153.386
2026-09-10 02:08,153.388,153.400,153.323,153.345
2026-09-10 02:09,153.344,153.397,153.334,153.365
2026-09-10 02:10,153.364,153.420,153.363,153.388
2026-09-10 02:11,153.385,153.414,153.375,153.408
2026-09-10 02:12,153.404,153.421,153.372,153.375
2026-09-10 02:13,153.385,153.431,153.374,153.424
2026-09-10 02:14,153.425,153.451,153.420,153.434
2026-09-10 02:15,153.434,153.456,153.421,153.456
2026-09-10 02:16,153.448,153.481,153.446,153.457
2026-09-10 02:17,153.458,153.490,153.456,153.484
2026-09-10 02:18,153.489,153.491,153.466,153.474
2026-09-10 02:19,153.471,153.489,153.454,153.465
2026-09-10 02:20,153.456,153.482,153.455,153.476
2026-09-10 02:21,153.472,153.527,153.447,153.515
2026-09-10 02:22,153.519,153.536,153.506,153.513
2026-09-10 02:23,153.524,153.547,153.513,153.530
2026-09-10 02:24,153.526,153.549,153.526,153.529
2026-09-10 02:25,153.532,153.539,153.505,153.510
2026-09-10 02:26,153.507,153.515,153.502,153.515
2026-09-10 02:27,153.507,153.526,153.507,153.523
2026-09-10 02:28,153.522,153.557,153.509,153.549
2026-09-10 02:29,153.558,153.559,153.523,153.536
2026-09-10 02:30,153.530,153.561,153.528,153.550
2026-09-10 02:31,153.557,153.587,153.549,153.582
2026-09-10 02:32,153.574,153.583,153.548,153.550
2026-09-10 02:33,153.550,153.592,153.548,153.584
2026-09-10 02:34,153.584,153.597,153.545,153.555
2026-09-10 02:35,153.548,153.575,153.516,153.518
2026-09-10 02:36,153.521,153.526,153.498,153.508
2026-09-10 02:37,153.501,153.534,153.486,153.492
2026-09-10 02:38,153.486,153.494,153.456,153.457
2026-09-10 02:39,153.457,153.487,153.452,153.478
2026-09-10 02:40,153.478,153.502,153.477,153.496
2026-09-10 02:41,153.493,153.514,153.490,153.502
2026-09-10 02:42,153.503,153.503,153.469,153.487
2026-09-10 02:43,153.480,153.526,153.478,153.521
2026-09-10 02:44,153.518,153.537,153.517,153.536
2026-09-10 02:45,153.529,153.538,153.515,153.533
2026-09-10 02:46,153.525,153.549,153.515,153.523
2026-09-10 02:47,153.522,153.535,153.498,153.509
2026-09-10 02:48,153.506,153.514,153.485,153.485
2026-09-10 02:49,153.485,153.503,153.472,153.494
2026-09-10 02:50,153.489,153.501,153.466,153.467
2026-09-10 02:51,153.467,153.477,153.444,153.451
2026-09-10 02:52,153.452,153.468,153.442,153.460
2026-09-10 02:53,153.458,153.465,153.440,153.460
2026-09-10 02:54,153.464,153.464,153.445,153.453
2026-09-10 02:55,153.446,153.466,153.440,153.453
2026-09-10 02:56,153.445,153.459,153.425,153.451
2026-09-10 02:57,153.458,153.479,153.450,153.461
2026-09-10 02:58,153.467,153.488,153.457,153.468
2026-09-10 02:59,153.460,153.468,153.402,153.407
2026-09-10 03:00,153.409,153.416,153.373,153.395
2026-09-10 03:01,153.402,153.411,153.390,153.402
2026-09-10 03:02,153.403,153.427,153.395,153.419
2026-09-10 03:03,153.423,153.426,153.395,153.399
2026-09-10 03:04,153.398,153.428,153.392,153.427
2026-09-10 03:05,153.428,153.452,153.419,153.444
2026-09-10 03:06,153.445,153.476,153.445,153.469
2026-09-10 03:07,153.468,153.487,153.456,153.465
2026-09-10 03:08,153.458,153.476,153.457,153.457
2026-09-10 03:09,153.463,153.480,153.457,153.470
2026-09-10 03:10,153.466,153.474,153.451,153.461
2026-09-10 03:11,153.460,153.471,153.442,153.457
2026-09-10 03:12,153.457,153.479,153.457,153.472
2026-09-10 03:13,153.463,153.476,153.451,153.458
2026-09-10 03:14,153.459,153.468,153.451,153.459
2026-09-10 03:15,153.459,153.467,153.450,153.450
2026-09-10 03:16,153.448,153.474,153.448,153.472
2026-09-10 03:17,153.469,153.475,153.460,153.473
2026-09-10 03:18,153.474,153.488,153.465,153.480
2026-09-10 03:19,153.480,153.488,153.435,153.441
2026-09-10 03:20,153.441,153.473,153.441,153.463
2026-09-10 03:21,153.466,153.471,153.450,153.450
2026-09-10 03:22,153.450,153.475,153.450,153.473
2026-09-10 03:23,153.474,153.474,153.440,153.442
2026-09-10 03:24,153.442,153.453,153.430,153.433
2026-09-10 03:25,153.433,153.443,153.417,153.436
2026-09-10 03:26,153.435,153.444,153.417,153.430
2026-09-10 03:27,153.436,153.438,153.409,153.418
2026-09-10 03:28,153.420,153.444,153.418,153.437
2026-09-10 03:29,153.438,153.442,153.430,153.431
2026-09-10 03:30,153.432,153.442,153.431,153.435
2026-09-10 03:31,153.442,153.442,153.418,153.426
2026-09-10 03:32,153.418,153.443,153.418,153.430
2026-09-10 03:33,153.432,153.441,153.415,153.415
2026-09-10 03:34,153.415,153.429,153.404,153.410
2026-09-10 03:35,153.407,153.430,153.407,153.426
2026-09-10 03:36,153.425,153.428,153.407,153.423
2026-09-10 03:37,153.419,153.427,153.417,153.426
2026-09-10 03:38,153.421,153.442,153.417,153.419
2026-09-10 03:39,153.419,153.439,153.418,153.434
2026-09-10 03:40,153.432,153.458,153.432,153.440
2026-09-10 03:41,153.442,153.451,153.438,153.442
2026-09-10 03:42,153.443,153.451,153.440,153.450
2026-09-10 03:43,153.442,153.458,153.440,153.453
2026-09-10 03:44,153.450,153.458,153.440,153.451
2026-09-10 03:45,153.451,153.452,153.438,153.441
2026-09-10 03:46,153.440,153.448,153.430,153.431
2026-09-10 03:47,153.432,153.436,153.419,153.424
2026-09-10 03:48,153.425,153.429,153.380,153.396
2026-09-10 03:49,153.395,153.405,153.362,153.378
2026-09-10 03:50,153.375,153.391,153.374,153.390
2026-09-10 03:51,153.391,153.398,153.382,153.390
2026-09-10 03:52,153.392,153.393,153.370,153.381
2026-09-10 03:53,153.381,153.408,153.381,153.402
2026-09-10 03:54,153.408,153.417,153.398,153.407
2026-09-10 03:55,153.407,153.416,153.385,153.387
2026-09-10 03:56,153.390,153.396,153.377,153.386
2026-09-10 03:57,153.382,153.396,153.377,153.395
2026-09-10 03:58,153.394,153.397,153.385,153.389
2026-09-10 03:59,153.385,153.395,153.371,153.383
2026-09-10 04:00,153.380,153.408,153.372,153.387
2026-09-10 04:01,153.395,153.408,153.387,153.405
2026-09-10 04:02,153.402,153.415,153.396,153.402
2026-09-10 04:03,153.404,153.409,153.398,153.399
2026-09-10 04:04,153.403,153.408,153.385,153.391
2026-09-10 04:05,153.385,153.392,153.363,153.363
2026-09-10 04:06,153.366,153.372,153.347,153.353
2026-09-10 04:07,153.361,153.371,153.350,153.361
2026-09-10 04:08,153.360,153.363,153.352,153.352
2026-09-10 04:09,153.352,153.357,153.340,153.340
2026-09-10 04:10,153.343,153.349,153.326,153.337
2026-09-10 04:11,153.343,153.345,153.295,153.300
2026-09-10 04:12,153.298,153.335,153.291,153.331
2026-09-10 04:13,153.327,153.336,153.312,153.325
2026-09-10 04:14,153.325,153.336,153.320,153.322
2026-09-10 04:15,153.330,153.331,153.310,153.312
2026-09-10 04:16,153.312,153.362,153.312,153.352
2026-09-10 04:17,153.352,153.362,153.342,153.343
2026-09-10 04:18,153.357,153.366,153.340,153.362
2026-09-10 04:19,153.355,153.373,153.351,153.360
2026-09-10 04:20,153.367,153.396,153.359,153.385
2026-09-10 04:21,153.385,153.396,153.365,153.388
2026-09-10 04:22,153.397,153.397,153.382,153.385
2026-09-10 04:23,153.385,153.399,153.384,153.393
2026-09-10 04:24,153.385,153.417,153.385,153.407
2026-09-10 04:25,153.412,153.432,153.406,153.430
2026-09-10 04:26,153.424,153.431,153.410,153.416
2026-09-10 04:27,153.410,153.431,153.408,153.418
2026-09-10 04:28,153.412,153.425,153.406,153.419
2026-09-10 04:29,153.426,153.436,153.415,153.427
2026-09-10 04:30,153.427,153.432,153.403,153.408
2026-09-10 04:31,153.403,153.413,153.394,153.399
2026-09-10 04:32,153.399,153.419,153.397,153.407
2026-09-10 04:33,153.407,153.423,153.407,153.418
2026-09-10 04:34,153.419,153.429,153.415,153.421
2026-09-10 04:35,153.421,153.430,153.407,153.409
2026-09-10 04:36,153.413,153.417,153.385,153.390
2026-09-10 04:37,153.391,153.413,153.385,153.402
2026-09-10 04:38,153.396,153.414,153.395,153.414
2026-09-10 04:39,153.406,153.420,153.395,153.399
2026-09-10 04:40,153.406,153.409,153.395,153.399
2026-09-10 04:41,153.395,153.408,153.394,153.406
2026-09-10 04:42,153.400,153.418,153.400,153.417
2026-09-10 04:43,153.409,153.434,153.407,153.420
2026-09-10 04:44,153.420,153.430,153.412,153.414
2026-09-10 04:45,153.414,153.425,153.410,153.416
2026-09-10 04:46,153.414,153.419,153.405,153.416
2026-09-10 04:47,153.408,153.427,153.408,153.411
2026-09-10 04:48,153.411,153.426,153.407,153.424
2026-09-10 04:49,153.415,153.431,153.415,153.426
2026-09-10 04:50,153.426,153.431,153.411,153.420
2026-09-10 04:51,153.420,153.447,153.420,153.435
2026-09-10 04:52,153.435,153.449,153.434,153.440
2026-09-10 04:53,153.444,153.459,153.439,153.450
2026-09-10 04:54,153.449,153.467,153.441,153.462
2026-09-10 04:55,153.458,153.475,153.452,153.452
2026-09-10 04:56,153.459,153.467,153.442,153.454
2026-09-10 04:57,153.447,153.474,153.447,153.467
2026-09-10 04:58,153.467,153.475,153.459,153.471
2026-09-10 04:59,153.467,153.475,153.464,153.465
2026-09-10 05:00,153.465,153.475,153.455,153.473
2026-09-10 05:01,153.466,153.476,153.458,153.470
2026-09-10 05:02,153.460,153.484,153.460,153.477
2026-09-10 05:03,153.484,153.484,153.447,153.447
2026-09-10 05:04,153.450,153.463,153.447,153.458
2026-09-10 05:05,153.451,153.491,153.450,153.490
2026-09-10 05:06,153.491,153.491,153.465,153.478
2026-09-10 05:07,153.475,153.488,153.474,153.487
2026-09-10 05:08,153.478,153.493,153.477,153.481
2026-09-10 05:09,153.481,153.490,153.479,153.490
2026-09-10 05:10,153.489,153.490,153.457,153.469
2026-09-10 05:11,153.473,153.479,153.465,153.468
2026-09-10 05:12,153.476,153.480,153.467,153.474
2026-09-10 05:13,153.470,153.474,153.437,153.452
2026-09-10 05:14,153.452,153.461,153.439,153.445
2026-09-10 05:15,153.448,153.477,153.443,153.462
2026-09-10 05:16,153.464,153.471,153.455,153.461
2026-09-10 05:17,153.467,153.478,153.455,153.474
2026-09-10 05:18,153.470,153.486,153.465,153.483
2026-09-10 05:19,153.475,153.487,153.466,153.473
2026-09-10 05:20,153.470,153.478,153.463,153.467
2026-09-10 05:21,153.469,153.499,153.465,153.490
2026-09-10 05:22,153.490,153.499,153.470,153.472
2026-09-10 05:23,153.475,153.480,153.447,153.454
2026-09-10 05:24,153.454,153.464,153.431,153.450
2026-09-10 05:25,153.444,153.453,153.439,153.442
2026-09-10 05:26,153.442,153.455,153.440,153.448
2026-09-10 05:27,153.444,153.472,153.440,153.462
2026-09-10 05:28,153.467,153.477,153.457,153.463
2026-09-10 05:29,153.457,153.465,153.443,153.443
2026-09-10 05:30,153.447,153.466,153.438,153.455
2026-09-10 05:31,153.460,153.473,153.427,153.427
2026-09-10 05:32,153.430,153.443,153.412,153.419
2026-09-10 05:33,153.412,153.425,153.406,153.425
2026-09-10 05:34,153.416,153.426,153.410,153.416
2026-09-10 05:35,153.416,153.433,153.391,153.407
2026-09-10 05:36,153.407,153.449,153.399,153.444
2026-09-10 05:37,153.444,153.474,153.443,153.453
2026-09-10 05:38,153.448,153.569,153.444,153.545
2026-09-10 05:39,153.544,153.582,153.522,153.571
2026-09-10 05:40,153.571,153.583,153.544,153.558
2026-09-10 05:41,153.558,153.607,153.558,153.590
2026-09-10 05:42,153.583,153.631,153.560,153.615
2026-09-10 05:43,153.615,153.652,153.615,153.636
2026-09-10 05:44,153.642,153.669,153.636,153.656
2026-09-10 05:45,153.665,153.679,153.609,153.621
2026-09-10 05:46,153.628,153.629,153.598,153.605
2026-09-10 05:47,153.605,153.607,153.562,153.599
2026-09-10 05:48,153.603,153.634,153.593,153.600
2026-09-10 05:49,153.600,153.640,153.582,153.621
2026-09-10 05:50,153.621,153.635,153.596,153.606
2026-09-10 05:51,153.598,153.642,153.595,153.625
2026-09-10 05:52,153.625,153.636,153.566,153.567
2026-09-10 05:53,153.572,153.588,153.551,153.576
2026-09-10 05:54,153.585,153.588,153.560,153.565
2026-09-10 05:55,153.563,153.601,153.542,153.570
2026-09-10 05:56,153.567,153.599,153.564,153.585
2026-09-10 05:57,153.583,153.595,153.566,153.571
2026-09-10 05:58,153.571,153.595,153.571,153.587
2026-09-10 05:59,153.578,153.606,153.575,153.604
2026-09-10 06:00,153.592,153.618,153.574,153.583
2026-09-10 06:01,153.583,153.600,153.534,153.536
2026-09-10 06:02,153.538,153.546,153.523,153.539
2026-09-10 06:03,153.535,153.543,153.504,153.524
2026-09-10 06:04,153.524,153.533,153.509,153.530
2026-09-10 06:05,153.522,153.547,153.519,153.530
2026-09-10 06:06,153.528,153.545,153.524,153.533
2026-09-10 06:07,153.533,153.544,153.516,153.524
2026-09-10 06:08,153.526,153.531,153.495,153.502
2026-09-10 06:09,153.502,153.509,153.463,153.477
2026-09-10 06:10,153.483,153.512,153.461,153.511
2026-09-10 06:11,153.508,153.511,153.500,153.509
2026-09-10 06:12,153.501,153.551,153.498,153.538
2026-09-10 06:13,153.545,153.566,153.536,153.561
2026-09-10 06:14,153.556,153.571,153.550,153.560
2026-09-10 06:15,153.560,153.571,153.526,153.541
2026-09-10 06:16,153.541,153.551,153.522,153.523
2026-09-10 06:17,153.526,153.539,153.497,153.538
2026-09-10 06:18,153.539,153.547,153.511,153.517
2026-09-10 06:19,153.519,153.532,153.508,153.513
2026-09-10 06:20,153.508,153.532,153.508,153.512
2026-09-10 06:21,153.512,153.538,153.510,153.528
2026-09-10 06:22,153.536,153.537,153.496,153.514
2026-09-10 06:23,153.510,153.538,153.510,153.534
2026-09-10 06:24,153.537,153.537,153.496,153.524
2026-09-10 06:25,153.515,153.524,153.474,153.482
2026-09-10 06:26,153.485,153.490,153.478,153.486
2026-09-10 06:27,153.482,153.496,153.480,153.494
2026-09-10 06:28,153.486,153.515,153.478,153.505
2026-09-10 06:29,153.505,153.537,153.495,153.531
2026-09-10 06:30,153.520,153.534,153.500,153.518
2026-09-10 06:31,153.517,153.565,153.509,153.560
2026-09-10 06:32,153.552,153.563,153.529,153.530
2026-09-10 06:33,153.536,153.548,153.525,153.529
2026-09-10 06:34,153.532,153.538,153.518,153.523
2026-09-10 06:35,153.531,153.555,153.530,153.554
2026-09-10 06:36,153.548,153.592,153.548,153.578
2026-09-10 06:37,153.572,153.595,153.565,153.571
2026-09-10 06:38,153.565,153.585,153.560,153.568
2026-09-10 06:39,153.562,153.571,153.540,153.547
2026-09-10 06:40,153.543,153.562,153.531,153.559
2026-09-10 06:41,153.555,153.598,153.552,153.573
2026-09-10 06:42,153.572,153.582,153.552,153.562
2026-09-10 06:43,153.560,153.593,153.560,153.587
2026-09-10 06:44,153.588,153.612,153.587,153.609
2026-09-10 06:45,153.603,153.609,153.586,153.586
2026-09-10 06:46,153.587,153.592,153.547,153.554
2026-09-10 06:47,153.551,153.566,153.539,153.560
2026-09-10 06:48,153.560,153.574,153.542,153.552
2026-09-10 06:49,153.547,153.554,153.537,153.552
2026-09-10 06:50,153.546,153.567,153.533,153.534
2026-09-10 06:51,153.539,153.564,153.527,153.564
2026-09-10 06:52,153.557,153.598,153.556,153.583
2026-09-10 06:53,153.581,153.596,153.556,153.557
2026-09-10 06:54,153.557,153.565,153.482,153.486
2026-09-10 06:55,153.486,153.527,153.476,153.507
2026-09-10 06:56,153.500,153.510,153.460,153.482
2026-09-10 06:57,153.476,153.483,153.434,153.437
2026-09-10 06:58,153.443,153.445,153.427,153.433
2026-09-10 06:59,153.428,153.436,153.405,153.415
2026-09-10 07:00,153.416,153.449,153.409,153.436
2026-09-10 07:01,153.430,153.491,153.430,153.467
2026-09-10 07:02,153.460,153.491,153.444,153.489
2026-09-10 07:03,153.487,153.507,153.482,153.495
2026-09-10 07:04,153.502,153.531,153.490,153.503
2026-09-10 07:05,153.503,153.565,153.503,153.564
2026-09-10 07:06,153.560,153.564,153.527,153.532
2026-09-10 07:07,153.532,153.541,153.526,153.531
2026-09-10 07:08,153.530,153.554,153.526,153.547
2026-09-10 07:09,153.547,153.547,153.507,153.513
2026-09-10 07:10,153.514,153.536,153.500,153.508
2026-09-10 07:11,153.503,153.511,153.484,153.490
2026-09-10 07:12,153.494,153.532,153.476,153.526
2026-09-10 07:13,153.531,153.554,153.526,153.547
2026-09-10 07:14,153.546,153.559,153.530,153.545
2026-09-10 07:15,153.549,153.556,153.523,153.526
2026-09-10 07:16,153.522,153.529,153.475,153.486
2026-09-10 07:17,153.479,153.494,153.451,153.493
2026-09-10 07:18,153.489,153.517,153.483,153.510
2026-09-10 07:19,153.507,153.531,153.500,153.505
2026-09-10 07:20,153.505,153.511,153.479,153.503
2026-09-10 07:21,153.503,153.514,153.483,153.490
2026-09-10 07:22,153.483,153.491,153.458,153.470
2026-09-10 07:23,153.468,153.482,153.452,153.475
2026-09-10 07:24,153.475,153.500,153.440,153.447
2026-09-10 07:25,153.452,153.456,153.416,153.449
2026-09-10 07:26,153.443,153.458,153.416,153.423
2026-09-10 07:27,153.417,153.455,153.415,153.451
2026-09-10 07:28,153.446,153.458,153.406,153.414
2026-09-10 07:29,153.412,153.428,153.395,153.410
2026-09-10 07:30,153.409,153.412,153.371,153.400
2026-09-10 07:31,153.395,153.427,153.374,153.390
2026-09-10 07:32,153.389,153.398,153.348,153.348
2026-09-10 07:33,153.349,153.374,153.346,153.370
2026-09-10 07:34,153.372,153.389,153.360,153.362
2026-09-10 07:35,153.361,153.367,153.331,153.331
2026-09-10 07:36,153.337,153.360,153.315,153.352
2026-09-10 07:37,153.357,153.391,153.345,153.383
2026-09-10 07:38,153.383,153.400,153.373,153.385
2026-09-10 07:39,153.385,153.417,153.385,153.406
2026-09-10 07:40,153.403,153.425,153.385,153.420
2026-09-10 07:41,153.426,153.432,153.416,153.418
2026-09-10 07:42,153.418,153.440,153.417,153.428
2026-09-10 07:43,153.433,153.436,153.420,153.430
2026-09-10 07:44,153.427,153.433,153.405,153.409
2026-09-10 07:45,153.409,153.443,153.408,153.441
2026-09-10 07:46,153.437,153.444,153.412,153.427
2026-09-10 07:47,153.429,153.436,153.402,153.404
2026-09-10 07:48,153.404,153.431,153.404,153.426
2026-09-10 07:49,153.424,153.436,153.413,153.426
2026-09-10 07:50,153.429,153.433,153.398,153.398
2026-09-10 07:51,153.397,153.411,153.383,153.387
2026-09-10 07:52,153.387,153.409,153.382,153.397
2026-09-10 07:53,153.401,153.403,153.362,153.362
2026-09-10 07:54,153.362,153.386,153.360,153.360
2026-09-10 07:55,153.366,153.376,153.357,153.364
2026-09-10 07:56,153.363,153.386,153.360,153.373
2026-09-10 07:57,153.368,153.417,153.368,153.399
2026-09-10 07:58,153.399,153.409,153.348,153.353
2026-09-10 07:59,153.358,153.397,153.350,153.389
2026-09-10 08:00,153.394,153.443,153.387,153.431
2026-09-10 08:01,153.431,153.463,153.420,153.441
2026-09-10 08:02,153.434,153.444,153.407,153.425
2026-09-10 08:03,153.428,153.482,153.421,153.475
2026-09-10 08:04,153.475,153.514,153.467,153.507
2026-09-10 08:05,153.504,153.525,153.488,153.513
2026-09-10 08:06,153.512,153.531,153.500,153.529
2026-09-10 08:07,153.524,153.537,153.515,153.515
2026-09-10 08:08,153.522,153.538,153.515,153.526
2026-09-10 08:09,153.526,153.558,153.526,153.548
2026-09-10 08:10,153.548,153.583,153.545,153.567
2026-09-10 08:11,153.570,153.575,153.541,153.559
2026-09-10 08:12,153.559,153.588,153.555,153.582
2026-09-10 08:13,153.576,153.597,153.572,153.586
2026-09-10 08:14,153.586,153.606,153.569,153.572
2026-09-10 08:15,153.579,153.602,153.572,153.593
2026-09-10 08:16,153.598,153.608,153.580,153.588
2026-09-10 08:17,153.587,153.594,153.560,153.566
2026-09-10 08:18,153.562,153.586,153.549,153.565
2026-09-10 08:19,153.567,153.572,153.541,153.562
2026-09-10 08:20,153.566,153.570,153.548,153.556
2026-09-10 08:21,153.551,153.565,153.538,153.557
2026-09-10 08:22,153.557,153.590,153.552,153.563
2026-09-10 08:23,153.558,153.589,153.555,153.588
2026-09-10 08:24,153.580,153.628,153.580,153.612
2026-09-10 08:25,153.606,153.609,153.592,153.594
2026-09-10 08:26,153.601,153.603,153.582,153.594
2026-09-10 08:27,153.587,153.628,153.587,153.597
2026-09-10 08:28,153.601,153.629,153.593,153.610
2026-09-10 08:29,153.603,153.624,153.561,153.573
2026-09-10 08:30,153.569,153.605,153.565,153.570
2026-09-10 08:31,153.572,153.594,153.565,153.586
2026-09-10 08:32,153.587,153.602,153.574,153.576
2026-09-10 08:33,153.576,153.596,153.575,153.589
2026-09-10 08:34,153.591,153.607,153.584,153.590
2026-09-10 08:35,153.590,153.640,153.583,153.622
2026-09-10 08:36,153.620,153.633,153.598,153.604
2026-09-10 08:37,153.598,153.624,153.593,153.619
2026-09-10 08:38,153.616,153.642,153.616,153.621
2026-09-10 08:39,153.620,153.651,153.618,153.630
2026-09-10 08:40,153.627,153.641,153.627,153.635
2026-09-10 08:41,153.632,153.652,153.620,153.647
2026-09-10 08:42,153.635,153.663,153.635,153.647
2026-09-10 08:43,153.647,153.655,153.635,153.650
2026-09-10 08:44,153.647,153.661,153.630,153.645
2026-09-10 08:45,153.639,153.646,153.623,153.628
2026-09-10 08:46,153.629,153.629,153.599,153.620
2026-09-10 08:47,153.622,153.650,153.618,153.649
2026-09-10 08:48,153.643,153.664,153.637,153.655
2026-09-10 08:49,153.654,153.691,153.648,153.687
2026-09-10 08:50,153.685,153.692,153.665,153.670
2026-09-10 08:51,153.665,153.677,153.659,153.664
2026-09-10 08:52,153.665,153.681,153.659,153.665
2026-09-10 08:53,153.671,153.672,153.645,153.645
2026-09-10 08:54,153.653,153.653,153.624,153.628
2026-09-10 08:55,153.627,153.647,153.619,153.622
2026-09-10 08:56,153.628,153.629,153.593,153.618
2026-09-10 08:57,153.619,153.641,153.608,153.632
2026-09-10 08:58,153.630,153.643,153.614,153.636
2026-09-10 08:59,153.635,153.640,153.618,153.621
2026-09-10 09:00,153.627,153.632,153.600,153.603
2026-09-10 09:01,153.603,153.633,153.603,153.613
2026-09-10 09:02,153.614,153.633,153.577,153.580
2026-09-10 09:03,153.580,153.592,153.573,153.586
2026-09-10 09:04,153.580,153.596,153.575,153.581
2026-09-10 09:05,153.575,153.598,153.565,153.587
2026-09-10 09:06,153.589,153.594,153.553,153.560
2026-09-10 09:07,153.553,153.575,153.553,153.561
2026-09-10 09:08,153.557,153.611,153.548,153.605
2026-09-10 09:09,153.610,153.639,153.604,153.633
2026-09-10 09:10,153.632,153.638,153.594,153.601
2026-09-10 09:11,153.595,153.618,153.592,153.607
2026-09-10 09:12,153.607,153.630,153.605,153.617
2026-09-10 09:13,153.614,153.624,153.607,153.618
2026-09-10 09:14,153.612,153.619,153.592,153.615
2026-09-10 09:15,153.610,153.641,153.607,153.634
2026-09-10 09:16,153.640,153.643,153.614,153.621
2026-09-10 09:17,153.615,153.630,153.608,153.622
2026-09-10 09:18,153.620,153.659,153.620,153.651
2026-09-10 09:19,153.657,153.662,153.647,153.647
2026-09-10 09:20,153.647,153.661,153.634,153.650
2026-09-10 09:21,153.649,153.699,153.649,153.674
2026-09-10 09:22,153.671,153.695,153.671,153.681
2026-09-10 09:23,153.681,153.698,153.677,153.681
2026-09-10 09:24,153.688,153.699,153.680,153.692
2026-09-10 09:25,153.691,153.747,153.691,153.730
2026-09-10 09:26,153.723,153.733,153.703,153.708
2026-09-10 09:27,153.704,153.712,153.675,153.683
2026-09-10 09:28,153.681,153.700,153.675,153.690
2026-09-10 09:29,153.692,153.717,153.688,153.711
2026-09-10 09:30,153.707,153.724,153.701,153.708
2026-09-10 09:31,153.704,153.776,153.703,153.764
2026-09-10 09:32,153.764,153.775,153.748,153.758
2026-09-10 09:33,153.763,153.765,153.741,153.755
2026-09-10 09:34,153.750,153.772,153.742,153.753
2026-09-10 09:35,153.756,153.767,153.722,153.723
2026-09-10 09:36,153.726,153.743,153.714,153.736
2026-09-10 09:37,153.732,153.758,153.725,153.737
2026-09-10 09:38,153.737,153.744,153.726,153.726
2026-09-10 09:39,153.726,153.738,153.713,153.731
2026-09-10 09:40,153.731,153.744,153.712,153.712
2026-09-10 09:41,153.712,153.721,153.696,153.709
2026-09-10 09:42,153.712,153.737,153.709,153.728
2026-09-10 09:43,153.730,153.736,153.694,153.701
2026-09-10 09:44,153.694,153.702,153.664,153.664
2026-09-10 09:45,153.660,153.682,153.655,153.669
2026-09-10 09:46,153.674,153.684,153.657,153.671
2026-09-10 09:47,153.671,153.691,153.663,153.670
2026-09-10 09:48,153.672,153.683,153.660,153.676
2026-09-10 09:49,153.669,153.678,153.664,153.672
2026-09-10 09:50,153.669,153.690,153.668,153.680
2026-09-10 09:51,153.680,153.701,153.675,153.676
2026-09-10 09:52,153.681,153.684,153.658,153.658
2026-09-10 09:53,153.658,153.688,153.654,153.680
2026-09-10 09:54,153.680,153.692,153.680,153.690
2026-09-10 09:55,153.682,153.696,153.680,153.681
2026-09-10 09:56,153.686,153.691,153.680,153.683
2026-09-10 09:57,153.688,153.705,153.677,153.697
2026-09-10 09:58,153.695,153.707,153.690,153.691
2026-09-10 09:59,153.692,153.711,153.692,153.694
2026-09-10 10:00,153.694,153.712,153.686,153.693
2026-09-10 10:01,153.699,153.704,153.690,153.694
2026-09-10 10:02,153.694,153.700,153.670,153.675
2026-09-10 10:03,153.671,153.686,153.660,153.670
2026-09-10 10:04,153.674,153.685,153.659,153.682
2026-09-10 10:05,153.679,153.687,153.655,153.663
2026-09-10 10:06,153.660,153.676,153.654,153.670
2026-09-10 10:07,153.670,153.719,153.670,153.717
2026-09-10 10:08,153.711,153.721,153.696,153.699
2026-09-10 10:09,153.696,153.702,153.679,153.685
2026-09-10 10:10,153.692,153.693,153.678,153.682
2026-09-10 10:11,153.681,153.697,153.672,153.679
2026-09-10 10:12,153.678,153.708,153.668,153.700
2026-09-10 10:13,153.699,153.718,153.675,153.714
2026-09-10 10:14,153.711,153.728,153.710,153.716
2026-09-10 10:15,153.717,153.730,153.705,153.707
2026-09-10 10:16,153.707,153.724,153.705,153.719
2026-09-10 10:17,153.718,153.728,153.715,153.716
2026-09-10 10:18,153.716,153.738,153.715,153.735
2026-09-10 10:19,153.733,153.745,153.725,153.744
2026-09-10 10:20,153.737,153.771,153.737,153.764
2026-09-10 10:21,153.766,153.774,153.750,153.761
2026-09-10 10:22,153.762,153.767,153.748,153.750
2026-09-10 10:23,153.750,153.790,153.749,153.784
2026-09-10 10:24,153.784,153.815,153.784,153.788
2026-09-10 10:25,153.788,153.808,153.787,153.801
2026-09-10 10:26,153.801,153.829,153.800,153.816
2026-09-10 10:27,153.816,153.827,153.808,153.813
2026-09-10 10:28,153.813,153.857,153.813,153.853
2026-09-10 10:29,153.849,153.880,153.837,153.869
2026-09-10 10:30,153.869,153.877,153.841,153.849
2026-09-10 10:31,153.852,153.872,153.833,153.866
2026-09-10 10:32,153.866,153.921,153.866,153.902
2026-09-10 10:33,153.897,153.916,153.895,153.904
2026-09-10 10:34,153.902,153.919,153.896,153.909
2026-09-10 10:35,153.904,153.975,153.904,153.965
2026-09-10 10:36,153.973,154.070,153.963,154.016
2026-09-10 10:37,154.016,154.045,154.002,154.005
2026-09-10 10:38,154.008,154.083,154.005,154.058
2026-09-10 10:39,154.062,154.067,154.030,154.039
2026-09-10 10:40,154.028,154.088,154.022,154.085
2026-09-10 10:41,154.079,154.122,154.067,154.095
2026-09-10 10:42,154.090,154.101,154.047,154.063
2026-09-10 10:43,154.067,154.122,154.058,154.103
2026-09-10 10:44,154.103,154.139,154.092,154.128
2026-09-10 10:45,154.125,154.135,154.100,154.100
2026-09-10 10:46,154.100,154.122,154.067,154.088
2026-09-10 10:47,154.083,154.102,154.075,154.097
2026-09-10 10:48,154.094,154.118,154.075,154.100
2026-09-10 10:49,154.100,154.118,154.071,154.107
2026-09-10 10:50,154.100,154.110,154.065,154.081
2026-09-10 10:51,154.080,154.127,154.069,154.123
2026-09-10 10:52,154.125,154.174,154.119,154.173
2026-09-10 10:53,154.165,154.173,154.137,154.158
2026-09-10 10:54,154.157,154.162,154.134,154.158
2026-09-10 10:55,154.153,154.162,154.115,154.121
2026-09-10 10:56,154.115,154.131,154.044,154.094
2026-09-10 10:57,154.085,154.100,154.062,154.063
2026-09-10 10:58,154.065,154.112,154.062,154.105
2026-09-10 10:59,154.105,154.114,154.068,154.069
2026-09-10 11:00,154.074,154.082,154.061,154.079
2026-09-10 11:01,154.075,154.078,154.044,154.053
2026-09-10 11:02,154.052,154.077,154.045,154.076
2026-09-10 11:03,154.070,154.098,154.064,154.080
2026-09-10 11:04,154.080,154.088,154.048,154.056
2026-09-10 11:05,154.049,154.062,154.032,154.043
2026-09-10 11:06,154.048,154.081,154.031,154.074
2026-09-10 11:07,154.079,154.084,154.056,154.058
2026-09-10 11:08,154.058,154.082,154.048,154.057
2026-09-10 11:09,154.048,154.129,154.048,154.128
2026-09-10 11:10,154.121,154.134,154.100,154.127
2026-09-10 11:11,154.124,154.171,154.124,154.162
2026-09-10 11:12,154.171,154.200,154.160,154.184
2026-09-10 11:13,154.181,154.200,154.168,154.191
2026-09-10 11:14,154.190,154.201,154.148,154.154
2026-09-10 11:15,154.148,154.158,154.134,154.139
2026-09-10 11:16,154.139,154.158,154.139,154.152
2026-09-10 11:17,154.149,154.164,154.118,154.123
2026-09-10 11:18,154.129,154.146,154.108,154.120
2026-09-10 11:19,154.115,154.121,154.085,154.085
2026-09-10 11:20,154.090,154.096,154.075,154.089
2026-09-10 11:21,154.089,154.111,154.080,154.110
2026-09-10 11:22,154.105,154.127,154.101,154.120
2026-09-10 11:23,154.120,154.161,154.118,154.156
2026-09-10 11:24,154.154,154.165,154.134,154.148
2026-09-10 11:25,154.142,154.151,154.098,154.101
2026-09-10 11:26,154.106,154.114,154.091,154.093
2026-09-10 11:27,154.098,154.100,154.078,154.080
2026-09-10 11:28,154.085,154.111,154.069,154.109
2026-09-10 11:29,154.111,154.114,154.099,154.109
2026-09-10 11:30,154.104,154.116,154.092,154.096
2026-09-10 11:31,154.102,154.102,154.074,154.080
2026-09-10 11:32,154.083,154.098,154.073,154.079
2026-09-10 11:33,154.083,154.118,154.077,154.102
2026-09-10 11:34,154.101,154.119,154.089,154.109
2026-09-10 11:35,154.112,154.118,154.095,154.095
2026-09-10 11:36,154.101,154.112,154.094,154.106
2026-09-10 11:37,154.106,154.134,154.106,154.110
2026-09-10 11:38,154.110,154.117,154.086,154.087
2026-09-10 11:39,154.088,154.097,154.084,154.090
2026-09-10 11:40,154.091,154.093,154.056,154.063
2026-09-10 11:41,154.068,154.075,154.045,154.069
2026-09-10 11:42,154.069,154.076,154.057,154.061
2026-09-10 11:43,154.066,154.108,154.062,154.108
2026-09-10 11:44,154.105,154.110,154.068,154.068
2026-09-10 11:45,154.074,154.076,154.052,154.056
2026-09-10 11:46,154.063,154.091,154.056,154.088
2026-09-10 11:47,154.088,154.124,154.084,154.120
2026-09-10 11:48,154.116,154.124,154.093,154.093
2026-09-10 11:49,154.093,154.102,154.079,154.083
2026-09-10 11:50,154.079,154.104,154.077,154.093
2026-09-10 11:51,154.093,154.116,154.093,154.107
2026-09-10 11:52,154.107,154.150,154.103,154.140
2026-09-10 11:53,154.145,154.146,154.106,154.127
2026-09-10 11:54,154.128,154.136,154.105,154.107
2026-09-10 11:55,154.109,154.158,154.109,154.152
2026-09-10 11:56,154.146,154.172,154.131,154.161
2026-09-10 11:57,154.168,154.179,154.145,154.149
2026-09-10 11:58,154.149,154.177,154.149,154.164
2026-09-10 11:59,154.166,154.170,154.140,154.152
2026-09-10 12:00,154.152,154.160,154.130,154.143
2026-09-10 12:01,154.142,154.189,154.139,154.179
2026-09-10 12:02,154.179,154.199,154.165,154.188
2026-09-10 12:03,154.190,154.224,154.188,154.205
2026-09-10 12:04,154.210,154.222,154.181,154.190
2026-09-10 12:05,154.192,154.199,154.175,154.175
2026-09-10 12:06,154.174,154.185,154.153,154.163
2026-09-10 12:07,154.158,154.192,154.151,154.176
2026-09-10 12:08,154.176,154.183,154.154,154.168
2026-09-10 12:09,154.161,154.192,154.153,154.178
2026-09-10 12:10,154.184,154.205,154.151,154.204
2026-09-10 12:11,154.204,154.230,154.201,154.228
2026-09-10 12:12,154.223,154.229,154.210,154.218
2026-09-10 12:13,154.218,154.272,154.218,154.271
2026-09-10 12:14,154.270,154.323,154.259,154.305
2026-09-10 12:15,154.294,154.320,154.268,154.295
2026-09-10 12:16,154.287,154.308,154.260,154.292
2026-09-10 12:17,154.293,154.314,154.284,154.298
2026-09-10 12:18,154.306,154.317,154.281,154.291
2026-09-10 12:19,154.291,154.306,154.278,154.283
2026-09-10 12:20,154.290,154.341,154.282,154.335
2026-09-10 12:21,154.329,154.377,154.324,154.345
2026-09-10 12:22,154.353,154.378,154.345,154.356
2026-09-10 12:23,154.359,154.377,154.312,154.317
2026-09-10 12:24,154.323,154.331,154.288,154.299
2026-09-10 12:25,154.290,154.298,154.280,154.295
2026-09-10 12:26,154.290,154.350,154.289,154.339
2026-09-10 12:27,154.340,154.346,154.314,154.323
2026-09-10 12:28,154.322,154.358,154.320,154.358
2026-09-10 12:29,154.350,154.374,154.350,154.358
2026-09-10 12:30,154.353,154.436,154.206,154.401
2026-09-10 12:31,154.408,154.449,154.389,154.392
2026-09-10 12:32,154.395,154.606,154.392,154.558
2026-09-10 12:33,154.552,154.670,154.542,154.640
2026-09-10 12:34,154.632,154.667,154.577,154.632
2026-09-10 12:35,154.630,154.642,154.537,154.565
2026-09-10 12:36,154.555,154.585,154.493,154.543
2026-09-10 12:37,154.544,154.570,154.519,154.542
2026-09-10 12:38,154.538,154.594,154.524,154.555
2026-09-10 12:39,154.560,154.573,154.471,154.485
2026-09-10 12:40,154.480,154.531,154.464,154.502
2026-09-10 12:41,154.492,154.525,154.455,154.474
2026-09-10 12:42,154.472,154.515,154.440,154.450
2026-09-10 12:43,154.445,154.494,154.425,154.494
2026-09-10 12:44,154.486,154.495,154.401,154.416
2026-09-10 12:45,154.424,154.448,154.400,154.419
2026-09-10 12:46,154.423,154.430,154.392,154.394
2026-09-10 12:47,154.394,154.399,154.326,154.361
2026-09-10 12:48,154.357,154.396,154.348,154.374
2026-09-10 12:49,154.382,154.384,154.345,154.363
2026-09-10 12:50,154.364,154.376,154.285,154.299
2026-09-10 12:51,154.306,154.374,154.291,154.322
2026-09-10 12:52,154.330,154.387,154.321,154.361
2026-09-10 12:53,154.345,154.382,154.336,154.372
2026-09-10 12:54,154.370,154.378,154.283,154.289
2026-09-10 12:55,154.289,154.326,154.264,154.313
2026-09-10 12:56,154.310,154.378,154.307,154.364
2026-09-10 12:57,154.369,154.396,154.333,154.349
2026-09-10 12:58,154.343,154.357,154.314,154.352
2026-09-10 12:59,154.344,154.385,154.344,154.345
2026-09-10 13:00,154.345,154.364,154.281,154.296
2026-09-10 13:01,154.290,154.330,154.257,154.276
2026-09-10 13:02,154.268,154.287,154.231,154.245
2026-09-10 13:03,154.244,154.267,154.233,154.247
2026-09-10 13:04,154.251,154.253,154.208,154.247
2026-09-10 13:05,154.248,154.277,154.220,154.265
2026-09-10 13:06,154.256,154.272,154.235,154.249
2026-09-10 13:07,154.247,154.247,154.187,154.241
2026-09-10 13:08,154.235,154.269,154.233,154.257
2026-09-10 13:09,154.262,154.274,154.230,154.260
2026-09-10 13:10,154.260,154.294,154.255,154.266
2026-09-10 13:11,154.266,154.282,154.234,154.259
2026-09-10 13:12,154.259,154.268,154.235,154.247
2026-09-10 13:13,154.252,154.253,154.215,154.245
2026-09-10 13:14,154.239,154.247,154.202,154.238
2026-09-10 13:15,154.238,154.256,154.203,154.218
2026-09-10 13:16,154.222,154.300,154.215,154.287
2026-09-10 13:17,154.290,154.304,154.268,154.280
2026-09-10 13:18,154.276,154.322,154.257,154.312
2026-09-10 13:19,154.309,154.348,154.303,154.321
2026-09-10 13:20,154.331,154.331,154.264,154.270
2026-09-10 13:21,154.263,154.306,154.240,154.258
2026-09-10 13:22,154.260,154.268,154.212,154.257
2026-09-10 13:23,154.252,154.271,154.247,154.271
2026-09-10 13:24,154.266,154.302,154.266,154.286
2026-09-10 13:25,154.282,154.306,154.274,154.281
2026-09-10 13:26,154.286,154.301,154.249,154.257
2026-09-10 13:27,154.258,154.277,154.205,154.213
2026-09-10 13:28,154.205,154.274,154.200,154.246
2026-09-10 13:29,154.243,154.257,154.216,154.216
2026-09-10 13:30,154.219,154.222,154.178,154.205
2026-09-10 13:31,154.208,154.256,154.183,154.196
2026-09-10 13:32,154.193,154.201,154.140,154.155
2026-09-10 13:33,154.159,154.179,154.138,154.141
2026-09-10 13:34,154.145,154.176,154.136,154.174
2026-09-10 13:35,154.168,154.179,154.146,154.168
2026-09-10 13:36,154.177,154.182,154.133,154.174
2026-09-10 13:37,154.180,154.205,154.163,154.167
2026-09-10 13:38,154.164,154.177,154.137,154.169
2026-09-10 13:39,154.177,154.200,154.167,154.168
2026-09-10 13:40,154.173,154.212,154.169,154.193
2026-09-10 13:41,154.194,154.206,154.168,154.168
2026-09-10 13:42,154.174,154.177,154.119,154.144
2026-09-10 13:43,154.141,154.146,154.118,154.124
2026-09-10 13:44,154.124,154.152,154.118,154.152
2026-09-10 13:45,154.151,154.153,154.077,154.088
2026-09-10 13:46,154.092,154.092,154.037,154.058
2026-09-10 13:47,154.052,154.062,153.984,154.002
2026-09-10 13:48,154.004,154.019,153.968,153.987
2026-09-10 13:49,153.987,154.010,153.973,153.992
2026-09-10 13:50,153.992,154.046,153.990,154.038
2026-09-10 13:51,154.035,154.055,154.021,154.025
2026-09-10 13:52,154.030,154.060,154.008,154.058
2026-09-10 13:53,154.060,154.111,154.053,154.106
2026-09-10 13:54,154.098,154.117,154.064,154.095
2026-09-10 13:55,154.095,154.105,154.072,154.086
2026-09-10 13:56,154.085,154.128,154.079,154.127
2026-09-10 13:57,154.120,154.137,154.114,154.125
2026-09-10 13:58,154.125,154.132,154.059,154.066
2026-09-10 13:59,154.066,154.070,154.035,154.042
2026-09-10 14:00,154.047,154.068,154.010,154.054
2026-09-10 14:01,154.047,154.061,153.997,154.004
2026-09-10 14:02,154.005,154.006,153.954,153.987
2026-09-10 14:03,153.980,154.009,153.972,154.001
2026-09-10 14:04,153.998,154.005,153.950,153.959
2026-09-10 14:05,153.958,153.962,153.916,153.939
2026-09-10 14:06,153.939,153.944,153.882,153.891
2026-09-10 14:07,153.893,153.896,153.842,153.879
2026-09-10 14:08,153.879,153.899,153.858,153.864
2026-09-10 14:09,153.868,153.882,153.841,153.875
2026-09-10 14:10,153.880,153.890,153.843,153.869
2026-09-10 14:11,153.873,153.894,153.861,153.871
2026-09-10 14:12,153.864,153.950,153.864,153.941
2026-09-10 14:13,153.948,153.949,153.884,153.884
2026-09-10 14:14,153.889,153.900,153.845,153.898
2026-09-10 14:15,153.893,153.925,153.889,153.906
2026-09-10 14:16,153.905,153.950,153.903,153.922
2026-09-10 14:17,153.926,153.971,153.914,153.964
2026-09-10 14:18,153.963,153.982,153.928,153.930
2026-09-10 14:19,153.935,153.982,153.931,153.981
2026-09-10 14:20,153.977,153.985,153.910,153.935
2026-09-10 14:21,153.942,153.967,153.925,153.948
2026-09-10 14:22,153.941,153.967,153.925,153.942
2026-09-10 14:23,153.940,153.996,153.938,153.992
2026-09-10 14:24,153.985,154.011,153.856,153.898
2026-09-10 14:25,153.896,153.967,153.862,153.961
2026-09-10 14:26,153.967,154.022,153.962,154.013
2026-09-10 14:27,154.019,154.023,153.961,153.973
2026-09-10 14:28,153.979,153.983,153.939,153.948
2026-09-10 14:29,153.948,153.985,153.938,153.965
2026-09-10 14:30,153.978,154.018,153.961,154.000
2026-09-10 14:31,154.004,154.023,153.995,153.995
2026-09-10 14:32,153.995,154.000,153.925,153.930
2026-09-10 14:33,153.937,153.944,153.913,153.930
2026-09-10 14:34,153.936,153.939,153.878,153.892
2026-09-10 14:35,153.894,153.919,153.880,153.905
2026-09-10 14:36,153.918,153.943,153.884,153.897
2026-09-10 14:37,153.896,153.961,153.885,153.948
2026-09-10 14:38,153.941,154.010,153.941,153.981
2026-09-10 14:39,153.988,154.017,153.979,153.992
2026-09-10 14:40,153.985,154.009,153.966,154.003
2026-09-10 14:41,153.997,154.004,153.962,153.990
2026-09-10 14:42,153.990,154.033,153.985,154.027
2026-09-10 14:43,154.024,154.058,154.024,154.033
2026-09-10 14:44,154.036,154.056,154.023,154.031
2026-09-10 14:45,154.032,154.039,154.009,154.025
2026-09-10 14:46,154.022,154.065,154.017,154.055
2026-09-10 14:47,154.061,154.082,154.050,154.074
2026-09-10 14:48,154.074,154.083,154.031,154.045
2026-09-10 14:49,154.038,154.045,154.011,154.013
2026-09-10 14:50,154.013,154.024,153.991,154.001
2026-09-10 14:51,153.999,154.003,153.975,153.983
2026-09-10 14:52,153.983,154.015,153.977,153.991
2026-09-10 14:53,153.992,154.008,153.960,153.968
2026-09-10 14:54,153.964,154.002,153.960,153.998
2026-09-10 14:55,153.998,154.021,153.965,154.010
2026-09-10 14:56,154.004,154.018,153.938,153.946
2026-09-10 14:57,153.946,153.946,153.901,153.912
2026-09-10 14:58,153.912,153.925,153.891,153.899
2026-09-10 14:59,153.895,153.903,153.880,153.885
2026-09-10 15:00,153.887,153.929,153.876,153.907
2026-09-10 15:01,153.909,153.947,153.903,153.941
2026-09-10 15:02,153.935,153.962,153.918,153.918
2026-09-10 15:03,153.934,153.934,153.861,153.877
2026-09-10 15:04,153.878,153.896,153.846,153.890
2026-09-10 15:05,153.883,153.905,153.873,153.886
2026-09-10 15:06,153.885,153.952,153.885,153.943
2026-09-10 15:07,153.947,153.951,153.925,153.936
2026-09-10 15:08,153.938,153.950,153.920,153.928
2026-09-10 15:09,153.922,153.962,153.920,153.940
2026-09-10 15:10,153.942,153.944,153.901,153.908
2026-09-10 15:11,153.910,153.935,153.897,153.927
2026-09-10 15:12,153.929,153.966,153.927,153.945
2026-09-10 15:13,153.943,153.970,153.929,153.941
2026-09-10 15:14,153.944,153.950,153.922,153.930
2026-09-10 15:15,153.934,153.947,153.914,153.919
2026-09-10 15:16,153.924,153.937,153.902,153.904
2026-09-10 15:17,153.904,153.910,153.875,153.898
2026-09-10 15:18,153.904,153.904,153.873,153.885
2026-09-10 15:19,153.883,153.925,153.882,153.919
2026-09-10 15:20,153.920,153.930,153.901,153.924
2026-09-10 15:21,153.926,153.937,153.888,153.890
2026-09-10 15:22,153.890,153.911,153.888,153.902
2026-09-10 15:23,153.903,153.951,153.901,153.937
2026-09-10 15:24,153.939,153.967,153.933,153.959
2026-09-10 15:25,153.956,153.996,153.953,153.986
2026-09-10 15:26,153.986,154.015,153.986,154.008
2026-09-10 15:27,154.008,154.023,153.978,153.983
2026-09-10 15:28,153.988,154.002,153.976,153.994
2026-09-10 15:29,153.996,154.029,153.991,154.028
2026-09-10 15:30,154.023,154.034,154.013,154.021
2026-09-10 15:31,154.021,154.031,154.013,154.022
2026-09-10 15:32,154.020,154.039,154.016,154.032
2026-09-10 15:33,154.032,154.042,154.006,154.010
2026-09-10 15:34,154.015,154.033,154.006,154.020
2026-09-10 15:35,154.025,154.031,154.012,154.022
2026-09-10 15:36,154.022,154.047,154.022,154.039
2026-09-10 15:37,154.038,154.067,154.036,154.036
2026-09-10 15:38,154.042,154.053,154.032,154.051
2026-09-10 15:39,154.052,154.057,154.036,154.046
2026-09-10 15:40,154.039,154.046,154.026,154.033
2026-09-10 15:41,154.037,154.049,154.025,154.027
2026-09-10 15:42,154.027,154.047,154.026,154.031
2026-09-10 15:43,154.030,154.043,154.029,154.039
2026-09-10 15:44,154.033,154.052,154.033,154.047
2026-09-10 15:45,154.047,154.053,154.034,154.044
2026-09-10 15:46,154.045,154.065,154.038,154.060
2026-09-10 15:47,154.067,154.074,154.057,154.058
2026-09-10 15:48,154.063,154.094,154.058,154.093
2026-09-10 15:49,154.087,154.105,154.083,154.086
2026-09-10 15:50,154.083,154.118,154.073,154.110
2026-09-10 15:51,154.113,154.119,154.080,154.082
2026-09-10 15:52,154.084,154.085,154.045,154.052
2026-09-10 15:53,154.046,154.053,154.018,154.022
2026-09-10 15:54,154.025,154.058,154.021,154.051
2026-09-10 15:55,154.053,154.066,154.040,154.063
2026-09-10 15:56,154.058,154.063,154.044,154.052
2026-09-10 15:57,154.049,154.077,154.049,154.072
2026-09-10 15:58,154.073,154.080,154.056,154.056
2026-09-10 15:59,154.056,154.072,154.044,154.060
2026-09-10 16:00,154.060,154.088,154.049,154.049
2026-09-10 16:01,154.052,154.082,154.044,154.072
2026-09-10 16:02,154.072,154.093,154.062,154.087
2026-09-10 16:03,154.087,154.122,154.084,154.118
2026-09-10 16:04,154.112,154.156,154.110,154.148
2026-09-10 16:05,154.154,154.163,154.132,154.154
2026-09-10 16:06,154.147,154.177,154.142,154.167
2026-09-10 16:07,154.167,154.188,154.158,154.186
2026-09-10 16:08,154.179,154.204,154.168,154.184
2026-09-10 16:09,154.185,154.199,154.170,154.197
2026-09-10 16:10,154.190,154.214,154.169,154.196
2026-09-10 16:11,154.187,154.201,154.187,154.190
2026-09-10 16:12,154.193,154.201,154.179,154.191
2026-09-10 16:13,154.193,154.210,154.180,154.189
2026-09-10 16:14,154.188,154.199,154.179,154.191
2026-09-10 16:15,154.191,154.212,154.191,154.204
2026-09-10 16:16,154.204,154.248,154.203,154.247
2026-09-10 16:17,154.244,154.249,154.223,154.234
2026-09-10 16:18,154.242,154.242,154.226,154.232
2026-09-10 16:19,154.229,154.233,154.213,154.222
2026-09-10 16:20,154.220,154.233,154.215,154.221
2026-09-10 16:21,154.226,154.246,154.218,154.239
2026-09-10 16:22,154.238,154.259,154.238,154.250
2026-09-10 16:23,154.249,154.265,154.248,154.253
2026-09-10 16:24,154.259,154.261,154.212,154.223
2026-09-10 16:25,154.222,154.228,154.206,154.220
2026-09-10 16:26,154.220,154.247,154.216,154.239
2026-09-10 16:27,154.236,154.260,154.235,154.247
2026-09-10 16:28,154.247,154.267,154.244,154.259
2026-09-10 16:29,154.259,154.290,154.259,154.272
2026-09-10 16:30,154.277,154.301,154.269,154.284
2026-09-10 16:31,154.290,154.290,154.261,154.264
2026-09-10 16:32,154.271,154.281,154.248,154.251
2026-09-10 16:33,154.255,154.282,154.248,154.276
2026-09-10 16:34,154.277,154.324,154.261,154.319
2026-09-10 16:35,154.314,154.332,154.306,154.324
2026-09-10 16:36,154.324,154.337,154.319,154.328
2026-09-10 16:37,154.333,154.344,154.321,154.333
2026-09-10 16:38,154.333,154.374,154.331,154.367
2026-09-10 16:39,154.373,154.374,154.354,154.362
2026-09-10 16:40,154.361,154.362,154.332,154.341
2026-09-10 16:41,154.346,154.353,154.337,154.343
2026-09-10 16:42,154.343,154.393,154.343,154.382
2026-09-10 16:43,154.382,154.393,154.357,154.363
2026-09-10 16:44,154.357,154.364,154.332,154.342
2026-09-10 16:45,154.334,154.364,154.333,154.358
2026-09-10 16:46,154.358,154.378,154.357,154.365
2026-09-10 16:47,154.370,154.379,154.353,154.378
2026-09-10 16:48,154.371,154.377,154.350,154.358
2026-09-10 16:49,154.357,154.368,154.354,154.362
2026-09-10 16:50,154.357,154.361,154.315,154.322
2026-09-10 16:51,154.317,154.323,154.291,154.301
2026-09-10 16:52,154.297,154.304,154.273,154.286
2026-09-10 16:53,154.284,154.298,154.280,154.286
2026-09-10 16:54,154.286,154.302,154.280,154.294
2026-09-10 16:55,154.294,154.318,154.294,154.315
2026-09-10 16:56,154.310,154.334,154.305,154.325
2026-09-10 16:57,154.321,154.329,154.300,154.300
2026-09-10 16:58,154.302,154.312,154.295,154.295
2026-09-10 16:59,154.295,154.303,154.268,154.269
2026-09-10 17:00,154.275,154.277,154.241,154.265
2026-09-10 17:01,154.270,154.303,154.259,154.295
2026-09-10 17:02,154.302,154.302,154.239,154.281
2026-09-10 17:03,154.281,154.348,154.281,154.331
2026-09-10 17:04,154.331,154.337,154.290,154.300
2026-09-10 17:05,154.299,154.325,154.280,154.323
2026-09-10 17:06,154.321,154.335,154.305,154.313
2026-09-10 17:07,154.320,154.328,154.310,154.317
2026-09-10 17:08,154.322,154.327,154.317,154.318
2026-09-10 17:09,154.318,154.325,154.300,154.307
2026-09-10 17:10,154.305,154.311,154.270,154.282
2026-09-10 17:11,154.273,154.300,154.273,154.285
2026-09-10 17:12,154.285,154.294,154.270,154.283
2026-09-10 17:13,154.283,154.301,154.272,154.295
2026-09-10 17:14,154.296,154.296,154.268,154.268
2026-09-10 17:15,154.270,154.291,154.265,154.280
2026-09-10 17:16,154.283,154.289,154.260,154.270
2026-09-10 17:17,154.271,154.282,154.261,154.265
2026-09-10 17:18,154.265,154.305,154.259,154.302
2026-09-10 17:19,154.300,154.310,154.274,154.276
2026-09-10 17:20,154.276,154.280,154.253,154.262
2026-09-10 17:21,154.256,154.263,154.241,154.252
2026-09-10 17:22,154.253,154.257,154.211,154.214
2026-09-10 17:23,154.217,154.224,154.202,154.215
2026-09-10 17:24,154.214,154.244,154.212,154.233
2026-09-10 17:25,154.227,154.252,154.222,154.239
2026-09-10 17:26,154.242,154.252,154.233,154.237
2026-09-10 17:27,154.236,154.270,154.225,154.268
2026-09-10 17:28,154.267,154.276,154.249,154.252
2026-09-10 17:29,154.258,154.265,154.248,154.258
2026-09-10 17:30,154.255,154.277,154.244,154.270
2026-09-10 17:31,154.275,154.282,154.249,154.252
2026-09-10 17:32,154.254,154.259,154.250,154.250
2026-09-10 17:33,154.250,154.284,154.239,154.275
2026-09-10 17:34,154.281,154.282,154.271,154.278
2026-09-10 17:35,154.275,154.284,154.267,154.274
2026-09-10 17:36,154.273,154.276,154.260,154.264
2026-09-10 17:37,154.260,154.265,154.238,154.249
2026-09-10 17:38,154.249,154.257,154.233,154.236
2026-09-10 17:39,154.240,154.319,154.234,154.310
2026-09-10 17:40,154.313,154.318,154.292,154.307
2026-09-10 17:41,154.314,154.331,154.305,154.319
2026-09-10 17:42,154.312,154.332,154.307,154.320
2026-09-10 17:43,154.321,154.342,154.319,154.328
2026-09-10 17:44,154.322,154.330,154.308,154.312
2026-09-10 17:45,154.314,154.318,154.285,154.292
2026-09-10 17:46,154.293,154.306,154.286,154.298
2026-09-10 17:47,154.296,154.303,154.276,154.280
2026-09-10 17:48,154.283,154.298,154.275,154.291
2026-09-10 17:49,154.292,154.302,154.285,154.287
2026-09-10 17:50,154.287,154.295,154.254,154.263
2026-09-10 17:51,154.263,154.272,154.228,154.237
2026-09-10 17:52,154.229,154.248,154.228,154.240
2026-09-10 17:53,154.246,154.266,154.238,154.259
2026-09-10 17:54,154.253,154.259,154.236,154.238
2026-09-10 17:55,154.238,154.267,154.238,154.266
2026-09-10 17:56,154.261,154.266,154.248,154.255
2026-09-10 17:57,154.255,154.274,154.253,154.263
2026-09-10 17:58,154.269,154.284,154.260,154.276
2026-09-10 17:59,154.277,154.277,154.250,154.252
2026-09-10 18:00,154.252,154.269,154.240,154.246
2026-09-10 18:01,154.238,154.297,154.236,154.296
2026-09-10 18:02,154.295,154.314,154.263,154.263
2026-09-10 18:03,154.270,154.305,154.263,154.299
2026-09-10 18:04,154.298,154.303,154.283,154.288
2026-09-10 18:05,154.288,154.319,154.287,154.306
2026-09-10 18:06,154.306,154.315,154.274,154.284
2026-09-10 18:07,154.283,154.320,154.281,154.303
2026-09-10 18:08,154.305,154.335,154.297,154.335
2026-09-10 18:09,154.332,154.358,154.328,154.340
2026-09-10 18:10,154.346,154.371,154.343,154.365
2026-09-10 18:11,154.364,154.381,154.348,154.373
2026-09-10 18:12,154.379,154.382,154.355,154.368
2026-09-10 18:13,154.360,154.388,154.356,154.380
2026-09-10 18:14,154.380,154.388,154.377,154.381
2026-09-10 18:15,154.383,154.394,154.378,154.380
2026-09-10 18:16,154.378,154.391,154.363,154.390
2026-09-10 18:17,154.386,154.399,154.381,154.386
2026-09-10 18:18,154.392,154.392,154.372,154.377
2026-09-10 18:19,154.372,154.391,154.359,154.388
2026-09-10 18:20,154.384,154.388,154.344,154.349
2026-09-10 18:21,154.345,154.354,154.330,154.339
2026-09-10 18:22,154.340,154.346,154.321,154.330
2026-09-10 18:23,154.323,154.330,154.297,154.309
2026-09-10 18:24,154.305,154.318,154.298,154.309
2026-09-10 18:25,154.309,154.331,154.299,154.325
2026-09-10 18:26,154.328,154.355,154.323,154.354
2026-09-10 18:27,154.350,154.360,154.334,154.354
2026-09-10 18:28,154.354,154.361,154.330,154.342
2026-09-10 18:29,154.341,154.355,154.335,154.350
2026-09-10 18:30,154.349,154.383,154.345,154.358
2026-09-10 18:31,154.362,154.367,154.341,154.346
2026-09-10 18:32,154.352,154.371,154.346,154.354
2026-09-10 18:33,154.355,154.379,154.355,154.370
2026-09-10 18:34,154.375,154.379,154.342,154.344
2026-09-10 18:35,154.349,154.352,154.340,154.347
2026-09-10 18:36,154.345,154.351,154.325,154.339
2026-09-10 18:37,154.333,154.349,154.330,154.338
2026-09-10 18:38,154.340,154.355,154.337,154.347
2026-09-10 18:39,154.345,154.352,154.334,154.347
2026-09-10 18:40,154.343,154.354,154.333,154.343
2026-09-10 18:41,154.346,154.359,154.333,154.359
2026-09-10 18:42,154.356,154.364,154.345,154.354
2026-09-10 18:43,154.355,154.364,154.335,154.342
2026-09-10 18:44,154.335,154.341,154.321,154.323
2026-09-10 18:45,154.325,154.352,154.323,154.351
2026-09-10 18:46,154.348,154.363,154.344,154.355
2026-09-10 18:47,154.362,154.373,154.355,154.372
2026-09-10 18:48,154.366,154.377,154.357,154.367
2026-09-10 18:49,154.367,154.374,154.336,154.365
2026-09-10 18:50,154.358,154.372,154.355,154.360
2026-09-10 18:51,154.356,154.366,154.297,154.301
2026-09-10 18:52,154.304,154.324,154.294,154.303
2026-09-10 18:53,154.304,154.323,154.296,154.317
2026-09-10 18:54,154.311,154.319,154.304,154.309
2026-09-10 18:55,154.307,154.330,154.307,154.307
2026-09-10 18:56,154.312,154.313,154.295,154.301
2026-09-10 18:57,154.305,154.323,154.296,154.311
2026-09-10 18:58,154.318,154.340,154.307,154.333
2026-09-10 18:59,154.335,154.344,154.310,154.317
2026-09-10 19:00,154.312,154.349,154.312,154.336
2026-09-10 19:01,154.341,154.358,154.330,154.350
2026-09-10 19:02,154.350,154.356,154.330,154.348
2026-09-10 19:03,154.344,154.360,154.342,154.342
2026-09-10 19:04,154.343,154.354,154.335,154.353
2026-09-10 19:05,154.347,154.357,154.320,154.334
2026-09-10 19:06,154.329,154.348,154.320,154.334
2026-09-10 19:07,154.334,154.346,154.326,154.343
2026-09-10 19:08,154.347,154.354,154.329,154.345
2026-09-10 19:09,154.344,154.361,154.308,154.322
2026-09-10 19:10,154.323,154.338,154.316,154.332
2026-09-10 19:11,154.332,154.367,154.331,154.359
2026-09-10 19:12,154.365,154.375,154.352,154.368
2026-09-10 19:13,154.368,154.384,154.367,154.377
2026-09-10 19:14,154.379,154.395,154.376,154.379
2026-09-10 19:15,154.385,154.386,154.369,154.378
2026-09-10 19:16,154.378,154.395,154.376,154.388
2026-09-10 19:17,154.389,154.395,154.378,154.379
2026-09-10 19:18,154.382,154.388,154.366,154.371
2026-09-10 19:19,154.369,154.377,154.342,154.345
2026-09-10 19:20,154.351,154.353,154.327,154.335
2026-09-10 19:21,154.329,154.338,154.318,154.330
2026-09-10 19:22,154.330,154.337,154.307,154.314
2026-09-10 19:23,154.315,154.332,154.309,154.325
2026-09-10 19:24,154.325,154.332,154.308,154.308
2026-09-10 19:25,154.308,154.331,154.305,154.325
2026-09-10 19:26,154.321,154.337,154.320,154.331
2026-09-10 19:27,154.336,154.337,154.319,154.320
2026-09-10 19:28,154.326,154.333,154.316,154.321
2026-09-10 19:29,154.321,154.344,154.321,154.334
2026-09-10 19:30,154.333,154.339,154.306,154.326
2026-09-10 19:31,154.331,154.332,154.321,154.323
2026-09-10 19:32,154.324,154.352,154.322,154.340
2026-09-10 19:33,154.336,154.353,154.335,154.351
2026-09-10 19:34,154.346,154.355,154.335,154.347
2026-09-10 19:35,154.345,154.354,154.342,154.352
2026-09-10 19:36,154.348,154.355,154.331,154.333
2026-09-10 19:37,154.336,154.356,154.332,154.348
2026-09-10 19:38,154.347,154.356,154.336,154.336
2026-09-10 19:39,154.346,154.355,154.337,154.344
2026-09-10 19:40,154.345,154.350,154.320,154.325
2026-09-10 19:41,154.320,154.327,154.308,154.318
2026-09-10 19:42,154.318,154.329,154.318,154.321
2026-09-10 19:43,154.322,154.331,154.318,154.320
2026-09-10 19:44,154.322,154.342,154.319,154.333
2026-09-10 19:45,154.338,154.342,154.319,154.321
2026-09-10 19:46,154.320,154.329,154.316,154.329
2026-09-10 19:47,154.330,154.330,154.316,154.318
2026-09-10 19:48,154.318,154.325,154.303,154.315
2026-09-10 19:49,154.308,154.317,154.306,154.312
2026-09-10 19:50,154.310,154.326,154.306,154.325
2026-09-10 19:51,154.319,154.333,154.319,154.327
2026-09-10 19:52,154.330,154.333,154.315,154.326
2026-09-10 19:53,154.323,154.331,154.321,154.327
2026-09-10 19:54,154.321,154.332,154.320,154.323
2026-09-10 19:55,154.328,154.341,154.322,154.330
2026-09-10 19:56,154.329,154.341,154.322,154.339
2026-09-10 19:57,154.340,154.344,154.333,154.342
2026-09-10 19:58,154.335,154.343,154.333,154.342
2026-09-10 19:59,154.335,154.345,154.329,154.340
2026-09-10 20:00,154.334,154.343,154.332,154.339
2026-09-10 20:01,154.332,154.344,154.332,154.334
2026-09-10 20:02,154.339,154.352,154.334,154.346
2026-09-10 20:03,154.344,154.355,154.342,154.351
2026-09-10 20:04,154.352,154.364,154.344,154.357
2026-09-10 20:05,154.349,154.363,154.342,154.362
2026-09-10 20:06,154.363,154.367,154.356,154.363
2026-09-10 20:07,154.359,154.366,154.351,154.358
2026-09-10 20:08,154.362,154.383,154.358,154.375
2026-09-10 20:09,154.366,154.379,154.356,154.375
2026-09-10 20:10,154.370,154.378,154.365,154.368
2026-09-10 20:11,154.375,154.387,154.365,154.387
2026-09-10 20:12,154.378,154.392,154.378,154.391
2026-09-10 20:13,154.388,154.396,154.384,154.391
2026-09-10 20:14,154.388,154.396,154.387,154.387
2026-09-10 20:15,154.391,154.406,154.387,154.400
2026-09-10 20:16,154.391,154.402,154.386,154.391
2026-09-10 20:17,154.390,154.400,154.389,154.394
2026-09-10 20:18,154.395,154.404,154.388,154.390
2026-09-10 20:19,154.398,154.416,154.390,154.399
2026-09-10 20:20,154.402,154.412,154.385,154.390
2026-09-10 20:21,154.388,154.398,154.388,154.392
2026-09-10 20:22,154.393,154.399,154.389,154.392
2026-09-10 20:23,154.399,154.416,154.392,154.408
2026-09-10 20:24,154.412,154.413,154.402,154.407
2026-09-10 20:25,154.402,154.422,154.402,154.414
2026-09-10 20:26,154.414,154.422,154.411,154.414
2026-09-10 20:27,154.414,154.432,154.413,154.424
2026-09-10 20:28,154.424,154.434,154.422,154.432
2026-09-10 20:29,154.423,154.434,154.417,154.423
2026-09-10 20:30,154.427,154.427,154.415,154.418
2026-09-10 20:31,154.416,154.431,154.414,154.426
2026-09-10 20:32,154.421,154.427,154.414,154.425
2026-09-10 20:33,154.421,154.427,154.415,154.417
2026-09-10 20:34,154.420,154.432,154.416,154.427
2026-09-10 20:35,154.429,154.441,154.422,154.435
2026-09-10 20:36,154.434,154.435,154.424,154.432
2026-09-10 20:37,154.432,154.434,154.424,154.434
2026-09-10 20:38,154.429,154.435,154.425,154.425
2026-09-10 20:39,154.425,154.436,154.424,154.425
2026-09-10 20:40,154.427,154.439,154.424,154.424
2026-09-10 20:41,154.425,154.432,154.422,154.424
2026-09-10 20:42,154.424,154.440,154.424,154.437
2026-09-10 20:43,154.438,154.444,154.426,154.434
2026-09-10 20:44,154.429,154.449,154.428,154.433
2026-09-10 20:45,154.433,154.448,154.428,154.436
2026-09-10 20:46,154.437,154.448,154.426,154.440
2026-09-10 20:47,154.432,154.448,154.422,154.434
2026-09-10 20:48,154.438,154.451,154.433,154.443
2026-09-10 20:49,154.441,154.457,154.438,154.452
2026-09-10 20:50,154.441,154.460,154.440,154.445
2026-09-10 20:51,154.445,154.465,154.436,154.453
2026-09-10 20:52,154.448,154.464,154.445,154.447
2026-09-10 20:53,154.445,154.477,154.445,154.456
2026-09-10 20:54,154.468,154.486,154.453,154.476
2026-09-10 20:55,154.463,154.482,154.453,154.462
2026-09-10 20:56,154.462,154.488,154.457,154.478
2026-09-10 20:57,154.487,154.497,154.461,154.479
2026-09-10 20:58,154.482,154.504,154.463,154.469
2026-09-10 20:59,154.465,154.473,154.396,154.411
2026-09-10 21:00,154.404,154.405,154.305,154.320
2026-09-10 21:01,154.382,154.382,154.355,154.355
2026-09-10 21:04,154.352,154.380,154.352,154.380
2026-09-10 21:05,154.381,154.381,154.364,154.364
2026-09-10 21:06,154.373,154.376,154.364,154.364
2026-09-10 21:07,154.362,154.375,154.359,154.362
2026-09-10 21:08,154.372,154.377,154.372,154.377
2026-09-10 21:09,154.367,154.367,154.344,154.345
2026-09-10 21:10,154.348,154.351,154.345,154.345
2026-09-10 21:11,154.350,154.351,154.345,154.346
2026-09-10 21:12,154.345,154.348,154.345,154.346
2026-09-10 21:13,154.349,154.349,154.344,154.346
2026-09-10 21:14,154.347,154.348,154.345,154.345
2026-09-10 21:15,154.344,154.352,154.344,154.349
2026-09-10 21:16,154.350,154.371,154.348,154.348
2026-09-10 21:17,154.349,154.364,154.346,154.364
2026-09-10 21:18,154.352,154.353,154.346,154.353
2026-09-10 21:19,154.345,154.378,154.345,154.378
2026-09-10 21:20,154.378,154.378,154.347,154.348
2026-09-10 21:21,154.347,154.352,154.347,154.347
2026-09-10 21:22,154.353,154.367,154.345,154.345
2026-09-10 21:23,154.351,154.364,154.351,154.351
2026-09-10 21:24,154.355,154.359,154.347,154.358
2026-09-10 21:25,154.347,154.368,154.347,154.350
2026-09-10 21:26,154.359,154.367,154.347,154.355
2026-09-10 21:27,154.366,154.366,154.347,154.351
2026-09-10 21:28,154.347,154.361,154.347,154.360
2026-09-10 21:29,154.361,154.361,154.347,154.361
2026-09-10 21:30,154.351,154.360,154.347,154.354
2026-09-10 21:31,154.356,154.359,154.347,154.359
2026-09-10 21:32,154.352,154.360,154.347,154.359
2026-09-10 21:33,154.354,154.361,154.347,154.360
2026-09-10 21:34,154.354,154.361,154.347,154.359
2026-09-10 21:35,154.349,154.361,154.347,154.350
2026-09-10 21:36,154.361,154.368,154.347,154.360
2026-09-10 21:37,154.366,154.366,154.347,154.350
2026-09-10 21:38,154.360,154.366,154.347,154.364
2026-09-10 21:39,154.374,154.375,154.347,154.365
2026-09-10 21:40,154.372,154.380,154.358,154.360
2026-09-10 21:41,154.362,154.386,154.349,154.375
2026-09-10 21:42,154.364,154.379,154.364,154.368
2026-09-10 21:43,154.369,154.388,154.358,154.359
2026-09-10 21:44,154.360,154.379,154.358,154.375
2026-09-10 21:45,154.380,154.381,154.349,154.349
2026-09-10 21:46,154.364,154.367,154.349,154.349
2026-09-10 21:47,154.359,154.381,154.349,154.357
2026-09-10 21:48,154.381,154.381,154.349,154.349
2026-09-10 21:49,154.365,154.368,154.349,154.362
2026-09-10 21:50,154.359,154.361,154.349,154.349
2026-09-10 21:51,154.349,154.372,154.349,154.361
2026-09-10 21:52,154.364,154.364,154.349,154.349
2026-09-10 21:53,154.363,154.365,154.349,154.365
2026-09-10 21:54,154.377,154.377,154.349,154.364
2026-09-10 21:55,154.366,154.369,154.345,154.364
2026-09-10 21:56,154.360,154.370,154.347,154.360
2026-09-10 21:57,154.363,154.370,154.355,154.360
2026-09-10 21:58,154.361,154.364,154.345,154.360
2026-09-10 21:59,154.359,154.366,154.345,154.366
2026-09-10 22:00,154.356,154.483,154.347,154.447
2026-09-10 22:01,154.438,154.455,154.398,154.438
2026-09-10 22:02,154.428,154.451,154.421,154.451
2026-09-10 22:03,154.436,154.453,154.435,154.435
2026-09-10 22:04,154.451,154.451,154.435,154.450
2026-09-10 22:05,154.435,154.452,154.433,154.451
2026-09-10 22:06,154.433,154.452,154.420,154.420
2026-09-10 22:07,154.420,154.440,154.420,154.440
2026-09-10 22:08,154.432,154.452,154.423,154.433
2026-09-10 22:09,154.433,154.470,154.433,154.450
2026-09-10 22:10,154.450,154.476,154.450,154.474
2026-09-10 22:11,154.460,154.533,154.460,154.521
2026-09-10 22:12,154.529,154.536,154.512,154.527
2026-09-10 22:13,154.525,154.535,154.516,154.518
2026-09-10 22:14,154.516,154.527,154.515,154.516
2026-09-10 22:15,154.516,154.527,154.502,154.502
2026-09-10 22:16,154.507,154.514,154.500,154.502
2026-09-10 22:17,154.508,154.515,154.474,154.501
2026-09-10 22:18,154.493,154.501,154.477,154.478
2026-09-10 22:19,154.478,154.489,154.474,154.475
2026-09-10 22:20,154.475,154.488,154.436,154.439
2026-09-10 22:21,154.440,154.452,154.432,154.435
2026-09-10 22:22,154.434,154.455,154.431,154.441
2026-09-10 22:23,154.449,154.455,154.437,154.445
2026-09-10 22:24,154.437,154.451,154.426,154.428
2026-09-10 22:25,154.428,154.446,154.426,154.439
2026-09-10 22:26,154.426,154.447,154.426,154.434
2026-09-10 22:27,154.434,154.454,154.434,154.441
2026-09-10 22:28,154.448,154.454,154.441,154.453
2026-09-10 22:29,154.442,154.455,154.428,154.436
2026-09-10 22:30,154.428,154.443,154.427,154.441
2026-09-10 22:31,154.442,154.454,154.428,154.437
2026-09-10 22:32,154.443,154.454,154.379,154.410
2026-09-10 22:33,154.423,154.423,154.393,154.405
2026-09-10 22:34,154.404,154.407,154.389,154.389
2026-09-10 22:35,154.398,154.418,154.389,154.403
2026-09-10 22:36,154.403,154.417,154.397,154.412
2026-09-10 22:37,154.413,154.430,154.403,154.405
2026-09-10 22:38,154.405,154.420,154.386,154.414
2026-09-10 22:39,154.400,154.418,154.400,154.417
2026-09-10 22:40,154.405,154.420,154.404,154.405
2026-09-10 22:41,154.410,154.419,154.393,154.405
2026-09-10 22:42,154.393,154.406,154.377,154.391
2026-09-10 22:43,154.383,154.417,154.383,154.417
2026-09-10 22:44,154.416,154.420,154.405,154.406
2026-09-10 22:45,154.406,154.417,154.394,154.407
2026-09-10 22:46,154.406,154.408,154.392,154.392
2026-09-10 22:47,154.405,154.406,154.380,154.390
2026-09-10 22:48,154.390,154.397,154.375,154.389
2026-09-10 22:49,154.390,154.395,154.376,154.380
2026-09-10 22:50,154.380,154.395,154.380,154.382
2026-09-10 22:51,154.382,154.407,154.382,154.407
2026-09-10 22:52,154.394,154.406,154.391,154.398
2026-09-10 22:53,154.390,154.404,154.380,154.383
2026-09-10 22:54,154.383,154.394,154.378,154.393
2026-09-10 22:55,154.381,154.395,154.368,154.381
2026-09-10 22:56,154.376,154.386,154.354,154.369
2026-09-10 22:57,154.368,154.384,154.365,154.366
2026-09-10 22:58,154.376,154.396,154.366,154.383
2026-09-10 23:00,154.367,154.396,154.367,154.370
2026-09-10 23:01,154.370,154.381,154.358,154.367
2026-09-10 23:02,154.358,154.380,154.357,154.357
2026-09-10 23:03,154.357,154.393,154.357,154.381
2026-09-10 23:04,154.382,154.462,154.380,154.462
2026-09-10 23:05,154.466,154.466,154.429,154.439
2026-09-10 23:06,154.433,154.454,154.426,154.444
2026-09-10 23:07,154.440,154.453,154.417,154.418
2026-09-10 23:08,154.418,154.430,154.411,154.427
2026-09-10 23:09,154.426,154.443,154.409,154.430
2026-09-10 23:10,154.430,154.443,154.428,154.430
2026-09-10 23:11,154.435,154.442,154.424,154.433
2026-09-10 23:12,154.432,154.442,154.431,154.442
2026-09-10 23:13,154.436,154.444,154.430,154.433
2026-09-10 23:14,154.432,154.444,154.419,154.427
2026-09-10 23:15,154.421,154.432,154.411,154.427
2026-09-10 23:16,154.418,154.432,154.418,154.422
2026-09-10 23:17,154.431,154.433,154.419,154.422
2026-09-10 23:18,154.422,154.431,154.420,154.421
2026-09-10 23:19,154.421,154.442,154.420,154.442
2026-09-10 23:20,154.432,154.443,154.422,154.433
2026-09-10 23:21,154.438,154.460,154.431,154.449
2026-09-10 23:22,154.449,154.476,154.449,154.452
2026-09-10 23:23,154.452,154.478,154.442,154.468
2026-09-10 23:24,154.468,154.504,154.468,154.494
2026-09-10 23:25,154.494,154.514,154.494,154.500
2026-09-10 23:26,154.500,154.541,154.500,154.535
2026-09-10 23:27,154.525,154.541,154.524,154.535
2026-09-10 23:28,154.529,154.552,154.523,154.546
2026-09-10 23:29,154.536,154.548,154.534,154.534
2026-09-10 23:30,154.538,154.587,154.524,154.561
2026-09-10 23:31,154.571,154.583,154.546,154.570
2026-09-10 23:32,154.574,154.582,154.546,154.550
2026-09-10 23:33,154.553,154.554,154.536,154.544
2026-09-10 23:34,154.539,154.596,154.536,154.582
2026-09-10 23:35,154.582,154.610,154.580,154.599
2026-09-10 23:36,154.598,154.599,154.554,154.559
2026-09-10 23:37,154.559,154.585,154.556,154.574
2026-09-10 23:38,154.569,154.587,154.565,154.581
2026-09-10 23:39,154.574,154.587,154.567,154.569
2026-09-10 23:40,154.576,154.593,154.568,154.580
2026-09-10 23:41,154.574,154.609,154.571,154.607
2026-09-10 23:42,154.602,154.616,154.592,154.604
2026-09-10 23:43,154.604,154.617,154.568,154.581
2026-09-10 23:44,154.570,154.582,154.556,154.557
2026-09-10 23:45,154.557,154.571,154.536,154.539
2026-09-10 23:46,154.550,154.551,154.517,154.522
2026-09-10 23:47,154.519,154.532,154.495,154.508
2026-09-10 23:48,154.504,154.525,154.496,154.508
2026-09-10 23:49,154.506,154.513,154.476,154.489
2026-09-10 23:50,154.488,154.502,154.462,154.491
2026-09-10 23:51,154.490,154.546,154.484,154.533
2026-09-10 23:52,154.523,154.550,154.512,154.519
2026-09-10 23:53,154.516,154.525,154.500,154.514
2026-09-10 23:54,154.515,154.521,154.497,154.504
2026-09-10 23:55,154.504,154.523,154.470,154.473
2026-09-10 23:56,154.473,154.494,154.468,154.468
2026-09-10 23:57,154.478,154.485,154.456,154.479
2026-09-10 23:58,154.474,154.489,154.464,154.466
2026-09-10 23:59,154.467,154.478,154.452,154.456
2026-09-11 00:00,154.465,154.482,154.430,154.430
2026-09-11 00:01,154.433,154.444,154.380,154.389
2026-09-11 00:02,154.389,154.401,154.357,154.397
2026-09-11 00:03,154.390,154.411,154.355,154.376
2026-09-11 00:04,154.376,154.432,154.374,154.418
2026-09-11 00:05,154.410,154.422,154.350,154.350
2026-09-11 00:06,154.359,154.375,154.339,154.354
2026-09-11 00:07,154.354,154.382,154.321,154.325
2026-09-11 00:08,154.331,154.333,154.311,154.323
2026-09-11 00:09,154.320,154.372,154.318,154.356
2026-09-11 00:10,154.356,154.381,154.343,154.354
2026-09-11 00:11,154.358,154.397,154.352,154.387
2026-09-11 00:12,154.395,154.411,154.357,154.369
2026-09-11 00:13,154.369,154.396,154.353,154.359
2026-09-11 00:14,154.367,154.448,154.359,154.439
2026-09-11 00:15,154.436,154.458,154.419,154.441
2026-09-11 00:16,154.440,154.467,154.434,154.451
2026-09-11 00:17,154.450,154.456,154.409,154.418
2026-09-11 00:18,154.413,154.431,154.399,154.420
2026-09-11 00:19,154.420,154.435,154.372,154.372
2026-09-11 00:20,154.382,154.384,154.357,154.367
2026-09-11 00:21,154.373,154.398,154.361,154.386
2026-09-11 00:22,154.387,154.424,154.377,154.423
2026-09-11 00:23,154.412,154.448,154.405,154.446
2026-09-11 00:24,154.440,154.495,154.435,154.482
2026-09-11 00:25,154.482,154.525,154.480,154.506
2026-09-11 00:26,154.513,154.524,154.489,154.493
2026-09-11 00:27,154.493,154.535,154.493,154.515
2026-09-11 00:28,154.507,154.529,154.496,154.506
2026-09-11 00:29,154.498,154.510,154.495,154.502
2026-09-11 00:30,154.500,154.557,154.488,154.548
2026-09-11 00:31,154.544,154.564,154.524,154.525
2026-09-11 00:32,154.525,154.561,154.501,154.547
2026-09-11 00:33,154.545,154.554,154.527,154.537
2026-09-11 00:34,154.532,154.542,154.525,154.536
2026-09-11 00:35,154.526,154.536,154.496,154.506
2026-09-11 00:36,154.506,154.529,154.487,154.488
2026-09-11 00:37,154.488,154.507,154.467,154.474
2026-09-11 00:38,154.475,154.488,154.459,154.472
2026-09-11 00:39,154.468,154.487,154.464,154.466
2026-09-11 00:40,154.476,154.505,154.469,154.499
2026-09-11 00:41,154.495,154.505,154.468,154.476
2026-09-11 00:42,154.469,154.508,154.468,154.504
2026-09-11 00:43,154.507,154.513,154.474,154.481
2026-09-11 00:44,154.490,154.516,154.480,154.506
2026-09-11 00:45,154.514,154.528,154.498,154.499
2026-09-11 00:46,154.507,154.516,154.486,154.505
2026-09-11 00:47,154.507,154.538,154.507,154.534
2026-09-11 00:48,154.528,154.555,154.517,154.538
2026-09-11 00:49,154.544,154.560,154.528,154.540
2026-09-11 00:50,154.532,154.541,154.510,154.522
2026-09-11 00:51,154.519,154.536,154.498,154.513
2026-09-11 00:52,154.509,154.545,154.484,154.493
2026-09-11 00:53,154.500,154.523,154.472,154.512
2026-09-11 00:54,154.522,154.595,154.505,154.585
2026-09-11 00:55,154.591,154.607,154.568,154.598
2026-09-11 00:56,154.588,154.598,154.547,154.562
2026-09-11 00:57,154.567,154.602,154.563,154.589
2026-09-11 00:58,154.578,154.588,154.550,154.551
2026-09-11 00:59,154.559,154.564,154.492,154.496
2026-09-11 01:00,154.496,154.531,154.486,154.500
2026-09-11 01:01,154.500,154.519,154.485,154.494
2026-09-11 01:02,154.496,154.502,154.451,154.456
2026-09-11 01:03,154.456,154.470,154.420,154.437
2026-09-11 01:04,154.446,154.449,154.400,154.409
2026-09-11 01:05,154.409,154.449,154.399,154.422
2026-09-11 01:06,154.422,154.435,154.400,154.401
2026-09-11 01:07,154.404,154.410,154.363,154.375
2026-09-11 01:08,154.383,154.394,154.360,154.372
2026-09-11 01:09,154.372,154.393,154.365,154.376
2026-09-11 01:10,154.368,154.390,154.344,154.359
2026-09-11 01:11,154.350,154.390,154.342,154.352
2026-09-11 01:12,154.344,154.352,154.281,154.314
2026-09-11 01:13,154.307,154.345,154.298,154.330
2026-09-11 01:14,154.330,154.354,154.307,154.339
2026-09-11 01:15,154.347,154.354,154.281,154.292
2026-09-11 01:16,154.281,154.335,154.281,154.324
2026-09-11 01:17,154.320,154.369,154.313,154.369
2026-09-11 01:18,154.364,154.374,154.289,154.296
2026-09-11 01:19,154.292,154.306,154.256,154.262
2026-09-11 01:20,154.274,154.297,154.255,154.280
2026-09-11 01:21,154.289,154.307,154.270,154.301
2026-09-11 01:22,154.296,154.325,154.286,154.313
2026-09-11 01:23,154.308,154.358,154.306,154.339
2026-09-11 01:24,154.329,154.366,154.328,154.360
2026-09-11 01:25,154.358,154.363,154.315,154.320
2026-09-11 01:26,154.323,154.329,154.296,154.297
2026-09-11 01:27,154.305,154.325,154.287,154.294
2026-09-11 01:28,154.304,154.317,154.280,154.302
2026-09-11 01:29,154.298,154.325,154.294,154.318
2026-09-11 01:30,154.319,154.339,154.274,154.282
2026-09-11 01:31,154.274,154.312,154.268,154.301
2026-09-11 01:32,154.296,154.315,154.291,154.305
2026-09-11 01:33,154.305,154.321,154.289,154.293
2026-09-11 01:34,154.296,154.337,154.290,154.303
2026-09-11 01:35,154.303,154.314,154.270,154.279
2026-09-11 01:36,154.283,154.316,154.274,154.276
2026-09-11 01:37,154.278,154.288,154.204,154.219
2026-09-11 01:38,154.219,154.252,154.205,154.232
2026-09-11 01:39,154.232,154.268,154.215,154.262
2026-09-11 01:40,154.257,154.304,154.257,154.284
2026-09-11 01:41,154.280,154.329,154.280,154.318
2026-09-11 01:42,154.322,154.336,154.290,154.291
2026-09-11 01:43,154.291,154.315,154.273,154.295
2026-09-11 01:44,154.304,154.327,154.285,154.304
2026-09-11 01:45,154.301,154.333,154.283,154.322
2026-09-11 01:46,154.324,154.357,154.318,154.349
2026-09-11 01:47,154.356,154.376,154.347,154.366
2026-09-11 01:48,154.366,154.376,154.350,154.376
2026-09-11 01:49,154.371,154.397,154.363,154.385
2026-09-11 01:50,154.377,154.393,154.369,154.386
2026-09-11 01:51,154.377,154.387,154.345,154.348
2026-09-11 01:52,154.347,154.358,154.329,154.344
2026-09-11 01:53,154.344,154.380,154.339,154.378
2026-09-11 01:54,154.371,154.394,154.366,154.382
2026-09-11 01:55,154.382,154.407,154.379,154.390
2026-09-11 01:56,154.394,154.409,154.369,154.386
2026-09-11 01:57,154.377,154.396,154.354,154.366
2026-09-11 01:58,154.366,154.366,154.339,154.352
2026-09-11 01:59,154.351,154.361,154.331,154.350
2026-09-11 02:00,154.346,154.349,154.313,154.333
2026-09-11 02:01,154.333,154.345,154.329,154.341
2026-09-11 02:02,154.333,154.373,154.333,154.364
2026-09-11 02:03,154.366,154.401,154.363,154.390
2026-09-11 02:04,154.398,154.407,154.381,154.384
2026-09-11 02:05,154.383,154.420,154.374,154.411
2026-09-11 02:06,154.411,154.431,154.401,154.413
2026-09-11 02:07,154.423,154.460,154.411,154.456
2026-09-11 02:08,154.449,154.473,154.449,154.454
2026-09-11 02:09,154.459,154.473,154.431,154.457
2026-09-11 02:10,154.457,154.472,154.454,154.461
2026-09-11 02:11,154.469,154.484,154.446,154.460
2026-09-11 02:12,154.470,154.481,154.447,154.456
2026-09-11 02:13,154.454,154.461,154.423,154.426
2026-09-11 02:14,154.431,154.452,154.426,154.436
2026-09-11 02:15,154.434,154.473,154.434,154.460
2026-09-11 02:16,154.459,154.479,154.445,154.464
2026-09-11 02:17,154.464,154.482,154.444,154.472
2026-09-11 02:18,154.472,154.484,154.459,154.466
2026-09-11 02:19,154.472,154.490,154.446,154.457
2026-09-11 02:20,154.450,154.480,154.445,154.467
2026-09-11 02:21,154.468,154.497,154.468,154.494
2026-09-11 02:22,154.485,154.497,154.463,154.467
2026-09-11 02:23,154.467,154.482,154.444,154.458
2026-09-11 02:24,154.449,154.460,154.432,154.438
2026-09-11 02:25,154.437,154.483,154.437,154.459
2026-09-11 02:26,154.459,154.477,154.452,154.459
2026-09-11 02:27,154.459,154.468,154.449,154.449
2026-09-11 02:28,154.453,154.468,154.440,154.468
2026-09-11 02:29,154.467,154.482,154.455,154.474
2026-09-11 02:30,154.474,154.502,154.474,154.497
2026-09-11 02:31,154.488,154.497,154.446,154.465
2026-09-11 02:32,154.460,154.497,154.459,154.492
2026-09-11 02:33,154.497,154.508,154.474,154.490
2026-09-11 02:34,154.490,154.498,154.480,154.489
2026-09-11 02:35,154.492,154.509,154.485,154.508
2026-09-11 02:36,154.498,154.522,154.495,154.496
2026-09-11 02:37,154.496,154.513,154.478,154.502
2026-09-11 02:38,154.497,154.510,154.496,154.506
2026-09-11 02:39,154.507,154.509,154.473,154.483
2026-09-11 02:40,154.482,154.502,154.457,154.464
2026-09-11 02:41,154.464,154.495,154.461,154.465
2026-09-11 02:42,154.465,154.497,154.462,154.483
2026-09-11 02:43,154.475,154.486,154.462,154.484
2026-09-11 02:44,154.478,154.506,154.477,154.497
2026-09-11 02:45,154.500,154.509,154.487,154.495
2026-09-11 02:46,154.495,154.506,154.469,154.471
2026-09-11 02:47,154.474,154.484,154.465,154.475
2026-09-11 02:48,154.475,154.494,154.463,154.465
2026-09-11 02:49,154.471,154.474,154.458,154.462
2026-09-11 02:50,154.469,154.471,154.446,154.446
2026-09-11 02:51,154.451,154.460,154.440,154.444
2026-09-11 02:52,154.444,154.455,154.420,154.421
2026-09-11 02:53,154.421,154.435,154.399,154.399
2026-09-11 02:54,154.399,154.426,154.399,154.412
2026-09-11 02:55,154.410,154.424,154.391,154.394
2026-09-11 02:56,154.402,154.404,154.379,154.394
2026-09-11 02:57,154.398,154.406,154.361,154.367
2026-09-11 02:58,154.364,154.390,154.360,154.365
2026-09-11 02:59,154.365,154.387,154.364,154.386
2026-09-11 03:00,154.379,154.401,154.376,154.397
2026-09-11 03:01,154.392,154.401,154.391,154.392
2026-09-11 03:02,154.399,154.411,154.381,154.403
2026-09-11 03:03,154.403,154.408,154.377,154.395
2026-09-11 03:04,154.387,154.400,154.377,154.377
2026-09-11 03:05,154.386,154.411,154.380,154.403
2026-09-11 03:06,154.404,154.436,154.394,154.422
2026-09-11 03:07,154.425,154.460,154.418,154.437
2026-09-11 03:08,154.444,154.448,154.411,154.419
2026-09-11 03:09,154.418,154.419,154.399,154.404
2026-09-11 03:10,154.409,154.412,154.365,154.365
2026-09-11 03:11,154.364,154.385,154.357,154.358
2026-09-11 03:12,154.361,154.375,154.351,154.356
2026-09-11 03:13,154.351,154.365,154.322,154.322
2026-09-11 03:14,154.322,154.341,154.319,154.335
2026-09-11 03:15,154.337,154.351,154.324,154.339
2026-09-11 03:16,154.344,154.352,154.326,154.338
2026-09-11 03:17,154.333,154.366,154.331,154.363
2026-09-11 03:18,154.364,154.377,154.344,154.366
2026-09-11 03:19,154.366,154.391,154.366,154.370
2026-09-11 03:20,154.374,154.383,154.364,154.370
2026-09-11 03:21,154.369,154.400,154.369,154.390
2026-09-11 03:22,154.390,154.399,154.381,154.388
2026-09-11 03:23,154.387,154.421,154.383,154.407
2026-09-11 03:24,154.407,154.432,154.400,154.421
2026-09-11 03:25,154.425,154.458,154.421,154.450
2026-09-11 03:26,154.442,154.480,154.440,154.455
2026-09-11 03:27,154.450,154.462,154.446,154.458
2026-09-11 03:28,154.458,154.466,154.438,154.454
2026-09-11 03:29,154.449,154.484,154.436,154.484
2026-09-11 03:30,154.475,154.487,154.457,154.474
2026-09-11 03:31,154.474,154.484,154.466,154.474
2026-09-11 03:32,154.474,154.489,154.467,154.477
2026-09-11 03:33,154.477,154.488,154.464,154.482
2026-09-11 03:34,154.481,154.492,154.475,154.479
2026-09-11 03:35,154.479,154.508,154.478,154.490
2026-09-11 03:36,154.488,154.499,154.475,154.480
2026-09-11 03:37,154.480,154.488,154.466,154.477
2026-09-11 03:38,154.487,154.489,154.433,154.448
2026-09-11 03:39,154.448,154.492,154.447,154.476
2026-09-11 03:40,154.476,154.483,154.444,154.459
2026-09-11 03:41,154.452,154.460,154.445,154.446
2026-09-11 03:42,154.446,154.466,154.427,154.429
2026-09-11 03:43,154.430,154.455,154.423,154.447
2026-09-11 03:44,154.446,154.460,154.442,154.456
2026-09-11 03:45,154.450,154.474,154.445,154.468
2026-09-11 03:46,154.468,154.493,154.468,154.474
2026-09-11 03:47,154.472,154.483,154.469,154.473
2026-09-11 03:48,154.473,154.496,154.460,154.487
2026-09-11 03:49,154.487,154.498,154.478,154.485
2026-09-11 03:50,154.482,154.496,154.466,154.466
2026-09-11 03:51,154.467,154.480,154.460,154.474
2026-09-11 03:52,154.471,154.478,154.456,154.459
2026-09-11 03:53,154.459,154.463,154.431,154.431
2026-09-11 03:54,154.431,154.439,154.385,154.390
2026-09-11 03:55,154.390,154.399,154.357,154.358
2026-09-11 03:56,154.358,154.385,154.357,154.369
2026-09-11 03:57,154.369,154.379,154.354,154.374
2026-09-11 03:58,154.369,154.399,154.368,154.390
2026-09-11 03:59,154.390,154.408,154.387,154.393
2026-09-11 04:00,154.393,154.413,154.355,154.357
2026-09-11 04:01,154.360,154.397,154.348,154.385
2026-09-11 04:02,154.379,154.390,154.374,154.383
2026-09-11 04:03,154.376,154.388,154.354,154.363
2026-09-11 04:04,154.373,154.373,154.340,154.363
2026-09-11 04:05,154.358,154.376,154.354,154.372
2026-09-11 04:06,154.365,154.381,154.344,154.360
2026-09-11 04:07,154.353,154.372,154.351,154.351
2026-09-11 04:08,154.351,154.363,154.329,154.331
2026-09-11 04:09,154.331,154.349,154.326,154.339
2026-09-11 04:10,154.331,154.340,154.305,154.308
2026-09-11 04:11,154.308,154.335,154.306,154.306
2026-09-11 04:12,154.306,154.316,154.287,154.313
2026-09-11 04:13,154.308,154.315,154.284,154.287
2026-09-11 04:14,154.293,154.339,154.291,154.336
2026-09-11 04:15,154.326,154.341,154.310,154.317
2026-09-11 04:16,154.310,154.332,154.304,154.311
2026-09-11 04:17,154.312,154.325,154.304,154.306
2026-09-11 04:18,154.313,154.336,154.306,154.319
2026-09-11 04:19,154.317,154.329,154.296,154.297
2026-09-11 04:20,154.299,154.317,154.285,154.306
2026-09-11 04:21,154.313,154.316,154.290,154.290
2026-09-11 04:22,154.294,154.305,154.282,154.295
2026-09-11 04:23,154.298,154.321,154.285,154.315
2026-09-11 04:24,154.314,154.351,154.307,154.340
2026-09-11 04:25,154.346,154.360,154.320,154.334
2026-09-11 04:26,154.334,154.351,154.332,154.338
2026-09-11 04:27,154.343,154.364,154.337,154.347
2026-09-11 04:28,154.344,154.353,154.331,154.335
2026-09-11 04:29,154.335,154.342,154.330,154.333
2026-09-11 04:30,154.333,154.344,154.330,154.340
2026-09-11 04:31,154.333,154.360,154.332,154.347
2026-09-11 04:32,154.344,154.374,154.340,154.354
2026-09-11 04:33,154.353,154.387,154.346,154.378
2026-09-11 04:34,154.378,154.391,154.366,154.367
2026-09-11 04:35,154.368,154.390,154.368,154.387
2026-09-11 04:36,154.380,154.401,154.380,154.390
2026-09-11 04:37,154.390,154.412,154.369,154.377
2026-09-11 04:38,154.380,154.385,154.363,154.367
2026-09-11 04:39,154.367,154.375,154.322,154.329
2026-09-11 04:40,154.324,154.344,154.316,154.340
2026-09-11 04:41,154.331,154.341,154.320,154.329
2026-09-11 04:42,154.322,154.330,154.308,154.316
2026-09-11 04:43,154.316,154.328,154.298,154.301
2026-09-11 04:44,154.305,154.314,154.285,154.302
2026-09-11 04:45,154.299,154.310,154.286,154.291
2026-09-11 04:46,154.292,154.323,154.284,154.311
2026-09-11 04:47,154.311,154.318,154.296,154.309
2026-09-11 04:48,154.313,154.341,154.309,154.335
2026-09-11 04:49,154.330,154.355,154.330,154.339
2026-09-11 04:50,154.337,154.341,154.283,154.294
2026-09-11 04:51,154.287,154.294,154.258,154.280
2026-09-11 04:52,154.280,154.294,154.267,154.285
2026-09-11 04:53,154.279,154.323,154.279,154.311
2026-09-11 04:54,154.319,154.350,154.311,154.339
2026-09-11 04:55,154.340,154.340,154.305,154.306
2026-09-11 04:56,154.309,154.323,154.304,154.314
2026-09-11 04:57,154.314,154.330,154.311,154.327
2026-09-11 04:58,154.324,154.339,154.313,154.315
2026-09-11 04:59,154.321,154.348,154.310,154.340
2026-09-11 05:00,154.345,154.352,154.327,154.350
2026-09-11 05:01,154.349,154.352,154.326,154.337
2026-09-11 05:02,154.330,154.353,154.315,154.315
2026-09-11 05:03,154.315,154.335,154.302,154.319
2026-09-11 05:04,154.319,154.337,154.305,154.327
2026-09-11 05:05,154.335,154.336,154.304,154.313
2026-09-11 05:06,154.306,154.334,154.303,154.313
2026-09-11 05:07,154.313,154.324,154.256,154.257
2026-09-11 05:08,154.257,154.275,154.255,154.266
2026-09-11 05:09,154.266,154.270,154.239,154.248
2026-09-11 05:10,154.248,154.263,154.246,154.256
2026-09-11 05:11,154.256,154.268,154.224,154.232
2026-09-11 05:12,154.226,154.234,154.204,154.214
2026-09-11 05:13,154.221,154.250,154.214,154.226
2026-09-11 05:14,154.217,154.230,154.176,154.179
2026-09-11 05:15,154.181,154.187,154.162,154.174
2026-09-11 05:16,154.177,154.184,154.159,154.175
2026-09-11 05:17,154.185,154.205,154.166,154.199
2026-09-11 05:18,154.198,154.207,154.176,154.177
2026-09-11 05:19,154.184,154.187,154.160,154.182
2026-09-11 05:20,154.174,154.185,154.160,154.177
2026-09-11 05:21,154.177,154.189,154.175,154.187
2026-09-11 05:22,154.184,154.188,154.143,154.151
2026-09-11 05:23,154.146,154.162,154.139,154.150
2026-09-11 05:24,154.150,154.163,154.144,154.156
2026-09-11 05:25,154.155,154.175,154.149,154.171
2026-09-11 05:26,154.163,154.192,154.153,154.181
2026-09-11 05:27,154.181,154.213,154.181,154.199
2026-09-11 05:28,154.207,154.228,154.190,154.195
2026-09-11 05:29,154.198,154.206,154.169,154.169
2026-09-11 05:30,154.169,154.174,154.149,154.161
2026-09-11 05:31,154.160,154.162,154.141,154.162
2026-09-11 05:32,154.153,154.182,154.153,154.178
2026-09-11 05:33,154.174,154.193,154.165,154.180
2026-09-11 05:34,154.176,154.187,154.151,154.157
2026-09-11 05:35,154.153,154.160,154.109,154.117
2026-09-11 05:36,154.117,154.124,154.097,154.101
2026-09-11 05:37,154.109,154.116,154.083,154.112
2026-09-11 05:38,154.110,154.118,154.098,154.107
2026-09-11 05:39,154.107,154.124,154.078,154.095
2026-09-11 05:40,154.090,154.120,154.090,154.116
2026-09-11 05:41,154.109,154.142,154.104,154.131
2026-09-11 05:42,154.136,154.141,154.111,154.119
2026-09-11 05:43,154.111,154.143,154.095,154.095
2026-09-11 05:44,154.095,154.104,154.077,154.079
2026-09-11 05:45,154.079,154.098,154.077,154.083
2026-09-11 05:46,154.084,154.096,154.055,154.056
2026-09-11 05:47,154.056,154.072,154.039,154.054
2026-09-11 05:48,154.054,154.070,154.047,154.059
2026-09-11 05:49,154.066,154.067,154.004,154.009
2026-09-11 05:50,154.009,154.051,154.007,154.033
2026-09-11 05:51,154.041,154.042,154.008,154.031
2026-09-11 05:52,154.031,154.050,154.019,154.048
2026-09-11 05:53,154.040,154.083,154.040,154.066
2026-09-11 05:54,154.055,154.068,154.034,154.056
2026-09-11 05:55,154.063,154.063,154.010,154.028
2026-09-11 05:56,154.022,154.053,154.022,154.037
2026-09-11 05:57,154.037,154.071,154.037,154.042
2026-09-11 05:58,154.041,154.051,154.012,154.049
2026-09-11 05:59,154.050,154.061,154.035,154.052
2026-09-11 06:00,154.052,154.059,154.019,154.030
2026-09-11 06:01,154.020,154.059,154.013,154.058
2026-09-11 06:02,154.048,154.079,154.038,154.048
2026-09-11 06:03,154.044,154.064,154.020,154.055
2026-09-11 06:04,154.055,154.076,154.040,154.062
2026-09-11 06:05,154.059,154.099,154.055,154.079
2026-09-11 06:06,154.088,154.090,154.051,154.056
2026-09-11 06:07,154.058,154.088,154.022,154.052
2026-09-11 06:08,154.058,154.107,154.046,154.090
2026-09-11 06:09,154.096,154.130,154.089,154.103
2026-09-11 06:10,154.102,154.108,154.089,154.098
2026-09-11 06:11,154.095,154.099,154.021,154.032
2026-09-11 06:12,154.036,154.064,154.027,154.055
2026-09-11 06:13,154.057,154.076,154.020,154.022
2026-09-11 06:14,154.029,154.041,153.966,154.024
2026-09-11 06:15,154.017,154.024,153.966,153.970
2026-09-11 06:16,153.966,153.991,153.956,153.976
2026-09-11 06:17,153.976,153.996,153.964,153.984
2026-09-11 06:18,153.979,154.028,153.960,154.025
2026-09-11 06:19,154.022,154.041,154.012,154.021
2026-09-11 06:20,154.027,154.048,154.017,154.022
2026-09-11 06:21,154.022,154.066,154.013,154.061
2026-09-11 06:22,154.055,154.065,154.023,154.034
2026-09-11 06:23,154.034,154.086,154.030,154.077
2026-09-11 06:24,154.077,154.083,154.041,154.070
2026-09-11 06:25,154.066,154.077,154.054,154.065
2026-09-11 06:26,154.068,154.071,154.052,154.060
2026-09-11 06:27,154.061,154.107,154.046,154.095
2026-09-11 06:28,154.089,154.116,154.069,154.074
2026-09-11 06:29,154.071,154.094,154.046,154.088
2026-09-11 06:30,154.087,154.121,154.075,154.100
2026-09-11 06:31,154.103,154.109,154.080,154.100
2026-09-11 06:32,154.094,154.116,154.078,154.111
2026-09-11 06:33,154.101,154.156,154.099,154.153
2026-09-11 06:34,154.146,154.193,154.139,154.180
2026-09-11 06:35,154.192,154.196,154.152,154.157
2026-09-11 06:36,154.157,154.171,154.130,154.137
2026-09-11 06:37,154.140,154.154,154.121,154.140
2026-09-11 06:38,154.136,154.164,154.131,154.155
2026-09-11 06:39,154.155,154.177,154.134,154.175
2026-09-11 06:40,154.169,154.178,154.142,154.171
2026-09-11 06:41,154.166,154.173,154.156,154.162
2026-09-11 06:42,154.169,154.180,154.156,154.159
2026-09-11 06:43,154.160,154.166,154.139,154.147
2026-09-11 06:44,154.151,154.153,154.100,154.117
2026-09-11 06:45,154.124,154.166,154.115,154.159
2026-09-11 06:46,154.159,154.166,154.142,154.159
2026-09-11 06:47,154.152,154.162,154.143,154.154
2026-09-11 06:48,154.150,154.185,154.139,154.176
2026-09-11 06:49,154.171,154.209,154.164,154.201
2026-09-11 06:50,154.200,154.218,154.187,154.190
2026-09-11 06:51,154.190,154.220,154.189,154.206
2026-09-11 06:52,154.207,154.209,154.190,154.197
2026-09-11 06:53,154.190,154.210,154.179,154.182
2026-09-11 06:54,154.179,154.198,154.155,154.158
2026-09-11 06:55,154.156,154.185,154.153,154.172
2026-09-11 06:56,154.172,154.197,154.166,154.187
2026-09-11 06:57,154.187,154.198,154.176,154.183
2026-09-11 06:58,154.181,154.196,154.177,154.194
2026-09-11 06:59,154.188,154.194,154.165,154.168
2026-09-11 07:00,154.169,154.182,154.115,154.124
2026-09-11 07:01,154.119,154.137,154.076,154.087
2026-09-11 07:02,154.090,154.098,154.072,154.078
2026-09-11 07:03,154.076,154.114,154.070,154.114
2026-09-11 07:04,154.107,154.150,154.102,154.114
2026-09-11 07:05,154.119,154.145,154.112,154.142
2026-09-11 07:06,154.136,154.141,154.117,154.123
2026-09-11 07:07,154.123,154.160,154.115,154.154
2026-09-11 07:08,154.161,154.204,154.154,154.204
2026-09-11 07:09,154.198,154.209,154.176,154.177
2026-09-11 07:10,154.178,154.187,154.142,154.146
2026-09-11 07:11,154.153,154.162,154.134,154.151
2026-09-11 07:12,154.143,154.161,154.140,154.150
2026-09-11 07:13,154.146,154.178,154.139,154.165
2026-09-11 07:14,154.160,154.176,154.146,154.169
2026-09-11 07:15,154.175,154.196,154.154,154.187
2026-09-11 07:16,154.187,154.199,154.178,154.186
2026-09-11 07:17,154.185,154.209,154.174,154.179
2026-09-11 07:18,154.179,154.186,154.155,154.177
2026-09-11 07:19,154.185,154.186,154.160,154.177
2026-09-11 07:20,154.177,154.186,154.175,154.176
2026-09-11 07:21,154.176,154.191,154.157,154.181
2026-09-11 07:22,154.190,154.228,154.181,154.211
2026-09-11 07:23,154.211,154.231,154.211,154.217
2026-09-11 07:24,154.220,154.222,154.168,154.170
2026-09-11 07:25,154.168,154.198,154.168,154.181
2026-09-11 07:26,154.181,154.194,154.169,154.178
2026-09-11 07:27,154.184,154.184,154.134,154.148
2026-09-11 07:28,154.152,154.172,154.133,154.154
2026-09-11 07:29,154.149,154.218,154.149,154.210
2026-09-11 07:30,154.213,154.232,154.189,154.189
2026-09-11 07:31,154.193,154.224,154.185,154.195
2026-09-11 07:32,154.197,154.215,154.170,154.190
2026-09-11 07:33,154.192,154.204,154.173,154.177
2026-09-11 07:34,154.177,154.214,154.174,154.199
2026-09-11 07:35,154.199,154.211,154.176,154.211
2026-09-11 07:36,154.205,154.216,154.161,154.172
2026-09-11 07:37,154.165,154.176,154.160,154.167
2026-09-11 07:38,154.167,154.197,154.165,154.188
2026-09-11 07:39,154.190,154.196,154.165,154.172
2026-09-11 07:40,154.167,154.184,154.156,154.157
2026-09-11 07:41,154.157,154.178,154.156,154.159
2026-09-11 07:42,154.159,154.187,154.159,154.175
2026-09-11 07:43,154.175,154.205,154.173,154.193
2026-09-11 07:44,154.190,154.276,154.190,154.259
2026-09-11 07:45,154.259,154.279,154.255,154.261
2026-09-11 07:46,154.256,154.261,154.238,154.255
2026-09-11 07:47,154.258,154.284,154.248,154.266
2026-09-11 07:48,154.270,154.278,154.255,154.256
2026-09-11 07:49,154.255,154.261,154.222,154.229
2026-09-11 07:50,154.235,154.237,154.220,154.224
2026-09-11 07:51,154.224,154.272,154.224,154.270
2026-09-11 07:52,154.268,154.273,154.245,154.245
2026-09-11 07:53,154.251,154.269,154.245,154.260
2026-09-11 07:54,154.263,154.268,154.243,154.249
2026-09-11 07:55,154.243,154.249,154.213,154.224
2026-09-11 07:56,154.231,154.244,154.220,154.234
2026-09-11 07:57,154.238,154.252,154.215,154.216
2026-09-11 07:58,154.215,154.260,154.204,154.245
2026-09-11 07:59,154.244,154.256,154.214,154.217
2026-09-11 08:00,154.220,154.231,154.202,154.226
2026-09-11 08:01,154.220,154.245,154.216,154.240
2026-09-11 08:02,154.237,154.248,154.205,154.241
2026-09-11 08:03,154.234,154.263,154.233,154.254
2026-09-11 08:04,154.260,154.270,154.245,154.257
2026-09-11 08:05,154.261,154.288,154.252,154.263
2026-09-11 08:06,154.262,154.266,154.238,154.240
2026-09-11 08:07,154.240,154.251,154.233,154.238
2026-09-11 08:08,154.236,154.242,154.208,154.229
2026-09-11 08:09,154.223,154.296,154.219,154.285
2026-09-11 08:10,154.287,154.294,154.274,154.283
2026-09-11 08:11,154.280,154.318,154.276,154.297
2026-09-11 08:12,154.304,154.324,154.296,154.299
2026-09-11 08:13,154.300,154.314,154.289,154.292
2026-09-11 08:14,154.292,154.326,154.292,154.313
2026-09-11 08:15,154.313,154.328,154.305,154.319
2026-09-11 08:16,154.321,154.338,154.300,154.303
2026-09-11 08:17,154.303,154.313,154.273,154.274
2026-09-11 08:18,154.274,154.282,154.246,154.256
2026-09-11 08:19,154.255,154.304,154.255,154.294
2026-09-11 08:20,154.295,154.327,154.289,154.323
2026-09-11 08:21,154.321,154.350,154.319,154.339
2026-09-11 08:22,154.339,154.367,154.339,154.358
2026-09-11 08:23,154.357,154.374,154.334,154.340
2026-09-11 08:24,154.341,154.345,154.221,154.282
2026-09-11 08:25,154.289,154.322,154.276,154.286
2026-09-11 08:26,154.281,154.313,154.270,154.299
2026-09-11 08:27,154.300,154.326,154.297,154.311
2026-09-11 08:28,154.315,154.316,154.293,154.308
2026-09-11 08:29,154.306,154.322,154.302,154.312
2026-09-11 08:30,154.309,154.335,154.304,154.305
2026-09-11 08:31,154.312,154.316,154.246,154.250
2026-09-11 08:32,154.250,154.260,154.227,154.238
2026-09-11 08:33,154.238,154.251,154.220,154.223
2026-09-11 08:34,154.229,154.242,154.214,154.220
2026-09-11 08:35,154.218,154.225,154.176,154.203
2026-09-11 08:36,154.197,154.206,154.159,154.172
2026-09-11 08:37,154.166,154.177,154.147,154.167
2026-09-11 08:38,154.168,154.191,154.152,154.160
2026-09-11 08:39,154.162,154.166,154.105,154.141
2026-09-11 08:40,154.140,154.158,154.117,154.144
2026-09-11 08:41,154.144,154.169,154.106,154.112
2026-09-11 08:42,154.111,154.133,154.109,154.114
2026-09-11 08:43,154.121,154.127,154.109,154.110
2026-09-11 08:44,154.117,154.120,154.075,154.085
2026-09-11 08:45,154.085,154.121,154.079,154.120
2026-09-11 08:46,154.114,154.130,154.092,154.103
2026-09-11 08:47,154.103,154.132,154.103,154.130
2026-09-11 08:48,154.122,154.128,154.093,154.098
2026-09-11 08:49,154.098,154.137,154.095,154.132
2026-09-11 08:50,154.124,154.132,154.080,154.096
2026-09-11 08:51,154.093,154.125,154.085,154.101
2026-09-11 08:52,154.098,154.102,154.070,154.101
2026-09-11 08:53,154.094,154.122,154.075,154.075
2026-09-11 08:54,154.084,154.084,154.040,154.042
2026-09-11 08:55,154.040,154.101,154.040,154.088
2026-09-11 08:56,154.088,154.098,154.067,154.070
2026-09-11 08:57,154.075,154.110,154.068,154.100
2026-09-11 08:58,154.102,154.115,154.078,154.088
2026-09-11 08:59,154.082,154.116,154.078,154.100
2026-09-11 09:00,154.096,154.109,154.050,154.059
2026-09-11 09:01,154.069,154.069,154.030,154.042
2026-09-11 09:02,154.047,154.088,154.041,154.081
2026-09-11 09:03,154.086,154.135,154.078,154.120
2026-09-11 09:04,154.115,154.127,154.093,154.100
2026-09-11 09:05,154.093,154.123,154.092,154.109
2026-09-11 09:06,154.106,154.125,154.100,154.121
2026-09-11 09:07,154.114,154.137,154.101,154.102
2026-09-11 09:08,154.101,154.128,154.097,154.122
2026-09-11 09:09,154.115,154.159,154.112,154.140
2026-09-11 09:10,154.145,154.186,154.140,154.178
2026-09-11 09:11,154.177,154.195,154.165,154.166
2026-09-11 09:12,154.166,154.179,154.147,154.147
2026-09-11 09:13,154.159,154.169,154.147,154.160
2026-09-11 09:14,154.156,154.162,154.129,154.135
2026-09-11 09:15,154.135,154.150,154.115,154.117
2026-09-11 09:16,154.124,154.132,154.097,154.099
2026-09-11 09:17,154.098,154.128,154.098,154.118
2026-09-11 09:18,154.113,154.141,154.113,154.122
2026-09-11 09:19,154.122,154.129,154.082,154.088
2026-09-11 09:20,154.088,154.107,154.073,154.089
2026-09-11 09:21,154.090,154.138,154.088,154.134
2026-09-11 09:22,154.125,154.137,154.112,154.128
2026-09-11 09:23,154.136,154.143,154.124,154.129
2026-09-11 09:24,154.129,154.144,154.104,154.112
2026-09-11 09:25,154.114,154.143,154.111,154.111
2026-09-11 09:26,154.114,154.120,154.097,154.112
2026-09-11 09:27,154.113,154.125,154.091,154.117
2026-09-11 09:28,154.117,154.126,154.108,154.118
2026-09-11 09:29,154.118,154.159,154.118,154.145
2026-09-11 09:30,154.145,154.173,154.139,154.159
2026-09-11 09:31,154.154,154.165,154.131,154.139
2026-09-11 09:32,154.139,154.158,154.132,154.150
2026-09-11 09:33,154.150,154.162,154.148,154.153
2026-09-11 09:34,154.160,154.191,154.151,154.183
2026-09-11 09:35,154.175,154.209,154.172,154.180
2026-09-11 09:36,154.176,154.183,154.158,154.168
2026-09-11 09:37,154.175,154.202,154.158,154.202
2026-09-11 09:38,154.198,154.209,154.189,154.198
2026-09-11 09:39,154.192,154.209,154.187,154.206
2026-09-11 09:40,154.199,154.216,154.198,154.198
2026-09-11 09:41,154.199,154.218,154.196,154.210
2026-09-11 09:42,154.210,154.230,154.203,154.215
2026-09-11 09:43,154.212,154.221,154.168,154.168
2026-09-11 09:44,154.174,154.175,154.133,154.150
2026-09-11 09:45,154.150,154.196,154.147,154.185
2026-09-11 09:46,154.184,154.184,154.128,154.136
2026-09-11 09:47,154.129,154.140,154.121,154.124
2026-09-11 09:48,154.128,154.148,154.112,154.120
2026-09-11 09:49,154.116,154.124,154.080,154.099
2026-09-11 09:50,154.092,154.108,154.071,154.081
2026-09-11 09:51,154.084,154.119,154.071,154.104
2026-09-11 09:52,154.104,154.111,154.060,154.082
2026-09-11 09:53,154.084,154.090,154.058,154.065
2026-09-11 09:54,154.061,154.076,154.049,154.061
2026-09-11 09:55,154.061,154.078,154.045,154.051
2026-09-11 09:56,154.052,154.083,154.041,154.073
2026-09-11 09:57,154.078,154.108,154.073,154.090
2026-09-11 09:58,154.086,154.105,154.076,154.082
2026-09-11 09:59,154.082,154.100,154.067,154.098
2026-09-11 10:00,154.097,154.109,154.066,154.068
2026-09-11 10:01,154.071,154.086,154.043,154.061
2026-09-11 10:02,154.065,154.166,154.048,154.069
2026-09-11 10:03,154.064,154.100,154.054,154.069
2026-09-11 10:04,154.060,154.075,154.029,154.038
2026-09-11 10:05,154.038,154.067,154.035,154.059
2026-09-11 10:06,154.051,154.095,154.051,154.082
2026-09-11 10:07,154.082,154.113,154.080,154.100
2026-09-11 10:08,154.100,154.114,154.086,154.087
2026-09-11 10:09,154.087,154.111,154.082,154.104
2026-09-11 10:10,154.104,154.131,154.103,154.114
2026-09-11 10:11,154.108,154.115,154.091,154.101
2026-09-11 10:12,154.098,154.102,154.079,154.081
2026-09-11 10:13,154.081,154.106,154.078,154.078
2026-09-11 10:14,154.078,154.100,154.077,154.089
2026-09-11 10:15,154.086,154.145,154.085,154.144
2026-09-11 10:16,154.137,154.147,154.119,154.130
2026-09-11 10:17,154.122,154.139,154.118,154.129
2026-09-11 10:18,154.129,154.137,154.117,154.118
2026-09-11 10:19,154.118,154.135,154.116,154.128
2026-09-11 10:20,154.127,154.151,154.120,154.134
2026-09-11 10:21,154.128,154.148,154.124,154.128
2026-09-11 10:22,154.130,154.146,154.125,154.136
2026-09-11 10:23,154.129,154.151,154.126,154.141
2026-09-11 10:24,154.145,154.145,154.127,154.128
2026-09-11 10:25,154.135,154.142,154.117,154.118
2026-09-11 10:26,154.118,154.138,154.093,154.127
2026-09-11 10:27,154.134,154.142,154.125,154.129
2026-09-11 10:28,154.131,154.138,154.109,154.128
2026-09-11 10:29,154.128,154.137,154.113,154.118
2026-09-11 10:30,154.122,154.127,154.104,154.113
2026-09-11 10:31,154.113,154.122,154.080,154.092
2026-09-11 10:32,154.092,154.109,154.076,154.076
2026-09-11 10:33,154.076,154.093,154.062,154.078
2026-09-11 10:34,154.087,154.087,154.054,154.056
2026-09-11 10:35,154.056,154.066,154.046,154.062
2026-09-11 10:36,154.053,154.065,154.028,154.058
2026-09-11 10:37,154.052,154.072,154.034,154.065
2026-09-11 10:38,154.069,154.087,154.056,154.060
2026-09-11 10:39,154.066,154.084,154.047,154.066
2026-09-11 10:40,154.066,154.104,154.064,154.095
2026-09-11 10:41,154.095,154.122,154.072,154.078
2026-09-11 10:42,154.087,154.089,154.047,154.057
2026-09-11 10:43,154.053,154.096,154.042,154.065
2026-09-11 10:44,154.065,154.081,154.055,154.074
2026-09-11 10:45,154.071,154.092,154.066,154.083
2026-09-11 10:46,154.083,154.097,154.079,154.092
2026-09-11 10:47,154.098,154.100,154.080,154.093
2026-09-11 10:48,154.097,154.112,154.089,154.098
2026-09-11 10:49,154.091,154.103,154.079,154.091
2026-09-11 10:50,154.098,154.110,154.089,154.091
2026-09-11 10:51,154.093,154.103,154.066,154.070
2026-09-11 10:52,154.071,154.088,154.063,154.074
2026-09-11 10:53,154.064,154.087,154.064,154.068
2026-09-11 10:54,154.068,154.079,153.999,154.010
2026-09-11 10:55,154.007,154.026,153.975,153.981
2026-09-11 10:56,153.981,153.991,153.960,153.981
2026-09-11 10:57,153.973,154.012,153.968,153.973
2026-09-11 10:58,153.973,153.999,153.949,153.958
2026-09-11 10:59,153.950,153.995,153.949,153.966
2026-09-11 11:00,153.965,153.983,153.941,153.951
2026-09-11 11:01,153.945,153.980,153.945,153.963
2026-09-11 11:02,153.958,153.969,153.913,153.936
2026-09-11 11:03,153.935,153.947,153.902,153.913
2026-09-11 11:04,153.920,153.932,153.898,153.925
2026-09-11 11:05,153.925,153.943,153.902,153.928
2026-09-11 11:06,153.935,153.968,153.927,153.957
2026-09-11 11:07,153.948,153.969,153.946,153.961
2026-09-11 11:08,153.961,153.967,153.924,153.955
2026-09-11 11:09,153.948,153.957,153.923,153.929
2026-09-11 11:10,153.926,153.947,153.911,153.923
2026-09-11 11:11,153.923,153.947,153.922,153.937
2026-09-11 11:12,153.945,153.988,153.935,153.972
2026-09-11 11:13,153.972,153.991,153.968,153.969
2026-09-11 11:14,153.968,153.981,153.953,153.957
2026-09-11 11:15,153.966,154.002,153.957,153.987
2026-09-11 11:16,153.988,154.032,153.986,154.018
2026-09-11 11:17,154.021,154.037,154.009,154.024
2026-09-11 11:18,154.021,154.031,154.000,154.012
2026-09-11 11:19,154.014,154.034,154.001,154.023
2026-09-11 11:20,154.023,154.047,154.022,154.037
2026-09-11 11:21,154.036,154.067,154.035,154.052
2026-09-11 11:22,154.051,154.090,154.044,154.075
2026-09-11 11:23,154.075,154.087,154.064,154.070
2026-09-11 11:24,154.077,154.089,154.069,154.081
2026-09-11 11:25,154.078,154.088,154.006,154.030
2026-09-11 11:26,154.028,154.050,154.026,154.043
2026-09-11 11:27,154.043,154.052,154.018,154.022
2026-09-11 11:28,154.021,154.049,154.017,154.042
2026-09-11 11:29,154.041,154.051,154.034,154.041
2026-09-11 11:30,154.034,154.047,154.018,154.027
2026-09-11 11:31,154.030,154.040,154.015,154.039
2026-09-11 11:32,154.031,154.050,154.029,154.039
2026-09-11 11:33,154.039,154.052,154.028,154.041
2026-09-11 11:34,154.049,154.066,154.039,154.065
2026-09-11 11:35,154.058,154.080,154.051,154.074
2026-09-11 11:36,154.075,154.077,154.002,154.013
2026-09-11 11:37,154.008,154.034,154.005,154.018
2026-09-11 11:38,154.019,154.029,154.010,154.020
2026-09-11 11:39,154.016,154.041,154.013,154.031
2026-09-11 11:40,154.031,154.051,154.000,154.009
2026-09-11 11:41,154.008,154.017,153.958,153.958
2026-09-11 11:42,153.966,153.995,153.940,153.985
2026-09-11 11:43,153.977,153.993,153.971,153.979
2026-09-11 11:44,153.986,153.988,153.888,153.898
2026-09-11 11:45,153.897,153.908,153.873,153.901
2026-09-11 11:46,153.904,153.949,153.898,153.932
2026-09-11 11:47,153.925,153.937,153.908,153.912
2026-09-11 11:48,153.912,153.971,153.895,153.960
2026-09-11 11:49,153.965,153.979,153.937,153.951
2026-09-11 11:50,153.954,153.960,153.939,153.949
2026-09-11 11:51,153.949,153.966,153.946,153.959
2026-09-11 11:52,153.965,153.971,153.945,153.957
2026-09-11 11:53,153.963,153.971,153.920,153.927
2026-09-11 11:54,153.918,153.971,153.912,153.962
2026-09-11 11:55,153.962,153.989,153.959,153.964
2026-09-11 11:56,153.971,153.994,153.961,153.984
2026-09-11 11:57,153.993,154.004,153.977,153.988
2026-09-11 11:58,153.997,154.021,153.987,154.010
2026-09-11 11:59,154.014,154.034,154.000,154.023
2026-09-11 12:00,154.023,154.040,154.000,154.015
2026-09-11 12:01,154.008,154.024,153.974,153.990
2026-09-11 12:02,153.987,154.004,153.980,153.993
2026-09-11 12:03,153.994,154.048,153.992,154.026
2026-09-11 12:04,154.022,154.031,154.014,154.026
2026-09-11 12:05,154.020,154.059,154.018,154.025
2026-09-11 12:06,154.028,154.051,154.015,154.045
2026-09-11 12:07,154.051,154.068,154.044,154.059
2026-09-11 12:08,154.059,154.077,154.054,154.074
2026-09-11 12:09,154.068,154.077,154.031,154.036
2026-09-11 12:10,154.037,154.056,154.019,154.025
2026-09-11 12:11,154.021,154.031,153.997,154.000
2026-09-11 12:12,153.999,154.012,153.985,153.985
2026-09-11 12:13,153.988,153.990,153.954,153.967
2026-09-11 12:14,153.967,153.999,153.960,153.993
2026-09-11 12:15,153.993,154.013,153.981,154.003
2026-09-11 12:16,153.999,154.006,153.963,153.999
2026-09-11 12:17,153.999,154.013,153.975,153.981
2026-09-11 12:18,153.977,154.005,153.971,153.975
2026-09-11 12:19,153.975,154.021,153.972,154.008
2026-09-11 12:20,154.012,154.023,153.979,153.979
2026-09-11 12:21,153.982,153.995,153.974,153.976
2026-09-11 12:22,153.988,154.008,153.971,154.001
2026-09-11 12:23,154.001,154.041,153.999,154.017
2026-09-11 12:24,154.016,154.043,154.010,154.035
2026-09-11 12:25,154.030,154.043,154.016,154.034
2026-09-11 12:26,154.042,154.043,154.005,154.010
2026-09-11 12:27,154.007,154.019,153.948,153.966
2026-09-11 12:28,153.967,153.976,153.938,153.966
2026-09-11 12:29,153.971,153.976,153.857,153.921
2026-09-11 12:30,153.917,154.458,153.851,154.413
2026-09-11 12:31,154.412,154.492,154.280,154.316
2026-09-11 12:32,154.327,154.340,154.138,154.176
2026-09-11 12:33,154.178,154.182,154.079,154.086
2026-09-11 12:34,154.085,154.134,153.983,154.123
2026-09-11 12:35,154.129,154.135,154.007,154.081
2026-09-11 12:36,154.085,154.099,154.009,154.052
2026-09-11 12:37,154.049,154.065,153.956,154.011
2026-09-11 12:38,154.018,154.064,153.966,153.967
2026-09-11 12:39,153.975,154.015,153.922,154.000
2026-09-11 12:40,154.013,154.043,153.898,153.911
2026-09-11 12:41,153.906,153.951,153.871,153.888
2026-09-11 12:42,153.894,153.903,153.813,153.840
2026-09-11 12:43,153.846,153.851,153.611,153.724
2026-09-11 12:44,153.730,153.768,153.646,153.675
2026-09-11 12:45,153.677,153.677,153.518,153.554
2026-09-11 12:46,153.545,153.630,153.533,153.585
2026-09-11 12:47,153.573,153.687,153.555,153.634
2026-09-11 12:48,153.640,153.735,153.635,153.665
2026-09-11 12:49,153.663,153.731,153.641,153.722
2026-09-11 12:50,153.722,153.756,153.593,153.636
2026-09-11 12:51,153.638,153.681,153.574,153.648
2026-09-11 12:52,153.653,153.692,153.574,153.577
2026-09-11 12:53,153.577,153.590,153.431,153.481
2026-09-11 12:54,153.472,153.620,153.472,153.607
2026-09-11 12:55,153.606,153.634,153.512,153.537
2026-09-11 12:56,153.535,153.568,153.503,153.541
2026-09-11 12:57,153.549,153.593,153.505,153.542
2026-09-11 12:58,153.547,153.587,153.480,153.482
2026-09-11 12:59,153.483,153.502,153.442,153.453
2026-09-11 13:00,153.461,153.487,153.379,153.383
2026-09-11 13:01,153.391,153.396,153.329,153.338
2026-09-11 13:02,153.326,153.401,153.318,153.321
2026-09-11 13:03,153.319,153.336,153.234,153.307
2026-09-11 13:04,153.316,153.382,153.234,153.369
2026-09-11 13:05,153.369,153.445,153.318,153.344
2026-09-11 13:06,153.355,153.430,153.319,153.419
2026-09-11 13:07,153.414,153.459,153.398,153.448
2026-09-11 13:08,153.455,153.470,153.361,153.376
2026-09-11 13:09,153.365,153.498,153.365,153.474
2026-09-11 13:10,153.482,153.528,153.460,153.520
2026-09-11 13:11,153.509,153.531,153.482,153.527
2026-09-11 13:12,153.512,153.552,153.500,153.530
2026-09-11 13:13,153.538,153.564,153.502,153.519
2026-09-11 13:14,153.520,153.554,153.505,153.529
2026-09-11 13:15,153.529,153.598,153.519,153.585
2026-09-11 13:16,153.581,153.624,153.569,153.623
2026-09-11 13:17,153.614,153.640,153.589,153.604
2026-09-11 13:18,153.600,153.612,153.564,153.570
2026-09-11 13:19,153.566,153.641,153.562,153.624
2026-09-11 13:20,153.617,153.625,153.517,153.561
2026-09-11 13:21,153.556,153.583,153.536,153.540
2026-09-11 13:22,153.539,153.569,153.525,153.529
2026-09-11 13:23,153.529,153.552,153.475,153.488
2026-09-11 13:24,153.501,153.518,153.481,153.503
2026-09-11 13:25,153.502,153.533,153.463,153.522
2026-09-11 13:26,153.533,153.554,153.513,153.528
2026-09-11 13:27,153.520,153.567,153.509,153.530
2026-09-11 13:28,153.527,153.542,153.422,153.457
2026-09-11 13:29,153.451,153.507,153.429,153.496
2026-09-11 13:30,153.508,153.508,153.434,153.442
2026-09-11 13:31,153.434,153.481,153.405,153.413
2026-09-11 13:32,153.413,153.461,153.391,153.426
2026-09-11 13:33,153.432,153.482,153.428,153.432
2026-09-11 13:34,153.434,153.472,153.385,153.452
2026-09-11 13:35,153.441,153.451,153.368,153.395
2026-09-11 13:36,153.396,153.433,153.373,153.408
2026-09-11 13:37,153.414,153.420,153.371,153.391
2026-09-11 13:38,153.391,153.445,153.389,153.408
2026-09-11 13:39,153.413,153.426,153.365,153.369
2026-09-11 13:40,153.374,153.421,153.300,153.409
2026-09-11 13:41,153.405,153.478,153.393,153.477
2026-09-11 13:42,153.470,153.495,153.468,153.472
2026-09-11 13:43,153.469,153.499,153.460,153.494
2026-09-11 13:44,153.498,153.530,153.459,153.465
2026-09-11 13:45,153.460,153.472,153.426,153.434
2026-09-11 13:46,153.434,153.452,153.372,153.408
2026-09-11 13:47,153.419,153.424,153.383,153.408
2026-09-11 13:48,153.405,153.455,153.393,153.453
2026-09-11 13:49,153.447,153.459,153.422,153.440
2026-09-11 13:50,153.443,153.469,153.427,153.459
2026-09-11 13:51,153.462,153.510,153.459,153.489
2026-09-11 13:52,153.489,153.527,153.486,153.498
2026-09-11 13:53,153.499,153.505,153.469,153.482
2026-09-11 13:54,153.484,153.530,153.474,153.519
2026-09-11 13:55,153.520,153.544,153.507,153.535
2026-09-11 13:56,153.527,153.534,153.476,153.481
2026-09-11 13:57,153.479,153.490,153.445,153.447
2026-09-11 13:58,153.447,153.470,153.421,153.423
2026-09-11 13:59,153.426,153.439,153.395,153.431
2026-09-11 14:00,153.418,153.479,153.397,153.438
2026-09-11 14:01,153.430,153.487,153.429,153.471
2026-09-11 14:02,153.471,153.508,153.469,153.498
2026-09-11 14:03,153.501,153.530,153.476,153.491
2026-09-11 14:04,153.489,153.497,153.414,153.436
2026-09-11 14:05,153.429,153.456,153.413,153.432
2026-09-11 14:06,153.435,153.456,153.417,153.446
2026-09-11 14:07,153.444,153.454,153.418,153.438
2026-09-11 14:08,153.437,153.473,153.394,153.413
2026-09-11 14:09,153.410,153.446,153.403,153.430
2026-09-11 14:10,153.434,153.454,153.418,153.428
2026-09-11 14:11,153.433,153.447,153.415,153.427
2026-09-11 14:12,153.437,153.469,153.425,153.457
2026-09-11 14:13,153.457,153.478,153.413,153.452
2026-09-11 14:14,153.452,153.507,153.451,153.495
2026-09-11 14:15,153.500,153.516,153.465,153.473
2026-09-11 14:16,153.470,153.528,153.470,153.525
2026-09-11 14:17,153.522,153.540,153.491,153.499
2026-09-11 14:18,153.499,153.528,153.499,153.505
2026-09-11 14:19,153.502,153.510,153.435,153.442
2026-09-11 14:20,153.440,153.497,153.429,153.483
2026-09-11 14:21,153.475,153.508,153.466,153.486
2026-09-11 14:22,153.486,153.505,153.454,153.462
2026-09-11 14:23,153.469,153.507,153.461,153.497
2026-09-11 14:24,153.497,153.541,153.486,153.507
2026-09-11 14:25,153.508,153.563,153.498,153.538
2026-09-11 14:26,153.547,153.572,153.521,153.550
2026-09-11 14:27,153.559,153.584,153.525,153.575
2026-09-11 14:28,153.575,153.594,153.570,153.584
2026-09-11 14:29,153.580,153.590,153.564,153.584
2026-09-11 14:30,153.582,153.613,153.573,153.602
2026-09-11 14:31,153.603,153.621,153.589,153.606
2026-09-11 14:32,153.610,153.630,153.597,153.615
2026-09-11 14:33,153.614,153.637,153.594,153.629
2026-09-11 14:34,153.629,153.634,153.580,153.585
2026-09-11 14:35,153.591,153.602,153.549,153.588
2026-09-11 14:36,153.584,153.593,153.548,153.566
2026-09-11 14:37,153.560,153.589,153.543,153.569
2026-09-11 14:38,153.577,153.628,153.566,153.616
2026-09-11 14:39,153.610,153.619,153.594,153.606
2026-09-11 14:40,153.613,153.640,153.567,153.629
2026-09-11 14:41,153.636,153.657,153.619,153.627
2026-09-11 14:42,153.627,153.641,153.610,153.629
2026-09-11 14:43,153.630,153.645,153.613,153.628
2026-09-11 14:44,153.628,153.639,153.589,153.618
2026-09-11 14:45,153.629,153.634,153.593,153.606
2026-09-11 14:46,153.598,153.615,153.562,153.583
2026-09-11 14:47,153.589,153.630,153.583,153.600
2026-09-11 14:48,153.598,153.611,153.503,153.574
2026-09-11 14:49,153.565,153.579,153.516,153.524
2026-09-11 14:50,153.528,153.569,153.524,153.527
2026-09-11 14:51,153.528,153.537,153.480,153.510
2026-09-11 14:52,153.509,153.547,153.495,153.538
2026-09-11 14:53,153.544,153.563,153.528,153.553
2026-09-11 14:54,153.561,153.565,153.524,153.539
2026-09-11 14:55,153.534,153.537,153.495,153.523
2026-09-11 14:56,153.523,153.531,153.502,153.503
2026-09-11 14:57,153.503,153.521,153.462,153.478
2026-09-11 14:58,153.483,153.490,153.458,153.479
2026-09-11 14:59,153.474,153.503,153.473,153.481
2026-09-11 15:00,153.480,153.514,153.449,153.451
2026-09-11 15:01,153.457,153.459,153.417,153.428
2026-09-11 15:02,153.428,153.478,153.414,153.478
2026-09-11 15:03,153.470,153.513,153.465,153.502
2026-09-11 15:04,153.492,153.544,153.492,153.535
2026-09-11 15:05,153.541,153.557,153.523,153.535
2026-09-11 15:06,153.531,153.546,153.520,153.534
2026-09-11 15:07,153.536,153.579,153.527,153.569
2026-09-11 15:08,153.570,153.620,153.562,153.599
2026-09-11 15:09,153.603,153.621,153.598,153.607
2026-09-11 15:10,153.599,153.615,153.568,153.575
2026-09-11 15:11,153.570,153.607,153.570,153.597
2026-09-11 15:12,153.598,153.607,153.592,153.598
2026-09-11 15:13,153.598,153.618,153.575,153.578
2026-09-11 15:14,153.575,153.584,153.560,153.572
2026-09-11 15:15,153.568,153.588,153.549,153.553
2026-09-11 15:16,153.557,153.584,153.548,153.555
2026-09-11 15:17,153.548,153.557,153.537,153.538
2026-09-11 15:18,153.538,153.577,153.535,153.562
2026-09-11 15:19,153.563,153.576,153.552,153.565
2026-09-11 15:20,153.556,153.563,153.516,153.539
2026-09-11 15:21,153.539,153.571,153.539,153.569
2026-09-11 15:22,153.570,153.605,153.555,153.596
2026-09-11 15:23,153.589,153.601,153.580,153.580
2026-09-11 15:24,153.584,153.604,153.580,153.594
2026-09-11 15:25,153.588,153.600,153.584,153.584
2026-09-11 15:26,153.591,153.596,153.580,153.593
2026-09-11 15:27,153.592,153.596,153.565,153.572
2026-09-11 15:28,153.572,153.591,153.567,153.582
2026-09-11 15:29,153.581,153.587,153.561,153.577
2026-09-11 15:30,153.577,153.592,153.568,153.578
2026-09-11 15:31,153.578,153.595,153.575,153.587
2026-09-11 15:32,153.587,153.600,153.571,153.589
2026-09-11 15:33,153.594,153.611,153.586,153.601
2026-09-11 15:34,153.607,153.623,153.599,153.609
2026-09-11 15:35,153.607,153.620,153.595,153.599
2026-09-11 15:36,153.611,153.620,153.590,153.607
2026-09-11 15:37,153.607,153.631,153.591,153.624
2026-09-11 15:38,153.628,153.659,153.623,153.653
2026-09-11 15:39,153.655,153.666,153.636,153.645
2026-09-11 15:40,153.641,153.656,153.638,153.650
2026-09-11 15:41,153.646,153.679,153.645,153.665
2026-09-11 15:42,153.673,153.677,153.649,153.653
2026-09-11 15:43,153.657,153.666,153.647,153.666
2026-09-11 15:44,153.666,153.677,153.653,153.669
2026-09-11 15:45,153.670,153.687,153.666,153.673
2026-09-11 15:46,153.672,153.690,153.668,153.689
2026-09-11 15:47,153.690,153.704,153.680,153.700
2026-09-11 15:48,153.693,153.702,153.672,153.680
2026-09-11 15:49,153.672,153.680,153.651,153.663
2026-09-11 15:50,153.673,153.674,153.657,153.660
2026-09-11 15:51,153.660,153.668,153.651,153.654
2026-09-11 15:52,153.660,153.668,153.650,153.650
2026-09-11 15:53,153.652,153.670,153.645,153.670
2026-09-11 15:54,153.663,153.688,153.655,153.681
2026-09-11 15:55,153.677,153.701,153.674,153.682
2026-09-11 15:56,153.689,153.701,153.681,153.693
2026-09-11 15:57,153.690,153.728,153.689,153.727
2026-09-11 15:58,153.721,153.738,153.710,153.720
2026-09-11 15:59,153.714,153.721,153.699,153.704
2026-09-11 16:00,153.705,153.717,153.692,153.708
2026-09-11 16:01,153.706,153.737,153.695,153.735
2026-09-11 16:02,153.728,153.736,153.695,153.698
2026-09-11 16:03,153.695,153.714,153.690,153.703
2026-09-11 16:04,153.697,153.702,153.668,153.672
2026-09-11 16:05,153.673,153.687,153.667,153.675
2026-09-11 16:06,153.674,153.700,153.673,153.696
2026-09-11 16:07,153.690,153.714,153.689,153.705
2026-09-11 16:08,153.708,153.713,153.691,153.701
2026-09-11 16:09,153.693,153.702,153.671,153.671
2026-09-11 16:10,153.674,153.696,153.670,153.679
2026-09-11 16:11,153.683,153.686,153.646,153.648
2026-09-11 16:12,153.648,153.689,153.647,153.681
2026-09-11 16:13,153.678,153.696,153.676,153.689
2026-09-11 16:14,153.692,153.713,153.684,153.703
2026-09-11 16:15,153.708,153.712,153.694,153.706
2026-09-11 16:16,153.698,153.707,153.680,153.699
2026-09-11 16:17,153.697,153.704,153.677,153.689
2026-09-11 16:18,153.690,153.698,153.676,153.686
2026-09-11 16:19,153.680,153.702,153.677,153.693
2026-09-11 16:20,153.691,153.698,153.670,153.684
2026-09-11 16:21,153.682,153.689,153.667,153.673
2026-09-11 16:22,153.674,153.690,153.669,153.672
2026-09-11 16:23,153.669,153.678,153.662,153.670
2026-09-11 16:24,153.670,153.691,153.670,153.678
2026-09-11 16:25,153.678,153.686,153.669,153.673
2026-09-11 16:26,153.672,153.682,153.658,153.662
2026-09-11 16:27,153.660,153.666,153.636,153.650
2026-09-11 16:28,153.653,153.655,153.638,153.645
2026-09-11 16:29,153.652,153.707,153.645,153.704
2026-09-11 16:30,153.697,153.713,153.670,153.678
2026-09-11 16:31,153.671,153.707,153.670,153.698
2026-09-11 16:32,153.692,153.718,153.666,153.677
2026-09-11 16:33,153.677,153.686,153.636,153.657
2026-09-11 16:34,153.645,153.659,153.631,153.653
2026-09-11 16:35,153.654,153.667,153.648,153.659
2026-09-11 16:36,153.668,153.689,153.665,153.678
2026-09-11 16:37,153.678,153.687,153.664,153.665
2026-09-11 16:38,153.669,153.680,153.660,153.667
2026-09-11 16:39,153.668,153.686,153.663,153.676
2026-09-11 16:40,153.676,153.697,153.653,153.655
2026-09-11 16:41,153.655,153.668,153.645,153.664
2026-09-11 16:42,153.660,153.689,153.660,153.668
2026-09-11 16:43,153.674,153.678,153.659,153.671
2026-09-11 16:44,153.667,153.677,153.661,153.670
2026-09-11 16:45,153.670,153.686,153.660,153.661
2026-09-11 16:46,153.661,153.666,153.648,153.655
2026-09-11 16:47,153.655,153.663,153.642,153.657
2026-09-11 16:48,153.657,153.671,153.652,153.667
2026-09-11 16:49,153.660,153.697,153.659,153.688
2026-09-11 16:50,153.691,153.710,153.687,153.701
2026-09-11 16:51,153.708,153.713,153.691,153.700
2026-09-11 16:52,153.700,153.721,153.697,153.711
2026-09-11 16:53,153.718,153.723,153.697,153.705
2026-09-11 16:54,153.705,153.713,153.700,153.711
2026-09-11 16:55,153.704,153.711,153.690,153.695
2026-09-11 16:56,153.695,153.712,153.694,153.707
2026-09-11 16:57,153.700,153.723,153.700,153.708
2026-09-11 16:58,153.707,153.720,153.700,153.703
2026-09-11 16:59,153.711,153.717,153.696,153.704
2026-09-11 17:00,153.704,153.733,153.704,153.731
2026-09-11 17:01,153.723,153.738,153.723,153.725
2026-09-11 17:02,153.727,153.745,153.724,153.734
2026-09-11 17:03,153.734,153.757,153.734,153.744
2026-09-11 17:04,153.740,153.748,153.729,153.740
2026-09-11 17:05,153.742,153.749,153.727,153.731
2026-09-11 17:06,153.737,153.744,153.722,153.725
2026-09-11 17:07,153.725,153.735,153.672,153.726
2026-09-11 17:08,153.727,153.745,153.727,153.744
2026-09-11 17:09,153.737,153.744,153.725,153.732
2026-09-11 17:10,153.727,153.734,153.694,153.710
2026-09-11 17:11,153.714,153.725,153.701,153.710
2026-09-11 17:12,153.710,153.717,153.677,153.682
2026-09-11 17:13,153.685,153.694,153.670,153.688
2026-09-11 17:14,153.690,153.712,153.685,153.702
2026-09-11 17:15,153.700,153.724,153.698,153.715
2026-09-11 17:16,153.720,153.725,153.694,153.704
2026-09-11 17:17,153.697,153.706,153.682,153.690
2026-09-11 17:18,153.687,153.707,153.687,153.699
2026-09-11 17:19,153.700,153.707,153.677,153.694
2026-09-11 17:20,153.699,153.704,153.674,153.688
2026-09-11 17:21,153.689,153.695,153.681,153.684
2026-09-11 17:22,153.684,153.694,153.676,153.683
2026-09-11 17:23,153.680,153.699,153.670,153.674
2026-09-11 17:24,153.672,153.683,153.668,153.678
2026-09-11 17:25,153.674,153.688,153.654,153.678
2026-09-11 17:26,153.687,153.688,153.673,153.683
2026-09-11 17:27,153.677,153.696,153.673,153.681
2026-09-11 17:28,153.684,153.697,153.675,153.686
2026-09-11 17:29,153.689,153.708,153.685,153.708
2026-09-11 17:30,153.700,153.708,153.684,153.688
2026-09-11 17:31,153.696,153.698,153.672,153.679
2026-09-11 17:32,153.677,153.690,153.675,153.681
2026-09-11 17:33,153.680,153.704,153.680,153.700
2026-09-11 17:34,153.695,153.706,153.690,153.692
2026-09-11 17:35,153.694,153.720,153.693,153.705
2026-09-11 17:36,153.705,153.713,153.694,153.699
2026-09-11 17:37,153.699,153.712,153.697,153.703
2026-09-11 17:38,153.703,153.713,153.701,153.710
2026-09-11 17:39,153.702,153.711,153.687,153.691
2026-09-11 17:40,153.691,153.701,153.679,153.698
2026-09-11 17:41,153.694,153.712,153.690,153.699
2026-09-11 17:42,153.702,153.713,153.695,153.704
2026-09-11 17:43,153.707,153.725,153.703,153.714
2026-09-11 17:44,153.720,153.724,153.705,153.717
2026-09-11 17:45,153.719,153.727,153.713,153.722
2026-09-11 17:46,153.721,153.728,153.711,153.718
2026-09-11 17:47,153.721,153.736,153.711,153.713
2026-09-11 17:48,153.713,153.723,153.705,153.714
2026-09-11 17:49,153.714,153.721,153.700,153.705
2026-09-11 17:50,153.705,153.720,153.702,153.717
2026-09-11 17:51,153.709,153.718,153.699,153.699
2026-09-11 17:52,153.699,153.716,153.691,153.691
2026-09-11 17:53,153.692,153.712,153.689,153.707
2026-09-11 17:54,153.702,153.709,153.690,153.692
2026-09-11 17:55,153.692,153.698,153.679,153.683
2026-09-11 17:56,153.687,153.696,153.683,153.693
2026-09-11 17:57,153.686,153.712,153.686,153.700
2026-09-11 17:58,153.700,153.712,153.699,153.704
2026-09-11 17:59,153.703,153.710,153.690,153.693
2026-09-11 18:00,153.693,153.701,153.688,153.692
2026-09-11 18:01,153.688,153.700,153.687,153.690
2026-09-11 18:02,153.698,153.698,153.680,153.681
2026-09-11 18:03,153.681,153.690,153.669,153.672
2026-09-11 18:04,153.678,153.690,153.670,153.680
2026-09-11 18:05,153.680,153.698,153.680,153.689
2026-09-11 18:06,153.689,153.696,153.677,153.689
2026-09-11 18:07,153.683,153.696,153.681,153.683
2026-09-11 18:08,153.687,153.698,153.680,153.692
2026-09-11 18:09,153.689,153.698,153.683,153.685
2026-09-11 18:10,153.691,153.691,153.679,153.683
2026-09-11 18:11,153.683,153.695,153.680,153.689
2026-09-11 18:12,153.683,153.696,153.681,153.687
2026-09-11 18:13,153.690,153.708,153.684,153.691
2026-09-11 18:14,153.697,153.703,153.689,153.691
2026-09-11 18:15,153.697,153.708,153.691,153.701
2026-09-11 18:16,153.698,153.719,153.698,153.714
2026-09-11 18:17,153.712,153.724,153.712,153.720
2026-09-11 18:18,153.716,153.722,153.697,153.704
2026-09-11 18:19,153.699,153.717,153.699,153.707
2026-09-11 18:20,153.707,153.739,153.705,153.728
2026-09-11 18:21,153.724,153.752,153.722,153.729
2026-09-11 18:22,153.732,153.742,153.713,153.717
2026-09-11 18:23,153.715,153.728,153.700,153.718
2026-09-11 18:24,153.720,153.726,153.704,153.712
2026-09-11 18:25,153.712,153.713,153.697,153.703
2026-09-11 18:26,153.703,153.716,153.697,153.712
2026-09-11 18:27,153.713,153.725,153.700,153.715
2026-09-11 18:28,153.715,153.723,153.695,153.706
2026-09-11 18:29,153.702,153.721,153.696,153.717
2026-09-11 18:30,153.712,153.721,153.705,153.710
2026-09-11 18:31,153.710,153.731,153.710,153.731
2026-09-11 18:32,153.726,153.734,153.714,153.719
2026-09-11 18:33,153.723,153.729,153.706,153.715
2026-09-11 18:34,153.715,153.725,153.708,153.711
2026-09-11 18:35,153.714,153.724,153.700,153.710
2026-09-11 18:36,153.714,153.718,153.701,153.702
2026-09-11 18:37,153.706,153.725,153.702,153.722
2026-09-11 18:38,153.720,153.725,153.713,153.715
2026-09-11 18:39,153.720,153.733,153.715,153.720
2026-09-11 18:40,153.720,153.735,153.720,153.725
2026-09-11 18:41,153.725,153.731,153.704,153.710
2026-09-11 18:42,153.710,153.725,153.708,153.718
2026-09-11 18:43,153.718,153.732,153.713,153.717
2026-09-11 18:44,153.717,153.732,153.714,153.723
2026-09-11 18:45,153.729,153.755,153.723,153.748
2026-09-11 18:46,153.744,153.759,153.736,153.756
2026-09-11 18:47,153.754,153.759,153.745,153.748
2026-09-11 18:48,153.748,153.760,153.745,153.752
2026-09-11 18:49,153.759,153.761,153.742,153.747
2026-09-11 18:50,153.747,153.759,153.738,153.738
2026-09-11 18:51,153.738,153.748,153.727,153.728
2026-09-11 18:52,153.732,153.742,153.724,153.735
2026-09-11 18:53,153.732,153.743,153.729,153.734
2026-09-11 18:54,153.742,153.742,153.729,153.736
2026-09-11 18:55,153.739,153.748,153.729,153.734
2026-09-11 18:56,153.734,153.750,153.729,153.730
2026-09-11 18:57,153.737,153.739,153.719,153.725
2026-09-11 18:58,153.728,153.733,153.716,153.718
2026-09-11 18:59,153.718,153.728,153.713,153.723
2026-09-11 19:00,153.718,153.767,153.718,153.734
2026-09-11 19:01,153.728,153.748,153.719,153.726
2026-09-11 19:02,153.730,153.749,153.725,153.748
2026-09-11 19:03,153.738,153.762,153.738,153.750
2026-09-11 19:04,153.750,153.763,153.744,153.746
2026-09-11 19:05,153.750,153.764,153.744,153.762
2026-09-11 19:06,153.756,153.774,153.752,153.768
2026-09-11 19:07,153.768,153.775,153.762,153.765
2026-09-11 19:08,153.768,153.773,153.744,153.750
2026-09-11 19:09,153.745,153.751,153.736,153.750
2026-09-11 19:10,153.742,153.749,153.721,153.734
2026-09-11 19:11,153.735,153.748,153.728,153.732
2026-09-11 19:12,153.727,153.746,153.725,153.729
2026-09-11 19:13,153.725,153.739,153.714,153.714
2026-09-11 19:14,153.721,153.728,153.712,153.723
2026-09-11 19:15,153.715,153.725,153.706,153.723
2026-09-11 19:16,153.714,153.727,153.708,153.726
2026-09-11 19:17,153.719,153.739,153.718,153.730
2026-09-11 19:18,153.730,153.750,153.730,153.749
2026-09-11 19:19,153.746,153.757,153.737,153.750
2026-09-11 19:20,153.742,153.751,153.734,153.743
2026-09-11 19:21,153.735,153.745,153.717,153.718
2026-09-11 19:22,153.718,153.745,153.718,153.726
2026-09-11 19:23,153.729,153.734,153.716,153.725
2026-09-11 19:24,153.720,153.727,153.714,153.717
2026-09-11 19:25,153.718,153.726,153.711,153.714
2026-09-11 19:26,153.712,153.733,153.710,153.716
2026-09-11 19:27,153.715,153.725,153.693,153.708
2026-09-11 19:28,153.708,153.717,153.698,153.705
2026-09-11 19:29,153.712,153.714,153.700,153.712
2026-09-11 19:30,153.706,153.713,153.689,153.693
2026-09-11 19:31,153.694,153.701,153.686,153.690
2026-09-11 19:32,153.690,153.701,153.684,153.697
2026-09-11 19:33,153.694,153.701,153.690,153.697
2026-09-11 19:34,153.698,153.701,153.686,153.687
2026-09-11 19:35,153.689,153.711,153.675,153.703
2026-09-11 19:36,153.707,153.714,153.699,153.702
2026-09-11 19:37,153.703,153.714,153.702,153.706
2026-09-11 19:38,153.706,153.723,153.705,153.712
2026-09-11 19:39,153.714,153.722,153.699,153.702
2026-09-11 19:40,153.706,153.716,153.695,153.695
2026-09-11 19:41,153.697,153.714,153.695,153.702
2026-09-11 19:42,153.708,153.714,153.701,153.704
2026-09-11 19:43,153.704,153.714,153.699,153.706
2026-09-11 19:44,153.701,153.713,153.700,153.703
2026-09-11 19:45,153.702,153.730,153.702,153.722
2026-09-11 19:46,153.715,153.725,153.708,153.715
2026-09-11 19:47,153.713,153.722,153.708,153.715
2026-09-11 19:48,153.720,153.726,153.713,153.723
2026-09-11 19:49,153.720,153.726,153.715,153.715
2026-09-11 19:50,153.716,153.727,153.705,153.713
2026-09-11 19:51,153.708,153.720,153.705,153.712
2026-09-11 19:52,153.715,153.723,153.707,153.715
2026-09-11 19:53,153.716,153.723,153.709,153.716
2026-09-11 19:54,153.719,153.722,153.705,153.710
2026-09-11 19:55,153.706,153.723,153.705,153.711
2026-09-11 19:56,153.711,153.714,153.697,153.701
2026-09-11 19:57,153.701,153.707,153.691,153.695
2026-09-11 19:58,153.695,153.702,153.680,153.681
2026-09-11 19:59,153.682,153.702,153.681,153.682
2026-09-11 20:00,153.690,153.693,153.669,153.687
2026-09-11 20:01,153.681,153.693,153.674,153.688
2026-09-11 20:02,153.678,153.691,153.665,153.675
2026-09-11 20:03,153.675,153.685,153.658,153.669
2026-09-11 20:04,153.669,153.682,153.662,153.666
2026-09-11 20:05,153.666,153.679,153.663,153.674
2026-09-11 20:06,153.676,153.684,153.664,153.664
2026-09-11 20:07,153.664,153.679,153.664,153.675
2026-09-11 20:08,153.667,153.679,153.665,153.673
2026-09-11 20:09,153.667,153.677,153.656,153.656
2026-09-11 20:10,153.665,153.685,153.656,153.684
2026-09-11 20:11,153.681,153.686,153.674,153.682
2026-09-11 20:12,153.675,153.691,153.675,153.681
2026-09-11 20:13,153.683,153.691,153.665,153.667
2026-09-11 20:14,153.672,153.678,153.665,153.674
2026-09-11 20:15,153.666,153.681,153.666,153.677
2026-09-11 20:16,153.674,153.682,153.665,153.671
2026-09-11 20:17,153.676,153.678,153.657,153.667
2026-09-11 20:18,153.657,153.668,153.657,153.657
2026-09-11 20:19,153.657,153.667,153.656,153.661
2026-09-11 20:20,153.660,153.670,153.653,153.662
2026-09-11 20:21,153.652,153.664,153.648,153.659
2026-09-11 20:22,153.652,153.667,153.650,153.655
2026-09-11 20:23,153.654,153.676,153.653,153.674
2026-09-11 20:24,153.671,153.688,153.662,153.675
2026-09-11 20:25,153.684,153.686,153.663,153.672
2026-09-11 20:26,153.666,153.691,153.666,153.685
2026-09-11 20:27,153.676,153.689,153.675,153.686
2026-09-11 20:28,153.685,153.688,153.670,153.679
2026-09-11 20:29,153.669,153.679,153.655,153.664
2026-09-11 20:30,153.674,153.679,153.663,153.674
2026-09-11 20:31,153.674,153.688,153.665,153.684
2026-09-11 20:32,153.688,153.697,153.676,153.686
2026-09-11 20:33,153.692,153.714,153.685,153.704
2026-09-11 20:34,153.709,153.734,153.702,153.725
2026-09-11 20:35,153.728,153.737,153.723,153.731
2026-09-11 20:36,153.731,153.738,153.724,153.725
2026-09-11 20:37,153.734,153.737,153.725,153.732
2026-09-11 20:38,153.732,153.736,153.713,153.720
2026-09-11 20:39,153.715,153.736,153.715,153.722
2026-09-11 20:40,153.728,153.734,153.720,153.734
2026-09-11 20:41,153.724,153.737,153.721,153.727
2026-09-11 20:42,153.721,153.754,153.721,153.736
2026-09-11 20:43,153.733,153.747,153.724,153.736
2026-09-11 20:44,153.725,153.760,153.723,153.739
2026-09-11 20:45,153.736,153.737,153.711,153.713
2026-09-11 20:46,153.713,153.732,153.698,153.711
2026-09-11 20:47,153.700,153.713,153.688,153.690
2026-09-11 20:48,153.688,153.723,153.688,153.705
2026-09-11 20:49,153.709,153.717,153.688,153.702
2026-09-11 20:50,153.688,153.700,153.604,153.617
2026-09-11 20:51,153.620,153.653,153.544,153.574
2026-09-11 20:52,153.584,153.607,153.525,153.542
2026-09-11 20:53,153.530,153.560,153.479,153.560
2026-09-11 20:54,153.540,153.562,153.479,153.480
2026-09-11 20:55,153.498,153.532,153.450,153.461
2026-09-11 20:56,153.463,153.515,153.438,153.489
2026-09-11 20:57,153.470,153.523,153.468,153.477
2026-09-11 20:58,153.477,153.531,153.477,153.510
2026-09-11 20:59,153.507,153.585,153.494,153.554
2026-09-13 23:00,153.675,153.705,153.661,153.678
2026-09-13 23:01,153.690,153.698,153.638,153.643
2026-09-13 23:02,153.644,153.681,153.643,153.664
2026-09-13 23:03,153.664,153.676,153.635,153.660
2026-09-13 23:04,153.661,153.668,153.628,153.631
2026-09-13 23:05,153.629,153.664,153.629,153.661
2026-09-13 23:06,153.658,153.677,153.639,153.653
2026-09-13 23:07,153.654,153.661,153.628,153.642
2026-09-13 23:08,153.642,153.653,153.628,153.633
2026-09-13 23:09,153.633,153.657,153.631,153.653
2026-09-13 23:10,153.654,153.658,153.625,153.630
2026-09-13 23:11,153.628,153.658,153.622,153.657
2026-09-13 23:12,153.647,153.658,153.615,153.628
2026-09-13 23:13,153.616,153.652,153.612,153.634
2026-09-13 23:14,153.632,153.684,153.624,153.674
2026-09-13 23:15,153.671,153.701,153.671,153.692
2026-09-13 23:16,153.691,153.707,153.688,153.705
2026-09-13 23:17,153.696,153.724,153.695,153.715
2026-09-13 23:18,153.706,153.715,153.687,153.712
2026-09-13 23:19,153.702,153.727,153.699,153.713
2026-09-13 23:20,153.712,153.734,153.707,153.733
2026-09-13 23:21,153.732,153.736,153.716,153.716
2026-09-13 23:22,153.716,153.724,153.691,153.695
2026-09-13 23:23,153.693,153.703,153.641,153.658
2026-09-13 23:24,153.657,153.672,153.654,153.656
2026-09-13 23:25,153.658,153.680,153.653,153.658
2026-09-13 23:26,153.654,153.678,153.649,153.670
2026-09-13 23:27,153.677,153.677,153.643,153.653
2026-09-13 23:28,153.644,153.656,153.624,153.638
2026-09-13 23:29,153.631,153.647,153.603,153.604
2026-09-13 23:30,153.608,153.634,153.604,153.628
2026-09-13 23:31,153.622,153.636,153.610,153.616
2026-09-13 23:32,153.621,153.624,153.592,153.600
2026-09-13 23:33,153.600,153.610,153.553,153.574
2026-09-13 23:34,153.575,153.591,153.565,153.585
2026-09-13 23:35,153.575,153.590,153.573,153.584
2026-09-13 23:36,153.575,153.618,153.575,153.603
2026-09-13 23:37,153.610,153.612,153.596,153.598
2026-09-13 23:38,153.607,153.633,153.596,153.629
2026-09-13 23:39,153.622,153.632,153.596,153.605
2026-09-13 23:40,153.604,153.606,153.538,153.543
2026-09-13 23:41,153.538,153.562,153.520,153.538
2026-09-13 23:42,153.538,153.548,153.526,153.545
2026-09-13 23:43,153.538,153.549,153.523,153.528
2026-09-13 23:44,153.528,153.535,153.477,153.481
2026-09-13 23:45,153.485,153.490,153.435,153.457
2026-09-13 23:46,153.449,153.469,153.444,153.459
2026-09-13 23:47,153.468,153.490,153.448,153.481
2026-09-13 23:48,153.481,153.525,153.480,153.521
2026-09-13 23:49,153.518,153.538,153.511,153.511
2026-09-13 23:50,153.511,153.522,153.479,153.480
2026-09-13 23:51,153.492,153.503,153.463,153.492
2026-09-13 23:52,153.484,153.510,153.479,153.504
2026-09-13 23:53,153.505,153.505,153.477,153.481
2026-09-13 23:54,153.484,153.494,153.453,153.481
2026-09-13 23:55,153.471,153.489,153.447,153.461
2026-09-13 23:56,153.463,153.470,153.443,153.447
2026-09-13 23:57,153.451,153.458,153.414,153.431
2026-09-13 23:58,153.422,153.447,153.392,153.409
2026-09-13 23:59,153.412,153.424,153.403,153.411
2026-09-14 00:00,153.418,153.488,153.400,153.488
2026-09-14 00:01,153.484,153.494,153.422,153.432
2026-09-14 00:02,153.424,153.434,153.368,153.409
2026-09-14 00:03,153.410,153.429,153.384,153.420
2026-09-14 00:04,153.419,153.464,153.417,153.459
2026-09-14 00:05,153.454,153.511,153.433,153.491
2026-09-14 00:06,153.491,153.533,153.491,153.516
2026-09-14 00:07,153.508,153.556,153.491,153.549
2026-09-14 00:08,153.542,153.569,153.535,153.556
2026-09-14 00:09,153.561,153.571,153.519,153.559
2026-09-14 00:10,153.567,153.585,153.531,153.575
2026-09-14 00:11,153.569,153.604,153.569,153.591
2026-09-14 00:12,153.590,153.604,153.562,153.563
2026-09-14 00:13,153.570,153.573,153.539,153.554
2026-09-14 00:14,153.547,153.559,153.483,153.508
2026-09-14 00:15,153.508,153.539,153.483,153.531
2026-09-14 00:16,153.531,153.563,153.499,153.500
2026-09-14 00:17,153.500,153.520,153.489,153.505
2026-09-14 00:18,153.494,153.508,153.473,153.493
2026-09-14 00:19,153.493,153.504,153.474,153.493
2026-09-14 00:20,153.493,153.514,153.466,153.478
2026-09-14 00:21,153.477,153.505,153.456,153.483
2026-09-14 00:22,153.486,153.540,153.475,153.530
2026-09-14 00:23,153.531,153.588,153.529,153.583
2026-09-14 00:24,153.579,153.611,153.564,153.572
2026-09-14 00:25,153.564,153.598,153.541,153.598
2026-09-14 00:26,153.599,153.653,153.588,153.636
2026-09-14 00:27,153.636,153.663,153.635,153.649
2026-09-14 00:28,153.652,153.661,153.624,153.649
2026-09-14 00:29,153.656,153.683,153.637,153.657
2026-09-14 00:30,153.660,153.669,153.635,153.663
2026-09-14 00:31,153.659,153.685,153.614,153.619
2026-09-14 00:32,153.627,153.647,153.597,153.642
2026-09-14 00:33,153.637,153.684,153.637,153.673
2026-09-14 00:34,153.673,153.695,153.669,153.673
2026-09-14 00:35,153.673,153.691,153.664,153.675
2026-09-14 00:36,153.672,153.707,153.672,153.698
2026-09-14 00:37,153.699,153.716,153.685,153.692
2026-09-14 00:38,153.694,153.703,153.657,153.672
2026-09-14 00:39,153.674,153.695,153.669,153.671
2026-09-14 00:40,153.680,153.689,153.659,153.674
2026-09-14 00:41,153.672,153.693,153.654,153.692
2026-09-14 00:42,153.691,153.726,153.679,153.705
2026-09-14 00:43,153.705,153.728,153.686,153.692
2026-09-14 00:44,153.695,153.713,153.682,153.698
2026-09-14 00:45,153.696,153.704,153.649,153.661
2026-09-14 00:46,153.668,153.705,153.649,153.703
2026-09-14 00:47,153.696,153.718,153.693,153.708
2026-09-14 00:48,153.700,153.716,153.679,153.696
2026-09-14 00:49,153.696,153.707,153.677,153.682
2026-09-14 00:50,153.685,153.710,153.647,153.697
2026-09-14 00:51,153.697,153.730,153.689,153.706
2026-09-14 00:52,153.704,153.722,153.670,153.676
2026-09-14 00:53,153.663,153.691,153.647,153.672
2026-09-14 00:54,153.672,153.680,153.607,153.628
2026-09-14 00:55,153.636,153.659,153.624,153.627
2026-09-14 00:56,153.639,153.654,153.614,153.641
2026-09-14 00:57,153.636,153.715,153.627,153.705
2026-09-14 00:58,153.706,153.759,153.705,153.748
2026-09-14 00:59,153.742,153.750,153.642,153.645
2026-09-14 01:00,153.651,153.682,153.634,153.642
2026-09-14 01:01,153.637,153.679,153.624,153.670
2026-09-14 01:02,153.679,153.717,153.664,153.708
2026-09-14 01:03,153.707,153.742,153.694,153.735
2026-09-14 01:04,153.736,153.767,153.718,153.754
2026-09-14 01:05,153.754,153.778,153.718,153.744
2026-09-14 01:06,153.736,153.807,153.736,153.788
2026-09-14 01:07,153.780,153.834,153.767,153.827
2026-09-14 01:08,153.827,153.871,153.826,153.849
2026-09-14 01:09,153.847,153.873,153.814,153.842
2026-09-14 01:10,153.849,153.863,153.795,153.808
2026-09-14 01:11,153.816,153.819,153.767,153.780
2026-09-14 01:12,153.780,153.823,153.778,153.799
2026-09-14 01:13,153.794,153.824,153.794,153.802
2026-09-14 01:14,153.802,153.838,153.800,153.827
2026-09-14 01:15,153.826,153.869,153.824,153.853
2026-09-14 01:16,153.848,153.870,153.846,153.858
2026-09-14 01:17,153.848,153.863,153.812,153.829
2026-09-14 01:18,153.830,153.841,153.807,153.833
2026-09-14 01:19,153.824,153.865,153.824,153.844
2026-09-14 01:20,153.844,153.861,153.819,153.820
2026-09-14 01:21,153.824,153.829,153.785,153.799
2026-09-14 01:22,153.789,153.800,153.758,153.776
2026-09-14 01:23,153.772,153.798,153.766,153.778
2026-09-14 01:24,153.769,153.781,153.723,153.734
2026-09-14 01:25,153.734,153.752,153.726,153.737
2026-09-14 01:26,153.729,153.738,153.709,153.714
2026-09-14 01:27,153.713,153.729,153.694,153.709
2026-09-14 01:28,153.699,153.741,153.699,153.729
2026-09-14 01:29,153.728,153.737,153.682,153.688
2026-09-14 01:30,153.695,153.715,153.684,153.684
2026-09-14 01:31,153.680,153.731,153.680,153.708
2026-09-14 01:32,153.718,153.743,153.707,153.729
2026-09-14 01:33,153.729,153.738,153.694,153.713
2026-09-14 01:34,153.706,153.722,153.679,153.693
2026-09-14 01:35,153.693,153.704,153.647,153.654
2026-09-14 01:36,153.651,153.668,153.643,153.666
2026-09-14 01:37,153.659,153.697,153.659,153.684
2026-09-14 01:38,153.690,153.706,153.679,153.694
2026-09-14 01:39,153.704,153.704,153.659,153.684
2026-09-14 01:40,153.684,153.695,153.674,153.676
2026-09-14 01:41,153.684,153.697,153.659,153.673
2026-09-14 01:42,153.673,153.705,153.670,153.691
2026-09-14 01:43,153.689,153.706,153.672,153.688
2026-09-14 01:44,153.687,153.695,153.660,153.674
2026-09-14 01:45,153.674,153.692,153.674,153.688
2026-09-14 01:46,153.684,153.712,153.674,153.685
2026-09-14 01:47,153.682,153.695,153.665,153.672
2026-09-14 01:48,153.666,153.700,153.664,153.688
2026-09-14 01:49,153.690,153.713,153.683,153.708
2026-09-14 01:50,153.713,153.730,153.704,153.712
2026-09-14 01:51,153.712,153.727,153.712,153.719
2026-09-14 01:52,153.722,153.739,153.717,153.731
2026-09-14 01:53,153.726,153.741,153.723,153.730
2026-09-14 01:54,153.729,153.741,153.724,153.732
2026-09-14 01:55,153.729,153.750,153.712,153.749
2026-09-14 01:56,153.750,153.753,153.729,153.739
2026-09-14 01:57,153.739,153.752,153.720,153.732
2026-09-14 01:58,153.732,153.742,153.721,153.731
2026-09-14 01:59,153.727,153.742,153.712,153.732
2026-09-14 02:00,153.735,153.773,153.732,153.760
2026-09-14 02:01,153.752,153.775,153.742,153.743
2026-09-14 02:02,153.743,153.774,153.736,153.761
2026-09-14 02:03,153.753,153.772,153.740,153.752
2026-09-14 02:04,153.752,153.782,153.739,153.765
2026-09-14 02:05,153.766,153.798,153.763,153.789
2026-09-14 02:06,153.793,153.809,153.774,153.784
2026-09-14 02:07,153.776,153.800,153.765,153.787
2026-09-14 02:08,153.787,153.793,153.759,153.761
2026-09-14 02:09,153.762,153.778,153.762,153.767
2026-09-14 02:10,153.768,153.812,153.762,153.799
2026-09-14 02:11,153.806,153.810,153.782,153.790
2026-09-14 02:12,153.789,153.798,153.782,153.788
2026-09-14 02:13,153.796,153.808,153.784,153.799
2026-09-14 02:14,153.803,153.840,153.798,153.829
2026-09-14 02:15,153.837,153.845,153.823,153.835
2026-09-14 02:16,153.841,153.845,153.825,153.825
2026-09-14 02:17,153.832,153.842,153.823,153.834
2026-09-14 02:18,153.834,153.886,153.834,153.876
2026-09-14 02:19,153.872,153.892,153.871,153.889
2026-09-14 02:20,153.881,153.890,153.858,153.870
2026-09-14 02:21,153.870,153.881,153.857,153.866
2026-09-14 02:22,153.858,153.866,153.823,153.830
2026-09-14 02:23,153.827,153.852,153.813,153.824
2026-09-14 02:24,153.824,153.855,153.824,153.851
2026-09-14 02:25,153.848,153.891,153.848,153.875
2026-09-14 02:26,153.883,153.922,153.871,153.908
2026-09-14 02:27,153.907,153.922,153.892,153.902
2026-09-14 02:28,153.895,153.923,153.891,153.897
2026-09-14 02:29,153.897,153.901,153.869,153.884
2026-09-14 02:30,153.877,153.902,153.876,153.897
2026-09-14 02:31,153.896,153.933,153.889,153.918
2026-09-14 02:32,153.913,153.923,153.907,153.916
2026-09-14 02:33,153.908,153.930,153.906,153.920
2026-09-14 02:34,153.923,153.948,153.920,153.938
2026-09-14 02:35,153.938,153.974,153.938,153.962
2026-09-14 02:36,153.962,153.993,153.962,153.977
2026-09-14 02:37,153.984,154.002,153.972,153.989
2026-09-14 02:38,153.993,154.029,153.987,154.004
2026-09-14 02:39,154.003,154.021,153.980,154.019
2026-09-14 02:40,154.020,154.025,153.969,153.982
2026-09-14 02:41,153.984,154.021,153.969,154.013
2026-09-14 02:42,154.013,154.037,154.000,154.014
2026-09-14 02:43,154.013,154.026,153.989,153.999
2026-09-14 02:44,153.995,154.050,153.995,154.047
2026-09-14 02:45,154.043,154.054,154.008,154.014
2026-09-14 02:46,154.023,154.028,153.999,154.009
2026-09-14 02:47,154.009,154.024,153.987,154.003
2026-09-14 02:48,153.994,154.004,153.981,153.998
2026-09-14 02:49,153.997,154.038,153.989,154.031
2026-09-14 02:50,154.025,154.050,154.013,154.039
2026-09-14 02:51,154.048,154.056,154.037,154.047
2026-09-14 02:52,154.047,154.061,154.017,154.027
2026-09-14 02:53,154.028,154.032,154.001,154.013
2026-09-14 02:54,154.034,154.034,154.034,154.034
