time,open,high,low,close
2026-06-23 23:00,161.558,161.577,161.521,161.566
2026-06-23 23:30,161.555,161.609,161.540,161.602
2026-06-24 00:00,161.595,161.619,161.542,161.599
2026-06-24 00:30,161.596,161.636,161.571,161.625
2026-06-24 01:00,161.619,161.628,161.561,161.567
2026-06-24 01:30,161.567,161.587,161.543,161.564
2026-06-24 02:00,161.563,161.588,161.527,161.554
2026-06-24 02:30,161.550,161.568,161.539,161.541
2026-06-24 03:00,161.545,161.604,161.541,161.548
2026-06-24 03:30,161.552,161.570,161.538,161.544
2026-06-24 04:00,161.546,161.565,161.523,161.555
2026-06-24 04:30,161.557,161.562,161.534,161.550
2026-06-24 05:00,161.550,161.618,161.535,161.594
2026-06-24 05:30,161.594,161.616,161.571,161.608
2026-06-24 06:00,161.602,161.688,161.602,161.681
2026-06-24 06:30,161.681,161.718,161.573,161.704
2026-06-24 07:00,161.710,161.729,161.678,161.682
2026-06-24 07:30,161.679,161.740,161.657,161.725
2026-06-24 08:00,161.710,161.755,161.677,161.698
2026-06-24 08:30,161.694,161.757,161.675,161.749
2026-06-24 09:00,161.751,161.781,161.743,161.758
2026-06-24 09:30,161.760,161.775,161.704,161.743
2026-06-24 10:00,161.733,161.752,161.703,161.720
2026-06-24 10:30,161.719,161.733,161.674,161.683
2026-06-24 11:00,161.684,161.718,161.644,161.662
2026-06-24 11:30,161.661,161.695,161.618,161.655
2026-06-24 12:00,161.647,161.701,161.629,161.682
2026-06-24 12:30,161.681,161.753,161.679,161.748
2026-06-24 13:00,161.748,161.762,161.698,161.706
2026-06-24 13:30,161.705,161.766,161.695,161.748
2026-06-24 14:00,161.746,161.758,161.698,161.733
2026-06-24 14:30,161.733,161.817,161.717,161.782
2026-06-24 15:00,161.782,161.813,161.727,161.772
2026-06-24 15:30,161.765,161.793,161.741,161.751
2026-06-24 16:00,161.751,161.771,161.720,161.720
2026-06-24 16:30,161.732,161.761,161.684,161.753
2026-06-24 17:00,161.753,161.810,161.742,161.789
2026-06-24 17:30,161.786,161.822,161.728,161.810
2026-06-24 18:00,161.810,161.830,161.783,161.786
2026-06-24 18:30,161.786,161.806,161.755,161.756
2026-06-24 19:00,161.757,161.843,161.744,161.831
2026-06-24 19:30,161.831,161.841,161.781,161.815
2026-06-24 20:00,161.824,161.832,161.785,161.805
2026-06-24 20:30,161.802,161.827,161.748,161.755
2026-06-24 21:00,161.728,161.764,161.709,161.736
2026-06-24 21:30,161.711,161.786,161.710,161.739
2026-06-24 22:00,161.739,161.783,161.689,161.746
2026-06-24 22:30,161.756,161.779,161.725,161.769
2026-06-24 23:00,161.760,161.786,161.743,161.780
2026-06-24 23:30,161.778,161.791,161.758,161.763
2026-06-25 00:00,161.763,161.782,161.721,161.746
2026-06-25 00:30,161.740,161.752,161.691,161.706
2026-06-25 01:00,161.707,161.744,161.550,161.663
2026-06-25 01:30,161.662,161.741,161.633,161.719
2026-06-25 02:00,161.718,161.730,161.656,161.678
2026-06-25 02:30,161.679,161.721,161.670,161.707
2026-06-25 03:00,161.709,161.724,161.688,161.710
2026-06-25 03:30,161.711,161.754,161.702,161.725
2026-06-25 04:00,161.717,161.741,161.700,161.724
2026-06-25 04:30,161.718,161.776,161.705,161.766
2026-06-25 05:00,161.759,161.769,161.720,161.734
2026-06-25 05:30,161.729,161.828,161.727,161.823
2026-06-25 06:00,161.831,161.841,161.778,161.834
2026-06-25 06:30,161.828,161.891,161.815,161.880
2026-06-25 07:00,161.878,161.900,161.745,161.812
2026-06-25 07:30,161.812,161.860,161.796,161.805
2026-06-25 08:00,161.808,161.835,161.769,161.797
2026-06-25 08:30,161.788,161.836,161.771,161.793
2026-06-25 09:00,161.793,161.840,161.787,161.829
2026-06-25 09:30,161.829,161.837,161.782,161.809
2026-06-25 10:00,161.816,161.835,161.798,161.829
2026-06-25 10:30,161.830,161.897,161.818,161.878
2026-06-25 11:00,161.870,161.904,161.852,161.893
2026-06-25 11:30,161.893,161.950,161.736,161.858
2026-06-25 12:00,161.858,161.902,161.837,161.848
2026-06-25 12:30,161.870,161.883,161.760,161.833
2026-06-25 13:00,161.832,161.857,161.773,161.774
2026-06-25 13:30,161.778,161.823,161.696,161.738
2026-06-25 14:00,161.737,161.762,161.556,161.740
2026-06-25 14:30,161.737,161.747,161.605,161.675
2026-06-25 15:00,161.676,161.718,161.607,161.650
2026-06-25 15:30,161.643,161.724,161.627,161.668
2026-06-25 16:00,161.667,161.714,161.652,161.683
2026-06-25 16:30,161.688,161.765,161.681,161.762
2026-06-25 17:00,161.763,161.783,161.723,161.768
2026-06-25 17:30,161.765,161.810,161.743,161.770
2026-06-25 18:00,161.770,161.844,161.755,161.758
2026-06-25 18:30,161.757,161.814,161.756,161.794
2026-06-25 19:00,161.790,161.826,161.772,161.776
2026-06-25 19:30,161.776,161.823,161.742,161.783
2026-06-25 20:00,161.790,161.815,161.769,161.790
2026-06-25 20:30,161.791,161.811,161.767,161.774
2026-06-25 21:00,161.763,161.786,161.662,161.766
2026-06-25 21:30,161.767,161.812,161.689,161.735
2026-06-25 22:00,161.760,161.808,161.735,161.775
2026-06-25 22:30,161.776,161.799,161.760,161.784
2026-06-25 23:00,161.778,161.818,161.753,161.790
2026-06-25 23:30,161.792,161.814,161.761,161.802
2026-06-26 00:00,161.797,161.828,161.783,161.814
2026-06-26 00:30,161.811,161.842,161.789,161.832
2026-06-26 01:00,161.824,161.844,161.804,161.834
2026-06-26 01:30,161.834,161.850,161.787,161.805
2026-06-26 02:00,161.797,161.818,161.776,161.809
2026-06-26 02:30,161.810,161.810,161.763,161.769
2026-06-26 03:00,161.770,161.780,161.716,161.728
2026-06-26 03:30,161.724,161.738,161.614,161.648
2026-06-26 04:00,161.643,161.685,161.559,161.591
2026-06-26 04:30,161.594,161.657,161.566,161.622
2026-06-26 05:00,161.621,161.643,161.590,161.597
2026-06-26 05:30,161.596,161.628,161.531,161.536
2026-06-26 06:00,161.536,161.687,161.525,161.670
2026-06-26 06:30,161.670,161.750,161.620,161.711
2026-06-26 07:00,161.711,161.727,161.636,161.687
2026-06-26 07:30,161.691,161.706,161.612,161.627
2026-06-26 08:00,161.618,161.639,161.531,161.578
2026-06-26 08:30,161.583,161.657,161.561,161.589
2026-06-26 09:00,161.580,161.631,161.535,161.592
2026-06-26 09:30,161.593,161.624,161.526,161.605
2026-06-26 10:00,161.600,161.643,161.564,161.602
2026-06-26 10:30,161.608,161.631,161.578,161.613
2026-06-26 11:00,161.613,161.648,161.601,161.620
2026-06-26 11:30,161.617,161.682,161.612,161.661
2026-06-26 12:00,161.657,161.681,161.630,161.667
2026-06-26 12:30,161.667,161.705,161.642,161.653
2026-06-26 13:00,161.655,161.723,161.628,161.648
2026-06-26 13:30,161.648,161.689,161.606,161.622
2026-06-26 14:00,161.603,161.645,161.573,161.610
2026-06-26 14:30,161.609,161.741,161.583,161.730
2026-06-26 15:00,161.720,161.746,161.636,161.661
2026-06-26 15:30,161.654,161.727,161.627,161.666
2026-06-26 16:00,161.665,161.748,161.653,161.732
2026-06-26 16:30,161.732,161.771,161.706,161.751
2026-06-26 17:00,161.750,161.767,161.723,161.739
2026-06-26 17:30,161.737,161.777,161.729,161.772
2026-06-26 18:00,161.765,161.777,161.726,161.733
2026-06-26 18:30,161.731,161.749,161.705,161.732
2026-06-26 19:00,161.731,161.746,161.709,161.735
2026-06-26 19:30,161.735,161.766,161.703,161.757
2026-06-26 20:00,161.758,161.780,161.718,161.745
2026-06-26 20:30,161.736,161.781,161.693,161.693
2026-06-26 21:00,161.685,161.730,161.685,161.730
2026-06-28 23:00,161.780,161.799,161.762,161.787
2026-06-28 23:30,161.787,161.810,161.772,161.787
2026-06-29 00:00,161.787,161.797,161.721,161.764
2026-06-29 00:30,161.762,161.772,161.711,161.754
2026-06-29 01:00,161.753,161.778,161.727,161.766
2026-06-29 01:30,161.760,161.794,161.746,161.790
2026-06-29 02:00,161.787,161.792,161.725,161.761
2026-06-29 02:30,161.754,161.792,161.752,161.783
2026-06-29 03:00,161.782,161.794,161.770,161.774
2026-06-29 03:30,161.774,161.799,161.767,161.799
2026-06-29 04:00,161.790,161.814,161.778,161.808
2026-06-29 04:30,161.808,161.815,161.785,161.808
2026-06-29 05:00,161.808,161.816,161.777,161.796
2026-06-29 05:30,161.794,161.809,161.775,161.803
2026-06-29 06:00,161.796,161.851,161.787,161.837
2026-06-29 06:30,161.838,161.852,161.770,161.791
2026-06-29 07:00,161.785,161.818,161.782,161.785
2026-06-29 07:30,161.785,161.832,161.784,161.820
2026-06-29 08:00,161.819,161.850,161.796,161.842
2026-06-29 08:30,161.838,161.860,161.829,161.848
2026-06-29 09:00,161.848,161.882,161.825,161.875
2026-06-29 09:30,161.867,161.900,161.862,161.885
2026-06-29 10:00,161.879,161.901,161.872,161.875
2026-06-29 10:30,161.875,161.884,161.840,161.852
2026-06-29 11:00,161.850,161.863,161.827,161.828
2026-06-29 11:30,161.828,161.852,161.805,161.834
2026-06-29 12:00,161.832,161.888,161.827,161.878
2026-06-29 12:30,161.878,161.905,161.861,161.888
2026-06-29 13:00,161.889,161.936,161.877,161.919
2026-06-29 13:30,161.919,161.965,161.891,161.952
2026-06-29 14:00,161.953,161.957,161.803,161.921
2026-06-29 14:30,161.912,161.939,161.890,161.924
2026-06-29 15:00,161.924,161.948,161.915,161.930
2026-06-29 15:30,161.927,161.953,161.918,161.929
2026-06-29 16:00,161.933,161.941,161.911,161.937
2026-06-29 16:30,161.933,161.946,161.916,161.937
2026-06-29 17:00,161.938,161.960,161.929,161.945
2026-06-29 17:30,161.943,161.952,161.912,161.927
2026-06-29 18:00,161.931,161.949,161.921,161.940
2026-06-29 18:30,161.940,161.984,161.938,161.965
2026-06-29 19:00,161.965,161.972,161.931,161.941
2026-06-29 19:30,161.936,161.948,161.900,161.942
2026-06-29 20:00,161.943,161.957,161.923,161.935
2026-06-29 20:30,161.935,161.969,161.904,161.926
2026-06-29 21:00,161.928,161.928,161.852,161.874
2026-06-29 21:30,161.889,161.911,161.835,161.895
2026-06-29 22:00,161.890,161.944,161.829,161.924
2026-06-29 22:30,161.914,161.939,161.911,161.925
2026-06-29 23:00,161.924,161.930,161.900,161.912
2026-06-29 23:30,161.914,161.929,161.900,161.926
2026-06-30 00:00,161.918,161.964,161.916,161.949
2026-06-30 00:30,161.947,162.404,161.941,162.125
2026-06-30 01:00,162.133,162.306,162.053,162.122
2026-06-30 01:30,162.116,162.206,162.045,162.176
2026-06-30 02:00,162.176,162.200,162.102,162.138
2026-06-30 02:30,162.138,162.189,162.107,162.148
2026-06-30 03:00,162.142,162.244,162.039,162.145
2026-06-30 03:30,162.139,162.180,162.110,162.167
2026-06-30 04:00,162.166,162.197,162.153,162.165
2026-06-30 04:30,162.169,162.203,162.142,162.196
2026-06-30 05:00,162.190,162.227,162.145,162.193
2026-06-30 05:30,162.193,162.292,162.188,162.283
2026-06-30 06:00,162.286,162.413,162.228,162.241
2026-06-30 06:30,162.246,162.318,162.196,162.203
2026-06-30 07:00,162.206,162.240,162.147,162.161
2026-06-30 07:30,162.161,162.268,162.108,162.250
2026-06-30 08:00,162.259,162.340,162.217,162.305
2026-06-30 08:30,162.303,162.412,162.293,162.306
2026-06-30 09:00,162.308,162.346,162.262,162.294
2026-06-30 09:30,162.294,162.321,162.263,162.289
2026-06-30 10:00,162.293,162.336,162.283,162.333
2026-06-30 10:30,162.324,162.357,162.306,162.307
2026-06-30 11:00,162.312,162.395,162.307,162.373
2026-06-30 11:30,162.373,162.428,162.368,162.408
2026-06-30 12:00,162.408,162.498,162.396,162.478
2026-06-30 12:30,162.471,162.514,162.012,162.398
2026-06-30 13:00,162.398,162.419,162.309,162.335
2026-06-30 13:30,162.336,162.477,162.317,162.448
2026-06-30 14:00,162.462,162.509,162.379,162.401
2026-06-30 14:30,162.401,162.554,162.348,162.516
2026-06-30 15:00,162.511,162.549,162.464,162.540
2026-06-30 15:30,162.538,162.662,162.524,162.614
2026-06-30 16:00,162.614,162.670,162.607,162.619
2026-06-30 16:30,162.618,162.658,162.595,162.648
2026-06-30 17:00,162.643,162.649,162.576,162.590
2026-06-30 17:30,162.584,162.612,162.551,162.585
2026-06-30 18:00,162.578,162.608,162.558,162.580
2026-06-30 18:30,162.580,162.621,162.554,162.612
2026-06-30 19:00,162.612,162.632,162.570,162.621
2026-06-30 19:30,162.617,162.631,162.573,162.573
2026-06-30 20:00,162.578,162.596,162.544,162.573
2026-06-30 20:30,162.577,162.614,162.473,162.473
2026-06-30 21:00,162.520,162.617,162.468,162.600
2026-06-30 21:30,162.596,162.606,162.487,162.544
2026-06-30 22:00,162.548,162.627,162.539,162.619
2026-06-30 22:30,162.611,162.626,162.596,162.605
2026-06-30 23:00,162.600,162.611,162.520,162.569
2026-06-30 23:30,162.573,162.649,162.543,162.627
2026-07-01 00:00,162.627,162.697,162.626,162.639
2026-07-01 00:30,162.635,162.777,162.635,162.681
2026-07-01 01:00,162.686,162.735,162.632,162.667
2026-07-01 01:30,162.670,162.689,162.582,162.678
2026-07-01 02:00,162.678,162.704,162.653,162.683
2026-07-01 02:30,162.683,162.793,162.679,162.744
2026-07-01 03:00,162.743,162.809,162.725,162.798
2026-07-01 03:30,162.798,162.841,162.787,162.794
2026-07-01 04:00,162.792,162.813,162.766,162.782
2026-07-01 04:30,162.782,162.791,162.556,162.728
2026-07-01 05:00,162.718,162.762,162.686,162.732
2026-07-01 05:30,162.724,162.744,162.678,162.703
2026-07-01 06:00,162.707,162.758,162.688,162.704
2026-07-01 06:30,162.701,162.728,162.650,162.669
2026-07-01 07:00,162.669,162.721,162.604,162.701
2026-07-01 07:30,162.700,162.703,162.611,162.669
2026-07-01 08:00,162.666,162.704,162.641,162.643
2026-07-01 08:30,162.643,162.666,162.626,162.665
2026-07-01 09:00,162.653,162.717,162.643,162.664
2026-07-01 09:30,162.669,162.744,162.656,162.736
2026-07-01 10:00,162.729,162.747,162.667,162.681
2026-07-01 10:30,162.681,162.704,162.669,162.684
2026-07-01 11:00,162.682,162.722,162.676,162.688
2026-07-01 11:30,162.688,162.736,162.683,162.690
2026-07-01 12:00,162.688,162.713,162.646,162.690
2026-07-01 12:30,162.690,162.767,162.677,162.695
2026-07-01 13:00,162.698,162.734,162.540,162.559
2026-07-01 13:30,162.562,162.567,162.286,162.397
2026-07-01 14:00,162.393,162.450,162.304,162.441
2026-07-01 14:30,162.441,162.452,162.311,162.391
2026-07-01 15:00,162.390,162.477,162.366,162.413
2026-07-01 15:30,162.401,162.467,162.383,162.409
2026-07-01 16:00,162.408,162.422,162.351,162.387
2026-07-01 16:30,162.387,162.463,162.377,162.451
2026-07-01 17:00,162.453,162.496,162.419,162.488
2026-07-01 17:30,162.478,162.547,162.474,162.529
2026-07-01 18:00,162.533,162.583,162.511,162.569
2026-07-01 18:30,162.569,162.583,162.506,162.518
2026-07-01 19:00,162.522,162.549,162.504,162.523
2026-07-01 19:30,162.517,162.584,162.503,162.569
2026-07-01 20:00,162.566,162.603,162.544,162.592
2026-07-01 20:30,162.592,162.619,162.562,162.575
2026-07-01 21:00,162.571,162.594,162.502,162.537
2026-07-01 21:30,162.511,162.556,162.503,162.507
2026-07-01 22:00,162.507,162.572,162.505,162.548
2026-07-01 22:30,162.539,162.555,162.523,162.531
2026-07-01 23:00,162.532,162.575,162.523,162.569
2026-07-01 23:30,162.563,162.588,162.509,162.541
2026-07-02 00:00,162.541,162.592,162.476,162.582
2026-07-02 00:30,162.574,162.600,162.524,162.559
2026-07-02 01:00,162.556,162.586,162.522,162.565
2026-07-02 01:30,162.556,162.584,162.498,162.527
2026-07-02 02:00,162.528,162.554,162.507,162.526
2026-07-02 02:30,162.517,162.530,162.490,162.517
2026-07-02 03:00,162.521,162.545,162.510,162.516
2026-07-02 03:30,162.516,162.528,162.429,162.457
2026-07-02 04:00,162.453,162.461,162.354,162.438
2026-07-02 04:30,162.438,162.454,162.384,162.425
2026-07-02 05:00,162.426,162.434,162.383,162.398
2026-07-02 05:30,162.393,162.412,162.310,162.329
2026-07-02 06:00,162.326,162.336,162.119,162.248
2026-07-02 06:30,162.247,162.256,161.104,161.811
2026-07-02 07:00,161.811,161.950,161.593,161.676
2026-07-02 07:30,161.670,161.733,161.366,161.423
2026-07-02 08:00,161.432,161.461,161.155,161.204
2026-07-02 08:30,161.191,161.266,160.892,161.021
2026-07-02 09:00,161.018,161.342,161.015,161.234
2026-07-02 09:30,161.234,161.265,161.108,161.192
2026-07-02 10:00,161.188,161.490,161.187,161.469
2026-07-02 10:30,161.461,161.480,161.323,161.352
2026-07-02 11:00,161.360,161.431,161.316,161.364
2026-07-02 11:30,161.353,161.502,161.353,161.474
2026-07-02 12:00,161.470,161.644,161.461,161.520
2026-07-02 12:30,161.522,161.523,160.620,161.017
2026-07-02 13:00,161.017,161.159,160.924,161.118
2026-07-02 13:30,161.109,161.121,160.845,160.858
2026-07-02 14:00,160.850,161.064,160.825,161.051
2026-07-02 14:30,161.044,161.120,160.990,161.038
2026-07-02 15:00,161.035,161.081,160.823,160.897
2026-07-02 15:30,160.894,160.938,160.753,160.903
2026-07-02 16:00,160.907,161.077,160.886,161.067
2026-07-02 16:30,161.058,161.095,160.934,160.987
2026-07-02 17:00,160.978,161.124,160.976,161.108
2026-07-02 17:30,161.108,161.126,161.052,161.067
2026-07-02 18:00,161.067,161.105,161.014,161.071
2026-07-02 18:30,161.071,161.090,161.024,161.043
2026-07-02 19:00,161.043,161.126,161.042,161.115
2026-07-02 19:30,161.115,161.173,161.112,161.122
2026-07-02 20:00,161.120,161.141,161.057,161.067
2026-07-02 20:30,161.064,161.135,161.064,161.085
2026-07-02 21:00,161.104,161.104,160.986,161.081
2026-07-02 21:30,161.082,161.116,161.059,161.064
2026-07-02 22:00,161.067,161.148,160.999,161.148
2026-07-02 22:30,161.148,161.304,161.131,161.268
2026-07-02 23:00,161.249,161.281,161.223,161.250
2026-07-02 23:30,161.248,161.469,161.248,161.449
2026-07-03 00:00,161.449,161.524,161.385,161.440
2026-07-03 00:30,161.434,161.457,161.180,161.192
2026-07-03 01:00,161.187,161.274,160.909,161.093
2026-07-03 01:30,161.094,161.256,161.067,161.230
2026-07-03 02:00,161.226,161.249,161.112,161.141
2026-07-03 02:30,161.148,161.230,161.114,161.165
2026-07-03 03:00,161.166,161.224,161.139,161.192
2026-07-03 03:30,161.189,161.214,161.135,161.165
2026-07-03 04:00,161.165,161.211,161.153,161.168
2026-07-03 04:30,161.168,161.210,161.119,161.119
2026-07-03 05:00,161.120,161.130,160.974,161.061
2026-07-03 05:30,161.063,161.180,161.036,161.158
2026-07-03 06:00,161.155,161.166,160.941,160.981
2026-07-03 06:30,160.977,161.015,160.466,160.860
2026-07-03 07:00,160.862,160.924,160.707,160.742
2026-07-03 07:30,160.736,160.998,160.731,160.795
2026-07-03 08:00,160.791,160.906,160.765,160.853
2026-07-03 08:30,160.863,161.038,160.853,161.028
2026-07-03 09:00,161.032,161.068,160.955,161.047
2026-07-03 09:30,161.046,161.130,161.009,161.128
2026-07-03 10:00,161.118,161.169,161.099,161.120
2026-07-03 10:30,161.125,161.158,161.067,161.092
2026-07-03 11:00,161.089,161.130,161.048,161.099
2026-07-03 11:30,161.098,161.161,161.096,161.111
2026-07-03 12:00,161.105,161.153,161.101,161.127
2026-07-03 12:30,161.124,161.173,161.100,161.167
2026-07-03 13:00,161.169,161.275,161.161,161.202
2026-07-03 13:30,161.202,161.271,161.202,161.254
2026-07-03 14:00,161.244,161.277,161.202,161.213
2026-07-03 14:30,161.219,161.295,161.197,161.287
2026-07-03 15:00,161.289,161.345,161.263,161.274
2026-07-03 15:30,161.280,161.331,161.268,161.317
2026-07-03 16:00,161.306,161.367,161.292,161.356
2026-07-03 16:30,161.358,161.394,161.332,161.338
2026-07-03 17:00,161.338,161.359,161.285,161.306
2026-07-03 17:30,161.309,161.336,161.263,161.304
2026-07-03 18:00,161.288,161.340,161.275,161.325
2026-07-03 18:30,161.313,161.359,161.307,161.339
2026-07-03 19:00,161.341,161.363,161.322,161.351
2026-07-03 19:30,161.353,161.380,161.337,161.359
2026-07-03 20:00,161.359,161.390,161.343,161.381
2026-07-03 20:30,161.375,161.429,161.262,161.337
2026-07-05 23:00,161.405,161.507,161.405,161.462
2026-07-05 23:30,161.463,161.487,161.413,161.460
2026-07-06 00:00,161.452,161.590,161.449,161.495
2026-07-06 00:30,161.493,161.607,161.462,161.528
2026-07-06 01:00,161.532,161.775,161.524,161.774
2026-07-06 01:30,161.761,161.817,161.694,161.804
2026-07-06 02:00,161.805,161.852,161.773,161.790
2026-07-06 02:30,161.791,161.827,161.742,161.768
2026-07-06 03:00,161.767,161.827,161.757,161.820
2026-07-06 03:30,161.818,161.863,161.789,161.832
2026-07-06 04:00,161.832,161.852,161.802,161.850
2026-07-06 04:30,161.843,161.947,161.830,161.934
2026-07-06 05:00,161.934,161.992,161.876,161.950
2026-07-06 05:30,161.949,162.086,161.931,162.072
2026-07-06 06:00,162.069,162.277,162.021,162.172
2026-07-06 06:30,162.174,162.308,162.102,162.246
2026-07-06 07:00,162.248,162.315,162.214,162.260
2026-07-06 07:30,162.259,162.266,162.149,162.153
2026-07-06 08:00,162.155,162.293,162.153,162.230
2026-07-06 08:30,162.225,162.263,162.221,162.240
2026-07-06 09:00,162.240,162.303,162.223,162.291
2026-07-06 09:30,162.285,162.349,162.247,162.325
2026-07-06 10:00,162.324,162.412,162.249,162.332
2026-07-06 10:30,162.332,162.350,162.291,162.302
2026-07-06 11:00,162.304,162.324,162.277,162.298
2026-07-06 11:30,162.290,162.356,162.283,162.331
2026-07-06 12:00,162.329,162.352,162.295,162.341
2026-07-06 12:30,162.340,162.427,162.315,162.398
2026-07-06 13:00,162.395,162.420,162.302,162.329
2026-07-06 13:30,162.338,162.388,162.315,162.320
2026-07-06 14:00,162.327,162.361,162.266,162.294
2026-07-06 14:30,162.299,162.385,162.286,162.359
2026-07-06 15:00,162.360,162.369,162.284,162.331
2026-07-06 15:30,162.338,162.354,162.265,162.284
2026-07-06 16:00,162.278,162.317,162.235,162.238
2026-07-06 16:30,162.237,162.304,162.237,162.255
2026-07-06 17:00,162.254,162.274,162.163,162.188
2026-07-06 17:30,162.188,162.212,162.137,162.170
2026-07-06 18:00,162.167,162.189,162.126,162.136
2026-07-06 18:30,162.135,162.164,162.008,162.040
2026-07-06 19:00,162.036,162.112,162.036,162.106
2026-07-06 19:30,162.103,162.116,162.025,162.044
2026-07-06 20:00,162.043,162.099,162.023,162.068
2026-07-06 20:30,162.062,162.114,162.055,162.070
2026-07-06 21:00,162.068,162.091,162.026,162.043
2026-07-06 21:30,162.044,162.128,162.033,162.058
2026-07-06 22:00,162.059,162.113,162.015,162.080
2026-07-06 22:30,162.065,162.087,162.051,162.069
2026-07-06 23:00,162.061,162.070,161.993,162.024
2026-07-06 23:30,162.027,162.110,162.006,162.096
2026-07-07 00:00,162.088,162.183,162.074,162.164
2026-07-07 00:30,162.163,162.178,162.081,162.124
2026-07-07 01:00,162.129,162.147,162.018,162.027
2026-07-07 01:30,162.019,162.026,161.673,161.862
2026-07-07 02:00,161.868,161.912,161.785,161.910
2026-07-07 02:30,161.906,161.927,161.861,161.916
2026-07-07 03:00,161.913,161.927,161.786,161.823
2026-07-07 03:30,161.826,161.898,161.801,161.869
2026-07-07 04:00,161.861,161.887,161.785,161.797
2026-07-07 04:30,161.804,161.806,161.673,161.785
2026-07-07 05:00,161.785,161.894,161.745,161.855
2026-07-07 05:30,161.851,161.892,161.798,161.863
2026-07-07 06:00,161.873,162.035,161.854,162.022
2026-07-07 06:30,162.021,162.044,161.981,162.016
2026-07-07 07:00,162.017,162.082,161.656,161.960
2026-07-07 07:30,161.953,161.993,161.844,161.962
2026-07-07 08:00,161.963,161.972,161.818,161.922
2026-07-07 08:30,161.913,161.949,161.842,161.889
2026-07-07 09:00,161.889,161.922,161.807,161.883
2026-07-07 09:30,161.873,161.967,161.853,161.940
2026-07-07 10:00,161.929,161.963,161.874,161.878
2026-07-07 10:30,161.878,161.942,161.870,161.927
2026-07-07 11:00,161.933,161.953,161.838,161.893
2026-07-07 11:30,161.894,161.957,161.890,161.915
2026-07-07 12:00,161.907,161.929,161.772,161.785
2026-07-07 12:30,161.781,161.874,161.749,161.832
2026-07-07 13:00,161.830,161.900,161.830,161.877
2026-07-07 13:30,161.885,161.903,161.803,161.887
2026-07-07 14:00,161.895,162.023,161.873,161.920
2026-07-07 14:30,161.922,161.979,161.851,161.915
2026-07-07 15:00,161.905,161.946,161.875,161.896
2026-07-07 15:30,161.895,161.946,161.850,161.912
2026-07-07 16:00,161.907,161.931,161.861,161.914
2026-07-07 16:30,161.915,161.959,161.903,161.936
2026-07-07 17:00,161.928,161.943,161.878,161.927
2026-07-07 17:30,161.927,161.936,161.865,161.892
2026-07-07 18:00,161.881,161.915,161.869,161.888
2026-07-07 18:30,161.881,161.972,161.854,161.922
2026-07-07 19:00,161.932,162.142,161.922,162.097
2026-07-07 19:30,162.087,162.099,162.021,162.076
2026-07-07 20:00,162.071,162.104,162.047,162.070
2026-07-07 20:30,162.063,162.128,162.062,162.090
2026-07-07 21:00,162.085,162.160,161.978,162.153
2026-07-07 21:30,162.119,162.174,162.083,162.139
2026-07-07 22:00,162.122,162.204,162.091,162.141
2026-07-07 22:30,162.138,162.198,162.126,162.183
2026-07-07 23:00,162.173,162.297,162.161,162.280
2026-07-07 23:30,162.277,162.366,162.246,162.353
2026-07-08 00:00,162.356,162.404,162.305,162.386
2026-07-08 00:30,162.378,162.388,162.248,162.349
2026-07-08 01:00,162.341,162.419,162.278,162.408
2026-07-08 01:30,162.409,162.463,162.340,162.351
2026-07-08 02:00,162.352,162.433,162.332,162.387
2026-07-08 02:30,162.384,162.406,162.338,162.343
2026-07-08 03:00,162.340,162.352,162.284,162.302
2026-07-08 03:30,162.305,162.354,162.297,162.336
2026-07-08 04:00,162.336,162.397,162.330,162.380
2026-07-08 04:30,162.379,162.408,162.350,162.368
2026-07-08 05:00,162.361,162.376,162.319,162.333
2026-07-08 05:30,162.324,162.335,162.203,162.292
2026-07-08 06:00,162.292,162.310,162.171,162.195
2026-07-08 06:30,162.195,162.219,162.070,162.198
2026-07-08 07:00,162.198,162.291,162.186,162.195
2026-07-08 07:30,162.195,162.240,162.174,162.225
2026-07-08 08:00,162.220,162.452,162.203,162.388
2026-07-08 08:30,162.382,162.498,162.342,162.486
2026-07-08 09:00,162.484,162.557,162.246,162.470
2026-07-08 09:30,162.470,162.505,162.383,162.457
2026-07-08 10:00,162.459,162.467,162.407,162.434
2026-07-08 10:30,162.432,162.479,162.399,162.474
2026-07-08 11:00,162.472,162.512,162.464,162.479
2026-07-08 11:30,162.479,162.559,162.414,162.542
2026-07-08 12:00,162.532,162.546,162.439,162.472
2026-07-08 12:30,162.469,162.525,162.437,162.514
2026-07-08 13:00,162.514,162.564,162.490,162.522
2026-07-08 13:30,162.520,162.569,162.475,162.534
2026-07-08 14:00,162.535,162.566,162.508,162.541
2026-07-08 14:30,162.545,162.623,162.541,162.606
2026-07-08 15:00,162.605,162.692,162.588,162.654
2026-07-08 15:30,162.654,162.708,162.646,162.666
2026-07-08 16:00,162.664,162.672,162.608,162.647
2026-07-08 16:30,162.643,162.657,162.498,162.531
2026-07-08 17:00,162.531,162.536,162.412,162.478
2026-07-08 17:30,162.483,162.553,162.455,162.498
2026-07-08 18:00,162.527,162.561,162.448,162.458
2026-07-08 18:30,162.465,162.495,162.438,162.477
2026-07-08 19:00,162.468,162.479,162.427,162.444
2026-07-08 19:30,162.437,162.556,162.416,162.467
2026-07-08 20:00,162.471,162.548,162.463,162.540
2026-07-08 20:30,162.531,162.646,162.529,162.584
2026-07-08 21:00,162.548,162.598,162.485,162.515
2026-07-08 21:30,162.540,162.569,162.505,162.537
2026-07-08 22:00,162.536,162.614,162.511,162.597
2026-07-08 22:30,162.588,162.597,162.551,162.552
2026-07-08 23:00,162.560,162.578,162.530,162.563
2026-07-08 23:30,162.562,162.582,162.525,162.544
2026-07-09 00:00,162.534,162.543,162.356,162.388
2026-07-09 00:30,162.385,162.484,162.356,162.439
2026-07-09 01:00,162.439,162.574,162.407,162.544
2026-07-09 01:30,162.542,162.559,162.435,162.445
2026-07-09 02:00,162.445,162.487,162.430,162.459
2026-07-09 02:30,162.465,162.504,162.447,162.471
2026-07-09 03:00,162.464,162.499,162.440,162.440
2026-07-09 03:30,162.445,162.458,162.402,162.448
2026-07-09 04:00,162.447,162.465,162.406,162.417
2026-07-09 04:30,162.420,162.450,162.406,162.426
2026-07-09 05:00,162.433,162.438,162.355,162.365
2026-07-09 05:30,162.365,162.394,162.337,162.372
2026-07-09 06:00,162.364,162.375,162.240,162.250
2026-07-09 06:30,162.241,162.338,162.240,162.289
2026-07-09 07:00,162.292,162.399,162.289,162.372
2026-07-09 07:30,162.363,162.382,162.320,162.342
2026-07-09 08:00,162.342,162.365,162.294,162.316
2026-07-09 08:30,162.317,162.404,162.307,162.388
2026-07-09 09:00,162.388,162.431,162.373,162.406
2026-07-09 09:30,162.412,162.451,162.390,162.398
2026-07-09 10:00,162.396,162.449,162.395,162.445
2026-07-09 10:30,162.436,162.508,162.406,162.480
2026-07-09 11:00,162.477,162.498,162.456,162.490
2026-07-09 11:30,162.488,162.510,162.449,162.469
2026-07-09 12:00,162.469,162.477,162.385,162.413
2026-07-09 12:30,162.387,162.458,162.381,162.436
2026-07-09 13:00,162.444,162.454,162.288,162.376
2026-07-09 13:30,162.369,162.378,162.301,162.331
2026-07-09 14:00,162.339,162.402,162.279,162.372
2026-07-09 14:30,162.372,162.423,162.312,162.368
2026-07-09 15:00,162.358,162.415,162.354,162.356
2026-07-09 15:30,162.355,162.393,162.250,162.287
2026-07-09 16:00,162.281,162.326,162.251,162.296
2026-07-09 16:30,162.294,162.327,162.266,162.316
2026-07-09 17:00,162.307,162.330,162.267,162.269
2026-07-09 17:30,162.272,162.304,162.266,162.282
2026-07-09 18:00,162.283,162.377,162.280,162.367
2026-07-09 18:30,162.361,162.375,162.318,162.329
2026-07-09 19:00,162.329,162.391,162.314,162.378
2026-07-09 19:30,162.379,162.415,162.353,162.388
2026-07-09 20:00,162.380,162.406,162.351,162.375
2026-07-09 20:30,162.365,162.404,162.329,162.358
2026-07-09 21:00,162.342,162.380,162.332,162.352
2026-07-09 21:30,162.351,162.394,162.328,162.351
2026-07-09 22:00,162.348,162.429,162.313,162.346
2026-07-09 22:30,162.346,162.370,162.332,162.351
2026-07-09 23:00,162.339,162.385,162.330,162.374
2026-07-09 23:30,162.371,162.388,162.347,162.358
2026-07-10 00:00,162.358,162.425,162.319,162.413
2026-07-10 00:30,162.410,162.419,161.887,162.042
2026-07-10 01:00,162.046,162.106,161.630,161.894
2026-07-10 01:30,161.888,161.904,161.663,161.732
2026-07-10 02:00,161.735,161.754,161.278,161.458
2026-07-10 02:30,161.468,161.557,161.344,161.448
2026-07-10 03:00,161.447,161.501,161.375,161.382
2026-07-10 03:30,161.391,161.578,161.344,161.520
2026-07-10 04:00,161.512,161.686,161.512,161.630
2026-07-10 04:30,161.637,161.710,161.614,161.627
2026-07-10 05:00,161.627,161.661,161.469,161.619
2026-07-10 05:30,161.618,161.667,161.495,161.578
2026-07-10 06:00,161.574,161.587,161.404,161.571
2026-07-10 06:30,161.572,161.616,161.490,161.574
2026-07-10 07:00,161.574,161.775,161.566,161.750
2026-07-10 07:30,161.738,161.773,161.650,161.690
2026-07-10 08:00,161.689,161.747,161.532,161.718
2026-07-10 08:30,161.726,161.737,161.568,161.679
2026-07-10 09:00,161.679,161.768,161.632,161.765
2026-07-10 09:30,161.757,161.861,161.751,161.824
2026-07-10 10:00,161.821,161.830,161.689,161.697
2026-07-10 10:30,161.697,161.801,161.694,161.761
2026-07-10 11:00,161.760,161.844,161.740,161.809
2026-07-10 11:30,161.802,161.886,161.794,161.845
2026-07-10 12:00,161.843,161.895,161.679,161.830
2026-07-10 12:30,161.821,161.889,161.778,161.788
2026-07-10 13:00,161.787,161.861,161.759,161.798
2026-07-10 13:30,161.798,161.835,161.716,161.759
2026-07-10 14:00,161.768,161.839,161.754,161.757
2026-07-10 14:30,161.757,161.869,161.741,161.822
2026-07-10 15:00,161.829,161.845,161.466,161.518
2026-07-10 15:30,161.516,161.524,161.276,161.315
2026-07-10 16:00,161.312,161.417,161.294,161.338
2026-07-10 16:30,161.338,161.513,161.338,161.503
2026-07-10 17:00,161.511,161.588,161.487,161.541
2026-07-10 17:30,161.540,161.653,161.516,161.637
2026-07-10 18:00,161.642,161.706,161.624,161.700
2026-07-10 18:30,161.700,161.735,161.661,161.681
2026-07-10 19:00,161.682,161.737,161.671,161.694
2026-07-10 19:30,161.703,161.749,161.674,161.729
2026-07-10 20:00,161.730,161.752,161.697,161.719
2026-07-10 20:30,161.718,161.763,161.648,161.672
2026-07-12 23:00,162.014,162.069,161.956,161.963
2026-07-12 23:30,161.963,162.018,161.875,161.888
2026-07-13 00:00,161.878,162.005,161.873,161.965
2026-07-13 00:30,161.960,162.103,161.932,162.090
2026-07-13 01:00,162.095,162.174,162.040,162.049
2026-07-13 01:30,162.040,162.058,161.950,161.973
2026-07-13 02:00,161.970,162.094,161.954,162.046
2026-07-13 02:30,162.046,162.079,162.004,162.073
2026-07-13 03:00,162.067,162.127,162.058,162.088
2026-07-13 03:30,162.093,162.100,162.061,162.064
2026-07-13 04:00,162.064,162.096,161.985,161.986
2026-07-13 04:30,161.986,162.048,161.956,161.997
2026-07-13 05:00,161.989,162.067,161.933,162.049
2026-07-13 05:30,162.048,162.338,162.014,162.258
2026-07-13 06:00,162.262,162.359,162.216,162.266
2026-07-13 06:30,162.271,162.319,162.192,162.241
2026-07-13 07:00,162.233,162.282,161.823,162.125
2026-07-13 07:30,162.113,162.232,162.081,162.099
2026-07-13 08:00,162.102,162.120,162.011,162.103
2026-07-13 08:30,162.112,162.144,162.052,162.076
2026-07-13 09:00,162.073,162.104,161.972,161.986
2026-07-13 09:30,161.992,162.034,161.971,161.986
2026-07-13 10:00,161.993,162.125,161.983,162.118
2026-07-13 10:30,162.115,162.124,162.057,162.060
2026-07-13 11:00,162.065,162.146,162.023,162.091
2026-07-13 11:30,162.092,162.127,162.063,162.116
2026-07-13 12:00,162.112,162.196,162.092,162.172
2026-07-13 12:30,162.168,162.192,162.102,162.108
2026-07-13 13:00,162.108,162.151,162.067,162.127
2026-07-13 13:30,162.121,162.232,162.111,162.218
2026-07-13 14:00,162.219,162.386,162.181,162.292
2026-07-13 14:30,162.292,162.413,162.279,162.343
2026-07-13 15:00,162.350,162.382,162.299,162.317
2026-07-13 15:30,162.312,162.375,162.301,162.327
2026-07-13 16:00,162.317,162.416,162.303,162.408
2026-07-13 16:30,162.407,162.467,162.385,162.449
2026-07-13 17:00,162.448,162.469,162.419,162.442
2026-07-13 17:30,162.433,162.466,162.432,162.460
2026-07-13 18:00,162.464,162.481,162.420,162.428
2026-07-13 18:30,162.428,162.442,162.349,162.351
2026-07-13 19:00,162.351,162.451,162.348,162.436
2026-07-13 19:30,162.435,162.467,162.414,162.446
2026-07-13 20:00,162.446,162.488,162.422,162.443
2026-07-13 20:30,162.443,162.479,162.388,162.432
2026-07-13 21:00,162.359,162.459,162.313,162.442
2026-07-13 21:30,162.442,162.459,162.398,162.427
2026-07-13 22:00,162.427,162.473,162.403,162.428
2026-07-13 22:30,162.429,162.450,162.403,162.435
2026-07-13 23:00,162.442,162.457,162.402,162.408
2026-07-13 23:30,162.408,162.441,162.383,162.414
2026-07-14 00:00,162.413,162.470,162.381,162.424
2026-07-14 00:30,162.427,162.452,162.223,162.384
2026-07-14 01:00,162.378,162.396,162.317,162.389
2026-07-14 01:30,162.384,162.426,162.332,162.387
2026-07-14 02:00,162.390,162.415,162.332,162.353
2026-07-14 02:30,162.347,162.372,162.303,162.323
2026-07-14 03:00,162.317,162.374,162.312,162.330
2026-07-14 03:30,162.322,162.333,162.222,162.288
2026-07-14 04:00,162.284,162.318,162.256,162.317
2026-07-14 04:30,162.311,162.342,162.290,162.320
2026-07-14 05:00,162.313,162.319,162.256,162.302
2026-07-14 05:30,162.303,162.304,162.236,162.289
2026-07-14 06:00,162.284,162.370,162.270,162.362
2026-07-14 06:30,162.360,162.372,162.290,162.347
2026-07-14 07:00,162.339,162.373,162.290,162.316
2026-07-14 07:30,162.309,162.367,162.308,162.340
2026-07-14 08:00,162.338,162.388,162.323,162.336
2026-07-14 08:30,162.327,162.341,162.040,162.266
2026-07-14 09:00,162.270,162.283,162.184,162.223
2026-07-14 09:30,162.214,162.229,162.149,162.178
2026-07-14 10:00,162.176,162.222,162.149,162.200
2026-07-14 10:30,162.200,162.264,162.197,162.244
2026-07-14 11:00,162.247,162.277,162.217,162.237
2026-07-14 11:30,162.238,162.244,162.177,162.195
2026-07-14 12:00,162.193,162.235,162.103,162.110
2026-07-14 12:30,162.095,162.200,161.588,161.912
2026-07-14 13:00,161.902,161.971,161.823,161.866
2026-07-14 13:30,161.864,161.979,161.849,161.926
2026-07-14 14:00,161.919,161.997,161.842,161.989
2026-07-14 14:30,161.988,162.017,161.820,161.965
2026-07-14 15:00,161.965,162.031,161.869,161.951
2026-07-14 15:30,161.952,162.171,161.940,162.145
2026-07-14 16:00,162.138,162.202,162.128,162.161
2026-07-14 16:30,162.154,162.162,162.101,162.109
2026-07-14 17:00,162.107,162.237,162.107,162.176
2026-07-14 17:30,162.179,162.199,162.141,162.192
2026-07-14 18:00,162.188,162.218,162.156,162.211
2026-07-14 18:30,162.208,162.288,162.182,162.187
2026-07-14 19:00,162.192,162.197,162.127,162.159
2026-07-14 19:30,162.156,162.215,162.134,162.210
2026-07-14 20:00,162.204,162.246,162.199,162.242
2026-07-14 20:30,162.238,162.270,162.225,162.233
2026-07-14 21:00,162.224,162.254,162.134,162.170
2026-07-14 21:30,162.169,162.203,162.155,162.188
2026-07-14 22:00,162.189,162.266,162.158,162.231
2026-07-14 22:30,162.213,162.242,162.195,162.226
2026-07-14 23:00,162.226,162.240,162.178,162.196
2026-07-14 23:30,162.187,162.210,162.156,162.187
2026-07-15 00:00,162.189,162.240,162.113,162.144
2026-07-15 00:30,162.137,162.231,162.070,162.099
2026-07-15 01:00,162.098,162.114,161.957,162.059
2026-07-15 01:30,162.052,162.128,162.029,162.097
2026-07-15 02:00,162.089,162.124,162.027,162.100
2026-07-15 02:30,162.107,162.116,162.044,162.102
2026-07-15 03:00,162.103,162.181,162.078,162.154
2026-07-15 03:30,162.155,162.180,162.129,162.143
2026-07-15 04:00,162.133,162.221,162.128,162.208
2026-07-15 04:30,162.208,162.230,162.185,162.212
2026-07-15 05:00,162.205,162.237,162.167,162.209
2026-07-15 05:30,162.203,162.213,162.169,162.196
2026-07-15 06:00,162.196,162.212,162.134,162.163
2026-07-15 06:30,162.163,162.216,162.093,162.202
2026-07-15 07:00,162.208,162.311,162.190,162.265
2026-07-15 07:30,162.261,162.298,162.232,162.268
2026-07-15 08:00,162.261,162.351,162.238,162.274
2026-07-15 08:30,162.274,162.334,162.263,162.290
2026-07-15 09:00,162.290,162.326,162.236,162.322
2026-07-15 09:30,162.314,162.373,162.309,162.358
2026-07-15 10:00,162.358,162.423,162.354,162.397
2026-07-15 10:30,162.390,162.419,162.303,162.328
2026-07-15 11:00,162.321,162.384,162.288,162.371
2026-07-15 11:30,162.368,162.395,162.317,162.346
2026-07-15 12:00,162.335,162.395,162.327,162.342
2026-07-15 12:30,162.344,162.353,162.134,162.157
2026-07-15 13:00,162.156,162.280,162.124,162.263
2026-07-15 13:30,162.262,162.275,162.147,162.201
2026-07-15 14:00,162.201,162.238,162.161,162.223
2026-07-15 14:30,162.214,162.230,162.117,162.143
2026-07-15 15:00,162.135,162.216,162.086,162.092
2026-07-15 15:30,162.091,162.145,162.069,162.127
2026-07-15 16:00,162.125,162.173,162.110,162.137
2026-07-15 16:30,162.131,162.199,162.118,162.158
2026-07-15 17:00,162.159,162.170,162.068,162.080
2026-07-15 17:30,162.088,162.109,161.961,161.980
2026-07-15 18:00,161.987,161.988,161.885,161.908
2026-07-15 18:30,161.907,162.062,161.890,162.046
2026-07-15 19:00,162.040,162.108,162.005,162.096
2026-07-15 19:30,162.097,162.284,162.089,162.224
2026-07-15 20:00,162.224,162.233,162.187,162.194
2026-07-15 20:30,162.200,162.224,162.153,162.172
2026-07-15 21:00,162.156,162.250,162.068,162.125
2026-07-15 21:30,162.123,162.143,162.083,162.101
2026-07-15 22:00,162.101,162.152,162.044,162.090
2026-07-15 22:30,162.090,162.141,162.077,162.113
2026-07-15 23:00,162.112,162.124,162.050,162.087
2026-07-15 23:30,162.081,162.098,162.023,162.074
2026-07-16 00:00,162.067,162.131,162.050,162.073
2026-07-16 00:30,162.067,162.155,162.045,162.093
2026-07-16 01:00,162.093,162.103,162.023,162.043
2026-07-16 01:30,162.044,162.119,162.026,162.109
2026-07-16 02:00,162.105,162.169,162.093,162.094
2026-07-16 02:30,162.094,162.166,162.081,162.145
2026-07-16 03:00,162.144,162.160,162.079,162.085
2026-07-16 03:30,162.088,162.105,162.063,162.082
2026-07-16 04:00,162.082,162.139,162.075,162.130
2026-07-16 04:30,162.130,162.142,162.075,162.092
2026-07-16 05:00,162.093,162.121,162.075,162.118
2026-07-16 05:30,162.111,162.182,162.099,162.159
2026-07-16 06:00,162.150,162.172,162.114,162.145
2026-07-16 06:30,162.135,162.176,162.104,162.112
2026-07-16 07:00,162.120,162.129,161.977,162.083
2026-07-16 07:30,162.090,162.099,162.004,162.076
2026-07-16 08:00,162.076,162.156,162.059,162.105
2026-07-16 08:30,162.104,162.179,162.088,162.146
2026-07-16 09:00,162.137,162.172,162.105,162.136
2026-07-16 09:30,162.136,162.196,162.134,162.167
2026-07-16 10:00,162.169,162.194,162.157,162.172
2026-07-16 10:30,162.165,162.185,162.123,162.143
2026-07-16 11:00,162.144,162.185,162.108,162.183
2026-07-16 11:30,162.175,162.233,162.140,162.148
2026-07-16 12:00,162.155,162.216,162.125,162.165
2026-07-16 12:30,162.125,162.301,162.123,162.296
2026-07-16 13:00,162.290,162.317,162.220,162.226
2026-07-16 13:30,162.228,162.348,162.207,162.324
2026-07-16 14:00,162.325,162.402,162.301,162.397
2026-07-16 14:30,162.402,162.453,162.354,162.441
2026-07-16 15:00,162.440,162.477,162.415,162.448
2026-07-16 15:30,162.455,162.466,162.404,162.417
2026-07-16 16:00,162.417,162.546,162.413,162.522
2026-07-16 16:30,162.516,162.522,162.446,162.464
2026-07-16 17:00,162.476,162.506,162.464,162.467
2026-07-16 17:30,162.468,162.487,162.388,162.405
2026-07-16 18:00,162.405,162.425,162.363,162.382
2026-07-16 18:30,162.382,162.414,162.377,162.382
2026-07-16 19:00,162.389,162.433,162.371,162.420
2026-07-16 19:30,162.419,162.427,162.379,162.395
2026-07-16 20:00,162.394,162.406,162.361,162.372
2026-07-16 20:30,162.377,162.389,162.333,162.382
2026-07-16 21:00,162.376,162.425,162.330,162.348
2026-07-16 21:30,162.348,162.389,162.324,162.352
2026-07-16 22:00,162.344,162.383,162.295,162.351
2026-07-16 22:30,162.349,162.373,162.327,162.364
2026-07-16 23:00,162.352,162.371,162.325,162.341
2026-07-16 23:30,162.334,162.395,162.312,162.373
2026-07-17 00:00,162.374,162.430,162.360,162.400
2026-07-17 00:30,162.396,162.456,162.352,162.421
2026-07-17 01:00,162.415,162.466,162.403,162.440
2026-07-17 01:30,162.433,162.475,162.419,162.467
2026-07-17 02:00,162.463,162.469,162.405,162.433
2026-07-17 02:30,162.434,162.440,162.334,162.364
2026-07-17 03:00,162.364,162.391,162.351,162.378
2026-07-17 03:30,162.377,162.411,162.370,162.388
2026-07-17 04:00,162.394,162.424,162.362,162.419
2026-07-17 04:30,162.421,162.431,162.394,162.418
2026-07-17 05:00,162.415,162.445,162.400,162.420
2026-07-17 05:30,162.419,162.420,162.360,162.401
2026-07-17 06:00,162.395,162.423,162.329,162.342
2026-07-17 06:30,162.345,162.396,162.111,162.264
2026-07-17 07:00,162.260,162.265,162.144,162.224
2026-07-17 07:30,162.223,162.292,162.189,162.283
2026-07-17 08:00,162.285,162.423,162.254,162.408
2026-07-17 08:30,162.408,162.419,162.344,162.383
2026-07-17 09:00,162.383,162.453,162.381,162.423
2026-07-17 09:30,162.419,162.453,162.349,162.357
2026-07-17 10:00,162.363,162.419,162.348,162.406
2026-07-17 10:30,162.405,162.416,162.351,162.359
2026-07-17 11:00,162.360,162.372,162.300,162.325
2026-07-17 11:30,162.330,162.368,162.295,162.362
2026-07-17 12:00,162.356,162.369,162.295,162.323
2026-07-17 12:30,162.319,162.419,162.311,162.404
2026-07-17 13:00,162.411,162.444,162.391,162.417
2026-07-17 13:30,162.416,162.443,162.316,162.352
2026-07-17 14:00,162.337,162.405,162.322,162.391
2026-07-17 14:30,162.397,162.412,162.355,162.404
2026-07-17 15:00,162.403,162.424,162.342,162.357
2026-07-17 15:30,162.362,162.440,162.346,162.424
2026-07-17 16:00,162.428,162.496,162.427,162.470
2026-07-17 16:30,162.464,162.519,162.423,162.433
2026-07-17 17:00,162.422,162.477,162.396,162.447
2026-07-17 17:30,162.446,162.473,162.436,162.441
2026-07-17 18:00,162.441,162.461,162.408,162.427
2026-07-17 18:30,162.424,162.448,162.419,162.438
2026-07-17 19:00,162.444,162.475,162.409,162.453
2026-07-17 19:30,162.453,162.472,162.377,162.380
2026-07-17 20:00,162.380,162.445,162.356,162.423
2026-07-17 20:30,162.419,162.434,162.334,162.353
2026-07-19 23:00,162.504,162.537,162.472,162.528
2026-07-19 23:30,162.525,162.548,162.497,162.512
2026-07-20 00:00,162.512,162.538,162.448,162.452
2026-07-20 00:30,162.453,162.464,162.320,162.339
2026-07-20 01:00,162.327,162.413,162.297,162.379
2026-07-20 01:30,162.379,162.388,162.337,162.361
2026-07-20 02:00,162.356,162.373,162.325,162.334
2026-07-20 02:30,162.339,162.374,162.327,162.367
2026-07-20 03:00,162.363,162.380,162.346,162.363
2026-07-20 03:30,162.367,162.373,162.347,162.367
2026-07-20 04:00,162.367,162.386,162.342,162.368
2026-07-20 04:30,162.364,162.370,162.320,162.335
2026-07-20 05:00,162.331,162.362,162.312,162.351
2026-07-20 05:30,162.352,162.375,162.325,162.374
2026-07-20 06:00,162.364,162.409,162.355,162.385
2026-07-20 06:30,162.384,162.416,162.350,162.405
2026-07-20 07:00,162.404,162.453,162.380,162.399
2026-07-20 07:30,162.396,162.405,162.308,162.357
2026-07-20 08:00,162.358,162.379,162.327,162.370
2026-07-20 08:30,162.371,162.378,162.337,162.371
2026-07-20 09:00,162.363,162.406,162.359,162.398
2026-07-20 09:30,162.404,162.436,162.395,162.409
2026-07-20 10:00,162.410,162.430,162.383,162.403
2026-07-20 10:30,162.397,162.407,162.382,162.400
2026-07-20 11:00,162.398,162.428,162.383,162.399
2026-07-20 11:30,162.399,162.406,162.188,162.342
2026-07-20 12:00,162.345,162.431,162.337,162.400
2026-07-20 12:30,162.401,162.420,162.379,162.402
2026-07-20 13:00,162.406,162.428,162.395,162.418
2026-07-20 13:30,162.412,162.478,162.382,162.469
2026-07-20 14:00,162.477,162.566,162.459,162.539
2026-07-20 14:30,162.540,162.589,162.501,162.519
2026-07-20 15:00,162.517,162.577,162.516,162.552
2026-07-20 15:30,162.552,162.587,162.538,162.563
2026-07-20 16:00,162.563,162.600,162.526,162.540
2026-07-20 16:30,162.540,162.578,162.516,162.516
2026-07-20 17:00,162.521,162.531,162.450,162.467
2026-07-20 17:30,162.467,162.494,162.452,162.459
2026-07-20 18:00,162.458,162.485,162.414,162.459
2026-07-20 18:30,162.460,162.534,162.458,162.499
2026-07-20 19:00,162.499,162.513,162.457,162.474
2026-07-20 19:30,162.465,162.517,162.452,162.511
2026-07-20 20:00,162.511,162.529,162.482,162.510
2026-07-20 20:30,162.503,162.532,162.468,162.475
2026-07-20 21:00,162.477,162.503,162.437,162.488
2026-07-20 21:30,162.487,162.510,162.441,162.485
2026-07-20 22:00,162.441,162.509,162.410,162.488
2026-07-20 22:30,162.481,162.517,162.475,162.498
2026-07-20 23:00,162.491,162.509,162.482,162.497
2026-07-20 23:30,162.494,162.508,162.479,162.480
2026-07-21 00:00,162.480,162.512,162.438,162.503
2026-07-21 00:30,162.506,162.536,162.477,162.529
2026-07-21 01:00,162.529,162.537,162.426,162.473
2026-07-21 01:30,162.477,162.526,162.449,162.502
2026-07-21 02:00,162.501,162.526,162.481,162.499
2026-07-21 02:30,162.499,162.506,162.477,162.488
2026-07-21 03:00,162.488,162.517,162.479,162.491
2026-07-21 03:30,162.492,162.500,162.446,162.486
2026-07-21 04:00,162.482,162.491,162.465,162.476
2026-07-21 04:30,162.474,162.500,162.464,162.483
2026-07-21 05:00,162.483,162.527,162.481,162.508
2026-07-21 05:30,162.511,162.519,162.462,162.507
2026-07-21 06:00,162.503,162.529,162.480,162.518
2026-07-21 06:30,162.518,162.559,162.510,162.521
2026-07-21 07:00,162.520,162.590,162.516,162.589
2026-07-21 07:30,162.584,162.618,162.549,162.595
2026-07-21 08:00,162.596,162.678,162.577,162.667
2026-07-21 08:30,162.674,162.700,162.664,162.686
2026-07-21 09:00,162.677,162.696,162.609,162.678
2026-07-21 09:30,162.677,162.693,162.646,162.662
2026-07-21 10:00,162.662,162.687,162.635,162.651
2026-07-21 10:30,162.648,162.706,162.638,162.671
2026-07-21 11:00,162.662,162.754,162.646,162.750
2026-07-21 11:30,162.735,162.758,162.722,162.726
2026-07-21 12:00,162.724,162.797,162.714,162.784
2026-07-21 12:30,162.786,162.801,162.690,162.718
2026-07-21 13:00,162.721,162.804,162.718,162.798
2026-07-21 13:30,162.795,162.894,162.765,162.864
2026-07-21 14:00,162.865,162.951,162.853,162.942
2026-07-21 14:30,162.942,163.042,162.889,163.011
2026-07-21 15:00,163.015,163.020,162.908,162.959
2026-07-21 15:30,162.960,163.038,162.946,163.015
2026-07-21 16:00,163.012,163.030,162.982,162.999
2026-07-21 16:30,162.994,163.009,162.950,163.001
2026-07-21 17:00,163.005,163.019,162.968,162.975
2026-07-21 17:30,162.975,163.030,162.975,163.026
2026-07-21 18:00,163.028,163.221,163.021,163.148
2026-07-21 18:30,163.148,163.237,163.141,163.183
2026-07-21 19:00,163.182,163.221,163.157,163.168
2026-07-21 19:30,163.168,163.211,163.157,163.200
2026-07-21 20:00,163.202,163.239,163.192,163.226
2026-07-21 20:30,163.226,163.238,163.154,163.169
2026-07-21 21:00,163.150,163.182,163.106,163.182
2026-07-21 21:30,163.168,163.182,163.125,163.141
2026-07-21 22:00,163.141,163.195,163.136,163.182
2026-07-21 22:30,163.184,163.215,163.169,163.199
2026-07-21 23:00,163.199,163.228,163.190,163.207
2026-07-21 23:30,163.199,163.220,163.179,163.183
2026-07-22 00:00,163.185,163.207,163.022,163.057
2026-07-22 00:30,163.058,163.184,163.043,163.131
2026-07-22 01:00,163.132,163.187,163.098,163.168
2026-07-22 01:30,163.169,163.204,163.142,163.143
2026-07-22 02:00,163.144,163.180,163.066,163.092
2026-07-22 02:30,163.092,163.131,163.078,163.120
2026-07-22 03:00,163.116,163.156,163.107,163.125
2026-07-22 03:30,163.126,163.168,163.109,163.154
2026-07-22 04:00,163.150,163.197,163.143,163.172
2026-07-22 04:30,163.175,163.183,163.146,163.170
2026-07-22 05:00,163.167,163.178,163.141,163.168
2026-07-22 05:30,163.171,163.188,163.077,163.087
2026-07-22 06:00,163.082,163.125,163.042,163.103
2026-07-22 06:30,163.103,163.145,163.084,163.085
2026-07-22 07:00,163.089,163.137,163.061,163.126
2026-07-22 07:30,163.125,163.133,162.662,162.936
2026-07-22 08:00,162.942,163.113,162.904,163.067
2026-07-22 08:30,163.067,163.076,162.945,162.959
2026-07-22 09:00,162.957,162.995,162.938,162.977
2026-07-22 09:30,162.972,163.052,162.972,163.027
2026-07-22 10:00,163.027,163.077,163.007,163.043
2026-07-22 10:30,163.037,163.067,163.000,163.016
2026-07-22 11:00,163.016,163.044,162.987,163.035
2026-07-22 11:30,163.035,163.080,163.004,163.070
2026-07-22 12:00,163.070,163.079,163.042,163.058
2026-07-22 12:30,163.064,163.136,163.033,163.102
2026-07-22 13:00,163.099,163.109,163.048,163.067
2026-07-22 13:30,163.060,163.088,163.005,163.052
2026-07-22 14:00,163.052,163.085,163.042,163.070
2026-07-22 14:30,163.068,163.120,163.034,163.115
2026-07-22 15:00,163.113,163.122,163.071,163.108
2026-07-22 15:30,163.104,163.133,163.062,163.079
2026-07-22 16:00,163.076,163.126,163.060,163.090
2026-07-22 16:30,163.090,163.116,163.075,163.110
2026-07-22 17:00,163.106,163.147,163.101,163.132
2026-07-22 17:30,163.135,163.178,163.127,163.156
2026-07-22 18:00,163.153,163.174,163.121,163.126
2026-07-22 18:30,163.124,163.139,163.100,163.123
2026-07-22 19:00,163.127,163.147,163.112,163.141
2026-07-22 19:30,163.138,163.161,163.127,163.147
2026-07-22 20:00,163.148,163.154,163.127,163.142
2026-07-22 20:30,163.142,163.166,163.127,163.131
2026-07-22 21:00,163.116,163.129,163.065,163.088
2026-07-22 21:30,163.110,163.123,163.054,163.089
2026-07-22 22:00,163.081,163.132,163.051,163.101
2026-07-22 22:30,163.098,163.152,163.084,163.120
2026-07-22 23:00,163.106,163.125,163.081,163.102
2026-07-22 23:30,163.107,163.115,163.081,163.081
2026-07-23 00:00,163.081,163.115,163.058,163.095
2026-07-23 00:30,163.094,163.140,163.036,163.046
2026-07-23 01:00,163.046,163.087,163.018,163.067
2026-07-23 01:30,163.068,163.069,162.987,163.064
2026-07-23 02:00,163.052,163.077,163.040,163.064
2026-07-23 02:30,163.064,163.100,163.053,163.064
2026-07-23 03:00,163.069,163.086,163.038,163.052
2026-07-23 03:30,163.056,163.064,163.026,163.043
2026-07-23 04:00,163.039,163.062,163.022,163.038
2026-07-23 04:30,163.038,163.084,163.037,163.072
2026-07-23 05:00,163.066,163.109,163.060,163.088
2026-07-23 05:30,163.090,163.110,163.062,163.109
2026-07-23 06:00,163.104,163.120,163.064,163.067
2026-07-23 06:30,163.067,163.116,163.063,163.104
2026-07-23 07:00,163.104,163.173,163.104,163.162
2026-07-23 07:30,163.162,163.427,163.155,163.312
2026-07-23 08:00,163.311,163.401,163.278,163.397
2026-07-23 08:30,163.391,163.441,163.329,163.334
2026-07-23 09:00,163.330,163.397,163.283,163.375
2026-07-23 09:30,163.371,163.382,163.314,163.371
2026-07-23 10:00,163.368,163.384,163.340,163.356
2026-07-23 10:30,163.356,163.382,163.343,163.368
2026-07-23 11:00,163.368,163.426,163.352,163.413
2026-07-23 11:30,163.414,163.648,163.299,163.482
2026-07-23 12:00,163.490,163.594,163.447,163.558
2026-07-23 12:30,163.569,163.758,163.567,163.666
2026-07-23 13:00,163.674,163.850,163.659,163.784
2026-07-23 13:30,163.788,163.965,163.729,163.958
2026-07-23 14:00,163.963,163.963,163.866,163.930
2026-07-23 14:30,163.930,163.988,163.888,163.918
2026-07-23 15:00,163.917,163.954,163.769,163.868
2026-07-23 15:30,163.869,163.915,163.781,163.800
2026-07-23 16:00,163.799,163.835,163.736,163.738
2026-07-23 16:30,163.737,163.797,163.713,163.764
2026-07-23 17:00,163.764,163.789,163.710,163.779
2026-07-23 17:30,163.773,163.844,163.772,163.841
2026-07-23 18:00,163.839,163.847,163.774,163.793
2026-07-23 18:30,163.787,163.820,163.771,163.797
2026-07-23 19:00,163.803,163.837,163.771,163.803
2026-07-23 19:30,163.805,163.857,163.764,163.819
2026-07-23 20:00,163.817,163.840,163.792,163.819
2026-07-23 20:30,163.820,163.877,163.812,163.853
2026-07-23 21:00,163.814,163.916,163.799,163.819
2026-07-23 21:30,163.819,163.839,163.735,163.779
2026-07-23 22:00,163.783,163.849,163.740,163.847
2026-07-23 22:30,163.840,163.851,163.811,163.844
2026-07-23 23:00,163.836,163.851,163.807,163.810
2026-07-23 23:30,163.810,163.870,163.797,163.836
2026-07-24 00:00,163.832,163.908,163.789,163.855
2026-07-24 00:30,163.858,163.940,163.809,163.818
2026-07-24 01:00,163.812,163.862,163.774,163.835
2026-07-24 01:30,163.836,163.848,163.718,163.769
2026-07-24 02:00,163.772,163.808,163.743,163.770
2026-07-24 02:30,163.779,163.785,163.722,163.770
2026-07-24 03:00,163.771,163.867,163.764,163.854
2026-07-24 03:30,163.853,163.861,163.787,163.803
2026-07-24 04:00,163.804,163.836,163.774,163.828
2026-07-24 04:30,163.828,163.847,163.807,163.828
2026-07-24 05:00,163.821,163.832,163.795,163.804
2026-07-24 05:30,163.800,163.847,163.790,163.842
2026-07-24 06:00,163.833,163.848,163.760,163.781
2026-07-24 06:30,163.781,163.806,163.758,163.759
2026-07-24 07:00,163.760,163.779,163.644,163.687
2026-07-24 07:30,163.692,163.802,163.657,163.761
2026-07-24 08:00,163.760,163.812,163.729,163.729
2026-07-24 08:30,163.734,163.804,163.717,163.726
2026-07-24 09:00,163.724,163.766,163.722,163.742
2026-07-24 09:30,163.738,163.762,163.678,163.683
2026-07-24 10:00,163.689,163.735,163.669,163.721
2026-07-24 10:30,163.722,163.806,163.700,163.788
2026-07-24 11:00,163.786,163.800,163.754,163.779
2026-07-24 11:30,163.782,163.840,163.754,163.796
2026-07-24 12:00,163.802,163.840,163.793,163.829
2026-07-24 12:30,163.827,163.864,163.796,163.846
2026-07-24 13:00,163.848,163.880,163.833,163.861
2026-07-24 13:30,163.861,163.872,163.773,163.779
2026-07-24 14:00,163.777,163.836,163.752,163.782
2026-07-24 14:30,163.784,163.802,163.688,163.754
2026-07-24 15:00,163.755,163.773,163.636,163.693
2026-07-24 15:30,163.689,163.751,163.679,163.704
2026-07-24 16:00,163.711,163.745,163.698,163.725
2026-07-24 16:30,163.720,163.780,163.710,163.778
2026-07-24 17:00,163.779,163.831,163.768,163.811
2026-07-24 17:30,163.805,163.839,163.804,163.813
2026-07-24 18:00,163.807,163.839,163.792,163.837
2026-07-24 18:30,163.834,163.856,163.821,163.836
2026-07-24 19:00,163.842,163.853,163.803,163.845
2026-07-24 19:30,163.845,163.854,163.810,163.848
2026-07-24 20:00,163.847,163.865,163.834,163.854
2026-07-24 20:30,163.855,163.870,163.791,163.791
2026-07-26 23:00,163.690,163.700,163.661,163.684
2026-07-26 23:30,163.674,163.687,163.602,163.611
2026-07-27 00:00,163.616,163.622,163.520,163.532
2026-07-27 00:30,163.541,163.655,163.513,163.629
2026-07-27 01:00,163.627,163.638,163.539,163.559
2026-07-27 01:30,163.560,163.578,163.472,163.472
2026-07-27 02:00,163.473,163.553,163.449,163.517
2026-07-27 02:30,163.516,163.582,163.495,163.570
2026-07-27 03:00,163.570,163.604,163.547,163.586
2026-07-27 03:30,163.583,163.614,163.559,163.573
2026-07-27 04:00,163.571,163.586,163.544,163.573
2026-07-27 04:30,163.572,163.598,163.567,163.572
2026-07-27 05:00,163.573,163.598,163.556,163.561
2026-07-27 05:30,163.561,163.607,163.553,163.584
2026-07-27 06:00,163.584,163.604,163.518,163.562
2026-07-27 06:30,163.559,163.591,163.503,163.507
2026-07-27 07:00,163.515,163.538,163.321,163.332
2026-07-27 07:30,163.326,163.528,163.324,163.521
2026-07-27 08:00,163.520,163.552,163.487,163.540
2026-07-27 08:30,163.536,163.557,163.496,163.520
2026-07-27 09:00,163.516,163.607,163.490,163.572
2026-07-27 09:30,163.568,163.589,163.498,163.525
2026-07-27 10:00,163.525,163.599,163.525,163.552
2026-07-27 10:30,163.541,163.600,163.539,163.592
2026-07-27 11:00,163.585,163.645,163.582,163.641
2026-07-27 11:30,163.637,163.651,163.577,163.640
2026-07-27 12:00,163.640,163.688,163.620,163.662
2026-07-27 12:30,163.668,163.706,163.647,163.686
2026-07-27 13:00,163.686,163.722,163.647,163.702
2026-07-27 13:30,163.708,163.759,163.675,163.743
2026-07-27 14:00,163.744,163.768,163.705,163.755
2026-07-27 14:30,163.755,163.768,163.688,163.698
2026-07-27 15:00,163.702,163.724,163.652,163.662
2026-07-27 15:30,163.662,163.714,163.661,163.709
2026-07-27 16:00,163.709,163.715,163.608,163.625
2026-07-27 16:30,163.622,163.661,163.579,163.649
2026-07-27 17:00,163.652,163.715,163.646,163.706
2026-07-27 17:30,163.704,163.735,163.690,163.723
2026-07-27 18:00,163.723,163.741,163.691,163.727
2026-07-27 18:30,163.728,163.790,163.684,163.776
2026-07-27 19:00,163.776,163.776,163.724,163.726
2026-07-27 19:30,163.726,163.734,163.691,163.733
2026-07-27 20:00,163.734,163.744,163.723,163.738
2026-07-27 20:30,163.737,163.769,163.718,163.745
2026-07-27 21:00,163.673,163.691,163.654,163.681
2026-07-27 21:30,163.687,163.719,163.676,163.713
2026-07-27 22:00,163.712,163.762,163.693,163.743
2026-07-27 22:30,163.754,163.759,163.728,163.740
2026-07-27 23:00,163.740,163.749,163.710,163.729
2026-07-27 23:30,163.725,163.786,163.723,163.771
2026-07-28 00:00,163.771,163.843,163.752,163.780
2026-07-28 00:30,163.780,163.822,163.731,163.738
2026-07-28 01:00,163.745,163.768,163.708,163.748
2026-07-28 01:30,163.741,163.792,163.732,163.768
2026-07-28 02:00,163.759,163.792,163.733,163.756
2026-07-28 02:30,163.748,163.770,163.669,163.708
2026-07-28 03:00,163.707,163.742,163.693,163.716
2026-07-28 03:30,163.718,163.769,163.706,163.756
2026-07-28 04:00,163.756,163.778,163.750,163.768
2026-07-28 04:30,163.767,163.776,163.739,163.745
2026-07-28 05:00,163.744,163.772,163.721,163.727
2026-07-28 05:30,163.721,163.765,163.717,163.733
2026-07-28 06:00,163.733,163.742,163.674,163.691
2026-07-28 06:30,163.691,163.716,163.662,163.709
2026-07-28 07:00,163.704,163.767,163.704,163.752
2026-07-28 07:30,163.759,163.794,163.740,163.784
2026-07-28 08:00,163.779,163.844,163.754,163.835
2026-07-28 08:30,163.835,163.853,163.805,163.819
2026-07-28 09:00,163.821,163.831,163.804,163.828
2026-07-28 09:30,163.827,163.889,163.823,163.874
2026-07-28 10:00,163.875,163.936,163.859,163.930
2026-07-28 10:30,163.923,163.949,163.904,163.932
2026-07-28 11:00,163.931,163.938,163.900,163.922
2026-07-28 11:30,163.916,163.938,163.900,163.927
2026-07-28 12:00,163.927,163.934,163.873,163.892
2026-07-28 12:30,163.885,163.904,163.837,163.872
2026-07-28 13:00,163.875,163.885,163.834,163.865
2026-07-28 13:30,163.870,163.879,163.812,163.818
2026-07-28 14:00,163.827,163.861,163.812,163.843
2026-07-28 14:30,163.843,163.882,163.826,163.863
2026-07-28 15:00,163.863,163.866,163.638,163.694
2026-07-28 15:30,163.688,163.713,163.643,163.651
2026-07-28 16:00,163.650,163.697,163.638,163.678
2026-07-28 16:30,163.673,163.748,163.664,163.737
2026-07-28 17:00,163.737,163.780,163.712,163.769
2026-07-28 17:30,163.769,163.815,163.757,163.800
2026-07-28 18:00,163.798,163.820,163.765,163.815
2026-07-28 18:30,163.816,163.861,163.807,163.856
2026-07-28 19:00,163.853,163.871,163.820,163.847
2026-07-28 19:30,163.843,163.861,163.821,163.855
2026-07-28 20:00,163.854,163.877,163.836,163.861
2026-07-28 20:30,163.860,163.889,163.808,163.811
2026-07-28 21:00,163.781,163.840,163.650,163.789
2026-07-28 21:30,163.758,163.819,163.743,163.794
2026-07-28 22:00,163.779,163.890,163.769,163.848
2026-07-28 22:30,163.839,163.872,163.836,163.842
2026-07-28 23:00,163.849,163.872,163.837,163.860
2026-07-28 23:30,163.853,163.874,163.844,163.859
2026-07-29 00:00,163.859,163.883,163.790,163.799
2026-07-29 00:30,163.798,163.818,163.662,163.695
2026-07-29 01:00,163.705,163.763,163.677,163.736
2026-07-29 01:30,163.736,163.780,163.697,163.713
2026-07-29 02:00,163.719,163.753,163.676,163.702
2026-07-29 02:30,163.700,163.736,163.651,163.717
2026-07-29 03:00,163.714,163.723,163.657,163.669
2026-07-29 03:30,163.668,163.687,163.555,163.626
2026-07-29 04:00,163.618,163.625,163.476,163.510
2026-07-29 04:30,163.504,163.525,163.272,163.423
2026-07-29 05:00,163.418,163.455,163.337,163.377
2026-07-29 05:30,163.377,163.497,163.374,163.494
2026-07-29 06:00,163.494,163.571,163.446,163.550
2026-07-29 06:30,163.541,163.581,163.461,163.530
2026-07-29 07:00,163.525,163.594,163.489,163.582
2026-07-29 07:30,163.582,163.693,163.546,163.679
2026-07-29 08:00,163.673,163.694,163.602,163.611
2026-07-29 08:30,163.602,163.644,163.550,163.578
2026-07-29 09:00,163.579,163.618,163.521,163.529
2026-07-29 09:30,163.535,163.614,163.497,163.605
2026-07-29 10:00,163.607,163.669,163.597,163.653
2026-07-29 10:30,163.652,163.696,163.637,163.652
2026-07-29 11:00,163.661,163.688,163.636,163.638
2026-07-29 11:30,163.635,163.681,163.633,163.639
2026-07-29 12:00,163.637,163.769,163.626,163.753
2026-07-29 12:30,163.753,163.821,163.731,163.800
2026-07-29 13:00,163.792,163.812,163.725,163.742
2026-07-29 13:30,163.742,163.783,163.723,163.745
2026-07-29 14:00,163.744,163.793,163.731,163.753
2026-07-29 14:30,163.754,163.887,163.744,163.883
2026-07-29 15:00,163.882,163.888,163.823,163.850
2026-07-29 15:30,163.851,163.871,163.837,163.858
2026-07-29 16:00,163.853,163.904,163.852,163.877
2026-07-29 16:30,163.875,163.897,163.858,163.888
2026-07-29 17:00,163.886,163.897,163.818,163.839
2026-07-29 17:30,163.836,163.856,163.760,163.763
2026-07-29 18:00,163.784,163.847,163.442,163.546
2026-07-29 18:30,163.543,163.656,163.310,163.317
2026-07-29 19:00,163.312,163.446,163.224,163.389
2026-07-29 19:30,163.388,163.519,163.382,163.508
2026-07-29 20:00,163.508,163.570,163.473,163.547
2026-07-29 20:30,163.541,163.552,163.344,163.370
2026-07-29 21:00,163.376,163.396,163.332,163.364
2026-07-29 21:30,163.351,163.414,163.340,163.377
2026-07-29 22:00,163.376,163.454,163.359,163.432
2026-07-29 22:30,163.432,163.446,163.372,163.376
2026-07-29 23:00,163.375,163.389,163.290,163.371
2026-07-29 23:30,163.362,163.386,163.263,163.300
2026-07-30 00:00,163.308,163.502,163.202,163.495
2026-07-30 00:30,163.486,163.517,163.402,163.493
2026-07-30 01:00,163.486,163.535,163.408,163.481
2026-07-30 01:30,163.489,163.518,163.409,163.502
2026-07-30 02:00,163.497,163.506,163.444,163.493
2026-07-30 02:30,163.486,163.495,163.452,163.483
2026-07-30 03:00,163.483,163.547,163.481,163.512
2026-07-30 03:30,163.510,163.553,163.491,163.496
2026-07-30 04:00,163.495,163.520,163.456,163.472
2026-07-30 04:30,163.472,163.513,163.456,163.484
2026-07-30 05:00,163.485,163.504,163.449,163.482
2026-07-30 05:30,163.488,163.548,163.477,163.532
2026-07-30 06:00,163.532,163.634,163.527,163.592
2026-07-30 06:30,163.592,163.644,163.549,163.634
2026-07-30 07:00,163.631,163.653,163.553,163.642
2026-07-30 07:30,163.642,163.739,163.641,163.732
2026-07-30 08:00,163.722,163.735,163.601,163.608
2026-07-30 08:30,163.607,163.660,163.599,163.648
2026-07-30 09:00,163.645,163.651,163.452,163.466
2026-07-30 09:30,163.467,163.486,163.275,163.306
2026-07-30 10:00,163.301,163.314,162.258,162.850
2026-07-30 10:30,162.850,162.869,162.683,162.815
2026-07-30 11:00,162.817,162.979,162.712,162.963
2026-07-30 11:30,162.953,163.043,162.870,162.887
2026-07-30 12:00,162.888,162.948,162.847,162.873
2026-07-30 12:30,162.883,162.957,162.686,162.956
2026-07-30 13:00,162.951,162.959,162.706,162.775
2026-07-30 13:30,162.772,162.812,159.721,159.745
2026-07-30 14:00,159.740,159.955,157.923,159.233
2026-07-30 14:30,159.232,159.677,158.661,159.278
2026-07-30 15:00,159.280,159.622,158.874,159.440
2026-07-30 15:30,159.440,159.546,159.273,159.472
2026-07-30 16:00,159.463,159.529,159.363,159.435
2026-07-30 16:30,159.427,159.689,159.401,159.562
2026-07-30 17:00,159.572,159.845,159.549,159.783
2026-07-30 17:30,159.790,159.824,158.498,158.996
2026-07-30 18:00,158.981,159.096,158.836,159.011
2026-07-30 18:30,159.009,159.099,158.874,158.888
2026-07-30 19:00,158.882,159.332,158.882,159.305
2026-07-30 19:30,159.305,159.431,159.273,159.337
2026-07-30 20:00,159.346,159.520,159.334,159.489
2026-07-30 20:30,159.497,159.605,159.340,159.524
2026-07-30 21:00,159.522,159.525,159.421,159.494
2026-07-30 21:30,159.508,159.671,159.494,159.619
2026-07-30 22:00,159.646,159.784,159.401,159.708
2026-07-30 22:30,159.718,159.762,159.353,159.704
2026-07-30 23:00,159.644,159.925,159.564,159.918
2026-07-30 23:30,159.907,160.213,159.897,160.174
2026-07-31 00:00,160.187,160.407,160.136,160.258
2026-07-31 00:30,160.256,160.690,160.241,160.536
2026-07-31 01:00,160.531,160.644,160.324,160.498
2026-07-31 01:30,160.505,160.746,160.439,160.727
2026-07-31 02:00,160.738,160.740,160.496,160.588
2026-07-31 02:30,160.587,160.657,160.427,160.512
2026-07-31 03:00,160.490,160.878,160.455,160.833
2026-07-31 03:30,160.828,160.865,160.490,160.608
2026-07-31 04:00,160.603,160.746,160.555,160.723
2026-07-31 04:30,160.732,160.806,160.657,160.682
2026-07-31 05:00,160.673,160.744,160.582,160.738
2026-07-31 05:30,160.735,160.748,160.536,160.597
2026-07-31 06:00,160.593,160.608,160.224,160.321
2026-07-31 06:30,160.336,160.538,159.921,160.282
2026-07-31 07:00,160.289,160.516,160.270,160.487
2026-07-31 07:30,160.488,160.647,160.199,160.200
2026-07-31 08:00,160.204,160.518,160.155,160.273
2026-07-31 08:30,160.285,160.297,158.518,158.923
2026-07-31 09:00,158.921,159.866,158.550,159.857
2026-07-31 09:30,159.853,160.087,159.404,159.989
2026-07-31 10:00,159.996,160.141,159.853,159.954
2026-07-31 10:30,159.964,160.032,159.877,159.985
2026-07-31 11:00,159.985,160.156,159.982,160.133
2026-07-31 11:30,160.133,160.258,160.101,160.208
2026-07-31 12:00,160.205,160.399,160.161,160.345
2026-07-31 12:30,160.348,160.453,160.287,160.365
2026-07-31 13:00,160.374,160.539,159.433,159.509
2026-07-31 13:30,159.524,159.856,159.123,159.482
2026-07-31 14:00,159.495,159.512,158.895,159.234
2026-07-31 14:30,159.230,159.558,159.182,159.237
2026-07-31 15:00,159.240,159.366,158.843,159.346
2026-07-31 15:30,159.350,159.425,159.072,159.165
2026-07-31 16:00,159.166,159.284,159.111,159.220
2026-07-31 16:30,159.224,159.370,159.176,159.359
2026-07-31 17:00,159.359,159.508,158.682,158.697
2026-07-31 17:30,158.697,158.957,158.149,158.489
2026-07-31 18:00,158.486,158.852,158.302,158.794
2026-07-31 18:30,158.805,159.130,158.754,158.883
2026-07-31 19:00,158.899,159.106,158.848,159.023
2026-07-31 19:30,159.026,159.240,158.971,159.175
2026-07-31 20:00,159.166,159.202,157.952,157.997
2026-07-31 20:30,158.034,158.190,157.151,157.538
2026-07-31 21:00,157.400,157.400,157.400,157.400
2026-08-02 23:00,157.301,157.861,157.047,157.711
2026-08-02 23:30,157.700,157.875,157.560,157.582
2026-08-03 00:00,157.587,157.886,156.507,156.655
2026-08-03 00:30,156.648,156.701,155.215,156.115
2026-08-03 01:00,156.125,156.407,155.415,156.225
2026-08-03 01:30,156.222,156.457,156.163,156.343
2026-08-03 02:00,156.342,156.631,156.342,156.462
2026-08-03 02:30,156.469,156.508,156.209,156.485
2026-08-03 03:00,156.475,156.646,156.447,156.534
2026-08-03 03:30,156.522,156.585,156.289,156.519
2026-08-03 04:00,156.518,156.547,156.397,156.507
2026-08-03 04:30,156.499,156.547,156.361,156.451
2026-08-03 05:00,156.451,156.509,156.360,156.463
2026-08-03 05:30,156.455,156.492,156.376,156.397
2026-08-03 06:00,156.394,156.697,156.319,156.631
2026-08-03 06:30,156.622,156.852,156.569,156.766
2026-08-03 07:00,156.774,156.803,156.532,156.603
2026-08-03 07:30,156.596,156.792,156.471,156.772
2026-08-03 08:00,156.777,156.815,156.649,156.785
2026-08-03 08:30,156.791,156.984,156.554,156.981
2026-08-03 09:00,156.977,157.040,156.886,156.985
2026-08-03 09:30,156.984,157.136,156.846,157.083
2026-08-03 10:00,157.092,157.096,156.909,156.934
2026-08-03 10:30,156.925,157.014,156.665,156.817
2026-08-03 11:00,156.815,156.962,156.752,156.956
2026-08-03 11:30,156.956,156.994,156.566,156.655
2026-08-03 12:00,156.655,156.738,156.582,156.699
2026-08-03 12:30,156.691,156.895,156.678,156.822
2026-08-03 13:00,156.814,156.862,156.386,156.469
2026-08-03 13:30,156.461,156.525,156.297,156.434
2026-08-03 14:00,156.479,156.618,156.222,156.532
2026-08-03 14:30,156.526,156.753,156.463,156.550
2026-08-03 15:00,156.560,156.865,156.548,156.778
2026-08-03 15:30,156.780,157.035,156.712,156.970
2026-08-03 16:00,156.958,156.975,156.577,156.865
2026-08-03 16:30,156.863,156.969,156.833,156.888
2026-08-03 17:00,156.891,156.994,156.872,156.968
2026-08-03 17:30,156.964,157.038,156.901,157.025
2026-08-03 18:00,157.013,157.083,156.833,156.893
2026-08-03 18:30,156.898,156.919,156.666,156.783
2026-08-03 19:00,156.776,156.877,156.741,156.854
2026-08-03 19:30,156.850,156.966,156.848,156.941
2026-08-03 20:00,156.949,157.223,156.852,157.158
2026-08-03 20:30,157.179,157.222,157.048,157.190
2026-08-03 21:00,157.143,157.189,157.129,157.153
2026-08-03 21:30,157.153,157.199,157.131,157.167
2026-08-03 22:00,157.167,157.438,157.144,157.377
2026-08-03 22:30,157.386,157.408,157.285,157.359
2026-08-03 23:00,157.339,157.380,157.248,157.377
2026-08-03 23:30,157.360,157.669,157.359,157.544
2026-08-04 00:00,157.543,157.552,157.214,157.322
2026-08-04 00:30,157.331,157.546,157.290,157.489
2026-08-04 01:00,157.489,157.623,157.456,157.542
2026-08-04 01:30,157.543,157.616,157.383,157.605
2026-08-04 02:00,157.604,157.748,157.581,157.692
2026-08-04 02:30,157.699,157.732,157.619,157.717
2026-08-04 03:00,157.709,157.719,157.557,157.590
2026-08-04 03:30,157.591,157.660,157.426,157.653
2026-08-04 04:00,157.651,157.674,157.599,157.619
2026-08-04 04:30,157.614,157.628,157.466,157.536
2026-08-04 05:00,157.538,157.631,157.495,157.572
2026-08-04 05:30,157.570,157.742,157.555,157.703
2026-08-04 06:00,157.703,157.770,157.548,157.681
2026-08-04 06:30,157.681,157.770,157.607,157.672
2026-08-04 07:00,157.681,157.763,157.609,157.668
2026-08-04 07:30,157.667,157.841,157.605,157.805
2026-08-04 08:00,157.809,157.818,157.717,157.750
2026-08-04 08:30,157.745,157.820,157.735,157.797
2026-08-04 09:00,157.798,157.943,157.786,157.858
2026-08-04 09:30,157.863,157.958,157.847,157.913
2026-08-04 10:00,157.909,157.957,157.853,157.883
2026-08-04 10:30,157.883,157.907,157.752,157.819
2026-08-04 11:00,157.816,157.854,157.676,157.689
2026-08-04 11:30,157.692,157.747,157.340,157.467
2026-08-04 12:00,157.455,157.594,157.296,157.580
2026-08-04 12:30,157.578,157.580,157.399,157.527
2026-08-04 13:00,157.522,157.571,157.359,157.414
2026-08-04 13:30,157.414,157.456,157.205,157.424
2026-08-04 14:00,157.395,157.494,157.288,157.470
2026-08-04 14:30,157.469,157.639,157.448,157.554
2026-08-04 15:00,157.552,157.618,157.508,157.547
2026-08-04 15:30,157.550,157.558,157.372,157.440
2026-08-04 16:00,157.435,157.529,157.423,157.465
2026-08-04 16:30,157.465,157.634,157.462,157.571
2026-08-04 17:00,157.571,157.646,157.519,157.611
2026-08-04 17:30,157.611,157.633,157.570,157.598
2026-08-04 18:00,157.597,157.699,157.596,157.666
2026-08-04 18:30,157.661,157.688,157.603,157.652
2026-08-04 19:00,157.648,157.797,157.628,157.781
2026-08-04 19:30,157.772,157.835,157.711,157.757
2026-08-04 20:00,157.757,157.781,157.669,157.717
2026-08-04 20:30,157.710,157.757,157.674,157.749
2026-08-04 21:00,157.713,157.790,157.688,157.692
2026-08-04 21:30,157.692,157.797,157.683,157.703
2026-08-04 22:00,157.703,157.760,157.661,157.738
2026-08-04 22:30,157.738,157.764,157.692,157.716
2026-08-04 23:00,157.720,157.795,157.704,157.794
2026-08-04 23:30,157.779,157.809,157.648,157.706
2026-08-05 00:00,157.692,157.756,157.566,157.635
2026-08-05 00:30,157.636,157.674,157.443,157.552
2026-08-05 01:00,157.561,157.647,157.502,157.629
2026-08-05 01:30,157.619,157.681,157.594,157.644
2026-08-05 02:00,157.635,157.700,157.387,157.485
2026-08-05 02:30,157.486,157.498,157.298,157.458
2026-08-05 03:00,157.450,157.463,157.348,157.426
2026-08-05 03:30,157.426,157.532,157.401,157.415
2026-08-05 04:00,157.419,157.428,157.364,157.403
2026-08-05 04:30,157.403,157.683,157.403,157.652
2026-08-05 05:00,157.648,157.709,157.606,157.650
2026-08-05 05:30,157.647,157.681,157.582,157.633
2026-08-05 06:00,157.634,157.767,157.598,157.700
2026-08-05 06:30,157.700,157.741,157.570,157.610
2026-08-05 07:00,157.609,157.707,157.524,157.681
2026-08-05 07:30,157.675,157.740,157.656,157.711
2026-08-05 08:00,157.713,157.795,157.699,157.767
2026-08-05 08:30,157.772,157.875,157.769,157.814
2026-08-05 09:00,157.814,157.866,157.730,157.805
2026-08-05 09:30,157.798,157.816,157.687,157.749
2026-08-05 10:00,157.746,157.813,157.723,157.745
2026-08-05 10:30,157.748,157.777,157.687,157.697
2026-08-05 11:00,157.697,157.704,157.477,157.551
2026-08-05 11:30,157.551,157.607,157.514,157.560
2026-08-05 12:00,157.552,157.608,157.410,157.510
2026-08-05 12:30,157.501,157.636,157.476,157.624
2026-08-05 13:00,157.621,157.649,157.529,157.539
2026-08-05 13:30,157.540,157.574,157.420,157.536
2026-08-05 14:00,157.531,157.548,157.304,157.464
2026-08-05 14:30,157.470,157.607,157.459,157.494
2026-08-05 15:00,157.491,157.603,157.404,157.564
2026-08-05 15:30,157.562,157.666,157.538,157.658
2026-08-05 16:00,157.656,157.677,157.598,157.641
2026-08-05 16:30,157.636,157.756,157.634,157.745
2026-08-05 17:00,157.737,157.800,157.687,157.708
2026-08-05 17:30,157.714,157.738,157.651,157.680
2026-08-05 18:00,157.680,157.709,157.614,157.624
2026-08-05 18:30,157.628,157.694,157.621,157.667
2026-08-05 19:00,157.669,157.749,157.645,157.737
2026-08-05 19:30,157.740,157.746,157.672,157.717
2026-08-05 20:00,157.717,157.814,157.686,157.796
2026-08-05 20:30,157.793,157.806,157.722,157.727
2026-08-05 21:00,157.728,157.730,157.659,157.699
2026-08-05 21:30,157.719,157.725,157.616,157.669
2026-08-05 22:00,157.670,157.717,157.654,157.697
2026-08-05 22:30,157.686,157.710,157.654,157.658
2026-08-05 23:00,157.663,157.675,157.622,157.647
2026-08-05 23:30,157.647,157.659,157.548,157.604
2026-08-06 00:00,157.600,157.725,157.600,157.686
2026-08-06 00:30,157.686,157.760,157.645,157.730
2026-08-06 01:00,157.722,157.748,157.643,157.671
2026-08-06 01:30,157.666,157.682,157.588,157.665
2026-08-06 02:00,157.656,157.685,157.584,157.662
2026-08-06 02:30,157.658,157.684,157.629,157.673
2026-08-06 03:00,157.663,157.742,157.663,157.723
2026-08-06 03:30,157.727,157.745,157.687,157.727
2026-08-06 04:00,157.727,157.740,157.701,157.727
2026-08-06 04:30,157.726,157.749,157.714,157.734
2026-08-06 05:00,157.734,157.777,157.730,157.758
2026-08-06 05:30,157.766,157.769,157.702,157.748
2026-08-06 06:00,157.745,157.847,157.719,157.818
2026-08-06 06:30,157.807,157.851,157.797,157.827
2026-08-06 07:00,157.822,157.829,157.743,157.769
2026-08-06 07:30,157.763,157.895,157.762,157.858
2026-08-06 08:00,157.859,157.881,157.812,157.845
2026-08-06 08:30,157.842,157.857,157.786,157.835
2026-08-06 09:00,157.832,157.861,157.816,157.847
2026-08-06 09:30,157.839,157.881,157.837,157.867
2026-08-06 10:00,157.864,157.892,157.828,157.856
2026-08-06 10:30,157.852,157.880,157.837,157.868
2026-08-06 11:00,157.868,157.938,157.861,157.884
2026-08-06 11:30,157.888,157.936,157.849,157.849
2026-08-06 12:00,157.850,157.873,157.815,157.845
2026-08-06 12:30,157.818,157.925,157.810,157.902
2026-08-06 13:00,157.899,157.929,157.863,157.889
2026-08-06 13:30,157.889,157.944,157.815,157.863
2026-08-06 14:00,157.865,158.271,157.859,158.210
2026-08-06 14:30,158.210,158.283,158.156,158.199
2026-08-06 15:00,158.199,158.463,158.197,158.414
2026-08-06 15:30,158.408,158.463,158.375,158.447
2026-08-06 16:00,158.443,158.555,158.216,158.453
2026-08-06 16:30,158.453,158.532,158.443,158.504
2026-08-06 17:00,158.504,158.510,158.411,158.419
2026-08-06 17:30,158.426,158.456,158.386,158.397
2026-08-06 18:00,158.398,158.418,158.356,158.379
2026-08-06 18:30,158.379,158.403,158.319,158.321
2026-08-06 19:00,158.328,158.480,158.286,158.450
2026-08-06 19:30,158.455,158.471,158.370,158.394
2026-08-06 20:00,158.401,158.508,158.389,158.468
2026-08-06 20:30,158.467,158.481,158.382,158.382
2026-08-06 21:00,158.390,158.472,158.372,158.433
2026-08-06 21:30,158.435,158.471,158.391,158.435
2026-08-06 22:00,158.435,158.508,158.427,158.453
2026-08-06 22:30,158.453,158.471,158.425,158.464
2026-08-06 23:00,158.451,158.468,158.367,158.420
2026-08-06 23:30,158.417,158.423,158.376,158.413
2026-08-07 00:00,158.409,158.536,158.407,158.505
2026-08-07 00:30,158.502,158.576,158.469,158.519
2026-08-07 01:00,158.519,158.537,158.354,158.416
2026-08-07 01:30,158.408,158.417,158.208,158.323
2026-08-07 02:00,158.323,158.374,158.301,158.332
2026-08-07 02:30,158.336,158.387,158.320,158.374
2026-08-07 03:00,158.368,158.422,158.357,158.398
2026-08-07 03:30,158.395,158.448,158.368,158.405
2026-08-07 04:00,158.402,158.427,158.367,158.405
2026-08-07 04:30,158.407,158.430,158.368,158.371
2026-08-07 05:00,158.370,158.393,158.341,158.373
2026-08-07 05:30,158.368,158.386,158.315,158.327
2026-08-07 06:00,158.327,158.355,158.282,158.298
2026-08-07 06:30,158.305,158.368,158.281,158.357
2026-08-07 07:00,158.361,158.392,158.317,158.381
2026-08-07 07:30,158.376,158.457,158.372,158.400
2026-08-07 08:00,158.410,158.478,158.389,158.449
2026-08-07 08:30,158.448,158.462,158.334,158.375
2026-08-07 09:00,158.366,158.395,158.339,158.353
2026-08-07 09:30,158.353,158.370,158.312,158.350
2026-08-07 10:00,158.350,158.415,158.348,158.400
2026-08-07 10:30,158.398,158.407,158.240,158.301
2026-08-07 11:00,158.301,158.373,158.258,158.371
2026-08-07 11:30,158.364,158.372,158.293,158.326
2026-08-07 12:00,158.326,158.397,158.292,158.331
2026-08-07 12:30,158.291,158.337,156.652,157.380
2026-08-07 13:00,157.379,157.495,157.233,157.398
2026-08-07 13:30,157.406,157.761,157.382,157.739
2026-08-07 14:00,157.733,157.794,157.664,157.770
2026-08-07 14:30,157.772,157.949,157.719,157.926
2026-08-07 15:00,157.925,157.989,157.669,157.695
2026-08-07 15:30,157.696,157.745,157.435,157.548
2026-08-07 16:00,157.549,157.552,157.299,157.369
2026-08-07 16:30,157.368,157.468,157.314,157.447
2026-08-07 17:00,157.449,157.500,157.374,157.406
2026-08-07 17:30,157.399,157.489,157.366,157.483
2026-08-07 18:00,157.482,157.625,157.472,157.581
2026-08-07 18:30,157.584,157.603,157.510,157.532
2026-08-07 19:00,157.529,157.620,157.479,157.498
2026-08-07 19:30,157.511,157.565,157.446,157.553
2026-08-07 20:00,157.556,157.772,157.534,157.726
2026-08-07 20:30,157.734,157.871,157.727,157.745
2026-08-09 23:00,157.916,157.936,157.819,157.831
2026-08-09 23:30,157.831,157.915,157.828,157.900
2026-08-10 00:00,157.902,157.939,157.831,157.910
2026-08-10 00:30,157.910,157.969,157.887,157.943
2026-08-10 01:00,157.943,158.144,157.923,158.103
2026-08-10 01:30,158.102,158.317,158.102,158.266
2026-08-10 02:00,158.266,158.304,158.226,158.245
2026-08-10 02:30,158.242,158.269,158.214,158.225
2026-08-10 03:00,158.229,158.234,158.147,158.155
2026-08-10 03:30,158.155,158.223,158.147,158.196
2026-08-10 04:00,158.190,158.281,158.190,158.266
2026-08-10 04:30,158.256,158.342,158.222,158.337
2026-08-10 05:00,158.332,158.387,158.292,158.337
2026-08-10 05:30,158.333,158.368,158.304,158.339
2026-08-10 06:00,158.339,158.457,158.332,158.409
2026-08-10 06:30,158.416,158.438,158.345,158.379
2026-08-10 07:00,158.375,158.490,158.375,158.456
2026-08-10 07:30,158.456,158.523,158.397,158.480
2026-08-10 08:00,158.480,158.499,158.426,158.491
2026-08-10 08:30,158.484,158.685,158.478,158.658
2026-08-10 09:00,158.663,158.735,158.642,158.677
2026-08-10 09:30,158.674,158.858,158.673,158.843
2026-08-10 10:00,158.845,158.891,158.726,158.791
2026-08-10 10:30,158.795,158.824,158.726,158.780
2026-08-10 11:00,158.781,158.841,158.734,158.785
2026-08-10 11:30,158.789,158.876,158.779,158.810
2026-08-10 12:00,158.810,158.835,158.401,158.748
2026-08-10 12:30,158.740,158.948,158.736,158.938
2026-08-10 13:00,158.934,158.981,158.895,158.916
2026-08-10 13:30,158.916,159.064,158.853,159.013
2026-08-10 14:00,159.008,159.017,158.857,158.878
2026-08-10 14:30,158.886,158.969,158.859,158.936
2026-08-10 15:00,158.930,159.007,158.850,158.908
2026-08-10 15:30,158.903,158.952,158.891,158.896
2026-08-10 16:00,158.896,158.951,158.889,158.926
2026-08-10 16:30,158.922,159.044,158.920,159.028
2026-08-10 17:00,159.031,159.163,159.022,159.097
2026-08-10 17:30,159.106,159.143,159.067,159.131
2026-08-10 18:00,159.130,159.185,159.099,159.157
2026-08-10 18:30,159.157,159.358,159.077,159.236
2026-08-10 19:00,159.235,159.280,159.217,159.274
2026-08-10 19:30,159.271,159.363,159.269,159.300
2026-08-10 20:00,159.296,159.344,159.278,159.329
2026-08-10 20:30,159.329,159.340,159.278,159.284
2026-08-10 21:00,159.257,159.268,159.154,159.239
2026-08-10 21:30,159.247,159.254,159.183,159.222
2026-08-10 22:00,159.221,159.309,159.199,159.275
2026-08-10 22:30,159.275,159.301,159.222,159.256
2026-08-10 23:00,159.241,159.278,159.232,159.257
2026-08-10 23:30,159.257,159.290,159.121,159.150
2026-08-11 00:00,159.150,159.198,159.113,159.186
2026-08-11 00:30,159.191,159.196,158.920,159.145
2026-08-11 01:00,159.142,159.183,159.061,159.082
2026-08-11 01:30,159.083,159.178,159.064,159.163
2026-08-11 02:00,159.162,159.309,159.154,159.273
2026-08-11 02:30,159.279,159.312,159.249,159.260
2026-08-11 03:00,159.257,159.270,159.160,159.171
2026-08-11 03:30,159.163,159.212,159.139,159.200
2026-08-11 04:00,159.196,159.207,159.155,159.168
2026-08-11 04:30,159.168,159.251,159.168,159.184
2026-08-11 05:00,159.183,159.214,159.176,159.177
2026-08-11 05:30,159.177,159.231,159.147,159.201
2026-08-11 06:00,159.200,159.241,159.173,159.218
2026-08-11 06:30,159.213,159.240,159.176,159.208
2026-08-11 07:00,159.205,159.322,159.195,159.262
2026-08-11 07:30,159.270,159.377,159.262,159.356
2026-08-11 08:00,159.361,159.364,159.287,159.292
2026-08-11 08:30,159.289,159.371,159.277,159.349
2026-08-11 09:00,159.349,159.390,159.324,159.330
2026-08-11 09:30,159.328,159.335,159.265,159.282
2026-08-11 10:00,159.276,159.331,159.186,159.254
2026-08-11 10:30,159.254,159.283,159.202,159.225
2026-08-11 11:00,159.224,159.244,159.049,159.185
2026-08-11 11:30,159.180,159.253,159.162,159.244
2026-08-11 12:00,159.245,159.365,159.184,159.308
2026-08-11 12:30,159.311,159.314,159.238,159.270
2026-08-11 13:00,159.265,159.271,159.167,159.220
2026-08-11 13:30,159.215,159.259,159.178,159.230
2026-08-11 14:00,159.229,159.294,159.213,159.239
2026-08-11 14:30,159.239,159.260,159.192,159.230
2026-08-11 15:00,159.230,159.273,159.196,159.261
2026-08-11 15:30,159.268,159.328,159.244,159.244
2026-08-11 16:00,159.244,159.258,159.205,159.225
2026-08-11 16:30,159.225,159.269,159.224,159.261
2026-08-11 17:00,159.265,159.352,159.254,159.330
2026-08-11 17:30,159.326,159.350,159.283,159.306
2026-08-11 18:00,159.312,159.346,159.303,159.325
2026-08-11 18:30,159.319,159.334,159.253,159.271
2026-08-11 19:00,159.260,159.297,159.245,159.287
2026-08-11 19:30,159.279,159.305,159.240,159.280
2026-08-11 20:00,159.284,159.306,159.268,159.284
2026-08-11 20:30,159.281,159.365,159.234,159.260
2026-08-11 21:00,159.242,159.300,159.218,159.263
2026-08-11 21:30,159.239,159.275,159.232,159.260
2026-08-11 22:00,159.260,159.305,159.260,159.288
2026-08-11 22:30,159.287,159.293,159.251,159.265
2026-08-11 23:00,159.256,159.299,159.254,159.288
2026-08-11 23:30,159.288,159.300,159.255,159.276
2026-08-12 00:00,159.265,159.285,159.194,159.239
2026-08-12 00:30,159.239,159.369,159.238,159.336
2026-08-12 01:00,159.336,159.376,159.304,159.340
2026-08-12 01:30,159.338,159.346,159.290,159.326
2026-08-12 02:00,159.334,159.432,159.326,159.395
2026-08-12 02:30,159.390,159.418,159.369,159.392
2026-08-12 03:00,159.392,159.458,159.392,159.456
2026-08-12 03:30,159.454,159.457,159.416,159.426
2026-08-12 04:00,159.420,159.461,159.416,159.434
2026-08-12 04:30,159.432,159.449,159.362,159.413
2026-08-12 05:00,159.408,159.437,159.393,159.420
2026-08-12 05:30,159.419,159.426,159.306,159.406
2026-08-12 06:00,159.405,159.427,159.339,159.403
2026-08-12 06:30,159.395,159.423,159.355,159.379
2026-08-12 07:00,159.377,159.397,159.326,159.376
2026-08-12 07:30,159.368,159.380,159.332,159.365
2026-08-12 08:00,159.368,159.372,159.311,159.344
2026-08-12 08:30,159.342,159.360,159.280,159.315
2026-08-12 09:00,159.309,159.336,158.567,159.034
2026-08-12 09:30,159.027,159.162,159.002,159.150
2026-08-12 10:00,159.150,159.213,159.133,159.160
2026-08-12 10:30,159.162,159.224,159.091,159.175
2026-08-12 11:00,159.176,159.182,159.102,159.120
2026-08-12 11:30,159.112,159.128,159.050,159.093
2026-08-12 12:00,159.093,159.108,158.921,158.946
2026-08-12 12:30,158.921,159.189,158.639,158.802
2026-08-12 13:00,158.803,158.906,158.688,158.839
2026-08-12 13:30,158.839,159.040,158.807,159.015
2026-08-12 14:00,159.019,159.157,158.990,159.094
2026-08-12 14:30,159.100,159.242,159.040,159.198
2026-08-12 15:00,159.198,159.252,159.180,159.240
2026-08-12 15:30,159.239,159.290,159.213,159.229
2026-08-12 16:00,159.226,159.338,159.196,159.318
2026-08-12 16:30,159.322,159.410,159.315,159.380
2026-08-12 17:00,159.388,159.433,159.350,159.422
2026-08-12 17:30,159.417,159.527,159.417,159.495
2026-08-12 18:00,159.502,159.544,159.424,159.454
2026-08-12 18:30,159.454,159.500,159.431,159.489
2026-08-12 19:00,159.495,159.511,159.449,159.483
2026-08-12 19:30,159.478,159.516,159.458,159.488
2026-08-12 20:00,159.486,159.505,159.451,159.461
2026-08-12 20:30,159.455,159.473,159.392,159.401
2026-08-12 21:00,159.399,159.425,159.360,159.391
2026-08-12 21:30,159.386,159.419,159.377,159.388
2026-08-12 22:00,159.387,159.454,159.387,159.412
2026-08-12 22:30,159.412,159.434,159.384,159.387
2026-08-12 23:00,159.379,159.390,159.312,159.337
2026-08-12 23:30,159.332,159.387,159.313,159.335
2026-08-13 00:00,159.336,159.384,159.279,159.318
2026-08-13 00:30,159.313,159.347,159.238,159.314
2026-08-13 01:00,159.317,159.336,159.273,159.325
2026-08-13 01:30,159.317,159.368,159.280,159.342
2026-08-13 02:00,159.342,159.445,159.333,159.433
2026-08-13 02:30,159.441,159.483,159.414,159.425
2026-08-13 03:00,159.425,159.488,159.400,159.464
2026-08-13 03:30,159.464,159.478,159.416,159.429
2026-08-13 04:00,159.421,159.477,159.419,159.441
2026-08-13 04:30,159.441,159.475,159.172,159.243
2026-08-13 05:00,159.243,159.345,159.220,159.333
2026-08-13 05:30,159.335,159.371,159.240,159.274
2026-08-13 06:00,159.274,159.411,159.254,159.391
2026-08-13 06:30,159.394,159.445,159.353,159.379
2026-08-13 07:00,159.388,159.411,159.358,159.379
2026-08-13 07:30,159.379,159.402,159.314,159.357
2026-08-13 08:00,159.361,159.403,159.337,159.397
2026-08-13 08:30,159.394,159.412,159.365,159.398
2026-08-13 09:00,159.399,159.437,159.358,159.379
2026-08-13 09:30,159.387,159.397,159.318,159.334
2026-08-13 10:00,159.334,159.366,159.317,159.326
2026-08-13 10:30,159.325,159.358,159.311,159.338
2026-08-13 11:00,159.338,159.352,159.246,159.293
2026-08-13 11:30,159.288,159.346,159.279,159.330
2026-08-13 12:00,159.331,159.372,159.261,159.344
2026-08-13 12:30,159.325,159.413,159.168,159.169
2026-08-13 13:00,159.170,159.287,159.147,159.281
2026-08-13 13:30,159.282,159.337,159.211,159.262
2026-08-13 14:00,159.262,159.327,159.018,159.135
2026-08-13 14:30,159.136,159.197,159.103,159.163
2026-08-13 15:00,159.163,159.373,159.152,159.363
2026-08-13 15:30,159.364,159.387,159.290,159.349
2026-08-13 16:00,159.350,159.474,159.337,159.468
2026-08-13 16:30,159.464,159.497,159.426,159.477
2026-08-13 17:00,159.475,159.524,159.464,159.521
2026-08-13 17:30,159.516,159.569,159.489,159.514
2026-08-13 18:00,159.517,159.542,159.431,159.476
2026-08-13 18:30,159.479,159.512,159.464,159.504
2026-08-13 19:00,159.504,159.521,159.486,159.497
2026-08-13 19:30,159.493,159.542,159.483,159.513
2026-08-13 20:00,159.513,159.563,159.495,159.544
2026-08-13 20:30,159.539,159.566,159.468,159.469
2026-08-13 21:00,159.457,159.493,159.429,159.459
2026-08-13 21:30,159.458,159.528,159.433,159.464
2026-08-13 22:00,159.472,159.522,159.445,159.501
2026-08-13 22:30,159.501,159.517,159.454,159.467
2026-08-13 23:00,159.458,159.479,159.434,159.468
2026-08-13 23:30,159.468,159.484,159.423,159.429
2026-08-14 00:00,159.427,159.510,159.391,159.400
2026-08-14 00:30,159.400,159.453,159.345,159.368
2026-08-14 01:00,159.368,159.458,159.348,159.435
2026-08-14 01:30,159.435,159.455,159.405,159.443
2026-08-14 02:00,159.441,159.451,159.383,159.398
2026-08-14 02:30,159.395,159.426,159.370,159.404
2026-08-14 03:00,159.404,159.421,159.320,159.330
2026-08-14 03:30,159.337,159.412,159.330,159.375
2026-08-14 04:00,159.375,159.386,159.329,159.357
2026-08-14 04:30,159.357,159.373,159.333,159.353
2026-08-14 05:00,159.348,159.356,159.292,159.315
2026-08-14 05:30,159.313,159.329,159.129,159.259
2026-08-14 06:00,159.255,159.284,159.140,159.271
2026-08-14 06:30,159.266,159.277,159.211,159.239
2026-08-14 07:00,159.239,159.313,159.214,159.286
2026-08-14 07:30,159.292,159.294,159.196,159.203
2026-08-14 08:00,159.200,159.227,159.084,159.125
2026-08-14 08:30,159.118,159.189,159.056,159.174
2026-08-14 09:00,159.169,159.194,159.107,159.169
2026-08-14 09:30,159.163,159.196,159.115,159.137
2026-08-14 10:00,159.144,159.182,159.082,159.161
2026-08-14 10:30,159.159,159.193,159.139,159.174
2026-08-14 11:00,159.174,159.193,159.102,159.144
2026-08-14 11:30,159.139,159.160,159.034,159.107
2026-08-14 12:00,159.104,159.114,158.760,158.799
2026-08-14 12:30,158.790,158.959,158.595,158.918
2026-08-14 13:00,158.921,159.093,158.899,158.980
2026-08-14 13:30,158.980,159.015,158.789,158.941
2026-08-14 14:00,158.937,159.063,158.891,158.950
2026-08-14 14:30,158.951,159.061,158.945,159.029
2026-08-14 15:00,159.026,159.179,158.943,159.129
2026-08-14 15:30,159.123,159.216,159.086,159.209
2026-08-14 16:00,159.209,159.333,159.198,159.326
2026-08-14 16:30,159.320,159.372,159.252,159.362
2026-08-14 17:00,159.360,159.401,159.349,159.360
2026-08-14 17:30,159.361,159.391,159.339,159.358
2026-08-14 18:00,159.359,159.393,159.340,159.372
2026-08-14 18:30,159.364,159.387,159.352,159.376
2026-08-14 19:00,159.373,159.388,159.360,159.366
2026-08-14 19:30,159.366,159.398,159.357,159.358
2026-08-14 20:00,159.358,159.370,159.315,159.322
2026-08-14 20:30,159.321,159.352,159.246,159.285
2026-08-14 21:00,159.305,159.305,159.305,159.305
2026-08-16 23:00,159.134,159.241,159.127,159.204
2026-08-16 23:30,159.204,159.250,159.161,159.219
2026-08-17 00:00,159.222,159.249,159.029,159.088
2026-08-17 00:30,159.084,159.111,158.999,159.018
2026-08-17 01:00,159.020,159.076,158.980,159.028
2026-08-17 01:30,159.030,159.105,159.020,159.052
2026-08-17 02:00,159.052,159.069,158.946,158.992
2026-08-17 02:30,158.992,159.048,158.987,159.033
2026-08-17 03:00,159.034,159.095,159.033,159.092
2026-08-17 03:30,159.085,159.147,159.078,159.089
2026-08-17 04:00,159.090,159.108,159.051,159.097
2026-08-17 04:30,159.095,159.129,159.043,159.120
2026-08-17 05:00,159.115,159.123,159.024,159.038
2026-08-17 05:30,159.038,159.097,158.972,159.082
2026-08-17 06:00,159.081,159.111,159.021,159.021
2026-08-17 06:30,159.025,159.058,158.932,158.959
2026-08-17 07:00,158.960,159.001,158.857,158.893
2026-08-17 07:30,158.889,158.986,158.839,158.952
2026-08-17 08:00,158.947,159.021,158.934,158.936
2026-08-17 08:30,158.943,159.150,158.925,159.122
2026-08-17 09:00,159.122,159.179,159.062,159.128
2026-08-17 09:30,159.124,159.185,159.100,159.167
2026-08-17 10:00,159.163,159.206,159.098,159.109
2026-08-17 10:30,159.112,159.201,159.102,159.183
2026-08-17 11:00,159.183,159.246,159.154,159.235
2026-08-17 11:30,159.235,159.284,159.208,159.238
2026-08-17 12:00,159.234,159.286,159.189,159.263
2026-08-17 12:30,159.262,159.288,159.239,159.246
2026-08-17 13:00,159.242,159.282,159.212,159.275
2026-08-17 13:30,159.273,159.384,159.257,159.263
2026-08-17 14:00,159.260,159.286,159.182,159.239
2026-08-17 14:30,159.244,159.310,159.213,159.284
2026-08-17 15:00,159.284,159.373,159.273,159.343
2026-08-17 15:30,159.339,159.403,159.328,159.339
2026-08-17 16:00,159.340,159.395,159.326,159.359
2026-08-17 16:30,159.359,159.378,159.339,159.363
2026-08-17 17:00,159.361,159.451,159.349,159.424
2026-08-17 17:30,159.419,159.505,159.416,159.491
2026-08-17 18:00,159.487,159.589,159.479,159.563
2026-08-17 18:30,159.562,159.597,159.540,159.590
2026-08-17 19:00,159.589,159.594,159.424,159.433
2026-08-17 19:30,159.429,159.478,159.404,159.456
2026-08-17 20:00,159.457,159.512,159.444,159.482
2026-08-17 20:30,159.481,159.501,159.415,159.415
2026-08-17 21:00,159.404,159.491,159.281,159.371
2026-08-17 21:30,159.372,159.430,159.355,159.397
2026-08-17 22:00,159.377,159.477,159.351,159.417
2026-08-17 22:30,159.405,159.434,159.400,159.411
2026-08-17 23:00,159.406,159.424,159.352,159.365
2026-08-17 23:30,159.360,159.372,159.308,159.325
2026-08-18 00:00,159.325,159.436,159.304,159.425
2026-08-18 00:30,159.422,159.524,159.420,159.422
2026-08-18 01:00,159.422,159.494,159.389,159.444
2026-08-18 01:30,159.443,159.512,159.399,159.500
2026-08-18 02:00,159.498,159.545,159.468,159.482
2026-08-18 02:30,159.477,159.510,159.449,159.455
2026-08-18 03:00,159.452,159.514,159.452,159.510
2026-08-18 03:30,159.506,159.569,159.506,159.548
2026-08-18 04:00,159.548,159.726,159.544,159.698
2026-08-18 04:30,159.692,159.750,159.664,159.697
2026-08-18 05:00,159.689,159.734,159.654,159.669
2026-08-18 05:30,159.670,159.700,159.616,159.663
2026-08-18 06:00,159.656,159.774,159.643,159.718
2026-08-18 06:30,159.718,159.779,159.695,159.716
2026-08-18 07:00,159.718,159.762,159.682,159.728
2026-08-18 07:30,159.728,159.754,159.672,159.717
2026-08-18 08:00,159.722,159.736,159.698,159.725
2026-08-18 08:30,159.725,159.744,159.627,159.665
2026-08-18 09:00,159.668,159.694,159.600,159.613
2026-08-18 09:30,159.609,159.633,159.581,159.604
2026-08-18 10:00,159.604,159.706,159.597,159.672
2026-08-18 10:30,159.672,159.715,159.646,159.706
2026-08-18 11:00,159.702,159.742,159.697,159.734
2026-08-18 11:30,159.740,159.745,159.688,159.694
2026-08-18 12:00,159.699,159.710,159.633,159.662
2026-08-18 12:30,159.675,159.721,159.632,159.664
2026-08-18 13:00,159.663,159.676,159.612,159.659
2026-08-18 13:30,159.659,159.723,159.560,159.572
2026-08-18 14:00,159.580,159.580,159.442,159.479
2026-08-18 14:30,159.474,159.569,159.423,159.550
2026-08-18 15:00,159.549,159.627,159.488,159.617
2026-08-18 15:30,159.611,159.646,159.534,159.596
2026-08-18 16:00,159.593,159.605,159.536,159.594
2026-08-18 16:30,159.594,159.639,159.554,159.567
2026-08-18 17:00,159.571,159.612,159.557,159.594
2026-08-18 17:30,159.594,159.638,159.593,159.598
2026-08-18 18:00,159.596,159.615,159.559,159.589
2026-08-18 18:30,159.584,159.631,159.583,159.600
2026-08-18 19:00,159.603,159.627,159.571,159.609
2026-08-18 19:30,159.606,159.649,159.574,159.636
2026-08-18 20:00,159.643,159.675,159.635,159.650
2026-08-18 20:30,159.647,159.663,159.584,159.596
2026-08-18 21:00,159.592,159.621,159.469,159.598
2026-08-18 21:30,159.608,159.619,159.543,159.581
2026-08-18 22:00,159.577,159.645,159.554,159.621
2026-08-18 22:30,159.626,159.634,159.581,159.589
2026-08-18 23:00,159.583,159.595,159.531,159.577
2026-08-18 23:30,159.577,159.609,159.535,159.550
2026-08-19 00:00,159.550,159.553,159.427,159.490
2026-08-19 00:30,159.499,159.535,159.385,159.462
2026-08-19 01:00,159.456,159.525,159.448,159.502
2026-08-19 01:30,159.501,159.502,159.436,159.448
2026-08-19 02:00,159.446,159.471,159.307,159.365
2026-08-19 02:30,159.365,159.403,159.286,159.364
2026-08-19 03:00,159.365,159.399,159.331,159.387
2026-08-19 03:30,159.382,159.443,159.370,159.420
2026-08-19 04:00,159.420,159.425,159.343,159.345
2026-08-19 04:30,159.348,159.378,159.231,159.326
2026-08-19 05:00,159.326,159.332,159.234,159.272
2026-08-19 05:30,159.271,159.327,159.204,159.295
2026-08-19 06:00,159.290,159.297,159.147,159.151
2026-08-19 06:30,159.154,159.255,159.111,159.239
2026-08-19 07:00,159.244,159.281,159.162,159.194
2026-08-19 07:30,159.194,159.206,159.120,159.163
2026-08-19 08:00,159.163,159.182,159.049,159.098
2026-08-19 08:30,159.093,159.172,159.054,159.162
2026-08-19 09:00,159.162,159.266,159.155,159.178
2026-08-19 09:30,159.178,159.184,159.065,159.084
2026-08-19 10:00,159.084,159.111,158.994,159.053
2026-08-19 10:30,159.053,159.111,159.022,159.095
2026-08-19 11:00,159.093,159.160,159.081,159.107
2026-08-19 11:30,159.107,159.187,159.092,159.134
2026-08-19 12:00,159.142,159.154,158.923,159.033
2026-08-19 12:30,159.032,159.038,158.154,158.600
2026-08-19 13:00,158.587,158.601,158.313,158.416
2026-08-19 13:30,158.408,158.534,158.354,158.432
2026-08-19 14:00,158.434,158.469,158.238,158.280
2026-08-19 14:30,158.274,158.385,158.038,158.344
2026-08-19 15:00,158.348,158.525,158.342,158.495
2026-08-19 15:30,158.490,158.523,158.376,158.453
2026-08-19 16:00,158.450,158.501,158.371,158.419
2026-08-19 16:30,158.411,158.428,158.310,158.385
2026-08-19 17:00,158.380,158.519,158.318,158.498
2026-08-19 17:30,158.492,158.614,158.486,158.582
2026-08-19 18:00,158.584,158.597,158.354,158.491
2026-08-19 18:30,158.478,158.492,158.257,158.319
2026-08-19 19:00,158.313,158.368,158.130,158.146
2026-08-19 19:30,158.154,158.288,158.093,158.139
2026-08-19 20:00,158.145,158.220,158.085,158.206
2026-08-19 20:30,158.207,158.223,158.130,158.144
2026-08-19 21:00,158.122,158.135,158.057,158.097
2026-08-19 21:30,158.097,158.145,158.070,158.100
2026-08-19 22:00,158.095,158.111,158.012,158.064
2026-08-19 22:30,158.064,158.197,158.060,158.172
2026-08-19 23:00,158.181,158.238,158.176,158.235
2026-08-19 23:30,158.225,158.281,158.209,158.259
2026-08-20 00:00,158.255,158.378,158.155,158.342
2026-08-20 00:30,158.334,158.439,158.278,158.404
2026-08-20 01:00,158.399,158.515,158.362,158.374
2026-08-20 01:30,158.376,158.568,158.320,158.530
2026-08-20 02:00,158.524,158.538,158.298,158.447
2026-08-20 02:30,158.448,158.471,158.384,158.439
2026-08-20 03:00,158.438,158.491,158.370,158.430
2026-08-20 03:30,158.425,158.477,158.407,158.430
2026-08-20 04:00,158.428,158.478,158.411,158.465
2026-08-20 04:30,158.468,158.634,158.459,158.564
2026-08-20 05:00,158.567,158.680,158.528,158.675
2026-08-20 05:30,158.672,158.731,158.603,158.629
2026-08-20 06:00,158.630,158.659,158.455,158.502
2026-08-20 06:30,158.503,158.547,158.353,158.360
2026-08-20 07:00,158.359,158.546,158.320,158.521
2026-08-20 07:30,158.522,158.543,158.395,158.435
2026-08-20 08:00,158.437,158.495,158.369,158.487
2026-08-20 08:30,158.486,158.535,158.434,158.489
2026-08-20 09:00,158.490,158.496,158.196,158.291
2026-08-20 09:30,158.302,158.380,158.248,158.335
2026-08-20 10:00,158.339,158.377,158.234,158.263
2026-08-20 10:30,158.264,158.522,158.260,158.467
2026-08-20 11:00,158.467,158.640,158.467,158.574
2026-08-20 11:30,158.571,158.711,158.530,158.657
2026-08-20 12:00,158.660,158.801,158.626,158.652
2026-08-20 12:30,158.660,158.779,158.593,158.635
2026-08-20 13:00,158.638,158.659,158.534,158.620
2026-08-20 13:30,158.629,158.835,158.592,158.825
2026-08-20 14:00,158.820,158.893,158.736,158.792
2026-08-20 14:30,158.790,158.814,158.703,158.723
2026-08-20 15:00,158.721,158.858,158.489,158.758
2026-08-20 15:30,158.760,158.977,158.749,158.848
2026-08-20 16:00,158.850,159.098,158.835,159.071
2026-08-20 16:30,159.071,159.092,158.981,158.994
2026-08-20 17:00,158.992,159.057,158.964,159.025
2026-08-20 17:30,159.025,159.101,159.025,159.047
2026-08-20 18:00,159.049,159.175,159.031,159.166
2026-08-20 18:30,159.161,159.171,159.102,159.141
2026-08-20 19:00,159.135,159.179,159.100,159.138
2026-08-20 19:30,159.138,159.152,159.099,159.112
2026-08-20 20:00,159.112,159.141,159.096,159.119
2026-08-20 20:30,159.119,159.125,159.013,159.016
2026-08-20 21:00,159.012,159.075,158.982,159.038
2026-08-20 21:30,159.034,159.077,158.987,159.020
2026-08-20 22:00,159.026,159.079,158.945,158.972
2026-08-20 22:30,158.973,159.012,158.934,158.955
2026-08-20 23:00,158.951,158.961,158.869,158.899
2026-08-20 23:30,158.901,158.947,158.864,158.890
2026-08-21 00:00,158.893,159.024,158.864,158.992
2026-08-21 00:30,158.996,159.129,158.991,159.097
2026-08-21 01:00,159.089,159.134,158.944,158.975
2026-08-21 01:30,158.975,159.002,158.901,158.945
2026-08-21 02:00,158.949,159.024,158.918,158.994
2026-08-21 02:30,158.987,158.993,158.872,158.965
2026-08-21 03:00,158.962,159.006,158.933,159.000
2026-08-21 03:30,158.998,159.088,158.984,158.993
2026-08-21 04:00,158.994,159.030,158.947,159.008
2026-08-21 04:30,159.007,159.064,158.984,158.997
2026-08-21 05:00,158.997,159.031,158.986,159.017
2026-08-21 05:30,159.018,159.018,158.810,158.830
2026-08-21 06:00,158.830,158.980,158.785,158.977
2026-08-21 06:30,158.974,158.988,158.871,158.887
2026-08-21 07:00,158.889,158.933,158.826,158.876
2026-08-21 07:30,158.884,158.892,158.729,158.817
2026-08-21 08:00,158.817,158.870,158.716,158.724
2026-08-21 08:30,158.724,158.750,158.508,158.522
2026-08-21 09:00,158.528,158.557,158.347,158.486
2026-08-21 09:30,158.486,158.608,158.442,158.597
2026-08-21 10:00,158.603,158.648,158.518,158.527
2026-08-21 10:30,158.533,158.735,158.527,158.695
2026-08-21 11:00,158.698,158.768,158.549,158.560
2026-08-21 11:30,158.554,158.712,158.547,158.682
2026-08-21 12:00,158.682,158.753,158.618,158.700
2026-08-21 12:30,158.700,158.846,158.699,158.753
2026-08-21 13:00,158.747,158.871,158.716,158.853
2026-08-21 13:30,158.858,158.896,158.750,158.770
2026-08-21 14:00,158.773,158.893,158.763,158.882
2026-08-21 14:30,158.881,159.008,158.881,158.952
2026-08-21 15:00,158.952,159.040,158.912,158.976
2026-08-21 15:30,158.977,158.990,158.897,158.916
2026-08-21 16:00,158.910,158.981,158.820,158.948
2026-08-21 16:30,158.948,158.969,158.919,158.959
2026-08-21 17:00,158.959,159.044,158.957,158.989
2026-08-21 17:30,158.987,159.037,158.965,159.016
2026-08-21 18:00,159.012,159.035,158.979,159.016
2026-08-21 18:30,159.014,159.052,159.002,159.014
2026-08-21 19:00,159.015,159.042,159.002,159.036
2026-08-21 19:30,159.030,159.038,158.955,158.995
2026-08-21 20:00,158.998,159.016,158.965,159.004
2026-08-21 20:30,159.008,159.018,158.862,158.862
2026-08-21 22:30,158.940,158.940,158.940,158.940
2026-08-23 23:00,158.963,158.988,158.935,158.967
2026-08-23 23:30,158.963,159.003,158.864,158.871
2026-08-24 00:00,158.870,158.888,158.726,158.773
2026-08-24 00:30,158.766,158.813,158.698,158.724
2026-08-24 01:00,158.724,158.924,158.711,158.913
2026-08-24 01:30,158.917,158.953,158.823,158.842
2026-08-24 02:00,158.836,158.863,158.804,158.850
2026-08-24 02:30,158.858,158.918,158.847,158.873
2026-08-24 03:00,158.873,158.943,158.872,158.911
2026-08-24 03:30,158.914,158.970,158.905,158.927
2026-08-24 04:00,158.927,158.963,158.808,158.837
2026-08-24 04:30,158.837,158.920,158.824,158.858
2026-08-24 05:00,158.859,158.938,158.851,158.922
2026-08-24 05:30,158.925,158.976,158.888,158.898
2026-08-24 06:00,158.898,158.961,158.852,158.946
2026-08-24 06:30,158.940,159.032,158.926,159.031
2026-08-24 07:00,159.027,159.149,158.979,159.127
2026-08-24 07:30,159.127,159.187,159.085,159.158
2026-08-24 08:00,159.155,159.271,159.144,159.265
2026-08-24 08:30,159.265,159.282,159.152,159.189
2026-08-24 09:00,159.192,159.234,159.145,159.195
2026-08-24 09:30,159.194,159.225,159.155,159.198
2026-08-24 10:00,159.205,159.215,159.118,159.169
2026-08-24 10:30,159.170,159.206,159.115,159.198
2026-08-24 11:00,159.206,159.232,159.168,159.178
2026-08-24 11:30,159.170,159.202,158.990,159.060
2026-08-24 12:00,159.062,159.122,158.905,158.942
2026-08-24 12:30,158.942,159.053,158.877,159.042
2026-08-24 13:00,159.042,159.162,159.011,159.145
2026-08-24 13:30,159.146,159.154,159.056,159.101
2026-08-24 14:00,159.107,159.180,159.068,159.104
2026-08-24 14:30,159.097,159.201,159.085,159.196
2026-08-24 15:00,159.195,159.201,159.063,159.084
2026-08-24 15:30,159.079,159.194,159.069,159.170
2026-08-24 16:00,159.170,159.195,159.041,159.079
2026-08-24 16:30,159.075,159.124,159.000,159.073
2026-08-24 17:00,159.069,159.175,158.980,159.141
2026-08-24 17:30,159.144,159.192,159.120,159.157
2026-08-24 18:00,159.154,159.198,159.131,159.138
2026-08-24 18:30,159.139,159.214,159.137,159.175
2026-08-24 19:00,159.176,159.217,159.165,159.208
2026-08-24 19:30,159.210,159.216,159.120,159.163
2026-08-24 20:00,159.158,159.181,159.132,159.147
2026-08-24 20:30,159.146,159.153,159.057,159.075
2026-08-24 21:00,159.062,159.076,158.992,159.036
2026-08-24 21:30,159.050,159.121,159.003,159.066
2026-08-24 22:00,159.053,159.121,159.008,159.108
2026-08-24 22:30,159.108,159.122,159.088,159.094
2026-08-24 23:00,159.094,159.116,159.052,159.107
2026-08-24 23:30,159.108,159.159,159.106,159.128
2026-08-25 00:00,159.127,159.165,159.084,159.127
2026-08-25 00:30,159.127,159.193,159.092,159.186
2026-08-25 01:00,159.185,159.223,159.121,159.149
2026-08-25 01:30,159.148,159.310,159.146,159.268
2026-08-25 02:00,159.260,159.328,159.244,159.252
2026-08-25 02:30,159.252,159.397,159.245,159.355
2026-08-25 03:00,159.355,159.383,159.322,159.369
2026-08-25 03:30,159.373,159.394,159.314,159.324
2026-08-25 04:00,159.324,159.370,159.314,159.332
2026-08-25 04:30,159.332,159.339,159.207,159.301
2026-08-25 05:00,159.302,159.339,159.275,159.321
2026-08-25 05:30,159.315,159.349,159.301,159.332
2026-08-25 06:00,159.331,159.366,159.268,159.334
2026-08-25 06:30,159.330,159.411,159.294,159.408
2026-08-25 07:00,159.403,159.425,159.310,159.396
2026-08-25 07:30,159.396,159.456,159.391,159.439
2026-08-25 08:00,159.438,159.491,159.338,159.413
2026-08-25 08:30,159.413,159.437,159.320,159.340
2026-08-25 09:00,159.341,159.359,159.218,159.309
2026-08-25 09:30,159.316,159.343,159.233,159.281
2026-08-25 10:00,159.276,159.328,159.237,159.304
2026-08-25 10:30,159.299,159.303,159.250,159.279
2026-08-25 11:00,159.282,159.332,159.253,159.307
2026-08-25 11:30,159.307,159.311,159.227,159.244
2026-08-25 12:00,159.244,159.279,159.188,159.244
2026-08-25 12:30,159.249,159.295,159.226,159.290
2026-08-25 13:00,159.292,159.301,159.108,159.196
2026-08-25 13:30,159.197,159.274,159.158,159.197
2026-08-25 14:00,159.211,159.289,159.192,159.256
2026-08-25 14:30,159.255,159.326,159.183,159.253
2026-08-25 15:00,159.248,159.290,159.230,159.286
2026-08-25 15:30,159.291,159.292,159.175,159.208
2026-08-25 16:00,159.208,159.274,159.198,159.262
2026-08-25 16:30,159.257,159.293,159.240,159.273
2026-08-25 17:00,159.269,159.314,159.267,159.289
2026-08-25 17:30,159.284,159.292,159.209,159.216
2026-08-25 18:00,159.215,159.241,159.186,159.230
2026-08-25 18:30,159.226,159.255,159.218,159.218
2026-08-25 19:00,159.223,159.237,159.149,159.200
2026-08-25 19:30,159.196,159.219,159.075,159.135
2026-08-25 20:00,159.135,159.197,159.119,159.178
2026-08-25 20:30,159.177,159.238,159.136,159.164
2026-08-25 21:00,159.135,159.221,159.133,159.201
2026-08-25 21:30,159.191,159.213,159.167,159.195
2026-08-25 22:00,159.187,159.236,159.181,159.200
2026-08-25 22:30,159.202,159.213,159.190,159.193
2026-08-25 23:00,159.192,159.248,159.192,159.239
2026-08-25 23:30,159.240,159.262,159.207,159.209
2026-08-26 00:00,159.209,159.259,159.207,159.228
2026-08-26 00:30,159.219,159.227,159.098,159.164
2026-08-26 01:00,159.165,159.185,159.132,159.159
2026-08-26 01:30,159.158,159.166,158.958,159.044
2026-08-26 02:00,159.046,159.053,158.875,158.965
2026-08-26 02:30,158.970,159.046,158.960,159.032
2026-08-26 03:00,159.038,159.039,158.948,158.980
2026-08-26 03:30,158.975,158.989,158.893,158.956
2026-08-26 04:00,158.952,159.027,158.936,158.993
2026-08-26 04:30,158.993,159.041,158.957,159.027
2026-08-26 05:00,159.033,159.050,158.993,159.013
2026-08-26 05:30,159.013,159.019,158.957,159.009
2026-08-26 06:00,159.007,159.092,159.000,159.051
2026-08-26 06:30,159.057,159.123,159.041,159.055
2026-08-26 07:00,159.050,159.062,158.958,159.043
2026-08-26 07:30,159.037,159.046,158.970,159.004
2026-08-26 08:00,159.012,159.015,158.925,158.950
2026-08-26 08:30,158.950,159.033,158.948,159.006
2026-08-26 09:00,159.006,159.057,158.964,159.000
2026-08-26 09:30,158.999,159.006,158.951,158.982
2026-08-26 10:00,158.985,159.044,158.978,159.033
2026-08-26 10:30,159.028,159.121,159.010,159.089
2026-08-26 11:00,159.087,159.161,159.054,159.139
2026-08-26 11:30,159.139,159.157,159.078,159.078
2026-08-26 12:00,159.078,159.087,158.941,158.959
2026-08-26 12:30,158.941,159.255,158.888,159.230
2026-08-26 13:00,159.230,159.324,159.226,159.276
2026-08-26 13:30,159.276,159.395,159.257,159.395
2026-08-26 14:00,159.390,159.444,159.357,159.420
2026-08-26 14:30,159.413,159.443,159.341,159.403
2026-08-26 15:00,159.403,159.413,159.335,159.365
2026-08-26 15:30,159.370,159.393,159.313,159.365
2026-08-26 16:00,159.362,159.372,159.294,159.343
2026-08-26 16:30,159.345,159.428,159.338,159.417
2026-08-26 17:00,159.412,159.427,159.368,159.377
2026-08-26 17:30,159.371,159.417,159.356,159.387
2026-08-26 18:00,159.388,159.404,159.368,159.396
2026-08-26 18:30,159.395,159.417,159.381,159.396
2026-08-26 19:00,159.396,159.412,159.357,159.374
2026-08-26 19:30,159.374,159.382,159.319,159.345
2026-08-26 20:00,159.341,159.363,159.312,159.314
2026-08-26 20:30,159.315,159.325,159.278,159.286
2026-08-26 21:00,159.274,159.276,159.226,159.258
2026-08-26 21:30,159.254,159.318,159.231,159.244
2026-08-26 22:00,159.262,159.333,159.241,159.268
2026-08-26 22:30,159.261,159.281,159.238,159.268
2026-08-26 23:00,159.258,159.270,159.203,159.252
2026-08-26 23:30,159.246,159.274,159.227,159.245
2026-08-27 00:00,159.249,159.255,159.115,159.138
2026-08-27 00:30,159.143,159.195,159.108,159.176
2026-08-27 01:00,159.177,159.208,159.147,159.161
2026-08-27 01:30,159.155,159.282,159.126,159.253
2026-08-27 02:00,159.246,159.379,159.244,159.375
2026-08-27 02:30,159.367,159.400,159.294,159.327
2026-08-27 03:00,159.333,159.353,159.301,159.341
2026-08-27 03:30,159.341,159.374,159.329,159.343
2026-08-27 04:00,159.342,159.372,159.325,159.365
2026-08-27 04:30,159.363,159.384,159.344,159.361
2026-08-27 05:00,159.355,159.386,159.288,159.293
2026-08-27 05:30,159.291,159.383,159.279,159.360
2026-08-27 06:00,159.360,159.390,159.330,159.343
2026-08-27 06:30,159.343,159.382,159.330,159.352
2026-08-27 07:00,159.352,159.359,159.268,159.324
2026-08-27 07:30,159.324,159.373,159.304,159.352
2026-08-27 08:00,159.352,159.368,159.283,159.326
2026-08-27 08:30,159.325,159.349,159.275,159.318
2026-08-27 09:00,159.319,159.413,159.305,159.390
2026-08-27 09:30,159.395,159.490,159.388,159.473
2026-08-27 10:00,159.471,159.490,159.413,159.445
2026-08-27 10:30,159.449,159.526,159.445,159.474
2026-08-27 11:00,159.471,159.498,159.446,159.463
2026-08-27 11:30,159.461,159.515,159.412,159.434
2026-08-27 12:00,159.434,159.443,159.342,159.399
2026-08-27 12:30,159.400,159.447,159.365,159.408
2026-08-27 13:00,159.410,159.467,159.340,159.362
2026-08-27 13:30,159.362,159.421,159.335,159.361
2026-08-27 14:00,159.363,159.375,159.290,159.338
2026-08-27 14:30,159.338,159.346,159.270,159.326
2026-08-27 15:00,159.331,159.331,159.270,159.306
2026-08-27 15:30,159.306,159.315,159.233,159.262
2026-08-27 16:00,159.258,159.293,159.240,159.255
2026-08-27 16:30,159.254,159.306,159.240,159.289
2026-08-27 17:00,159.289,159.331,159.260,159.310
2026-08-27 17:30,159.305,159.408,159.305,159.402
2026-08-27 18:00,159.400,159.460,159.396,159.422
2026-08-27 18:30,159.418,159.440,159.405,159.429
2026-08-27 19:00,159.428,159.448,159.395,159.435
2026-08-27 19:30,159.430,159.441,159.396,159.416
2026-08-27 20:00,159.412,159.422,159.381,159.392
2026-08-27 20:30,159.391,159.414,159.362,159.367
2026-08-27 21:00,159.376,159.417,159.304,159.362
2026-08-27 21:30,159.371,159.399,159.354,159.362
2026-08-27 22:00,159.362,159.395,159.347,159.387
2026-08-27 22:30,159.380,159.393,159.349,159.351
2026-08-27 23:00,159.350,159.372,159.339,159.352
2026-08-27 23:30,159.352,159.374,159.304,159.308
2026-08-28 00:00,159.307,159.390,159.292,159.362
2026-08-28 00:30,159.360,159.373,159.310,159.360
2026-08-28 01:00,159.365,159.384,159.325,159.372
2026-08-28 01:30,159.367,159.445,159.342,159.426
2026-08-28 02:00,159.426,159.457,159.386,159.409
2026-08-28 02:30,159.407,159.467,159.406,159.433
2026-08-28 03:00,159.436,159.464,159.428,159.430
2026-08-28 03:30,159.436,159.461,159.429,159.444
2026-08-28 04:00,159.444,159.490,159.444,159.479
2026-08-28 04:30,159.479,159.515,159.466,159.493
2026-08-28 05:00,159.493,159.560,159.492,159.536
2026-08-28 05:30,159.536,159.552,159.495,159.518
2026-08-28 06:00,159.523,159.542,159.466,159.474
2026-08-28 06:30,159.474,159.507,159.408,159.414
2026-08-28 07:00,159.415,159.505,159.404,159.463
2026-08-28 07:30,159.462,159.507,159.435,159.501
2026-08-28 08:00,159.502,159.576,159.495,159.569
2026-08-28 08:30,159.565,159.588,159.520,159.568
2026-08-28 09:00,159.568,159.651,159.564,159.631
2026-08-28 09:30,159.632,159.692,159.628,159.683
2026-08-28 10:00,159.683,159.694,159.650,159.672
2026-08-28 10:30,159.667,159.686,159.631,159.633
2026-08-28 11:00,159.633,159.675,159.627,159.659
2026-08-28 11:30,159.659,159.686,159.648,159.648
2026-08-28 12:00,159.648,159.679,159.588,159.594
2026-08-28 12:30,159.594,159.642,159.558,159.575
2026-08-28 13:00,159.570,159.657,159.560,159.636
2026-08-28 13:30,159.632,159.693,159.531,159.662
2026-08-28 14:00,159.640,159.945,159.385,159.888
2026-08-28 14:30,159.882,159.937,159.837,159.868
2026-08-28 15:00,159.872,159.988,159.825,159.973
2026-08-28 15:30,159.978,160.060,159.951,159.975
2026-08-28 16:00,159.975,160.154,159.954,160.133
2026-08-28 16:30,160.136,160.202,160.110,160.195
2026-08-28 17:00,160.189,160.201,160.132,160.157
2026-08-28 17:30,160.157,160.202,160.152,160.178
2026-08-28 18:00,160.176,160.191,160.129,160.146
2026-08-28 18:30,160.148,160.180,160.129,160.133
2026-08-28 19:00,160.137,160.148,160.059,160.063
2026-08-28 19:30,160.062,160.106,160.043,160.078
2026-08-28 20:00,160.081,160.100,160.059,160.064
2026-08-28 20:30,160.060,160.140,160.004,160.038
2026-08-30 23:00,160.104,160.201,160.102,160.167
2026-08-30 23:30,160.160,160.168,160.108,160.111
2026-08-31 00:00,160.114,160.117,159.950,160.040
2026-08-31 00:30,160.040,160.053,159.951,159.959
2026-08-31 01:00,159.960,159.981,159.803,159.823
2026-08-31 01:30,159.821,159.865,159.748,159.818
2026-08-31 02:00,159.818,159.844,159.726,159.754
2026-08-31 02:30,159.753,159.815,159.744,159.769
2026-08-31 03:00,159.768,159.799,159.745,159.792
2026-08-31 03:30,159.792,159.843,159.781,159.796
2026-08-31 04:00,159.796,159.823,159.740,159.818
2026-08-31 04:30,159.815,159.831,159.750,159.787
2026-08-31 05:00,159.785,159.831,159.761,159.767
2026-08-31 05:30,159.774,159.875,159.767,159.828
2026-08-31 06:00,159.823,159.874,159.780,159.864
2026-08-31 06:30,159.856,159.915,159.794,159.800
2026-08-31 07:00,159.795,159.819,159.546,159.594
2026-08-31 07:30,159.588,159.643,159.539,159.576
2026-08-31 08:00,159.575,159.624,159.470,159.616
2026-08-31 08:30,159.615,159.750,159.607,159.735
2026-08-31 09:00,159.737,159.756,159.684,159.700
2026-08-31 09:30,159.694,159.767,159.694,159.728
2026-08-31 10:00,159.735,159.777,159.698,159.730
2026-08-31 10:30,159.725,159.753,159.700,159.721
2026-08-31 11:00,159.721,159.733,159.616,159.620
2026-08-31 11:30,159.620,159.710,159.600,159.707
2026-08-31 12:00,159.702,159.776,159.673,159.776
2026-08-31 12:30,159.770,159.885,159.763,159.875
2026-08-31 13:00,159.878,159.896,159.760,159.786
2026-08-31 13:30,159.784,159.872,159.775,159.824
2026-08-31 14:00,159.825,159.856,159.753,159.778
2026-08-31 14:30,159.784,159.807,159.593,159.703
2026-08-31 15:00,159.707,159.800,159.678,159.749
2026-08-31 15:30,159.751,159.773,159.688,159.743
2026-08-31 16:00,159.740,159.742,159.660,159.687
2026-08-31 16:30,159.693,159.732,159.663,159.676
2026-08-31 17:00,159.680,159.706,159.664,159.690
2026-08-31 17:30,159.691,159.721,159.662,159.687
2026-08-31 18:00,159.689,159.723,159.671,159.709
2026-08-31 18:30,159.709,159.815,159.708,159.793
2026-08-31 19:00,159.795,159.814,159.713,159.726
2026-08-31 19:30,159.730,159.799,159.703,159.745
2026-08-31 20:00,159.747,159.756,159.718,159.746
2026-08-31 20:30,159.747,159.774,159.716,159.726
2026-08-31 21:00,159.725,159.764,159.699,159.741
2026-08-31 21:30,159.741,159.765,159.702,159.707
2026-08-31 22:00,159.709,159.784,159.694,159.742
2026-08-31 22:30,159.749,159.782,159.738,159.768
2026-08-31 23:00,159.768,159.830,159.767,159.791
2026-08-31 23:30,159.794,159.809,159.734,159.750
2026-09-01 00:00,159.744,159.837,159.628,159.659
2026-09-01 00:30,159.659,159.813,159.651,159.797
2026-09-01 01:00,159.792,159.850,159.757,159.808
2026-09-01 01:30,159.808,159.837,159.698,159.754
2026-09-01 02:00,159.745,159.845,159.745,159.761
2026-09-01 02:30,159.761,159.813,159.761,159.780
2026-09-01 03:00,159.780,159.813,159.763,159.787
2026-09-01 03:30,159.786,159.812,159.776,159.799
2026-09-01 04:00,159.806,159.862,159.795,159.839
2026-09-01 04:30,159.839,159.882,159.827,159.866
2026-09-01 05:00,159.866,159.905,159.837,159.872
2026-09-01 05:30,159.865,159.897,159.822,159.874
2026-09-01 06:00,159.880,159.956,159.860,159.942
2026-09-01 06:30,159.942,159.982,159.928,159.946
2026-09-01 07:00,159.940,159.991,159.914,159.984
2026-09-01 07:30,159.978,160.023,159.967,159.979
2026-09-01 08:00,159.979,160.024,159.927,159.985
2026-09-01 08:30,159.983,159.991,159.918,159.921
2026-09-01 09:00,159.920,159.974,159.886,159.968
2026-09-01 09:30,159.968,160.061,159.950,160.049
2026-09-01 10:00,160.049,160.065,159.975,160.001
2026-09-01 10:30,160.007,160.113,160.001,160.083
2026-09-01 11:00,160.086,160.148,159.983,160.063
2026-09-01 11:30,160.059,160.127,160.033,160.108
2026-09-01 12:00,160.108,160.176,160.106,160.161
2026-09-01 12:30,160.161,160.209,160.010,160.101
2026-09-01 13:00,160.102,160.163,160.070,160.082
2026-09-01 13:30,160.087,160.095,159.992,159.992
2026-09-01 14:00,160.004,160.078,159.888,159.949
2026-09-01 14:30,159.948,160.090,159.891,160.071
2026-09-01 15:00,160.066,160.108,160.033,160.073
2026-09-01 15:30,160.077,160.094,160.013,160.028
2026-09-01 16:00,160.026,160.163,160.000,160.157
2026-09-01 16:30,160.161,160.177,160.097,160.161
2026-09-01 17:00,160.161,160.209,160.141,160.168
2026-09-01 17:30,160.167,160.248,160.142,160.238
2026-09-01 18:00,160.241,160.248,160.193,160.235
2026-09-01 18:30,160.234,160.272,160.186,160.198
2026-09-01 19:00,160.199,160.230,160.172,160.225
2026-09-01 19:30,160.225,160.249,160.182,160.220
2026-09-01 20:00,160.220,160.244,160.189,160.198
2026-09-01 20:30,160.190,160.223,160.152,160.163
2026-09-01 21:00,160.141,160.185,160.123,160.136
2026-09-01 21:30,160.136,160.188,160.094,160.140
2026-09-01 22:00,160.136,160.182,160.114,160.172
2026-09-01 22:30,160.167,160.208,160.151,160.193
2026-09-01 23:00,160.194,160.234,160.188,160.204
2026-09-01 23:30,160.194,160.212,160.147,160.193
2026-09-02 00:00,160.194,160.233,160.129,160.187
2026-09-02 00:30,160.188,160.293,160.160,160.284
2026-09-02 01:00,160.284,160.323,160.261,160.274
2026-09-02 01:30,160.277,160.394,160.268,160.365
2026-09-02 02:00,160.365,160.394,160.307,160.314
2026-09-02 02:30,160.308,160.317,160.240,160.258
2026-09-02 03:00,160.258,160.273,160.220,160.251
2026-09-02 03:30,160.252,160.258,160.194,160.206
2026-09-02 04:00,160.206,160.217,160.158,160.200
2026-09-02 04:30,160.195,160.209,160.030,160.104
2026-09-02 05:00,160.103,160.133,159.948,159.970
2026-09-02 05:30,159.976,160.003,159.793,159.824
2026-09-02 06:00,159.817,159.819,159.427,159.634
2026-09-02 06:30,159.633,159.661,159.458,159.595
2026-09-02 07:00,159.590,159.768,159.590,159.658
2026-09-02 07:30,159.657,159.705,159.542,159.687
2026-09-02 08:00,159.687,159.764,159.638,159.663
2026-09-02 08:30,159.664,159.855,159.647,159.846
2026-09-02 09:00,159.846,159.882,159.767,159.838
2026-09-02 09:30,159.831,159.869,159.797,159.853
2026-09-02 10:00,159.854,159.892,159.835,159.886
2026-09-02 10:30,159.886,159.922,159.850,159.888
2026-09-02 11:00,159.888,159.905,159.741,159.764
2026-09-02 11:30,159.764,159.771,159.614,159.630
2026-09-02 12:00,159.630,159.655,159.493,159.624
2026-09-02 12:30,159.622,159.711,159.582,159.587
2026-09-02 13:00,159.586,159.616,158.194,158.851
2026-09-02 13:30,158.846,159.048,158.484,158.566
2026-09-02 14:00,158.561,158.821,158.547,158.714
2026-09-02 14:30,158.718,158.857,158.497,158.743
2026-09-02 15:00,158.738,158.810,158.616,158.653
2026-09-02 15:30,158.657,158.825,158.601,158.792
2026-09-02 16:00,158.793,158.875,158.778,158.868
2026-09-02 16:30,158.871,158.883,158.790,158.842
2026-09-02 17:00,158.843,158.964,158.813,158.931
2026-09-02 17:30,158.937,158.956,158.765,158.873
2026-09-02 18:00,158.874,158.975,158.820,158.938
2026-09-02 18:30,158.931,158.972,158.891,158.931
2026-09-02 19:00,158.937,159.013,158.909,158.921
2026-09-02 19:30,158.916,158.945,158.751,158.762
2026-09-02 20:00,158.762,158.784,158.605,158.686
2026-09-02 20:30,158.693,158.729,158.674,158.695
2026-09-02 21:00,158.674,158.700,158.627,158.655
2026-09-02 21:30,158.655,158.722,158.647,158.663
2026-09-02 22:00,158.674,158.796,158.656,158.757
2026-09-02 22:30,158.756,158.840,158.741,158.789
2026-09-02 23:00,158.768,158.867,158.751,158.826
2026-09-02 23:30,158.820,158.935,158.817,158.902
2026-09-03 00:00,158.893,158.968,158.803,158.815
2026-09-03 00:30,158.823,158.827,158.542,158.708
2026-09-03 01:00,158.706,158.726,158.408,158.408
2026-09-03 01:30,158.408,158.529,158.218,158.508
2026-09-03 02:00,158.500,158.529,158.067,158.090
2026-09-03 02:30,158.082,158.157,157.910,158.022
2026-09-03 03:00,158.033,158.033,157.616,157.794
2026-09-03 03:30,157.786,157.917,157.724,157.768
2026-09-03 04:00,157.765,157.872,157.697,157.700
2026-09-03 04:30,157.700,157.759,157.536,157.679
2026-09-03 05:00,157.679,157.786,157.547,157.605
2026-09-03 05:30,157.605,157.682,157.361,157.369
2026-09-03 06:00,157.365,157.436,157.218,157.234
2026-09-03 06:30,157.241,157.333,156.994,157.125
2026-09-03 07:00,157.123,157.130,156.343,156.778
2026-09-03 07:30,156.780,157.361,156.552,157.050
2026-09-03 08:00,157.040,157.145,156.802,156.879
2026-09-03 08:30,156.882,156.989,156.524,156.698
2026-09-03 09:00,156.694,156.855,156.403,156.491
2026-09-03 09:30,156.495,156.583,156.188,156.409
2026-09-03 10:00,156.401,156.473,156.168,156.262
2026-09-03 10:30,156.258,156.477,156.250,156.317
2026-09-03 11:00,156.318,156.365,155.830,156.089
2026-09-03 11:30,156.099,156.246,156.046,156.088
2026-09-03 12:00,156.084,156.160,155.698,155.738
2026-09-03 12:30,155.781,155.828,155.386,155.559
2026-09-03 13:00,155.563,155.742,155.501,155.600
2026-09-03 13:30,155.605,155.729,155.368,155.377
2026-09-03 14:00,155.379,155.574,155.336,155.530
2026-09-03 14:30,155.530,155.783,155.386,155.416
2026-09-03 15:00,155.420,155.751,155.344,155.579
2026-09-03 15:30,155.579,155.589,155.365,155.388
2026-09-03 16:00,155.384,155.441,155.324,155.400
2026-09-03 16:30,155.399,155.399,155.294,155.351
2026-09-03 17:00,155.351,155.491,155.346,155.400
2026-09-03 17:30,155.400,155.470,155.378,155.463
2026-09-03 18:00,155.465,155.487,155.384,155.439
2026-09-03 18:30,155.436,155.581,155.431,155.495
2026-09-03 19:00,155.489,155.783,155.476,155.763
2026-09-03 19:30,155.764,155.851,155.689,155.749
2026-09-03 20:00,155.749,155.796,155.722,155.755
2026-09-03 20:30,155.760,155.815,155.750,155.805
2026-09-03 21:00,155.779,155.890,155.769,155.884
2026-09-03 21:30,155.881,155.888,155.794,155.848
2026-09-03 22:00,155.848,155.881,155.774,155.857
2026-09-03 22:30,155.856,156.123,155.854,156.121
2026-09-03 23:00,156.108,156.167,155.961,155.964
2026-09-03 23:30,155.962,155.975,155.620,155.634
2026-09-04 00:00,155.634,155.853,155.282,155.853
2026-09-04 00:30,155.843,155.956,155.530,155.763
2026-09-04 01:00,155.761,156.040,155.668,155.904
2026-09-04 01:30,155.904,156.077,155.847,155.848
2026-09-04 02:00,155.848,156.051,155.769,155.987
2026-09-04 02:30,155.990,156.095,155.917,156.061
2026-09-04 03:00,156.065,156.116,156.028,156.092
2026-09-04 03:30,156.092,156.441,156.091,156.365
2026-09-04 04:00,156.358,156.448,156.268,156.363
2026-09-04 04:30,156.362,156.387,156.248,156.320
2026-09-04 05:00,156.317,156.418,156.230,156.298
2026-09-04 05:30,156.295,156.417,156.272,156.328
2026-09-04 06:00,156.328,156.447,156.167,156.175
2026-09-04 06:30,156.182,156.287,156.075,156.276
2026-09-04 07:00,156.270,156.412,156.245,156.273
2026-09-04 07:30,156.273,156.346,156.208,156.297
2026-09-04 08:00,156.303,156.403,156.292,156.315
2026-09-04 08:30,156.320,156.437,156.284,156.410
2026-09-04 09:00,156.408,156.440,156.300,156.372
2026-09-04 09:30,156.368,156.581,156.368,156.479
2026-09-04 10:00,156.472,156.483,156.295,156.332
2026-09-04 10:30,156.331,156.395,156.275,156.323
2026-09-04 11:00,156.320,156.367,156.254,156.287
2026-09-04 11:30,156.287,156.313,156.170,156.259
2026-09-04 12:00,156.262,156.274,155.960,156.008
2026-09-04 12:30,156.011,156.752,155.342,155.685
2026-09-04 13:00,155.684,156.145,155.594,155.606
2026-09-04 13:30,155.612,155.902,155.478,155.841
2026-09-04 14:00,155.839,156.150,155.828,156.037
2026-09-04 14:30,156.037,156.196,155.854,156.119
2026-09-04 15:00,156.118,156.171,155.926,156.049
2026-09-04 15:30,156.055,156.124,155.977,156.107
2026-09-04 16:00,156.109,156.136,155.992,156.078
2026-09-04 16:30,156.084,156.103,155.964,155.991
2026-09-04 17:00,156.024,156.193,155.986,156.116
2026-09-04 17:30,156.116,156.153,156.048,156.138
2026-09-04 18:00,156.138,156.186,156.114,156.183
2026-09-04 18:30,156.176,156.283,156.156,156.217
2026-09-04 19:00,156.219,156.245,156.192,156.216
2026-09-04 19:30,156.224,156.258,156.205,156.231
2026-09-04 20:00,156.231,156.274,156.169,156.227
2026-09-04 20:30,156.232,156.276,156.198,156.221
2026-09-06 23:00,156.208,156.224,156.098,156.125
2026-09-06 23:30,156.123,156.244,156.083,156.198
2026-09-07 00:00,156.198,156.259,155.884,155.892
2026-09-07 00:30,155.901,155.967,155.795,155.889
2026-09-07 01:00,155.882,156.075,155.844,156.028
2026-09-07 01:30,156.029,156.125,155.981,156.027
2026-09-07 02:00,156.033,156.205,156.014,156.122
2026-09-07 02:30,156.125,156.245,156.098,156.185
2026-09-07 03:00,156.185,156.215,156.043,156.059
2026-09-07 03:30,156.052,156.144,156.035,156.045
2026-09-07 04:00,156.048,156.173,156.039,156.160
2026-09-07 04:30,156.168,156.174,156.024,156.039
2026-09-07 05:00,156.051,156.100,156.010,156.032
2026-09-07 05:30,156.032,156.051,155.778,155.797
2026-09-07 06:00,155.800,155.908,155.533,155.687
2026-09-07 06:30,155.692,155.873,155.617,155.862
2026-09-07 07:00,155.870,155.905,155.657,155.660
2026-09-07 07:30,155.656,155.818,155.515,155.544
2026-09-07 08:00,155.547,155.573,154.121,154.156
2026-09-07 08:30,154.134,154.570,154.048,154.455
2026-09-07 09:00,154.460,154.518,154.211,154.237
2026-09-07 09:30,154.244,154.569,154.234,154.496
2026-09-07 10:00,154.499,154.704,154.455,154.669
2026-09-07 10:30,154.669,154.751,154.575,154.646
2026-09-07 11:00,154.642,154.772,154.638,154.657
2026-09-07 11:30,154.652,154.733,154.603,154.727
2026-09-07 12:00,154.723,154.807,154.466,154.477
2026-09-07 12:30,154.474,154.508,154.242,154.480
2026-09-07 13:00,154.482,154.543,154.352,154.466
2026-09-07 13:30,154.461,154.583,154.378,154.508
2026-09-07 14:00,154.508,154.636,154.343,154.361
2026-09-07 14:30,154.360,154.467,154.264,154.284
2026-09-07 15:00,154.283,154.415,154.249,154.263
2026-09-07 15:30,154.267,154.440,154.223,154.389
2026-09-07 16:00,154.385,154.430,154.355,154.367
2026-09-07 16:30,154.367,154.374,154.270,154.286
2026-09-07 17:00,154.288,154.337,154.283,154.318
2026-09-07 17:30,154.318,154.388,154.318,154.346
2026-09-07 18:00,154.346,154.363,154.338,154.353
2026-09-07 18:30,154.348,154.360,154.331,154.334
2026-09-07 19:00,154.332,154.378,154.328,154.336
2026-09-07 19:30,154.333,154.376,154.331,154.351
2026-09-07 20:00,154.350,154.386,154.338,154.352
2026-09-07 20:30,154.356,154.377,154.302,154.344
2026-09-07 21:00,154.347,154.347,154.277,154.311
2026-09-07 21:30,154.301,154.379,154.301,154.329
2026-09-07 22:00,154.328,154.374,154.148,154.158
2026-09-07 22:30,154.158,154.263,154.145,154.165
2026-09-07 23:00,154.150,154.167,153.791,153.938
2026-09-07 23:30,153.945,154.040,153.795,153.818
2026-09-08 00:00,153.827,153.893,153.532,153.542
2026-09-08 00:30,153.550,153.828,153.521,153.789
2026-09-08 01:00,153.784,153.810,153.414,153.437
2026-09-08 01:30,153.430,153.619,153.349,153.349
2026-09-08 02:00,153.364,153.365,152.881,153.023
2026-09-08 02:30,153.023,153.369,153.021,153.341
2026-09-08 03:00,153.352,153.362,153.174,153.286
2026-09-08 03:30,153.279,153.356,153.114,153.322
2026-09-08 04:00,153.329,153.516,153.228,153.482
2026-09-08 04:30,153.483,153.584,153.428,153.461
2026-09-08 05:00,153.461,153.535,153.273,153.535
2026-09-08 05:30,153.539,153.592,153.314,153.316
2026-09-08 06:00,153.321,153.792,153.253,153.728
2026-09-08 06:30,153.730,153.921,153.669,153.777
2026-09-08 07:00,153.774,153.961,153.716,153.824
2026-09-08 07:30,153.820,153.970,153.753,153.800
2026-09-08 08:00,153.795,154.075,153.728,153.884
2026-09-08 08:30,153.888,154.288,153.876,154.165
2026-09-08 09:00,154.172,154.188,153.975,154.002
2026-09-08 09:30,154.003,154.115,153.809,153.913
2026-09-08 10:00,153.903,154.112,153.902,154.100
2026-09-08 10:30,154.106,154.259,154.100,154.241
2026-09-08 11:00,154.233,154.423,154.215,154.224
2026-09-08 11:30,154.215,154.387,154.136,154.256
2026-09-08 12:00,154.257,154.316,153.927,153.962
2026-09-08 12:30,153.971,154.078,153.787,153.805
2026-09-08 13:00,153.793,153.929,153.709,153.780
2026-09-08 13:30,153.772,153.923,153.695,153.805
2026-09-08 14:00,153.805,154.129,153.782,154.050
2026-09-08 14:30,154.043,154.055,153.900,154.002
2026-09-08 15:00,153.998,154.264,153.996,154.206
2026-09-08 15:30,154.200,154.247,154.107,154.244
2026-09-08 16:00,154.236,154.383,154.212,154.289
2026-09-08 16:30,154.290,154.347,154.239,154.275
2026-09-08 17:00,154.264,154.286,154.210,154.241
2026-09-08 17:30,154.244,154.325,154.217,154.218
2026-09-08 18:00,154.217,154.393,154.207,154.237
2026-09-08 18:30,154.242,154.319,153.439,153.582
2026-09-08 19:00,153.591,153.951,153.591,153.948
2026-09-08 19:30,153.942,154.007,153.810,153.981
2026-09-08 20:00,153.986,154.013,153.917,153.994
2026-09-08 20:30,153.987,154.019,153.950,153.957
2026-09-08 21:00,153.939,153.980,153.870,153.908
2026-09-08 21:30,153.905,153.941,153.816,153.851
2026-09-08 22:00,153.831,153.974,153.651,153.651
2026-09-08 22:30,153.657,153.773,153.613,153.748
2026-09-08 23:00,153.722,153.737,153.504,153.549
2026-09-08 23:30,153.549,153.642,153.417,153.444
2026-09-09 00:00,153.444,153.462,153.246,153.354
2026-09-09 00:30,153.361,153.740,153.352,153.566
2026-09-09 01:00,153.568,153.831,153.565,153.792
2026-09-09 01:30,153.792,153.810,153.534,153.552
2026-09-09 02:00,153.547,153.705,153.534,153.664
2026-09-09 02:30,153.664,153.681,153.452,153.510
2026-09-09 03:00,153.505,153.598,153.474,153.537
2026-09-09 03:30,153.537,153.560,153.330,153.447
2026-09-09 04:00,153.440,153.469,153.297,153.320
2026-09-09 04:30,153.323,153.487,153.297,153.465
2026-09-09 05:00,153.459,153.484,153.290,153.304
2026-09-09 05:30,153.301,153.411,153.228,153.300
2026-09-09 06:00,153.294,153.325,152.930,153.138
2026-09-09 06:30,153.146,153.393,153.138,153.338
2026-09-09 07:00,153.339,153.361,153.087,153.293
2026-09-09 07:30,153.293,153.372,153.086,153.103
2026-09-09 08:00,153.109,153.560,153.097,153.542
2026-09-09 08:30,153.540,153.682,153.532,153.655
2026-09-09 09:00,153.642,153.661,153.467,153.471
2026-09-09 09:30,153.477,153.664,153.407,153.648
2026-09-09 10:00,153.640,153.728,153.524,153.562
2026-09-09 10:30,153.562,153.628,153.481,153.549
2026-09-09 11:00,153.553,153.583,153.316,153.323
2026-09-09 11:30,153.329,153.392,153.188,153.225
2026-09-09 12:00,153.228,153.451,153.190,153.428
2026-09-09 12:30,153.432,153.486,153.301,153.334
2026-09-09 13:00,153.324,153.360,153.241,153.332
2026-09-09 13:30,153.324,153.447,153.230,153.279
2026-09-09 14:00,153.279,153.327,153.096,153.228
2026-09-09 14:30,153.229,153.347,153.161,153.197
2026-09-09 15:00,153.197,153.801,153.144,153.570
2026-09-09 15:30,153.570,153.596,153.297,153.534
2026-09-09 16:00,153.534,153.685,153.419,153.610
2026-09-09 16:30,153.610,153.633,153.471,153.571
2026-09-09 17:00,153.571,153.591,153.459,153.511
2026-09-09 17:30,153.512,153.597,153.458,153.467
2026-09-09 18:00,153.465,153.512,153.433,153.481
2026-09-09 18:30,153.481,153.671,153.471,153.593
2026-09-09 19:00,153.593,153.727,153.590,153.650
2026-09-09 19:30,153.647,153.656,153.577,153.632
2026-09-09 20:00,153.633,153.689,153.598,153.609
2026-09-09 20:30,153.609,153.614,153.502,153.546
2026-09-09 21:00,153.501,153.594,153.480,153.560
2026-09-09 21:30,153.566,153.566,153.494,153.535
2026-09-09 22:00,153.537,153.595,153.368,153.383
2026-09-09 22:30,153.383,153.395,153.319,153.333
2026-09-09 23:00,153.342,153.398,153.297,153.372
2026-09-09 23:30,153.372,153.620,153.335,153.529
2026-09-10 00:00,153.534,153.647,153.472,153.635
2026-09-10 00:30,153.637,153.715,153.586,153.698
2026-09-10 01:00,153.702,153.724,153.540,153.688
2026-09-10 01:30,153.688,153.744,153.419,153.433
2026-09-10 02:00,153.432,153.559,153.275,153.536
2026-09-10 02:30,153.530,153.597,153.402,153.407
2026-09-10 03:00,153.409,153.488,153.373,153.431
2026-09-10 03:30,153.432,153.458,153.362,153.383
2026-09-10 04:00,153.380,153.436,153.291,153.427
2026-09-10 04:30,153.427,153.475,153.385,153.465
2026-09-10 05:00,153.465,153.499,153.431,153.443
2026-09-10 05:30,153.447,153.679,153.391,153.604
2026-09-10 06:00,153.592,153.618,153.461,153.531
2026-09-10 06:30,153.520,153.612,153.405,153.415
2026-09-10 07:00,153.416,153.565,153.395,153.410
2026-09-10 07:30,153.409,153.444,153.315,153.389
2026-09-10 08:00,153.394,153.629,153.387,153.573
2026-09-10 08:30,153.569,153.692,153.565,153.621
2026-09-10 09:00,153.627,153.747,153.548,153.711
2026-09-10 09:30,153.707,153.776,153.654,153.694
2026-09-10 10:00,153.694,153.880,153.654,153.869
2026-09-10 10:30,153.869,154.174,153.833,154.069
2026-09-10 11:00,154.074,154.201,154.031,154.109
2026-09-10 11:30,154.104,154.179,154.045,154.152
2026-09-10 12:00,154.152,154.378,154.130,154.358
2026-09-10 12:30,154.353,154.670,154.206,154.345
2026-09-10 13:00,154.345,154.364,154.187,154.216
2026-09-10 13:30,154.219,154.256,153.968,154.042
2026-09-10 14:00,154.047,154.068,153.841,153.965
2026-09-10 14:30,153.978,154.083,153.878,153.885
2026-09-10 15:00,153.887,154.029,153.846,154.028
2026-09-10 15:30,154.023,154.119,154.006,154.060
2026-09-10 16:00,154.060,154.290,154.044,154.272
2026-09-10 16:30,154.277,154.393,154.248,154.269
2026-09-10 17:00,154.275,154.348,154.202,154.258
2026-09-10 17:30,154.255,154.342,154.228,154.252
2026-09-10 18:00,154.252,154.399,154.236,154.350
2026-09-10 18:30,154.349,154.383,154.294,154.317
2026-09-10 19:00,154.312,154.395,154.305,154.334
2026-09-10 19:30,154.333,154.356,154.303,154.340
2026-09-10 20:00,154.334,154.434,154.332,154.423
2026-09-10 20:30,154.427,154.504,154.396,154.411
2026-09-10 21:00,154.404,154.405,154.305,154.361
2026-09-10 21:30,154.351,154.388,154.345,154.366
2026-09-10 22:00,154.356,154.536,154.347,154.436
2026-09-10 22:30,154.428,154.454,154.354,154.383
2026-09-10 23:00,154.367,154.552,154.357,154.534
2026-09-10 23:30,154.538,154.617,154.452,154.456
2026-09-11 00:00,154.465,154.535,154.311,154.502
2026-09-11 00:30,154.500,154.607,154.459,154.496
2026-09-11 01:00,154.496,154.531,154.255,154.318
2026-09-11 01:30,154.319,154.409,154.204,154.350
2026-09-11 02:00,154.346,154.497,154.313,154.474
2026-09-11 02:30,154.474,154.522,154.360,154.386
2026-09-11 03:00,154.379,154.484,154.319,154.484
2026-09-11 03:30,154.475,154.508,154.354,154.393
2026-09-11 04:00,154.393,154.413,154.282,154.333
2026-09-11 04:30,154.333,154.412,154.258,154.340
2026-09-11 05:00,154.345,154.353,154.139,154.169
2026-09-11 05:30,154.169,154.193,154.004,154.052
2026-09-11 06:00,154.052,154.130,153.956,154.088
2026-09-11 06:30,154.087,154.220,154.075,154.168
2026-09-11 07:00,154.169,154.231,154.070,154.210
2026-09-11 07:30,154.213,154.284,154.156,154.217
2026-09-11 08:00,154.220,154.374,154.202,154.312
2026-09-11 08:30,154.309,154.335,154.040,154.100
2026-09-11 09:00,154.096,154.195,154.030,154.145
2026-09-11 09:30,154.145,154.230,154.041,154.098
2026-09-11 10:00,154.097,154.166,154.029,154.118
2026-09-11 10:30,154.122,154.127,153.949,153.966
2026-09-11 11:00,153.965,154.090,153.898,154.041
2026-09-11 11:30,154.034,154.080,153.873,154.023
2026-09-11 12:00,154.023,154.077,153.857,153.921
2026-09-11 12:30,153.917,154.492,153.431,153.453
2026-09-11 13:00,153.461,153.641,153.234,153.496
2026-09-11 13:30,153.508,153.544,153.300,153.431
2026-09-11 14:00,153.418,153.594,153.394,153.584
2026-09-11 14:30,153.582,153.657,153.458,153.481
2026-09-11 15:00,153.480,153.621,153.414,153.577
2026-09-11 15:30,153.577,153.738,153.568,153.704
2026-09-11 16:00,153.705,153.737,153.636,153.704
2026-09-11 16:30,153.697,153.723,153.631,153.704
2026-09-11 17:00,153.704,153.757,153.654,153.708
2026-09-11 17:30,153.700,153.736,153.672,153.693
2026-09-11 18:00,153.693,153.752,153.669,153.717
2026-09-11 18:30,153.712,153.761,153.700,153.723
2026-09-11 19:00,153.718,153.775,153.693,153.712
2026-09-11 19:30,153.706,153.730,153.675,153.682
2026-09-11 20:00,153.690,153.693,153.648,153.664
2026-09-11 20:30,153.674,153.760,153.438,153.554
2026-09-13 23:00,153.675,153.736,153.603,153.604
2026-09-13 23:30,153.608,153.636,153.392,153.411
2026-09-14 00:00,153.418,153.683,153.368,153.657
2026-09-14 00:30,153.660,153.759,153.597,153.645
2026-09-14 01:00,153.651,153.873,153.624,153.688
2026-09-14 01:30,153.695,153.753,153.643,153.732
2026-09-14 02:00,153.735,153.923,153.732,153.884
2026-09-14 02:30,153.877,154.061,153.876,154.013
2026-09-14 02:54,154.025,154.025,154.025,154.025
