time,open,high,low,close
2026-06-23 23:00,161.558,161.564,161.521,161.548
2026-06-23 23:15,161.547,161.577,161.542,161.566
2026-06-23 23:30,161.555,161.577,161.542,161.553
2026-06-23 23:45,161.546,161.609,161.540,161.602
2026-06-24 00:00,161.595,161.603,161.542,161.568
2026-06-24 00:15,161.570,161.619,161.552,161.599
2026-06-24 00:30,161.596,161.619,161.586,161.609
2026-06-24 00:45,161.610,161.636,161.571,161.625
2026-06-24 01:00,161.619,161.628,161.565,161.581
2026-06-24 01:15,161.576,161.587,161.561,161.567
2026-06-24 01:30,161.567,161.587,161.547,161.556
2026-06-24 01:45,161.552,161.582,161.543,161.564
2026-06-24 02:00,161.563,161.588,161.555,161.557
2026-06-24 02:15,161.558,161.566,161.527,161.554
2026-06-24 02:30,161.550,161.568,161.539,161.557
2026-06-24 02:45,161.557,161.567,161.540,161.541
2026-06-24 03:00,161.545,161.604,161.541,161.600
2026-06-24 03:15,161.595,161.600,161.546,161.548
2026-06-24 03:30,161.552,161.569,161.541,161.562
2026-06-24 03:45,161.562,161.570,161.538,161.544
2026-06-24 04:00,161.546,161.565,161.523,161.547
2026-06-24 04:15,161.547,161.562,161.535,161.555
2026-06-24 04:30,161.557,161.562,161.534,161.555
2026-06-24 04:45,161.547,161.560,161.534,161.550
2026-06-24 05:00,161.550,161.568,161.535,161.550
2026-06-24 05:15,161.543,161.618,161.541,161.594
2026-06-24 05:30,161.594,161.616,161.579,161.594
2026-06-24 05:45,161.588,161.616,161.571,161.608
2026-06-24 06:00,161.602,161.654,161.602,161.637
2026-06-24 06:15,161.629,161.688,161.625,161.681
2026-06-24 06:30,161.681,161.689,161.573,161.677
2026-06-24 06:45,161.670,161.718,161.650,161.704
2026-06-24 07:00,161.710,161.729,161.678,161.715
2026-06-24 07:15,161.714,161.727,161.678,161.682
2026-06-24 07:30,161.679,161.699,161.657,161.663
2026-06-24 07:45,161.663,161.740,161.663,161.725
2026-06-24 08:00,161.710,161.755,161.677,161.737
2026-06-24 08:15,161.730,161.738,161.680,161.698
2026-06-24 08:30,161.694,161.740,161.675,161.727
2026-06-24 08:45,161.728,161.757,161.709,161.749
2026-06-24 09:00,161.751,161.781,161.743,161.758
2026-06-24 09:15,161.758,161.774,161.743,161.758
2026-06-24 09:30,161.760,161.775,161.704,161.737
2026-06-24 09:45,161.738,161.754,161.715,161.743
2026-06-24 10:00,161.733,161.752,161.703,161.707
2026-06-24 10:15,161.707,161.747,161.707,161.720
2026-06-24 10:30,161.719,161.733,161.678,161.688
2026-06-24 10:45,161.684,161.722,161.674,161.683
2026-06-24 11:00,161.684,161.709,161.657,161.695
2026-06-24 11:15,161.700,161.718,161.644,161.662
2026-06-24 11:30,161.661,161.695,161.645,161.665
2026-06-24 11:45,161.664,161.683,161.618,161.655
2026-06-24 12:00,161.647,161.696,161.629,161.674
2026-06-24 12:15,161.676,161.701,161.655,161.682
2026-06-24 12:30,161.681,161.743,161.679,161.713
2026-06-24 12:45,161.713,161.753,161.707,161.748
2026-06-24 13:00,161.748,161.762,161.704,161.735
2026-06-24 13:15,161.732,161.755,161.698,161.706
2026-06-24 13:30,161.705,161.747,161.695,161.720
2026-06-24 13:45,161.718,161.766,161.718,161.748
2026-06-24 14:00,161.746,161.758,161.698,161.717
2026-06-24 14:15,161.720,161.756,161.714,161.733
2026-06-24 14:30,161.733,161.751,161.717,161.738
2026-06-24 14:45,161.737,161.817,161.718,161.782
2026-06-24 15:00,161.782,161.813,161.758,161.787
2026-06-24 15:15,161.791,161.795,161.727,161.772
2026-06-24 15:30,161.765,161.793,161.742,161.746
2026-06-24 15:45,161.746,161.770,161.741,161.751
2026-06-24 16:00,161.751,161.768,161.720,161.754
2026-06-24 16:15,161.756,161.771,161.720,161.720
2026-06-24 16:30,161.732,161.742,161.684,161.740
2026-06-24 16:45,161.739,161.761,161.730,161.753
2026-06-24 17:00,161.753,161.794,161.742,161.787
2026-06-24 17:15,161.789,161.810,161.770,161.789
2026-06-24 17:30,161.786,161.790,161.728,161.779
2026-06-24 17:45,161.777,161.822,161.777,161.810
2026-06-24 18:00,161.810,161.823,161.795,161.808
2026-06-24 18:15,161.813,161.830,161.783,161.786
2026-06-24 18:30,161.786,161.806,161.756,161.787
2026-06-24 18:45,161.791,161.793,161.755,161.756
2026-06-24 19:00,161.757,161.793,161.744,161.785
2026-06-24 19:15,161.781,161.843,161.781,161.831
2026-06-24 19:30,161.831,161.841,161.803,161.814
2026-06-24 19:45,161.808,161.826,161.781,161.815
2026-06-24 20:00,161.824,161.832,161.785,161.814
2026-06-24 20:15,161.808,161.829,161.798,161.805
2026-06-24 20:30,161.802,161.827,161.790,161.791
2026-06-24 20:45,161.789,161.822,161.748,161.755
2026-06-24 21:00,161.728,161.763,161.712,161.722
2026-06-24 21:15,161.721,161.764,161.709,161.736
2026-06-24 21:30,161.711,161.764,161.710,161.750
2026-06-24 21:45,161.750,161.786,161.725,161.739
2026-06-24 22:00,161.739,161.783,161.689,161.754
2026-06-24 22:15,161.764,161.773,161.741,161.746
2026-06-24 22:30,161.756,161.760,161.725,161.736
2026-06-24 22:45,161.737,161.779,161.736,161.769
2026-06-24 23:00,161.760,161.786,161.751,161.761
2026-06-24 23:15,161.761,161.785,161.743,161.780
2026-06-24 23:30,161.778,161.791,161.760,161.763
2026-06-24 23:45,161.763,161.789,161.758,161.763
2026-06-25 00:00,161.763,161.778,161.721,161.767
2026-06-25 00:15,161.768,161.782,161.724,161.746
2026-06-25 00:30,161.740,161.752,161.724,161.728
2026-06-25 00:45,161.730,161.751,161.691,161.706
2026-06-25 01:00,161.707,161.744,161.699,161.701
2026-06-25 01:15,161.701,161.717,161.550,161.663
2026-06-25 01:30,161.662,161.688,161.633,161.670
2026-06-25 01:45,161.670,161.741,161.670,161.719
2026-06-25 02:00,161.718,161.730,161.668,161.679
2026-06-25 02:15,161.675,161.682,161.656,161.678
2026-06-25 02:30,161.679,161.707,161.670,161.701
2026-06-25 02:45,161.696,161.721,161.688,161.707
2026-06-25 03:00,161.709,161.719,161.688,161.702
2026-06-25 03:15,161.700,161.724,161.689,161.710
2026-06-25 03:30,161.711,161.732,161.702,161.727
2026-06-25 03:45,161.723,161.754,161.714,161.725
2026-06-25 04:00,161.717,161.741,161.708,161.723
2026-06-25 04:15,161.723,161.741,161.700,161.724
2026-06-25 04:30,161.718,161.749,161.705,161.745
2026-06-25 04:45,161.745,161.776,161.736,161.766
2026-06-25 05:00,161.759,161.769,161.738,161.754
2026-06-25 05:15,161.754,161.760,161.720,161.734
2026-06-25 05:30,161.729,161.773,161.727,161.756
2026-06-25 05:45,161.756,161.828,161.754,161.823
2026-06-25 06:00,161.831,161.841,161.778,161.811
2026-06-25 06:15,161.804,161.835,161.800,161.834
2026-06-25 06:30,161.828,161.854,161.815,161.837
2026-06-25 06:45,161.831,161.891,161.828,161.880
2026-06-25 07:00,161.878,161.885,161.745,161.854
2026-06-25 07:15,161.854,161.900,161.801,161.812
2026-06-25 07:30,161.812,161.851,161.796,161.840
2026-06-25 07:45,161.837,161.860,161.799,161.805
2026-06-25 08:00,161.808,161.835,161.788,161.813
2026-06-25 08:15,161.812,161.819,161.769,161.797
2026-06-25 08:30,161.788,161.805,161.771,161.788
2026-06-25 08:45,161.788,161.836,161.776,161.793
2026-06-25 09:00,161.793,161.826,161.787,161.818
2026-06-25 09:15,161.810,161.840,161.802,161.829
2026-06-25 09:30,161.829,161.837,161.782,161.818
2026-06-25 09:45,161.817,161.827,161.801,161.809
2026-06-25 10:00,161.816,161.823,161.798,161.822
2026-06-25 10:15,161.819,161.835,161.808,161.829
2026-06-25 10:30,161.830,161.846,161.818,161.838
2026-06-25 10:45,161.838,161.897,161.836,161.878
2026-06-25 11:00,161.870,161.888,161.852,161.874
2026-06-25 11:15,161.869,161.904,161.867,161.893
2026-06-25 11:30,161.893,161.940,161.875,161.921
2026-06-25 11:45,161.923,161.950,161.736,161.858
2026-06-25 12:00,161.858,161.902,161.837,161.861
2026-06-25 12:15,161.860,161.901,161.848,161.848
2026-06-25 12:30,161.870,161.883,161.760,161.793
2026-06-25 12:45,161.782,161.850,161.773,161.833
2026-06-25 13:00,161.832,161.857,161.794,161.821
2026-06-25 13:15,161.817,161.841,161.773,161.774
2026-06-25 13:30,161.778,161.812,161.762,161.804
2026-06-25 13:45,161.800,161.823,161.696,161.738
2026-06-25 14:00,161.737,161.756,161.556,161.699
2026-06-25 14:15,161.698,161.762,161.674,161.740
2026-06-25 14:30,161.737,161.747,161.666,161.670
2026-06-25 14:45,161.669,161.682,161.605,161.675
2026-06-25 15:00,161.676,161.709,161.607,161.688
2026-06-25 15:15,161.690,161.718,161.616,161.650
2026-06-25 15:30,161.643,161.724,161.627,161.703
2026-06-25 15:45,161.698,161.724,161.650,161.668
2026-06-25 16:00,161.667,161.714,161.652,161.692
2026-06-25 16:15,161.693,161.703,161.655,161.683
2026-06-25 16:30,161.688,161.725,161.681,161.718
2026-06-25 16:45,161.716,161.765,161.706,161.762
2026-06-25 17:00,161.763,161.775,161.723,161.756
2026-06-25 17:15,161.750,161.783,161.747,161.768
2026-06-25 17:30,161.765,161.809,161.765,161.798
2026-06-25 17:45,161.798,161.810,161.743,161.770
2026-06-25 18:00,161.770,161.844,161.758,161.766
2026-06-25 18:15,161.759,161.778,161.755,161.758
2026-06-25 18:30,161.757,161.809,161.756,161.801
2026-06-25 18:45,161.801,161.814,161.762,161.794
2026-06-25 19:00,161.790,161.826,161.776,161.810
2026-06-25 19:15,161.801,161.811,161.772,161.776
2026-06-25 19:30,161.776,161.804,161.742,161.791
2026-06-25 19:45,161.790,161.823,161.774,161.783
2026-06-25 20:00,161.790,161.815,161.769,161.802
2026-06-25 20:15,161.797,161.809,161.780,161.790
2026-06-25 20:30,161.791,161.811,161.783,161.793
2026-06-25 20:45,161.784,161.810,161.767,161.774
2026-06-25 21:00,161.763,161.779,161.725,161.746
2026-06-25 21:15,161.747,161.786,161.662,161.766
2026-06-25 21:30,161.767,161.812,161.728,161.760
2026-06-25 21:45,161.766,161.804,161.689,161.735
2026-06-25 22:00,161.760,161.808,161.735,161.774
2026-06-25 22:15,161.774,161.804,161.762,161.775
2026-06-25 22:30,161.776,161.790,161.760,161.780
2026-06-25 22:45,161.779,161.799,161.761,161.784
2026-06-25 23:00,161.778,161.803,161.753,161.790
2026-06-25 23:15,161.790,161.818,161.790,161.790
2026-06-25 23:30,161.792,161.814,161.761,161.798
2026-06-25 23:45,161.793,161.810,161.777,161.802
2026-06-26 00:00,161.797,161.828,161.783,161.800
2026-06-26 00:15,161.799,161.823,161.784,161.814
2026-06-26 00:30,161.811,161.832,161.789,161.801
2026-06-26 00:45,161.798,161.842,161.794,161.832
2026-06-26 01:00,161.824,161.838,161.804,161.816
2026-06-26 01:15,161.812,161.844,161.806,161.834
2026-06-26 01:30,161.834,161.850,161.816,161.843
2026-06-26 01:45,161.844,161.845,161.787,161.805
2026-06-26 02:00,161.797,161.812,161.776,161.791
2026-06-26 02:15,161.788,161.818,161.782,161.809
2026-06-26 02:30,161.810,161.810,161.773,161.794
2026-06-26 02:45,161.790,161.804,161.763,161.769
2026-06-26 03:00,161.770,161.780,161.716,161.743
2026-06-26 03:15,161.736,161.757,161.719,161.728
2026-06-26 03:30,161.724,161.738,161.645,161.649
2026-06-26 03:45,161.652,161.674,161.614,161.648
2026-06-26 04:00,161.643,161.685,161.588,161.636
2026-06-26 04:15,161.629,161.655,161.559,161.591
2026-06-26 04:30,161.594,161.628,161.566,161.616
2026-06-26 04:45,161.604,161.657,161.603,161.622
2026-06-26 05:00,161.621,161.643,161.608,161.630
2026-06-26 05:15,161.621,161.639,161.590,161.597
2026-06-26 05:30,161.596,161.628,161.555,161.572
2026-06-26 05:45,161.571,161.596,161.531,161.536
2026-06-26 06:00,161.536,161.641,161.525,161.603
2026-06-26 06:15,161.603,161.687,161.600,161.670
2026-06-26 06:30,161.670,161.704,161.620,161.692
2026-06-26 06:45,161.692,161.750,161.689,161.711
2026-06-26 07:00,161.711,161.727,161.636,161.653
2026-06-26 07:15,161.656,161.709,161.646,161.687
2026-06-26 07:30,161.691,161.706,161.612,161.649
2026-06-26 07:45,161.643,161.665,161.616,161.627
2026-06-26 08:00,161.618,161.639,161.531,161.572
2026-06-26 08:15,161.567,161.601,161.553,161.578
2026-06-26 08:30,161.583,161.657,161.579,161.605
2026-06-26 08:45,161.606,161.642,161.561,161.589
2026-06-26 09:00,161.580,161.599,161.535,161.568
2026-06-26 09:15,161.566,161.631,161.541,161.592
2026-06-26 09:30,161.593,161.624,161.561,161.573
2026-06-26 09:45,161.573,161.611,161.526,161.605
2026-06-26 10:00,161.600,161.612,161.564,161.591
2026-06-26 10:15,161.588,161.643,161.588,161.602
2026-06-26 10:30,161.608,161.617,161.578,161.606
2026-06-26 10:45,161.614,161.631,161.604,161.613
2026-06-26 11:00,161.613,161.648,161.601,161.630
2026-06-26 11:15,161.624,161.639,161.604,161.620
2026-06-26 11:30,161.617,161.648,161.612,161.634
2026-06-26 11:45,161.631,161.682,161.631,161.661
2026-06-26 12:00,161.657,161.670,161.630,161.652
2026-06-26 12:15,161.652,161.681,161.632,161.667
2026-06-26 12:30,161.667,161.705,161.658,161.700
2026-06-26 12:45,161.692,161.703,161.642,161.653
2026-06-26 13:00,161.655,161.682,161.628,161.663
2026-06-26 13:15,161.658,161.723,161.634,161.648
2026-06-26 13:30,161.648,161.671,161.613,161.623
2026-06-26 13:45,161.623,161.689,161.606,161.622
2026-06-26 14:00,161.603,161.645,161.599,161.619
2026-06-26 14:15,161.619,161.628,161.573,161.610
2026-06-26 14:30,161.609,161.641,161.596,161.612
2026-06-26 14:45,161.609,161.741,161.583,161.730
2026-06-26 15:00,161.720,161.746,161.636,161.650
2026-06-26 15:15,161.650,161.680,161.638,161.661
2026-06-26 15:30,161.654,161.674,161.640,161.648
2026-06-26 15:45,161.647,161.727,161.627,161.666
2026-06-26 16:00,161.665,161.700,161.653,161.693
2026-06-26 16:15,161.694,161.748,161.683,161.732
2026-06-26 16:30,161.732,161.771,161.706,161.738
2026-06-26 16:45,161.739,161.766,161.728,161.751
2026-06-26 17:00,161.750,161.767,161.723,161.747
2026-06-26 17:15,161.748,161.753,161.728,161.739
2026-06-26 17:30,161.737,161.765,161.732,161.747
2026-06-26 17:45,161.739,161.777,161.729,161.772
2026-06-26 18:00,161.765,161.777,161.737,161.754
2026-06-26 18:15,161.750,161.768,161.726,161.733
2026-06-26 18:30,161.731,161.742,161.708,161.724
2026-06-26 18:45,161.730,161.749,161.705,161.732
2026-06-26 19:00,161.731,161.746,161.709,161.719
2026-06-26 19:15,161.719,161.741,161.719,161.735
2026-06-26 19:30,161.735,161.761,161.722,161.750
2026-06-26 19:45,161.748,161.766,161.703,161.757
2026-06-26 20:00,161.758,161.766,161.738,161.746
2026-06-26 20:15,161.746,161.780,161.718,161.745
2026-06-26 20:30,161.736,161.781,161.719,161.730
2026-06-26 20:45,161.730,161.777,161.693,161.693
2026-06-26 21:00,161.685,161.685,161.685,161.685
2026-06-26 21:15,161.730,161.730,161.730,161.730
2026-06-28 23:00,161.780,161.798,161.762,161.798
2026-06-28 23:15,161.792,161.799,161.783,161.787
2026-06-28 23:30,161.787,161.810,161.778,161.786
2026-06-28 23:45,161.789,161.808,161.772,161.787
2026-06-29 00:00,161.787,161.797,161.731,161.738
2026-06-29 00:15,161.738,161.789,161.721,161.764
2026-06-29 00:30,161.762,161.772,161.732,161.736
2026-06-29 00:45,161.736,161.770,161.711,161.754
2026-06-29 01:00,161.753,161.775,161.737,161.748
2026-06-29 01:15,161.750,161.778,161.727,161.766
2026-06-29 01:30,161.760,161.778,161.746,161.767
2026-06-29 01:45,161.766,161.794,161.762,161.790
2026-06-29 02:00,161.787,161.792,161.736,161.750
2026-06-29 02:15,161.749,161.762,161.725,161.761
2026-06-29 02:30,161.754,161.783,161.752,161.766
2026-06-29 02:45,161.766,161.792,161.760,161.783
2026-06-29 03:00,161.782,161.794,161.774,161.786
2026-06-29 03:15,161.781,161.788,161.770,161.774
2026-06-29 03:30,161.774,161.788,161.767,161.779
2026-06-29 03:45,161.778,161.799,161.767,161.799
2026-06-29 04:00,161.790,161.799,161.778,161.785
2026-06-29 04:15,161.786,161.814,161.782,161.808
2026-06-29 04:30,161.808,161.815,161.790,161.800
2026-06-29 04:45,161.799,161.815,161.785,161.808
2026-06-29 05:00,161.808,161.816,161.777,161.784
2026-06-29 05:15,161.784,161.811,161.782,161.796
2026-06-29 05:30,161.794,161.806,161.785,161.788
2026-06-29 05:45,161.789,161.809,161.775,161.803
2026-06-29 06:00,161.796,161.822,161.787,161.807
2026-06-29 06:15,161.806,161.851,161.804,161.837
2026-06-29 06:30,161.838,161.852,161.796,161.797
2026-06-29 06:45,161.800,161.817,161.770,161.791
2026-06-29 07:00,161.785,161.818,161.785,161.806
2026-06-29 07:15,161.799,161.818,161.782,161.785
2026-06-29 07:30,161.785,161.812,161.784,161.799
2026-06-29 07:45,161.799,161.832,161.796,161.820
2026-06-29 08:00,161.819,161.829,161.796,161.807
2026-06-29 08:15,161.808,161.850,161.798,161.842
2026-06-29 08:30,161.838,161.857,161.829,161.849
2026-06-29 08:45,161.849,161.860,161.831,161.848
2026-06-29 09:00,161.848,161.860,161.825,161.852
2026-06-29 09:15,161.860,161.882,161.846,161.875
2026-06-29 09:30,161.867,161.898,161.862,161.887
2026-06-29 09:45,161.887,161.900,161.873,161.885
2026-06-29 10:00,161.879,161.901,161.872,161.885
2026-06-29 10:15,161.879,161.899,161.874,161.875
2026-06-29 10:30,161.875,161.884,161.862,161.873
2026-06-29 10:45,161.866,161.884,161.840,161.852
2026-06-29 11:00,161.850,161.863,161.837,161.851
2026-06-29 11:15,161.852,161.861,161.827,161.828
2026-06-29 11:30,161.828,161.848,161.805,161.837
2026-06-29 11:45,161.847,161.852,161.811,161.834
2026-06-29 12:00,161.832,161.860,161.827,161.849
2026-06-29 12:15,161.844,161.888,161.842,161.878
2026-06-29 12:30,161.878,161.905,161.861,161.887
2026-06-29 12:45,161.887,161.902,161.874,161.888
2026-06-29 13:00,161.889,161.899,161.877,161.888
2026-06-29 13:15,161.888,161.936,161.883,161.919
2026-06-29 13:30,161.919,161.947,161.891,161.939
2026-06-29 13:45,161.932,161.965,161.894,161.952
2026-06-29 14:00,161.953,161.957,161.803,161.900
2026-06-29 14:15,161.909,161.931,161.876,161.921
2026-06-29 14:30,161.912,161.928,161.890,161.921
2026-06-29 14:45,161.920,161.939,161.902,161.924
2026-06-29 15:00,161.924,161.944,161.918,161.930
2026-06-29 15:15,161.930,161.948,161.915,161.930
2026-06-29 15:30,161.927,161.953,161.919,161.933
2026-06-29 15:45,161.924,161.940,161.918,161.929
2026-06-29 16:00,161.933,161.939,161.911,161.934
2026-06-29 16:15,161.926,161.941,161.920,161.937
2026-06-29 16:30,161.933,161.941,161.921,161.930
2026-06-29 16:45,161.928,161.946,161.916,161.937
2026-06-29 17:00,161.938,161.946,161.929,161.934
2026-06-29 17:15,161.930,161.960,161.930,161.945
2026-06-29 17:30,161.943,161.952,161.924,161.944
2026-06-29 17:45,161.941,161.951,161.912,161.927
2026-06-29 18:00,161.931,161.949,161.926,161.929
2026-06-29 18:15,161.935,161.946,161.921,161.940
2026-06-29 18:30,161.940,161.951,161.938,161.940
2026-06-29 18:45,161.940,161.984,161.938,161.965
2026-06-29 19:00,161.965,161.972,161.942,161.960
2026-06-29 19:15,161.955,161.961,161.931,161.941
2026-06-29 19:30,161.936,161.941,161.919,161.926
2026-06-29 19:45,161.924,161.948,161.900,161.942
2026-06-29 20:00,161.943,161.957,161.928,161.930
2026-06-29 20:15,161.929,161.945,161.923,161.935
2026-06-29 20:30,161.935,161.963,161.933,161.941
2026-06-29 20:45,161.941,161.969,161.904,161.926
2026-06-29 21:00,161.928,161.928,161.855,161.896
2026-06-29 21:15,161.902,161.926,161.852,161.874
2026-06-29 21:30,161.889,161.911,161.850,161.865
2026-06-29 21:45,161.865,161.911,161.835,161.895
2026-06-29 22:00,161.890,161.940,161.829,161.931
2026-06-29 22:15,161.931,161.944,161.905,161.924
2026-06-29 22:30,161.914,161.939,161.912,161.935
2026-06-29 22:45,161.920,161.938,161.911,161.925
2026-06-29 23:00,161.924,161.926,161.900,161.921
2026-06-29 23:15,161.915,161.930,161.909,161.912
2026-06-29 23:30,161.914,161.929,161.900,161.908
2026-06-29 23:45,161.909,161.929,161.904,161.926
2026-06-30 00:00,161.918,161.958,161.916,161.946
2026-06-30 00:15,161.944,161.964,161.933,161.949
2026-06-30 00:30,161.947,161.972,161.941,161.964
2026-06-30 00:45,161.964,162.404,161.960,162.125
2026-06-30 01:00,162.133,162.306,162.097,162.252
2026-06-30 01:15,162.252,162.268,162.053,162.122
2026-06-30 01:30,162.116,162.193,162.045,162.188
2026-06-30 01:45,162.188,162.206,162.136,162.176
2026-06-30 02:00,162.176,162.200,162.115,162.126
2026-06-30 02:15,162.135,162.175,162.102,162.138
2026-06-30 02:30,162.138,162.152,162.107,162.132
2026-06-30 02:45,162.128,162.189,162.116,162.148
2026-06-30 03:00,162.142,162.204,162.126,162.201
2026-06-30 03:15,162.196,162.244,162.039,162.145
2026-06-30 03:30,162.139,162.174,162.110,162.169
2026-06-30 03:45,162.162,162.180,162.153,162.167
2026-06-30 04:00,162.166,162.197,162.153,162.183
2026-06-30 04:15,162.176,162.192,162.153,162.165
2026-06-30 04:30,162.169,162.194,162.142,162.180
2026-06-30 04:45,162.174,162.203,162.163,162.196
2026-06-30 05:00,162.190,162.227,162.145,162.207
2026-06-30 05:15,162.205,162.216,162.168,162.193
2026-06-30 05:30,162.193,162.235,162.188,162.225
2026-06-30 05:45,162.218,162.292,162.218,162.283
2026-06-30 06:00,162.286,162.413,162.248,162.325
2026-06-30 06:15,162.314,162.336,162.228,162.241
2026-06-30 06:30,162.246,162.318,162.241,162.256
2026-06-30 06:45,162.266,162.292,162.196,162.203
2026-06-30 07:00,162.206,162.240,162.177,162.214
2026-06-30 07:15,162.220,162.232,162.147,162.161
2026-06-30 07:30,162.161,162.178,162.108,162.176
2026-06-30 07:45,162.168,162.268,162.156,162.250
2026-06-30 08:00,162.259,162.327,162.217,162.327
2026-06-30 08:15,162.320,162.340,162.281,162.305
2026-06-30 08:30,162.303,162.389,162.293,162.384
2026-06-30 08:45,162.376,162.412,162.302,162.306
2026-06-30 09:00,162.308,162.346,162.262,162.294
2026-06-30 09:15,162.296,162.329,162.268,162.294
2026-06-30 09:30,162.294,162.321,162.282,162.299
2026-06-30 09:45,162.299,162.315,162.263,162.289
2026-06-30 10:00,162.293,162.332,162.283,162.318
2026-06-30 10:15,162.318,162.336,162.297,162.333
2026-06-30 10:30,162.324,162.356,162.319,162.346
2026-06-30 10:45,162.342,162.357,162.306,162.307
2026-06-30 11:00,162.312,162.354,162.307,162.349
2026-06-30 11:15,162.340,162.395,162.339,162.373
2026-06-30 11:30,162.373,162.428,162.368,162.389
2026-06-30 11:45,162.393,162.423,162.378,162.408
2026-06-30 12:00,162.408,162.450,162.396,162.412
2026-06-30 12:15,162.422,162.498,162.411,162.478
2026-06-30 12:30,162.471,162.514,162.012,162.399
2026-06-30 12:45,162.406,162.441,162.372,162.398
2026-06-30 13:00,162.398,162.419,162.343,162.372
2026-06-30 13:15,162.369,162.386,162.309,162.335
2026-06-30 13:30,162.336,162.424,162.317,162.392
2026-06-30 13:45,162.391,162.477,162.390,162.448
2026-06-30 14:00,162.462,162.509,162.412,162.446
2026-06-30 14:15,162.448,162.459,162.379,162.401
2026-06-30 14:30,162.401,162.434,162.396,162.402
2026-06-30 14:45,162.406,162.554,162.348,162.516
2026-06-30 15:00,162.511,162.544,162.464,162.503
2026-06-30 15:15,162.510,162.549,162.502,162.540
2026-06-30 15:30,162.538,162.662,162.524,162.651
2026-06-30 15:45,162.650,162.659,162.578,162.614
2026-06-30 16:00,162.614,162.668,162.607,162.652
2026-06-30 16:15,162.652,162.670,162.612,162.619
2026-06-30 16:30,162.618,162.635,162.595,162.616
2026-06-30 16:45,162.607,162.658,162.595,162.648
2026-06-30 17:00,162.643,162.649,162.607,162.631
2026-06-30 17:15,162.623,162.632,162.576,162.590
2026-06-30 17:30,162.584,162.612,162.581,162.601
2026-06-30 17:45,162.597,162.605,162.551,162.585
2026-06-30 18:00,162.578,162.606,162.558,162.594
2026-06-30 18:15,162.586,162.608,162.571,162.580
2026-06-30 18:30,162.580,162.615,162.572,162.609
2026-06-30 18:45,162.609,162.621,162.554,162.612
2026-06-30 19:00,162.612,162.621,162.570,162.589
2026-06-30 19:15,162.583,162.632,162.573,162.621
2026-06-30 19:30,162.617,162.631,162.583,162.610
2026-06-30 19:45,162.606,162.623,162.573,162.573
2026-06-30 20:00,162.578,162.596,162.564,162.569
2026-06-30 20:15,162.568,162.586,162.544,162.573
2026-06-30 20:30,162.577,162.614,162.564,162.565
2026-06-30 20:45,162.569,162.594,162.473,162.473
2026-06-30 21:00,162.520,162.617,162.468,162.600
2026-06-30 21:15,162.600,162.612,162.560,162.600
2026-06-30 21:30,162.596,162.606,162.499,162.509
2026-06-30 21:45,162.509,162.574,162.487,162.544
2026-06-30 22:00,162.548,162.627,162.539,162.618
2026-06-30 22:15,162.598,162.625,162.588,162.619
2026-06-30 22:30,162.611,162.626,162.596,162.599
2026-06-30 22:45,162.600,162.622,162.596,162.605
2026-06-30 23:00,162.600,162.611,162.580,162.580
2026-06-30 23:15,162.580,162.594,162.520,162.569
2026-06-30 23:30,162.573,162.588,162.543,162.577
2026-06-30 23:45,162.577,162.649,162.575,162.627
2026-07-01 00:00,162.627,162.687,162.626,162.684
2026-07-01 00:15,162.674,162.697,162.630,162.639
2026-07-01 00:30,162.635,162.732,162.635,162.726
2026-07-01 00:45,162.726,162.777,162.650,162.681
2026-07-01 01:00,162.686,162.735,162.646,162.727
2026-07-01 01:15,162.725,162.735,162.632,162.667
2026-07-01 01:30,162.670,162.676,162.582,162.634
2026-07-01 01:45,162.624,162.689,162.600,162.678
2026-07-01 02:00,162.678,162.704,162.659,162.671
2026-07-01 02:15,162.672,162.697,162.653,162.683
2026-07-01 02:30,162.683,162.738,162.679,162.729
2026-07-01 02:45,162.729,162.793,162.715,162.744
2026-07-01 03:00,162.743,162.772,162.725,162.764
2026-07-01 03:15,162.762,162.809,162.759,162.798
2026-07-01 03:30,162.798,162.841,162.791,162.827
2026-07-01 03:45,162.827,162.840,162.787,162.794
2026-07-01 04:00,162.792,162.813,162.776,162.776
2026-07-01 04:15,162.785,162.799,162.766,162.782
2026-07-01 04:30,162.782,162.791,162.556,162.684
2026-07-01 04:45,162.684,162.730,162.666,162.728
2026-07-01 05:00,162.718,162.762,162.705,162.720
2026-07-01 05:15,162.716,162.742,162.686,162.732
2026-07-01 05:30,162.724,162.744,162.685,162.699
2026-07-01 05:45,162.690,162.712,162.678,162.703
2026-07-01 06:00,162.707,162.758,162.694,162.735
2026-07-01 06:15,162.733,162.742,162.688,162.704
2026-07-01 06:30,162.701,162.728,162.672,162.688
2026-07-01 06:45,162.692,162.700,162.650,162.669
2026-07-01 07:00,162.669,162.689,162.604,162.637
2026-07-01 07:15,162.629,162.721,162.629,162.701
2026-07-01 07:30,162.700,162.703,162.611,162.659
2026-07-01 07:45,162.652,162.683,162.627,162.669
2026-07-01 08:00,162.666,162.704,162.654,162.675
2026-07-01 08:15,162.675,162.686,162.641,162.643
2026-07-01 08:30,162.643,162.662,162.626,162.635
2026-07-01 08:45,162.639,162.666,162.627,162.665
2026-07-01 09:00,162.653,162.691,162.643,162.680
2026-07-01 09:15,162.675,162.717,162.657,162.664
2026-07-01 09:30,162.669,162.698,162.656,162.681
2026-07-01 09:45,162.681,162.744,162.679,162.736
2026-07-01 10:00,162.729,162.747,162.680,162.688
2026-07-01 10:15,162.688,162.705,162.667,162.681
2026-07-01 10:30,162.681,162.704,162.669,162.696
2026-07-01 10:45,162.689,162.701,162.669,162.684
2026-07-01 11:00,162.682,162.722,162.676,162.702
2026-07-01 11:15,162.708,162.711,162.688,162.688
2026-07-01 11:30,162.688,162.736,162.683,162.689
2026-07-01 11:45,162.689,162.715,162.685,162.690
2026-07-01 12:00,162.688,162.713,162.675,162.675
2026-07-01 12:15,162.691,162.710,162.646,162.690
2026-07-01 12:30,162.690,162.759,162.677,162.740
2026-07-01 12:45,162.740,162.767,162.680,162.695
2026-07-01 13:00,162.698,162.734,162.669,162.723
2026-07-01 13:15,162.717,162.725,162.540,162.559
2026-07-01 13:30,162.562,162.567,162.371,162.392
2026-07-01 13:45,162.390,162.464,162.286,162.397
2026-07-01 14:00,162.393,162.442,162.329,162.373
2026-07-01 14:15,162.380,162.450,162.304,162.441
2026-07-01 14:30,162.441,162.452,162.311,162.360
2026-07-01 14:45,162.361,162.450,162.350,162.391
2026-07-01 15:00,162.390,162.458,162.366,162.411
2026-07-01 15:15,162.411,162.477,162.394,162.413
2026-07-01 15:30,162.401,162.467,162.383,162.453
2026-07-01 15:45,162.457,162.461,162.392,162.409
2026-07-01 16:00,162.408,162.415,162.351,162.388
2026-07-01 16:15,162.391,162.422,162.366,162.387
2026-07-01 16:30,162.387,162.462,162.377,162.443
2026-07-01 16:45,162.443,162.463,162.410,162.451
2026-07-01 17:00,162.453,162.488,162.419,162.477
2026-07-01 17:15,162.483,162.496,162.457,162.488
2026-07-01 17:30,162.478,162.538,162.474,162.522
2026-07-01 17:45,162.520,162.547,162.496,162.529
2026-07-01 18:00,162.533,162.550,162.511,162.537
2026-07-01 18:15,162.537,162.583,162.537,162.569
2026-07-01 18:30,162.569,162.583,162.532,162.538
2026-07-01 18:45,162.539,162.550,162.506,162.518
2026-07-01 19:00,162.522,162.530,162.504,162.520
2026-07-01 19:15,162.517,162.549,162.514,162.523
2026-07-01 19:30,162.517,162.527,162.503,162.516
2026-07-01 19:45,162.515,162.584,162.513,162.569
2026-07-01 20:00,162.566,162.583,162.544,162.564
2026-07-01 20:15,162.562,162.603,162.562,162.592
2026-07-01 20:30,162.592,162.610,162.585,162.607
2026-07-01 20:45,162.595,162.619,162.562,162.575
2026-07-01 21:00,162.571,162.594,162.502,162.540
2026-07-01 21:15,162.538,162.543,162.505,162.537
2026-07-01 21:30,162.511,162.552,162.509,162.529
2026-07-01 21:45,162.530,162.556,162.503,162.507
2026-07-01 22:00,162.507,162.572,162.505,162.542
2026-07-01 22:15,162.542,162.558,162.535,162.548
2026-07-01 22:30,162.539,162.555,162.526,162.539
2026-07-01 22:45,162.528,162.543,162.523,162.531
2026-07-01 23:00,162.532,162.558,162.523,162.555
2026-07-01 23:15,162.543,162.575,162.543,162.569
2026-07-01 23:30,162.563,162.588,162.547,162.572
2026-07-01 23:45,162.563,162.571,162.509,162.541
2026-07-02 00:00,162.541,162.571,162.476,162.510
2026-07-02 00:15,162.510,162.592,162.506,162.582
2026-07-02 00:30,162.574,162.596,162.528,162.571
2026-07-02 00:45,162.572,162.600,162.524,162.559
2026-07-02 01:00,162.556,162.576,162.522,162.562
2026-07-02 01:15,162.555,162.586,162.550,162.565
2026-07-02 01:30,162.556,162.584,162.527,162.541
2026-07-02 01:45,162.539,162.551,162.498,162.527
2026-07-02 02:00,162.528,162.554,162.507,162.527
2026-07-02 02:15,162.517,162.541,162.507,162.526
2026-07-02 02:30,162.517,162.530,162.490,162.510
2026-07-02 02:45,162.510,162.529,162.492,162.517
2026-07-02 03:00,162.521,162.545,162.516,162.530
2026-07-02 03:15,162.529,162.539,162.510,162.516
2026-07-02 03:30,162.516,162.528,162.511,162.520
2026-07-02 03:45,162.516,162.525,162.429,162.457
2026-07-02 04:00,162.453,162.461,162.354,162.409
2026-07-02 04:15,162.414,162.448,162.408,162.438
2026-07-02 04:30,162.438,162.454,162.409,162.421
2026-07-02 04:45,162.421,162.435,162.384,162.425
2026-07-02 05:00,162.426,162.434,162.384,162.399
2026-07-02 05:15,162.394,162.420,162.383,162.398
2026-07-02 05:30,162.393,162.412,162.360,162.381
2026-07-02 05:45,162.380,162.394,162.310,162.329
2026-07-02 06:00,162.326,162.336,162.119,162.233
2026-07-02 06:15,162.233,162.269,162.188,162.248
2026-07-02 06:30,162.247,162.256,162.169,162.195
2026-07-02 06:45,162.195,162.213,161.104,161.811
2026-07-02 07:00,161.811,161.950,161.593,161.656
2026-07-02 07:15,161.660,161.801,161.628,161.676
2026-07-02 07:30,161.670,161.733,161.408,161.498
2026-07-02 07:45,161.482,161.593,161.366,161.423
2026-07-02 08:00,161.432,161.461,161.155,161.197
2026-07-02 08:15,161.196,161.335,161.169,161.204
2026-07-02 08:30,161.191,161.266,161.056,161.193
2026-07-02 08:45,161.198,161.259,160.892,161.021
2026-07-02 09:00,161.018,161.337,161.015,161.316
2026-07-02 09:15,161.306,161.342,161.186,161.234
2026-07-02 09:30,161.234,161.259,161.113,161.224
2026-07-02 09:45,161.213,161.265,161.108,161.192
2026-07-02 10:00,161.188,161.308,161.187,161.303
2026-07-02 10:15,161.294,161.490,161.282,161.469
2026-07-02 10:30,161.461,161.480,161.413,161.438
2026-07-02 10:45,161.442,161.450,161.323,161.352
2026-07-02 11:00,161.360,161.431,161.324,161.376
2026-07-02 11:15,161.366,161.387,161.316,161.364
2026-07-02 11:30,161.353,161.468,161.353,161.466
2026-07-02 11:45,161.467,161.502,161.441,161.474
2026-07-02 12:00,161.470,161.601,161.463,161.593
2026-07-02 12:15,161.583,161.644,161.461,161.520
2026-07-02 12:30,161.522,161.523,160.620,160.750
2026-07-02 12:45,160.743,161.036,160.731,161.017
2026-07-02 13:00,161.017,161.084,160.924,161.024
2026-07-02 13:15,161.025,161.159,161.001,161.118
2026-07-02 13:30,161.109,161.121,160.922,160.967
2026-07-02 13:45,160.965,160.978,160.845,160.858
2026-07-02 14:00,160.850,160.988,160.825,160.854
2026-07-02 14:15,160.852,161.064,160.833,161.051
2026-07-02 14:30,161.044,161.115,161.005,161.084
2026-07-02 14:45,161.089,161.120,160.990,161.038
2026-07-02 15:00,161.035,161.081,160.899,160.930
2026-07-02 15:15,160.919,160.955,160.823,160.897
2026-07-02 15:30,160.894,160.903,160.753,160.856
2026-07-02 15:45,160.847,160.938,160.844,160.903
2026-07-02 16:00,160.907,160.989,160.886,160.944
2026-07-02 16:15,160.936,161.077,160.933,161.067
2026-07-02 16:30,161.058,161.095,160.998,161.015
2026-07-02 16:45,161.022,161.032,160.934,160.987
2026-07-02 17:00,160.978,161.044,160.976,161.023
2026-07-02 17:15,161.023,161.124,161.023,161.108
2026-07-02 17:30,161.108,161.126,161.063,161.098
2026-07-02 17:45,161.096,161.126,161.052,161.067
2026-07-02 18:00,161.067,161.075,161.014,161.073
2026-07-02 18:15,161.067,161.105,161.038,161.071
2026-07-02 18:30,161.071,161.090,161.024,161.063
2026-07-02 18:45,161.056,161.069,161.036,161.043
2026-07-02 19:00,161.043,161.099,161.042,161.061
2026-07-02 19:15,161.054,161.126,161.052,161.115
2026-07-02 19:30,161.115,161.173,161.114,161.156
2026-07-02 19:45,161.156,161.168,161.112,161.122
2026-07-02 20:00,161.120,161.141,161.089,161.090
2026-07-02 20:15,161.090,161.104,161.057,161.067
2026-07-02 20:30,161.064,161.115,161.064,161.104
2026-07-02 20:45,161.100,161.135,161.083,161.085
2026-07-02 21:00,161.104,161.104,160.986,161.089
2026-07-02 21:15,161.080,161.099,161.020,161.081
2026-07-02 21:30,161.082,161.116,161.072,161.112
2026-07-02 21:45,161.108,161.113,161.059,161.064
2026-07-02 22:00,161.067,161.130,160.999,161.087
2026-07-02 22:15,161.108,161.148,161.087,161.148
2026-07-02 22:30,161.148,161.279,161.131,161.250
2026-07-02 22:45,161.241,161.304,161.227,161.268
2026-07-02 23:00,161.249,161.281,161.227,161.254
2026-07-02 23:15,161.250,161.264,161.223,161.250
2026-07-02 23:30,161.248,161.358,161.248,161.354
2026-07-02 23:45,161.342,161.469,161.330,161.449
2026-07-03 00:00,161.449,161.524,161.385,161.486
2026-07-03 00:15,161.488,161.500,161.424,161.440
2026-07-03 00:30,161.434,161.457,161.383,161.396
2026-07-03 00:45,161.385,161.398,161.180,161.192
2026-07-03 01:00,161.187,161.274,161.073,161.074
2026-07-03 01:15,161.073,161.106,160.909,161.093
2026-07-03 01:30,161.094,161.191,161.067,161.140
2026-07-03 01:45,161.153,161.256,161.139,161.230
2026-07-03 02:00,161.226,161.249,161.127,161.155
2026-07-03 02:15,161.158,161.178,161.112,161.141
2026-07-03 02:30,161.148,161.230,161.114,161.163
2026-07-03 02:45,161.172,161.197,161.124,161.165
2026-07-03 03:00,161.166,161.224,161.139,161.185
2026-07-03 03:15,161.175,161.217,161.173,161.192
2026-07-03 03:30,161.189,161.214,161.162,161.189
2026-07-03 03:45,161.192,161.200,161.135,161.165
2026-07-03 04:00,161.165,161.211,161.160,161.177
2026-07-03 04:15,161.175,161.202,161.153,161.168
2026-07-03 04:30,161.168,161.210,161.163,161.185
2026-07-03 04:45,161.184,161.198,161.119,161.119
2026-07-03 05:00,161.120,161.130,160.974,161.050
2026-07-03 05:15,161.051,161.087,160.994,161.061
2026-07-03 05:30,161.063,161.150,161.036,161.119
2026-07-03 05:45,161.120,161.180,161.115,161.158
2026-07-03 06:00,161.155,161.166,161.032,161.051
2026-07-03 06:15,161.041,161.057,160.941,160.981
2026-07-03 06:30,160.977,161.015,160.466,160.747
2026-07-03 06:45,160.759,160.886,160.631,160.860
2026-07-03 07:00,160.862,160.924,160.720,160.729
2026-07-03 07:15,160.740,160.870,160.707,160.742
2026-07-03 07:30,160.736,160.998,160.731,160.913
2026-07-03 07:45,160.907,160.951,160.740,160.795
2026-07-03 08:00,160.791,160.906,160.765,160.857
2026-07-03 08:15,160.850,160.900,160.814,160.853
2026-07-03 08:30,160.863,160.941,160.853,160.916
2026-07-03 08:45,160.919,161.038,160.914,161.028
2026-07-03 09:00,161.032,161.068,160.956,160.959
2026-07-03 09:15,160.959,161.063,160.955,161.047
2026-07-03 09:30,161.046,161.050,161.009,161.029
2026-07-03 09:45,161.026,161.130,161.024,161.128
2026-07-03 10:00,161.118,161.169,161.099,161.123
2026-07-03 10:15,161.122,161.141,161.101,161.120
2026-07-03 10:30,161.125,161.158,161.114,161.138
2026-07-03 10:45,161.129,161.136,161.067,161.092
2026-07-03 11:00,161.089,161.130,161.048,161.067
2026-07-03 11:15,161.061,161.105,161.054,161.099
2026-07-03 11:30,161.098,161.141,161.096,161.125
2026-07-03 11:45,161.128,161.161,161.103,161.111
2026-07-03 12:00,161.105,161.152,161.101,161.130
2026-07-03 12:15,161.130,161.153,161.120,161.127
2026-07-03 12:30,161.124,161.146,161.104,161.130
2026-07-03 12:45,161.123,161.173,161.100,161.167
2026-07-03 13:00,161.169,161.275,161.161,161.252
2026-07-03 13:15,161.246,161.260,161.186,161.202
2026-07-03 13:30,161.202,161.255,161.202,161.244
2026-07-03 13:45,161.245,161.271,161.221,161.254
2026-07-03 14:00,161.244,161.277,161.221,161.234
2026-07-03 14:15,161.232,161.251,161.202,161.213
2026-07-03 14:30,161.219,161.249,161.197,161.234
2026-07-03 14:45,161.241,161.295,161.217,161.287
2026-07-03 15:00,161.289,161.345,161.270,161.295
2026-07-03 15:15,161.287,161.319,161.263,161.274
2026-07-03 15:30,161.280,161.308,161.268,161.300
2026-07-03 15:45,161.292,161.331,161.279,161.317
2026-07-03 16:00,161.306,161.342,161.292,161.328
2026-07-03 16:15,161.341,161.367,161.326,161.356
2026-07-03 16:30,161.358,161.394,161.346,161.384
2026-07-03 16:45,161.379,161.390,161.332,161.338
2026-07-03 17:00,161.338,161.359,161.285,161.328
2026-07-03 17:15,161.326,161.346,161.300,161.306
2026-07-03 17:30,161.309,161.336,161.263,161.303
2026-07-03 17:45,161.302,161.309,161.268,161.304
2026-07-03 18:00,161.288,161.339,161.275,161.319
2026-07-03 18:15,161.321,161.340,161.304,161.325
2026-07-03 18:30,161.313,161.337,161.307,161.318
2026-07-03 18:45,161.330,161.359,161.317,161.339
2026-07-03 19:00,161.341,161.363,161.322,161.348
2026-07-03 19:15,161.351,161.359,161.332,161.351
2026-07-03 19:30,161.353,161.380,161.339,161.370
2026-07-03 19:45,161.372,161.373,161.337,161.359
2026-07-03 20:00,161.359,161.387,161.343,161.360
2026-07-03 20:15,161.372,161.390,161.351,161.381
2026-07-03 20:30,161.375,161.383,161.294,161.367
2026-07-03 20:45,161.370,161.429,161.262,161.337
2026-07-05 23:00,161.405,161.478,161.405,161.461
2026-07-05 23:15,161.461,161.507,161.444,161.462
2026-07-05 23:30,161.463,161.487,161.448,161.460
2026-07-05 23:45,161.454,161.477,161.413,161.460
2026-07-06 00:00,161.452,161.590,161.452,161.538
2026-07-06 00:15,161.531,161.542,161.449,161.495
2026-07-06 00:30,161.493,161.546,161.468,161.520
2026-07-06 00:45,161.524,161.607,161.462,161.528
2026-07-06 01:00,161.532,161.623,161.524,161.593
2026-07-06 01:15,161.593,161.775,161.593,161.774
2026-07-06 01:30,161.761,161.775,161.694,161.700
2026-07-06 01:45,161.698,161.817,161.696,161.804
2026-07-06 02:00,161.805,161.852,161.773,161.824
2026-07-06 02:15,161.830,161.839,161.776,161.790
2026-07-06 02:30,161.791,161.827,161.786,161.800
2026-07-06 02:45,161.791,161.806,161.742,161.768
2026-07-06 03:00,161.767,161.804,161.757,161.792
2026-07-06 03:15,161.792,161.827,161.778,161.820
2026-07-06 03:30,161.818,161.835,161.790,161.790
2026-07-06 03:45,161.794,161.863,161.789,161.832
2026-07-06 04:00,161.832,161.852,161.802,161.818
2026-07-06 04:15,161.819,161.851,161.802,161.850
2026-07-06 04:30,161.843,161.936,161.830,161.908
2026-07-06 04:45,161.909,161.947,161.907,161.934
2026-07-06 05:00,161.934,161.992,161.876,161.935
2026-07-06 05:15,161.934,161.971,161.933,161.950
2026-07-06 05:30,161.949,161.965,161.931,161.947
2026-07-06 05:45,161.940,162.086,161.938,162.072
2026-07-06 06:00,162.069,162.157,162.021,162.118
2026-07-06 06:15,162.123,162.277,162.117,162.172
2026-07-06 06:30,162.174,162.212,162.108,162.115
2026-07-06 06:45,162.108,162.308,162.102,162.246
2026-07-06 07:00,162.248,162.315,162.222,162.232
2026-07-06 07:15,162.232,162.307,162.214,162.260
2026-07-06 07:30,162.259,162.266,162.153,162.166
2026-07-06 07:45,162.175,162.204,162.149,162.153
2026-07-06 08:00,162.155,162.293,162.153,162.247
2026-07-06 08:15,162.242,162.257,162.206,162.230
2026-07-06 08:30,162.225,162.263,162.221,162.250
2026-07-06 08:45,162.243,162.263,162.225,162.240
2026-07-06 09:00,162.240,162.301,162.223,162.274
2026-07-06 09:15,162.276,162.303,162.250,162.291
2026-07-06 09:30,162.285,162.302,162.247,162.273
2026-07-06 09:45,162.263,162.349,162.262,162.325
2026-07-06 10:00,162.324,162.412,162.249,162.253
2026-07-06 10:15,162.251,162.341,162.251,162.332
2026-07-06 10:30,162.332,162.350,162.296,162.305
2026-07-06 10:45,162.307,162.325,162.291,162.302
2026-07-06 11:00,162.304,162.324,162.277,162.302
2026-07-06 11:15,162.296,162.317,162.279,162.298
2026-07-06 11:30,162.290,162.324,162.283,162.313
2026-07-06 11:45,162.313,162.356,162.298,162.331
2026-07-06 12:00,162.329,162.352,162.295,162.315
2026-07-06 12:15,162.315,162.349,162.302,162.341
2026-07-06 12:30,162.340,162.411,162.315,162.382
2026-07-06 12:45,162.384,162.427,162.348,162.398
2026-07-06 13:00,162.395,162.420,162.303,162.355
2026-07-06 13:15,162.359,162.365,162.302,162.329
2026-07-06 13:30,162.338,162.387,162.316,162.353
2026-07-06 13:45,162.352,162.388,162.315,162.320
2026-07-06 14:00,162.327,162.361,162.266,162.275
2026-07-06 14:15,162.276,162.311,162.274,162.294
2026-07-06 14:30,162.299,162.359,162.286,162.330
2026-07-06 14:45,162.332,162.385,162.314,162.359
2026-07-06 15:00,162.360,162.369,162.284,162.321
2026-07-06 15:15,162.321,162.352,162.307,162.331
2026-07-06 15:30,162.338,162.354,162.280,162.292
2026-07-06 15:45,162.287,162.303,162.265,162.284
2026-07-06 16:00,162.278,162.317,162.273,162.284
2026-07-06 16:15,162.287,162.290,162.235,162.238
2026-07-06 16:30,162.237,162.284,162.237,162.274
2026-07-06 16:45,162.274,162.304,162.252,162.255
2026-07-06 17:00,162.254,162.274,162.243,162.247
2026-07-06 17:15,162.247,162.261,162.163,162.188
2026-07-06 17:30,162.188,162.212,162.137,162.145
2026-07-06 17:45,162.154,162.175,162.137,162.170
2026-07-06 18:00,162.167,162.189,162.152,162.157
2026-07-06 18:15,162.152,162.163,162.126,162.136
2026-07-06 18:30,162.135,162.164,162.094,162.103
2026-07-06 18:45,162.102,162.133,162.008,162.040
2026-07-06 19:00,162.036,162.099,162.036,162.081
2026-07-06 19:15,162.075,162.112,162.072,162.106
2026-07-06 19:30,162.103,162.116,162.033,162.099
2026-07-06 19:45,162.102,162.108,162.025,162.044
2026-07-06 20:00,162.043,162.095,162.023,162.079
2026-07-06 20:15,162.081,162.099,162.039,162.068
2026-07-06 20:30,162.062,162.111,162.055,162.095
2026-07-06 20:45,162.083,162.114,162.055,162.070
2026-07-06 21:00,162.068,162.091,162.026,162.054
2026-07-06 21:15,162.041,162.060,162.033,162.043
2026-07-06 21:30,162.044,162.100,162.033,162.068
2026-07-06 21:45,162.037,162.128,162.037,162.058
2026-07-06 22:00,162.059,162.113,162.015,162.064
2026-07-06 22:15,162.068,162.096,162.037,162.080
2026-07-06 22:30,162.065,162.087,162.052,162.080
2026-07-06 22:45,162.076,162.086,162.051,162.069
2026-07-06 23:00,162.061,162.070,161.993,162.030
2026-07-06 23:15,162.024,162.035,162.003,162.024
2026-07-06 23:30,162.027,162.076,162.006,162.064
2026-07-06 23:45,162.059,162.110,162.045,162.096
2026-07-07 00:00,162.088,162.129,162.074,162.127
2026-07-07 00:15,162.118,162.183,162.117,162.164
2026-07-07 00:30,162.163,162.173,162.134,162.142
2026-07-07 00:45,162.139,162.178,162.081,162.124
2026-07-07 01:00,162.129,162.147,162.100,162.122
2026-07-07 01:15,162.120,162.132,162.018,162.027
2026-07-07 01:30,162.019,162.026,161.673,161.970
2026-07-07 01:45,161.966,161.977,161.768,161.862
2026-07-07 02:00,161.868,161.889,161.785,161.867
2026-07-07 02:15,161.863,161.912,161.838,161.910
2026-07-07 02:30,161.906,161.927,161.861,161.897
2026-07-07 02:45,161.894,161.927,161.879,161.916
2026-07-07 03:00,161.913,161.927,161.875,161.902
2026-07-07 03:15,161.893,161.902,161.786,161.823
2026-07-07 03:30,161.826,161.898,161.801,161.887
2026-07-07 03:45,161.886,161.889,161.846,161.869
2026-07-07 04:00,161.861,161.887,161.825,161.830
2026-07-07 04:15,161.836,161.850,161.785,161.797
2026-07-07 04:30,161.804,161.806,161.673,161.720
2026-07-07 04:45,161.717,161.798,161.677,161.785
2026-07-07 05:00,161.785,161.803,161.745,161.783
2026-07-07 05:15,161.776,161.894,161.770,161.855
2026-07-07 05:30,161.851,161.875,161.798,161.856
2026-07-07 05:45,161.857,161.892,161.806,161.863
2026-07-07 06:00,161.873,161.954,161.854,161.925
2026-07-07 06:15,161.922,162.035,161.908,162.022
2026-07-07 06:30,162.021,162.033,161.981,162.001
2026-07-07 06:45,162.002,162.044,161.986,162.016
2026-07-07 07:00,162.017,162.082,161.983,161.986
2026-07-07 07:15,161.986,162.000,161.656,161.960
2026-07-07 07:30,161.953,161.983,161.882,161.964
2026-07-07 07:45,161.964,161.993,161.844,161.962
2026-07-07 08:00,161.963,161.972,161.818,161.851
2026-07-07 08:15,161.844,161.929,161.840,161.922
2026-07-07 08:30,161.913,161.949,161.845,161.872
2026-07-07 08:45,161.873,161.924,161.842,161.889
2026-07-07 09:00,161.889,161.922,161.807,161.867
2026-07-07 09:15,161.861,161.897,161.833,161.883
2026-07-07 09:30,161.873,161.924,161.853,161.902
2026-07-07 09:45,161.913,161.967,161.888,161.940
2026-07-07 10:00,161.929,161.963,161.912,161.927
2026-07-07 10:15,161.915,161.928,161.874,161.878
2026-07-07 10:30,161.878,161.919,161.870,161.910
2026-07-07 10:45,161.902,161.942,161.898,161.927
2026-07-07 11:00,161.933,161.953,161.883,161.893
2026-07-07 11:15,161.897,161.912,161.838,161.893
2026-07-07 11:30,161.894,161.949,161.892,161.949
2026-07-07 11:45,161.948,161.957,161.890,161.915
2026-07-07 12:00,161.907,161.929,161.854,161.860
2026-07-07 12:15,161.860,161.876,161.772,161.785
2026-07-07 12:30,161.781,161.854,161.749,161.851
2026-07-07 12:45,161.846,161.874,161.824,161.832
2026-07-07 13:00,161.830,161.900,161.830,161.877
2026-07-07 13:15,161.873,161.900,161.840,161.877
2026-07-07 13:30,161.885,161.903,161.803,161.840
2026-07-07 13:45,161.839,161.899,161.828,161.887
2026-07-07 14:00,161.895,162.023,161.873,161.958
2026-07-07 14:15,161.949,161.962,161.892,161.920
2026-07-07 14:30,161.922,161.961,161.893,161.900
2026-07-07 14:45,161.894,161.979,161.851,161.915
2026-07-07 15:00,161.905,161.946,161.875,161.892
2026-07-07 15:15,161.901,161.921,161.884,161.896
2026-07-07 15:30,161.895,161.925,161.850,161.872
2026-07-07 15:45,161.868,161.946,161.865,161.912
2026-07-07 16:00,161.907,161.917,161.861,161.899
2026-07-07 16:15,161.882,161.931,161.882,161.914
2026-07-07 16:30,161.915,161.959,161.908,161.923
2026-07-07 16:45,161.923,161.955,161.903,161.936
2026-07-07 17:00,161.928,161.943,161.878,161.910
2026-07-07 17:15,161.906,161.939,161.905,161.927
2026-07-07 17:30,161.927,161.936,161.891,161.895
2026-07-07 17:45,161.898,161.916,161.865,161.892
2026-07-07 18:00,161.881,161.915,161.879,161.891
2026-07-07 18:15,161.890,161.899,161.869,161.888
2026-07-07 18:30,161.881,161.904,161.854,161.856
2026-07-07 18:45,161.859,161.972,161.854,161.922
2026-07-07 19:00,161.932,162.093,161.922,162.081
2026-07-07 19:15,162.089,162.142,162.062,162.097
2026-07-07 19:30,162.087,162.099,162.021,162.062
2026-07-07 19:45,162.061,162.086,162.040,162.076
2026-07-07 20:00,162.071,162.103,162.047,162.101
2026-07-07 20:15,162.091,162.104,162.058,162.070
2026-07-07 20:30,162.063,162.103,162.062,162.084
2026-07-07 20:45,162.085,162.128,162.076,162.090
2026-07-07 21:00,162.085,162.117,161.978,162.048
2026-07-07 21:15,162.052,162.160,162.050,162.153
2026-07-07 21:30,162.119,162.164,162.083,162.118
2026-07-07 21:45,162.119,162.174,162.111,162.139
2026-07-07 22:00,162.122,162.204,162.116,162.167
2026-07-07 22:15,162.167,162.176,162.091,162.141
2026-07-07 22:30,162.138,162.184,162.126,162.161
2026-07-07 22:45,162.155,162.198,162.154,162.183
2026-07-07 23:00,162.173,162.287,162.161,162.264
2026-07-07 23:15,162.264,162.297,162.235,162.280
2026-07-07 23:30,162.277,162.325,162.246,162.311
2026-07-07 23:45,162.311,162.366,162.298,162.353
2026-07-08 00:00,162.356,162.388,162.305,162.337
2026-07-08 00:15,162.334,162.404,162.322,162.386
2026-07-08 00:30,162.378,162.388,162.310,162.332
2026-07-08 00:45,162.337,162.353,162.248,162.349
2026-07-08 01:00,162.341,162.368,162.278,162.335
2026-07-08 01:15,162.329,162.419,162.324,162.408
2026-07-08 01:30,162.409,162.463,162.375,162.439
2026-07-08 01:45,162.437,162.446,162.340,162.351
2026-07-08 02:00,162.352,162.433,162.332,162.426
2026-07-08 02:15,162.416,162.426,162.364,162.387
2026-07-08 02:30,162.384,162.406,162.362,162.363
2026-07-08 02:45,162.366,162.385,162.338,162.343
2026-07-08 03:00,162.340,162.352,162.287,162.306
2026-07-08 03:15,162.311,162.325,162.284,162.302
2026-07-08 03:30,162.305,162.354,162.297,162.322
2026-07-08 03:45,162.322,162.353,162.315,162.336
2026-07-08 04:00,162.336,162.378,162.330,162.362
2026-07-08 04:15,162.356,162.397,162.356,162.380
2026-07-08 04:30,162.379,162.408,162.350,162.385
2026-07-08 04:45,162.384,162.407,162.359,162.368
2026-07-08 05:00,162.361,162.376,162.329,162.340
2026-07-08 05:15,162.340,162.357,162.319,162.333
2026-07-08 05:30,162.324,162.335,162.203,162.252
2026-07-08 05:45,162.254,162.333,162.230,162.292
2026-07-08 06:00,162.292,162.310,162.238,162.270
2026-07-08 06:15,162.259,162.285,162.171,162.195
2026-07-08 06:30,162.195,162.209,162.070,162.123
2026-07-08 06:45,162.114,162.219,162.114,162.198
2026-07-08 07:00,162.198,162.291,162.186,162.248
2026-07-08 07:15,162.249,162.275,162.187,162.195
2026-07-08 07:30,162.195,162.234,162.174,162.198
2026-07-08 07:45,162.196,162.240,162.191,162.225
2026-07-08 08:00,162.220,162.317,162.203,162.303
2026-07-08 08:15,162.304,162.452,162.283,162.388
2026-07-08 08:30,162.382,162.464,162.342,162.434
2026-07-08 08:45,162.430,162.498,162.389,162.486
2026-07-08 09:00,162.484,162.543,162.246,162.537
2026-07-08 09:15,162.532,162.557,162.458,162.470
2026-07-08 09:30,162.470,162.505,162.428,162.442
2026-07-08 09:45,162.448,162.467,162.383,162.457
2026-07-08 10:00,162.459,162.467,162.413,162.450
2026-07-08 10:15,162.442,162.460,162.407,162.434
2026-07-08 10:30,162.432,162.445,162.399,162.405
2026-07-08 10:45,162.406,162.479,162.405,162.474
2026-07-08 11:00,162.472,162.504,162.466,162.468
2026-07-08 11:15,162.468,162.512,162.464,162.479
2026-07-08 11:30,162.479,162.559,162.414,162.467
2026-07-08 11:45,162.476,162.549,162.460,162.542
2026-07-08 12:00,162.532,162.546,162.466,162.493
2026-07-08 12:15,162.492,162.507,162.439,162.472
2026-07-08 12:30,162.469,162.492,162.457,162.478
2026-07-08 12:45,162.474,162.525,162.437,162.514
2026-07-08 13:00,162.514,162.549,162.499,162.517
2026-07-08 13:15,162.517,162.564,162.490,162.522
2026-07-08 13:30,162.520,162.547,162.475,162.518
2026-07-08 13:45,162.517,162.569,162.505,162.534
2026-07-08 14:00,162.535,162.559,162.508,162.533
2026-07-08 14:15,162.533,162.566,162.517,162.541
2026-07-08 14:30,162.545,162.601,162.541,162.559
2026-07-08 14:45,162.560,162.623,162.558,162.606
2026-07-08 15:00,162.605,162.650,162.588,162.647
2026-07-08 15:15,162.639,162.692,162.633,162.654
2026-07-08 15:30,162.654,162.708,162.648,162.683
2026-07-08 15:45,162.684,162.703,162.646,162.666
2026-07-08 16:00,162.664,162.672,162.625,162.650
2026-07-08 16:15,162.640,162.657,162.608,162.647
2026-07-08 16:30,162.643,162.657,162.514,162.514
2026-07-08 16:45,162.518,162.553,162.498,162.531
2026-07-08 17:00,162.531,162.536,162.440,162.482
2026-07-08 17:15,162.483,162.489,162.412,162.478
2026-07-08 17:30,162.483,162.527,162.455,162.520
2026-07-08 17:45,162.518,162.553,162.497,162.498
2026-07-08 18:00,162.527,162.561,162.448,162.463
2026-07-08 18:15,162.462,162.493,162.453,162.458
2026-07-08 18:30,162.465,162.495,162.438,162.454
2026-07-08 18:45,162.449,162.487,162.441,162.477
2026-07-08 19:00,162.468,162.479,162.430,162.443
2026-07-08 19:15,162.442,162.463,162.427,162.444
2026-07-08 19:30,162.437,162.493,162.416,162.484
2026-07-08 19:45,162.485,162.556,162.450,162.467
2026-07-08 20:00,162.471,162.528,162.463,162.518
2026-07-08 20:15,162.518,162.548,162.505,162.540
2026-07-08 20:30,162.531,162.619,162.529,162.598
2026-07-08 20:45,162.589,162.646,162.568,162.584
2026-07-08 21:00,162.548,162.583,162.487,162.488
2026-07-08 21:15,162.496,162.598,162.485,162.515
2026-07-08 21:30,162.540,162.569,162.505,162.561
2026-07-08 21:45,162.568,162.568,162.516,162.537
2026-07-08 22:00,162.536,162.614,162.511,162.588
2026-07-08 22:15,162.574,162.598,162.570,162.597
2026-07-08 22:30,162.588,162.597,162.561,162.577
2026-07-08 22:45,162.562,162.583,162.551,162.552
2026-07-08 23:00,162.560,162.570,162.530,162.553
2026-07-08 23:15,162.546,162.578,162.531,162.563
2026-07-08 23:30,162.562,162.582,162.546,162.564
2026-07-08 23:45,162.562,162.565,162.525,162.544
2026-07-09 00:00,162.534,162.543,162.356,162.399
2026-07-09 00:15,162.391,162.427,162.359,162.388
2026-07-09 00:30,162.385,162.449,162.356,162.439
2026-07-09 00:45,162.439,162.484,162.394,162.439
2026-07-09 01:00,162.439,162.506,162.407,162.466
2026-07-09 01:15,162.466,162.574,162.466,162.544
2026-07-09 01:30,162.542,162.559,162.480,162.499
2026-07-09 01:45,162.511,162.523,162.435,162.445
2026-07-09 02:00,162.445,162.487,162.430,162.450
2026-07-09 02:15,162.452,162.478,162.436,162.459
2026-07-09 02:30,162.465,162.504,162.457,162.475
2026-07-09 02:45,162.480,162.485,162.447,162.471
2026-07-09 03:00,162.464,162.478,162.440,162.462
2026-07-09 03:15,162.458,162.499,162.440,162.440
2026-07-09 03:30,162.445,162.458,162.402,162.442
2026-07-09 03:45,162.439,162.455,162.416,162.448
2026-07-09 04:00,162.447,162.465,162.418,162.431
2026-07-09 04:15,162.423,162.434,162.406,162.417
2026-07-09 04:30,162.420,162.450,162.411,162.440
2026-07-09 04:45,162.446,162.447,162.406,162.426
2026-07-09 05:00,162.433,162.438,162.355,162.391
2026-07-09 05:15,162.388,162.415,162.362,162.365
2026-07-09 05:30,162.365,162.394,162.337,162.376
2026-07-09 05:45,162.377,162.389,162.352,162.372
2026-07-09 06:00,162.364,162.375,162.309,162.355
2026-07-09 06:15,162.351,162.368,162.240,162.250
2026-07-09 06:30,162.241,162.338,162.240,162.267
2026-07-09 06:45,162.258,162.315,162.252,162.289
2026-07-09 07:00,162.292,162.370,162.289,162.356
2026-07-09 07:15,162.365,162.399,162.348,162.372
2026-07-09 07:30,162.363,162.382,162.335,162.342
2026-07-09 07:45,162.342,162.373,162.320,162.342
2026-07-09 08:00,162.342,162.365,162.303,162.324
2026-07-09 08:15,162.329,162.331,162.294,162.316
2026-07-09 08:30,162.317,162.372,162.307,162.353
2026-07-09 08:45,162.353,162.404,162.343,162.388
2026-07-09 09:00,162.388,162.423,162.373,162.416
2026-07-09 09:15,162.412,162.431,162.395,162.406
2026-07-09 09:30,162.412,162.451,162.402,162.420
2026-07-09 09:45,162.420,162.446,162.390,162.398
2026-07-09 10:00,162.396,162.427,162.395,162.409
2026-07-09 10:15,162.412,162.449,162.406,162.445
2026-07-09 10:30,162.436,162.446,162.406,162.428
2026-07-09 10:45,162.424,162.508,162.422,162.480
2026-07-09 11:00,162.477,162.498,162.456,162.466
2026-07-09 11:15,162.474,162.497,162.459,162.490
2026-07-09 11:30,162.488,162.510,162.461,162.480
2026-07-09 11:45,162.482,162.488,162.449,162.469
2026-07-09 12:00,162.469,162.477,162.387,162.406
2026-07-09 12:15,162.401,162.435,162.385,162.413
2026-07-09 12:30,162.387,162.455,162.381,162.434
2026-07-09 12:45,162.439,162.458,162.422,162.436
2026-07-09 13:00,162.444,162.454,162.400,162.414
2026-07-09 13:15,162.410,162.416,162.288,162.376
2026-07-09 13:30,162.369,162.378,162.301,162.325
2026-07-09 13:45,162.328,162.366,162.308,162.331
2026-07-09 14:00,162.339,162.392,162.279,162.384
2026-07-09 14:15,162.383,162.402,162.347,162.372
2026-07-09 14:30,162.372,162.392,162.312,162.362
2026-07-09 14:45,162.361,162.423,162.353,162.368
2026-07-09 15:00,162.358,162.415,162.356,162.397
2026-07-09 15:15,162.390,162.409,162.354,162.356
2026-07-09 15:30,162.355,162.393,162.314,162.314
2026-07-09 15:45,162.315,162.332,162.250,162.287
2026-07-09 16:00,162.281,162.302,162.254,162.279
2026-07-09 16:15,162.278,162.326,162.251,162.296
2026-07-09 16:30,162.294,162.327,162.277,162.293
2026-07-09 16:45,162.288,162.316,162.266,162.316
2026-07-09 17:00,162.307,162.330,162.294,162.315
2026-07-09 17:15,162.311,162.320,162.267,162.269
2026-07-09 17:30,162.272,162.304,162.266,162.294
2026-07-09 17:45,162.293,162.302,162.267,162.282
2026-07-09 18:00,162.283,162.324,162.280,162.310
2026-07-09 18:15,162.320,162.377,162.305,162.367
2026-07-09 18:30,162.361,162.375,162.331,162.337
2026-07-09 18:45,162.336,162.350,162.318,162.329
2026-07-09 19:00,162.329,162.366,162.314,162.354
2026-07-09 19:15,162.352,162.391,162.343,162.378
2026-07-09 19:30,162.379,162.401,162.353,162.389
2026-07-09 19:45,162.381,162.415,162.371,162.388
2026-07-09 20:00,162.380,162.406,162.351,162.377
2026-07-09 20:15,162.367,162.386,162.357,162.375
2026-07-09 20:30,162.365,162.396,162.364,162.395
2026-07-09 20:45,162.387,162.404,162.329,162.358
2026-07-09 21:00,162.342,162.351,162.332,162.339
2026-07-09 21:15,162.340,162.380,162.337,162.352
2026-07-09 21:30,162.351,162.378,162.342,162.345
2026-07-09 21:45,162.344,162.394,162.328,162.351
2026-07-09 22:00,162.348,162.429,162.313,162.379
2026-07-09 22:15,162.378,162.378,162.336,162.346
2026-07-09 22:30,162.346,162.370,162.336,162.337
2026-07-09 22:45,162.337,162.356,162.332,162.351
2026-07-09 23:00,162.339,162.357,162.330,162.338
2026-07-09 23:15,162.337,162.385,162.331,162.374
2026-07-09 23:30,162.371,162.384,162.352,162.358
2026-07-09 23:45,162.368,162.388,162.347,162.358
2026-07-10 00:00,162.358,162.412,162.319,162.397
2026-07-10 00:15,162.389,162.425,162.375,162.413
2026-07-10 00:30,162.410,162.419,162.291,162.311
2026-07-10 00:45,162.301,162.307,161.887,162.042
2026-07-10 01:00,162.046,162.106,161.786,161.792
2026-07-10 01:15,161.795,161.904,161.630,161.894
2026-07-10 01:30,161.888,161.904,161.728,161.850
2026-07-10 01:45,161.850,161.862,161.663,161.732
2026-07-10 02:00,161.735,161.754,161.428,161.434
2026-07-10 02:15,161.430,161.483,161.278,161.458
2026-07-10 02:30,161.468,161.557,161.367,161.404
2026-07-10 02:45,161.394,161.468,161.344,161.448
2026-07-10 03:00,161.447,161.501,161.387,161.457
2026-07-10 03:15,161.458,161.496,161.375,161.382
2026-07-10 03:30,161.391,161.441,161.344,161.420
2026-07-10 03:45,161.426,161.578,161.415,161.520
2026-07-10 04:00,161.512,161.575,161.512,161.549
2026-07-10 04:15,161.555,161.686,161.545,161.630
2026-07-10 04:30,161.637,161.684,161.614,161.674
2026-07-10 04:45,161.675,161.710,161.623,161.627
2026-07-10 05:00,161.627,161.650,161.469,161.505
2026-07-10 05:15,161.498,161.661,161.497,161.619
2026-07-10 05:30,161.618,161.667,161.604,161.637
2026-07-10 05:45,161.640,161.648,161.495,161.578
2026-07-10 06:00,161.574,161.587,161.461,161.509
2026-07-10 06:15,161.501,161.574,161.404,161.571
2026-07-10 06:30,161.572,161.582,161.490,161.565
2026-07-10 06:45,161.566,161.616,161.558,161.574
2026-07-10 07:00,161.574,161.688,161.566,161.664
2026-07-10 07:15,161.666,161.775,161.633,161.750
2026-07-10 07:30,161.738,161.773,161.650,161.664
2026-07-10 07:45,161.669,161.745,161.650,161.690
2026-07-10 08:00,161.689,161.699,161.532,161.627
2026-07-10 08:15,161.630,161.747,161.624,161.718
2026-07-10 08:30,161.726,161.737,161.568,161.596
2026-07-10 08:45,161.590,161.691,161.584,161.679
2026-07-10 09:00,161.679,161.727,161.632,161.696
2026-07-10 09:15,161.696,161.768,161.653,161.765
2026-07-10 09:30,161.757,161.829,161.751,161.789
2026-07-10 09:45,161.780,161.861,161.774,161.824
2026-07-10 10:00,161.821,161.830,161.754,161.793
2026-07-10 10:15,161.785,161.799,161.689,161.697
2026-07-10 10:30,161.697,161.750,161.694,161.740
2026-07-10 10:45,161.744,161.801,161.733,161.761
2026-07-10 11:00,161.760,161.793,161.740,161.765
2026-07-10 11:15,161.765,161.844,161.743,161.809
2026-07-10 11:30,161.802,161.886,161.794,161.837
2026-07-10 11:45,161.842,161.868,161.822,161.845
2026-07-10 12:00,161.843,161.895,161.679,161.757
2026-07-10 12:15,161.760,161.837,161.747,161.830
2026-07-10 12:30,161.821,161.889,161.796,161.799
2026-07-10 12:45,161.811,161.823,161.778,161.788
2026-07-10 13:00,161.787,161.861,161.787,161.802
2026-07-10 13:15,161.798,161.819,161.759,161.798
2026-07-10 13:30,161.798,161.835,161.749,161.773
2026-07-10 13:45,161.773,161.805,161.716,161.759
2026-07-10 14:00,161.768,161.839,161.759,161.769
2026-07-10 14:15,161.760,161.814,161.754,161.757
2026-07-10 14:30,161.757,161.866,161.741,161.837
2026-07-10 14:45,161.842,161.869,161.808,161.822
2026-07-10 15:00,161.829,161.845,161.706,161.714
2026-07-10 15:15,161.707,161.717,161.466,161.518
2026-07-10 15:30,161.516,161.524,161.389,161.461
2026-07-10 15:45,161.454,161.500,161.276,161.315
2026-07-10 16:00,161.312,161.412,161.294,161.334
2026-07-10 16:15,161.334,161.417,161.295,161.338
2026-07-10 16:30,161.338,161.454,161.338,161.445
2026-07-10 16:45,161.446,161.513,161.429,161.503
2026-07-10 17:00,161.511,161.553,161.487,161.532
2026-07-10 17:15,161.532,161.588,161.513,161.541
2026-07-10 17:30,161.540,161.589,161.516,161.557
2026-07-10 17:45,161.557,161.653,161.555,161.637
2026-07-10 18:00,161.642,161.696,161.624,161.679
2026-07-10 18:15,161.681,161.706,161.659,161.700
2026-07-10 18:30,161.700,161.734,161.677,161.719
2026-07-10 18:45,161.720,161.735,161.661,161.681
2026-07-10 19:00,161.682,161.737,161.671,161.723
2026-07-10 19:15,161.723,161.731,161.682,161.694
2026-07-10 19:30,161.703,161.733,161.674,161.733
2026-07-10 19:45,161.732,161.749,161.687,161.729
2026-07-10 20:00,161.730,161.752,161.697,161.723
2026-07-10 20:15,161.726,161.745,161.700,161.719
2026-07-10 20:30,161.718,161.755,161.708,161.722
2026-07-10 20:45,161.723,161.763,161.648,161.672
2026-07-12 23:00,162.014,162.069,161.987,162.004
2026-07-12 23:15,162.005,162.013,161.956,161.963
2026-07-12 23:30,161.963,162.018,161.958,161.988
2026-07-12 23:45,161.986,162.005,161.875,161.888
2026-07-13 00:00,161.878,161.977,161.873,161.900
2026-07-13 00:15,161.892,162.005,161.882,161.965
2026-07-13 00:30,161.960,162.056,161.932,161.998
2026-07-13 00:45,161.999,162.103,161.976,162.090
2026-07-13 01:00,162.095,162.174,162.082,162.103
2026-07-13 01:15,162.107,162.135,162.040,162.049
2026-07-13 01:30,162.040,162.058,161.961,161.968
2026-07-13 01:45,161.968,162.023,161.950,161.973
2026-07-13 02:00,161.970,162.094,161.954,162.040
2026-07-13 02:15,162.035,162.068,162.025,162.046
2026-07-13 02:30,162.046,162.063,162.004,162.025
2026-07-13 02:45,162.026,162.079,162.012,162.073
2026-07-13 03:00,162.067,162.127,162.060,162.086
2026-07-13 03:15,162.085,162.097,162.058,162.088
2026-07-13 03:30,162.093,162.100,162.061,162.090
2026-07-13 03:45,162.084,162.093,162.063,162.064
2026-07-13 04:00,162.064,162.096,162.058,162.064
2026-07-13 04:15,162.064,162.083,161.985,161.986
2026-07-13 04:30,161.986,162.048,161.984,162.042
2026-07-13 04:45,162.042,162.048,161.956,161.997
2026-07-13 05:00,161.989,162.004,161.933,161.956
2026-07-13 05:15,161.956,162.067,161.944,162.049
2026-07-13 05:30,162.048,162.073,162.014,162.064
2026-07-13 05:45,162.068,162.338,162.034,162.258
2026-07-13 06:00,162.262,162.359,162.240,162.323
2026-07-13 06:15,162.323,162.346,162.216,162.266
2026-07-13 06:30,162.271,162.319,162.192,162.237
2026-07-13 06:45,162.242,162.267,162.201,162.241
2026-07-13 07:00,162.233,162.282,161.823,162.088
2026-07-13 07:15,162.099,162.179,162.077,162.125
2026-07-13 07:30,162.113,162.226,162.113,162.216
2026-07-13 07:45,162.224,162.232,162.081,162.099
2026-07-13 08:00,162.102,162.119,162.011,162.051
2026-07-13 08:15,162.049,162.120,162.015,162.103
2026-07-13 08:30,162.112,162.144,162.089,162.106
2026-07-13 08:45,162.104,162.121,162.052,162.076
2026-07-13 09:00,162.073,162.104,162.032,162.042
2026-07-13 09:15,162.035,162.052,161.972,161.986
2026-07-13 09:30,161.992,162.034,161.972,161.996
2026-07-13 09:45,162.006,162.023,161.971,161.986
2026-07-13 10:00,161.993,162.059,161.983,162.054
2026-07-13 10:15,162.051,162.125,162.046,162.118
2026-07-13 10:30,162.115,162.124,162.085,162.107
2026-07-13 10:45,162.104,162.121,162.057,162.060
2026-07-13 11:00,162.065,162.104,162.023,162.076
2026-07-13 11:15,162.076,162.146,162.075,162.091
2026-07-13 11:30,162.092,162.119,162.063,162.065
2026-07-13 11:45,162.066,162.127,162.065,162.116
2026-07-13 12:00,162.112,162.182,162.092,162.166
2026-07-13 12:15,162.166,162.196,162.151,162.172
2026-07-13 12:30,162.168,162.192,162.152,162.170
2026-07-13 12:45,162.172,162.180,162.102,162.108
2026-07-13 13:00,162.108,162.144,162.067,162.129
2026-07-13 13:15,162.135,162.151,162.106,162.127
2026-07-13 13:30,162.121,162.229,162.111,162.192
2026-07-13 13:45,162.192,162.232,162.168,162.218
2026-07-13 14:00,162.219,162.277,162.181,162.261
2026-07-13 14:15,162.259,162.386,162.247,162.292
2026-07-13 14:30,162.292,162.392,162.279,162.372
2026-07-13 14:45,162.378,162.413,162.338,162.343
2026-07-13 15:00,162.350,162.382,162.340,162.369
2026-07-13 15:15,162.362,162.372,162.299,162.317
2026-07-13 15:30,162.312,162.350,162.306,162.334
2026-07-13 15:45,162.334,162.375,162.301,162.327
2026-07-13 16:00,162.317,162.351,162.303,162.334
2026-07-13 16:15,162.335,162.416,162.332,162.408
2026-07-13 16:30,162.407,162.452,162.391,162.402
2026-07-13 16:45,162.403,162.467,162.385,162.449
2026-07-13 17:00,162.448,162.469,162.419,162.437
2026-07-13 17:15,162.443,162.453,162.421,162.442
2026-07-13 17:30,162.433,162.466,162.432,162.457
2026-07-13 17:45,162.457,162.465,162.434,162.460
2026-07-13 18:00,162.464,162.468,162.420,162.457
2026-07-13 18:15,162.451,162.481,162.422,162.428
2026-07-13 18:30,162.428,162.442,162.389,162.398
2026-07-13 18:45,162.403,162.423,162.349,162.351
2026-07-13 19:00,162.351,162.449,162.348,162.442
2026-07-13 19:15,162.449,162.451,162.417,162.436
2026-07-13 19:30,162.435,162.451,162.414,162.446
2026-07-13 19:45,162.439,162.467,162.437,162.446
2026-07-13 20:00,162.446,162.477,162.422,162.474
2026-07-13 20:15,162.468,162.488,162.442,162.443
2026-07-13 20:30,162.443,162.465,162.442,162.463
2026-07-13 20:45,162.448,162.479,162.388,162.432
2026-07-13 21:00,162.359,162.427,162.313,162.394
2026-07-13 21:15,162.392,162.459,162.375,162.442
2026-07-13 21:30,162.442,162.459,162.398,162.420
2026-07-13 21:45,162.416,162.431,162.404,162.427
2026-07-13 22:00,162.427,162.473,162.403,162.425
2026-07-13 22:15,162.439,162.446,162.414,162.428
2026-07-13 22:30,162.429,162.436,162.403,162.405
2026-07-13 22:45,162.416,162.450,162.405,162.435
2026-07-13 23:00,162.442,162.457,162.402,162.421
2026-07-13 23:15,162.416,162.438,162.405,162.408
2026-07-13 23:30,162.408,162.425,162.383,162.394
2026-07-13 23:45,162.394,162.441,162.383,162.414
2026-07-14 00:00,162.413,162.444,162.381,162.396
2026-07-14 00:15,162.396,162.470,162.393,162.424
2026-07-14 00:30,162.427,162.452,162.289,162.354
2026-07-14 00:45,162.348,162.426,162.223,162.384
2026-07-14 01:00,162.378,162.389,162.323,162.340
2026-07-14 01:15,162.338,162.396,162.317,162.389
2026-07-14 01:30,162.384,162.426,162.332,162.395
2026-07-14 01:45,162.387,162.422,162.369,162.387
2026-07-14 02:00,162.390,162.415,162.336,162.349
2026-07-14 02:15,162.339,162.372,162.332,162.353
2026-07-14 02:30,162.347,162.372,162.333,162.344
2026-07-14 02:45,162.334,162.346,162.303,162.323
2026-07-14 03:00,162.317,162.374,162.312,162.342
2026-07-14 03:15,162.333,162.359,162.321,162.330
2026-07-14 03:30,162.322,162.333,162.222,162.253
2026-07-14 03:45,162.254,162.293,162.235,162.288
2026-07-14 04:00,162.284,162.317,162.256,162.298
2026-07-14 04:15,162.301,162.318,162.279,162.317
2026-07-14 04:30,162.311,162.322,162.290,162.300
2026-07-14 04:45,162.304,162.342,162.296,162.320
2026-07-14 05:00,162.313,162.319,162.282,162.303
2026-07-14 05:15,162.303,162.307,162.256,162.302
2026-07-14 05:30,162.303,162.303,162.256,162.267
2026-07-14 05:45,162.256,162.304,162.236,162.289
2026-07-14 06:00,162.284,162.328,162.270,162.314
2026-07-14 06:15,162.304,162.370,162.294,162.362
2026-07-14 06:30,162.360,162.371,162.290,162.333
2026-07-14 06:45,162.333,162.372,162.317,162.347
2026-07-14 07:00,162.339,162.373,162.330,162.344
2026-07-14 07:15,162.344,162.371,162.290,162.316
2026-07-14 07:30,162.309,162.367,162.308,162.352
2026-07-14 07:45,162.348,162.359,162.310,162.340
2026-07-14 08:00,162.338,162.388,162.335,162.347
2026-07-14 08:15,162.355,162.368,162.323,162.336
2026-07-14 08:30,162.327,162.341,162.040,162.202
2026-07-14 08:45,162.202,162.277,162.174,162.266
2026-07-14 09:00,162.270,162.283,162.184,162.198
2026-07-14 09:15,162.187,162.247,162.187,162.223
2026-07-14 09:30,162.214,162.229,162.196,162.208
2026-07-14 09:45,162.207,162.216,162.149,162.178
2026-07-14 10:00,162.176,162.216,162.149,162.204
2026-07-14 10:15,162.205,162.222,162.186,162.200
2026-07-14 10:30,162.200,162.259,162.197,162.237
2026-07-14 10:45,162.244,162.264,162.226,162.244
2026-07-14 11:00,162.247,162.277,162.223,162.236
2026-07-14 11:15,162.245,162.263,162.217,162.237
2026-07-14 11:30,162.238,162.244,162.198,162.212
2026-07-14 11:45,162.212,162.220,162.177,162.195
2026-07-14 12:00,162.193,162.224,162.160,162.210
2026-07-14 12:15,162.201,162.235,162.103,162.110
2026-07-14 12:30,162.095,162.200,161.588,161.723
2026-07-14 12:45,161.735,161.950,161.684,161.912
2026-07-14 13:00,161.902,161.957,161.823,161.921
2026-07-14 13:15,161.913,161.971,161.849,161.866
2026-07-14 13:30,161.864,161.979,161.849,161.942
2026-07-14 13:45,161.950,161.968,161.903,161.926
2026-07-14 14:00,161.919,161.936,161.842,161.877
2026-07-14 14:15,161.878,161.997,161.876,161.989
2026-07-14 14:30,161.988,162.017,161.820,161.941
2026-07-14 14:45,161.941,161.977,161.918,161.965
2026-07-14 15:00,161.965,162.031,161.869,161.918
2026-07-14 15:15,161.919,161.972,161.899,161.951
2026-07-14 15:30,161.952,162.107,161.940,162.088
2026-07-14 15:45,162.088,162.171,162.036,162.145
2026-07-14 16:00,162.138,162.202,162.129,162.147
2026-07-14 16:15,162.147,162.169,162.128,162.161
2026-07-14 16:30,162.154,162.162,162.101,162.126
2026-07-14 16:45,162.136,162.154,162.101,162.109
2026-07-14 17:00,162.107,162.203,162.107,162.191
2026-07-14 17:15,162.193,162.237,162.170,162.176
2026-07-14 17:30,162.179,162.199,162.155,162.157
2026-07-14 17:45,162.158,162.192,162.141,162.192
2026-07-14 18:00,162.188,162.203,162.160,162.176
2026-07-14 18:15,162.179,162.218,162.156,162.211
2026-07-14 18:30,162.208,162.288,162.193,162.255
2026-07-14 18:45,162.256,162.257,162.182,162.187
2026-07-14 19:00,162.192,162.197,162.138,162.152
2026-07-14 19:15,162.151,162.187,162.127,162.159
2026-07-14 19:30,162.156,162.203,162.150,162.171
2026-07-14 19:45,162.166,162.215,162.134,162.210
2026-07-14 20:00,162.204,162.230,162.199,162.230
2026-07-14 20:15,162.224,162.246,162.221,162.242
2026-07-14 20:30,162.238,162.256,162.228,162.243
2026-07-14 20:45,162.236,162.270,162.225,162.233
2026-07-14 21:00,162.224,162.254,162.134,162.171
2026-07-14 21:15,162.167,162.173,162.137,162.170
2026-07-14 21:30,162.169,162.199,162.155,162.177
2026-07-14 21:45,162.179,162.203,162.166,162.188
2026-07-14 22:00,162.189,162.266,162.158,162.233
2026-07-14 22:15,162.252,162.258,162.212,162.231
2026-07-14 22:30,162.213,162.232,162.195,162.216
2026-07-14 22:45,162.207,162.242,162.203,162.226
2026-07-14 23:00,162.226,162.240,162.201,162.211
2026-07-14 23:15,162.202,162.226,162.178,162.196
2026-07-14 23:30,162.187,162.210,162.156,162.161
2026-07-14 23:45,162.161,162.197,162.161,162.187
2026-07-15 00:00,162.189,162.237,162.167,162.225
2026-07-15 00:15,162.225,162.240,162.113,162.144
2026-07-15 00:30,162.137,162.231,162.133,162.210
2026-07-15 00:45,162.219,162.219,162.070,162.099
2026-07-15 01:00,162.098,162.114,161.976,161.995
2026-07-15 01:15,161.987,162.078,161.957,162.059
2026-07-15 01:30,162.052,162.110,162.029,162.090
2026-07-15 01:45,162.082,162.128,162.079,162.097
2026-07-15 02:00,162.089,162.117,162.027,162.101
2026-07-15 02:15,162.109,162.124,162.090,162.100
2026-07-15 02:30,162.107,162.116,162.044,162.066
2026-07-15 02:45,162.058,162.110,162.056,162.102
2026-07-15 03:00,162.103,162.159,162.078,162.138
2026-07-15 03:15,162.147,162.181,162.135,162.154
2026-07-15 03:30,162.155,162.179,162.144,162.179
2026-07-15 03:45,162.175,162.180,162.129,162.143
2026-07-15 04:00,162.133,162.170,162.128,162.163
2026-07-15 04:15,162.159,162.221,162.152,162.208
2026-07-15 04:30,162.208,162.230,162.185,162.213
2026-07-15 04:45,162.213,162.222,162.198,162.212
2026-07-15 05:00,162.205,162.237,162.171,162.175
2026-07-15 05:15,162.182,162.211,162.167,162.209
2026-07-15 05:30,162.203,162.211,162.181,162.184
2026-07-15 05:45,162.183,162.213,162.169,162.196
2026-07-15 06:00,162.196,162.212,162.162,162.198
2026-07-15 06:15,162.188,162.200,162.134,162.163
2026-07-15 06:30,162.163,162.198,162.116,162.131
2026-07-15 06:45,162.122,162.216,162.093,162.202
2026-07-15 07:00,162.208,162.245,162.190,162.221
2026-07-15 07:15,162.222,162.311,162.214,162.265
2026-07-15 07:30,162.261,162.298,162.232,162.244
2026-07-15 07:45,162.238,162.288,162.237,162.268
2026-07-15 08:00,162.261,162.351,162.238,162.329
2026-07-15 08:15,162.337,162.350,162.274,162.274
2026-07-15 08:30,162.274,162.315,162.263,162.289
2026-07-15 08:45,162.286,162.334,162.286,162.290
2026-07-15 09:00,162.290,162.326,162.236,162.280
2026-07-15 09:15,162.281,162.322,162.270,162.322
2026-07-15 09:30,162.314,162.338,162.309,162.315
2026-07-15 09:45,162.313,162.373,162.313,162.358
2026-07-15 10:00,162.358,162.396,162.354,162.372
2026-07-15 10:15,162.373,162.423,162.355,162.397
2026-07-15 10:30,162.390,162.419,162.380,162.414
2026-07-15 10:45,162.407,162.416,162.303,162.328
2026-07-15 11:00,162.321,162.363,162.288,162.339
2026-07-15 11:15,162.347,162.384,162.337,162.371
2026-07-15 11:30,162.368,162.395,162.342,162.360
2026-07-15 11:45,162.360,162.369,162.317,162.346
2026-07-15 12:00,162.335,162.395,162.327,162.361
2026-07-15 12:15,162.358,162.384,162.342,162.342
2026-07-15 12:30,162.344,162.353,162.227,162.237
2026-07-15 12:45,162.229,162.255,162.134,162.157
2026-07-15 13:00,162.156,162.236,162.124,162.234
2026-07-15 13:15,162.226,162.280,162.180,162.263
2026-07-15 13:30,162.262,162.275,162.206,162.243
2026-07-15 13:45,162.240,162.260,162.147,162.201
2026-07-15 14:00,162.201,162.236,162.169,162.207
2026-07-15 14:15,162.199,162.238,162.161,162.223
2026-07-15 14:30,162.214,162.230,162.160,162.201
2026-07-15 14:45,162.194,162.200,162.117,162.143
2026-07-15 15:00,162.135,162.211,162.104,162.197
2026-07-15 15:15,162.206,162.216,162.086,162.092
2026-07-15 15:30,162.091,162.143,162.069,162.127
2026-07-15 15:45,162.122,162.145,162.085,162.127
2026-07-15 16:00,162.125,162.173,162.119,162.160
2026-07-15 16:15,162.161,162.171,162.110,162.137
2026-07-15 16:30,162.131,162.199,162.127,162.188
2026-07-15 16:45,162.191,162.198,162.118,162.158
2026-07-15 17:00,162.159,162.170,162.068,162.117
2026-07-15 17:15,162.116,162.127,162.077,162.080
2026-07-15 17:30,162.088,162.109,161.977,162.018
2026-07-15 17:45,162.020,162.059,161.961,161.980
2026-07-15 18:00,161.987,161.988,161.885,161.945
2026-07-15 18:15,161.941,161.962,161.886,161.908
2026-07-15 18:30,161.907,161.987,161.890,161.981
2026-07-15 18:45,161.979,162.062,161.969,162.046
2026-07-15 19:00,162.040,162.059,162.005,162.015
2026-07-15 19:15,162.027,162.108,162.015,162.096
2026-07-15 19:30,162.097,162.257,162.089,162.238
2026-07-15 19:45,162.238,162.284,162.193,162.224
2026-07-15 20:00,162.224,162.233,162.195,162.217
2026-07-15 20:15,162.214,162.223,162.187,162.194
2026-07-15 20:30,162.200,162.224,162.191,162.204
2026-07-15 20:45,162.202,162.218,162.153,162.172
2026-07-15 21:00,162.156,162.250,162.068,162.148
2026-07-15 21:15,162.146,162.153,162.097,162.125
2026-07-15 21:30,162.123,162.143,162.093,162.112
2026-07-15 21:45,162.140,162.140,162.083,162.101
2026-07-15 22:00,162.101,162.152,162.044,162.137
2026-07-15 22:15,162.136,162.139,162.062,162.090
2026-07-15 22:30,162.090,162.128,162.077,162.096
2026-07-15 22:45,162.109,162.141,162.092,162.113
2026-07-15 23:00,162.112,162.124,162.079,162.092
2026-07-15 23:15,162.083,162.100,162.050,162.087
2026-07-15 23:30,162.081,162.098,162.058,162.068
2026-07-15 23:45,162.068,162.079,162.023,162.074
2026-07-16 00:00,162.067,162.131,162.057,162.078
2026-07-16 00:15,162.070,162.102,162.050,162.073
2026-07-16 00:30,162.067,162.128,162.062,162.081
2026-07-16 00:45,162.078,162.155,162.045,162.093
2026-07-16 01:00,162.093,162.103,162.045,162.058
2026-07-16 01:15,162.066,162.101,162.023,162.043
2026-07-16 01:30,162.044,162.083,162.026,162.067
2026-07-16 01:45,162.066,162.119,162.055,162.109
2026-07-16 02:00,162.105,162.168,162.097,162.156
2026-07-16 02:15,162.156,162.169,162.093,162.094
2026-07-16 02:30,162.094,162.144,162.081,162.125
2026-07-16 02:45,162.124,162.166,162.119,162.145
2026-07-16 03:00,162.144,162.160,162.106,162.123
2026-07-16 03:15,162.127,162.128,162.079,162.085
2026-07-16 03:30,162.088,162.099,162.063,162.093
2026-07-16 03:45,162.094,162.105,162.077,162.082
2026-07-16 04:00,162.082,162.126,162.075,162.123
2026-07-16 04:15,162.115,162.139,162.105,162.130
2026-07-16 04:30,162.130,162.142,162.103,162.122
2026-07-16 04:45,162.114,162.123,162.075,162.092
2026-07-16 05:00,162.093,162.107,162.078,162.097
2026-07-16 05:15,162.088,162.121,162.075,162.118
2026-07-16 05:30,162.111,162.142,162.103,162.115
2026-07-16 05:45,162.114,162.182,162.099,162.159
2026-07-16 06:00,162.150,162.172,162.114,162.136
2026-07-16 06:15,162.131,162.172,162.130,162.145
2026-07-16 06:30,162.135,162.176,162.132,162.148
2026-07-16 06:45,162.156,162.160,162.104,162.112
2026-07-16 07:00,162.120,162.129,161.982,162.042
2026-07-16 07:15,162.039,162.091,161.977,162.083
2026-07-16 07:30,162.090,162.098,162.045,162.064
2026-07-16 07:45,162.069,162.099,162.004,162.076
2026-07-16 08:00,162.076,162.156,162.059,162.138
2026-07-16 08:15,162.144,162.149,162.067,162.105
2026-07-16 08:30,162.104,162.146,162.088,162.146
2026-07-16 08:45,162.137,162.179,162.122,162.146
2026-07-16 09:00,162.137,162.172,162.114,162.122
2026-07-16 09:15,162.124,162.146,162.105,162.136
2026-07-16 09:30,162.136,162.196,162.134,162.174
2026-07-16 09:45,162.171,162.182,162.141,162.167
2026-07-16 10:00,162.169,162.194,162.159,162.191
2026-07-16 10:15,162.185,162.192,162.157,162.172
2026-07-16 10:30,162.165,162.185,162.159,162.164
2026-07-16 10:45,162.164,162.183,162.123,162.143
2026-07-16 11:00,162.144,162.159,162.108,162.140
2026-07-16 11:15,162.136,162.185,162.130,162.183
2026-07-16 11:30,162.175,162.192,162.143,162.157
2026-07-16 11:45,162.166,162.233,162.140,162.148
2026-07-16 12:00,162.155,162.199,162.144,162.190
2026-07-16 12:15,162.188,162.216,162.125,162.165
2026-07-16 12:30,162.125,162.283,162.123,162.271
2026-07-16 12:45,162.265,162.301,162.256,162.296
2026-07-16 13:00,162.290,162.317,162.220,162.240
2026-07-16 13:15,162.238,162.269,162.223,162.226
2026-07-16 13:30,162.228,162.272,162.207,162.272
2026-07-16 13:45,162.264,162.348,162.264,162.324
2026-07-16 14:00,162.325,162.402,162.301,162.366
2026-07-16 14:15,162.365,162.401,162.331,162.397
2026-07-16 14:30,162.402,162.428,162.354,162.414
2026-07-16 14:45,162.406,162.453,162.405,162.441
2026-07-16 15:00,162.440,162.477,162.432,162.448
2026-07-16 15:15,162.448,162.458,162.415,162.448
2026-07-16 15:30,162.455,162.466,162.418,162.419
2026-07-16 15:45,162.419,162.437,162.404,162.417
2026-07-16 16:00,162.417,162.461,162.413,162.452
2026-07-16 16:15,162.452,162.546,162.452,162.522
2026-07-16 16:30,162.516,162.522,162.466,162.478
2026-07-16 16:45,162.475,162.492,162.446,162.464
2026-07-16 17:00,162.476,162.506,162.464,162.493
2026-07-16 17:15,162.497,162.500,162.467,162.467
2026-07-16 17:30,162.468,162.487,162.452,162.466
2026-07-16 17:45,162.466,162.473,162.388,162.405
2026-07-16 18:00,162.405,162.425,162.368,162.372
2026-07-16 18:15,162.376,162.414,162.363,162.382
2026-07-16 18:30,162.382,162.414,162.377,162.381
2026-07-16 18:45,162.380,162.406,162.378,162.382
2026-07-16 19:00,162.389,162.413,162.371,162.399
2026-07-16 19:15,162.394,162.433,162.393,162.420
2026-07-16 19:30,162.419,162.427,162.395,162.406
2026-07-16 19:45,162.410,162.415,162.379,162.395
2026-07-16 20:00,162.394,162.406,162.373,162.388
2026-07-16 20:15,162.394,162.399,162.361,162.372
2026-07-16 20:30,162.377,162.389,162.348,162.354
2026-07-16 20:45,162.354,162.385,162.333,162.382
2026-07-16 21:00,162.376,162.425,162.330,162.340
2026-07-16 21:15,162.348,162.360,162.336,162.348
2026-07-16 21:30,162.348,162.389,162.328,162.354
2026-07-16 21:45,162.335,162.363,162.324,162.352
2026-07-16 22:00,162.344,162.383,162.295,162.339
2026-07-16 22:15,162.317,162.360,162.316,162.351
2026-07-16 22:30,162.349,162.370,162.327,162.369
2026-07-16 22:45,162.365,162.373,162.350,162.364
2026-07-16 23:00,162.352,162.371,162.336,162.355
2026-07-16 23:15,162.347,162.358,162.325,162.341
2026-07-16 23:30,162.334,162.344,162.312,162.339
2026-07-16 23:45,162.338,162.395,162.322,162.373
2026-07-17 00:00,162.374,162.425,162.360,162.388
2026-07-17 00:15,162.386,162.430,162.368,162.400
2026-07-17 00:30,162.396,162.423,162.352,162.383
2026-07-17 00:45,162.384,162.456,162.352,162.421
2026-07-17 01:00,162.415,162.466,162.403,162.446
2026-07-17 01:15,162.438,162.448,162.409,162.440
2026-07-17 01:30,162.433,162.468,162.419,162.438
2026-07-17 01:45,162.439,162.475,162.436,162.467
2026-07-17 02:00,162.463,162.469,162.412,162.431
2026-07-17 02:15,162.428,162.442,162.405,162.433
2026-07-17 02:30,162.434,162.440,162.395,162.405
2026-07-17 02:45,162.408,162.421,162.334,162.364
2026-07-17 03:00,162.364,162.386,162.354,162.370
2026-07-17 03:15,162.367,162.391,162.351,162.378
2026-07-17 03:30,162.377,162.398,162.370,162.396
2026-07-17 03:45,162.390,162.411,162.381,162.388
2026-07-17 04:00,162.394,162.415,162.362,162.403
2026-07-17 04:15,162.403,162.424,162.399,162.419
2026-07-17 04:30,162.421,162.431,162.405,162.410
2026-07-17 04:45,162.414,162.422,162.394,162.418
2026-07-17 05:00,162.415,162.442,162.400,162.427
2026-07-17 05:15,162.427,162.445,162.410,162.420
2026-07-17 05:30,162.419,162.420,162.360,162.373
2026-07-17 05:45,162.373,162.411,162.367,162.401
2026-07-17 06:00,162.395,162.423,162.377,162.393
2026-07-17 06:15,162.394,162.403,162.329,162.342
2026-07-17 06:30,162.345,162.396,162.329,162.379
2026-07-17 06:45,162.382,162.391,162.111,162.264
2026-07-17 07:00,162.260,162.265,162.144,162.163
2026-07-17 07:15,162.172,162.241,162.149,162.224
2026-07-17 07:30,162.223,162.259,162.189,162.235
2026-07-17 07:45,162.231,162.292,162.203,162.283
2026-07-17 08:00,162.285,162.382,162.254,162.364
2026-07-17 08:15,162.364,162.423,162.330,162.408
2026-07-17 08:30,162.408,162.419,162.344,162.363
2026-07-17 08:45,162.357,162.401,162.356,162.383
2026-07-17 09:00,162.383,162.450,162.381,162.431
2026-07-17 09:15,162.431,162.453,162.410,162.423
2026-07-17 09:30,162.419,162.453,162.417,162.417
2026-07-17 09:45,162.418,162.426,162.349,162.357
2026-07-17 10:00,162.363,162.395,162.348,162.370
2026-07-17 10:15,162.369,162.419,162.355,162.406
2026-07-17 10:30,162.405,162.416,162.382,162.393
2026-07-17 10:45,162.394,162.408,162.351,162.359
2026-07-17 11:00,162.360,162.372,162.300,162.341
2026-07-17 11:15,162.341,162.363,162.314,162.325
2026-07-17 11:30,162.330,162.346,162.295,162.311
2026-07-17 11:45,162.303,162.368,162.295,162.362
2026-07-17 12:00,162.356,162.369,162.331,162.357
2026-07-17 12:15,162.357,162.369,162.295,162.323
2026-07-17 12:30,162.319,162.391,162.311,162.381
2026-07-17 12:45,162.381,162.419,162.379,162.404
2026-07-17 13:00,162.411,162.439,162.391,162.412
2026-07-17 13:15,162.411,162.444,162.393,162.417
2026-07-17 13:30,162.416,162.443,162.316,162.350
2026-07-17 13:45,162.356,162.404,162.331,162.352
2026-07-17 14:00,162.337,162.380,162.322,162.354
2026-07-17 14:15,162.348,162.405,162.333,162.391
2026-07-17 14:30,162.397,162.403,162.359,162.372
2026-07-17 14:45,162.372,162.412,162.355,162.404
2026-07-17 15:00,162.403,162.424,162.348,162.389
2026-07-17 15:15,162.389,162.389,162.342,162.357
2026-07-17 15:30,162.362,162.423,162.346,162.412
2026-07-17 15:45,162.408,162.440,162.394,162.424
2026-07-17 16:00,162.428,162.496,162.427,162.461
2026-07-17 16:15,162.461,162.495,162.461,162.470
2026-07-17 16:30,162.464,162.500,162.461,162.488
2026-07-17 16:45,162.488,162.519,162.423,162.433
2026-07-17 17:00,162.422,162.459,162.396,162.446
2026-07-17 17:15,162.446,162.477,162.436,162.447
2026-07-17 17:30,162.446,162.467,162.436,162.457
2026-07-17 17:45,162.460,162.473,162.438,162.441
2026-07-17 18:00,162.441,162.461,162.408,162.424
2026-07-17 18:15,162.435,162.458,162.423,162.427
2026-07-17 18:30,162.424,162.448,162.422,162.436
2026-07-17 18:45,162.444,162.447,162.419,162.438
2026-07-17 19:00,162.444,162.450,162.409,162.445
2026-07-17 19:15,162.440,162.475,162.439,162.453
2026-07-17 19:30,162.453,162.472,162.435,162.453
2026-07-17 19:45,162.452,162.470,162.377,162.380
2026-07-17 20:00,162.380,162.409,162.356,162.394
2026-07-17 20:15,162.395,162.445,162.387,162.423
2026-07-17 20:30,162.419,162.434,162.401,162.406
2026-07-17 20:45,162.406,162.430,162.334,162.353
2026-07-19 23:00,162.504,162.536,162.472,162.530
2026-07-19 23:15,162.525,162.537,162.496,162.528
2026-07-19 23:30,162.525,162.548,162.511,162.513
2026-07-19 23:45,162.518,162.547,162.497,162.512
2026-07-20 00:00,162.512,162.538,162.489,162.494
2026-07-20 00:15,162.498,162.499,162.448,162.452
2026-07-20 00:30,162.453,162.464,162.401,162.421
2026-07-20 00:45,162.420,162.424,162.320,162.339
2026-07-20 01:00,162.327,162.352,162.297,162.350
2026-07-20 01:15,162.340,162.413,162.336,162.379
2026-07-20 01:30,162.379,162.388,162.337,162.348
2026-07-20 01:45,162.345,162.388,162.341,162.361
2026-07-20 02:00,162.356,162.373,162.325,162.350
2026-07-20 02:15,162.343,162.358,162.328,162.334
2026-07-20 02:30,162.339,162.363,162.327,162.361
2026-07-20 02:45,162.356,162.374,162.334,162.367
2026-07-20 03:00,162.363,162.375,162.346,162.358
2026-07-20 03:15,162.361,162.380,162.352,162.363
2026-07-20 03:30,162.367,162.372,162.348,162.352
2026-07-20 03:45,162.357,162.373,162.347,162.367
2026-07-20 04:00,162.367,162.386,162.355,162.369
2026-07-20 04:15,162.369,162.381,162.342,162.368
2026-07-20 04:30,162.364,162.370,162.335,162.350
2026-07-20 04:45,162.347,162.357,162.320,162.335
2026-07-20 05:00,162.331,162.347,162.312,162.342
2026-07-20 05:15,162.339,162.362,162.333,162.351
2026-07-20 05:30,162.352,162.358,162.325,162.342
2026-07-20 05:45,162.343,162.375,162.338,162.374
2026-07-20 06:00,162.364,162.409,162.355,162.395
2026-07-20 06:15,162.395,162.404,162.365,162.385
2026-07-20 06:30,162.384,162.393,162.356,162.362
2026-07-20 06:45,162.369,162.416,162.350,162.405
2026-07-20 07:00,162.404,162.449,162.380,162.436
2026-07-20 07:15,162.435,162.453,162.392,162.399
2026-07-20 07:30,162.396,162.405,162.308,162.317
2026-07-20 07:45,162.319,162.375,162.309,162.357
2026-07-20 08:00,162.358,162.379,162.348,162.348
2026-07-20 08:15,162.351,162.375,162.327,162.370
2026-07-20 08:30,162.371,162.378,162.337,162.354
2026-07-20 08:45,162.354,162.372,162.337,162.371
2026-07-20 09:00,162.363,162.404,162.359,162.376
2026-07-20 09:15,162.375,162.406,162.368,162.398
2026-07-20 09:30,162.404,162.420,162.395,162.404
2026-07-20 09:45,162.410,162.436,162.403,162.409
2026-07-20 10:00,162.410,162.430,162.385,162.397
2026-07-20 10:15,162.404,162.406,162.383,162.403
2026-07-20 10:30,162.397,162.407,162.382,162.401
2026-07-20 10:45,162.396,162.406,162.383,162.400
2026-07-20 11:00,162.398,162.428,162.383,162.412
2026-07-20 11:15,162.413,162.425,162.396,162.399
2026-07-20 11:30,162.399,162.406,162.188,162.308
2026-07-20 11:45,162.312,162.355,162.308,162.342
2026-07-20 12:00,162.345,162.410,162.337,162.386
2026-07-20 12:15,162.386,162.431,162.381,162.400
2026-07-20 12:30,162.401,162.420,162.379,162.412
2026-07-20 12:45,162.410,162.415,162.381,162.402
2026-07-20 13:00,162.406,162.428,162.398,162.413
2026-07-20 13:15,162.414,162.425,162.395,162.418
2026-07-20 13:30,162.412,162.425,162.383,162.414
2026-07-20 13:45,162.410,162.478,162.382,162.469
2026-07-20 14:00,162.477,162.566,162.459,162.529
2026-07-20 14:15,162.528,162.556,162.510,162.539
2026-07-20 14:30,162.540,162.589,162.537,162.566
2026-07-20 14:45,162.567,162.587,162.501,162.519
2026-07-20 15:00,162.517,162.575,162.516,162.566
2026-07-20 15:15,162.563,162.577,162.539,162.552
2026-07-20 15:30,162.552,162.587,162.543,162.565
2026-07-20 15:45,162.555,162.574,162.538,162.563
2026-07-20 16:00,162.563,162.600,162.526,162.529
2026-07-20 16:15,162.528,162.562,162.526,162.540
2026-07-20 16:30,162.540,162.578,162.526,162.530
2026-07-20 16:45,162.540,162.556,162.516,162.516
2026-07-20 17:00,162.521,162.531,162.472,162.492
2026-07-20 17:15,162.502,162.503,162.450,162.467
2026-07-20 17:30,162.467,162.494,162.459,162.468
2026-07-20 17:45,162.468,162.481,162.452,162.459
2026-07-20 18:00,162.458,162.469,162.436,162.439
2026-07-20 18:15,162.439,162.485,162.414,162.459
2026-07-20 18:30,162.460,162.504,162.458,162.504
2026-07-20 18:45,162.494,162.534,162.489,162.499
2026-07-20 19:00,162.499,162.513,162.481,162.496
2026-07-20 19:15,162.505,162.512,162.457,162.474
2026-07-20 19:30,162.465,162.500,162.452,162.492
2026-07-20 19:45,162.496,162.517,162.462,162.511
2026-07-20 20:00,162.511,162.523,162.482,162.501
2026-07-20 20:15,162.503,162.529,162.494,162.510
2026-07-20 20:30,162.503,162.531,162.499,162.523
2026-07-20 20:45,162.524,162.532,162.468,162.475
2026-07-20 21:00,162.477,162.477,162.437,162.464
2026-07-20 21:15,162.465,162.503,162.457,162.488
2026-07-20 21:30,162.487,162.510,162.448,162.482
2026-07-20 21:45,162.450,162.494,162.441,162.485
2026-07-20 22:00,162.441,162.509,162.410,162.484
2026-07-20 22:15,162.484,162.505,162.471,162.488
2026-07-20 22:30,162.481,162.517,162.480,162.507
2026-07-20 22:45,162.496,162.506,162.475,162.498
2026-07-20 23:00,162.491,162.509,162.482,162.504
2026-07-20 23:15,162.494,162.509,162.484,162.497
2026-07-20 23:30,162.494,162.508,162.490,162.493
2026-07-20 23:45,162.492,162.507,162.479,162.480
2026-07-21 00:00,162.480,162.494,162.438,162.479
2026-07-21 00:15,162.479,162.512,162.476,162.503
2026-07-21 00:30,162.506,162.536,162.501,162.508
2026-07-21 00:45,162.505,162.536,162.477,162.529
2026-07-21 01:00,162.529,162.537,162.489,162.511
2026-07-21 01:15,162.503,162.518,162.426,162.473
2026-07-21 01:30,162.477,162.526,162.449,162.504
2026-07-21 01:45,162.505,162.523,162.487,162.502
2026-07-21 02:00,162.501,162.526,162.493,162.510
2026-07-21 02:15,162.507,162.515,162.481,162.499
2026-07-21 02:30,162.499,162.506,162.480,162.490
2026-07-21 02:45,162.490,162.502,162.477,162.488
2026-07-21 03:00,162.488,162.517,162.479,162.512
2026-07-21 03:15,162.505,162.515,162.487,162.491
2026-07-21 03:30,162.492,162.500,162.465,162.469
2026-07-21 03:45,162.466,162.487,162.446,162.486
2026-07-21 04:00,162.482,162.491,162.465,162.472
2026-07-21 04:15,162.479,162.484,162.468,162.476
2026-07-21 04:30,162.474,162.500,162.464,162.486
2026-07-21 04:45,162.484,162.495,162.478,162.483
2026-07-21 05:00,162.483,162.517,162.481,162.507
2026-07-21 05:15,162.511,162.527,162.503,162.508
2026-07-21 05:30,162.511,162.515,162.466,162.473
2026-07-21 05:45,162.471,162.519,162.462,162.507
2026-07-21 06:00,162.503,162.527,162.480,162.521
2026-07-21 06:15,162.515,162.529,162.505,162.518
2026-07-21 06:30,162.518,162.554,162.513,162.540
2026-07-21 06:45,162.544,162.559,162.510,162.521
2026-07-21 07:00,162.520,162.565,162.516,162.552
2026-07-21 07:15,162.553,162.590,162.541,162.589
2026-07-21 07:30,162.584,162.601,162.549,162.582
2026-07-21 07:45,162.582,162.618,162.575,162.595
2026-07-21 08:00,162.596,162.647,162.577,162.635
2026-07-21 08:15,162.635,162.678,162.632,162.667
2026-07-21 08:30,162.674,162.696,162.664,162.676
2026-07-21 08:45,162.680,162.700,162.672,162.686
2026-07-21 09:00,162.677,162.696,162.665,162.694
2026-07-21 09:15,162.691,162.696,162.609,162.678
2026-07-21 09:30,162.677,162.693,162.646,162.668
2026-07-21 09:45,162.665,162.684,162.649,162.662
2026-07-21 10:00,162.662,162.687,162.635,162.665
2026-07-21 10:15,162.665,162.678,162.639,162.651
2026-07-21 10:30,162.648,162.701,162.638,162.682
2026-07-21 10:45,162.682,162.706,162.649,162.671
2026-07-21 11:00,162.662,162.745,162.646,162.718
2026-07-21 11:15,162.720,162.754,162.715,162.750
2026-07-21 11:30,162.735,162.758,162.722,162.734
2026-07-21 11:45,162.733,162.758,162.722,162.726
2026-07-21 12:00,162.724,162.758,162.714,162.736
2026-07-21 12:15,162.735,162.797,162.729,162.784
2026-07-21 12:30,162.786,162.801,162.767,162.789
2026-07-21 12:45,162.788,162.789,162.690,162.718
2026-07-21 13:00,162.721,162.767,162.718,162.752
2026-07-21 13:15,162.750,162.804,162.746,162.798
2026-07-21 13:30,162.795,162.837,162.765,162.824
2026-07-21 13:45,162.823,162.894,162.792,162.864
2026-07-21 14:00,162.865,162.928,162.853,162.895
2026-07-21 14:15,162.894,162.951,162.892,162.942
2026-07-21 14:30,162.942,162.989,162.918,162.962
2026-07-21 14:45,162.958,163.042,162.889,163.011
2026-07-21 15:00,163.015,163.020,162.954,162.963
2026-07-21 15:15,162.958,162.966,162.908,162.959
2026-07-21 15:30,162.960,163.019,162.946,163.009
2026-07-21 15:45,163.015,163.038,163.001,163.015
2026-07-21 16:00,163.012,163.028,162.997,163.016
2026-07-21 16:15,163.013,163.030,162.982,162.999
2026-07-21 16:30,162.994,163.005,162.950,162.967
2026-07-21 16:45,162.967,163.009,162.953,163.001
2026-07-21 17:00,163.005,163.018,162.968,163.016
2026-07-21 17:15,163.012,163.019,162.972,162.975
2026-07-21 17:30,162.975,163.016,162.975,162.999
2026-07-21 17:45,163.002,163.030,162.998,163.026
2026-07-21 18:00,163.028,163.221,163.021,163.131
2026-07-21 18:15,163.131,163.179,163.123,163.148
2026-07-21 18:30,163.148,163.233,163.141,163.223
2026-07-21 18:45,163.226,163.237,163.172,163.183
2026-07-21 19:00,163.182,163.221,163.158,163.212
2026-07-21 19:15,163.214,163.217,163.157,163.168
2026-07-21 19:30,163.168,163.206,163.157,163.201
2026-07-21 19:45,163.197,163.211,163.181,163.200
2026-07-21 20:00,163.202,163.230,163.192,163.224
2026-07-21 20:15,163.219,163.239,163.219,163.226
2026-07-21 20:30,163.226,163.238,163.190,163.206
2026-07-21 20:45,163.210,163.219,163.154,163.169
2026-07-21 21:00,163.150,163.180,163.110,163.134
2026-07-21 21:15,163.148,163.182,163.106,163.182
2026-07-21 21:30,163.168,163.182,163.125,163.144
2026-07-21 21:45,163.145,163.156,163.130,163.141
2026-07-21 22:00,163.141,163.194,163.136,163.182
2026-07-21 22:15,163.177,163.195,163.169,163.182
2026-07-21 22:30,163.184,163.198,163.169,163.190
2026-07-21 22:45,163.188,163.215,163.178,163.199
2026-07-21 23:00,163.199,163.223,163.190,163.200
2026-07-21 23:15,163.200,163.228,163.194,163.207
2026-07-21 23:30,163.199,163.220,163.193,163.218
2026-07-21 23:45,163.217,163.219,163.179,163.183
2026-07-22 00:00,163.185,163.207,163.096,163.109
2026-07-22 00:15,163.106,163.130,163.022,163.057
2026-07-22 00:30,163.058,163.147,163.043,163.114
2026-07-22 00:45,163.114,163.184,163.096,163.131
2026-07-22 01:00,163.132,163.161,163.098,163.140
2026-07-22 01:15,163.141,163.187,163.129,163.168
2026-07-22 01:30,163.169,163.204,163.157,163.174
2026-07-22 01:45,163.170,163.180,163.142,163.143
2026-07-22 02:00,163.144,163.180,163.141,163.168
2026-07-22 02:15,163.162,163.170,163.066,163.092
2026-07-22 02:30,163.092,163.112,163.078,163.095
2026-07-22 02:45,163.091,163.131,163.080,163.120
2026-07-22 03:00,163.116,163.156,163.107,163.146
2026-07-22 03:15,163.138,163.155,163.123,163.125
2026-07-22 03:30,163.126,163.145,163.109,163.133
2026-07-22 03:45,163.140,163.168,163.131,163.154
2026-07-22 04:00,163.150,163.197,163.143,163.183
2026-07-22 04:15,163.183,163.196,163.169,163.172
2026-07-22 04:30,163.175,163.183,163.146,163.154
2026-07-22 04:45,163.151,163.181,163.146,163.170
2026-07-22 05:00,163.167,163.178,163.147,163.149
2026-07-22 05:15,163.150,163.174,163.141,163.168
2026-07-22 05:30,163.171,163.188,163.135,163.144
2026-07-22 05:45,163.145,163.166,163.077,163.087
2026-07-22 06:00,163.082,163.095,163.042,163.073
2026-07-22 06:15,163.074,163.125,163.067,163.103
2026-07-22 06:30,163.103,163.145,163.087,163.112
2026-07-22 06:45,163.112,163.138,163.084,163.085
2026-07-22 07:00,163.089,163.116,163.061,163.075
2026-07-22 07:15,163.075,163.137,163.075,163.126
2026-07-22 07:30,163.125,163.133,162.662,162.939
2026-07-22 07:45,162.938,162.977,162.891,162.936
2026-07-22 08:00,162.942,163.059,162.904,163.047
2026-07-22 08:15,163.048,163.113,163.045,163.067
2026-07-22 08:30,163.067,163.076,162.995,163.006
2026-07-22 08:45,163.006,163.038,162.945,162.959
2026-07-22 09:00,162.957,162.992,162.938,162.981
2026-07-22 09:15,162.975,162.995,162.952,162.977
2026-07-22 09:30,162.972,163.029,162.972,162.999
2026-07-22 09:45,162.996,163.052,162.983,163.027
2026-07-22 10:00,163.027,163.077,163.007,163.072
2026-07-22 10:15,163.072,163.077,163.032,163.043
2026-07-22 10:30,163.037,163.055,163.006,163.028
2026-07-22 10:45,163.028,163.067,163.000,163.016
2026-07-22 11:00,163.016,163.036,162.987,163.006
2026-07-22 11:15,163.007,163.044,163.002,163.035
2026-07-22 11:30,163.035,163.067,163.004,163.046
2026-07-22 11:45,163.044,163.080,163.029,163.070
2026-07-22 12:00,163.070,163.079,163.042,163.045
2026-07-22 12:15,163.045,163.076,163.042,163.058
2026-07-22 12:30,163.064,163.066,163.033,163.053
2026-07-22 12:45,163.048,163.136,163.046,163.102
2026-07-22 13:00,163.099,163.108,163.063,163.092
2026-07-22 13:15,163.089,163.109,163.048,163.067
2026-07-22 13:30,163.060,163.073,163.005,163.024
2026-07-22 13:45,163.020,163.088,163.017,163.052
2026-07-22 14:00,163.052,163.085,163.042,163.051
2026-07-22 14:15,163.051,163.082,163.042,163.070
2026-07-22 14:30,163.068,163.081,163.046,163.057
2026-07-22 14:45,163.050,163.120,163.034,163.115
2026-07-22 15:00,163.113,163.117,163.071,163.097
2026-07-22 15:15,163.095,163.122,163.093,163.108
2026-07-22 15:30,163.104,163.133,163.091,163.104
2026-07-22 15:45,163.100,163.117,163.062,163.079
2026-07-22 16:00,163.076,163.107,163.060,163.105
2026-07-22 16:15,163.100,163.126,163.081,163.090
2026-07-22 16:30,163.090,163.116,163.075,163.104
2026-07-22 16:45,163.103,163.114,163.088,163.110
2026-07-22 17:00,163.106,163.136,163.101,163.130
2026-07-22 17:15,163.130,163.147,163.116,163.132
2026-07-22 17:30,163.135,163.178,163.127,163.157
2026-07-22 17:45,163.157,163.165,163.141,163.156
2026-07-22 18:00,163.153,163.174,163.141,163.157
2026-07-22 18:15,163.150,163.171,163.121,163.126
2026-07-22 18:30,163.124,163.137,163.108,163.116
2026-07-22 18:45,163.118,163.139,163.100,163.123
2026-07-22 19:00,163.127,163.146,163.112,163.138
2026-07-22 19:15,163.145,163.147,163.124,163.141
2026-07-22 19:30,163.138,163.153,163.127,163.149
2026-07-22 19:45,163.145,163.161,163.135,163.147
2026-07-22 20:00,163.148,163.153,163.127,163.143
2026-07-22 20:15,163.142,163.154,163.132,163.142
2026-07-22 20:30,163.142,163.152,163.134,163.151
2026-07-22 20:45,163.138,163.166,163.127,163.131
2026-07-22 21:00,163.116,163.129,163.065,163.065
2026-07-22 21:15,163.102,163.116,163.065,163.088
2026-07-22 21:30,163.110,163.117,163.054,163.058
2026-07-22 21:45,163.058,163.123,163.055,163.089
2026-07-22 22:00,163.081,163.132,163.051,163.092
2026-07-22 22:15,163.072,163.106,163.064,163.101
2026-07-22 22:30,163.098,163.152,163.084,163.116
2026-07-22 22:45,163.124,163.130,163.098,163.120
2026-07-22 23:00,163.106,163.125,163.081,163.107
2026-07-22 23:15,163.107,163.118,163.087,163.102
2026-07-22 23:30,163.107,163.115,163.088,163.095
2026-07-22 23:45,163.094,163.113,163.081,163.081
2026-07-23 00:00,163.081,163.106,163.058,163.094
2026-07-23 00:15,163.102,163.115,163.075,163.095
2026-07-23 00:30,163.094,163.107,163.081,163.089
2026-07-23 00:45,163.092,163.140,163.036,163.046
2026-07-23 01:00,163.046,163.087,163.018,163.061
2026-07-23 01:15,163.067,163.074,163.042,163.067
2026-07-23 01:30,163.068,163.069,162.987,163.016
2026-07-23 01:45,163.027,163.066,163.019,163.064
2026-07-23 02:00,163.052,163.077,163.042,163.056
2026-07-23 02:15,163.060,163.077,163.040,163.064
2026-07-23 02:30,163.064,163.100,163.053,163.072
2026-07-23 02:45,163.074,163.087,163.055,163.064
2026-07-23 03:00,163.069,163.086,163.054,163.078
2026-07-23 03:15,163.079,163.086,163.038,163.052
2026-07-23 03:30,163.056,163.064,163.035,163.043
2026-07-23 03:45,163.047,163.060,163.026,163.043
2026-07-23 04:00,163.039,163.060,163.022,163.047
2026-07-23 04:15,163.051,163.062,163.036,163.038
2026-07-23 04:30,163.038,163.062,163.037,163.045
2026-07-23 04:45,163.052,163.084,163.045,163.072
2026-07-23 05:00,163.066,163.086,163.060,163.074
2026-07-23 05:15,163.074,163.109,163.072,163.088
2026-07-23 05:30,163.090,163.096,163.062,163.084
2026-07-23 05:45,163.079,163.110,163.075,163.109
2026-07-23 06:00,163.104,163.120,163.066,163.071
2026-07-23 06:15,163.071,163.100,163.064,163.067
2026-07-23 06:30,163.067,163.098,163.063,163.083
2026-07-23 06:45,163.089,163.116,163.079,163.104
2026-07-23 07:00,163.104,163.156,163.104,163.128
2026-07-23 07:15,163.128,163.173,163.128,163.162
2026-07-23 07:30,163.162,163.264,163.155,163.226
2026-07-23 07:45,163.230,163.427,163.184,163.312
2026-07-23 08:00,163.311,163.398,163.278,163.376
2026-07-23 08:15,163.384,163.401,163.355,163.397
2026-07-23 08:30,163.391,163.441,163.365,163.390
2026-07-23 08:45,163.390,163.401,163.329,163.334
2026-07-23 09:00,163.330,163.364,163.283,163.356
2026-07-23 09:15,163.356,163.397,163.333,163.375
2026-07-23 09:30,163.371,163.382,163.314,163.334
2026-07-23 09:45,163.337,163.381,163.328,163.371
2026-07-23 10:00,163.368,163.384,163.350,163.359
2026-07-23 10:15,163.354,163.371,163.340,163.356
2026-07-23 10:30,163.356,163.375,163.343,163.356
2026-07-23 10:45,163.353,163.382,163.349,163.368
2026-07-23 11:00,163.368,163.382,163.352,163.354
2026-07-23 11:15,163.358,163.426,163.355,163.413
2026-07-23 11:30,163.414,163.648,163.408,163.580
2026-07-23 11:45,163.580,163.592,163.299,163.482
2026-07-23 12:00,163.490,163.514,163.447,163.470
2026-07-23 12:15,163.467,163.594,163.459,163.558
2026-07-23 12:30,163.569,163.758,163.567,163.704
2026-07-23 12:45,163.704,163.723,163.645,163.666
2026-07-23 13:00,163.674,163.850,163.659,163.805
2026-07-23 13:15,163.807,163.826,163.768,163.784
2026-07-23 13:30,163.788,163.845,163.729,163.845
2026-07-23 13:45,163.837,163.965,163.836,163.958
2026-07-23 14:00,163.963,163.963,163.875,163.894
2026-07-23 14:15,163.893,163.949,163.866,163.930
2026-07-23 14:30,163.930,163.953,163.888,163.930
2026-07-23 14:45,163.932,163.988,163.916,163.918
2026-07-23 15:00,163.917,163.954,163.843,163.852
2026-07-23 15:15,163.857,163.886,163.769,163.868
2026-07-23 15:30,163.869,163.915,163.785,163.819
2026-07-23 15:45,163.815,163.843,163.781,163.800
2026-07-23 16:00,163.799,163.835,163.773,163.783
2026-07-23 16:15,163.782,163.831,163.736,163.738
2026-07-23 16:30,163.737,163.797,163.713,163.750
2026-07-23 16:45,163.753,163.780,163.744,163.764
2026-07-23 17:00,163.764,163.789,163.710,163.768
2026-07-23 17:15,163.761,163.785,163.734,163.779
2026-07-23 17:30,163.773,163.808,163.772,163.805
2026-07-23 17:45,163.801,163.844,163.798,163.841
2026-07-23 18:00,163.839,163.847,163.798,163.803
2026-07-23 18:15,163.803,163.811,163.774,163.793
2026-07-23 18:30,163.787,163.818,163.771,163.790
2026-07-23 18:45,163.791,163.820,163.785,163.797
2026-07-23 19:00,163.803,163.820,163.771,163.820
2026-07-23 19:15,163.813,163.837,163.800,163.803
2026-07-23 19:30,163.805,163.844,163.764,163.838
2026-07-23 19:45,163.842,163.857,163.801,163.819
2026-07-23 20:00,163.817,163.826,163.792,163.822
2026-07-23 20:15,163.821,163.840,163.809,163.819
2026-07-23 20:30,163.820,163.877,163.812,163.864
2026-07-23 20:45,163.869,163.876,163.822,163.853
2026-07-23 21:00,163.814,163.916,163.799,163.811
2026-07-23 21:15,163.810,163.857,163.806,163.819
2026-07-23 21:30,163.819,163.839,163.750,163.801
2026-07-23 21:45,163.783,163.802,163.735,163.779
2026-07-23 22:00,163.783,163.845,163.740,163.818
2026-07-23 22:15,163.830,163.849,163.816,163.847
2026-07-23 22:30,163.840,163.851,163.811,163.817
2026-07-23 22:45,163.818,163.850,163.816,163.844
2026-07-23 23:00,163.836,163.851,163.826,163.827
2026-07-23 23:15,163.827,163.839,163.807,163.810
2026-07-23 23:30,163.810,163.835,163.797,163.829
2026-07-23 23:45,163.829,163.870,163.816,163.836
2026-07-24 00:00,163.832,163.908,163.789,163.852
2026-07-24 00:15,163.851,163.897,163.825,163.855
2026-07-24 00:30,163.858,163.926,163.836,163.919
2026-07-24 00:45,163.921,163.940,163.809,163.818
2026-07-24 01:00,163.812,163.862,163.798,163.842
2026-07-24 01:15,163.845,163.855,163.774,163.835
2026-07-24 01:30,163.836,163.848,163.718,163.737
2026-07-24 01:45,163.732,163.782,163.727,163.769
2026-07-24 02:00,163.772,163.808,163.756,163.770
2026-07-24 02:15,163.770,163.787,163.743,163.770
2026-07-24 02:30,163.779,163.782,163.722,163.757
2026-07-24 02:45,163.757,163.785,163.746,163.770
2026-07-24 03:00,163.771,163.827,163.764,163.814
2026-07-24 03:15,163.814,163.867,163.811,163.854
2026-07-24 03:30,163.853,163.861,163.805,163.811
2026-07-24 03:45,163.811,163.827,163.787,163.803
2026-07-24 04:00,163.804,163.820,163.774,163.809
2026-07-24 04:15,163.802,163.836,163.802,163.828
2026-07-24 04:30,163.828,163.843,163.807,163.832
2026-07-24 04:45,163.825,163.847,163.819,163.828
2026-07-24 05:00,163.821,163.832,163.797,163.814
2026-07-24 05:15,163.811,163.828,163.795,163.804
2026-07-24 05:30,163.800,163.825,163.790,163.812
2026-07-24 05:45,163.813,163.847,163.797,163.842
2026-07-24 06:00,163.833,163.848,163.770,163.803
2026-07-24 06:15,163.799,163.809,163.760,163.781
2026-07-24 06:30,163.781,163.806,163.768,163.773
2026-07-24 06:45,163.779,163.797,163.758,163.759
2026-07-24 07:00,163.760,163.779,163.644,163.686
2026-07-24 07:15,163.691,163.755,163.683,163.687
2026-07-24 07:30,163.692,163.795,163.657,163.761
2026-07-24 07:45,163.765,163.802,163.752,163.761
2026-07-24 08:00,163.760,163.812,163.748,163.764
2026-07-24 08:15,163.761,163.793,163.729,163.729
2026-07-24 08:30,163.734,163.787,163.718,163.770
2026-07-24 08:45,163.770,163.804,163.717,163.726
2026-07-24 09:00,163.724,163.766,163.724,163.729
2026-07-24 09:15,163.730,163.752,163.722,163.742
2026-07-24 09:30,163.738,163.762,163.718,163.728
2026-07-24 09:45,163.728,163.745,163.678,163.683
2026-07-24 10:00,163.689,163.735,163.669,163.725
2026-07-24 10:15,163.721,163.730,163.700,163.721
2026-07-24 10:30,163.722,163.761,163.700,163.749
2026-07-24 10:45,163.754,163.806,163.749,163.788
2026-07-24 11:00,163.786,163.800,163.754,163.759
2026-07-24 11:15,163.766,163.787,163.754,163.779
2026-07-24 11:30,163.782,163.802,163.754,163.801
2026-07-24 11:45,163.791,163.840,163.776,163.796
2026-07-24 12:00,163.802,163.832,163.794,163.798
2026-07-24 12:15,163.797,163.840,163.793,163.829
2026-07-24 12:30,163.827,163.846,163.796,163.827
2026-07-24 12:45,163.823,163.864,163.819,163.846
2026-07-24 13:00,163.848,163.880,163.833,163.839
2026-07-24 13:15,163.839,163.874,163.835,163.861
2026-07-24 13:30,163.861,163.872,163.817,163.832
2026-07-24 13:45,163.842,163.863,163.773,163.779
2026-07-24 14:00,163.777,163.836,163.752,163.828
2026-07-24 14:15,163.827,163.827,163.771,163.782
2026-07-24 14:30,163.784,163.802,163.751,163.763
2026-07-24 14:45,163.764,163.772,163.688,163.754
2026-07-24 15:00,163.755,163.773,163.658,163.677
2026-07-24 15:15,163.674,163.707,163.636,163.693
2026-07-24 15:30,163.689,163.751,163.679,163.730
2026-07-24 15:45,163.725,163.740,163.702,163.704
2026-07-24 16:00,163.711,163.745,163.702,163.708
2026-07-24 16:15,163.705,163.735,163.698,163.725
2026-07-24 16:30,163.720,163.759,163.710,163.750
2026-07-24 16:45,163.745,163.780,163.742,163.778
2026-07-24 17:00,163.779,163.824,163.768,163.815
2026-07-24 17:15,163.812,163.831,163.797,163.811
2026-07-24 17:30,163.805,163.839,163.804,163.822
2026-07-24 17:45,163.821,163.838,163.806,163.813
2026-07-24 18:00,163.807,163.828,163.805,163.814
2026-07-24 18:15,163.809,163.839,163.792,163.837
2026-07-24 18:30,163.834,163.856,163.821,163.841
2026-07-24 18:45,163.835,163.848,163.822,163.836
2026-07-24 19:00,163.842,163.843,163.803,163.824
2026-07-24 19:15,163.825,163.853,163.822,163.845
2026-07-24 19:30,163.845,163.854,163.810,163.822
2026-07-24 19:45,163.822,163.852,163.820,163.848
2026-07-24 20:00,163.847,163.860,163.834,163.850
2026-07-24 20:15,163.851,163.865,163.845,163.854
2026-07-24 20:30,163.855,163.867,163.844,163.846
2026-07-24 20:45,163.847,163.870,163.791,163.791
2026-07-26 23:00,163.690,163.700,163.665,163.677
2026-07-26 23:15,163.676,163.689,163.661,163.684
2026-07-26 23:30,163.674,163.687,163.638,163.654
2026-07-26 23:45,163.654,163.666,163.602,163.611
2026-07-27 00:00,163.616,163.622,163.529,163.530
2026-07-27 00:15,163.530,163.596,163.520,163.532
2026-07-27 00:30,163.541,163.593,163.513,163.565
2026-07-27 00:45,163.568,163.655,163.555,163.629
2026-07-27 01:00,163.627,163.638,163.555,163.558
2026-07-27 01:15,163.558,163.583,163.539,163.559
2026-07-27 01:30,163.560,163.578,163.525,163.546
2026-07-27 01:45,163.548,163.562,163.472,163.472
2026-07-27 02:00,163.473,163.550,163.449,163.548
2026-07-27 02:15,163.543,163.553,163.510,163.517
2026-07-27 02:30,163.516,163.547,163.495,163.526
2026-07-27 02:45,163.526,163.582,163.520,163.570
2026-07-27 03:00,163.570,163.595,163.547,163.584
2026-07-27 03:15,163.583,163.604,163.567,163.586
2026-07-27 03:30,163.583,163.614,163.581,163.594
2026-07-27 03:45,163.594,163.601,163.559,163.573
2026-07-27 04:00,163.571,163.579,163.544,163.557
2026-07-27 04:15,163.554,163.586,163.544,163.573
2026-07-27 04:30,163.572,163.591,163.567,163.586
2026-07-27 04:45,163.586,163.598,163.568,163.572
2026-07-27 05:00,163.573,163.598,163.556,163.558
2026-07-27 05:15,163.558,163.588,163.558,163.561
2026-07-27 05:30,163.561,163.596,163.553,163.588
2026-07-27 05:45,163.588,163.607,163.577,163.584
2026-07-27 06:00,163.584,163.604,163.525,163.525
2026-07-27 06:15,163.527,163.566,163.518,163.562
2026-07-27 06:30,163.559,163.591,163.515,163.527
2026-07-27 06:45,163.521,163.551,163.503,163.507
2026-07-27 07:00,163.515,163.538,163.466,163.473
2026-07-27 07:15,163.465,163.500,163.321,163.332
2026-07-27 07:30,163.326,163.473,163.324,163.455
2026-07-27 07:45,163.458,163.528,163.434,163.521
2026-07-27 08:00,163.520,163.540,163.487,163.523
2026-07-27 08:15,163.520,163.552,163.513,163.540
2026-07-27 08:30,163.536,163.557,163.496,163.522
2026-07-27 08:45,163.516,163.545,163.501,163.520
2026-07-27 09:00,163.516,163.578,163.490,163.573
2026-07-27 09:15,163.570,163.607,163.529,163.572
2026-07-27 09:30,163.568,163.589,163.545,163.549
2026-07-27 09:45,163.545,163.577,163.498,163.525
2026-07-27 10:00,163.525,163.599,163.525,163.557
2026-07-27 10:15,163.559,163.564,163.527,163.552
2026-07-27 10:30,163.541,163.575,163.539,163.550
2026-07-27 10:45,163.551,163.600,163.551,163.592
2026-07-27 11:00,163.585,163.645,163.582,163.624
2026-07-27 11:15,163.625,163.641,163.606,163.641
2026-07-27 11:30,163.637,163.649,163.577,163.595
2026-07-27 11:45,163.595,163.651,163.592,163.640
2026-07-27 12:00,163.640,163.687,163.620,163.675
2026-07-27 12:15,163.672,163.688,163.645,163.662
2026-07-27 12:30,163.668,163.706,163.647,163.685
2026-07-27 12:45,163.682,163.697,163.662,163.686
2026-07-27 13:00,163.686,163.699,163.647,163.664
2026-07-27 13:15,163.662,163.722,163.649,163.702
2026-07-27 13:30,163.708,163.726,163.675,163.696
2026-07-27 13:45,163.699,163.759,163.692,163.743
2026-07-27 14:00,163.744,163.768,163.705,163.718
2026-07-27 14:15,163.718,163.762,163.718,163.755
2026-07-27 14:30,163.755,163.768,163.715,163.749
2026-07-27 14:45,163.747,163.762,163.688,163.698
2026-07-27 15:00,163.702,163.724,163.678,163.704
2026-07-27 15:15,163.704,163.709,163.652,163.662
2026-07-27 15:30,163.662,163.699,163.661,163.674
2026-07-27 15:45,163.668,163.714,163.663,163.709
2026-07-27 16:00,163.709,163.715,163.686,163.698
2026-07-27 16:15,163.692,163.699,163.608,163.625
2026-07-27 16:30,163.622,163.627,163.579,163.616
2026-07-27 16:45,163.623,163.661,163.615,163.649
2026-07-27 17:00,163.652,163.701,163.646,163.692
2026-07-27 17:15,163.695,163.715,163.689,163.706
2026-07-27 17:30,163.704,163.724,163.690,163.722
2026-07-27 17:45,163.723,163.735,163.705,163.723
2026-07-27 18:00,163.723,163.729,163.691,163.702
2026-07-27 18:15,163.703,163.741,163.700,163.727
2026-07-27 18:30,163.728,163.743,163.684,163.728
2026-07-27 18:45,163.728,163.790,163.726,163.776
2026-07-27 19:00,163.776,163.776,163.740,163.750
2026-07-27 19:15,163.750,163.754,163.724,163.726
2026-07-27 19:30,163.726,163.727,163.691,163.700
2026-07-27 19:45,163.700,163.734,163.696,163.733
2026-07-27 20:00,163.734,163.744,163.727,163.742
2026-07-27 20:15,163.738,163.743,163.723,163.738
2026-07-27 20:30,163.737,163.769,163.733,163.760
2026-07-27 20:45,163.760,163.769,163.718,163.745
2026-07-27 21:00,163.673,163.685,163.654,163.673
2026-07-27 21:15,163.680,163.691,163.672,163.681
2026-07-27 21:30,163.687,163.719,163.676,163.717
2026-07-27 21:45,163.705,163.714,163.679,163.713
2026-07-27 22:00,163.712,163.762,163.693,163.746
2026-07-27 22:15,163.732,163.760,163.728,163.743
2026-07-27 22:30,163.754,163.759,163.728,163.734
2026-07-27 22:45,163.742,163.752,163.734,163.740
2026-07-27 23:00,163.740,163.749,163.710,163.722
2026-07-27 23:15,163.716,163.739,163.714,163.729
2026-07-27 23:30,163.725,163.764,163.723,163.744
2026-07-27 23:45,163.740,163.786,163.728,163.771
2026-07-28 00:00,163.771,163.843,163.769,163.816
2026-07-28 00:15,163.809,163.821,163.752,163.780
2026-07-28 00:30,163.780,163.791,163.753,163.767
2026-07-28 00:45,163.768,163.822,163.731,163.738
2026-07-28 01:00,163.745,163.761,163.708,163.747
2026-07-28 01:15,163.747,163.768,163.730,163.748
2026-07-28 01:30,163.741,163.778,163.732,163.756
2026-07-28 01:45,163.755,163.792,163.744,163.768
2026-07-28 02:00,163.759,163.792,163.756,163.780
2026-07-28 02:15,163.779,163.782,163.733,163.756
2026-07-28 02:30,163.748,163.770,163.732,163.736
2026-07-28 02:45,163.736,163.750,163.669,163.708
2026-07-28 03:00,163.707,163.741,163.693,163.733
2026-07-28 03:15,163.736,163.742,163.713,163.716
2026-07-28 03:30,163.718,163.764,163.706,163.758
2026-07-28 03:45,163.758,163.769,163.745,163.756
2026-07-28 04:00,163.756,163.776,163.750,163.764
2026-07-28 04:15,163.764,163.778,163.752,163.768
2026-07-28 04:30,163.767,163.776,163.744,163.753
2026-07-28 04:45,163.753,163.766,163.739,163.745
2026-07-28 05:00,163.744,163.767,163.738,163.758
2026-07-28 05:15,163.762,163.772,163.721,163.727
2026-07-28 05:30,163.721,163.753,163.717,163.744
2026-07-28 05:45,163.746,163.765,163.717,163.733
2026-07-28 06:00,163.733,163.742,163.685,163.690
2026-07-28 06:15,163.688,163.728,163.674,163.691
2026-07-28 06:30,163.691,163.716,163.662,163.689
2026-07-28 06:45,163.688,163.711,163.664,163.709
2026-07-28 07:00,163.704,163.751,163.704,163.740
2026-07-28 07:15,163.729,163.767,163.717,163.752
2026-07-28 07:30,163.759,163.774,163.740,163.763
2026-07-28 07:45,163.763,163.794,163.763,163.784
2026-07-28 08:00,163.779,163.795,163.754,163.793
2026-07-28 08:15,163.788,163.844,163.781,163.835
2026-07-28 08:30,163.835,163.853,163.817,163.835
2026-07-28 08:45,163.836,163.840,163.805,163.819
2026-07-28 09:00,163.821,163.831,163.804,163.816
2026-07-28 09:15,163.819,163.831,163.804,163.828
2026-07-28 09:30,163.827,163.855,163.823,163.837
2026-07-28 09:45,163.835,163.889,163.832,163.874
2026-07-28 10:00,163.875,163.901,163.859,163.886
2026-07-28 10:15,163.895,163.936,163.886,163.930
2026-07-28 10:30,163.923,163.943,163.904,163.939
2026-07-28 10:45,163.939,163.949,163.917,163.932
2026-07-28 11:00,163.931,163.938,163.913,163.928
2026-07-28 11:15,163.932,163.937,163.900,163.922
2026-07-28 11:30,163.916,163.931,163.900,163.928
2026-07-28 11:45,163.926,163.938,163.914,163.927
2026-07-28 12:00,163.927,163.934,163.906,163.917
2026-07-28 12:15,163.917,163.926,163.873,163.892
2026-07-28 12:30,163.885,163.904,163.873,163.884
2026-07-28 12:45,163.883,163.886,163.837,163.872
2026-07-28 13:00,163.875,163.885,163.848,163.868
2026-07-28 13:15,163.870,163.875,163.834,163.865
2026-07-28 13:30,163.870,163.879,163.840,163.848
2026-07-28 13:45,163.847,163.860,163.812,163.818
2026-07-28 14:00,163.827,163.861,163.812,163.856
2026-07-28 14:15,163.854,163.861,163.826,163.843
2026-07-28 14:30,163.843,163.857,163.826,163.848
2026-07-28 14:45,163.845,163.882,163.845,163.863
2026-07-28 15:00,163.863,163.866,163.732,163.747
2026-07-28 15:15,163.746,163.759,163.638,163.694
2026-07-28 15:30,163.688,163.713,163.649,163.664
2026-07-28 15:45,163.664,163.712,163.643,163.651
2026-07-28 16:00,163.650,163.697,163.638,163.670
2026-07-28 16:15,163.668,163.688,163.652,163.678
2026-07-28 16:30,163.673,163.707,163.664,163.699
2026-07-28 16:45,163.700,163.748,163.698,163.737
2026-07-28 17:00,163.737,163.753,163.712,163.749
2026-07-28 17:15,163.744,163.780,163.718,163.769
2026-07-28 17:30,163.769,163.789,163.757,163.781
2026-07-28 17:45,163.781,163.815,163.769,163.800
2026-07-28 18:00,163.798,163.816,163.765,163.792
2026-07-28 18:15,163.788,163.820,163.771,163.815
2026-07-28 18:30,163.816,163.833,163.807,163.831
2026-07-28 18:45,163.829,163.861,163.823,163.856
2026-07-28 19:00,163.853,163.871,163.820,163.852
2026-07-28 19:15,163.849,163.853,163.823,163.847
2026-07-28 19:30,163.843,163.851,163.821,163.837
2026-07-28 19:45,163.834,163.861,163.822,163.855
2026-07-28 20:00,163.854,163.877,163.843,163.844
2026-07-28 20:15,163.846,163.868,163.836,163.861
2026-07-28 20:30,163.860,163.889,163.851,163.851
2026-07-28 20:45,163.851,163.868,163.808,163.811
2026-07-28 21:00,163.781,163.840,163.650,163.839
2026-07-28 21:15,163.827,163.837,163.756,163.789
2026-07-28 21:30,163.758,163.810,163.751,163.764
2026-07-28 21:45,163.751,163.819,163.743,163.794
2026-07-28 22:00,163.779,163.839,163.769,163.832
2026-07-28 22:15,163.833,163.890,163.826,163.848
2026-07-28 22:30,163.839,163.869,163.836,163.867
2026-07-28 22:45,163.853,163.872,163.838,163.842
2026-07-28 23:00,163.849,163.866,163.837,163.850
2026-07-28 23:15,163.847,163.872,163.846,163.860
2026-07-28 23:30,163.853,163.870,163.848,163.850
2026-07-28 23:45,163.854,163.874,163.844,163.859
2026-07-29 00:00,163.859,163.883,163.843,163.868
2026-07-29 00:15,163.868,163.879,163.790,163.799
2026-07-29 00:30,163.798,163.818,163.755,163.767
2026-07-29 00:45,163.766,163.777,163.662,163.695
2026-07-29 01:00,163.705,163.741,163.677,163.728
2026-07-29 01:15,163.727,163.763,163.703,163.736
2026-07-29 01:30,163.736,163.780,163.720,163.769
2026-07-29 01:45,163.762,163.773,163.697,163.713
2026-07-29 02:00,163.719,163.753,163.687,163.703
2026-07-29 02:15,163.703,163.727,163.676,163.702
2026-07-29 02:30,163.700,163.718,163.651,163.696
2026-07-29 02:45,163.689,163.736,163.689,163.717
2026-07-29 03:00,163.714,163.723,163.685,163.688
2026-07-29 03:15,163.694,163.701,163.657,163.669
2026-07-29 03:30,163.668,163.687,163.622,163.631
2026-07-29 03:45,163.630,163.632,163.555,163.626
2026-07-29 04:00,163.618,163.625,163.533,163.552
2026-07-29 04:15,163.549,163.564,163.476,163.510
2026-07-29 04:30,163.504,163.525,163.290,163.294
2026-07-29 04:45,163.301,163.520,163.272,163.423
2026-07-29 05:00,163.418,163.455,163.390,163.416
2026-07-29 05:15,163.414,163.420,163.337,163.377
2026-07-29 05:30,163.377,163.483,163.374,163.415
2026-07-29 05:45,163.412,163.497,163.395,163.494
2026-07-29 06:00,163.494,163.571,163.446,163.510
2026-07-29 06:15,163.503,163.561,163.472,163.550
2026-07-29 06:30,163.541,163.581,163.461,163.489
2026-07-29 06:45,163.489,163.552,163.489,163.530
2026-07-29 07:00,163.525,163.563,163.508,163.537
2026-07-29 07:15,163.543,163.594,163.489,163.582
2026-07-29 07:30,163.582,163.610,163.546,163.594
2026-07-29 07:45,163.595,163.693,163.580,163.679
2026-07-29 08:00,163.673,163.694,163.645,163.646
2026-07-29 08:15,163.646,163.656,163.602,163.611
2026-07-29 08:30,163.602,163.644,163.581,163.589
2026-07-29 08:45,163.590,163.604,163.550,163.578
2026-07-29 09:00,163.579,163.618,163.536,163.540
2026-07-29 09:15,163.537,163.563,163.521,163.529
2026-07-29 09:30,163.535,163.578,163.497,163.560
2026-07-29 09:45,163.559,163.614,163.547,163.605
2026-07-29 10:00,163.607,163.646,163.597,163.638
2026-07-29 10:15,163.635,163.669,163.613,163.653
2026-07-29 10:30,163.652,163.696,163.637,163.673
2026-07-29 10:45,163.673,163.693,163.648,163.652
2026-07-29 11:00,163.661,163.688,163.643,163.675
2026-07-29 11:15,163.675,163.686,163.636,163.638
2026-07-29 11:30,163.635,163.680,163.633,163.664
2026-07-29 11:45,163.669,163.681,163.638,163.639
2026-07-29 12:00,163.637,163.719,163.626,163.691
2026-07-29 12:15,163.691,163.769,163.689,163.753
2026-07-29 12:30,163.753,163.793,163.731,163.765
2026-07-29 12:45,163.771,163.821,163.759,163.800
2026-07-29 13:00,163.792,163.812,163.767,163.767
2026-07-29 13:15,163.770,163.779,163.725,163.742
2026-07-29 13:30,163.742,163.783,163.723,163.728
2026-07-29 13:45,163.729,163.768,163.725,163.745
2026-07-29 14:00,163.744,163.786,163.731,163.780
2026-07-29 14:15,163.779,163.793,163.744,163.753
2026-07-29 14:30,163.754,163.840,163.744,163.822
2026-07-29 14:45,163.821,163.887,163.817,163.883
2026-07-29 15:00,163.882,163.888,163.823,163.837
2026-07-29 15:15,163.833,163.874,163.825,163.850
2026-07-29 15:30,163.851,163.869,163.837,163.856
2026-07-29 15:45,163.857,163.871,163.837,163.858
2026-07-29 16:00,163.853,163.904,163.852,163.890
2026-07-29 16:15,163.888,163.897,163.861,163.877
2026-07-29 16:30,163.875,163.897,163.858,163.872
2026-07-29 16:45,163.875,163.895,163.865,163.888
2026-07-29 17:00,163.886,163.897,163.837,163.846
2026-07-29 17:15,163.837,163.855,163.818,163.839
2026-07-29 17:30,163.836,163.856,163.808,163.818
2026-07-29 17:45,163.812,163.827,163.760,163.763
2026-07-29 18:00,163.784,163.847,163.442,163.501
2026-07-29 18:15,163.504,163.613,163.473,163.546
2026-07-29 18:30,163.543,163.656,163.432,163.440
2026-07-29 18:45,163.450,163.458,163.310,163.317
2026-07-29 19:00,163.312,163.446,163.224,163.361
2026-07-29 19:15,163.360,163.438,163.248,163.389
2026-07-29 19:30,163.388,163.503,163.382,163.412
2026-07-29 19:45,163.415,163.519,163.407,163.508
2026-07-29 20:00,163.508,163.551,163.473,163.534
2026-07-29 20:15,163.524,163.570,163.518,163.547
2026-07-29 20:30,163.541,163.552,163.460,163.464
2026-07-29 20:45,163.468,163.475,163.344,163.370
2026-07-29 21:00,163.376,163.396,163.332,163.373
2026-07-29 21:15,163.383,163.394,163.349,163.364
2026-07-29 21:30,163.351,163.414,163.340,163.357
2026-07-29 21:45,163.384,163.410,163.347,163.377
2026-07-29 22:00,163.376,163.435,163.359,163.413
2026-07-29 22:15,163.413,163.454,163.379,163.432
2026-07-29 22:30,163.432,163.446,163.398,163.403
2026-07-29 22:45,163.403,163.417,163.372,163.376
2026-07-29 23:00,163.375,163.389,163.290,163.348
2026-07-29 23:15,163.349,163.388,163.348,163.371
2026-07-29 23:30,163.362,163.386,163.357,163.373
2026-07-29 23:45,163.376,163.386,163.263,163.300
2026-07-30 00:00,163.308,163.314,163.202,163.250
2026-07-30 00:15,163.254,163.502,163.244,163.495
2026-07-30 00:30,163.486,163.517,163.436,163.442
2026-07-30 00:45,163.450,163.498,163.402,163.493
2026-07-30 01:00,163.486,163.494,163.408,163.423
2026-07-30 01:15,163.429,163.535,163.425,163.481
2026-07-30 01:30,163.489,163.497,163.409,163.471
2026-07-30 01:45,163.470,163.518,163.461,163.502
2026-07-30 02:00,163.497,163.504,163.444,163.471
2026-07-30 02:15,163.471,163.506,163.470,163.493
2026-07-30 02:30,163.486,163.495,163.452,163.469
2026-07-30 02:45,163.470,163.490,163.452,163.483
2026-07-30 03:00,163.483,163.541,163.481,163.520
2026-07-30 03:15,163.520,163.547,163.491,163.512
2026-07-30 03:30,163.510,163.553,163.499,163.512
2026-07-30 03:45,163.506,163.516,163.491,163.496
2026-07-30 04:00,163.495,163.520,163.478,163.478
2026-07-30 04:15,163.478,163.490,163.456,163.472
2026-07-30 04:30,163.472,163.487,163.456,163.473
2026-07-30 04:45,163.473,163.513,163.473,163.484
2026-07-30 05:00,163.485,163.504,163.449,163.453
2026-07-30 05:15,163.453,163.492,163.453,163.482
2026-07-30 05:30,163.488,163.521,163.479,163.503
2026-07-30 05:45,163.498,163.548,163.477,163.532
2026-07-30 06:00,163.532,163.605,163.527,163.599
2026-07-30 06:15,163.594,163.634,163.578,163.592
2026-07-30 06:30,163.592,163.626,163.549,163.573
2026-07-30 06:45,163.578,163.644,163.555,163.634
2026-07-30 07:00,163.631,163.648,163.553,163.595
2026-07-30 07:15,163.598,163.653,163.595,163.642
2026-07-30 07:30,163.642,163.703,163.641,163.695
2026-07-30 07:45,163.701,163.739,163.694,163.732
2026-07-30 08:00,163.722,163.735,163.619,163.637
2026-07-30 08:15,163.637,163.664,163.601,163.608
2026-07-30 08:30,163.607,163.653,163.599,163.616
2026-07-30 08:45,163.616,163.660,163.602,163.648
2026-07-30 09:00,163.645,163.651,163.482,163.525
2026-07-30 09:15,163.525,163.543,163.452,163.466
2026-07-30 09:30,163.467,163.486,163.378,163.392
2026-07-30 09:45,163.392,163.412,163.275,163.306
2026-07-30 10:00,163.301,163.314,162.916,162.985
2026-07-30 10:15,162.980,162.990,162.258,162.850
2026-07-30 10:30,162.850,162.869,162.697,162.736
2026-07-30 10:45,162.735,162.858,162.683,162.815
2026-07-30 11:00,162.817,162.836,162.712,162.794
2026-07-30 11:15,162.790,162.979,162.769,162.963
2026-07-30 11:30,162.953,163.043,162.924,162.978
2026-07-30 11:45,162.978,162.985,162.870,162.887
2026-07-30 12:00,162.888,162.948,162.847,162.877
2026-07-30 12:15,162.870,162.939,162.860,162.873
2026-07-30 12:30,162.883,162.933,162.695,162.713
2026-07-30 12:45,162.717,162.957,162.686,162.956
2026-07-30 13:00,162.951,162.959,162.842,162.872
2026-07-30 13:15,162.882,162.905,162.706,162.775
2026-07-30 13:30,162.772,162.812,160.250,160.605
2026-07-30 13:45,160.609,161.188,159.721,159.745
2026-07-30 14:00,159.740,159.955,158.745,158.858
2026-07-30 14:15,158.864,159.365,157.923,159.233
2026-07-30 14:30,159.232,159.658,158.661,159.439
2026-07-30 14:45,159.444,159.677,159.271,159.278
2026-07-30 15:00,159.280,159.622,158.874,159.414
2026-07-30 15:15,159.422,159.519,159.347,159.440
2026-07-30 15:30,159.440,159.546,159.276,159.304
2026-07-30 15:45,159.309,159.488,159.273,159.472
2026-07-30 16:00,159.463,159.529,159.378,159.444
2026-07-30 16:15,159.439,159.502,159.363,159.435
2026-07-30 16:30,159.427,159.602,159.401,159.595
2026-07-30 16:45,159.588,159.689,159.560,159.562
2026-07-30 17:00,159.572,159.697,159.549,159.660
2026-07-30 17:15,159.662,159.845,159.658,159.783
2026-07-30 17:30,159.790,159.824,158.498,158.787
2026-07-30 17:45,158.766,159.142,158.751,158.996
2026-07-30 18:00,158.981,159.085,158.836,158.877
2026-07-30 18:15,158.874,159.096,158.842,159.011
2026-07-30 18:30,159.009,159.099,158.936,159.021
2026-07-30 18:45,159.026,159.072,158.874,158.888
2026-07-30 19:00,158.882,159.209,158.882,159.175
2026-07-30 19:15,159.174,159.332,159.168,159.305
2026-07-30 19:30,159.305,159.431,159.299,159.390
2026-07-30 19:45,159.396,159.426,159.273,159.337
2026-07-30 20:00,159.346,159.400,159.334,159.385
2026-07-30 20:15,159.395,159.520,159.376,159.489
2026-07-30 20:30,159.497,159.544,159.340,159.542
2026-07-30 20:45,159.520,159.605,159.441,159.524
2026-07-30 21:00,159.522,159.525,159.421,159.465
2026-07-30 21:15,159.471,159.515,159.463,159.494
2026-07-30 21:30,159.508,159.596,159.494,159.569
2026-07-30 21:45,159.569,159.671,159.540,159.619
2026-07-30 22:00,159.646,159.702,159.401,159.680
2026-07-30 22:15,159.651,159.784,159.641,159.708
2026-07-30 22:30,159.718,159.762,159.353,159.583
2026-07-30 22:45,159.582,159.717,159.542,159.704
2026-07-30 23:00,159.644,159.869,159.564,159.841
2026-07-30 23:15,159.831,159.925,159.768,159.918
2026-07-30 23:30,159.907,160.195,159.897,160.193
2026-07-30 23:45,160.193,160.213,160.116,160.174
2026-07-31 00:00,160.187,160.407,160.155,160.313
2026-07-31 00:15,160.311,160.360,160.136,160.258
2026-07-31 00:30,160.256,160.547,160.241,160.521
2026-07-31 00:45,160.516,160.690,160.424,160.536
2026-07-31 01:00,160.531,160.644,160.324,160.477
2026-07-31 01:15,160.486,160.589,160.414,160.498
2026-07-31 01:30,160.505,160.618,160.439,160.599
2026-07-31 01:45,160.595,160.746,160.572,160.727
2026-07-31 02:00,160.738,160.740,160.531,160.553
2026-07-31 02:15,160.556,160.617,160.496,160.588
2026-07-31 02:30,160.587,160.631,160.466,160.612
2026-07-31 02:45,160.603,160.657,160.427,160.512
2026-07-31 03:00,160.490,160.878,160.455,160.744
2026-07-31 03:15,160.743,160.848,160.699,160.833
2026-07-31 03:30,160.828,160.865,160.647,160.671
2026-07-31 03:45,160.682,160.691,160.490,160.608
2026-07-31 04:00,160.603,160.692,160.555,160.690
2026-07-31 04:15,160.684,160.746,160.631,160.723
2026-07-31 04:30,160.732,160.755,160.684,160.702
2026-07-31 04:45,160.707,160.806,160.657,160.682
2026-07-31 05:00,160.673,160.705,160.584,160.659
2026-07-31 05:15,160.659,160.744,160.582,160.738
2026-07-31 05:30,160.735,160.748,160.536,160.678
2026-07-31 05:45,160.671,160.703,160.554,160.597
2026-07-31 06:00,160.593,160.608,160.312,160.369
2026-07-31 06:15,160.378,160.537,160.224,160.321
2026-07-31 06:30,160.336,160.538,160.326,160.475
2026-07-31 06:45,160.470,160.477,159.921,160.282
2026-07-31 07:00,160.289,160.447,160.283,160.348
2026-07-31 07:15,160.358,160.516,160.270,160.487
2026-07-31 07:30,160.488,160.647,160.487,160.569
2026-07-31 07:45,160.570,160.605,160.199,160.200
2026-07-31 08:00,160.204,160.518,160.197,160.349
2026-07-31 08:15,160.346,160.361,160.155,160.273
2026-07-31 08:30,160.285,160.297,159.918,160.006
2026-07-31 08:45,159.999,160.157,158.518,158.923
2026-07-31 09:00,158.921,159.644,158.550,159.548
2026-07-31 09:15,159.539,159.866,159.459,159.857
2026-07-31 09:30,159.853,159.958,159.404,159.883
2026-07-31 09:45,159.873,160.087,159.808,159.989
2026-07-31 10:00,159.996,160.048,159.853,159.961
2026-07-31 10:15,159.953,160.141,159.938,159.954
2026-07-31 10:30,159.964,160.019,159.877,159.978
2026-07-31 10:45,159.979,160.032,159.939,159.985
2026-07-31 11:00,159.985,160.103,159.982,160.023
2026-07-31 11:15,160.030,160.156,159.991,160.133
2026-07-31 11:30,160.133,160.258,160.101,160.168
2026-07-31 11:45,160.169,160.255,160.134,160.208
2026-07-31 12:00,160.205,160.274,160.161,160.243
2026-07-31 12:15,160.243,160.399,160.187,160.345
2026-07-31 12:30,160.348,160.453,160.287,160.429
2026-07-31 12:45,160.429,160.452,160.311,160.365
2026-07-31 13:00,160.374,160.439,160.291,160.432
2026-07-31 13:15,160.427,160.539,159.433,159.509
2026-07-31 13:30,159.524,159.648,159.123,159.587
2026-07-31 13:45,159.573,159.856,159.371,159.482
2026-07-31 14:00,159.495,159.512,158.895,159.360
2026-07-31 14:15,159.361,159.460,159.180,159.234
2026-07-31 14:30,159.230,159.529,159.229,159.364
2026-07-31 14:45,159.353,159.558,159.182,159.237
2026-07-31 15:00,159.240,159.318,158.843,159.152
2026-07-31 15:15,159.151,159.366,158.940,159.346
2026-07-31 15:30,159.350,159.425,159.179,159.226
2026-07-31 15:45,159.236,159.264,159.072,159.165
2026-07-31 16:00,159.166,159.278,159.111,159.210
2026-07-31 16:15,159.209,159.284,159.186,159.220
2026-07-31 16:30,159.224,159.283,159.176,159.275
2026-07-31 16:45,159.275,159.370,159.235,159.359
2026-07-31 17:00,159.359,159.508,159.312,159.426
2026-07-31 17:15,159.421,159.484,158.682,158.697
2026-07-31 17:30,158.697,158.763,158.149,158.184
2026-07-31 17:45,158.195,158.957,158.154,158.489
2026-07-31 18:00,158.486,158.822,158.302,158.728
2026-07-31 18:15,158.715,158.852,158.587,158.794
2026-07-31 18:30,158.805,158.906,158.754,158.902
2026-07-31 18:45,158.902,159.130,158.874,158.883
2026-07-31 19:00,158.899,159.017,158.848,158.974
2026-07-31 19:15,158.987,159.106,158.974,159.023
2026-07-31 19:30,159.026,159.240,159.023,159.078
2026-07-31 19:45,159.077,159.184,158.971,159.175
2026-07-31 20:00,159.166,159.202,158.492,158.524
2026-07-31 20:15,158.489,158.662,157.952,157.997
2026-07-31 20:30,158.034,158.190,157.607,157.607
2026-07-31 20:45,157.664,157.925,157.151,157.538
2026-07-31 21:00,157.400,157.400,157.400,157.400
2026-08-02 23:00,157.301,157.620,157.047,157.545
2026-08-02 23:15,157.560,157.861,157.525,157.711
2026-08-02 23:30,157.700,157.875,157.601,157.835
2026-08-02 23:45,157.828,157.872,157.560,157.582
2026-08-03 00:00,157.587,157.858,157.558,157.820
2026-08-03 00:15,157.821,157.886,156.507,156.655
2026-08-03 00:30,156.648,156.701,155.353,155.410
2026-08-03 00:45,155.426,156.203,155.215,156.115
2026-08-03 01:00,156.125,156.407,155.415,156.106
2026-08-03 01:15,156.130,156.338,156.019,156.225
2026-08-03 01:30,156.222,156.457,156.163,156.362
2026-08-03 01:45,156.348,156.384,156.211,156.343
2026-08-03 02:00,156.342,156.631,156.342,156.519
2026-08-03 02:15,156.520,156.556,156.403,156.462
2026-08-03 02:30,156.469,156.499,156.209,156.416
2026-08-03 02:45,156.420,156.508,156.398,156.485
2026-08-03 03:00,156.475,156.646,156.473,156.542
2026-08-03 03:15,156.535,156.597,156.447,156.534
2026-08-03 03:30,156.522,156.585,156.289,156.527
2026-08-03 03:45,156.523,156.585,156.488,156.519
2026-08-03 04:00,156.518,156.538,156.397,156.438
2026-08-03 04:15,156.443,156.547,156.410,156.507
2026-08-03 04:30,156.499,156.544,156.366,156.374
2026-08-03 04:45,156.378,156.547,156.361,156.451
2026-08-03 05:00,156.451,156.498,156.360,156.449
2026-08-03 05:15,156.443,156.509,156.383,156.463
2026-08-03 05:30,156.455,156.492,156.376,156.406
2026-08-03 05:45,156.407,156.453,156.378,156.397
2026-08-03 06:00,156.394,156.470,156.319,156.418
2026-08-03 06:15,156.420,156.697,156.406,156.631
2026-08-03 06:30,156.622,156.785,156.569,156.748
2026-08-03 06:45,156.735,156.852,156.735,156.766
2026-08-03 07:00,156.774,156.803,156.566,156.582
2026-08-03 07:15,156.586,156.759,156.532,156.603
2026-08-03 07:30,156.596,156.750,156.471,156.739
2026-08-03 07:45,156.748,156.792,156.697,156.772
2026-08-03 08:00,156.777,156.790,156.649,156.746
2026-08-03 08:15,156.738,156.815,156.701,156.785
2026-08-03 08:30,156.791,156.922,156.554,156.922
2026-08-03 08:45,156.914,156.984,156.865,156.981
2026-08-03 09:00,156.977,157.040,156.912,156.963
2026-08-03 09:15,156.964,157.009,156.886,156.985
2026-08-03 09:30,156.984,157.136,156.959,157.075
2026-08-03 09:45,157.078,157.109,156.846,157.083
2026-08-03 10:00,157.092,157.096,156.932,156.950
2026-08-03 10:15,156.950,157.004,156.909,156.934
2026-08-03 10:30,156.925,156.971,156.865,156.952
2026-08-03 10:45,156.952,157.014,156.665,156.817
2026-08-03 11:00,156.815,156.869,156.752,156.785
2026-08-03 11:15,156.779,156.962,156.760,156.956
2026-08-03 11:30,156.956,156.994,156.909,156.937
2026-08-03 11:45,156.937,156.947,156.566,156.655
2026-08-03 12:00,156.655,156.738,156.582,156.615
2026-08-03 12:15,156.609,156.726,156.601,156.699
2026-08-03 12:30,156.691,156.884,156.678,156.857
2026-08-03 12:45,156.856,156.895,156.752,156.822
2026-08-03 13:00,156.814,156.862,156.764,156.778
2026-08-03 13:15,156.778,156.791,156.386,156.469
2026-08-03 13:30,156.461,156.525,156.297,156.355
2026-08-03 13:45,156.350,156.519,156.322,156.434
2026-08-03 14:00,156.479,156.618,156.429,156.616
2026-08-03 14:15,156.615,156.618,156.222,156.532
2026-08-03 14:30,156.526,156.698,156.463,156.654
2026-08-03 14:45,156.651,156.753,156.480,156.550
2026-08-03 15:00,156.560,156.775,156.548,156.762
2026-08-03 15:15,156.758,156.865,156.731,156.778
2026-08-03 15:30,156.780,156.903,156.712,156.894
2026-08-03 15:45,156.887,157.035,156.866,156.970
2026-08-03 16:00,156.958,156.975,156.841,156.855
2026-08-03 16:15,156.856,156.913,156.577,156.865
2026-08-03 16:30,156.863,156.969,156.833,156.880
2026-08-03 16:45,156.876,156.917,156.847,156.888
2026-08-03 17:00,156.891,156.976,156.872,156.938
2026-08-03 17:15,156.947,156.994,156.937,156.968
2026-08-03 17:30,156.964,157.012,156.901,156.957
2026-08-03 17:45,156.954,157.038,156.912,157.025
2026-08-03 18:00,157.013,157.083,156.930,156.954
2026-08-03 18:15,156.963,156.963,156.833,156.893
2026-08-03 18:30,156.898,156.919,156.818,156.843
2026-08-03 18:45,156.837,156.903,156.666,156.783
2026-08-03 19:00,156.776,156.864,156.741,156.835
2026-08-03 19:15,156.834,156.877,156.826,156.854
2026-08-03 19:30,156.850,156.910,156.848,156.875
2026-08-03 19:45,156.878,156.966,156.876,156.941
2026-08-03 20:00,156.949,157.053,156.942,157.038
2026-08-03 20:15,157.039,157.223,156.852,157.158
2026-08-03 20:30,157.179,157.196,157.048,157.130
2026-08-03 20:45,157.129,157.222,157.120,157.190
2026-08-03 21:00,157.143,157.189,157.129,157.153
2026-08-03 21:15,157.155,157.178,157.136,157.153
2026-08-03 21:30,157.153,157.194,157.138,157.172
2026-08-03 21:45,157.148,157.199,157.131,157.167
2026-08-03 22:00,157.167,157.438,157.144,157.389
2026-08-03 22:15,157.409,157.413,157.344,157.377
2026-08-03 22:30,157.386,157.408,157.285,157.379
2026-08-03 22:45,157.380,157.386,157.328,157.359
2026-08-03 23:00,157.339,157.364,157.285,157.331
2026-08-03 23:15,157.339,157.380,157.248,157.377
2026-08-03 23:30,157.360,157.551,157.359,157.529
2026-08-03 23:45,157.527,157.669,157.520,157.544
2026-08-04 00:00,157.543,157.552,157.325,157.415
2026-08-04 00:15,157.431,157.455,157.214,157.322
2026-08-04 00:30,157.331,157.447,157.290,157.394
2026-08-04 00:45,157.407,157.546,157.375,157.489
2026-08-04 01:00,157.489,157.623,157.489,157.580
2026-08-04 01:15,157.577,157.581,157.456,157.542
2026-08-04 01:30,157.543,157.551,157.383,157.429
2026-08-04 01:45,157.419,157.616,157.417,157.605
2026-08-04 02:00,157.604,157.729,157.581,157.641
2026-08-04 02:15,157.651,157.748,157.599,157.692
2026-08-04 02:30,157.699,157.702,157.628,157.631
2026-08-04 02:45,157.645,157.732,157.619,157.717
2026-08-04 03:00,157.709,157.719,157.631,157.675
2026-08-04 03:15,157.676,157.677,157.557,157.590
2026-08-04 03:30,157.591,157.638,157.426,157.601
2026-08-04 03:45,157.601,157.660,157.577,157.653
2026-08-04 04:00,157.651,157.667,157.601,157.633
2026-08-04 04:15,157.633,157.674,157.599,157.619
2026-08-04 04:30,157.614,157.628,157.466,157.506
2026-08-04 04:45,157.506,157.567,157.480,157.536
2026-08-04 05:00,157.538,157.597,157.495,157.584
2026-08-04 05:15,157.581,157.631,157.542,157.572
2026-08-04 05:30,157.570,157.706,157.555,157.704
2026-08-04 05:45,157.693,157.742,157.672,157.703
2026-08-04 06:00,157.703,157.770,157.631,157.666
2026-08-04 06:15,157.658,157.692,157.548,157.681
2026-08-04 06:30,157.681,157.752,157.607,157.717
2026-08-04 06:45,157.719,157.770,157.632,157.672
2026-08-04 07:00,157.681,157.763,157.644,157.740
2026-08-04 07:15,157.740,157.761,157.609,157.668
2026-08-04 07:30,157.667,157.841,157.605,157.817
2026-08-04 07:45,157.808,157.831,157.746,157.805
2026-08-04 08:00,157.809,157.817,157.775,157.788
2026-08-04 08:15,157.788,157.818,157.717,157.750
2026-08-04 08:30,157.745,157.814,157.735,157.755
2026-08-04 08:45,157.748,157.820,157.744,157.797
2026-08-04 09:00,157.798,157.943,157.786,157.887
2026-08-04 09:15,157.879,157.916,157.842,157.858
2026-08-04 09:30,157.863,157.913,157.847,157.902
2026-08-04 09:45,157.903,157.958,157.887,157.913
2026-08-04 10:00,157.909,157.957,157.853,157.925
2026-08-04 10:15,157.925,157.955,157.868,157.883
2026-08-04 10:30,157.883,157.907,157.752,157.817
2026-08-04 10:45,157.810,157.874,157.762,157.819
2026-08-04 11:00,157.816,157.854,157.748,157.768
2026-08-04 11:15,157.762,157.785,157.676,157.689
2026-08-04 11:30,157.692,157.747,157.520,157.569
2026-08-04 11:45,157.571,157.649,157.340,157.467
2026-08-04 12:00,157.455,157.492,157.296,157.456
2026-08-04 12:15,157.451,157.594,157.446,157.580
2026-08-04 12:30,157.578,157.580,157.436,157.473
2026-08-04 12:45,157.481,157.531,157.399,157.527
2026-08-04 13:00,157.522,157.554,157.487,157.518
2026-08-04 13:15,157.514,157.571,157.359,157.414
2026-08-04 13:30,157.414,157.423,157.205,157.297
2026-08-04 13:45,157.288,157.456,157.287,157.424
2026-08-04 14:00,157.395,157.445,157.288,157.362
2026-08-04 14:15,157.366,157.494,157.310,157.470
2026-08-04 14:30,157.469,157.578,157.448,157.561
2026-08-04 14:45,157.551,157.639,157.544,157.554
2026-08-04 15:00,157.552,157.618,157.508,157.536
2026-08-04 15:15,157.541,157.613,157.532,157.547
2026-08-04 15:30,157.550,157.558,157.398,157.405
2026-08-04 15:45,157.402,157.459,157.372,157.440
2026-08-04 16:00,157.435,157.529,157.427,157.484
2026-08-04 16:15,157.489,157.503,157.423,157.465
2026-08-04 16:30,157.465,157.605,157.462,157.584
2026-08-04 16:45,157.584,157.634,157.562,157.571
2026-08-04 17:00,157.571,157.616,157.519,157.561
2026-08-04 17:15,157.562,157.646,157.560,157.611
2026-08-04 17:30,157.611,157.633,157.570,157.576
2026-08-04 17:45,157.581,157.607,157.572,157.598
2026-08-04 18:00,157.597,157.653,157.596,157.628
2026-08-04 18:15,157.623,157.699,157.623,157.666
2026-08-04 18:30,157.661,157.684,157.642,157.665
2026-08-04 18:45,157.667,157.688,157.603,157.652
2026-08-04 19:00,157.648,157.794,157.628,157.784
2026-08-04 19:15,157.784,157.797,157.762,157.781
2026-08-04 19:30,157.772,157.793,157.745,157.789
2026-08-04 19:45,157.784,157.835,157.711,157.757
2026-08-04 20:00,157.757,157.781,157.729,157.741
2026-08-04 20:15,157.733,157.742,157.669,157.717
2026-08-04 20:30,157.710,157.756,157.707,157.741
2026-08-04 20:45,157.742,157.757,157.674,157.749
2026-08-04 21:00,157.713,157.790,157.689,157.773
2026-08-04 21:15,157.767,157.783,157.688,157.692
2026-08-04 21:30,157.692,157.769,157.691,157.764
2026-08-04 21:45,157.764,157.797,157.683,157.703
2026-08-04 22:00,157.703,157.747,157.661,157.704
2026-08-04 22:15,157.704,157.760,157.691,157.738
2026-08-04 22:30,157.738,157.764,157.714,157.717
2026-08-04 22:45,157.718,157.739,157.692,157.716
2026-08-04 23:00,157.720,157.788,157.704,157.775
2026-08-04 23:15,157.775,157.795,157.754,157.794
2026-08-04 23:30,157.779,157.809,157.769,157.789
2026-08-04 23:45,157.789,157.807,157.648,157.706
2026-08-05 00:00,157.692,157.756,157.658,157.678
2026-08-05 00:15,157.670,157.716,157.566,157.635
2026-08-05 00:30,157.636,157.666,157.571,157.660
2026-08-05 00:45,157.653,157.674,157.443,157.552
2026-08-05 01:00,157.561,157.631,157.520,157.535
2026-08-05 01:15,157.535,157.647,157.502,157.629
2026-08-05 01:30,157.619,157.681,157.594,157.630
2026-08-05 01:45,157.621,157.650,157.596,157.644
2026-08-05 02:00,157.635,157.700,157.559,157.568
2026-08-05 02:15,157.559,157.583,157.387,157.485
2026-08-05 02:30,157.486,157.498,157.302,157.308
2026-08-05 02:45,157.313,157.461,157.298,157.458
2026-08-05 03:00,157.450,157.463,157.352,157.370
2026-08-05 03:15,157.369,157.442,157.348,157.426
2026-08-05 03:30,157.426,157.532,157.425,157.472
2026-08-05 03:45,157.480,157.489,157.401,157.415
2026-08-05 04:00,157.419,157.428,157.364,157.389
2026-08-05 04:15,157.392,157.419,157.364,157.403
2026-08-05 04:30,157.403,157.567,157.403,157.566
2026-08-05 04:45,157.559,157.683,157.557,157.652
2026-08-05 05:00,157.648,157.709,157.641,157.649
2026-08-05 05:15,157.652,157.678,157.606,157.650
2026-08-05 05:30,157.647,157.681,157.604,157.623
2026-08-05 05:45,157.623,157.668,157.582,157.633
2026-08-05 06:00,157.634,157.686,157.598,157.655
2026-08-05 06:15,157.649,157.767,157.649,157.700
2026-08-05 06:30,157.700,157.741,157.570,157.609
2026-08-05 06:45,157.609,157.668,157.580,157.610
2026-08-05 07:00,157.609,157.696,157.555,157.691
2026-08-05 07:15,157.682,157.707,157.524,157.681
2026-08-05 07:30,157.675,157.738,157.656,157.712
2026-08-05 07:45,157.716,157.740,157.681,157.711
2026-08-05 08:00,157.713,157.792,157.699,157.792
2026-08-05 08:15,157.783,157.795,157.728,157.767
2026-08-05 08:30,157.772,157.864,157.769,157.839
2026-08-05 08:45,157.833,157.875,157.798,157.814
2026-08-05 09:00,157.814,157.866,157.783,157.828
2026-08-05 09:15,157.822,157.829,157.730,157.805
2026-08-05 09:30,157.798,157.816,157.705,157.717
2026-08-05 09:45,157.717,157.766,157.687,157.749
2026-08-05 10:00,157.746,157.813,157.723,157.794
2026-08-05 10:15,157.794,157.806,157.729,157.745
2026-08-05 10:30,157.748,157.777,157.721,157.758
2026-08-05 10:45,157.759,157.763,157.687,157.697
2026-08-05 11:00,157.697,157.704,157.572,157.589
2026-08-05 11:15,157.589,157.608,157.477,157.551
2026-08-05 11:30,157.551,157.580,157.514,157.542
2026-08-05 11:45,157.539,157.607,157.515,157.560
2026-08-05 12:00,157.552,157.608,157.537,157.547
2026-08-05 12:15,157.560,157.575,157.410,157.510
2026-08-05 12:30,157.501,157.594,157.476,157.578
2026-08-05 12:45,157.578,157.636,157.553,157.624
2026-08-05 13:00,157.621,157.631,157.530,157.578
2026-08-05 13:15,157.581,157.649,157.529,157.539
2026-08-05 13:30,157.540,157.574,157.420,157.463
2026-08-05 13:45,157.463,157.565,157.458,157.536
2026-08-05 14:00,157.531,157.548,157.304,157.380
2026-08-05 14:15,157.375,157.486,157.353,157.464
2026-08-05 14:30,157.470,157.541,157.459,157.494
2026-08-05 14:45,157.489,157.607,157.481,157.494
2026-08-05 15:00,157.491,157.562,157.404,157.554
2026-08-05 15:15,157.556,157.603,157.545,157.564
2026-08-05 15:30,157.562,157.607,157.538,157.567
2026-08-05 15:45,157.572,157.666,157.562,157.658
2026-08-05 16:00,157.656,157.677,157.603,157.634
2026-08-05 16:15,157.634,157.656,157.598,157.641
2026-08-05 16:30,157.636,157.691,157.634,157.680
2026-08-05 16:45,157.674,157.756,157.668,157.745
2026-08-05 17:00,157.737,157.800,157.687,157.759
2026-08-05 17:15,157.759,157.785,157.702,157.708
2026-08-05 17:30,157.714,157.738,157.672,157.685
2026-08-05 17:45,157.685,157.714,157.651,157.680
2026-08-05 18:00,157.680,157.709,157.630,157.668
2026-08-05 18:15,157.670,157.703,157.614,157.624
2026-08-05 18:30,157.628,157.688,157.621,157.684
2026-08-05 18:45,157.683,157.694,157.636,157.667
2026-08-05 19:00,157.669,157.728,157.645,157.700
2026-08-05 19:15,157.700,157.749,157.699,157.737
2026-08-05 19:30,157.740,157.744,157.672,157.706
2026-08-05 19:45,157.704,157.746,157.694,157.717
2026-08-05 20:00,157.717,157.773,157.686,157.771
2026-08-05 20:15,157.766,157.814,157.764,157.796
2026-08-05 20:30,157.793,157.806,157.743,157.762
2026-08-05 20:45,157.760,157.775,157.722,157.727
2026-08-05 21:00,157.728,157.730,157.659,157.700
2026-08-05 21:15,157.681,157.726,157.675,157.699
2026-08-05 21:30,157.719,157.725,157.665,157.686
2026-08-05 21:45,157.692,157.722,157.616,157.669
2026-08-05 22:00,157.670,157.717,157.654,157.690
2026-08-05 22:15,157.688,157.710,157.679,157.697
2026-08-05 22:30,157.686,157.710,157.677,157.690
2026-08-05 22:45,157.690,157.702,157.654,157.658
2026-08-05 23:00,157.663,157.675,157.622,157.624
2026-08-05 23:15,157.624,157.657,157.622,157.647
2026-08-05 23:30,157.647,157.659,157.601,157.608
2026-08-05 23:45,157.605,157.633,157.548,157.604
2026-08-06 00:00,157.600,157.708,157.600,157.690
2026-08-06 00:15,157.684,157.725,157.658,157.686
2026-08-06 00:30,157.686,157.717,157.654,157.692
2026-08-06 00:45,157.681,157.760,157.645,157.730
2026-08-06 01:00,157.722,157.743,157.689,157.734
2026-08-06 01:15,157.728,157.748,157.643,157.671
2026-08-06 01:30,157.666,157.682,157.588,157.618
2026-08-06 01:45,157.619,157.673,157.608,157.665
2026-08-06 02:00,157.656,157.685,157.584,157.632
2026-08-06 02:15,157.636,157.685,157.625,157.662
2026-08-06 02:30,157.658,157.684,157.629,157.635
2026-08-06 02:45,157.629,157.676,157.629,157.673
2026-08-06 03:00,157.663,157.728,157.663,157.712
2026-08-06 03:15,157.721,157.742,157.701,157.723
2026-08-06 03:30,157.727,157.743,157.687,157.735
2026-08-06 03:45,157.735,157.745,157.712,157.727
2026-08-06 04:00,157.727,157.740,157.708,157.727
2026-08-06 04:15,157.726,157.734,157.701,157.727
2026-08-06 04:30,157.726,157.745,157.714,157.726
2026-08-06 04:45,157.726,157.749,157.717,157.734
2026-08-06 05:00,157.734,157.777,157.730,157.763
2026-08-06 05:15,157.758,157.771,157.748,157.758
2026-08-06 05:30,157.766,157.769,157.702,157.708
2026-08-06 05:45,157.714,157.760,157.707,157.748
2026-08-06 06:00,157.745,157.800,157.719,157.766
2026-08-06 06:15,157.766,157.847,157.766,157.818
2026-08-06 06:30,157.807,157.851,157.797,157.809
2026-08-06 06:45,157.813,157.844,157.803,157.827
2026-08-06 07:00,157.822,157.829,157.746,157.788
2026-08-06 07:15,157.790,157.799,157.743,157.769
2026-08-06 07:30,157.763,157.874,157.762,157.853
2026-08-06 07:45,157.852,157.895,157.838,157.858
2026-08-06 08:00,157.859,157.881,157.812,157.850
2026-08-06 08:15,157.850,157.877,157.834,157.845
2026-08-06 08:30,157.842,157.857,157.810,157.811
2026-08-06 08:45,157.811,157.841,157.786,157.835
2026-08-06 09:00,157.832,157.857,157.816,157.824
2026-08-06 09:15,157.824,157.861,157.821,157.847
2026-08-06 09:30,157.839,157.877,157.837,157.860
2026-08-06 09:45,157.862,157.881,157.846,157.867
2026-08-06 10:00,157.864,157.892,157.828,157.877
2026-08-06 10:15,157.885,157.890,157.845,157.856
2026-08-06 10:30,157.852,157.866,157.837,157.853
2026-08-06 10:45,157.856,157.880,157.837,157.868
2026-08-06 11:00,157.868,157.936,157.861,157.928
2026-08-06 11:15,157.930,157.938,157.870,157.884
2026-08-06 11:30,157.888,157.931,157.877,157.925
2026-08-06 11:45,157.920,157.936,157.849,157.849
2026-08-06 12:00,157.850,157.871,157.815,157.859
2026-08-06 12:15,157.854,157.873,157.831,157.845
2026-08-06 12:30,157.818,157.925,157.810,157.902
2026-08-06 12:45,157.902,157.917,157.877,157.902
2026-08-06 13:00,157.899,157.929,157.863,157.918
2026-08-06 13:15,157.921,157.922,157.878,157.889
2026-08-06 13:30,157.889,157.944,157.877,157.927
2026-08-06 13:45,157.922,157.941,157.815,157.863
2026-08-06 14:00,157.865,158.271,157.859,158.142
2026-08-06 14:15,158.142,158.225,158.105,158.210
2026-08-06 14:30,158.210,158.268,158.156,158.162
2026-08-06 14:45,158.166,158.283,158.162,158.199
2026-08-06 15:00,158.199,158.418,158.197,158.414
2026-08-06 15:15,158.419,158.463,158.357,158.414
2026-08-06 15:30,158.408,158.437,158.375,158.384
2026-08-06 15:45,158.384,158.463,158.380,158.447
2026-08-06 16:00,158.443,158.512,158.441,158.494
2026-08-06 16:15,158.488,158.555,158.216,158.453
2026-08-06 16:30,158.453,158.528,158.443,158.523
2026-08-06 16:45,158.522,158.532,158.479,158.504
2026-08-06 17:00,158.504,158.510,158.442,158.443
2026-08-06 17:15,158.443,158.486,158.411,158.419
2026-08-06 17:30,158.426,158.456,158.408,158.440
2026-08-06 17:45,158.439,158.448,158.386,158.397
2026-08-06 18:00,158.398,158.418,158.356,158.395
2026-08-06 18:15,158.392,158.408,158.367,158.379
2026-08-06 18:30,158.379,158.403,158.369,158.387
2026-08-06 18:45,158.386,158.387,158.319,158.321
2026-08-06 19:00,158.328,158.378,158.286,158.363
2026-08-06 19:15,158.362,158.480,158.340,158.450
2026-08-06 19:30,158.455,158.465,158.419,158.456
2026-08-06 19:45,158.451,158.471,158.370,158.394
2026-08-06 20:00,158.401,158.467,158.389,158.456
2026-08-06 20:15,158.457,158.508,158.448,158.468
2026-08-06 20:30,158.467,158.473,158.446,158.457
2026-08-06 20:45,158.448,158.481,158.382,158.382
2026-08-06 21:00,158.390,158.433,158.372,158.394
2026-08-06 21:15,158.397,158.472,158.385,158.433
2026-08-06 21:30,158.435,158.455,158.391,158.437
2026-08-06 21:45,158.436,158.471,158.399,158.435
2026-08-06 22:00,158.435,158.508,158.427,158.473
2026-08-06 22:15,158.473,158.491,158.453,158.453
2026-08-06 22:30,158.453,158.470,158.429,158.442
2026-08-06 22:45,158.440,158.471,158.425,158.464
2026-08-06 23:00,158.451,158.468,158.391,158.393
2026-08-06 23:15,158.393,158.423,158.367,158.420
2026-08-06 23:30,158.417,158.423,158.376,158.409
2026-08-06 23:45,158.401,158.423,158.376,158.413
2026-08-07 00:00,158.409,158.516,158.407,158.508
2026-08-07 00:15,158.517,158.536,158.479,158.505
2026-08-07 00:30,158.502,158.529,158.483,158.516
2026-08-07 00:45,158.521,158.576,158.469,158.519
2026-08-07 01:00,158.519,158.537,158.390,158.420
2026-08-07 01:15,158.420,158.435,158.354,158.416
2026-08-07 01:30,158.408,158.417,158.208,158.270
2026-08-07 01:45,158.264,158.333,158.254,158.323
2026-08-07 02:00,158.323,158.374,158.301,158.332
2026-08-07 02:15,158.331,158.374,158.317,158.332
2026-08-07 02:30,158.336,158.360,158.320,158.333
2026-08-07 02:45,158.333,158.387,158.332,158.374
2026-08-07 03:00,158.368,158.414,158.357,158.409
2026-08-07 03:15,158.408,158.422,158.382,158.398
2026-08-07 03:30,158.395,158.445,158.382,158.433
2026-08-07 03:45,158.428,158.448,158.368,158.405
2026-08-07 04:00,158.402,158.427,158.367,158.414
2026-08-07 04:15,158.408,158.424,158.390,158.405
2026-08-07 04:30,158.407,158.430,158.368,158.401
2026-08-07 04:45,158.395,158.419,158.368,158.371
2026-08-07 05:00,158.370,158.388,158.341,158.365
2026-08-07 05:15,158.367,158.393,158.360,158.373
2026-08-07 05:30,158.368,158.386,158.343,158.359
2026-08-07 05:45,158.355,158.362,158.315,158.327
2026-08-07 06:00,158.327,158.355,158.304,158.306
2026-08-07 06:15,158.306,158.334,158.282,158.298
2026-08-07 06:30,158.305,158.354,158.281,158.303
2026-08-07 06:45,158.305,158.368,158.303,158.357
2026-08-07 07:00,158.361,158.373,158.321,158.328
2026-08-07 07:15,158.329,158.392,158.317,158.381
2026-08-07 07:30,158.376,158.424,158.372,158.393
2026-08-07 07:45,158.394,158.457,158.393,158.400
2026-08-07 08:00,158.410,158.477,158.389,158.461
2026-08-07 08:15,158.466,158.478,158.430,158.449
2026-08-07 08:30,158.448,158.462,158.359,158.374
2026-08-07 08:45,158.373,158.401,158.334,158.375
2026-08-07 09:00,158.366,158.395,158.347,158.360
2026-08-07 09:15,158.360,158.372,158.339,158.353
2026-08-07 09:30,158.353,158.359,158.312,158.344
2026-08-07 09:45,158.343,158.370,158.325,158.350
2026-08-07 10:00,158.350,158.396,158.348,158.372
2026-08-07 10:15,158.380,158.415,158.371,158.400
2026-08-07 10:30,158.398,158.407,158.240,158.298
2026-08-07 10:45,158.297,158.330,158.274,158.301
2026-08-07 11:00,158.301,158.322,158.258,158.313
2026-08-07 11:15,158.319,158.373,158.313,158.371
2026-08-07 11:30,158.364,158.372,158.293,158.331
2026-08-07 11:45,158.324,158.339,158.298,158.326
2026-08-07 12:00,158.326,158.347,158.292,158.335
2026-08-07 12:15,158.332,158.397,158.298,158.331
2026-08-07 12:30,158.291,158.337,156.652,157.254
2026-08-07 12:45,157.265,157.392,157.085,157.380
2026-08-07 13:00,157.379,157.495,157.233,157.254
2026-08-07 13:15,157.259,157.424,157.245,157.398
2026-08-07 13:30,157.406,157.654,157.382,157.537
2026-08-07 13:45,157.529,157.761,157.512,157.739
2026-08-07 14:00,157.733,157.794,157.702,157.722
2026-08-07 14:15,157.723,157.791,157.664,157.770
2026-08-07 14:30,157.772,157.877,157.719,157.842
2026-08-07 14:45,157.842,157.949,157.808,157.926
2026-08-07 15:00,157.925,157.989,157.807,157.807
2026-08-07 15:15,157.810,157.837,157.669,157.695
2026-08-07 15:30,157.696,157.745,157.435,157.509
2026-08-07 15:45,157.504,157.610,157.468,157.548
2026-08-07 16:00,157.549,157.552,157.417,157.420
2026-08-07 16:15,157.420,157.500,157.299,157.369
2026-08-07 16:30,157.368,157.419,157.314,157.394
2026-08-07 16:45,157.393,157.468,157.325,157.447
2026-08-07 17:00,157.449,157.500,157.413,157.417
2026-08-07 17:15,157.421,157.447,157.374,157.406
2026-08-07 17:30,157.399,157.448,157.366,157.435
2026-08-07 17:45,157.440,157.489,157.423,157.483
2026-08-07 18:00,157.482,157.602,157.472,157.584
2026-08-07 18:15,157.582,157.625,157.550,157.581
2026-08-07 18:30,157.584,157.603,157.537,157.553
2026-08-07 18:45,157.553,157.566,157.510,157.532
2026-08-07 19:00,157.529,157.610,157.479,157.602
2026-08-07 19:15,157.602,157.620,157.498,157.498
2026-08-07 19:30,157.511,157.517,157.446,157.505
2026-08-07 19:45,157.509,157.565,157.454,157.553
2026-08-07 20:00,157.556,157.687,157.534,157.673
2026-08-07 20:15,157.683,157.772,157.673,157.726
2026-08-07 20:30,157.734,157.871,157.727,157.763
2026-08-07 20:45,157.778,157.844,157.727,157.745
2026-08-09 23:00,157.916,157.936,157.842,157.869
2026-08-09 23:15,157.855,157.896,157.819,157.831
2026-08-09 23:30,157.831,157.893,157.828,157.880
2026-08-09 23:45,157.880,157.915,157.855,157.900
2026-08-10 00:00,157.902,157.914,157.831,157.850
2026-08-10 00:15,157.850,157.939,157.849,157.910
2026-08-10 00:30,157.910,157.948,157.904,157.931
2026-08-10 00:45,157.932,157.969,157.887,157.943
2026-08-10 01:00,157.943,158.144,157.923,158.048
2026-08-10 01:15,158.059,158.127,158.014,158.103
2026-08-10 01:30,158.102,158.228,158.102,158.200
2026-08-10 01:45,158.197,158.317,158.165,158.266
2026-08-10 02:00,158.266,158.304,158.226,158.280
2026-08-10 02:15,158.283,158.296,158.239,158.245
2026-08-10 02:30,158.242,158.269,158.214,158.263
2026-08-10 02:45,158.264,158.266,158.216,158.225
2026-08-10 03:00,158.229,158.234,158.176,158.192
2026-08-10 03:15,158.192,158.205,158.147,158.155
2026-08-10 03:30,158.155,158.223,158.147,158.190
2026-08-10 03:45,158.199,158.208,158.165,158.196
2026-08-10 04:00,158.190,158.263,158.190,158.243
2026-08-10 04:15,158.243,158.281,158.228,158.266
2026-08-10 04:30,158.256,158.278,158.248,158.265
2026-08-10 04:45,158.265,158.342,158.222,158.337
2026-08-10 05:00,158.332,158.375,158.292,158.358
2026-08-10 05:15,158.357,158.387,158.328,158.337
2026-08-10 05:30,158.333,158.368,158.304,158.364
2026-08-10 05:45,158.356,158.365,158.311,158.339
2026-08-10 06:00,158.339,158.457,158.332,158.409
2026-08-10 06:15,158.409,158.453,158.367,158.409
2026-08-10 06:30,158.416,158.438,158.393,158.403
2026-08-10 06:45,158.406,158.413,158.345,158.379
2026-08-10 07:00,158.375,158.462,158.375,158.455
2026-08-10 07:15,158.448,158.490,158.424,158.456
2026-08-10 07:30,158.456,158.523,158.445,158.458
2026-08-10 07:45,158.465,158.522,158.397,158.480
2026-08-10 08:00,158.480,158.499,158.426,158.455
2026-08-10 08:15,158.457,158.496,158.453,158.491
2026-08-10 08:30,158.484,158.588,158.478,158.555
2026-08-10 08:45,158.555,158.685,158.536,158.658
2026-08-10 09:00,158.663,158.735,158.642,158.649
2026-08-10 09:15,158.653,158.698,158.642,158.677
2026-08-10 09:30,158.674,158.787,158.673,158.767
2026-08-10 09:45,158.770,158.858,158.767,158.843
2026-08-10 10:00,158.845,158.891,158.830,158.842
2026-08-10 10:15,158.847,158.868,158.726,158.791
2026-08-10 10:30,158.795,158.824,158.764,158.776
2026-08-10 10:45,158.782,158.800,158.726,158.780
2026-08-10 11:00,158.781,158.841,158.734,158.802
2026-08-10 11:15,158.801,158.815,158.766,158.785
2026-08-10 11:30,158.789,158.832,158.779,158.815
2026-08-10 11:45,158.819,158.876,158.810,158.810
2026-08-10 12:00,158.810,158.835,158.401,158.681
2026-08-10 12:15,158.681,158.796,158.657,158.748
2026-08-10 12:30,158.740,158.860,158.736,158.856
2026-08-10 12:45,158.852,158.948,158.837,158.938
2026-08-10 13:00,158.934,158.981,158.897,158.899
2026-08-10 13:15,158.908,158.952,158.895,158.916
2026-08-10 13:30,158.916,158.987,158.906,158.974
2026-08-10 13:45,158.975,159.064,158.853,159.013
2026-08-10 14:00,159.008,159.017,158.894,158.928
2026-08-10 14:15,158.922,158.932,158.857,158.878
2026-08-10 14:30,158.886,158.955,158.875,158.899
2026-08-10 14:45,158.906,158.969,158.859,158.936
2026-08-10 15:00,158.930,159.007,158.879,158.950
2026-08-10 15:15,158.957,158.966,158.850,158.908
2026-08-10 15:30,158.903,158.952,158.891,158.927
2026-08-10 15:45,158.932,158.939,158.892,158.896
2026-08-10 16:00,158.896,158.942,158.889,158.933
2026-08-10 16:15,158.939,158.951,158.911,158.926
2026-08-10 16:30,158.922,159.004,158.920,158.994
2026-08-10 16:45,158.994,159.044,158.974,159.028
2026-08-10 17:00,159.031,159.163,159.022,159.100
2026-08-10 17:15,159.108,159.142,159.091,159.097
2026-08-10 17:30,159.106,159.112,159.067,159.107
2026-08-10 17:45,159.098,159.143,159.098,159.131
2026-08-10 18:00,159.130,159.139,159.099,159.138
2026-08-10 18:15,159.137,159.185,159.131,159.157
2026-08-10 18:30,159.157,159.176,159.077,159.160
2026-08-10 18:45,159.155,159.358,159.154,159.236
2026-08-10 19:00,159.235,159.262,159.217,159.233
2026-08-10 19:15,159.233,159.280,159.227,159.274
2026-08-10 19:30,159.271,159.363,159.269,159.303
2026-08-10 19:45,159.306,159.324,159.269,159.300
2026-08-10 20:00,159.296,159.323,159.278,159.309
2026-08-10 20:15,159.309,159.344,159.305,159.329
2026-08-10 20:30,159.329,159.340,159.301,159.308
2026-08-10 20:45,159.305,159.322,159.278,159.284
2026-08-10 21:00,159.257,159.268,159.154,159.243
2026-08-10 21:15,159.242,159.268,159.193,159.239
2026-08-10 21:30,159.247,159.252,159.200,159.219
2026-08-10 21:45,159.225,159.254,159.183,159.222
2026-08-10 22:00,159.221,159.309,159.199,159.285
2026-08-10 22:15,159.298,159.305,159.242,159.275
2026-08-10 22:30,159.275,159.301,159.235,159.237
2026-08-10 22:45,159.246,159.262,159.222,159.256
2026-08-10 23:00,159.241,159.278,159.232,159.250
2026-08-10 23:15,159.256,159.275,159.237,159.257
2026-08-10 23:30,159.257,159.290,159.252,159.266
2026-08-10 23:45,159.266,159.276,159.121,159.150
2026-08-11 00:00,159.150,159.183,159.113,159.142
2026-08-11 00:15,159.139,159.198,159.139,159.186
2026-08-11 00:30,159.191,159.196,158.920,159.007
2026-08-11 00:45,159.017,159.152,159.000,159.145
2026-08-11 01:00,159.142,159.183,159.075,159.116
2026-08-11 01:15,159.112,159.126,159.061,159.082
2026-08-11 01:30,159.083,159.139,159.064,159.124
2026-08-11 01:45,159.136,159.178,159.097,159.163
2026-08-11 02:00,159.162,159.266,159.154,159.217
2026-08-11 02:15,159.217,159.309,159.205,159.273
2026-08-11 02:30,159.279,159.312,159.262,159.287
2026-08-11 02:45,159.287,159.305,159.249,159.260
2026-08-11 03:00,159.257,159.270,159.213,159.229
2026-08-11 03:15,159.224,159.237,159.160,159.171
2026-08-11 03:30,159.163,159.212,159.139,159.199
2026-08-11 03:45,159.202,159.212,159.160,159.200
2026-08-11 04:00,159.196,159.207,159.172,159.190
2026-08-11 04:15,159.183,159.192,159.155,159.168
2026-08-11 04:30,159.168,159.243,159.168,159.212
2026-08-11 04:45,159.212,159.251,159.180,159.184
2026-08-11 05:00,159.183,159.214,159.177,159.188
2026-08-11 05:15,159.189,159.208,159.176,159.177
2026-08-11 05:30,159.177,159.207,159.147,159.155
2026-08-11 05:45,159.149,159.231,159.149,159.201
2026-08-11 06:00,159.200,159.232,159.173,159.213
2026-08-11 06:15,159.213,159.241,159.187,159.218
2026-08-11 06:30,159.213,159.240,159.176,159.220
2026-08-11 06:45,159.217,159.231,159.187,159.208
2026-08-11 07:00,159.205,159.322,159.195,159.290
2026-08-11 07:15,159.290,159.316,159.254,159.262
2026-08-11 07:30,159.270,159.323,159.262,159.313
2026-08-11 07:45,159.310,159.377,159.291,159.356
2026-08-11 08:00,159.361,159.364,159.309,159.344
2026-08-11 08:15,159.344,159.358,159.287,159.292
2026-08-11 08:30,159.289,159.313,159.277,159.301
2026-08-11 08:45,159.301,159.371,159.301,159.349
2026-08-11 09:00,159.349,159.390,159.337,159.364
2026-08-11 09:15,159.360,159.369,159.324,159.330
2026-08-11 09:30,159.328,159.335,159.304,159.316
2026-08-11 09:45,159.315,159.322,159.265,159.282
2026-08-11 10:00,159.276,159.320,159.275,159.319
2026-08-11 10:15,159.320,159.331,159.186,159.254
2026-08-11 10:30,159.254,159.283,159.227,159.251
2026-08-11 10:45,159.247,159.277,159.202,159.225
2026-08-11 11:00,159.224,159.244,159.049,159.092
2026-08-11 11:15,159.090,159.190,159.081,159.185
2026-08-11 11:30,159.180,159.212,159.162,159.209
2026-08-11 11:45,159.210,159.253,159.199,159.244
2026-08-11 12:00,159.245,159.278,159.184,159.260
2026-08-11 12:15,159.256,159.365,159.255,159.308
2026-08-11 12:30,159.311,159.314,159.245,159.258
2026-08-11 12:45,159.255,159.302,159.238,159.270
2026-08-11 13:00,159.265,159.271,159.167,159.215
2026-08-11 13:15,159.215,159.242,159.179,159.220
2026-08-11 13:30,159.215,159.259,159.193,159.216
2026-08-11 13:45,159.216,159.247,159.178,159.230
2026-08-11 14:00,159.229,159.294,159.229,159.262
2026-08-11 14:15,159.265,159.272,159.213,159.239
2026-08-11 14:30,159.239,159.260,159.192,159.225
2026-08-11 14:45,159.224,159.258,159.206,159.230
2026-08-11 15:00,159.230,159.259,159.196,159.258
2026-08-11 15:15,159.251,159.273,159.228,159.261
2026-08-11 15:30,159.268,159.328,159.255,159.321
2026-08-11 15:45,159.314,159.322,159.244,159.244
2026-08-11 16:00,159.244,159.258,159.215,159.228
2026-08-11 16:15,159.228,159.253,159.205,159.225
2026-08-11 16:30,159.225,159.256,159.224,159.232
2026-08-11 16:45,159.230,159.269,159.228,159.261
2026-08-11 17:00,159.265,159.310,159.254,159.304
2026-08-11 17:15,159.302,159.352,159.301,159.330
2026-08-11 17:30,159.326,159.350,159.304,159.310
2026-08-11 17:45,159.316,159.318,159.283,159.306
2026-08-11 18:00,159.312,159.331,159.303,159.322
2026-08-11 18:15,159.317,159.346,159.306,159.325
2026-08-11 18:30,159.319,159.334,159.268,159.277
2026-08-11 18:45,159.280,159.288,159.253,159.271
2026-08-11 19:00,159.260,159.287,159.245,159.263
2026-08-11 19:15,159.255,159.297,159.254,159.287
2026-08-11 19:30,159.279,159.289,159.255,159.264
2026-08-11 19:45,159.262,159.305,159.240,159.280
2026-08-11 20:00,159.284,159.306,159.268,159.283
2026-08-11 20:15,159.286,159.291,159.275,159.284
2026-08-11 20:30,159.281,159.365,159.279,159.352
2026-08-11 20:45,159.353,159.364,159.234,159.260
2026-08-11 21:00,159.242,159.300,159.218,159.273
2026-08-11 21:15,159.259,159.284,159.231,159.263
2026-08-11 21:30,159.239,159.274,159.232,159.239
2026-08-11 21:45,159.239,159.275,159.232,159.260
2026-08-11 22:00,159.260,159.305,159.260,159.279
2026-08-11 22:15,159.296,159.303,159.269,159.288
2026-08-11 22:30,159.287,159.293,159.255,159.278
2026-08-11 22:45,159.277,159.278,159.251,159.265
2026-08-11 23:00,159.256,159.284,159.254,159.281
2026-08-11 23:15,159.277,159.299,159.270,159.288
2026-08-11 23:30,159.288,159.300,159.255,159.262
2026-08-11 23:45,159.262,159.288,159.262,159.276
2026-08-12 00:00,159.265,159.285,159.194,159.230
2026-08-12 00:15,159.230,159.249,159.194,159.239
2026-08-12 00:30,159.239,159.279,159.238,159.257
2026-08-12 00:45,159.257,159.369,159.253,159.336
2026-08-12 01:00,159.336,159.376,159.325,159.337
2026-08-12 01:15,159.329,159.350,159.304,159.340
2026-08-12 01:30,159.338,159.346,159.296,159.300
2026-08-12 01:45,159.305,159.336,159.290,159.326
2026-08-12 02:00,159.334,159.373,159.326,159.367
2026-08-12 02:15,159.369,159.432,159.363,159.395
2026-08-12 02:30,159.390,159.418,159.369,159.403
2026-08-12 02:45,159.410,159.410,159.386,159.392
2026-08-12 03:00,159.392,159.433,159.392,159.422
2026-08-12 03:15,159.419,159.458,159.418,159.456
2026-08-12 03:30,159.454,159.457,159.425,159.445
2026-08-12 03:45,159.438,159.449,159.416,159.426
2026-08-12 04:00,159.420,159.451,159.416,159.449
2026-08-12 04:15,159.441,159.461,159.428,159.434
2026-08-12 04:30,159.432,159.449,159.362,159.382
2026-08-12 04:45,159.377,159.414,159.377,159.413
2026-08-12 05:00,159.408,159.437,159.403,159.410
2026-08-12 05:15,159.412,159.430,159.393,159.420
2026-08-12 05:30,159.419,159.426,159.306,159.383
2026-08-12 05:45,159.383,159.416,159.380,159.406
2026-08-12 06:00,159.405,159.427,159.374,159.379
2026-08-12 06:15,159.386,159.409,159.339,159.403
2026-08-12 06:30,159.395,159.423,159.355,159.375
2026-08-12 06:45,159.369,159.398,159.361,159.379
2026-08-12 07:00,159.377,159.391,159.326,159.384
2026-08-12 07:15,159.385,159.397,159.352,159.376
2026-08-12 07:30,159.368,159.377,159.332,159.352
2026-08-12 07:45,159.352,159.380,159.345,159.365
2026-08-12 08:00,159.368,159.372,159.317,159.320
2026-08-12 08:15,159.318,159.352,159.311,159.344
2026-08-12 08:30,159.342,159.360,159.280,159.311
2026-08-12 08:45,159.312,159.351,159.289,159.315
2026-08-12 09:00,159.309,159.336,159.258,159.259
2026-08-12 09:15,159.262,159.268,158.567,159.034
2026-08-12 09:30,159.027,159.123,159.002,159.069
2026-08-12 09:45,159.075,159.162,159.047,159.150
2026-08-12 10:00,159.150,159.213,159.147,159.172
2026-08-12 10:15,159.172,159.197,159.133,159.160
2026-08-12 10:30,159.162,159.187,159.091,159.093
2026-08-12 10:45,159.093,159.224,159.093,159.175
2026-08-12 11:00,159.176,159.182,159.103,159.122
2026-08-12 11:15,159.123,159.150,159.102,159.120
2026-08-12 11:30,159.112,159.128,159.051,159.082
2026-08-12 11:45,159.080,159.101,159.050,159.093
2026-08-12 12:00,159.093,159.108,158.994,159.036
2026-08-12 12:15,159.036,159.090,158.921,158.946
2026-08-12 12:30,158.921,159.189,158.639,158.819
2026-08-12 12:45,158.815,158.991,158.778,158.802
2026-08-12 13:00,158.803,158.896,158.688,158.883
2026-08-12 13:15,158.877,158.906,158.814,158.839
2026-08-12 13:30,158.839,159.030,158.807,158.993
2026-08-12 13:45,158.993,159.040,158.926,159.015
2026-08-12 14:00,159.019,159.123,158.990,159.101
2026-08-12 14:15,159.100,159.157,159.039,159.094
2026-08-12 14:30,159.100,159.229,159.040,159.186
2026-08-12 14:45,159.188,159.242,159.151,159.198
2026-08-12 15:00,159.198,159.252,159.180,159.193
2026-08-12 15:15,159.198,159.249,159.193,159.240
2026-08-12 15:30,159.239,159.286,159.217,159.270
2026-08-12 15:45,159.272,159.290,159.213,159.229
2026-08-12 16:00,159.226,159.309,159.196,159.266
2026-08-12 16:15,159.270,159.338,159.261,159.318
2026-08-12 16:30,159.322,159.370,159.315,159.352
2026-08-12 16:45,159.352,159.410,159.349,159.380
2026-08-12 17:00,159.388,159.410,159.350,159.408
2026-08-12 17:15,159.401,159.433,159.392,159.422
2026-08-12 17:30,159.417,159.509,159.417,159.504
2026-08-12 17:45,159.504,159.527,159.465,159.495
2026-08-12 18:00,159.502,159.544,159.450,159.487
2026-08-12 18:15,159.487,159.498,159.424,159.454
2026-08-12 18:30,159.454,159.483,159.431,159.469
2026-08-12 18:45,159.466,159.500,159.453,159.489
2026-08-12 19:00,159.495,159.511,159.477,159.488
2026-08-12 19:15,159.489,159.496,159.449,159.483
2026-08-12 19:30,159.478,159.509,159.460,159.496
2026-08-12 19:45,159.491,159.516,159.458,159.488
2026-08-12 20:00,159.486,159.505,159.460,159.497
2026-08-12 20:15,159.497,159.504,159.451,159.461
2026-08-12 20:30,159.455,159.473,159.401,159.424
2026-08-12 20:45,159.413,159.441,159.392,159.401
2026-08-12 21:00,159.399,159.425,159.360,159.396
2026-08-12 21:15,159.396,159.421,159.379,159.391
2026-08-12 21:30,159.386,159.419,159.377,159.396
2026-08-12 21:45,159.416,159.417,159.382,159.388
2026-08-12 22:00,159.387,159.454,159.387,159.427
2026-08-12 22:15,159.427,159.438,159.411,159.412
2026-08-12 22:30,159.412,159.434,159.389,159.404
2026-08-12 22:45,159.390,159.411,159.384,159.387
2026-08-12 23:00,159.379,159.390,159.355,159.376
2026-08-12 23:15,159.372,159.380,159.312,159.337
2026-08-12 23:30,159.332,159.387,159.326,159.375
2026-08-12 23:45,159.370,159.380,159.313,159.335
2026-08-13 00:00,159.336,159.368,159.279,159.365
2026-08-13 00:15,159.365,159.384,159.298,159.318
2026-08-13 00:30,159.313,159.336,159.238,159.254
2026-08-13 00:45,159.259,159.347,159.254,159.314
2026-08-13 01:00,159.317,159.336,159.294,159.310
2026-08-13 01:15,159.308,159.326,159.273,159.325
2026-08-13 01:30,159.317,159.328,159.280,159.311
2026-08-13 01:45,159.315,159.368,159.309,159.342
2026-08-13 02:00,159.342,159.404,159.333,159.397
2026-08-13 02:15,159.392,159.445,159.389,159.433
2026-08-13 02:30,159.441,159.483,159.414,159.428
2026-08-13 02:45,159.428,159.459,159.419,159.425
2026-08-13 03:00,159.425,159.443,159.400,159.429
2026-08-13 03:15,159.429,159.488,159.428,159.464
2026-08-13 03:30,159.464,159.478,159.416,159.420
2026-08-13 03:45,159.418,159.461,159.417,159.429
2026-08-13 04:00,159.421,159.465,159.419,159.455
2026-08-13 04:15,159.455,159.477,159.440,159.441
2026-08-13 04:30,159.441,159.475,159.427,159.464
2026-08-13 04:45,159.457,159.464,159.172,159.243
2026-08-13 05:00,159.243,159.329,159.220,159.289
2026-08-13 05:15,159.292,159.345,159.261,159.333
2026-08-13 05:30,159.335,159.371,159.323,159.348
2026-08-13 05:45,159.344,159.365,159.240,159.274
2026-08-13 06:00,159.274,159.411,159.254,159.382
2026-08-13 06:15,159.382,159.408,159.351,159.391
2026-08-13 06:30,159.394,159.445,159.390,159.409
2026-08-13 06:45,159.409,159.432,159.353,159.379
2026-08-13 07:00,159.388,159.406,159.358,159.394
2026-08-13 07:15,159.394,159.411,159.365,159.379
2026-08-13 07:30,159.379,159.402,159.334,159.336
2026-08-13 07:45,159.336,159.367,159.314,159.357
2026-08-13 08:00,159.361,159.403,159.337,159.370
2026-08-13 08:15,159.375,159.398,159.357,159.397
2026-08-13 08:30,159.394,159.411,159.365,159.390
2026-08-13 08:45,159.396,159.412,159.371,159.398
2026-08-13 09:00,159.399,159.437,159.380,159.386
2026-08-13 09:15,159.387,159.394,159.358,159.379
2026-08-13 09:30,159.387,159.397,159.343,159.354
2026-08-13 09:45,159.353,159.360,159.318,159.334
2026-08-13 10:00,159.334,159.366,159.326,159.348
2026-08-13 10:15,159.351,159.360,159.317,159.326
2026-08-13 10:30,159.325,159.342,159.311,159.322
2026-08-13 10:45,159.323,159.358,159.319,159.338
2026-08-13 11:00,159.338,159.352,159.246,159.294
2026-08-13 11:15,159.294,159.321,159.275,159.293
2026-08-13 11:30,159.288,159.311,159.279,159.286
2026-08-13 11:45,159.287,159.346,159.282,159.330
2026-08-13 12:00,159.331,159.361,159.309,159.338
2026-08-13 12:15,159.338,159.372,159.261,159.344
2026-08-13 12:30,159.325,159.413,159.227,159.290
2026-08-13 12:45,159.294,159.299,159.168,159.169
2026-08-13 13:00,159.170,159.237,159.147,159.199
2026-08-13 13:15,159.197,159.287,159.183,159.281
2026-08-13 13:30,159.282,159.337,159.278,159.301
2026-08-13 13:45,159.302,159.309,159.211,159.262
2026-08-13 14:00,159.262,159.327,159.034,159.074
2026-08-13 14:15,159.074,159.139,159.018,159.135
2026-08-13 14:30,159.136,159.176,159.103,159.144
2026-08-13 14:45,159.139,159.197,159.126,159.163
2026-08-13 15:00,159.163,159.304,159.152,159.299
2026-08-13 15:15,159.292,159.373,159.286,159.363
2026-08-13 15:30,159.364,159.387,159.290,159.325
2026-08-13 15:45,159.325,159.368,159.310,159.349
2026-08-13 16:00,159.350,159.436,159.337,159.417
2026-08-13 16:15,159.422,159.474,159.405,159.468
2026-08-13 16:30,159.464,159.493,159.426,159.452
2026-08-13 16:45,159.459,159.497,159.440,159.477
2026-08-13 17:00,159.475,159.521,159.464,159.492
2026-08-13 17:15,159.492,159.524,159.474,159.521
2026-08-13 17:30,159.516,159.569,159.489,159.507
2026-08-13 17:45,159.507,159.542,159.502,159.514
2026-08-13 18:00,159.517,159.542,159.431,159.460
2026-08-13 18:15,159.452,159.505,159.452,159.476
2026-08-13 18:30,159.479,159.508,159.464,159.485
2026-08-13 18:45,159.478,159.512,159.478,159.504
2026-08-13 19:00,159.504,159.521,159.491,159.501
2026-08-13 19:15,159.505,159.514,159.486,159.497
2026-08-13 19:30,159.493,159.535,159.483,159.529
2026-08-13 19:45,159.526,159.542,159.489,159.513
2026-08-13 20:00,159.513,159.542,159.495,159.525
2026-08-13 20:15,159.523,159.563,159.522,159.544
2026-08-13 20:30,159.539,159.566,159.533,159.551
2026-08-13 20:45,159.551,159.562,159.468,159.469
2026-08-13 21:00,159.457,159.479,159.429,159.452
2026-08-13 21:15,159.462,159.493,159.439,159.459
2026-08-13 21:30,159.458,159.505,159.433,159.483
2026-08-13 21:45,159.482,159.528,159.434,159.464
2026-08-13 22:00,159.472,159.522,159.445,159.487
2026-08-13 22:15,159.495,159.517,159.474,159.501
2026-08-13 22:30,159.501,159.517,159.474,159.494
2026-08-13 22:45,159.479,159.500,159.454,159.467
2026-08-13 23:00,159.458,159.474,159.434,159.454
2026-08-13 23:15,159.450,159.479,159.450,159.468
2026-08-13 23:30,159.468,159.484,159.443,159.458
2026-08-13 23:45,159.455,159.465,159.423,159.429
2026-08-14 00:00,159.427,159.510,159.391,159.466
2026-08-14 00:15,159.463,159.478,159.392,159.400
2026-08-14 00:30,159.400,159.428,159.377,159.412
2026-08-14 00:45,159.415,159.453,159.345,159.368
2026-08-14 01:00,159.368,159.436,159.348,159.424
2026-08-14 01:15,159.428,159.458,159.397,159.435
2026-08-14 01:30,159.435,159.453,159.405,159.440
2026-08-14 01:45,159.441,159.455,159.413,159.443
2026-08-14 02:00,159.441,159.451,159.419,159.430
2026-08-14 02:15,159.427,159.435,159.383,159.398
2026-08-14 02:30,159.395,159.404,159.370,159.385
2026-08-14 02:45,159.382,159.426,159.381,159.404
2026-08-14 03:00,159.404,159.421,159.358,159.369
2026-08-14 03:15,159.369,159.385,159.320,159.330
2026-08-14 03:30,159.337,159.371,159.330,159.359
2026-08-14 03:45,159.362,159.412,159.355,159.375
2026-08-14 04:00,159.375,159.386,159.329,159.343
2026-08-14 04:15,159.343,159.375,159.342,159.357
2026-08-14 04:30,159.357,159.373,159.333,159.354
2026-08-14 04:45,159.358,159.369,159.344,159.353
2026-08-14 05:00,159.348,159.356,159.316,159.317
2026-08-14 05:15,159.316,159.332,159.292,159.315
2026-08-14 05:30,159.313,159.329,159.129,159.269
2026-08-14 05:45,159.264,159.312,159.253,159.259
2026-08-14 06:00,159.255,159.263,159.140,159.199
2026-08-14 06:15,159.209,159.284,159.188,159.271
2026-08-14 06:30,159.266,159.277,159.242,159.248
2026-08-14 06:45,159.249,159.257,159.211,159.239
2026-08-14 07:00,159.239,159.270,159.214,159.270
2026-08-14 07:15,159.262,159.313,159.261,159.286
2026-08-14 07:30,159.292,159.294,159.239,159.253
2026-08-14 07:45,159.254,159.257,159.196,159.203
2026-08-14 08:00,159.200,159.212,159.157,159.186
2026-08-14 08:15,159.193,159.227,159.084,159.125
2026-08-14 08:30,159.118,159.139,159.056,159.126
2026-08-14 08:45,159.121,159.189,159.115,159.174
2026-08-14 09:00,159.169,159.194,159.115,159.120
2026-08-14 09:15,159.120,159.172,159.107,159.169
2026-08-14 09:30,159.163,159.196,159.140,159.148
2026-08-14 09:45,159.149,159.165,159.115,159.137
2026-08-14 10:00,159.144,159.160,159.082,159.122
2026-08-14 10:15,159.114,159.182,159.111,159.161
2026-08-14 10:30,159.159,159.179,159.139,159.168
2026-08-14 10:45,159.161,159.193,159.146,159.174
2026-08-14 11:00,159.174,159.193,159.155,159.164
2026-08-14 11:15,159.164,159.171,159.102,159.144
2026-08-14 11:30,159.139,159.160,159.034,159.070
2026-08-14 11:45,159.068,159.128,159.068,159.107
2026-08-14 12:00,159.104,159.114,158.870,159.040
2026-08-14 12:15,159.041,159.050,158.760,158.799
2026-08-14 12:30,158.790,158.904,158.595,158.900
2026-08-14 12:45,158.899,158.959,158.834,158.918
2026-08-14 13:00,158.921,159.067,158.899,159.063
2026-08-14 13:15,159.060,159.093,158.934,158.980
2026-08-14 13:30,158.980,159.015,158.809,158.842
2026-08-14 13:45,158.841,158.985,158.789,158.941
2026-08-14 14:00,158.937,159.044,158.891,159.015
2026-08-14 14:15,159.008,159.063,158.919,158.950
2026-08-14 14:30,158.951,159.040,158.945,158.965
2026-08-14 14:45,158.966,159.061,158.965,159.029
2026-08-14 15:00,159.026,159.081,158.943,159.078
2026-08-14 15:15,159.072,159.179,159.071,159.129
2026-08-14 15:30,159.123,159.192,159.086,159.171
2026-08-14 15:45,159.171,159.216,159.150,159.209
2026-08-14 16:00,159.209,159.283,159.198,159.279
2026-08-14 16:15,159.274,159.333,159.241,159.326
2026-08-14 16:30,159.320,159.345,159.252,159.331
2026-08-14 16:45,159.331,159.372,159.318,159.362
2026-08-14 17:00,159.360,159.400,159.349,159.375
2026-08-14 17:15,159.377,159.401,159.358,159.360
2026-08-14 17:30,159.361,159.391,159.339,159.372
2026-08-14 17:45,159.372,159.380,159.352,159.358
2026-08-14 18:00,159.359,159.392,159.340,159.384
2026-08-14 18:15,159.384,159.393,159.351,159.372
2026-08-14 18:30,159.364,159.387,159.363,159.369
2026-08-14 18:45,159.368,159.386,159.352,159.376
2026-08-14 19:00,159.373,159.387,159.361,159.380
2026-08-14 19:15,159.384,159.388,159.360,159.366
2026-08-14 19:30,159.366,159.390,159.362,159.381
2026-08-14 19:45,159.385,159.398,159.357,159.358
2026-08-14 20:00,159.358,159.370,159.334,159.355
2026-08-14 20:15,159.356,159.362,159.315,159.322
2026-08-14 20:30,159.321,159.352,159.309,159.324
2026-08-14 20:45,159.324,159.349,159.246,159.285
2026-08-14 21:00,159.305,159.305,159.305,159.305
2026-08-16 23:00,159.134,159.207,159.127,159.191
2026-08-16 23:15,159.196,159.241,159.187,159.204
2026-08-16 23:30,159.204,159.225,159.161,159.175
2026-08-16 23:45,159.175,159.250,159.168,159.219
2026-08-17 00:00,159.222,159.249,159.124,159.143
2026-08-17 00:15,159.152,159.153,159.029,159.088
2026-08-17 00:30,159.084,159.096,159.031,159.068
2026-08-17 00:45,159.072,159.111,158.999,159.018
2026-08-17 01:00,159.020,159.076,158.980,159.047
2026-08-17 01:15,159.042,159.070,159.010,159.028
2026-08-17 01:30,159.030,159.105,159.020,159.086
2026-08-17 01:45,159.086,159.101,159.052,159.052
2026-08-17 02:00,159.052,159.069,159.025,159.027
2026-08-17 02:15,159.027,159.045,158.946,158.992
2026-08-17 02:30,158.992,159.048,158.987,159.039
2026-08-17 02:45,159.037,159.046,159.014,159.033
2026-08-17 03:00,159.034,159.087,159.033,159.078
2026-08-17 03:15,159.070,159.095,159.053,159.092
2026-08-17 03:30,159.085,159.137,159.078,159.125
2026-08-17 03:45,159.130,159.147,159.085,159.089
2026-08-17 04:00,159.090,159.103,159.051,159.063
2026-08-17 04:15,159.063,159.108,159.053,159.097
2026-08-17 04:30,159.095,159.109,159.043,159.053
2026-08-17 04:45,159.052,159.129,159.047,159.120
2026-08-17 05:00,159.115,159.123,159.084,159.110
2026-08-17 05:15,159.110,159.120,159.024,159.038
2026-08-17 05:30,159.038,159.072,158.972,159.024
2026-08-17 05:45,159.027,159.097,159.015,159.082
2026-08-17 06:00,159.081,159.111,159.024,159.091
2026-08-17 06:15,159.095,159.103,159.021,159.021
2026-08-17 06:30,159.025,159.058,159.016,159.026
2026-08-17 06:45,159.029,159.036,158.932,158.959
2026-08-17 07:00,158.960,159.001,158.878,158.916
2026-08-17 07:15,158.917,158.955,158.857,158.893
2026-08-17 07:30,158.889,158.922,158.839,158.878
2026-08-17 07:45,158.875,158.986,158.873,158.952
2026-08-17 08:00,158.947,159.000,158.943,158.958
2026-08-17 08:15,158.958,159.021,158.934,158.936
2026-08-17 08:30,158.943,159.081,158.925,159.069
2026-08-17 08:45,159.077,159.150,159.056,159.122
2026-08-17 09:00,159.122,159.179,159.092,159.094
2026-08-17 09:15,159.101,159.143,159.062,159.128
2026-08-17 09:30,159.124,159.155,159.100,159.114
2026-08-17 09:45,159.114,159.185,159.107,159.167
2026-08-17 10:00,159.163,159.206,159.157,159.171
2026-08-17 10:15,159.171,159.203,159.098,159.109
2026-08-17 10:30,159.112,159.169,159.102,159.143
2026-08-17 10:45,159.147,159.201,159.141,159.183
2026-08-17 11:00,159.183,159.204,159.154,159.196
2026-08-17 11:15,159.189,159.246,159.185,159.235
2026-08-17 11:30,159.235,159.263,159.208,159.257
2026-08-17 11:45,159.254,159.284,159.225,159.238
2026-08-17 12:00,159.234,159.252,159.189,159.229
2026-08-17 12:15,159.232,159.286,159.211,159.263
2026-08-17 12:30,159.262,159.288,159.244,159.268
2026-08-17 12:45,159.263,159.282,159.239,159.246
2026-08-17 13:00,159.242,159.268,159.212,159.260
2026-08-17 13:15,159.260,159.282,159.240,159.275
2026-08-17 13:30,159.273,159.357,159.264,159.349
2026-08-17 13:45,159.352,159.384,159.257,159.263
2026-08-17 14:00,159.260,159.286,159.223,159.242
2026-08-17 14:15,159.247,159.263,159.182,159.239
2026-08-17 14:30,159.244,159.264,159.213,159.239
2026-08-17 14:45,159.241,159.310,159.216,159.284
2026-08-17 15:00,159.284,159.342,159.273,159.316
2026-08-17 15:15,159.316,159.373,159.304,159.343
2026-08-17 15:30,159.339,159.403,159.328,159.393
2026-08-17 15:45,159.397,159.401,159.337,159.339
2026-08-17 16:00,159.340,159.395,159.340,159.363
2026-08-17 16:15,159.363,159.372,159.326,159.359
2026-08-17 16:30,159.359,159.373,159.339,159.351
2026-08-17 16:45,159.351,159.378,159.343,159.363
2026-08-17 17:00,159.361,159.371,159.349,159.364
2026-08-17 17:15,159.364,159.451,159.361,159.424
2026-08-17 17:30,159.419,159.505,159.416,159.458
2026-08-17 17:45,159.458,159.505,159.439,159.491
2026-08-17 18:00,159.487,159.523,159.479,159.484
2026-08-17 18:15,159.484,159.589,159.479,159.563
2026-08-17 18:30,159.562,159.590,159.540,159.558
2026-08-17 18:45,159.558,159.597,159.552,159.590
2026-08-17 19:00,159.589,159.594,159.491,159.498
2026-08-17 19:15,159.498,159.509,159.424,159.433
2026-08-17 19:30,159.429,159.455,159.404,159.421
2026-08-17 19:45,159.424,159.478,159.419,159.456
2026-08-17 20:00,159.457,159.512,159.444,159.503
2026-08-17 20:15,159.499,159.506,159.462,159.482
2026-08-17 20:30,159.481,159.501,159.464,159.472
2026-08-17 20:45,159.472,159.493,159.415,159.415
2026-08-17 21:00,159.404,159.491,159.399,159.400
2026-08-17 21:15,159.386,159.409,159.281,159.371
2026-08-17 21:30,159.372,159.427,159.355,159.410
2026-08-17 21:45,159.410,159.430,159.356,159.397
2026-08-17 22:00,159.377,159.477,159.351,159.471
2026-08-17 22:15,159.458,159.473,159.395,159.417
2026-08-17 22:30,159.405,159.434,159.400,159.426
2026-08-17 22:45,159.413,159.426,159.403,159.411
2026-08-17 23:00,159.406,159.424,159.352,159.385
2026-08-17 23:15,159.385,159.387,159.360,159.365
2026-08-17 23:30,159.360,159.372,159.309,159.318
2026-08-17 23:45,159.320,159.355,159.308,159.325
2026-08-18 00:00,159.325,159.396,159.304,159.377
2026-08-18 00:15,159.369,159.436,159.357,159.425
2026-08-18 00:30,159.422,159.493,159.420,159.483
2026-08-18 00:45,159.488,159.524,159.420,159.422
2026-08-18 01:00,159.422,159.494,159.389,159.398
2026-08-18 01:15,159.403,159.467,159.395,159.444
2026-08-18 01:30,159.443,159.454,159.399,159.420
2026-08-18 01:45,159.424,159.512,159.420,159.500
2026-08-18 02:00,159.498,159.545,159.488,159.518
2026-08-18 02:15,159.516,159.524,159.468,159.482
2026-08-18 02:30,159.477,159.509,159.463,159.496
2026-08-18 02:45,159.499,159.510,159.449,159.455
2026-08-18 03:00,159.452,159.496,159.452,159.482
2026-08-18 03:15,159.482,159.514,159.471,159.510
2026-08-18 03:30,159.506,159.569,159.506,159.555
2026-08-18 03:45,159.555,159.568,159.527,159.548
2026-08-18 04:00,159.548,159.695,159.544,159.665
2026-08-18 04:15,159.663,159.726,159.655,159.698
2026-08-18 04:30,159.692,159.750,159.678,159.690
2026-08-18 04:45,159.690,159.711,159.664,159.697
2026-08-18 05:00,159.689,159.726,159.671,159.719
2026-08-18 05:15,159.720,159.734,159.654,159.669
2026-08-18 05:30,159.670,159.700,159.664,159.673
2026-08-18 05:45,159.673,159.682,159.616,159.663
2026-08-18 06:00,159.656,159.730,159.643,159.685
2026-08-18 06:15,159.683,159.774,159.681,159.718
2026-08-18 06:30,159.718,159.779,159.695,159.740
2026-08-18 06:45,159.745,159.772,159.709,159.716
2026-08-18 07:00,159.718,159.747,159.682,159.737
2026-08-18 07:15,159.737,159.762,159.698,159.728
2026-08-18 07:30,159.728,159.754,159.703,159.712
2026-08-18 07:45,159.706,159.722,159.672,159.717
2026-08-18 08:00,159.722,159.732,159.698,159.719
2026-08-18 08:15,159.718,159.736,159.715,159.725
2026-08-18 08:30,159.725,159.744,159.642,159.647
2026-08-18 08:45,159.643,159.674,159.627,159.665
2026-08-18 09:00,159.668,159.694,159.659,159.667
2026-08-18 09:15,159.662,159.682,159.600,159.613
2026-08-18 09:30,159.609,159.633,159.581,159.616
2026-08-18 09:45,159.614,159.628,159.585,159.604
2026-08-18 10:00,159.604,159.674,159.597,159.674
2026-08-18 10:15,159.667,159.706,159.656,159.672
2026-08-18 10:30,159.672,159.690,159.646,159.679
2026-08-18 10:45,159.678,159.715,159.667,159.706
2026-08-18 11:00,159.702,159.738,159.697,159.721
2026-08-18 11:15,159.722,159.742,159.714,159.734
2026-08-18 11:30,159.740,159.745,159.697,159.721
2026-08-18 11:45,159.715,159.732,159.688,159.694
2026-08-18 12:00,159.699,159.710,159.652,159.671
2026-08-18 12:15,159.664,159.684,159.633,159.662
2026-08-18 12:30,159.675,159.721,159.632,159.673
2026-08-18 12:45,159.676,159.690,159.634,159.664
2026-08-18 13:00,159.663,159.668,159.612,159.628
2026-08-18 13:15,159.625,159.676,159.619,159.659
2026-08-18 13:30,159.659,159.723,159.560,159.621
2026-08-18 13:45,159.617,159.623,159.566,159.572
2026-08-18 14:00,159.580,159.580,159.474,159.535
2026-08-18 14:15,159.531,159.540,159.442,159.479
2026-08-18 14:30,159.474,159.554,159.473,159.509
2026-08-18 14:45,159.509,159.569,159.423,159.550
2026-08-18 15:00,159.549,159.609,159.488,159.604
2026-08-18 15:15,159.604,159.627,159.549,159.617
2026-08-18 15:30,159.611,159.646,159.574,159.597
2026-08-18 15:45,159.596,159.600,159.534,159.596
2026-08-18 16:00,159.593,159.596,159.546,159.559
2026-08-18 16:15,159.559,159.605,159.536,159.594
2026-08-18 16:30,159.594,159.639,159.569,159.573
2026-08-18 16:45,159.574,159.591,159.554,159.567
2026-08-18 17:00,159.571,159.603,159.557,159.596
2026-08-18 17:15,159.600,159.612,159.582,159.594
2026-08-18 17:30,159.594,159.638,159.593,159.611
2026-08-18 17:45,159.608,159.622,159.593,159.598
2026-08-18 18:00,159.596,159.615,159.574,159.588
2026-08-18 18:15,159.586,159.592,159.559,159.589
2026-08-18 18:30,159.584,159.629,159.583,159.622
2026-08-18 18:45,159.620,159.631,159.595,159.600
2026-08-18 19:00,159.603,159.627,159.573,159.590
2026-08-18 19:15,159.595,159.614,159.571,159.609
2026-08-18 19:30,159.606,159.622,159.574,159.606
2026-08-18 19:45,159.601,159.649,159.590,159.636
2026-08-18 20:00,159.643,159.675,159.635,159.647
2026-08-18 20:15,159.647,159.661,159.640,159.650
2026-08-18 20:30,159.647,159.657,159.637,159.651
2026-08-18 20:45,159.648,159.663,159.584,159.596
2026-08-18 21:00,159.592,159.615,159.469,159.601
2026-08-18 21:15,159.603,159.621,159.595,159.598
2026-08-18 21:30,159.608,159.619,159.543,159.554
2026-08-18 21:45,159.555,159.589,159.544,159.581
2026-08-18 22:00,159.577,159.645,159.554,159.639
2026-08-18 22:15,159.642,159.643,159.608,159.621
2026-08-18 22:30,159.626,159.634,159.581,159.602
2026-08-18 22:45,159.602,159.621,159.583,159.589
2026-08-18 23:00,159.583,159.595,159.531,159.565
2026-08-18 23:15,159.561,159.588,159.549,159.577
2026-08-18 23:30,159.577,159.608,159.551,159.594
2026-08-18 23:45,159.595,159.609,159.535,159.550
2026-08-19 00:00,159.550,159.553,159.427,159.445
2026-08-19 00:15,159.446,159.505,159.428,159.490
2026-08-19 00:30,159.499,159.535,159.434,159.476
2026-08-19 00:45,159.466,159.483,159.385,159.462
2026-08-19 01:00,159.456,159.506,159.448,159.501
2026-08-19 01:15,159.491,159.525,159.476,159.502
2026-08-19 01:30,159.501,159.502,159.436,159.463
2026-08-19 01:45,159.464,159.492,159.438,159.448
2026-08-19 02:00,159.446,159.471,159.382,159.399
2026-08-19 02:15,159.397,159.420,159.307,159.365
2026-08-19 02:30,159.365,159.403,159.286,159.311
2026-08-19 02:45,159.313,159.376,159.290,159.364
2026-08-19 03:00,159.365,159.399,159.331,159.385
2026-08-19 03:15,159.383,159.396,159.367,159.387
2026-08-19 03:30,159.382,159.443,159.370,159.409
2026-08-19 03:45,159.406,159.435,159.404,159.420
2026-08-19 04:00,159.420,159.425,159.381,159.383
2026-08-19 04:15,159.383,159.399,159.343,159.345
2026-08-19 04:30,159.348,159.378,159.231,159.363
2026-08-19 04:45,159.357,159.364,159.291,159.326
2026-08-19 05:00,159.326,159.332,159.284,159.297
2026-08-19 05:15,159.305,159.306,159.234,159.272
2026-08-19 05:30,159.271,159.277,159.204,159.250
2026-08-19 05:45,159.254,159.327,159.215,159.295
2026-08-19 06:00,159.290,159.297,159.201,159.243
2026-08-19 06:15,159.236,159.243,159.147,159.151
2026-08-19 06:30,159.154,159.211,159.111,159.207
2026-08-19 06:45,159.210,159.255,159.191,159.239
2026-08-19 07:00,159.244,159.251,159.162,159.218
2026-08-19 07:15,159.218,159.281,159.168,159.194
2026-08-19 07:30,159.194,159.206,159.120,159.172
2026-08-19 07:45,159.168,159.197,159.131,159.163
2026-08-19 08:00,159.163,159.182,159.073,159.097
2026-08-19 08:15,159.097,159.133,159.049,159.098
2026-08-19 08:30,159.093,159.110,159.054,159.070
2026-08-19 08:45,159.067,159.172,159.065,159.162
2026-08-19 09:00,159.162,159.234,159.155,159.225
2026-08-19 09:15,159.232,159.266,159.155,159.178
2026-08-19 09:30,159.178,159.184,159.094,159.122
2026-08-19 09:45,159.122,159.136,159.065,159.084
2026-08-19 10:00,159.084,159.111,159.013,159.050
2026-08-19 10:15,159.045,159.067,158.994,159.053
2026-08-19 10:30,159.053,159.091,159.022,159.056
2026-08-19 10:45,159.063,159.111,159.032,159.095
2026-08-19 11:00,159.093,159.160,159.081,159.122
2026-08-19 11:15,159.122,159.128,159.084,159.107
2026-08-19 11:30,159.107,159.187,159.092,159.158
2026-08-19 11:45,159.164,159.166,159.096,159.134
2026-08-19 12:00,159.142,159.154,159.068,159.110
2026-08-19 12:15,159.103,159.112,158.923,159.033
2026-08-19 12:30,159.032,159.038,158.154,158.444
2026-08-19 12:45,158.475,158.600,158.362,158.600
2026-08-19 13:00,158.587,158.601,158.313,158.382
2026-08-19 13:15,158.373,158.536,158.347,158.416
2026-08-19 13:30,158.408,158.527,158.354,158.472
2026-08-19 13:45,158.473,158.534,158.389,158.432
2026-08-19 14:00,158.434,158.469,158.256,158.303
2026-08-19 14:15,158.300,158.359,158.238,158.280
2026-08-19 14:30,158.274,158.285,158.038,158.144
2026-08-19 14:45,158.147,158.385,158.139,158.344
2026-08-19 15:00,158.348,158.491,158.342,158.395
2026-08-19 15:15,158.394,158.525,158.350,158.495
2026-08-19 15:30,158.490,158.523,158.385,158.397
2026-08-19 15:45,158.397,158.494,158.376,158.453
2026-08-19 16:00,158.450,158.501,158.389,158.407
2026-08-19 16:15,158.412,158.450,158.371,158.419
2026-08-19 16:30,158.411,158.428,158.374,158.394
2026-08-19 16:45,158.393,158.401,158.310,158.385
2026-08-19 17:00,158.380,158.510,158.318,158.477
2026-08-19 17:15,158.477,158.519,158.443,158.498
2026-08-19 17:30,158.492,158.557,158.486,158.538
2026-08-19 17:45,158.542,158.614,158.536,158.582
2026-08-19 18:00,158.584,158.597,158.354,158.399
2026-08-19 18:15,158.392,158.501,158.390,158.491
2026-08-19 18:30,158.478,158.492,158.257,158.322
2026-08-19 18:45,158.321,158.337,158.262,158.319
2026-08-19 19:00,158.313,158.368,158.262,158.294
2026-08-19 19:15,158.300,158.303,158.130,158.146
2026-08-19 19:30,158.154,158.270,158.132,158.257
2026-08-19 19:45,158.249,158.288,158.093,158.139
2026-08-19 20:00,158.145,158.172,158.085,158.152
2026-08-19 20:15,158.157,158.220,158.152,158.206
2026-08-19 20:30,158.207,158.223,158.132,158.155
2026-08-19 20:45,158.156,158.174,158.130,158.144
2026-08-19 21:00,158.122,158.122,158.057,158.094
2026-08-19 21:15,158.094,158.135,158.079,158.097
2026-08-19 21:30,158.097,158.123,158.083,158.103
2026-08-19 21:45,158.103,158.145,158.070,158.100
2026-08-19 22:00,158.095,158.111,158.012,158.055
2026-08-19 22:15,158.063,158.076,158.033,158.064
2026-08-19 22:30,158.064,158.139,158.060,158.120
2026-08-19 22:45,158.129,158.197,158.113,158.172
2026-08-19 23:00,158.181,158.236,158.176,158.216
2026-08-19 23:15,158.209,158.238,158.193,158.235
2026-08-19 23:30,158.225,158.264,158.209,158.250
2026-08-19 23:45,158.250,158.281,158.229,158.259
2026-08-20 00:00,158.255,158.378,158.155,158.331
2026-08-20 00:15,158.327,158.366,158.254,158.342
2026-08-20 00:30,158.334,158.369,158.278,158.369
2026-08-20 00:45,158.363,158.439,158.351,158.404
2026-08-20 01:00,158.399,158.515,158.391,158.461
2026-08-20 01:15,158.461,158.494,158.362,158.374
2026-08-20 01:30,158.376,158.487,158.320,158.479
2026-08-20 01:45,158.479,158.568,158.469,158.530
2026-08-20 02:00,158.524,158.538,158.298,158.487
2026-08-20 02:15,158.488,158.517,158.434,158.447
2026-08-20 02:30,158.448,158.456,158.384,158.426
2026-08-20 02:45,158.430,158.471,158.404,158.439
2026-08-20 03:00,158.438,158.491,158.383,158.396
2026-08-20 03:15,158.389,158.441,158.370,158.430
2026-08-20 03:30,158.425,158.477,158.415,158.444
2026-08-20 03:45,158.444,158.468,158.407,158.430
2026-08-20 04:00,158.428,158.450,158.411,158.428
2026-08-20 04:15,158.436,158.478,158.424,158.465
2026-08-20 04:30,158.468,158.537,158.459,158.536
2026-08-20 04:45,158.537,158.634,158.461,158.564
2026-08-20 05:00,158.567,158.614,158.528,158.574
2026-08-20 05:15,158.575,158.680,158.569,158.675
2026-08-20 05:30,158.672,158.731,158.643,158.714
2026-08-20 05:45,158.718,158.728,158.603,158.629
2026-08-20 06:00,158.630,158.659,158.524,158.549
2026-08-20 06:15,158.550,158.572,158.455,158.502
2026-08-20 06:30,158.503,158.547,158.457,158.473
2026-08-20 06:45,158.471,158.481,158.353,158.360
2026-08-20 07:00,158.359,158.426,158.320,158.392
2026-08-20 07:15,158.385,158.546,158.384,158.521
2026-08-20 07:30,158.522,158.543,158.395,158.456
2026-08-20 07:45,158.456,158.506,158.420,158.435
2026-08-20 08:00,158.437,158.489,158.389,158.399
2026-08-20 08:15,158.394,158.495,158.369,158.487
2026-08-20 08:30,158.486,158.520,158.434,158.491
2026-08-20 08:45,158.489,158.535,158.477,158.489
2026-08-20 09:00,158.490,158.496,158.377,158.404
2026-08-20 09:15,158.404,158.412,158.196,158.291
2026-08-20 09:30,158.302,158.362,158.248,158.302
2026-08-20 09:45,158.303,158.380,158.299,158.335
2026-08-20 10:00,158.339,158.377,158.234,158.278
2026-08-20 10:15,158.278,158.321,158.248,158.263
2026-08-20 10:30,158.264,158.366,158.260,158.365
2026-08-20 10:45,158.358,158.522,158.358,158.467
2026-08-20 11:00,158.467,158.613,158.467,158.611
2026-08-20 11:15,158.603,158.640,158.519,158.574
2026-08-20 11:30,158.571,158.644,158.530,158.632
2026-08-20 11:45,158.638,158.711,158.619,158.657
2026-08-20 12:00,158.660,158.801,158.639,158.724
2026-08-20 12:15,158.718,158.729,158.626,158.652
2026-08-20 12:30,158.660,158.779,158.612,158.639
2026-08-20 12:45,158.639,158.697,158.593,158.635
2026-08-20 13:00,158.638,158.646,158.534,158.630
2026-08-20 13:15,158.625,158.659,158.557,158.620
2026-08-20 13:30,158.629,158.723,158.592,158.681
2026-08-20 13:45,158.676,158.835,158.665,158.825
2026-08-20 14:00,158.820,158.889,158.778,158.858
2026-08-20 14:15,158.858,158.893,158.736,158.792
2026-08-20 14:30,158.790,158.814,158.740,158.747
2026-08-20 14:45,158.747,158.773,158.703,158.723
2026-08-20 15:00,158.721,158.823,158.489,158.742
2026-08-20 15:15,158.742,158.858,158.738,158.758
2026-08-20 15:30,158.760,158.977,158.749,158.958
2026-08-20 15:45,158.961,158.968,158.843,158.848
2026-08-20 16:00,158.850,158.965,158.835,158.964
2026-08-20 16:15,158.959,159.098,158.950,159.071
2026-08-20 16:30,159.071,159.092,159.014,159.041
2026-08-20 16:45,159.047,159.057,158.981,158.994
2026-08-20 17:00,158.992,159.035,158.964,159.029
2026-08-20 17:15,159.024,159.057,159.002,159.025
2026-08-20 17:30,159.025,159.101,159.025,159.058
2026-08-20 17:45,159.060,159.086,159.039,159.047
2026-08-20 18:00,159.049,159.152,159.031,159.121
2026-08-20 18:15,159.121,159.175,159.115,159.166
2026-08-20 18:30,159.161,159.171,159.115,159.137
2026-08-20 18:45,159.137,159.160,159.102,159.141
2026-08-20 19:00,159.135,159.179,159.120,159.128
2026-08-20 19:15,159.123,159.144,159.100,159.138
2026-08-20 19:30,159.138,159.152,159.099,159.133
2026-08-20 19:45,159.134,159.144,159.107,159.112
2026-08-20 20:00,159.112,159.123,159.096,159.115
2026-08-20 20:15,159.116,159.141,159.109,159.119
2026-08-20 20:30,159.119,159.125,159.069,159.075
2026-08-20 20:45,159.075,159.091,159.013,159.016
2026-08-20 21:00,159.012,159.073,158.982,159.048
2026-08-20 21:15,159.060,159.075,159.009,159.038
2026-08-20 21:30,159.034,159.077,158.987,159.057
2026-08-20 21:45,159.032,159.059,158.987,159.020
2026-08-20 22:00,159.026,159.079,159.010,159.013
2026-08-20 22:15,159.013,159.035,158.945,158.972
2026-08-20 22:30,158.973,159.012,158.971,158.990
2026-08-20 22:45,158.998,159.004,158.934,158.955
2026-08-20 23:00,158.951,158.961,158.894,158.905
2026-08-20 23:15,158.901,158.914,158.869,158.899
2026-08-20 23:30,158.901,158.947,158.867,158.903
2026-08-20 23:45,158.905,158.930,158.864,158.890
2026-08-21 00:00,158.893,159.022,158.864,158.961
2026-08-21 00:15,158.962,159.024,158.904,158.992
2026-08-21 00:30,158.996,159.100,158.991,159.080
2026-08-21 00:45,159.088,159.129,159.048,159.097
2026-08-21 01:00,159.089,159.134,159.056,159.069
2026-08-21 01:15,159.069,159.088,158.944,158.975
2026-08-21 01:30,158.975,158.996,158.901,158.996
2026-08-21 01:45,158.989,159.002,158.941,158.945
2026-08-21 02:00,158.949,159.021,158.918,158.971
2026-08-21 02:15,158.971,159.024,158.936,158.994
2026-08-21 02:30,158.987,158.993,158.888,158.932
2026-08-21 02:45,158.926,158.971,158.872,158.965
2026-08-21 03:00,158.962,158.991,158.941,158.959
2026-08-21 03:15,158.952,159.006,158.933,159.000
2026-08-21 03:30,158.998,159.088,158.994,159.036
2026-08-21 03:45,159.036,159.070,158.984,158.993
2026-08-21 04:00,158.994,159.012,158.947,158.976
2026-08-21 04:15,158.983,159.030,158.965,159.008
2026-08-21 04:30,159.007,159.064,159.005,159.033
2026-08-21 04:45,159.027,159.056,158.984,158.997
2026-08-21 05:00,158.997,159.030,158.986,159.013
2026-08-21 05:15,159.009,159.031,158.997,159.017
2026-08-21 05:30,159.018,159.018,158.847,158.847
2026-08-21 05:45,158.856,158.897,158.810,158.830
2026-08-21 06:00,158.830,158.916,158.785,158.903
2026-08-21 06:15,158.899,158.980,158.875,158.977
2026-08-21 06:30,158.974,158.988,158.891,158.927
2026-08-21 06:45,158.927,158.958,158.871,158.887
2026-08-21 07:00,158.889,158.933,158.826,158.886
2026-08-21 07:15,158.886,158.918,158.856,158.876
2026-08-21 07:30,158.884,158.892,158.758,158.842
2026-08-21 07:45,158.835,158.845,158.729,158.817
2026-08-21 08:00,158.817,158.870,158.766,158.810
2026-08-21 08:15,158.808,158.843,158.716,158.724
2026-08-21 08:30,158.724,158.750,158.551,158.569
2026-08-21 08:45,158.570,158.640,158.508,158.522
2026-08-21 09:00,158.528,158.557,158.347,158.415
2026-08-21 09:15,158.417,158.517,158.405,158.486
2026-08-21 09:30,158.486,158.550,158.442,158.534
2026-08-21 09:45,158.533,158.608,158.526,158.597
2026-08-21 10:00,158.603,158.648,158.567,158.637
2026-08-21 10:15,158.632,158.638,158.518,158.527
2026-08-21 10:30,158.533,158.612,158.527,158.590
2026-08-21 10:45,158.589,158.735,158.582,158.695
2026-08-21 11:00,158.698,158.768,158.676,158.728
2026-08-21 11:15,158.733,158.733,158.549,158.560
2026-08-21 11:30,158.554,158.671,158.547,158.624
2026-08-21 11:45,158.624,158.712,158.620,158.682
2026-08-21 12:00,158.682,158.717,158.618,158.714
2026-08-21 12:15,158.712,158.753,158.662,158.700
2026-08-21 12:30,158.700,158.846,158.699,158.769
2026-08-21 12:45,158.764,158.812,158.734,158.753
2026-08-21 13:00,158.747,158.837,158.716,158.779
2026-08-21 13:15,158.786,158.871,158.775,158.853
2026-08-21 13:30,158.858,158.887,158.800,158.826
2026-08-21 13:45,158.817,158.896,158.750,158.770
2026-08-21 14:00,158.773,158.882,158.763,158.836
2026-08-21 14:15,158.836,158.893,158.814,158.882
2026-08-21 14:30,158.881,159.008,158.881,158.974
2026-08-21 14:45,158.972,159.004,158.899,158.952
2026-08-21 15:00,158.952,159.032,158.912,159.009
2026-08-21 15:15,159.016,159.040,158.949,158.976
2026-08-21 15:30,158.977,158.990,158.904,158.922
2026-08-21 15:45,158.915,158.959,158.897,158.916
2026-08-21 16:00,158.910,158.981,158.910,158.943
2026-08-21 16:15,158.943,158.971,158.820,158.948
2026-08-21 16:30,158.948,158.967,158.927,158.946
2026-08-21 16:45,158.950,158.969,158.919,158.959
2026-08-21 17:00,158.959,159.036,158.959,159.015
2026-08-21 17:15,159.020,159.044,158.957,158.989
2026-08-21 17:30,158.987,159.020,158.965,159.015
2026-08-21 17:45,159.014,159.037,159.004,159.016
2026-08-21 18:00,159.012,159.017,158.979,159.016
2026-08-21 18:15,159.011,159.035,159.001,159.016
2026-08-21 18:30,159.014,159.037,159.002,159.028
2026-08-21 18:45,159.024,159.052,159.012,159.014
2026-08-21 19:00,159.015,159.039,159.002,159.029
2026-08-21 19:15,159.033,159.042,159.012,159.036
2026-08-21 19:30,159.030,159.038,158.989,159.011
2026-08-21 19:45,159.011,159.012,158.955,158.995
2026-08-21 20:00,158.998,159.013,158.981,158.992
2026-08-21 20:15,158.991,159.016,158.965,159.004
2026-08-21 20:30,159.008,159.018,158.967,158.972
2026-08-21 20:45,158.968,158.995,158.862,158.862
2026-08-21 22:45,158.940,158.940,158.940,158.940
2026-08-23 23:00,158.963,158.982,158.935,158.956
2026-08-23 23:15,158.954,158.988,158.948,158.967
2026-08-23 23:30,158.963,159.003,158.960,158.981
2026-08-23 23:45,158.983,158.998,158.864,158.871
2026-08-24 00:00,158.870,158.888,158.805,158.838
2026-08-24 00:15,158.838,158.839,158.726,158.773
2026-08-24 00:30,158.766,158.790,158.709,158.746
2026-08-24 00:45,158.745,158.813,158.698,158.724
2026-08-24 01:00,158.724,158.847,158.711,158.844
2026-08-24 01:15,158.836,158.924,158.836,158.913
2026-08-24 01:30,158.917,158.953,158.880,158.888
2026-08-24 01:45,158.888,158.900,158.823,158.842
2026-08-24 02:00,158.836,158.863,158.812,158.830
2026-08-24 02:15,158.839,158.860,158.804,158.850
2026-08-24 02:30,158.858,158.918,158.847,158.888
2026-08-24 02:45,158.887,158.915,158.858,158.873
2026-08-24 03:00,158.873,158.943,158.872,158.920
2026-08-24 03:15,158.921,158.937,158.892,158.911
2026-08-24 03:30,158.914,158.947,158.905,158.939
2026-08-24 03:45,158.939,158.970,158.912,158.927
2026-08-24 04:00,158.927,158.963,158.808,158.908
2026-08-24 04:15,158.907,158.940,158.808,158.837
2026-08-24 04:30,158.837,158.877,158.824,158.867
2026-08-24 04:45,158.867,158.920,158.851,158.858
2026-08-24 05:00,158.859,158.936,158.851,158.919
2026-08-24 05:15,158.919,158.938,158.887,158.922
2026-08-24 05:30,158.925,158.976,158.904,158.969
2026-08-24 05:45,158.961,158.972,158.888,158.898
2026-08-24 06:00,158.898,158.920,158.852,158.879
2026-08-24 06:15,158.879,158.961,158.852,158.946
2026-08-24 06:30,158.940,158.981,158.930,158.951
2026-08-24 06:45,158.950,159.032,158.926,159.031
2026-08-24 07:00,159.027,159.112,158.979,159.085
2026-08-24 07:15,159.080,159.149,159.075,159.127
2026-08-24 07:30,159.127,159.187,159.085,159.160
2026-08-24 07:45,159.166,159.184,159.120,159.158
2026-08-24 08:00,159.155,159.239,159.144,159.232
2026-08-24 08:15,159.227,159.271,159.221,159.265
2026-08-24 08:30,159.265,159.282,159.205,159.214
2026-08-24 08:45,159.215,159.223,159.152,159.189
2026-08-24 09:00,159.192,159.205,159.145,159.176
2026-08-24 09:15,159.173,159.234,159.161,159.195
2026-08-24 09:30,159.194,159.207,159.155,159.203
2026-08-24 09:45,159.202,159.225,159.170,159.198
2026-08-24 10:00,159.205,159.215,159.167,159.181
2026-08-24 10:15,159.181,159.188,159.118,159.169
2026-08-24 10:30,159.170,159.170,159.115,159.168
2026-08-24 10:45,159.162,159.206,159.152,159.198
2026-08-24 11:00,159.206,159.232,159.193,159.205
2026-08-24 11:15,159.208,159.222,159.168,159.178
2026-08-24 11:30,159.170,159.202,158.990,159.048
2026-08-24 11:45,159.043,159.107,159.019,159.060
2026-08-24 12:00,159.062,159.122,159.052,159.068
2026-08-24 12:15,159.070,159.078,158.905,158.942
2026-08-24 12:30,158.942,159.053,158.877,158.996
2026-08-24 12:45,158.990,159.052,158.966,159.042
2026-08-24 13:00,159.042,159.101,159.011,159.070
2026-08-24 13:15,159.074,159.162,159.065,159.145
2026-08-24 13:30,159.146,159.154,159.092,159.136
2026-08-24 13:45,159.137,159.152,159.056,159.101
2026-08-24 14:00,159.107,159.158,159.068,159.138
2026-08-24 14:15,159.138,159.180,159.088,159.104
2026-08-24 14:30,159.097,159.153,159.085,159.114
2026-08-24 14:45,159.116,159.201,159.113,159.196
2026-08-24 15:00,159.195,159.201,159.120,159.128
2026-08-24 15:15,159.129,159.171,159.063,159.084
2026-08-24 15:30,159.079,159.169,159.069,159.159
2026-08-24 15:45,159.155,159.194,159.121,159.170
2026-08-24 16:00,159.170,159.195,159.057,159.080
2026-08-24 16:15,159.083,159.092,159.041,159.079
2026-08-24 16:30,159.075,159.091,159.000,159.082
2026-08-24 16:45,159.077,159.124,159.060,159.073
2026-08-24 17:00,159.069,159.109,158.980,159.082
2026-08-24 17:15,159.081,159.175,159.061,159.141
2026-08-24 17:30,159.144,159.175,159.120,159.158
2026-08-24 17:45,159.159,159.192,159.146,159.157
2026-08-24 18:00,159.154,159.198,159.140,159.174
2026-08-24 18:15,159.174,159.181,159.131,159.138
2026-08-24 18:30,159.139,159.210,159.137,159.188
2026-08-24 18:45,159.186,159.214,159.174,159.175
2026-08-24 19:00,159.176,159.194,159.165,159.179
2026-08-24 19:15,159.182,159.217,159.178,159.208
2026-08-24 19:30,159.210,159.216,159.147,159.157
2026-08-24 19:45,159.157,159.185,159.120,159.163
2026-08-24 20:00,159.158,159.181,159.132,159.145
2026-08-24 20:15,159.145,159.167,159.133,159.147
2026-08-24 20:30,159.146,159.153,159.124,159.131
2026-08-24 20:45,159.125,159.129,159.057,159.075
2026-08-24 21:00,159.062,159.076,159.027,159.046
2026-08-24 21:15,159.042,159.070,158.992,159.036
2026-08-24 21:30,159.050,159.082,159.016,159.056
2026-08-24 21:45,159.068,159.121,159.003,159.066
2026-08-24 22:00,159.053,159.103,159.008,159.084
2026-08-24 22:15,159.084,159.121,159.083,159.108
2026-08-24 22:30,159.108,159.122,159.091,159.098
2026-08-24 22:45,159.099,159.104,159.088,159.094
2026-08-24 23:00,159.094,159.102,159.052,159.066
2026-08-24 23:15,159.066,159.116,159.057,159.107
2026-08-24 23:30,159.108,159.153,159.106,159.149
2026-08-24 23:45,159.145,159.159,159.112,159.128
2026-08-25 00:00,159.127,159.146,159.084,159.109
2026-08-25 00:15,159.114,159.165,159.102,159.127
2026-08-25 00:30,159.127,159.148,159.102,159.118
2026-08-25 00:45,159.118,159.193,159.092,159.186
2026-08-25 01:00,159.185,159.223,159.121,159.128
2026-08-25 01:15,159.127,159.197,159.126,159.149
2026-08-25 01:30,159.148,159.224,159.146,159.198
2026-08-25 01:45,159.198,159.310,159.198,159.268
2026-08-25 02:00,159.260,159.328,159.253,159.274
2026-08-25 02:15,159.266,159.292,159.244,159.252
2026-08-25 02:30,159.252,159.307,159.245,159.282
2026-08-25 02:45,159.281,159.397,159.281,159.355
2026-08-25 03:00,159.355,159.380,159.322,159.355
2026-08-25 03:15,159.356,159.383,159.354,159.369
2026-08-25 03:30,159.373,159.394,159.336,159.347
2026-08-25 03:45,159.339,159.359,159.314,159.324
2026-08-25 04:00,159.324,159.370,159.314,159.341
2026-08-25 04:15,159.346,159.363,159.318,159.332
2026-08-25 04:30,159.332,159.339,159.240,159.252
2026-08-25 04:45,159.253,159.309,159.207,159.301
2026-08-25 05:00,159.302,159.339,159.275,159.315
2026-08-25 05:15,159.313,159.337,159.290,159.321
2026-08-25 05:30,159.315,159.349,159.305,159.323
2026-08-25 05:45,159.322,159.332,159.301,159.332
2026-08-25 06:00,159.331,159.338,159.268,159.291
2026-08-25 06:15,159.290,159.366,159.290,159.334
2026-08-25 06:30,159.330,159.371,159.294,159.353
2026-08-25 06:45,159.354,159.411,159.343,159.408
2026-08-25 07:00,159.403,159.425,159.346,159.362
2026-08-25 07:15,159.367,159.423,159.310,159.396
2026-08-25 07:30,159.396,159.454,159.391,159.437
2026-08-25 07:45,159.438,159.456,159.419,159.439
2026-08-25 08:00,159.438,159.491,159.422,159.468
2026-08-25 08:15,159.468,159.491,159.338,159.413
2026-08-25 08:30,159.413,159.437,159.353,159.357
2026-08-25 08:45,159.356,159.389,159.320,159.340
2026-08-25 09:00,159.341,159.359,159.218,159.237
2026-08-25 09:15,159.241,159.349,159.231,159.309
2026-08-25 09:30,159.316,159.343,159.233,159.294
2026-08-25 09:45,159.294,159.310,159.241,159.281
2026-08-25 10:00,159.276,159.328,159.237,159.290
2026-08-25 10:15,159.290,159.310,159.270,159.304
2026-08-25 10:30,159.299,159.303,159.250,159.265
2026-08-25 10:45,159.265,159.302,159.257,159.279
2026-08-25 11:00,159.282,159.332,159.253,159.288
2026-08-25 11:15,159.293,159.322,159.280,159.307
2026-08-25 11:30,159.307,159.311,159.265,159.292
2026-08-25 11:45,159.290,159.301,159.227,159.244
2026-08-25 12:00,159.244,159.279,159.188,159.239
2026-08-25 12:15,159.242,159.260,159.220,159.244
2026-08-25 12:30,159.249,159.295,159.226,159.268
2026-08-25 12:45,159.272,159.295,159.255,159.290
2026-08-25 13:00,159.292,159.301,159.108,159.168
2026-08-25 13:15,159.169,159.239,159.157,159.196
2026-08-25 13:30,159.197,159.264,159.158,159.255
2026-08-25 13:45,159.254,159.274,159.197,159.197
2026-08-25 14:00,159.211,159.288,159.192,159.241
2026-08-25 14:15,159.247,159.289,159.232,159.256
2026-08-25 14:30,159.255,159.326,159.231,159.235
2026-08-25 14:45,159.235,159.271,159.183,159.253
2026-08-25 15:00,159.248,159.277,159.239,159.259
2026-08-25 15:15,159.259,159.290,159.230,159.286
2026-08-25 15:30,159.291,159.292,159.175,159.212
2026-08-25 15:45,159.205,159.259,159.176,159.208
2026-08-25 16:00,159.208,159.249,159.198,159.243
2026-08-25 16:15,159.240,159.274,159.240,159.262
2026-08-25 16:30,159.257,159.275,159.240,159.259
2026-08-25 16:45,159.255,159.293,159.250,159.273
2026-08-25 17:00,159.269,159.313,159.267,159.296
2026-08-25 17:15,159.298,159.314,159.278,159.289
2026-08-25 17:30,159.284,159.292,159.249,159.260
2026-08-25 17:45,159.265,159.270,159.209,159.216
2026-08-25 18:00,159.215,159.240,159.186,159.209
2026-08-25 18:15,159.209,159.241,159.198,159.230
2026-08-25 18:30,159.226,159.255,159.222,159.251
2026-08-25 18:45,159.250,159.255,159.218,159.218
2026-08-25 19:00,159.223,159.237,159.187,159.196
2026-08-25 19:15,159.196,159.204,159.149,159.200
2026-08-25 19:30,159.196,159.219,159.179,159.187
2026-08-25 19:45,159.184,159.192,159.075,159.135
2026-08-25 20:00,159.135,159.172,159.119,159.143
2026-08-25 20:15,159.145,159.197,159.133,159.178
2026-08-25 20:30,159.177,159.238,159.171,159.204
2026-08-25 20:45,159.207,159.218,159.136,159.164
2026-08-25 21:00,159.135,159.221,159.133,159.195
2026-08-25 21:15,159.204,159.207,159.178,159.201
2026-08-25 21:30,159.191,159.213,159.174,159.179
2026-08-25 21:45,159.195,159.204,159.167,159.195
2026-08-25 22:00,159.187,159.236,159.181,159.214
2026-08-25 22:15,159.220,159.228,159.186,159.200
2026-08-25 22:30,159.202,159.213,159.190,159.191
2026-08-25 22:45,159.191,159.206,159.190,159.193
2026-08-25 23:00,159.192,159.236,159.192,159.224
2026-08-25 23:15,159.224,159.248,159.215,159.239
2026-08-25 23:30,159.240,159.262,159.235,159.250
2026-08-25 23:45,159.250,159.261,159.207,159.209
2026-08-26 00:00,159.209,159.259,159.207,159.216
2026-08-26 00:15,159.216,159.253,159.215,159.228
2026-08-26 00:30,159.219,159.227,159.148,159.160
2026-08-26 00:45,159.162,159.174,159.098,159.164
2026-08-26 01:00,159.165,159.185,159.132,159.162
2026-08-26 01:15,159.161,159.171,159.132,159.159
2026-08-26 01:30,159.158,159.166,159.070,159.087
2026-08-26 01:45,159.082,159.099,158.958,159.044
2026-08-26 02:00,159.046,159.053,158.875,158.949
2026-08-26 02:15,158.946,158.984,158.900,158.965
2026-08-26 02:30,158.970,159.036,158.960,158.984
2026-08-26 02:45,158.990,159.046,158.972,159.032
2026-08-26 03:00,159.038,159.039,158.988,159.022
2026-08-26 03:15,159.018,159.026,158.948,158.980
2026-08-26 03:30,158.975,158.989,158.893,158.948
2026-08-26 03:45,158.950,158.982,158.933,158.956
2026-08-26 04:00,158.952,159.005,158.936,158.997
2026-08-26 04:15,158.999,159.027,158.965,158.993
2026-08-26 04:30,158.993,159.006,158.957,158.987
2026-08-26 04:45,158.988,159.041,158.981,159.027
2026-08-26 05:00,159.033,159.050,159.010,159.023
2026-08-26 05:15,159.022,159.026,158.993,159.013
2026-08-26 05:30,159.013,159.019,158.957,158.964
2026-08-26 05:45,158.968,159.013,158.961,159.009
2026-08-26 06:00,159.007,159.092,159.000,159.073
2026-08-26 06:15,159.072,159.082,159.035,159.051
2026-08-26 06:30,159.057,159.123,159.041,159.082
2026-08-26 06:45,159.082,159.093,159.042,159.055
2026-08-26 07:00,159.050,159.062,158.958,158.995
2026-08-26 07:15,158.995,159.047,158.980,159.043
2026-08-26 07:30,159.037,159.046,158.985,159.005
2026-08-26 07:45,159.005,159.023,158.970,159.004
2026-08-26 08:00,159.012,159.015,158.935,158.965
2026-08-26 08:15,158.971,158.995,158.925,158.950
2026-08-26 08:30,158.950,159.007,158.948,158.988
2026-08-26 08:45,158.981,159.033,158.960,159.006
2026-08-26 09:00,159.006,159.057,158.993,159.020
2026-08-26 09:15,159.020,159.026,158.964,159.000
2026-08-26 09:30,158.999,159.006,158.966,158.967
2026-08-26 09:45,158.965,158.998,158.951,158.982
2026-08-26 10:00,158.985,159.011,158.978,159.010
2026-08-26 10:15,159.003,159.044,158.998,159.033
2026-08-26 10:30,159.028,159.065,159.010,159.057
2026-08-26 10:45,159.052,159.121,159.046,159.089
2026-08-26 11:00,159.087,159.114,159.054,159.095
2026-08-26 11:15,159.094,159.161,159.091,159.139
2026-08-26 11:30,159.139,159.157,159.108,159.127
2026-08-26 11:45,159.124,159.132,159.078,159.078
2026-08-26 12:00,159.078,159.087,159.028,159.055
2026-08-26 12:15,159.061,159.062,158.941,158.959
2026-08-26 12:30,158.941,159.174,158.888,159.136
2026-08-26 12:45,159.135,159.255,159.126,159.230
2026-08-26 13:00,159.230,159.324,159.226,159.272
2026-08-26 13:15,159.273,159.322,159.255,159.276
2026-08-26 13:30,159.276,159.370,159.257,159.357
2026-08-26 13:45,159.355,159.395,159.315,159.395
2026-08-26 14:00,159.390,159.422,159.357,159.388
2026-08-26 14:15,159.389,159.444,159.384,159.420
2026-08-26 14:30,159.413,159.443,159.341,159.365
2026-08-26 14:45,159.364,159.426,159.363,159.403
2026-08-26 15:00,159.403,159.413,159.335,159.364
2026-08-26 15:15,159.367,159.385,159.349,159.365
2026-08-26 15:30,159.370,159.377,159.318,159.353
2026-08-26 15:45,159.349,159.393,159.313,159.365
2026-08-26 16:00,159.362,159.372,159.321,159.324
2026-08-26 16:15,159.329,159.351,159.294,159.343
2026-08-26 16:30,159.345,159.388,159.338,159.376
2026-08-26 16:45,159.377,159.428,159.355,159.417
2026-08-26 17:00,159.412,159.427,159.385,159.405
2026-08-26 17:15,159.406,159.415,159.368,159.377
2026-08-26 17:30,159.371,159.391,159.356,159.383
2026-08-26 17:45,159.383,159.417,159.383,159.387
2026-08-26 18:00,159.388,159.403,159.368,159.378
2026-08-26 18:15,159.379,159.404,159.374,159.396
2026-08-26 18:30,159.395,159.417,159.395,159.402
2026-08-26 18:45,159.403,159.411,159.381,159.396
2026-08-26 19:00,159.396,159.412,159.357,159.364
2026-08-26 19:15,159.360,159.393,159.358,159.374
2026-08-26 19:30,159.374,159.382,159.319,159.348
2026-08-26 19:45,159.349,159.375,159.337,159.345
2026-08-26 20:00,159.341,159.363,159.333,159.344
2026-08-26 20:15,159.344,159.354,159.312,159.314
2026-08-26 20:30,159.315,159.325,159.285,159.288
2026-08-26 20:45,159.284,159.323,159.278,159.286
2026-08-26 21:00,159.274,159.276,159.226,159.248
2026-08-26 21:15,159.241,159.274,159.233,159.258
2026-08-26 21:30,159.254,159.275,159.231,159.274
2026-08-26 21:45,159.268,159.318,159.239,159.244
2026-08-26 22:00,159.262,159.333,159.241,159.293
2026-08-26 22:15,159.296,159.297,159.256,159.268
2026-08-26 22:30,159.261,159.281,159.246,159.246
2026-08-26 22:45,159.246,159.269,159.238,159.268
2026-08-26 23:00,159.258,159.270,159.218,159.224
2026-08-26 23:15,159.219,159.254,159.203,159.252
2026-08-26 23:30,159.246,159.254,159.229,159.248
2026-08-26 23:45,159.243,159.274,159.227,159.245
2026-08-27 00:00,159.249,159.255,159.126,159.141
2026-08-27 00:15,159.141,159.176,159.115,159.138
2026-08-27 00:30,159.143,159.164,159.108,159.140
2026-08-27 00:45,159.138,159.195,159.123,159.176
2026-08-27 01:00,159.177,159.208,159.160,159.168
2026-08-27 01:15,159.160,159.204,159.147,159.161
2026-08-27 01:30,159.155,159.282,159.126,159.225
2026-08-27 01:45,159.215,159.259,159.209,159.253
2026-08-27 02:00,159.246,159.305,159.244,159.303
2026-08-27 02:15,159.302,159.379,159.295,159.375
2026-08-27 02:30,159.367,159.400,159.316,159.338
2026-08-27 02:45,159.331,159.342,159.294,159.327
2026-08-27 03:00,159.333,159.348,159.301,159.308
2026-08-27 03:15,159.304,159.353,159.301,159.341
2026-08-27 03:30,159.341,159.374,159.338,159.352
2026-08-27 03:45,159.349,159.358,159.329,159.343
2026-08-27 04:00,159.342,159.354,159.325,159.352
2026-08-27 04:15,159.346,159.372,159.341,159.365
2026-08-27 04:30,159.363,159.384,159.351,159.358
2026-08-27 04:45,159.356,159.382,159.344,159.361
2026-08-27 05:00,159.355,159.386,159.325,159.339
2026-08-27 05:15,159.341,159.352,159.288,159.293
2026-08-27 05:30,159.291,159.329,159.279,159.312
2026-08-27 05:45,159.318,159.383,159.311,159.360
2026-08-27 06:00,159.360,159.390,159.337,159.346
2026-08-27 06:15,159.346,159.372,159.330,159.343
2026-08-27 06:30,159.343,159.382,159.342,159.344
2026-08-27 06:45,159.345,159.381,159.330,159.352
2026-08-27 07:00,159.352,159.359,159.280,159.294
2026-08-27 07:15,159.288,159.343,159.268,159.324
2026-08-27 07:30,159.324,159.358,159.304,159.330
2026-08-27 07:45,159.335,159.373,159.322,159.352
2026-08-27 08:00,159.352,159.368,159.283,159.317
2026-08-27 08:15,159.314,159.341,159.293,159.326
2026-08-27 08:30,159.325,159.349,159.283,159.301
2026-08-27 08:45,159.296,159.325,159.275,159.318
2026-08-27 09:00,159.319,159.361,159.305,159.347
2026-08-27 09:15,159.351,159.413,159.345,159.390
2026-08-27 09:30,159.395,159.490,159.388,159.480
2026-08-27 09:45,159.479,159.486,159.440,159.473
2026-08-27 10:00,159.471,159.490,159.441,159.448
2026-08-27 10:15,159.441,159.459,159.413,159.445
2026-08-27 10:30,159.449,159.526,159.445,159.468
2026-08-27 10:45,159.463,159.497,159.460,159.474
2026-08-27 11:00,159.471,159.498,159.463,159.472
2026-08-27 11:15,159.472,159.486,159.446,159.463
2026-08-27 11:30,159.461,159.474,159.417,159.467
2026-08-27 11:45,159.470,159.515,159.412,159.434
2026-08-27 12:00,159.434,159.443,159.374,159.410
2026-08-27 12:15,159.415,159.429,159.342,159.399
2026-08-27 12:30,159.400,159.445,159.365,159.417
2026-08-27 12:45,159.413,159.447,159.399,159.408
2026-08-27 13:00,159.410,159.454,159.369,159.443
2026-08-27 13:15,159.449,159.467,159.340,159.362
2026-08-27 13:30,159.362,159.397,159.343,159.389
2026-08-27 13:45,159.389,159.421,159.335,159.361
2026-08-27 14:00,159.363,159.375,159.290,159.344
2026-08-27 14:15,159.343,159.373,159.320,159.338
2026-08-27 14:30,159.338,159.346,159.282,159.336
2026-08-27 14:45,159.336,159.344,159.270,159.326
2026-08-27 15:00,159.331,159.331,159.270,159.321
2026-08-27 15:15,159.320,159.329,159.288,159.306
2026-08-27 15:30,159.306,159.315,159.270,159.274
2026-08-27 15:45,159.274,159.305,159.233,159.262
2026-08-27 16:00,159.258,159.293,159.246,159.259
2026-08-27 16:15,159.259,159.279,159.240,159.255
2026-08-27 16:30,159.254,159.275,159.240,159.266
2026-08-27 16:45,159.269,159.306,159.261,159.289
2026-08-27 17:00,159.289,159.325,159.260,159.319
2026-08-27 17:15,159.318,159.331,159.295,159.310
2026-08-27 17:30,159.305,159.369,159.305,159.358
2026-08-27 17:45,159.358,159.408,159.354,159.402
2026-08-27 18:00,159.400,159.460,159.396,159.417
2026-08-27 18:15,159.417,159.436,159.407,159.422
2026-08-27 18:30,159.418,159.438,159.416,159.429
2026-08-27 18:45,159.427,159.440,159.405,159.429
2026-08-27 19:00,159.428,159.438,159.395,159.433
2026-08-27 19:15,159.429,159.448,159.416,159.435
2026-08-27 19:30,159.430,159.441,159.406,159.414
2026-08-27 19:45,159.409,159.425,159.396,159.416
2026-08-27 20:00,159.412,159.422,159.392,159.397
2026-08-27 20:15,159.396,159.411,159.381,159.392
2026-08-27 20:30,159.391,159.396,159.375,159.379
2026-08-27 20:45,159.376,159.414,159.362,159.367
2026-08-27 21:00,159.376,159.410,159.304,159.402
2026-08-27 21:15,159.398,159.417,159.356,159.362
2026-08-27 21:30,159.371,159.386,159.356,159.383
2026-08-27 21:45,159.382,159.399,159.354,159.362
2026-08-27 22:00,159.362,159.387,159.347,159.359
2026-08-27 22:15,159.350,159.395,159.349,159.387
2026-08-27 22:30,159.380,159.393,159.360,159.377
2026-08-27 22:45,159.364,159.378,159.349,159.351
2026-08-27 23:00,159.350,159.372,159.345,159.350
2026-08-27 23:15,159.347,159.366,159.339,159.352
2026-08-27 23:30,159.352,159.374,159.327,159.334
2026-08-27 23:45,159.337,159.340,159.304,159.308
2026-08-28 00:00,159.307,159.360,159.292,159.341
2026-08-28 00:15,159.341,159.390,159.339,159.362
2026-08-28 00:30,159.360,159.373,159.326,159.344
2026-08-28 00:45,159.338,159.373,159.310,159.360
2026-08-28 01:00,159.365,159.384,159.332,159.343
2026-08-28 01:15,159.345,159.374,159.325,159.372
2026-08-28 01:30,159.367,159.399,159.342,159.396
2026-08-28 01:45,159.390,159.445,159.382,159.426
2026-08-28 02:00,159.426,159.457,159.424,159.443
2026-08-28 02:15,159.444,159.456,159.386,159.409
2026-08-28 02:30,159.407,159.449,159.406,159.441
2026-08-28 02:45,159.441,159.467,159.406,159.433
2026-08-28 03:00,159.436,159.464,159.428,159.455
2026-08-28 03:15,159.455,159.463,159.428,159.430
2026-08-28 03:30,159.436,159.460,159.429,159.431
2026-08-28 03:45,159.431,159.461,159.431,159.444
2026-08-28 04:00,159.444,159.479,159.444,159.466
2026-08-28 04:15,159.466,159.490,159.456,159.479
2026-08-28 04:30,159.479,159.499,159.466,159.475
2026-08-28 04:45,159.476,159.515,159.470,159.493
2026-08-28 05:00,159.493,159.554,159.492,159.544
2026-08-28 05:15,159.545,159.560,159.523,159.536
2026-08-28 05:30,159.536,159.552,159.515,159.544
2026-08-28 05:45,159.536,159.546,159.495,159.518
2026-08-28 06:00,159.523,159.542,159.505,159.523
2026-08-28 06:15,159.516,159.529,159.466,159.474
2026-08-28 06:30,159.474,159.507,159.440,159.449
2026-08-28 06:45,159.451,159.452,159.408,159.414
2026-08-28 07:00,159.415,159.472,159.404,159.457
2026-08-28 07:15,159.457,159.505,159.450,159.463
2026-08-28 07:30,159.462,159.488,159.435,159.487
2026-08-28 07:45,159.482,159.507,159.464,159.501
2026-08-28 08:00,159.502,159.572,159.495,159.569
2026-08-28 08:15,159.567,159.576,159.526,159.569
2026-08-28 08:30,159.565,159.575,159.520,159.544
2026-08-28 08:45,159.551,159.588,159.544,159.568
2026-08-28 09:00,159.568,159.636,159.564,159.624
2026-08-28 09:15,159.625,159.651,159.612,159.631
2026-08-28 09:30,159.632,159.668,159.628,159.657
2026-08-28 09:45,159.651,159.692,159.631,159.683
2026-08-28 10:00,159.683,159.694,159.655,159.674
2026-08-28 10:15,159.680,159.681,159.650,159.672
2026-08-28 10:30,159.667,159.674,159.631,159.655
2026-08-28 10:45,159.655,159.686,159.632,159.633
2026-08-28 11:00,159.633,159.671,159.627,159.650
2026-08-28 11:15,159.650,159.675,159.641,159.659
2026-08-28 11:30,159.659,159.682,159.650,159.668
2026-08-28 11:45,159.666,159.686,159.648,159.648
2026-08-28 12:00,159.648,159.679,159.631,159.654
2026-08-28 12:15,159.650,159.658,159.588,159.594
2026-08-28 12:30,159.594,159.642,159.591,159.606
2026-08-28 12:45,159.606,159.625,159.558,159.575
2026-08-28 13:00,159.570,159.642,159.560,159.635
2026-08-28 13:15,159.635,159.657,159.625,159.636
2026-08-28 13:30,159.632,159.661,159.604,159.649
2026-08-28 13:45,159.648,159.693,159.531,159.662
2026-08-28 14:00,159.640,159.883,159.385,159.875
2026-08-28 14:15,159.870,159.945,159.824,159.888
2026-08-28 14:30,159.882,159.910,159.837,159.863
2026-08-28 14:45,159.864,159.937,159.839,159.868
2026-08-28 15:00,159.872,159.978,159.825,159.960
2026-08-28 15:15,159.962,159.988,159.946,159.973
2026-08-28 15:30,159.978,160.059,159.963,160.040
2026-08-28 15:45,160.034,160.060,159.951,159.975
2026-08-28 16:00,159.975,160.091,159.954,160.064
2026-08-28 16:15,160.059,160.154,160.051,160.133
2026-08-28 16:30,160.136,160.198,160.110,160.190
2026-08-28 16:45,160.183,160.202,160.165,160.195
2026-08-28 17:00,160.189,160.201,160.132,160.155
2026-08-28 17:15,160.148,160.184,160.140,160.157
2026-08-28 17:30,160.157,160.202,160.152,160.192
2026-08-28 17:45,160.194,160.202,160.164,160.178
2026-08-28 18:00,160.176,160.191,160.138,160.167
2026-08-28 18:15,160.170,160.181,160.129,160.146
2026-08-28 18:30,160.148,160.180,160.143,160.155
2026-08-28 18:45,160.155,160.169,160.129,160.133
2026-08-28 19:00,160.137,160.148,160.074,160.113
2026-08-28 19:15,160.111,160.124,160.059,160.063
2026-08-28 19:30,160.062,160.103,160.062,160.081
2026-08-28 19:45,160.086,160.106,160.043,160.078
2026-08-28 20:00,160.081,160.097,160.061,160.082
2026-08-28 20:15,160.075,160.100,160.059,160.064
2026-08-28 20:30,160.060,160.140,160.057,160.122
2026-08-28 20:45,160.111,160.131,160.004,160.038
2026-08-30 23:00,160.104,160.201,160.102,160.168
2026-08-30 23:15,160.164,160.196,160.144,160.167
2026-08-30 23:30,160.160,160.168,160.108,160.138
2026-08-30 23:45,160.135,160.156,160.109,160.111
2026-08-31 00:00,160.114,160.117,159.969,160.002
2026-08-31 00:15,159.996,160.060,159.950,160.040
2026-08-31 00:30,160.040,160.053,159.985,160.036
2026-08-31 00:45,160.042,160.052,159.951,159.959
2026-08-31 01:00,159.960,159.981,159.921,159.955
2026-08-31 01:15,159.959,159.965,159.803,159.823
2026-08-31 01:30,159.821,159.865,159.748,159.802
2026-08-31 01:45,159.798,159.835,159.775,159.818
2026-08-31 02:00,159.818,159.844,159.782,159.789
2026-08-31 02:15,159.783,159.815,159.726,159.754
2026-08-31 02:30,159.753,159.815,159.744,159.784
2026-08-31 02:45,159.782,159.800,159.751,159.769
2026-08-31 03:00,159.768,159.792,159.745,159.772
2026-08-31 03:15,159.772,159.799,159.752,159.792
2026-08-31 03:30,159.792,159.843,159.781,159.819
2026-08-31 03:45,159.813,159.823,159.791,159.796
2026-08-31 04:00,159.796,159.803,159.740,159.760
2026-08-31 04:15,159.760,159.823,159.760,159.818
2026-08-31 04:30,159.815,159.831,159.750,159.763
2026-08-31 04:45,159.762,159.797,159.752,159.787
2026-08-31 05:00,159.785,159.808,159.770,159.775
2026-08-31 05:15,159.776,159.831,159.761,159.767
2026-08-31 05:30,159.774,159.826,159.767,159.819
2026-08-31 05:45,159.813,159.875,159.800,159.828
2026-08-31 06:00,159.823,159.859,159.801,159.811
2026-08-31 06:15,159.805,159.874,159.780,159.864
2026-08-31 06:30,159.856,159.915,159.839,159.848
2026-08-31 06:45,159.852,159.882,159.794,159.800
2026-08-31 07:00,159.795,159.819,159.668,159.678
2026-08-31 07:15,159.671,159.678,159.546,159.594
2026-08-31 07:30,159.588,159.643,159.539,159.620
2026-08-31 07:45,159.626,159.631,159.548,159.576
2026-08-31 08:00,159.575,159.591,159.470,159.570
2026-08-31 08:15,159.565,159.624,159.544,159.616
2026-08-31 08:30,159.615,159.667,159.607,159.656
2026-08-31 08:45,159.663,159.750,159.627,159.735
2026-08-31 09:00,159.737,159.756,159.696,159.704
2026-08-31 09:15,159.698,159.728,159.684,159.700
2026-08-31 09:30,159.694,159.767,159.694,159.723
2026-08-31 09:45,159.722,159.745,159.711,159.728
2026-08-31 10:00,159.735,159.742,159.698,159.716
2026-08-31 10:15,159.721,159.777,159.716,159.730
2026-08-31 10:30,159.725,159.753,159.712,159.736
2026-08-31 10:45,159.736,159.747,159.700,159.721
2026-08-31 11:00,159.721,159.733,159.670,159.671
2026-08-31 11:15,159.671,159.678,159.616,159.620
2026-08-31 11:30,159.620,159.682,159.600,159.667
2026-08-31 11:45,159.671,159.710,159.663,159.707
2026-08-31 12:00,159.702,159.763,159.675,159.699
2026-08-31 12:15,159.697,159.776,159.673,159.776
2026-08-31 12:30,159.770,159.853,159.763,159.825
2026-08-31 12:45,159.819,159.885,159.815,159.875
2026-08-31 13:00,159.878,159.896,159.841,159.857
2026-08-31 13:15,159.858,159.868,159.760,159.786
2026-08-31 13:30,159.784,159.843,159.775,159.834
2026-08-31 13:45,159.835,159.872,159.810,159.824
2026-08-31 14:00,159.825,159.856,159.798,159.805
2026-08-31 14:15,159.802,159.822,159.753,159.778
2026-08-31 14:30,159.784,159.807,159.593,159.720
2026-08-31 14:45,159.721,159.761,159.634,159.703
2026-08-31 15:00,159.707,159.766,159.678,159.740
2026-08-31 15:15,159.736,159.800,159.726,159.749
2026-08-31 15:30,159.751,159.773,159.713,159.731
2026-08-31 15:45,159.725,159.756,159.688,159.743
2026-08-31 16:00,159.740,159.742,159.675,159.686
2026-08-31 16:15,159.686,159.706,159.660,159.687
2026-08-31 16:30,159.693,159.732,159.684,159.701
2026-08-31 16:45,159.701,159.711,159.663,159.676
2026-08-31 17:00,159.680,159.706,159.672,159.679
2026-08-31 17:15,159.678,159.699,159.664,159.690
2026-08-31 17:30,159.691,159.721,159.683,159.693
2026-08-31 17:45,159.690,159.709,159.662,159.687
2026-08-31 18:00,159.689,159.711,159.671,159.687
2026-08-31 18:15,159.684,159.723,159.677,159.709
2026-08-31 18:30,159.709,159.794,159.708,159.785
2026-08-31 18:45,159.786,159.815,159.751,159.793
2026-08-31 19:00,159.795,159.814,159.742,159.765
2026-08-31 19:15,159.765,159.776,159.713,159.726
2026-08-31 19:30,159.730,159.795,159.703,159.787
2026-08-31 19:45,159.784,159.799,159.742,159.745
2026-08-31 20:00,159.747,159.753,159.718,159.738
2026-08-31 20:15,159.740,159.756,159.736,159.746
2026-08-31 20:30,159.747,159.774,159.743,159.753
2026-08-31 20:45,159.746,159.760,159.716,159.726
2026-08-31 21:00,159.725,159.764,159.699,159.760
2026-08-31 21:15,159.760,159.764,159.734,159.741
2026-08-31 21:30,159.741,159.765,159.734,159.752
2026-08-31 21:45,159.740,159.759,159.702,159.707
2026-08-31 22:00,159.709,159.784,159.694,159.741
2026-08-31 22:15,159.748,159.768,159.736,159.742
2026-08-31 22:30,159.749,159.782,159.738,159.767
2026-08-31 22:45,159.777,159.781,159.763,159.768
2026-08-31 23:00,159.768,159.829,159.767,159.829
2026-08-31 23:15,159.820,159.830,159.783,159.791
2026-08-31 23:30,159.794,159.809,159.755,159.769
2026-08-31 23:45,159.762,159.777,159.734,159.750
2026-09-01 00:00,159.744,159.837,159.695,159.700
2026-09-01 00:15,159.700,159.742,159.628,159.659
2026-09-01 00:30,159.659,159.756,159.651,159.751
2026-09-01 00:45,159.743,159.813,159.725,159.797
2026-09-01 01:00,159.792,159.813,159.757,159.800
2026-09-01 01:15,159.799,159.850,159.792,159.808
2026-09-01 01:30,159.808,159.837,159.763,159.772
2026-09-01 01:45,159.772,159.821,159.698,159.754
2026-09-01 02:00,159.745,159.845,159.745,159.796
2026-09-01 02:15,159.799,159.824,159.758,159.761
2026-09-01 02:30,159.761,159.812,159.761,159.780
2026-09-01 02:45,159.778,159.813,159.777,159.780
2026-09-01 03:00,159.780,159.813,159.776,159.783
2026-09-01 03:15,159.780,159.802,159.763,159.787
2026-09-01 03:30,159.786,159.812,159.776,159.777
2026-09-01 03:45,159.777,159.811,159.776,159.799
2026-09-01 04:00,159.806,159.844,159.795,159.828
2026-09-01 04:15,159.821,159.862,159.800,159.839
2026-09-01 04:30,159.839,159.867,159.827,159.846
2026-09-01 04:45,159.846,159.882,159.841,159.866
2026-09-01 05:00,159.866,159.875,159.837,159.873
2026-09-01 05:15,159.869,159.905,159.864,159.872
2026-09-01 05:30,159.865,159.897,159.825,159.834
2026-09-01 05:45,159.834,159.886,159.822,159.874
2026-09-01 06:00,159.880,159.925,159.860,159.918
2026-09-01 06:15,159.918,159.956,159.903,159.942
2026-09-01 06:30,159.942,159.982,159.938,159.971
2026-09-01 06:45,159.969,159.982,159.928,159.946
2026-09-01 07:00,159.940,159.977,159.914,159.941
2026-09-01 07:15,159.948,159.991,159.941,159.984
2026-09-01 07:30,159.978,160.023,159.976,160.013
2026-09-01 07:45,160.013,160.020,159.967,159.979
2026-09-01 08:00,159.979,160.024,159.927,159.977
2026-09-01 08:15,159.977,160.012,159.955,159.985
2026-09-01 08:30,159.983,159.991,159.945,159.962
2026-09-01 08:45,159.961,159.962,159.918,159.921
2026-09-01 09:00,159.920,159.945,159.891,159.891
2026-09-01 09:15,159.892,159.974,159.886,159.968
2026-09-01 09:30,159.968,159.979,159.950,159.972
2026-09-01 09:45,159.967,160.061,159.967,160.049
2026-09-01 10:00,160.049,160.065,160.002,160.033
2026-09-01 10:15,160.038,160.039,159.975,160.001
2026-09-01 10:30,160.007,160.072,160.001,160.068
2026-09-01 10:45,160.068,160.113,160.067,160.083
2026-09-01 11:00,160.086,160.139,160.083,160.127
2026-09-01 11:15,160.129,160.148,159.983,160.063
2026-09-01 11:30,160.059,160.087,160.038,160.046
2026-09-01 11:45,160.046,160.127,160.033,160.108
2026-09-01 12:00,160.108,160.176,160.106,160.142
2026-09-01 12:15,160.142,160.167,160.112,160.161
2026-09-01 12:30,160.161,160.209,160.128,160.169
2026-09-01 12:45,160.171,160.175,160.010,160.101
2026-09-01 13:00,160.102,160.163,160.098,160.112
2026-09-01 13:15,160.111,160.121,160.070,160.082
2026-09-01 13:30,160.087,160.087,160.020,160.029
2026-09-01 13:45,160.029,160.095,159.992,159.992
2026-09-01 14:00,160.004,160.078,159.912,159.981
2026-09-01 14:15,159.983,160.005,159.888,159.949
2026-09-01 14:30,159.948,160.021,159.891,160.003
2026-09-01 14:45,160.003,160.090,159.980,160.071
2026-09-01 15:00,160.066,160.094,160.033,160.055
2026-09-01 15:15,160.056,160.108,160.040,160.073
2026-09-01 15:30,160.077,160.094,160.039,160.039
2026-09-01 15:45,160.041,160.066,160.013,160.028
2026-09-01 16:00,160.026,160.078,160.000,160.069
2026-09-01 16:15,160.068,160.163,160.054,160.157
2026-09-01 16:30,160.161,160.177,160.097,160.125
2026-09-01 16:45,160.128,160.173,160.115,160.161
2026-09-01 17:00,160.161,160.176,160.141,160.163
2026-09-01 17:15,160.163,160.209,160.160,160.168
2026-09-01 17:30,160.167,160.216,160.142,160.206
2026-09-01 17:45,160.210,160.248,160.203,160.238
2026-09-01 18:00,160.241,160.248,160.193,160.236
2026-09-01 18:15,160.236,160.247,160.224,160.235
2026-09-01 18:30,160.234,160.272,160.232,160.255
2026-09-01 18:45,160.249,160.258,160.186,160.198
2026-09-01 19:00,160.199,160.220,160.172,160.187
2026-09-01 19:15,160.192,160.230,160.180,160.225
2026-09-01 19:30,160.225,160.242,160.182,160.235
2026-09-01 19:45,160.236,160.249,160.215,160.220
2026-09-01 20:00,160.220,160.244,160.204,160.236
2026-09-01 20:15,160.232,160.241,160.189,160.198
2026-09-01 20:30,160.190,160.223,160.178,160.191
2026-09-01 20:45,160.191,160.203,160.152,160.163
2026-09-01 21:00,160.141,160.185,160.123,160.146
2026-09-01 21:15,160.139,160.164,160.128,160.136
2026-09-01 21:30,160.136,160.188,160.136,160.151
2026-09-01 21:45,160.177,160.177,160.094,160.140
2026-09-01 22:00,160.136,160.178,160.114,160.149
2026-09-01 22:15,160.149,160.182,160.149,160.172
2026-09-01 22:30,160.167,160.198,160.151,160.191
2026-09-01 22:45,160.190,160.208,160.179,160.193
2026-09-01 23:00,160.194,160.234,160.194,160.208
2026-09-01 23:15,160.208,160.220,160.188,160.204
2026-09-01 23:30,160.194,160.208,160.147,160.171
2026-09-01 23:45,160.166,160.212,160.164,160.193
2026-09-02 00:00,160.194,160.233,160.135,160.197
2026-09-02 00:15,160.197,160.219,160.129,160.187
2026-09-02 00:30,160.188,160.250,160.160,160.181
2026-09-02 00:45,160.178,160.293,160.173,160.284
2026-09-02 01:00,160.284,160.323,160.274,160.283
2026-09-02 01:15,160.283,160.304,160.261,160.274
2026-09-02 01:30,160.277,160.348,160.268,160.345
2026-09-02 01:45,160.344,160.394,160.335,160.365
2026-09-02 02:00,160.365,160.394,160.320,160.332
2026-09-02 02:15,160.332,160.352,160.307,160.314
2026-09-02 02:30,160.308,160.317,160.240,160.257
2026-09-02 02:45,160.257,160.282,160.250,160.258
2026-09-02 03:00,160.258,160.271,160.220,160.260
2026-09-02 03:15,160.260,160.273,160.244,160.251
2026-09-02 03:30,160.252,160.258,160.199,160.214
2026-09-02 03:45,160.210,160.238,160.194,160.206
2026-09-02 04:00,160.206,160.213,160.158,160.182
2026-09-02 04:15,160.182,160.217,160.160,160.200
2026-09-02 04:30,160.195,160.209,160.148,160.150
2026-09-02 04:45,160.150,160.164,160.030,160.104
2026-09-02 05:00,160.103,160.133,160.001,160.034
2026-09-02 05:15,160.034,160.068,159.948,159.970
2026-09-02 05:30,159.976,160.003,159.912,159.944
2026-09-02 05:45,159.945,159.952,159.793,159.824
2026-09-02 06:00,159.817,159.819,159.427,159.537
2026-09-02 06:15,159.530,159.707,159.529,159.634
2026-09-02 06:30,159.633,159.661,159.494,159.501
2026-09-02 06:45,159.505,159.645,159.458,159.595
2026-09-02 07:00,159.590,159.734,159.590,159.702
2026-09-02 07:15,159.696,159.768,159.604,159.658
2026-09-02 07:30,159.657,159.672,159.542,159.652
2026-09-02 07:45,159.651,159.705,159.614,159.687
2026-09-02 08:00,159.687,159.725,159.650,159.714
2026-09-02 08:15,159.712,159.764,159.638,159.663
2026-09-02 08:30,159.664,159.737,159.647,159.717
2026-09-02 08:45,159.723,159.855,159.704,159.846
2026-09-02 09:00,159.846,159.882,159.803,159.811
2026-09-02 09:15,159.816,159.863,159.767,159.838
2026-09-02 09:30,159.831,159.861,159.797,159.857
2026-09-02 09:45,159.853,159.869,159.810,159.853
2026-09-02 10:00,159.854,159.889,159.835,159.862
2026-09-02 10:15,159.867,159.892,159.850,159.886
2026-09-02 10:30,159.886,159.908,159.850,159.883
2026-09-02 10:45,159.883,159.922,159.878,159.888
2026-09-02 11:00,159.888,159.905,159.777,159.808
2026-09-02 11:15,159.812,159.830,159.741,159.764
2026-09-02 11:30,159.764,159.771,159.616,159.704
2026-09-02 11:45,159.701,159.741,159.614,159.630
2026-09-02 12:00,159.630,159.638,159.528,159.614
2026-09-02 12:15,159.602,159.655,159.493,159.624
2026-09-02 12:30,159.622,159.698,159.621,159.679
2026-09-02 12:45,159.676,159.711,159.582,159.587
2026-09-02 13:00,159.586,159.616,159.524,159.589
2026-09-02 13:15,159.583,159.602,158.194,158.851
2026-09-02 13:30,158.846,159.048,158.533,158.580
2026-09-02 13:45,158.589,158.809,158.484,158.566
2026-09-02 14:00,158.561,158.793,158.547,158.676
2026-09-02 14:15,158.684,158.821,158.646,158.714
2026-09-02 14:30,158.718,158.808,158.497,158.777
2026-09-02 14:45,158.771,158.857,158.636,158.743
2026-09-02 15:00,158.738,158.810,158.662,158.693
2026-09-02 15:15,158.687,158.716,158.616,158.653
2026-09-02 15:30,158.657,158.800,158.601,158.789
2026-09-02 15:45,158.795,158.825,158.751,158.792
2026-09-02 16:00,158.793,158.855,158.778,158.794
2026-09-02 16:15,158.795,158.875,158.783,158.868
2026-09-02 16:30,158.871,158.883,158.804,158.836
2026-09-02 16:45,158.833,158.850,158.790,158.842
2026-09-02 17:00,158.843,158.899,158.813,158.875
2026-09-02 17:15,158.873,158.964,158.872,158.931
2026-09-02 17:30,158.937,158.956,158.873,158.918
2026-09-02 17:45,158.918,158.932,158.765,158.873
2026-09-02 18:00,158.874,158.946,158.836,158.933
2026-09-02 18:15,158.933,158.975,158.820,158.938
2026-09-02 18:30,158.931,158.971,158.891,158.968
2026-09-02 18:45,158.969,158.972,158.912,158.931
2026-09-02 19:00,158.937,159.013,158.914,158.979
2026-09-02 19:15,158.977,158.980,158.909,158.921
2026-09-02 19:30,158.916,158.945,158.877,158.886
2026-09-02 19:45,158.886,158.901,158.751,158.762
2026-09-02 20:00,158.762,158.784,158.605,158.634
2026-09-02 20:15,158.634,158.720,158.631,158.686
2026-09-02 20:30,158.693,158.719,158.674,158.693
2026-09-02 20:45,158.693,158.729,158.677,158.695
2026-09-02 21:00,158.674,158.686,158.647,158.667
2026-09-02 21:15,158.663,158.700,158.627,158.655
2026-09-02 21:30,158.655,158.710,158.654,158.682
2026-09-02 21:45,158.688,158.722,158.647,158.663
2026-09-02 22:00,158.674,158.745,158.656,158.726
2026-09-02 22:15,158.724,158.796,158.714,158.757
2026-09-02 22:30,158.756,158.785,158.746,158.777
2026-09-02 22:45,158.777,158.840,158.741,158.789
2026-09-02 23:00,158.768,158.867,158.751,158.850
2026-09-02 23:15,158.850,158.859,158.788,158.826
2026-09-02 23:30,158.820,158.886,158.817,158.885
2026-09-02 23:45,158.877,158.935,158.873,158.902
2026-09-03 00:00,158.893,158.956,158.820,158.947
2026-09-03 00:15,158.937,158.968,158.803,158.815
2026-09-03 00:30,158.823,158.827,158.635,158.695
2026-09-03 00:45,158.695,158.728,158.542,158.708
2026-09-03 01:00,158.706,158.726,158.576,158.590
2026-09-03 01:15,158.599,158.624,158.408,158.408
2026-09-03 01:30,158.408,158.423,158.218,158.370
2026-09-03 01:45,158.359,158.529,158.344,158.508
2026-09-03 02:00,158.500,158.529,158.307,158.310
2026-09-03 02:15,158.318,158.349,158.067,158.090
2026-09-03 02:30,158.082,158.119,157.945,158.107
2026-09-03 02:45,158.107,158.157,157.910,158.022
2026-09-03 03:00,158.033,158.033,157.616,157.735
2026-09-03 03:15,157.743,157.839,157.684,157.794
2026-09-03 03:30,157.786,157.917,157.758,157.838
2026-09-03 03:45,157.835,157.856,157.724,157.768
2026-09-03 04:00,157.765,157.872,157.745,157.764
2026-09-03 04:15,157.765,157.810,157.697,157.700
2026-09-03 04:30,157.700,157.721,157.536,157.628
2026-09-03 04:45,157.629,157.759,157.596,157.679
2026-09-03 05:00,157.679,157.786,157.663,157.738
2026-09-03 05:15,157.746,157.749,157.547,157.605
2026-09-03 05:30,157.605,157.682,157.526,157.635
2026-09-03 05:45,157.632,157.637,157.361,157.369
2026-09-03 06:00,157.365,157.436,157.240,157.301
2026-09-03 06:15,157.295,157.366,157.218,157.234
2026-09-03 06:30,157.241,157.333,157.122,157.140
2026-09-03 06:45,157.146,157.189,156.994,157.125
2026-09-03 07:00,157.123,157.130,156.343,156.756
2026-09-03 07:15,156.757,156.794,156.545,156.778
2026-09-03 07:30,156.780,157.361,156.552,157.118
2026-09-03 07:45,157.121,157.255,157.015,157.050
2026-09-03 08:00,157.040,157.145,156.802,156.982
2026-09-03 08:15,156.961,157.086,156.870,156.879
2026-09-03 08:30,156.882,156.989,156.748,156.749
2026-09-03 08:45,156.750,156.764,156.524,156.698
2026-09-03 09:00,156.694,156.855,156.493,156.597
2026-09-03 09:15,156.584,156.608,156.403,156.491
2026-09-03 09:30,156.495,156.583,156.306,156.344
2026-09-03 09:45,156.357,156.435,156.188,156.409
2026-09-03 10:00,156.401,156.420,156.168,156.390
2026-09-03 10:15,156.392,156.473,156.202,156.262
2026-09-03 10:30,156.258,156.477,156.250,156.415
2026-09-03 10:45,156.414,156.441,156.271,156.317
2026-09-03 11:00,156.318,156.365,156.015,156.040
2026-09-03 11:15,156.037,156.100,155.830,156.089
2026-09-03 11:30,156.099,156.246,156.046,156.194
2026-09-03 11:45,156.200,156.244,156.075,156.088
2026-09-03 12:00,156.084,156.160,155.914,155.932
2026-09-03 12:15,155.936,155.963,155.698,155.738
2026-09-03 12:30,155.781,155.828,155.512,155.560
2026-09-03 12:45,155.554,155.619,155.386,155.559
2026-09-03 13:00,155.563,155.742,155.536,155.649
2026-09-03 13:15,155.655,155.695,155.501,155.600
2026-09-03 13:30,155.605,155.729,155.588,155.615
2026-09-03 13:45,155.618,155.703,155.368,155.377
2026-09-03 14:00,155.379,155.551,155.336,155.394
2026-09-03 14:15,155.399,155.574,155.369,155.530
2026-09-03 14:30,155.530,155.783,155.477,155.714
2026-09-03 14:45,155.714,155.723,155.386,155.416
2026-09-03 15:00,155.420,155.659,155.344,155.612
2026-09-03 15:15,155.606,155.751,155.547,155.579
2026-09-03 15:30,155.579,155.589,155.420,155.424
2026-09-03 15:45,155.424,155.517,155.365,155.388
2026-09-03 16:00,155.384,155.441,155.324,155.337
2026-09-03 16:15,155.332,155.415,155.325,155.400
2026-09-03 16:30,155.399,155.399,155.302,155.327
2026-09-03 16:45,155.323,155.367,155.294,155.351
2026-09-03 17:00,155.351,155.491,155.346,155.430
2026-09-03 17:15,155.424,155.481,155.384,155.400
2026-09-03 17:30,155.400,155.454,155.378,155.415
2026-09-03 17:45,155.410,155.470,155.393,155.463
2026-09-03 18:00,155.465,155.469,155.384,155.429
2026-09-03 18:15,155.430,155.487,155.399,155.439
2026-09-03 18:30,155.436,155.552,155.431,155.534
2026-09-03 18:45,155.536,155.581,155.486,155.495
2026-09-03 19:00,155.489,155.712,155.476,155.700
2026-09-03 19:15,155.698,155.783,155.677,155.763
2026-09-03 19:30,155.764,155.851,155.725,155.762
2026-09-03 19:45,155.763,155.773,155.689,155.749
2026-09-03 20:00,155.749,155.784,155.722,155.779
2026-09-03 20:15,155.772,155.796,155.743,155.755
2026-09-03 20:30,155.760,155.803,155.750,155.798
2026-09-03 20:45,155.797,155.815,155.771,155.805
2026-09-03 21:00,155.779,155.832,155.769,155.825
2026-09-03 21:15,155.826,155.890,155.801,155.884
2026-09-03 21:30,155.881,155.888,155.794,155.853
2026-09-03 21:45,155.852,155.859,155.809,155.848
2026-09-03 22:00,155.848,155.871,155.774,155.819
2026-09-03 22:15,155.818,155.881,155.818,155.857
2026-09-03 22:30,155.856,155.966,155.854,155.928
2026-09-03 22:45,155.927,156.123,155.920,156.121
2026-09-03 23:00,156.108,156.167,156.016,156.069
2026-09-03 23:15,156.057,156.088,155.961,155.964
2026-09-03 23:30,155.962,155.975,155.757,155.848
2026-09-03 23:45,155.845,155.853,155.620,155.634
2026-09-04 00:00,155.634,155.678,155.282,155.565
2026-09-04 00:15,155.565,155.853,155.564,155.853
2026-09-04 00:30,155.843,155.956,155.669,155.758
2026-09-04 00:45,155.767,155.773,155.530,155.763
2026-09-04 01:00,155.761,155.907,155.668,155.891
2026-09-04 01:15,155.902,156.040,155.818,155.904
2026-09-04 01:30,155.904,156.077,155.871,156.034
2026-09-04 01:45,156.028,156.048,155.847,155.848
2026-09-04 02:00,155.848,155.936,155.769,155.908
2026-09-04 02:15,155.906,156.051,155.866,155.987
2026-09-04 02:30,155.990,156.058,155.917,155.985
2026-09-04 02:45,155.979,156.095,155.942,156.061
2026-09-04 03:00,156.065,156.116,156.033,156.049
2026-09-04 03:15,156.049,156.106,156.028,156.092
2026-09-04 03:30,156.092,156.395,156.091,156.384
2026-09-04 03:45,156.384,156.441,156.315,156.365
2026-09-04 04:00,156.358,156.369,156.268,156.355
2026-09-04 04:15,156.361,156.448,156.345,156.363
2026-09-04 04:30,156.362,156.387,156.248,156.263
2026-09-04 04:45,156.266,156.360,156.259,156.320
2026-09-04 05:00,156.317,156.418,156.256,156.266
2026-09-04 05:15,156.259,156.366,156.230,156.298
2026-09-04 05:30,156.295,156.348,156.272,156.338
2026-09-04 05:45,156.338,156.417,156.297,156.328
2026-09-04 06:00,156.328,156.447,156.184,156.228
2026-09-04 06:15,156.218,156.338,156.167,156.175
2026-09-04 06:30,156.182,156.243,156.088,156.128
2026-09-04 06:45,156.132,156.287,156.075,156.276
2026-09-04 07:00,156.270,156.393,156.245,156.377
2026-09-04 07:15,156.370,156.412,156.268,156.273
2026-09-04 07:30,156.273,156.345,156.235,156.260
2026-09-04 07:45,156.257,156.346,156.208,156.297
2026-09-04 08:00,156.303,156.403,156.292,156.364
2026-09-04 08:15,156.369,156.392,156.304,156.315
2026-09-04 08:30,156.320,156.387,156.284,156.350
2026-09-04 08:45,156.347,156.437,156.319,156.410
2026-09-04 09:00,156.408,156.440,156.335,156.353
2026-09-04 09:15,156.352,156.393,156.300,156.372
2026-09-04 09:30,156.368,156.581,156.368,156.540
2026-09-04 09:45,156.536,156.541,156.440,156.479
2026-09-04 10:00,156.472,156.483,156.379,156.380
2026-09-04 10:15,156.380,156.406,156.295,156.332
2026-09-04 10:30,156.331,156.395,156.280,156.347
2026-09-04 10:45,156.352,156.359,156.275,156.323
2026-09-04 11:00,156.320,156.367,156.255,156.275
2026-09-04 11:15,156.279,156.326,156.254,156.287
2026-09-04 11:30,156.287,156.313,156.247,156.247
2026-09-04 11:45,156.247,156.269,156.170,156.259
2026-09-04 12:00,156.262,156.274,156.191,156.206
2026-09-04 12:15,156.206,156.228,155.960,156.008
2026-09-04 12:30,156.011,156.752,155.981,156.310
2026-09-04 12:45,156.308,156.455,155.342,155.685
2026-09-04 13:00,155.684,156.145,155.671,156.068
2026-09-04 13:15,156.064,156.077,155.594,155.606
2026-09-04 13:30,155.612,155.839,155.478,155.721
2026-09-04 13:45,155.720,155.902,155.606,155.841
2026-09-04 14:00,155.839,156.150,155.828,156.080
2026-09-04 14:15,156.077,156.148,155.983,156.037
2026-09-04 14:30,156.037,156.055,155.854,155.987
2026-09-04 14:45,155.982,156.196,155.964,156.119
2026-09-04 15:00,156.118,156.171,155.951,155.954
2026-09-04 15:15,155.955,156.062,155.926,156.049
2026-09-04 15:30,156.055,156.101,155.996,156.070
2026-09-04 15:45,156.069,156.124,155.977,156.107
2026-09-04 16:00,156.109,156.136,156.035,156.078
2026-09-04 16:15,156.081,156.103,155.992,156.078
2026-09-04 16:30,156.084,156.093,156.018,156.044
2026-09-04 16:45,156.044,156.103,155.964,155.991
2026-09-04 17:00,156.024,156.193,155.986,156.100
2026-09-04 17:15,156.097,156.143,156.052,156.116
2026-09-04 17:30,156.116,156.124,156.048,156.120
2026-09-04 17:45,156.114,156.153,156.080,156.138
2026-09-04 18:00,156.138,156.163,156.114,156.138
2026-09-04 18:15,156.138,156.186,156.130,156.183
2026-09-04 18:30,156.176,156.246,156.156,156.228
2026-09-04 18:45,156.234,156.283,156.217,156.217
2026-09-04 19:00,156.219,156.245,156.209,156.222
2026-09-04 19:15,156.225,156.236,156.192,156.216
2026-09-04 19:30,156.224,156.250,156.205,156.219
2026-09-04 19:45,156.212,156.258,156.211,156.231
2026-09-04 20:00,156.231,156.274,156.226,156.259
2026-09-04 20:15,156.253,156.274,156.169,156.227
2026-09-04 20:30,156.232,156.276,156.218,156.222
2026-09-04 20:45,156.219,156.263,156.198,156.221
2026-09-06 23:00,156.208,156.224,156.110,156.118
2026-09-06 23:15,156.115,156.149,156.098,156.125
2026-09-06 23:30,156.123,156.158,156.083,156.157
2026-09-06 23:45,156.152,156.244,156.145,156.198
2026-09-07 00:00,156.198,156.259,156.094,156.127
2026-09-07 00:15,156.118,156.155,155.884,155.892
2026-09-07 00:30,155.901,155.914,155.795,155.880
2026-09-07 00:45,155.888,155.967,155.833,155.889
2026-09-07 01:00,155.882,155.982,155.844,155.951
2026-09-07 01:15,155.947,156.075,155.927,156.028
2026-09-07 01:30,156.029,156.125,156.015,156.050
2026-09-07 01:45,156.050,156.097,155.981,156.027
2026-09-07 02:00,156.033,156.185,156.014,156.176
2026-09-07 02:15,156.177,156.205,156.121,156.122
2026-09-07 02:30,156.125,156.241,156.098,156.228
2026-09-07 02:45,156.222,156.245,156.178,156.185
2026-09-07 03:00,156.185,156.215,156.125,156.126
2026-09-07 03:15,156.130,156.144,156.043,156.059
2026-09-07 03:30,156.052,156.144,156.047,156.115
2026-09-07 03:45,156.111,156.136,156.035,156.045
2026-09-07 04:00,156.048,156.154,156.039,156.138
2026-09-07 04:15,156.141,156.173,156.116,156.160
2026-09-07 04:30,156.168,156.174,156.063,156.079
2026-09-07 04:45,156.075,156.111,156.024,156.039
2026-09-07 05:00,156.051,156.085,156.010,156.068
2026-09-07 05:15,156.068,156.100,156.031,156.032
2026-09-07 05:30,156.032,156.051,155.955,155.991
2026-09-07 05:45,155.990,156.016,155.778,155.797
2026-09-07 06:00,155.800,155.908,155.788,155.856
2026-09-07 06:15,155.848,155.873,155.533,155.687
2026-09-07 06:30,155.692,155.734,155.617,155.705
2026-09-07 06:45,155.701,155.873,155.701,155.862
2026-09-07 07:00,155.870,155.905,155.810,155.861
2026-09-07 07:15,155.856,155.890,155.657,155.660
2026-09-07 07:30,155.656,155.807,155.641,155.802
2026-09-07 07:45,155.795,155.818,155.515,155.544
2026-09-07 08:00,155.547,155.573,154.531,154.707
2026-09-07 08:15,154.700,154.815,154.121,154.156
2026-09-07 08:30,154.134,154.490,154.048,154.432
2026-09-07 08:45,154.433,154.570,154.237,154.455
2026-09-07 09:00,154.460,154.518,154.332,154.453
2026-09-07 09:15,154.458,154.495,154.211,154.237
2026-09-07 09:30,154.244,154.438,154.234,154.394
2026-09-07 09:45,154.388,154.569,154.362,154.496
2026-09-07 10:00,154.499,154.605,154.455,154.589
2026-09-07 10:15,154.595,154.704,154.567,154.669
2026-09-07 10:30,154.669,154.751,154.637,154.694
2026-09-07 10:45,154.694,154.707,154.575,154.646
2026-09-07 11:00,154.642,154.772,154.638,154.718
2026-09-07 11:15,154.720,154.763,154.646,154.657
2026-09-07 11:30,154.652,154.697,154.603,154.663
2026-09-07 11:45,154.667,154.733,154.642,154.727
2026-09-07 12:00,154.723,154.773,154.696,154.766
2026-09-07 12:15,154.762,154.807,154.466,154.477
2026-09-07 12:30,154.474,154.508,154.253,154.254
2026-09-07 12:45,154.256,154.496,154.242,154.480
2026-09-07 13:00,154.482,154.543,154.352,154.370
2026-09-07 13:15,154.371,154.497,154.366,154.466
2026-09-07 13:30,154.461,154.530,154.378,154.434
2026-09-07 13:45,154.434,154.583,154.392,154.508
2026-09-07 14:00,154.508,154.636,154.449,154.483
2026-09-07 14:15,154.486,154.507,154.343,154.361
2026-09-07 14:30,154.360,154.412,154.292,154.389
2026-09-07 14:45,154.388,154.467,154.264,154.284
2026-09-07 15:00,154.283,154.415,154.279,154.344
2026-09-07 15:15,154.338,154.382,154.249,154.263
2026-09-07 15:30,154.267,154.363,154.223,154.318
2026-09-07 15:45,154.315,154.440,154.315,154.389
2026-09-07 16:00,154.385,154.430,154.361,154.387
2026-09-07 16:15,154.378,154.412,154.355,154.367
2026-09-07 16:30,154.367,154.374,154.270,154.276
2026-09-07 16:45,154.271,154.340,154.271,154.286
2026-09-07 17:00,154.288,154.337,154.283,154.301
2026-09-07 17:15,154.307,154.335,154.301,154.318
2026-09-07 17:30,154.318,154.358,154.318,154.348
2026-09-07 17:45,154.347,154.388,154.342,154.346
2026-09-07 18:00,154.346,154.363,154.338,154.355
2026-09-07 18:15,154.353,154.357,154.340,154.353
2026-09-07 18:30,154.348,154.360,154.340,154.341
2026-09-07 18:45,154.341,154.360,154.331,154.334
2026-09-07 19:00,154.332,154.368,154.331,154.356
2026-09-07 19:15,154.353,154.378,154.328,154.336
2026-09-07 19:30,154.333,154.376,154.331,154.359
2026-09-07 19:45,154.362,154.374,154.350,154.351
2026-09-07 20:00,154.350,154.377,154.338,154.366
2026-09-07 20:15,154.368,154.386,154.348,154.352
2026-09-07 20:30,154.356,154.376,154.327,154.368
2026-09-07 20:45,154.364,154.377,154.302,154.344
2026-09-07 21:00,154.347,154.347,154.317,154.341
2026-09-07 21:15,154.338,154.345,154.277,154.311
2026-09-07 21:30,154.301,154.379,154.301,154.354
2026-09-07 21:45,154.352,154.361,154.314,154.329
2026-09-07 22:00,154.328,154.374,154.290,154.360
2026-09-07 22:15,154.361,154.363,154.148,154.158
2026-09-07 22:30,154.158,154.252,154.148,154.228
2026-09-07 22:45,154.228,154.263,154.145,154.165
2026-09-07 23:00,154.150,154.167,153.936,153.961
2026-09-07 23:15,153.959,154.045,153.791,153.938
2026-09-07 23:30,153.945,154.040,153.854,153.897
2026-09-07 23:45,153.893,154.006,153.795,153.818
2026-09-08 00:00,153.827,153.893,153.593,153.725
2026-09-08 00:15,153.725,153.761,153.532,153.542
2026-09-08 00:30,153.550,153.774,153.521,153.763
2026-09-08 00:45,153.767,153.828,153.612,153.789
2026-09-08 01:00,153.784,153.810,153.665,153.678
2026-09-08 01:15,153.670,153.701,153.414,153.437
2026-09-08 01:30,153.430,153.582,153.366,153.521
2026-09-08 01:45,153.518,153.619,153.349,153.349
2026-09-08 02:00,153.364,153.365,153.150,153.254
2026-09-08 02:15,153.262,153.262,152.881,153.023
2026-09-08 02:30,153.023,153.333,153.021,153.118
2026-09-08 02:45,153.118,153.369,153.088,153.341
2026-09-08 03:00,153.352,153.362,153.174,153.287
2026-09-08 03:15,153.279,153.344,153.259,153.286
2026-09-08 03:30,153.279,153.327,153.169,153.179
2026-09-08 03:45,153.183,153.356,153.114,153.322
2026-09-08 04:00,153.329,153.467,153.228,153.361
2026-09-08 04:15,153.354,153.516,153.333,153.482
2026-09-08 04:30,153.483,153.583,153.428,153.519
2026-09-08 04:45,153.511,153.584,153.434,153.461
2026-09-08 05:00,153.461,153.495,153.307,153.324
2026-09-08 05:15,153.332,153.535,153.273,153.535
2026-09-08 05:30,153.539,153.592,153.418,153.431
2026-09-08 05:45,153.431,153.550,153.314,153.316
2026-09-08 06:00,153.321,153.519,153.253,153.510
2026-09-08 06:15,153.501,153.792,153.492,153.728
2026-09-08 06:30,153.730,153.921,153.707,153.736
2026-09-08 06:45,153.730,153.823,153.669,153.777
2026-09-08 07:00,153.774,153.960,153.716,153.938
2026-09-08 07:15,153.937,153.961,153.784,153.824
2026-09-08 07:30,153.820,153.970,153.781,153.865
2026-09-08 07:45,153.866,153.928,153.753,153.800
2026-09-08 08:00,153.795,154.075,153.728,153.936
2026-09-08 08:15,153.946,154.045,153.794,153.884
2026-09-08 08:30,153.888,154.174,153.876,154.152
2026-09-08 08:45,154.153,154.288,154.056,154.165
2026-09-08 09:00,154.172,154.188,154.015,154.116
2026-09-08 09:15,154.116,154.139,153.975,154.002
2026-09-08 09:30,154.003,154.115,153.809,153.951
2026-09-08 09:45,153.951,153.980,153.847,153.913
2026-09-08 10:00,153.903,154.050,153.902,154.043
2026-09-08 10:15,154.035,154.112,153.949,154.100
2026-09-08 10:30,154.106,154.227,154.100,154.195
2026-09-08 10:45,154.202,154.259,154.101,154.241
2026-09-08 11:00,154.233,154.423,154.217,154.344
2026-09-08 11:15,154.335,154.359,154.215,154.224
2026-09-08 11:30,154.215,154.290,154.136,154.247
2026-09-08 11:45,154.247,154.387,154.232,154.256
2026-09-08 12:00,154.257,154.316,154.199,154.215
2026-09-08 12:15,154.220,154.257,153.927,153.962
2026-09-08 12:30,153.971,154.078,153.894,153.967
2026-09-08 12:45,153.966,153.994,153.787,153.805
2026-09-08 13:00,153.793,153.862,153.709,153.852
2026-09-08 13:15,153.857,153.929,153.768,153.780
2026-09-08 13:30,153.772,153.895,153.695,153.883
2026-09-08 13:45,153.884,153.923,153.801,153.805
2026-09-08 14:00,153.805,154.127,153.782,154.120
2026-09-08 14:15,154.125,154.129,154.008,154.050
2026-09-08 14:30,154.043,154.051,153.900,154.017
2026-09-08 14:45,154.013,154.055,153.911,154.002
2026-09-08 15:00,153.998,154.206,153.996,154.194
2026-09-08 15:15,154.189,154.264,154.137,154.206
2026-09-08 15:30,154.200,154.208,154.107,154.206
2026-09-08 15:45,154.199,154.247,154.157,154.244
2026-09-08 16:00,154.236,154.342,154.212,154.312
2026-09-08 16:15,154.315,154.383,154.263,154.289
2026-09-08 16:30,154.290,154.328,154.239,154.305
2026-09-08 16:45,154.306,154.347,154.253,154.275
2026-09-08 17:00,154.264,154.286,154.210,154.249
2026-09-08 17:15,154.253,154.284,154.224,154.241
2026-09-08 17:30,154.244,154.325,154.234,154.280
2026-09-08 17:45,154.273,154.284,154.217,154.218
2026-09-08 18:00,154.217,154.348,154.207,154.339
2026-09-08 18:15,154.336,154.393,154.222,154.237
2026-09-08 18:30,154.242,154.269,154.050,154.074
2026-09-08 18:45,154.080,154.319,153.439,153.582
2026-09-08 19:00,153.591,153.906,153.591,153.860
2026-09-08 19:15,153.858,153.951,153.838,153.948
2026-09-08 19:30,153.942,153.973,153.810,153.881
2026-09-08 19:45,153.881,154.007,153.881,153.981
2026-09-08 20:00,153.986,154.012,153.917,153.971
2026-09-08 20:15,153.979,154.013,153.937,153.994
2026-09-08 20:30,153.987,154.019,153.960,153.989
2026-09-08 20:45,153.989,154.019,153.950,153.957
2026-09-08 21:00,153.939,153.980,153.898,153.975
2026-09-08 21:15,153.934,153.968,153.870,153.908
2026-09-08 21:30,153.905,153.941,153.825,153.861
2026-09-08 21:45,153.869,153.889,153.816,153.851
2026-09-08 22:00,153.831,153.974,153.718,153.746
2026-09-08 22:15,153.746,153.765,153.651,153.651
2026-09-08 22:30,153.657,153.746,153.613,153.730
2026-09-08 22:45,153.745,153.773,153.684,153.748
2026-09-08 23:00,153.722,153.737,153.556,153.560
2026-09-08 23:15,153.560,153.607,153.504,153.549
2026-09-08 23:30,153.549,153.642,153.471,153.491
2026-09-08 23:45,153.491,153.555,153.417,153.444
2026-09-09 00:00,153.444,153.462,153.288,153.324
2026-09-09 00:15,153.323,153.407,153.246,153.354
2026-09-09 00:30,153.361,153.639,153.352,153.622
2026-09-09 00:45,153.620,153.740,153.565,153.566
2026-09-09 01:00,153.568,153.754,153.565,153.716
2026-09-09 01:15,153.724,153.831,153.638,153.792
2026-09-09 01:30,153.792,153.810,153.631,153.699
2026-09-09 01:45,153.707,153.708,153.534,153.552
2026-09-09 02:00,153.547,153.668,153.534,153.587
2026-09-09 02:15,153.587,153.705,153.575,153.664
2026-09-09 02:30,153.664,153.681,153.561,153.565
2026-09-09 02:45,153.566,153.574,153.452,153.510
2026-09-09 03:00,153.505,153.583,153.474,153.571
2026-09-09 03:15,153.562,153.598,153.525,153.537
2026-09-09 03:30,153.537,153.560,153.370,153.383
2026-09-09 03:45,153.381,153.475,153.330,153.447
2026-09-09 04:00,153.440,153.469,153.320,153.367
2026-09-09 04:15,153.361,153.396,153.297,153.320
2026-09-09 04:30,153.323,153.441,153.297,153.383
2026-09-09 04:45,153.376,153.487,153.372,153.465
2026-09-09 05:00,153.459,153.484,153.335,153.444
2026-09-09 05:15,153.434,153.457,153.290,153.304
2026-09-09 05:30,153.301,153.376,153.270,153.358
2026-09-09 05:45,153.364,153.411,153.228,153.300
2026-09-09 06:00,153.294,153.325,153.077,153.089
2026-09-09 06:15,153.084,153.147,152.930,153.138
2026-09-09 06:30,153.146,153.379,153.138,153.372
2026-09-09 06:45,153.366,153.393,153.250,153.338
2026-09-09 07:00,153.339,153.353,153.087,153.149
2026-09-09 07:15,153.154,153.361,153.122,153.293
2026-09-09 07:30,153.293,153.372,153.126,153.165
2026-09-09 07:45,153.168,153.253,153.086,153.103
2026-09-09 08:00,153.109,153.384,153.097,153.330
2026-09-09 08:15,153.329,153.560,153.324,153.542
2026-09-09 08:30,153.540,153.666,153.532,153.599
2026-09-09 08:45,153.602,153.682,153.537,153.655
2026-09-09 09:00,153.642,153.661,153.551,153.563
2026-09-09 09:15,153.568,153.593,153.467,153.471
2026-09-09 09:30,153.477,153.521,153.410,153.421
2026-09-09 09:45,153.418,153.664,153.407,153.648
2026-09-09 10:00,153.640,153.683,153.585,153.658
2026-09-09 10:15,153.658,153.728,153.524,153.562
2026-09-09 10:30,153.562,153.618,153.481,153.609
2026-09-09 10:45,153.612,153.628,153.490,153.549
2026-09-09 11:00,153.553,153.583,153.433,153.457
2026-09-09 11:15,153.456,153.501,153.316,153.323
2026-09-09 11:30,153.329,153.392,153.296,153.366
2026-09-09 11:45,153.363,153.371,153.188,153.225
2026-09-09 12:00,153.228,153.326,153.190,153.280
2026-09-09 12:15,153.280,153.451,153.263,153.428
2026-09-09 12:30,153.432,153.486,153.342,153.375
2026-09-09 12:45,153.377,153.384,153.301,153.334
2026-09-09 13:00,153.324,153.353,153.241,153.256
2026-09-09 13:15,153.258,153.360,153.243,153.332
2026-09-09 13:30,153.324,153.447,153.298,153.357
2026-09-09 13:45,153.354,153.391,153.230,153.279
2026-09-09 14:00,153.279,153.305,153.098,153.107
2026-09-09 14:15,153.099,153.327,153.096,153.228
2026-09-09 14:30,153.229,153.316,153.161,153.308
2026-09-09 14:45,153.308,153.347,153.187,153.197
2026-09-09 15:00,153.197,153.801,153.144,153.764
2026-09-09 15:15,153.771,153.793,153.562,153.570
2026-09-09 15:30,153.570,153.596,153.297,153.447
2026-09-09 15:45,153.440,153.543,153.406,153.534
2026-09-09 16:00,153.534,153.573,153.419,153.521
2026-09-09 16:15,153.519,153.685,153.513,153.610
2026-09-09 16:30,153.610,153.633,153.504,153.527
2026-09-09 16:45,153.527,153.579,153.471,153.571
2026-09-09 17:00,153.571,153.591,153.459,153.491
2026-09-09 17:15,153.491,153.540,153.476,153.511
2026-09-09 17:30,153.512,153.597,153.458,153.476
2026-09-09 17:45,153.471,153.514,153.458,153.467
2026-09-09 18:00,153.465,153.512,153.433,153.475
2026-09-09 18:15,153.469,153.512,153.437,153.481
2026-09-09 18:30,153.481,153.594,153.471,153.591
2026-09-09 18:45,153.592,153.671,153.575,153.593
2026-09-09 19:00,153.593,153.727,153.590,153.726
2026-09-09 19:15,153.722,153.727,153.628,153.650
2026-09-09 19:30,153.647,153.656,153.599,153.614
2026-09-09 19:45,153.614,153.640,153.577,153.632
2026-09-09 20:00,153.633,153.689,153.610,153.643
2026-09-09 20:15,153.649,153.661,153.598,153.609
2026-09-09 20:30,153.609,153.614,153.545,153.546
2026-09-09 20:45,153.546,153.571,153.502,153.546
2026-09-09 21:00,153.501,153.579,153.480,153.532
2026-09-09 21:15,153.528,153.594,153.485,153.560
2026-09-09 21:30,153.566,153.566,153.494,153.531
2026-09-09 21:45,153.530,153.563,153.496,153.535
2026-09-09 22:00,153.537,153.595,153.462,153.510
2026-09-09 22:15,153.498,153.504,153.368,153.383
2026-09-09 22:30,153.383,153.395,153.319,153.333
2026-09-09 22:45,153.332,153.370,153.320,153.333
2026-09-09 23:00,153.342,153.362,153.297,153.326
2026-09-09 23:15,153.326,153.398,153.312,153.372
2026-09-09 23:30,153.372,153.466,153.335,153.438
2026-09-09 23:45,153.433,153.620,153.431,153.529
2026-09-10 00:00,153.534,153.632,153.472,153.527
2026-09-10 00:15,153.519,153.647,153.504,153.635
2026-09-10 00:30,153.637,153.694,153.586,153.647
2026-09-10 00:45,153.651,153.715,153.586,153.698
2026-09-10 01:00,153.702,153.724,153.554,153.590
2026-09-10 01:15,153.589,153.699,153.540,153.688
2026-09-10 01:30,153.688,153.744,153.615,153.703
2026-09-10 01:45,153.707,153.723,153.419,153.433
2026-09-10 02:00,153.432,153.456,153.275,153.434
2026-09-10 02:15,153.434,153.559,153.421,153.536
2026-09-10 02:30,153.530,153.597,153.452,153.536
2026-09-10 02:45,153.529,153.549,153.402,153.407
2026-09-10 03:00,153.409,153.487,153.373,153.459
2026-09-10 03:15,153.459,153.488,153.409,153.431
2026-09-10 03:30,153.432,153.458,153.404,153.451
2026-09-10 03:45,153.451,153.452,153.362,153.383
2026-09-10 04:00,153.380,153.415,153.291,153.322
2026-09-10 04:15,153.330,153.436,153.310,153.427
2026-09-10 04:30,153.427,153.434,153.385,153.414
2026-09-10 04:45,153.414,153.475,153.405,153.465
2026-09-10 05:00,153.465,153.493,153.437,153.445
2026-09-10 05:15,153.448,153.499,153.431,153.443
2026-09-10 05:30,153.447,153.669,153.391,153.656
2026-09-10 05:45,153.665,153.679,153.542,153.604
2026-09-10 06:00,153.592,153.618,153.461,153.560
2026-09-10 06:15,153.560,153.571,153.474,153.531
2026-09-10 06:30,153.520,153.612,153.500,153.609
2026-09-10 06:45,153.603,153.609,153.405,153.415
2026-09-10 07:00,153.416,153.565,153.409,153.545
2026-09-10 07:15,153.549,153.556,153.395,153.410
2026-09-10 07:30,153.409,153.440,153.315,153.409
2026-09-10 07:45,153.409,153.444,153.348,153.389
2026-09-10 08:00,153.394,153.606,153.387,153.572
2026-09-10 08:15,153.579,153.629,153.538,153.573
2026-09-10 08:30,153.569,153.663,153.565,153.645
2026-09-10 08:45,153.639,153.692,153.593,153.621
2026-09-10 09:00,153.627,153.639,153.548,153.615
2026-09-10 09:15,153.610,153.747,153.607,153.711
2026-09-10 09:30,153.707,153.776,153.664,153.664
2026-09-10 09:45,153.660,153.711,153.654,153.694
2026-09-10 10:00,153.694,153.728,153.654,153.716
2026-09-10 10:15,153.717,153.880,153.705,153.869
2026-09-10 10:30,153.869,154.139,153.833,154.128
2026-09-10 10:45,154.125,154.174,154.044,154.069
2026-09-10 11:00,154.074,154.201,154.031,154.154
2026-09-10 11:15,154.148,154.165,154.069,154.109
2026-09-10 11:30,154.104,154.134,154.045,154.068
2026-09-10 11:45,154.074,154.179,154.052,154.152
2026-09-10 12:00,154.152,154.323,154.130,154.305
2026-09-10 12:15,154.294,154.378,154.260,154.358
2026-09-10 12:30,154.353,154.670,154.206,154.416
2026-09-10 12:45,154.424,154.448,154.264,154.345
2026-09-10 13:00,154.345,154.364,154.187,154.238
2026-09-10 13:15,154.238,154.348,154.200,154.216
2026-09-10 13:30,154.219,154.256,154.118,154.152
2026-09-10 13:45,154.151,154.153,153.968,154.042
2026-09-10 14:00,154.047,154.068,153.841,153.898
2026-09-10 14:15,153.893,154.023,153.856,153.965
2026-09-10 14:30,153.978,154.058,153.878,154.031
2026-09-10 14:45,154.032,154.083,153.880,153.885
2026-09-10 15:00,153.887,153.970,153.846,153.930
2026-09-10 15:15,153.934,154.029,153.873,154.028
2026-09-10 15:30,154.023,154.067,154.006,154.047
2026-09-10 15:45,154.047,154.119,154.018,154.060
2026-09-10 16:00,154.060,154.214,154.044,154.191
2026-09-10 16:15,154.191,154.290,154.191,154.272
2026-09-10 16:30,154.277,154.393,154.248,154.342
2026-09-10 16:45,154.334,154.379,154.268,154.269
2026-09-10 17:00,154.275,154.348,154.239,154.268
2026-09-10 17:15,154.270,154.310,154.202,154.258
2026-09-10 17:30,154.255,154.342,154.233,154.312
2026-09-10 17:45,154.314,154.318,154.228,154.252
2026-09-10 18:00,154.252,154.388,154.236,154.381
2026-09-10 18:15,154.383,154.399,154.297,154.350
2026-09-10 18:30,154.349,154.383,154.321,154.323
2026-09-10 18:45,154.325,154.377,154.294,154.317
2026-09-10 19:00,154.312,154.395,154.308,154.379
2026-09-10 19:15,154.385,154.395,154.305,154.334
2026-09-10 19:30,154.333,154.356,154.306,154.333
2026-09-10 19:45,154.338,154.345,154.303,154.340
2026-09-10 20:00,154.334,154.396,154.332,154.387
2026-09-10 20:15,154.391,154.434,154.385,154.423
2026-09-10 20:30,154.427,154.449,154.414,154.433
2026-09-10 20:45,154.433,154.504,154.396,154.411
2026-09-10 21:00,154.404,154.405,154.305,154.345
2026-09-10 21:15,154.344,154.378,154.344,154.361
2026-09-10 21:30,154.351,154.388,154.347,154.375
2026-09-10 21:45,154.380,154.381,154.345,154.366
2026-09-10 22:00,154.356,154.536,154.347,154.516
2026-09-10 22:15,154.516,154.527,154.426,154.436
2026-09-10 22:30,154.428,154.454,154.377,154.406
2026-09-10 22:45,154.406,154.417,154.354,154.383
2026-09-10 23:00,154.367,154.466,154.357,154.427
2026-09-10 23:15,154.421,154.552,154.411,154.534
2026-09-10 23:30,154.538,154.617,154.524,154.557
2026-09-10 23:45,154.557,154.571,154.452,154.456
2026-09-11 00:00,154.465,154.482,154.311,154.439
2026-09-11 00:15,154.436,154.535,154.357,154.502
2026-09-11 00:30,154.500,154.564,154.459,154.506
2026-09-11 00:45,154.514,154.607,154.472,154.496
2026-09-11 01:00,154.496,154.531,154.281,154.339
2026-09-11 01:15,154.347,154.374,154.255,154.318
2026-09-11 01:30,154.319,154.339,154.204,154.304
2026-09-11 01:45,154.301,154.409,154.283,154.350
2026-09-11 02:00,154.346,154.484,154.313,154.436
2026-09-11 02:15,154.434,154.497,154.432,154.474
2026-09-11 02:30,154.474,154.522,154.446,154.497
2026-09-11 02:45,154.500,154.509,154.360,154.386
2026-09-11 03:00,154.379,154.460,154.319,154.335
2026-09-11 03:15,154.337,154.484,154.324,154.484
2026-09-11 03:30,154.475,154.508,154.423,154.456
2026-09-11 03:45,154.450,154.498,154.354,154.393
2026-09-11 04:00,154.393,154.413,154.284,154.336
2026-09-11 04:15,154.326,154.364,154.282,154.333
2026-09-11 04:30,154.333,154.412,154.285,154.302
2026-09-11 04:45,154.299,154.355,154.258,154.340
2026-09-11 05:00,154.345,154.353,154.176,154.179
2026-09-11 05:15,154.181,154.228,154.139,154.169
2026-09-11 05:30,154.169,154.193,154.077,154.079
2026-09-11 05:45,154.079,154.098,154.004,154.052
2026-09-11 06:00,154.052,154.130,153.966,154.024
2026-09-11 06:15,154.017,154.116,153.956,154.088
2026-09-11 06:30,154.087,154.196,154.075,154.117
2026-09-11 06:45,154.124,154.220,154.115,154.168
2026-09-11 07:00,154.169,154.209,154.070,154.169
2026-09-11 07:15,154.175,154.231,154.133,154.210
2026-09-11 07:30,154.213,154.276,154.156,154.259
2026-09-11 07:45,154.259,154.284,154.204,154.217
2026-09-11 08:00,154.220,154.326,154.202,154.313
2026-09-11 08:15,154.313,154.374,154.221,154.312
2026-09-11 08:30,154.309,154.335,154.075,154.085
2026-09-11 08:45,154.085,154.137,154.040,154.100
2026-09-11 09:00,154.096,154.195,154.030,154.135
2026-09-11 09:15,154.135,154.159,154.073,154.145
2026-09-11 09:30,154.145,154.230,154.131,154.150
2026-09-11 09:45,154.150,154.196,154.041,154.098
2026-09-11 10:00,154.097,154.166,154.029,154.089
2026-09-11 10:15,154.086,154.151,154.085,154.118
2026-09-11 10:30,154.122,154.127,154.028,154.074
2026-09-11 10:45,154.071,154.112,153.949,153.966
2026-09-11 11:00,153.965,153.991,153.898,153.957
2026-09-11 11:15,153.966,154.090,153.957,154.041
2026-09-11 11:30,154.034,154.080,153.888,153.898
2026-09-11 11:45,153.897,154.034,153.873,154.023
2026-09-11 12:00,154.023,154.077,153.954,153.993
2026-09-11 12:15,153.993,154.043,153.857,153.921
2026-09-11 12:30,153.917,154.492,153.611,153.675
2026-09-11 12:45,153.677,153.756,153.431,153.453
2026-09-11 13:00,153.461,153.564,153.234,153.529
2026-09-11 13:15,153.529,153.641,153.422,153.496
2026-09-11 13:30,153.508,153.530,153.300,153.465
2026-09-11 13:45,153.460,153.544,153.372,153.431
2026-09-11 14:00,153.418,153.530,153.394,153.495
2026-09-11 14:15,153.500,153.594,153.429,153.584
2026-09-11 14:30,153.582,153.657,153.543,153.618
2026-09-11 14:45,153.629,153.634,153.458,153.481
2026-09-11 15:00,153.480,153.621,153.414,153.572
2026-09-11 15:15,153.568,153.605,153.516,153.577
2026-09-11 15:30,153.577,153.679,153.568,153.669
2026-09-11 15:45,153.670,153.738,153.645,153.704
2026-09-11 16:00,153.705,153.737,153.646,153.703
2026-09-11 16:15,153.708,153.712,153.636,153.704
2026-09-11 16:30,153.697,153.718,153.631,153.670
2026-09-11 16:45,153.670,153.723,153.642,153.704
2026-09-11 17:00,153.704,153.757,153.670,153.702
2026-09-11 17:15,153.700,153.725,153.654,153.708
2026-09-11 17:30,153.700,153.725,153.672,153.717
2026-09-11 17:45,153.719,153.736,153.679,153.693
2026-09-11 18:00,153.693,153.708,153.669,153.691
2026-09-11 18:15,153.697,153.752,153.691,153.717
2026-09-11 18:30,153.712,153.735,153.700,153.723
2026-09-11 18:45,153.729,153.761,153.713,153.723
2026-09-11 19:00,153.718,153.775,153.712,153.723
2026-09-11 19:15,153.715,153.757,153.693,153.712
2026-09-11 19:30,153.706,153.723,153.675,153.703
2026-09-11 19:45,153.702,153.730,153.680,153.682
2026-09-11 20:00,153.690,153.693,153.656,153.674
2026-09-11 20:15,153.666,153.691,153.648,153.664
2026-09-11 20:30,153.674,153.760,153.663,153.739
2026-09-11 20:45,153.736,153.737,153.438,153.554
2026-09-13 23:00,153.675,153.705,153.612,153.674
2026-09-13 23:15,153.671,153.736,153.603,153.604
2026-09-13 23:30,153.608,153.636,153.477,153.481
2026-09-13 23:45,153.485,153.538,153.392,153.411
2026-09-14 00:00,153.418,153.604,153.368,153.508
2026-09-14 00:15,153.508,153.683,153.456,153.657
2026-09-14 00:30,153.660,153.728,153.597,153.698
2026-09-14 00:45,153.696,153.759,153.607,153.645
2026-09-14 01:00,153.651,153.873,153.624,153.827
2026-09-14 01:15,153.826,153.870,153.682,153.688
2026-09-14 01:30,153.695,153.743,153.643,153.674
2026-09-14 01:45,153.674,153.753,153.664,153.732
2026-09-14 02:00,153.735,153.840,153.732,153.829
2026-09-14 02:15,153.837,153.923,153.813,153.884
2026-09-14 02:30,153.877,154.050,153.876,154.047
2026-09-14 02:45,154.043,154.061,153.981,154.013
2026-09-14 02:54,154.025,154.025,154.025,154.025
