time,open,high,low,close
2026-06-23 23:00,161.558,161.564,161.521,161.547
2026-06-23 23:05,161.534,161.554,161.524,161.549
2026-06-23 23:10,161.536,161.556,161.536,161.548
2026-06-23 23:15,161.547,161.557,161.544,161.553
2026-06-23 23:20,161.545,161.563,161.542,161.547
2026-06-23 23:25,161.547,161.577,161.544,161.566
2026-06-23 23:30,161.555,161.577,161.555,161.562
2026-06-23 23:35,161.561,161.567,161.545,161.548
2026-06-23 23:40,161.545,161.557,161.542,161.553
2026-06-23 23:45,161.546,161.581,161.545,161.557
2026-06-23 23:50,161.563,161.594,161.540,161.592
2026-06-23 23:55,161.584,161.609,161.581,161.602
2026-06-24 00:00,161.595,161.603,161.542,161.551
2026-06-24 00:05,161.551,161.567,161.542,161.555
2026-06-24 00:10,161.550,161.577,161.546,161.568
2026-06-24 00:15,161.570,161.592,161.552,161.584
2026-06-24 00:20,161.586,161.603,161.572,161.583
2026-06-24 00:25,161.577,161.619,161.564,161.599
2026-06-24 00:30,161.596,161.611,161.586,161.589
2026-06-24 00:35,161.586,161.607,161.586,161.588
2026-06-24 00:40,161.589,161.619,161.587,161.609
2026-06-24 00:45,161.610,161.617,161.591,161.604
2026-06-24 00:50,161.611,161.636,161.571,161.615
2026-06-24 00:55,161.608,161.633,161.603,161.625
2026-06-24 01:00,161.619,161.628,161.572,161.594
2026-06-24 01:05,161.595,161.595,161.565,161.579
2026-06-24 01:10,161.578,161.587,161.566,161.581
2026-06-24 01:15,161.576,161.587,161.564,161.571
2026-06-24 01:20,161.566,161.582,161.561,161.568
2026-06-24 01:25,161.566,161.580,161.561,161.567
2026-06-24 01:30,161.567,161.587,161.565,161.568
2026-06-24 01:35,161.568,161.587,161.559,161.574
2026-06-24 01:40,161.573,161.574,161.547,161.556
2026-06-24 01:45,161.552,161.575,161.543,161.570
2026-06-24 01:50,161.568,161.582,161.561,161.568
2026-06-24 01:55,161.563,161.582,161.557,161.564
2026-06-24 02:00,161.563,161.588,161.561,161.573
2026-06-24 02:05,161.574,161.587,161.566,161.581
2026-06-24 02:10,161.580,161.582,161.555,161.557
2026-06-24 02:15,161.558,161.566,161.527,161.549
2026-06-24 02:20,161.540,161.556,161.537,161.549
2026-06-24 02:25,161.544,161.561,161.541,161.554
2026-06-24 02:30,161.550,161.558,161.539,161.553
2026-06-24 02:35,161.552,161.559,161.540,161.553
2026-06-24 02:40,161.548,161.568,161.547,161.557
2026-06-24 02:45,161.557,161.567,161.554,161.557
2026-06-24 02:50,161.556,161.562,161.540,161.546
2026-06-24 02:55,161.544,161.563,161.540,161.541
2026-06-24 03:00,161.545,161.562,161.541,161.556
2026-06-24 03:05,161.553,161.578,161.550,161.565
2026-06-24 03:10,161.565,161.604,161.557,161.600
2026-06-24 03:15,161.595,161.600,161.564,161.567
2026-06-24 03:20,161.569,161.590,161.567,161.573
2026-06-24 03:25,161.581,161.584,161.546,161.548
2026-06-24 03:30,161.552,161.567,161.543,161.548
2026-06-24 03:35,161.546,161.569,161.541,161.548
2026-06-24 03:40,161.551,161.567,161.544,161.562
2026-06-24 03:45,161.562,161.570,161.545,161.552
2026-06-24 03:50,161.554,161.557,161.540,161.547
2026-06-24 03:55,161.550,161.555,161.538,161.544
2026-06-24 04:00,161.546,161.565,161.542,161.554
2026-06-24 04:05,161.549,161.557,161.523,161.545
2026-06-24 04:10,161.542,161.556,161.530,161.547
2026-06-24 04:15,161.547,161.556,161.535,161.545
2026-06-24 04:20,161.542,161.551,161.536,161.543
2026-06-24 04:25,161.543,161.562,161.542,161.555
2026-06-24 04:30,161.557,161.560,161.536,161.541
2026-06-24 04:35,161.540,161.551,161.539,161.543
2026-06-24 04:40,161.542,161.562,161.534,161.555
2026-06-24 04:45,161.547,161.560,161.535,161.550
2026-06-24 04:50,161.550,161.560,161.547,161.552
2026-06-24 04:55,161.552,161.560,161.534,161.550
2026-06-24 05:00,161.550,161.566,161.547,161.560
2026-06-24 05:05,161.552,161.568,161.545,161.547
2026-06-24 05:10,161.547,161.556,161.535,161.550
2026-06-24 05:15,161.543,161.608,161.541,161.580
2026-06-24 05:20,161.571,161.606,161.570,161.593
2026-06-24 05:25,161.593,161.618,161.589,161.594
2026-06-24 05:30,161.594,161.609,161.579,161.596
2026-06-24 05:35,161.596,161.607,161.587,161.596
2026-06-24 05:40,161.596,161.616,161.584,161.594
2026-06-24 05:45,161.588,161.595,161.571,161.583
2026-06-24 05:50,161.584,161.614,161.573,161.604
2026-06-24 05:55,161.602,161.616,161.598,161.608
2026-06-24 06:00,161.602,161.654,161.602,161.636
2026-06-24 06:05,161.636,161.649,161.620,161.626
2026-06-24 06:10,161.630,161.640,161.612,161.637
2026-06-24 06:15,161.629,161.669,161.625,161.665
2026-06-24 06:20,161.655,161.665,161.640,161.655
2026-06-24 06:25,161.655,161.688,161.655,161.681
2026-06-24 06:30,161.681,161.689,161.657,161.678
2026-06-24 06:35,161.677,161.688,161.650,161.664
2026-06-24 06:40,161.665,161.678,161.573,161.677
2026-06-24 06:45,161.670,161.679,161.650,161.677
2026-06-24 06:50,161.678,161.696,161.665,161.677
2026-06-24 06:55,161.678,161.718,161.677,161.704
2026-06-24 07:00,161.710,161.728,161.678,161.725
2026-06-24 07:05,161.719,161.729,161.691,161.701
2026-06-24 07:10,161.693,161.723,161.679,161.715
2026-06-24 07:15,161.714,161.727,161.691,161.691
2026-06-24 07:20,161.691,161.724,161.687,161.703
2026-06-24 07:25,161.703,161.714,161.678,161.682
2026-06-24 07:30,161.679,161.695,161.672,161.687
2026-06-24 07:35,161.688,161.699,161.680,161.691
2026-06-24 07:40,161.687,161.697,161.657,161.663
2026-06-24 07:45,161.663,161.692,161.663,161.685
2026-06-24 07:50,161.680,161.705,161.674,161.695
2026-06-24 07:55,161.695,161.740,161.693,161.725
2026-06-24 08:00,161.710,161.718,161.677,161.688
2026-06-24 08:05,161.681,161.720,161.679,161.706
2026-06-24 08:10,161.706,161.755,161.701,161.737
2026-06-24 08:15,161.730,161.738,161.688,161.710
2026-06-24 08:20,161.711,161.711,161.680,161.688
2026-06-24 08:25,161.681,161.702,161.680,161.698
2026-06-24 08:30,161.694,161.701,161.675,161.682
2026-06-24 08:35,161.676,161.740,161.676,161.726
2026-06-24 08:40,161.735,161.735,161.714,161.727
2026-06-24 08:45,161.728,161.740,161.719,161.730
2026-06-24 08:50,161.729,161.745,161.709,161.736
2026-06-24 08:55,161.735,161.757,161.725,161.749
2026-06-24 09:00,161.751,161.772,161.743,161.766
2026-06-24 09:05,161.760,161.774,161.743,161.754
2026-06-24 09:10,161.754,161.781,161.754,161.758
2026-06-24 09:15,161.758,161.774,161.754,161.765
2026-06-24 09:20,161.758,161.767,161.743,161.756
2026-06-24 09:25,161.764,161.770,161.748,161.758
2026-06-24 09:30,161.760,161.775,161.755,161.759
2026-06-24 09:35,161.759,161.770,161.704,161.726
2026-06-24 09:40,161.725,161.761,161.717,161.737
2026-06-24 09:45,161.738,161.754,161.735,161.741
2026-06-24 09:50,161.741,161.754,161.715,161.735
2026-06-24 09:55,161.735,161.754,161.731,161.743
2026-06-24 10:00,161.733,161.752,161.722,161.733
2026-06-24 10:05,161.733,161.746,161.721,161.746
2026-06-24 10:10,161.742,161.747,161.703,161.707
2026-06-24 10:15,161.707,161.740,161.707,161.731
2026-06-24 10:20,161.728,161.747,161.722,161.744
2026-06-24 10:25,161.740,161.742,161.707,161.720
2026-06-24 10:30,161.719,161.732,161.707,161.726
2026-06-24 10:35,161.721,161.733,161.707,161.712
2026-06-24 10:40,161.712,161.721,161.678,161.688
2026-06-24 10:45,161.684,161.721,161.674,161.707
2026-06-24 10:50,161.707,161.722,161.695,161.698
2026-06-24 10:55,161.700,161.709,161.681,161.683
2026-06-24 11:00,161.684,161.703,161.657,161.698
2026-06-24 11:05,161.698,161.709,161.685,161.686
2026-06-24 11:10,161.686,161.700,161.680,161.695
2026-06-24 11:15,161.700,161.708,161.686,161.696
2026-06-24 11:20,161.696,161.718,161.694,161.702
2026-06-24 11:25,161.696,161.707,161.644,161.662
2026-06-24 11:30,161.661,161.695,161.649,161.675
2026-06-24 11:35,161.675,161.679,161.645,161.663
2026-06-24 11:40,161.672,161.684,161.659,161.665
2026-06-24 11:45,161.664,161.679,161.645,161.656
2026-06-24 11:50,161.661,161.666,161.618,161.654
2026-06-24 11:55,161.650,161.683,161.646,161.655
2026-06-24 12:00,161.647,161.668,161.629,161.653
2026-06-24 12:05,161.650,161.681,161.643,161.671
2026-06-24 12:10,161.681,161.696,161.661,161.674
2026-06-24 12:15,161.676,161.695,161.655,161.663
2026-06-24 12:20,161.661,161.691,161.658,161.682
2026-06-24 12:25,161.682,161.701,161.677,161.682
2026-06-24 12:30,161.681,161.727,161.679,161.709
2026-06-24 12:35,161.709,161.723,161.683,161.706
2026-06-24 12:40,161.705,161.743,161.704,161.713
2026-06-24 12:45,161.713,161.744,161.707,161.722
2026-06-24 12:50,161.732,161.745,161.719,161.731
2026-06-24 12:55,161.732,161.753,161.723,161.748
2026-06-24 13:00,161.748,161.757,161.704,161.740
2026-06-24 13:05,161.731,161.762,161.721,161.753
2026-06-24 13:10,161.744,161.754,161.719,161.735
2026-06-24 13:15,161.732,161.755,161.728,161.739
2026-06-24 13:20,161.734,161.755,161.725,161.725
2026-06-24 13:25,161.725,161.734,161.698,161.706
2026-06-24 13:30,161.705,161.738,161.695,161.727
2026-06-24 13:35,161.728,161.747,161.707,161.721
2026-06-24 13:40,161.727,161.727,161.706,161.720
2026-06-24 13:45,161.718,161.766,161.718,161.754
2026-06-24 13:50,161.756,161.763,161.729,161.741
2026-06-24 13:55,161.734,161.755,161.727,161.748
2026-06-24 14:00,161.746,161.758,161.698,161.705
2026-06-24 14:05,161.712,161.730,161.700,161.707
2026-06-24 14:10,161.708,161.732,161.704,161.717
2026-06-24 14:15,161.720,161.743,161.714,161.734
2026-06-24 14:20,161.734,161.756,161.729,161.730
2026-06-24 14:25,161.730,161.743,161.717,161.733
2026-06-24 14:30,161.733,161.748,161.721,161.732
2026-06-24 14:35,161.728,161.751,161.717,161.738
2026-06-24 14:40,161.744,161.750,161.730,161.738
2026-06-24 14:45,161.737,161.743,161.718,161.731
2026-06-24 14:50,161.731,161.754,161.729,161.742
2026-06-24 14:55,161.735,161.817,161.735,161.782
2026-06-24 15:00,161.782,161.813,161.762,161.775
2026-06-24 15:05,161.776,161.785,161.758,161.778
2026-06-24 15:10,161.772,161.792,161.770,161.787
2026-06-24 15:15,161.791,161.795,161.745,161.748
2026-06-24 15:20,161.748,161.757,161.727,161.748
2026-06-24 15:25,161.742,161.776,161.742,161.772
2026-06-24 15:30,161.765,161.793,161.758,161.779
2026-06-24 15:35,161.780,161.789,161.758,161.785
2026-06-24 15:40,161.780,161.789,161.742,161.746
2026-06-24 15:45,161.746,161.768,161.741,161.751
2026-06-24 15:50,161.743,161.770,161.741,161.747
2026-06-24 15:55,161.753,161.765,161.744,161.751
2026-06-24 16:00,161.751,161.768,161.742,161.759
2026-06-24 16:05,161.758,161.765,161.734,161.736
2026-06-24 16:10,161.734,161.762,161.720,161.754
2026-06-24 16:15,161.756,161.771,161.739,161.754
2026-06-24 16:20,161.748,161.770,161.747,161.749
2026-06-24 16:25,161.749,161.756,161.720,161.720
2026-06-24 16:30,161.732,161.734,161.712,161.718
2026-06-24 16:35,161.714,161.717,161.684,161.709
2026-06-24 16:40,161.709,161.742,161.704,161.740
2026-06-24 16:45,161.739,161.754,161.730,161.748
2026-06-24 16:50,161.753,161.755,161.732,161.745
2026-06-24 16:55,161.744,161.761,161.736,161.753
2026-06-24 17:00,161.753,161.768,161.742,161.752
2026-06-24 17:05,161.748,161.786,161.745,161.778
2026-06-24 17:10,161.778,161.794,161.767,161.787
2026-06-24 17:15,161.789,161.795,161.778,161.787
2026-06-24 17:20,161.795,161.804,161.770,161.796
2026-06-24 17:25,161.798,161.810,161.784,161.789
2026-06-24 17:30,161.786,161.790,161.728,161.752
2026-06-24 17:35,161.749,161.785,161.736,161.769
2026-06-24 17:40,161.762,161.787,161.760,161.779
2026-06-24 17:45,161.777,161.803,161.777,161.800
2026-06-24 17:50,161.802,161.820,161.788,161.817
2026-06-24 17:55,161.813,161.822,161.785,161.810
2026-06-24 18:00,161.810,161.822,161.802,161.819
2026-06-24 18:05,161.819,161.821,161.795,161.802
2026-06-24 18:10,161.802,161.823,161.795,161.808
2026-06-24 18:15,161.813,161.817,161.793,161.807
2026-06-24 18:20,161.814,161.830,161.798,161.800
2026-06-24 18:25,161.799,161.806,161.783,161.786
2026-06-24 18:30,161.786,161.796,161.772,161.789
2026-06-24 18:35,161.787,161.806,161.777,161.785
2026-06-24 18:40,161.776,161.791,161.756,161.787
2026-06-24 18:45,161.791,161.793,161.770,161.775
2026-06-24 18:50,161.771,161.780,161.755,161.770
2026-06-24 18:55,161.770,161.780,161.755,161.756
2026-06-24 19:00,161.757,161.767,161.744,161.756
2026-06-24 19:05,161.755,161.788,161.746,161.776
2026-06-24 19:10,161.779,161.793,161.771,161.785
2026-06-24 19:15,161.781,161.819,161.781,161.807
2026-06-24 19:20,161.807,161.834,161.805,161.824
2026-06-24 19:25,161.824,161.843,161.821,161.831
2026-06-24 19:30,161.831,161.840,161.803,161.826
2026-06-24 19:35,161.826,161.841,161.820,161.822
2026-06-24 19:40,161.821,161.830,161.803,161.814
2026-06-24 19:45,161.808,161.812,161.782,161.796
2026-06-24 19:50,161.795,161.815,161.781,161.797
2026-06-24 19:55,161.793,161.826,161.791,161.815
2026-06-24 20:00,161.824,161.832,161.797,161.808
2026-06-24 20:05,161.810,161.823,161.795,161.796
2026-06-24 20:10,161.796,161.826,161.785,161.814
2026-06-24 20:15,161.808,161.826,161.807,161.814
2026-06-24 20:20,161.809,161.829,161.801,161.813
2026-06-24 20:25,161.813,161.825,161.798,161.805
2026-06-24 20:30,161.802,161.820,161.799,161.810
2026-06-24 20:35,161.806,161.827,161.804,161.813
2026-06-24 20:40,161.815,161.827,161.790,161.791
2026-06-24 20:45,161.789,161.822,161.789,161.817
2026-06-24 20:50,161.804,161.821,161.786,161.815
2026-06-24 20:55,161.796,161.821,161.748,161.755
2026-06-24 21:00,161.728,161.763,161.712,161.748
2026-06-24 21:05,161.746,161.762,161.728,161.732
2026-06-24 21:10,161.732,161.757,161.716,161.722
2026-06-24 21:15,161.721,161.764,161.716,161.717
2026-06-24 21:20,161.738,161.764,161.712,161.713
2026-06-24 21:25,161.764,161.764,161.709,161.736
2026-06-24 21:30,161.711,161.764,161.710,161.712
2026-06-24 21:35,161.762,161.764,161.711,161.712
2026-06-24 21:40,161.737,161.764,161.710,161.750
2026-06-24 21:45,161.750,161.786,161.725,161.749
2026-06-24 21:50,161.754,161.773,161.725,161.749
2026-06-24 21:55,161.729,161.765,161.727,161.739
2026-06-24 22:00,161.739,161.782,161.689,161.764
2026-06-24 22:05,161.764,161.783,161.744,161.769
2026-06-24 22:10,161.762,161.774,161.746,161.754
2026-06-24 22:15,161.764,161.773,161.750,161.757
2026-06-24 22:20,161.766,161.772,161.741,161.752
2026-06-24 22:25,161.742,161.772,161.741,161.746
2026-06-24 22:30,161.756,161.760,161.725,161.727
2026-06-24 22:35,161.738,161.758,161.726,161.749
2026-06-24 22:40,161.735,161.755,161.727,161.736
2026-06-24 22:45,161.737,161.762,161.736,161.749
2026-06-24 22:50,161.759,161.779,161.743,161.770
2026-06-24 22:55,161.763,161.779,161.758,161.769
2026-06-24 23:00,161.760,161.785,161.757,161.772
2026-06-24 23:05,161.778,161.786,161.761,161.762
2026-06-24 23:10,161.773,161.774,161.751,161.761
2026-06-24 23:15,161.761,161.780,161.743,161.764
2026-06-24 23:20,161.766,161.783,161.759,161.771
2026-06-24 23:25,161.764,161.785,161.763,161.780
2026-06-24 23:30,161.778,161.791,161.773,161.774
2026-06-24 23:35,161.776,161.779,161.763,161.771
2026-06-24 23:40,161.771,161.784,161.760,161.763
2026-06-24 23:45,161.763,161.775,161.758,161.772
2026-06-24 23:50,161.768,161.782,161.763,161.772
2026-06-24 23:55,161.772,161.789,161.758,161.763
2026-06-25 00:00,161.763,161.778,161.722,161.738
2026-06-25 00:05,161.735,161.752,161.721,161.734
2026-06-25 00:10,161.741,161.772,161.733,161.767
2026-06-25 00:15,161.768,161.782,161.737,161.739
2026-06-25 00:20,161.747,161.758,161.724,161.737
2026-06-25 00:25,161.724,161.754,161.724,161.746
2026-06-25 00:30,161.740,161.750,161.728,161.744
2026-06-25 00:35,161.747,161.752,161.736,161.742
2026-06-25 00:40,161.745,161.750,161.724,161.728
2026-06-25 00:45,161.730,161.736,161.695,161.723
2026-06-25 00:50,161.724,161.745,161.691,161.734
2026-06-25 00:55,161.730,161.751,161.703,161.706
2026-06-25 01:00,161.707,161.744,161.702,161.724
2026-06-25 01:05,161.724,161.742,161.703,161.706
2026-06-25 01:10,161.708,161.723,161.699,161.701
2026-06-25 01:15,161.701,161.717,161.665,161.675
2026-06-25 01:20,161.676,161.682,161.550,161.610
2026-06-25 01:25,161.602,161.670,161.601,161.663
2026-06-25 01:30,161.662,161.685,161.633,161.674
2026-06-25 01:35,161.665,161.684,161.658,161.673
2026-06-25 01:40,161.673,161.688,161.659,161.670
2026-06-25 01:45,161.670,161.723,161.670,161.714
2026-06-25 01:50,161.715,161.741,161.702,161.722
2026-06-25 01:55,161.722,161.736,161.704,161.719
2026-06-25 02:00,161.718,161.730,161.706,161.709
2026-06-25 02:05,161.719,161.727,161.690,161.700
2026-06-25 02:10,161.699,161.705,161.668,161.679
2026-06-25 02:15,161.675,161.682,161.658,161.669
2026-06-25 02:20,161.671,161.681,161.656,161.678
2026-06-25 02:25,161.670,161.682,161.660,161.678
2026-06-25 02:30,161.679,161.701,161.670,161.685
2026-06-25 02:35,161.687,161.695,161.679,161.682
2026-06-25 02:40,161.683,161.707,161.680,161.701
2026-06-25 02:45,161.696,161.713,161.688,161.710
2026-06-25 02:50,161.703,161.721,161.701,161.708
2026-06-25 02:55,161.712,161.719,161.699,161.707
2026-06-25 03:00,161.709,161.719,161.696,161.702
2026-06-25 03:05,161.701,161.712,161.688,161.701
2026-06-25 03:10,161.694,161.715,161.689,161.702
2026-06-25 03:15,161.700,161.724,161.699,161.713
2026-06-25 03:20,161.714,161.721,161.705,161.709
2026-06-25 03:25,161.707,161.721,161.689,161.710
2026-06-25 03:30,161.711,161.720,161.704,161.707
2026-06-25 03:35,161.707,161.716,161.702,161.712
2026-06-25 03:40,161.708,161.732,161.704,161.727
2026-06-25 03:45,161.723,161.754,161.722,161.724
2026-06-25 03:50,161.724,161.743,161.714,161.736
2026-06-25 03:55,161.736,161.747,161.715,161.725
2026-06-25 04:00,161.717,161.741,161.715,161.721
2026-06-25 04:05,161.721,161.729,161.708,161.716
2026-06-25 04:10,161.712,161.733,161.711,161.723
2026-06-25 04:15,161.723,161.741,161.720,161.731
2026-06-25 04:20,161.730,161.734,161.715,161.730
2026-06-25 04:25,161.722,161.730,161.700,161.724
2026-06-25 04:30,161.718,161.732,161.705,161.721
2026-06-25 04:35,161.720,161.732,161.710,161.724
2026-06-25 04:40,161.723,161.749,161.722,161.745
2026-06-25 04:45,161.745,161.752,161.736,161.742
2026-06-25 04:50,161.742,161.750,161.738,161.745
2026-06-25 04:55,161.741,161.776,161.740,161.766
2026-06-25 05:00,161.759,161.769,161.751,161.759
2026-06-25 05:05,161.753,161.766,161.738,161.740
2026-06-25 05:10,161.740,161.760,161.738,161.754
2026-06-25 05:15,161.754,161.759,161.742,161.757
2026-06-25 05:20,161.751,161.760,161.736,161.755
2026-06-25 05:25,161.749,161.755,161.720,161.734
2026-06-25 05:30,161.729,161.755,161.727,161.748
2026-06-25 05:35,161.741,161.769,161.741,161.762
2026-06-25 05:40,161.767,161.773,161.755,161.756
2026-06-25 05:45,161.756,161.771,161.754,161.762
2026-06-25 05:50,161.762,161.795,161.760,161.785
2026-06-25 05:55,161.792,161.828,161.784,161.823
2026-06-25 06:00,161.831,161.831,161.778,161.808
2026-06-25 06:05,161.809,161.841,161.804,161.819
2026-06-25 06:10,161.817,161.824,161.792,161.811
2026-06-25 06:15,161.804,161.829,161.800,161.818
2026-06-25 06:20,161.824,161.835,161.804,161.823
2026-06-25 06:25,161.821,161.835,161.806,161.834
2026-06-25 06:30,161.828,161.843,161.819,161.836
2026-06-25 06:35,161.840,161.854,161.826,161.833
2026-06-25 06:40,161.834,161.844,161.815,161.837
2026-06-25 06:45,161.831,161.851,161.828,161.837
2026-06-25 06:50,161.840,161.885,161.836,161.883
2026-06-25 06:55,161.884,161.891,161.862,161.880
2026-06-25 07:00,161.878,161.885,161.852,161.858
2026-06-25 07:05,161.857,161.866,161.745,161.837
2026-06-25 07:10,161.849,161.865,161.823,161.854
2026-06-25 07:15,161.854,161.900,161.850,161.858
2026-06-25 07:20,161.858,161.869,161.802,161.839
2026-06-25 07:25,161.834,161.849,161.801,161.812
2026-06-25 07:30,161.812,161.835,161.801,161.822
2026-06-25 07:35,161.816,161.834,161.796,161.800
2026-06-25 07:40,161.800,161.851,161.799,161.840
2026-06-25 07:45,161.837,161.860,161.835,161.848
2026-06-25 07:50,161.848,161.856,161.828,161.838
2026-06-25 07:55,161.830,161.838,161.799,161.805
2026-06-25 08:00,161.808,161.820,161.788,161.811
2026-06-25 08:05,161.809,161.835,161.796,161.813
2026-06-25 08:10,161.813,161.834,161.810,161.813
2026-06-25 08:15,161.812,161.819,161.783,161.790
2026-06-25 08:20,161.789,161.797,161.769,161.777
2026-06-25 08:25,161.780,161.810,161.772,161.797
2026-06-25 08:30,161.788,161.802,161.771,161.775
2026-06-25 08:35,161.775,161.799,161.772,161.786
2026-06-25 08:40,161.787,161.805,161.776,161.788
2026-06-25 08:45,161.788,161.803,161.776,161.794
2026-06-25 08:50,161.795,161.827,161.791,161.821
2026-06-25 08:55,161.817,161.836,161.791,161.793
2026-06-25 09:00,161.793,161.823,161.792,161.798
2026-06-25 09:05,161.798,161.826,161.787,161.822
2026-06-25 09:10,161.814,161.826,161.802,161.818
2026-06-25 09:15,161.810,161.839,161.802,161.832
2026-06-25 09:20,161.830,161.838,161.815,161.824
2026-06-25 09:25,161.829,161.840,161.822,161.829
2026-06-25 09:30,161.829,161.837,161.794,161.820
2026-06-25 09:35,161.825,161.827,161.803,161.812
2026-06-25 09:40,161.812,161.824,161.782,161.818
2026-06-25 09:45,161.817,161.825,161.801,161.823
2026-06-25 09:50,161.813,161.827,161.804,161.807
2026-06-25 09:55,161.809,161.824,161.803,161.809
2026-06-25 10:00,161.816,161.822,161.798,161.808
2026-06-25 10:05,161.807,161.815,161.798,161.809
2026-06-25 10:10,161.802,161.823,161.800,161.822
2026-06-25 10:15,161.819,161.825,161.808,161.818
2026-06-25 10:20,161.819,161.827,161.810,161.818
2026-06-25 10:25,161.820,161.835,161.809,161.829
2026-06-25 10:30,161.830,161.835,161.820,161.823
2026-06-25 10:35,161.828,161.838,161.818,161.837
2026-06-25 10:40,161.826,161.846,161.825,161.838
2026-06-25 10:45,161.838,161.859,161.836,161.859
2026-06-25 10:50,161.858,161.882,161.845,161.868
2026-06-25 10:55,161.868,161.897,161.868,161.878
2026-06-25 11:00,161.870,161.888,161.864,161.873
2026-06-25 11:05,161.872,161.875,161.852,161.870
2026-06-25 11:10,161.863,161.880,161.854,161.874
2026-06-25 11:15,161.869,161.896,161.867,161.878
2026-06-25 11:20,161.878,161.896,161.870,161.887
2026-06-25 11:25,161.886,161.904,161.881,161.893
2026-06-25 11:30,161.893,161.922,161.885,161.919
2026-06-25 11:35,161.920,161.940,161.875,161.903
2026-06-25 11:40,161.905,161.938,161.875,161.921
2026-06-25 11:45,161.923,161.938,161.911,161.917
2026-06-25 11:50,161.920,161.950,161.736,161.897
2026-06-25 11:55,161.885,161.901,161.857,161.858
2026-06-25 12:00,161.858,161.902,161.856,161.873
2026-06-25 12:05,161.879,161.886,161.838,161.848
2026-06-25 12:10,161.840,161.880,161.837,161.861
2026-06-25 12:15,161.860,161.882,161.849,161.864
2026-06-25 12:20,161.856,161.896,161.851,161.875
2026-06-25 12:25,161.876,161.901,161.848,161.848
2026-06-25 12:30,161.870,161.883,161.760,161.832
2026-06-25 12:35,161.824,161.853,161.794,161.811
2026-06-25 12:40,161.809,161.834,161.770,161.793
2026-06-25 12:45,161.782,161.820,161.773,161.817
2026-06-25 12:50,161.810,161.845,161.803,161.831
2026-06-25 12:55,161.822,161.850,161.812,161.833
2026-06-25 13:00,161.832,161.845,161.794,161.826
2026-06-25 13:05,161.828,161.852,161.823,161.842
2026-06-25 13:10,161.849,161.857,161.806,161.821
2026-06-25 13:15,161.817,161.841,161.812,161.828
2026-06-25 13:20,161.836,161.837,161.802,161.812
2026-06-25 13:25,161.804,161.817,161.773,161.774
2026-06-25 13:30,161.778,161.807,161.769,161.794
2026-06-25 13:35,161.791,161.808,161.762,161.762
2026-06-25 13:40,161.762,161.812,161.762,161.804
2026-06-25 13:45,161.800,161.823,161.758,161.787
2026-06-25 13:50,161.792,161.808,161.745,161.767
2026-06-25 13:55,161.760,161.779,161.696,161.738
2026-06-25 14:00,161.737,161.756,161.601,161.610
2026-06-25 14:05,161.601,161.733,161.556,161.684
2026-06-25 14:10,161.687,161.717,161.670,161.699
2026-06-25 14:15,161.698,161.725,161.674,161.709
2026-06-25 14:20,161.719,161.757,161.697,161.750
2026-06-25 14:25,161.755,161.762,161.734,161.740
2026-06-25 14:30,161.737,161.747,161.694,161.699
2026-06-25 14:35,161.695,161.710,161.670,161.680
2026-06-25 14:40,161.671,161.696,161.666,161.670
2026-06-25 14:45,161.669,161.682,161.619,161.628
2026-06-25 14:50,161.627,161.653,161.605,161.639
2026-06-25 14:55,161.650,161.679,161.609,161.675
2026-06-25 15:00,161.676,161.685,161.621,161.623
2026-06-25 15:05,161.629,161.682,161.607,161.670
2026-06-25 15:10,161.669,161.709,161.654,161.688
2026-06-25 15:15,161.690,161.718,161.681,161.699
2026-06-25 15:20,161.691,161.699,161.643,161.652
2026-06-25 15:25,161.651,161.668,161.616,161.650
2026-06-25 15:30,161.643,161.670,161.627,161.667
2026-06-25 15:35,161.656,161.677,161.648,161.662
2026-06-25 15:40,161.668,161.724,161.662,161.703
2026-06-25 15:45,161.698,161.707,161.670,161.696
2026-06-25 15:50,161.689,161.724,161.688,161.722
2026-06-25 15:55,161.723,161.723,161.650,161.668
2026-06-25 16:00,161.667,161.710,161.652,161.686
2026-06-25 16:05,161.693,161.714,161.677,161.703
2026-06-25 16:10,161.694,161.705,161.685,161.692
2026-06-25 16:15,161.693,161.703,161.655,161.682
2026-06-25 16:20,161.689,161.694,161.664,161.682
2026-06-25 16:25,161.675,161.689,161.667,161.683
2026-06-25 16:30,161.688,161.707,161.681,161.700
2026-06-25 16:35,161.697,161.717,161.693,161.700
2026-06-25 16:40,161.697,161.725,161.691,161.718
2026-06-25 16:45,161.716,161.733,161.706,161.708
2026-06-25 16:50,161.710,161.756,161.708,161.736
2026-06-25 16:55,161.736,161.765,161.730,161.762
2026-06-25 17:00,161.763,161.775,161.749,161.751
2026-06-25 17:05,161.756,161.766,161.723,161.739
2026-06-25 17:10,161.740,161.758,161.736,161.756
2026-06-25 17:15,161.750,161.764,161.747,161.758
2026-06-25 17:20,161.755,161.781,161.749,161.774
2026-06-25 17:25,161.779,161.783,161.759,161.768
2026-06-25 17:30,161.765,161.799,161.765,161.794
2026-06-25 17:35,161.786,161.808,161.786,161.798
2026-06-25 17:40,161.801,161.809,161.786,161.798
2026-06-25 17:45,161.798,161.810,161.788,161.798
2026-06-25 17:50,161.791,161.797,161.754,161.763
2026-06-25 17:55,161.756,161.780,161.743,161.770
2026-06-25 18:00,161.770,161.844,161.770,161.814
2026-06-25 18:05,161.806,161.826,161.793,161.802
2026-06-25 18:10,161.796,161.802,161.758,161.766
2026-06-25 18:15,161.759,161.778,161.757,161.770
2026-06-25 18:20,161.776,161.778,161.755,161.770
2026-06-25 18:25,161.778,161.778,161.757,161.758
2026-06-25 18:30,161.757,161.785,161.757,161.781
2026-06-25 18:35,161.773,161.798,161.756,161.775
2026-06-25 18:40,161.784,161.809,161.774,161.801
2026-06-25 18:45,161.801,161.814,161.796,161.800
2026-06-25 18:50,161.801,161.809,161.762,161.773
2026-06-25 18:55,161.772,161.794,161.764,161.794
2026-06-25 19:00,161.790,161.807,161.776,161.790
2026-06-25 19:05,161.792,161.803,161.785,161.797
2026-06-25 19:10,161.796,161.826,161.787,161.810
2026-06-25 19:15,161.801,161.811,161.778,161.793
2026-06-25 19:20,161.797,161.799,161.774,161.778
2026-06-25 19:25,161.774,161.794,161.772,161.776
2026-06-25 19:30,161.776,161.784,161.756,161.764
2026-06-25 19:35,161.761,161.765,161.742,161.746
2026-06-25 19:40,161.742,161.804,161.742,161.791
2026-06-25 19:45,161.790,161.809,161.786,161.807
2026-06-25 19:50,161.799,161.823,161.792,161.820
2026-06-25 19:55,161.811,161.821,161.774,161.783
2026-06-25 20:00,161.790,161.808,161.769,161.795
2026-06-25 20:05,161.793,161.808,161.787,161.796
2026-06-25 20:10,161.797,161.815,161.788,161.802
2026-06-25 20:15,161.797,161.809,161.780,161.791
2026-06-25 20:20,161.790,161.808,161.782,161.807
2026-06-25 20:25,161.800,161.808,161.787,161.790
2026-06-25 20:30,161.791,161.804,161.783,161.796
2026-06-25 20:35,161.792,161.811,161.784,161.804
2026-06-25 20:40,161.797,161.807,161.783,161.793
2026-06-25 20:45,161.784,161.801,161.781,161.789
2026-06-25 20:50,161.786,161.801,161.777,161.790
2026-06-25 20:55,161.770,161.810,161.767,161.774
2026-06-25 21:00,161.763,161.779,161.730,161.772
2026-06-25 21:05,161.774,161.777,161.737,161.753
2026-06-25 21:10,161.761,161.761,161.725,161.746
2026-06-25 21:15,161.747,161.757,161.707,161.740
2026-06-25 21:20,161.740,161.765,161.662,161.685
2026-06-25 21:25,161.718,161.786,161.685,161.766
2026-06-25 21:30,161.767,161.797,161.736,161.781
2026-06-25 21:35,161.798,161.812,161.735,161.741
2026-06-25 21:40,161.756,161.802,161.728,161.760
2026-06-25 21:45,161.766,161.804,161.732,161.760
2026-06-25 21:50,161.770,161.788,161.747,161.748
2026-06-25 21:55,161.777,161.793,161.689,161.735
2026-06-25 22:00,161.760,161.808,161.735,161.765
2026-06-25 22:05,161.765,161.789,161.754,161.761
2026-06-25 22:10,161.776,161.805,161.756,161.774
2026-06-25 22:15,161.774,161.804,161.771,161.775
2026-06-25 22:20,161.775,161.792,161.772,161.784
2026-06-25 22:25,161.780,161.791,161.762,161.775
2026-06-25 22:30,161.776,161.790,161.760,161.775
2026-06-25 22:35,161.764,161.789,161.761,161.769
2026-06-25 22:40,161.772,161.782,161.765,161.780
2026-06-25 22:45,161.779,161.787,161.763,161.772
2026-06-25 22:50,161.773,161.782,161.766,161.772
2026-06-25 22:55,161.771,161.799,161.761,161.784
2026-06-25 23:00,161.778,161.796,161.753,161.779
2026-06-25 23:05,161.784,161.802,161.778,161.779
2026-06-25 23:10,161.782,161.803,161.778,161.790
2026-06-25 23:15,161.790,161.817,161.790,161.808
2026-06-25 23:20,161.805,161.818,161.795,161.805
2026-06-25 23:25,161.805,161.814,161.790,161.790
2026-06-25 23:30,161.792,161.811,161.761,161.797
2026-06-25 23:35,161.802,161.814,161.780,161.798
2026-06-25 23:40,161.789,161.804,161.788,161.798
2026-06-25 23:45,161.793,161.802,161.778,161.787
2026-06-25 23:50,161.780,161.802,161.777,161.799
2026-06-25 23:55,161.793,161.810,161.787,161.802
2026-06-26 00:00,161.797,161.816,161.783,161.808
2026-06-26 00:05,161.803,161.818,161.793,161.815
2026-06-26 00:10,161.816,161.828,161.796,161.800
2026-06-26 00:15,161.799,161.821,161.784,161.815
2026-06-26 00:20,161.819,161.822,161.807,161.815
2026-06-26 00:25,161.807,161.823,161.806,161.814
2026-06-26 00:30,161.811,161.832,161.809,161.821
2026-06-26 00:35,161.821,161.830,161.789,161.797
2026-06-26 00:40,161.797,161.816,161.793,161.801
2026-06-26 00:45,161.798,161.833,161.794,161.827
2026-06-26 00:50,161.822,161.842,161.809,161.831
2026-06-26 00:55,161.830,161.841,161.803,161.832
2026-06-26 01:00,161.824,161.838,161.814,161.831
2026-06-26 01:05,161.828,161.835,161.812,161.816
2026-06-26 01:10,161.814,161.823,161.804,161.816
2026-06-26 01:15,161.812,161.833,161.806,161.829
2026-06-26 01:20,161.825,161.834,161.818,161.824
2026-06-26 01:25,161.827,161.844,161.822,161.834
2026-06-26 01:30,161.834,161.846,161.819,161.835
2026-06-26 01:35,161.843,161.850,161.820,161.828
2026-06-26 01:40,161.822,161.845,161.816,161.843
2026-06-26 01:45,161.844,161.845,161.824,161.842
2026-06-26 01:50,161.837,161.844,161.823,161.831
2026-06-26 01:55,161.827,161.834,161.787,161.805
2026-06-26 02:00,161.797,161.808,161.785,161.796
2026-06-26 02:05,161.790,161.812,161.776,161.806
2026-06-26 02:10,161.807,161.807,161.785,161.791
2026-06-26 02:15,161.788,161.805,161.782,161.804
2026-06-26 02:20,161.796,161.818,161.787,161.801
2026-06-26 02:25,161.805,161.815,161.797,161.809
2026-06-26 02:30,161.810,161.810,161.786,161.792
2026-06-26 02:35,161.786,161.798,161.773,161.789
2026-06-26 02:40,161.781,161.799,161.781,161.794
2026-06-26 02:45,161.790,161.804,161.768,161.793
2026-06-26 02:50,161.788,161.796,161.772,161.781
2026-06-26 02:55,161.773,161.787,161.763,161.769
2026-06-26 03:00,161.770,161.780,161.726,161.739
2026-06-26 03:05,161.733,161.756,161.724,161.755
2026-06-26 03:10,161.754,161.757,161.716,161.743
2026-06-26 03:15,161.736,161.757,161.728,161.730
2026-06-26 03:20,161.732,161.746,161.725,161.730
2026-06-26 03:25,161.729,161.736,161.719,161.728
2026-06-26 03:30,161.724,161.738,161.721,161.731
2026-06-26 03:35,161.732,161.734,161.688,161.708
2026-06-26 03:40,161.708,161.715,161.645,161.649
2026-06-26 03:45,161.652,161.662,161.616,161.639
2026-06-26 03:50,161.639,161.674,161.626,161.650
2026-06-26 03:55,161.646,161.669,161.614,161.648
2026-06-26 04:00,161.643,161.685,161.643,161.661
2026-06-26 04:05,161.664,161.682,161.631,161.642
2026-06-26 04:10,161.640,161.655,161.588,161.636
2026-06-26 04:15,161.629,161.652,161.616,161.639
2026-06-26 04:20,161.647,161.655,161.627,161.634
2026-06-26 04:25,161.631,161.637,161.559,161.591
2026-06-26 04:30,161.594,161.618,161.588,161.592
2026-06-26 04:35,161.594,161.604,161.566,161.601
2026-06-26 04:40,161.593,161.628,161.579,161.616
2026-06-26 04:45,161.604,161.651,161.603,161.642
2026-06-26 04:50,161.641,161.657,161.630,161.636
2026-06-26 04:55,161.633,161.642,161.618,161.622
2026-06-26 05:00,161.621,161.639,161.614,161.629
2026-06-26 05:05,161.624,161.643,161.608,161.624
2026-06-26 05:10,161.617,161.639,161.615,161.630
2026-06-26 05:15,161.621,161.639,161.607,161.618
2026-06-26 05:20,161.618,161.636,161.615,161.636
2026-06-26 05:25,161.630,161.636,161.590,161.597
2026-06-26 05:30,161.596,161.625,161.596,161.619
2026-06-26 05:35,161.615,161.628,161.601,161.609
2026-06-26 05:40,161.613,161.615,161.555,161.572
2026-06-26 05:45,161.571,161.586,161.534,161.580
2026-06-26 05:50,161.585,161.596,161.550,161.560
2026-06-26 05:55,161.550,161.560,161.531,161.536
2026-06-26 06:00,161.536,161.623,161.525,161.611
2026-06-26 06:05,161.613,161.641,161.611,161.614
2026-06-26 06:10,161.613,161.627,161.589,161.603
2026-06-26 06:15,161.603,161.651,161.600,161.637
2026-06-26 06:20,161.636,161.671,161.615,161.662
2026-06-26 06:25,161.663,161.687,161.644,161.670
2026-06-26 06:30,161.670,161.678,161.620,161.658
2026-06-26 06:35,161.658,161.704,161.658,161.688
2026-06-26 06:40,161.689,161.700,161.678,161.692
2026-06-26 06:45,161.692,161.731,161.689,161.718
2026-06-26 06:50,161.719,161.740,161.694,161.712
2026-06-26 06:55,161.708,161.750,161.699,161.711
2026-06-26 07:00,161.711,161.727,161.698,161.718
2026-06-26 07:05,161.716,161.724,161.666,161.669
2026-06-26 07:10,161.677,161.679,161.636,161.653
2026-06-26 07:15,161.656,161.678,161.646,161.661
2026-06-26 07:20,161.655,161.692,161.654,161.683
2026-06-26 07:25,161.683,161.709,161.681,161.687
2026-06-26 07:30,161.691,161.706,161.640,161.657
2026-06-26 07:35,161.656,161.668,161.617,161.624
2026-06-26 07:40,161.618,161.655,161.612,161.649
2026-06-26 07:45,161.643,161.665,161.636,161.641
2026-06-26 07:50,161.648,161.657,161.624,161.640
2026-06-26 07:55,161.634,161.642,161.616,161.627
2026-06-26 08:00,161.618,161.631,161.603,161.617
2026-06-26 08:05,161.619,161.639,161.531,161.549
2026-06-26 08:10,161.551,161.602,161.549,161.572
2026-06-26 08:15,161.567,161.594,161.565,161.573
2026-06-26 08:20,161.576,161.601,161.566,161.569
2026-06-26 08:25,161.570,161.596,161.553,161.578
2026-06-26 08:30,161.583,161.657,161.579,161.639
2026-06-26 08:35,161.631,161.642,161.618,161.628
2026-06-26 08:40,161.626,161.648,161.600,161.605
2026-06-26 08:45,161.606,161.642,161.581,161.630
2026-06-26 08:50,161.620,161.629,161.561,161.582
2026-06-26 08:55,161.576,161.604,161.576,161.589
2026-06-26 09:00,161.580,161.599,161.565,161.573
2026-06-26 09:05,161.568,161.583,161.535,161.559
2026-06-26 09:10,161.554,161.570,161.538,161.568
2026-06-26 09:15,161.566,161.592,161.541,161.581
2026-06-26 09:20,161.583,161.631,161.578,161.596
2026-06-26 09:25,161.605,161.625,161.583,161.592
2026-06-26 09:30,161.593,161.624,161.582,161.596
2026-06-26 09:35,161.589,161.599,161.577,161.595
2026-06-26 09:40,161.591,161.595,161.561,161.573
2026-06-26 09:45,161.573,161.590,161.526,161.550
2026-06-26 09:50,161.555,161.583,161.532,161.580
2026-06-26 09:55,161.576,161.611,161.569,161.605
2026-06-26 10:00,161.600,161.612,161.584,161.591
2026-06-26 10:05,161.588,161.601,161.564,161.579
2026-06-26 10:10,161.575,161.608,161.574,161.591
2026-06-26 10:15,161.588,161.628,161.588,161.623
2026-06-26 10:20,161.622,161.643,161.613,161.619
2026-06-26 10:25,161.622,161.629,161.598,161.602
2026-06-26 10:30,161.608,161.608,161.578,161.590
2026-06-26 10:35,161.590,161.609,161.589,161.601
2026-06-26 10:40,161.593,161.617,161.589,161.606
2026-06-26 10:45,161.614,161.631,161.606,161.625
2026-06-26 10:50,161.624,161.629,161.604,161.616
2026-06-26 10:55,161.615,161.628,161.612,161.613
2026-06-26 11:00,161.613,161.638,161.601,161.628
2026-06-26 11:05,161.630,161.636,161.616,161.626
2026-06-26 11:10,161.632,161.648,161.616,161.630
2026-06-26 11:15,161.624,161.639,161.610,161.619
2026-06-26 11:20,161.616,161.633,161.604,161.614
2026-06-26 11:25,161.614,161.633,161.608,161.620
2026-06-26 11:30,161.617,161.627,161.612,161.619
2026-06-26 11:35,161.618,161.648,161.617,161.632
2026-06-26 11:40,161.632,161.644,161.625,161.634
2026-06-26 11:45,161.631,161.671,161.631,161.670
2026-06-26 11:50,161.666,161.682,161.657,161.666
2026-06-26 11:55,161.663,161.678,161.654,161.661
2026-06-26 12:00,161.657,161.670,161.640,161.652
2026-06-26 12:05,161.648,161.662,161.636,161.647
2026-06-26 12:10,161.645,161.662,161.630,161.652
2026-06-26 12:15,161.652,161.660,161.632,161.644
2026-06-26 12:20,161.643,161.681,161.643,161.666
2026-06-26 12:25,161.670,161.681,161.658,161.667
2026-06-26 12:30,161.667,161.691,161.658,161.686
2026-06-26 12:35,161.687,161.691,161.677,161.681
2026-06-26 12:40,161.689,161.705,161.680,161.700
2026-06-26 12:45,161.692,161.703,161.678,161.691
2026-06-26 12:50,161.697,161.699,161.668,161.685
2026-06-26 12:55,161.683,161.696,161.642,161.653
2026-06-26 13:00,161.655,161.682,161.640,161.641
2026-06-26 13:05,161.640,161.665,161.628,161.663
2026-06-26 13:10,161.656,161.671,161.643,161.663
2026-06-26 13:15,161.658,161.723,161.656,161.692
2026-06-26 13:20,161.701,161.706,161.646,161.657
2026-06-26 13:25,161.657,161.676,161.634,161.648
2026-06-26 13:30,161.648,161.671,161.630,161.640
2026-06-26 13:35,161.639,161.656,161.629,161.642
2026-06-26 13:40,161.642,161.651,161.613,161.623
2026-06-26 13:45,161.623,161.658,161.618,161.650
2026-06-26 13:50,161.652,161.689,161.636,161.654
2026-06-26 13:55,161.662,161.673,161.606,161.622
2026-06-26 14:00,161.603,161.645,161.599,161.627
2026-06-26 14:05,161.627,161.638,161.599,161.626
2026-06-26 14:10,161.620,161.633,161.606,161.619
2026-06-26 14:15,161.619,161.628,161.581,161.595
2026-06-26 14:20,161.595,161.602,161.573,161.592
2026-06-26 14:25,161.590,161.622,161.576,161.610
2026-06-26 14:30,161.609,161.624,161.601,161.616
2026-06-26 14:35,161.614,161.623,161.596,161.606
2026-06-26 14:40,161.610,161.641,161.601,161.612
2026-06-26 14:45,161.609,161.629,161.583,161.608
2026-06-26 14:50,161.607,161.654,161.606,161.652
2026-06-26 14:55,161.644,161.741,161.644,161.730
2026-06-26 15:00,161.720,161.746,161.693,161.705
2026-06-26 15:05,161.705,161.713,161.668,161.679
2026-06-26 15:10,161.678,161.689,161.636,161.650
2026-06-26 15:15,161.650,161.680,161.638,161.674
2026-06-26 15:20,161.669,161.678,161.640,161.642
2026-06-26 15:25,161.642,161.668,161.642,161.661
2026-06-26 15:30,161.654,161.674,161.640,161.666
2026-06-26 15:35,161.666,161.673,161.641,161.655
2026-06-26 15:40,161.654,161.663,161.640,161.648
2026-06-26 15:45,161.647,161.657,161.627,161.641
2026-06-26 15:50,161.641,161.727,161.640,161.695
2026-06-26 15:55,161.696,161.703,161.664,161.666
2026-06-26 16:00,161.665,161.687,161.655,161.656
2026-06-26 16:05,161.665,161.688,161.653,161.687
2026-06-26 16:10,161.682,161.700,161.682,161.693
2026-06-26 16:15,161.694,161.704,161.683,161.698
2026-06-26 16:20,161.699,161.743,161.687,161.734
2026-06-26 16:25,161.734,161.748,161.727,161.732
2026-06-26 16:30,161.732,161.751,161.706,161.745
2026-06-26 16:35,161.739,161.771,161.738,161.742
2026-06-26 16:40,161.749,161.749,161.717,161.738
2026-06-26 16:45,161.739,161.743,161.728,161.736
2026-06-26 16:50,161.736,161.757,161.732,161.750
2026-06-26 16:55,161.750,161.766,161.737,161.751
2026-06-26 17:00,161.750,161.767,161.737,161.744
2026-06-26 17:05,161.742,161.753,161.723,161.732
2026-06-26 17:10,161.732,161.751,161.730,161.747
2026-06-26 17:15,161.748,161.752,161.730,161.751
2026-06-26 17:20,161.750,161.753,161.728,161.737
2026-06-26 17:25,161.731,161.752,161.730,161.739
2026-06-26 17:30,161.737,161.765,161.732,161.755
2026-06-26 17:35,161.748,161.764,161.744,161.754
2026-06-26 17:40,161.755,161.764,161.732,161.747
2026-06-26 17:45,161.739,161.755,161.733,161.747
2026-06-26 17:50,161.745,161.764,161.729,161.753
2026-06-26 17:55,161.753,161.777,161.742,161.772
2026-06-26 18:00,161.765,161.777,161.742,161.745
2026-06-26 18:05,161.743,161.759,161.739,161.756
2026-06-26 18:10,161.752,161.763,161.737,161.754
2026-06-26 18:15,161.750,161.768,161.745,161.748
2026-06-26 18:20,161.748,161.756,161.738,161.746
2026-06-26 18:25,161.747,161.755,161.726,161.733
2026-06-26 18:30,161.731,161.737,161.708,161.720
2026-06-26 18:35,161.726,161.731,161.718,161.726
2026-06-26 18:40,161.725,161.742,161.722,161.724
2026-06-26 18:45,161.730,161.749,161.718,161.729
2026-06-26 18:50,161.729,161.731,161.712,161.722
2026-06-26 18:55,161.723,161.741,161.705,161.732
2026-06-26 19:00,161.731,161.746,161.718,161.724
2026-06-26 19:05,161.721,161.732,161.709,161.714
2026-06-26 19:10,161.712,161.732,161.712,161.719
2026-06-26 19:15,161.719,161.733,161.719,161.724
2026-06-26 19:20,161.725,161.733,161.720,161.724
2026-06-26 19:25,161.725,161.741,161.721,161.735
2026-06-26 19:30,161.735,161.744,161.724,161.731
2026-06-26 19:35,161.730,161.752,161.722,161.751
2026-06-26 19:40,161.747,161.761,161.741,161.750
2026-06-26 19:45,161.748,161.756,161.731,161.738
2026-06-26 19:50,161.734,161.739,161.703,161.708
2026-06-26 19:55,161.708,161.766,161.708,161.757
2026-06-26 20:00,161.758,161.766,161.744,161.753
2026-06-26 20:05,161.748,161.757,161.738,161.752
2026-06-26 20:10,161.745,161.756,161.740,161.746
2026-06-26 20:15,161.746,161.780,161.743,161.747
2026-06-26 20:20,161.748,161.759,161.740,161.742
2026-06-26 20:25,161.742,161.770,161.718,161.745
2026-06-26 20:30,161.736,161.768,161.719,161.754
2026-06-26 20:35,161.750,161.781,161.744,161.749
2026-06-26 20:40,161.755,161.776,161.723,161.730
2026-06-26 20:45,161.730,161.752,161.721,161.744
2026-06-26 20:50,161.731,161.764,161.728,161.754
2026-06-26 20:55,161.754,161.777,161.693,161.693
2026-06-26 21:00,161.685,161.685,161.685,161.685
2026-06-26 21:15,161.730,161.730,161.730,161.730
2026-06-28 23:00,161.780,161.793,161.762,161.782
2026-06-28 23:05,161.774,161.795,161.772,161.785
2026-06-28 23:10,161.778,161.798,161.774,161.798
2026-06-28 23:15,161.792,161.799,161.785,161.791
2026-06-28 23:20,161.794,161.798,161.785,161.788
2026-06-28 23:25,161.793,161.797,161.783,161.787
2026-06-28 23:30,161.787,161.805,161.781,161.788
2026-06-28 23:35,161.789,161.808,161.778,161.802
2026-06-28 23:40,161.801,161.810,161.786,161.786
2026-06-28 23:45,161.789,161.796,161.772,161.788
2026-06-28 23:50,161.787,161.806,161.783,161.789
2026-06-28 23:55,161.789,161.808,161.787,161.787
2026-06-29 00:00,161.787,161.797,161.736,161.738
2026-06-29 00:05,161.744,161.761,161.737,161.743
2026-06-29 00:10,161.744,161.752,161.731,161.738
2026-06-29 00:15,161.738,161.756,161.721,161.751
2026-06-29 00:20,161.755,161.771,161.741,161.760
2026-06-29 00:25,161.762,161.789,161.759,161.764
2026-06-29 00:30,161.762,161.772,161.739,161.756
2026-06-29 00:35,161.755,161.762,161.732,161.746
2026-06-29 00:40,161.742,161.752,161.734,161.736
2026-06-29 00:45,161.736,161.760,161.733,161.758
2026-06-29 00:50,161.759,161.765,161.711,161.722
2026-06-29 00:55,161.727,161.770,161.722,161.754
2026-06-29 01:00,161.753,161.775,161.737,161.764
2026-06-29 01:05,161.765,161.773,161.753,161.759
2026-06-29 01:10,161.759,161.764,161.745,161.748
2026-06-29 01:15,161.750,161.759,161.727,161.745
2026-06-29 01:20,161.741,161.758,161.731,161.743
2026-06-29 01:25,161.742,161.778,161.739,161.766
2026-06-29 01:30,161.760,161.770,161.746,161.748
2026-06-29 01:35,161.747,161.772,161.746,161.762
2026-06-29 01:40,161.762,161.778,161.754,161.767
2026-06-29 01:45,161.766,161.783,161.762,161.772
2026-06-29 01:50,161.771,161.790,161.768,161.775
2026-06-29 01:55,161.774,161.794,161.771,161.790
2026-06-29 02:00,161.787,161.792,161.772,161.772
2026-06-29 02:05,161.772,161.780,161.736,161.748
2026-06-29 02:10,161.749,161.760,161.740,161.750
2026-06-29 02:15,161.749,161.756,161.736,161.743
2026-06-29 02:20,161.737,161.750,161.725,161.749
2026-06-29 02:25,161.744,161.762,161.736,161.761
2026-06-29 02:30,161.754,161.767,161.752,161.761
2026-06-29 02:35,161.753,161.783,161.752,161.769
2026-06-29 02:40,161.768,161.783,161.766,161.766
2026-06-29 02:45,161.766,161.780,161.760,161.780
2026-06-29 02:50,161.776,161.792,161.774,161.782
2026-06-29 02:55,161.782,161.788,161.770,161.783
2026-06-29 03:00,161.782,161.794,161.778,161.782
2026-06-29 03:05,161.782,161.793,161.774,161.780
2026-06-29 03:10,161.778,161.792,161.776,161.786
2026-06-29 03:15,161.781,161.788,161.770,161.775
2026-06-29 03:20,161.776,161.786,161.774,161.778
2026-06-29 03:25,161.777,161.783,161.770,161.774
2026-06-29 03:30,161.774,161.779,161.767,161.774
2026-06-29 03:35,161.772,161.788,161.770,161.780
2026-06-29 03:40,161.778,161.788,161.768,161.779
2026-06-29 03:45,161.778,161.784,161.767,161.776
2026-06-29 03:50,161.784,161.787,161.776,161.777
2026-06-29 03:55,161.777,161.799,161.777,161.799
2026-06-29 04:00,161.790,161.799,161.778,161.787
2026-06-29 04:05,161.787,161.797,161.785,161.788
2026-06-29 04:10,161.787,161.795,161.782,161.785
2026-06-29 04:15,161.786,161.804,161.782,161.797
2026-06-29 04:20,161.803,161.804,161.790,161.796
2026-06-29 04:25,161.801,161.814,161.794,161.808
2026-06-29 04:30,161.808,161.815,161.800,161.800
2026-06-29 04:35,161.801,161.812,161.798,161.800
2026-06-29 04:40,161.800,161.808,161.790,161.800
2026-06-29 04:45,161.799,161.807,161.785,161.792
2026-06-29 04:50,161.797,161.807,161.786,161.798
2026-06-29 04:55,161.800,161.815,161.798,161.808
2026-06-29 05:00,161.808,161.816,161.802,161.806
2026-06-29 05:05,161.807,161.813,161.790,161.798
2026-06-29 05:10,161.799,161.804,161.777,161.784
2026-06-29 05:15,161.784,161.799,161.783,161.786
2026-06-29 05:20,161.786,161.799,161.782,161.791
2026-06-29 05:25,161.791,161.811,161.789,161.796
2026-06-29 05:30,161.794,161.806,161.788,161.790
2026-06-29 05:35,161.791,161.801,161.787,161.788
2026-06-29 05:40,161.790,161.798,161.785,161.788
2026-06-29 05:45,161.789,161.798,161.775,161.790
2026-06-29 05:50,161.790,161.798,161.778,161.782
2026-06-29 05:55,161.784,161.809,161.779,161.803
2026-06-29 06:00,161.796,161.813,161.788,161.793
2026-06-29 06:05,161.793,161.806,161.787,161.796
2026-06-29 06:10,161.793,161.822,161.793,161.807
2026-06-29 06:15,161.806,161.824,161.804,161.814
2026-06-29 06:20,161.815,161.851,161.812,161.835
2026-06-29 06:25,161.828,161.850,161.825,161.837
2026-06-29 06:30,161.838,161.852,161.826,161.834
2026-06-29 06:35,161.834,161.843,161.802,161.804
2026-06-29 06:40,161.804,161.822,161.796,161.797
2026-06-29 06:45,161.800,161.817,161.782,161.788
2026-06-29 06:50,161.788,161.809,161.782,161.806
2026-06-29 06:55,161.800,161.807,161.770,161.791
2026-06-29 07:00,161.785,161.818,161.785,161.812
2026-06-29 07:05,161.811,161.812,161.787,161.802
2026-06-29 07:10,161.802,161.818,161.795,161.806
2026-06-29 07:15,161.799,161.811,161.796,161.805
2026-06-29 07:20,161.807,161.818,161.787,161.788
2026-06-29 07:25,161.798,161.803,161.782,161.785
2026-06-29 07:30,161.785,161.808,161.784,161.793
2026-06-29 07:35,161.798,161.812,161.788,161.789
2026-06-29 07:40,161.789,161.808,161.788,161.799
2026-06-29 07:45,161.799,161.813,161.796,161.810
2026-06-29 07:50,161.803,161.825,161.797,161.816
2026-06-29 07:55,161.815,161.832,161.810,161.820
2026-06-29 08:00,161.819,161.829,161.800,161.805
2026-06-29 08:05,161.805,161.820,161.796,161.816
2026-06-29 08:10,161.812,161.820,161.796,161.807
2026-06-29 08:15,161.808,161.842,161.798,161.830
2026-06-29 08:20,161.830,161.848,161.822,161.837
2026-06-29 08:25,161.837,161.850,161.829,161.842
2026-06-29 08:30,161.838,161.847,161.829,161.838
2026-06-29 08:35,161.838,161.854,161.837,161.839
2026-06-29 08:40,161.839,161.857,161.838,161.849
2026-06-29 08:45,161.849,161.860,161.842,161.843
2026-06-29 08:50,161.840,161.851,161.833,161.835
2026-06-29 08:55,161.840,161.856,161.831,161.848
2026-06-29 09:00,161.848,161.855,161.825,161.836
2026-06-29 09:05,161.827,161.856,161.827,161.845
2026-06-29 09:10,161.845,161.860,161.842,161.852
2026-06-29 09:15,161.860,161.863,161.846,161.852
2026-06-29 09:20,161.850,161.867,161.849,161.863
2026-06-29 09:25,161.859,161.882,161.859,161.875
2026-06-29 09:30,161.867,161.886,161.862,161.864
2026-06-29 09:35,161.864,161.887,161.862,161.879
2026-06-29 09:40,161.883,161.898,161.875,161.887
2026-06-29 09:45,161.887,161.900,161.873,161.882
2026-06-29 09:50,161.875,161.900,161.875,161.894
2026-06-29 09:55,161.895,161.899,161.874,161.885
2026-06-29 10:00,161.879,161.897,161.878,161.896
2026-06-29 10:05,161.889,161.901,161.880,161.887
2026-06-29 10:10,161.881,161.892,161.872,161.885
2026-06-29 10:15,161.879,161.891,161.877,161.878
2026-06-29 10:20,161.884,161.899,161.878,161.881
2026-06-29 10:25,161.882,161.890,161.874,161.875
2026-06-29 10:30,161.875,161.883,161.865,161.870
2026-06-29 10:35,161.868,161.884,161.866,161.866
2026-06-29 10:40,161.866,161.877,161.862,161.873
2026-06-29 10:45,161.866,161.884,161.858,161.859
2026-06-29 10:50,161.859,161.867,161.840,161.843
2026-06-29 10:55,161.842,161.863,161.841,161.852
2026-06-29 11:00,161.850,161.858,161.837,161.839
2026-06-29 11:05,161.840,161.863,161.837,161.848
2026-06-29 11:10,161.853,161.859,161.843,161.851
2026-06-29 11:15,161.852,161.861,161.834,161.837
2026-06-29 11:20,161.838,161.849,161.827,161.836
2026-06-29 11:25,161.834,161.845,161.827,161.828
2026-06-29 11:30,161.828,161.845,161.805,161.823
2026-06-29 11:35,161.825,161.847,161.815,161.839
2026-06-29 11:40,161.838,161.848,161.825,161.837
2026-06-29 11:45,161.847,161.852,161.826,161.840
2026-06-29 11:50,161.833,161.844,161.826,161.833
2026-06-29 11:55,161.828,161.841,161.811,161.834
2026-06-29 12:00,161.832,161.858,161.827,161.856
2026-06-29 12:05,161.851,161.860,161.839,161.841
2026-06-29 12:10,161.841,161.860,161.841,161.849
2026-06-29 12:15,161.844,161.864,161.842,161.853
2026-06-29 12:20,161.856,161.885,161.852,161.864
2026-06-29 12:25,161.870,161.888,161.861,161.878
2026-06-29 12:30,161.878,161.888,161.861,161.880
2026-06-29 12:35,161.876,161.895,161.864,161.888
2026-06-29 12:40,161.882,161.905,161.877,161.887
2026-06-29 12:45,161.887,161.899,161.874,161.874
2026-06-29 12:50,161.874,161.902,161.874,161.892
2026-06-29 12:55,161.892,161.901,161.880,161.888
2026-06-29 13:00,161.889,161.896,161.878,161.891
2026-06-29 13:05,161.883,161.899,161.880,161.887
2026-06-29 13:10,161.889,161.896,161.877,161.888
2026-06-29 13:15,161.888,161.916,161.883,161.903
2026-06-29 13:20,161.898,161.936,161.898,161.930
2026-06-29 13:25,161.921,161.936,161.916,161.919
2026-06-29 13:30,161.919,161.935,161.912,161.919
2026-06-29 13:35,161.924,161.947,161.891,161.926
2026-06-29 13:40,161.930,161.944,161.925,161.939
2026-06-29 13:45,161.932,161.950,161.917,161.929
2026-06-29 13:50,161.929,161.947,161.927,161.940
2026-06-29 13:55,161.940,161.965,161.894,161.952
2026-06-29 14:00,161.953,161.957,161.803,161.894
2026-06-29 14:05,161.889,161.923,161.877,161.904
2026-06-29 14:10,161.903,161.913,161.867,161.900
2026-06-29 14:15,161.909,161.931,161.878,161.889
2026-06-29 14:20,161.885,161.904,161.876,161.884
2026-06-29 14:25,161.885,161.922,161.876,161.921
2026-06-29 14:30,161.912,161.921,161.890,161.909
2026-06-29 14:35,161.909,161.916,161.890,161.903
2026-06-29 14:40,161.906,161.928,161.892,161.921
2026-06-29 14:45,161.920,161.939,161.908,161.927
2026-06-29 14:50,161.928,161.933,161.907,161.907
2026-06-29 14:55,161.907,161.938,161.902,161.924
2026-06-29 15:00,161.924,161.943,161.919,161.929
2026-06-29 15:05,161.926,161.944,161.926,161.933
2026-06-29 15:10,161.931,161.940,161.918,161.930
2026-06-29 15:15,161.930,161.937,161.915,161.932
2026-06-29 15:20,161.935,161.948,161.927,161.934
2026-06-29 15:25,161.933,161.944,161.926,161.930
2026-06-29 15:30,161.927,161.945,161.919,161.933
2026-06-29 15:35,161.933,161.953,161.932,161.939
2026-06-29 15:40,161.938,161.946,161.922,161.933
2026-06-29 15:45,161.924,161.940,161.920,161.935
2026-06-29 15:50,161.934,161.939,161.919,161.935
2026-06-29 15:55,161.931,161.940,161.918,161.929
2026-06-29 16:00,161.933,161.939,161.918,161.933
2026-06-29 16:05,161.925,161.936,161.911,161.914
2026-06-29 16:10,161.912,161.937,161.911,161.934
2026-06-29 16:15,161.926,161.937,161.920,161.924
2026-06-29 16:20,161.924,161.941,161.922,161.933
2026-06-29 16:25,161.932,161.939,161.926,161.937
2026-06-29 16:30,161.933,161.941,161.928,161.940
2026-06-29 16:35,161.939,161.940,161.926,161.927
2026-06-29 16:40,161.927,161.938,161.921,161.930
2026-06-29 16:45,161.928,161.938,161.918,161.922
2026-06-29 16:50,161.922,161.931,161.916,161.919
2026-06-29 16:55,161.917,161.946,161.917,161.937
2026-06-29 17:00,161.938,161.946,161.933,161.940
2026-06-29 17:05,161.935,161.943,161.932,161.934
2026-06-29 17:10,161.935,161.943,161.929,161.934
2026-06-29 17:15,161.930,161.952,161.930,161.938
2026-06-29 17:20,161.939,161.959,161.936,161.954
2026-06-29 17:25,161.953,161.960,161.942,161.945
2026-06-29 17:30,161.943,161.952,161.931,161.932
2026-06-29 17:35,161.938,161.938,161.924,161.935
2026-06-29 17:40,161.932,161.949,161.926,161.944
2026-06-29 17:45,161.941,161.951,161.939,161.940
2026-06-29 17:50,161.940,161.949,161.928,161.928
2026-06-29 17:55,161.928,161.946,161.912,161.927
2026-06-29 18:00,161.931,161.943,161.927,161.932
2026-06-29 18:05,161.933,161.949,161.927,161.932
2026-06-29 18:10,161.936,161.940,161.926,161.929
2026-06-29 18:15,161.935,161.938,161.921,161.928
2026-06-29 18:20,161.924,161.936,161.923,161.926
2026-06-29 18:25,161.925,161.946,161.924,161.940
2026-06-29 18:30,161.940,161.947,161.938,161.939
2026-06-29 18:35,161.940,161.951,161.938,161.940
2026-06-29 18:40,161.941,161.951,161.938,161.940
2026-06-29 18:45,161.940,161.968,161.938,161.951
2026-06-29 18:50,161.950,161.972,161.949,161.960
2026-06-29 18:55,161.962,161.984,161.961,161.965
2026-06-29 19:00,161.965,161.972,161.942,161.942
2026-06-29 19:05,161.944,161.961,161.942,161.954
2026-06-29 19:10,161.953,161.971,161.953,161.960
2026-06-29 19:15,161.955,161.961,161.949,161.961
2026-06-29 19:20,161.955,161.961,161.940,161.947
2026-06-29 19:25,161.944,161.951,161.931,161.941
2026-06-29 19:30,161.936,161.941,161.919,161.927
2026-06-29 19:35,161.925,161.935,161.919,161.924
2026-06-29 19:40,161.924,161.935,161.922,161.926
2026-06-29 19:45,161.924,161.933,161.916,161.919
2026-06-29 19:50,161.925,161.929,161.900,161.917
2026-06-29 19:55,161.916,161.948,161.916,161.942
2026-06-29 20:00,161.943,161.957,161.928,161.934
2026-06-29 20:05,161.945,161.947,161.930,161.938
2026-06-29 20:10,161.935,161.944,161.930,161.930
2026-06-29 20:15,161.929,161.941,161.924,161.934
2026-06-29 20:20,161.934,161.944,161.932,161.941
2026-06-29 20:25,161.937,161.945,161.923,161.935
2026-06-29 20:30,161.935,161.952,161.933,161.944
2026-06-29 20:35,161.946,161.963,161.942,161.952
2026-06-29 20:40,161.953,161.961,161.940,161.941
2026-06-29 20:45,161.941,161.962,161.935,161.959
2026-06-29 20:50,161.954,161.969,161.942,161.952
2026-06-29 20:55,161.947,161.961,161.904,161.926
2026-06-29 21:00,161.928,161.928,161.855,161.885
2026-06-29 21:05,161.873,161.928,161.872,161.902
2026-06-29 21:10,161.883,161.914,161.867,161.896
2026-06-29 21:15,161.902,161.926,161.894,161.913
2026-06-29 21:20,161.908,161.926,161.859,161.888
2026-06-29 21:25,161.859,161.904,161.852,161.874
2026-06-29 21:30,161.889,161.910,161.856,161.888
2026-06-29 21:35,161.857,161.911,161.854,161.858
2026-06-29 21:40,161.858,161.909,161.850,161.865
2026-06-29 21:45,161.865,161.909,161.865,161.878
2026-06-29 21:50,161.878,161.909,161.835,161.892
2026-06-29 21:55,161.870,161.911,161.866,161.895
2026-06-29 22:00,161.890,161.927,161.829,161.912
2026-06-29 22:05,161.892,161.940,161.890,161.937
2026-06-29 22:10,161.931,161.939,161.898,161.931
2026-06-29 22:15,161.931,161.939,161.905,161.937
2026-06-29 22:20,161.938,161.941,161.913,161.934
2026-06-29 22:25,161.936,161.944,161.911,161.924
2026-06-29 22:30,161.914,161.939,161.912,161.921
2026-06-29 22:35,161.921,161.939,161.918,161.924
2026-06-29 22:40,161.923,161.939,161.915,161.935
2026-06-29 22:45,161.920,161.938,161.916,161.925
2026-06-29 22:50,161.918,161.930,161.912,161.918
2026-06-29 22:55,161.912,161.930,161.911,161.925
2026-06-29 23:00,161.924,161.926,161.905,161.922
2026-06-29 23:05,161.916,161.925,161.900,161.915
2026-06-29 23:10,161.913,161.926,161.909,161.921
2026-06-29 23:15,161.915,161.927,161.909,161.920
2026-06-29 23:20,161.914,161.928,161.913,161.922
2026-06-29 23:25,161.918,161.930,161.912,161.912
2026-06-29 23:30,161.914,161.929,161.912,161.923
2026-06-29 23:35,161.922,161.928,161.900,161.923
2026-06-29 23:40,161.919,161.924,161.901,161.908
2026-06-29 23:45,161.909,161.919,161.904,161.909
2026-06-29 23:50,161.908,161.920,161.906,161.912
2026-06-29 23:55,161.914,161.929,161.912,161.926
2026-06-30 00:00,161.918,161.949,161.916,161.940
2026-06-30 00:05,161.938,161.956,161.936,161.953
2026-06-30 00:10,161.942,161.958,161.938,161.946
2026-06-30 00:15,161.944,161.960,161.937,161.938
2026-06-30 00:20,161.939,161.964,161.933,161.948
2026-06-30 00:25,161.948,161.961,161.942,161.949
2026-06-30 00:30,161.947,161.972,161.941,161.967
2026-06-30 00:35,161.959,161.972,161.951,161.959
2026-06-30 00:40,161.961,161.972,161.945,161.964
2026-06-30 00:45,161.964,161.973,161.960,161.966
2026-06-30 00:50,161.964,162.354,161.964,162.337
2026-06-30 00:55,162.321,162.404,162.043,162.125
2026-06-30 01:00,162.133,162.162,162.097,162.152
2026-06-30 01:05,162.139,162.284,162.139,162.245
2026-06-30 01:10,162.255,162.306,162.185,162.252
2026-06-30 01:15,162.252,162.268,162.120,162.151
2026-06-30 01:20,162.141,162.162,162.067,162.072
2026-06-30 01:25,162.078,162.155,162.053,162.122
2026-06-30 01:30,162.116,162.132,162.045,162.080
2026-06-30 01:35,162.068,162.120,162.046,162.120
2026-06-30 01:40,162.114,162.193,162.087,162.188
2026-06-30 01:45,162.188,162.193,162.148,162.178
2026-06-30 01:50,162.176,162.183,162.137,162.154
2026-06-30 01:55,162.159,162.206,162.136,162.176
2026-06-30 02:00,162.176,162.196,162.143,162.161
2026-06-30 02:05,162.151,162.200,162.125,162.141
2026-06-30 02:10,162.141,162.162,162.115,162.126
2026-06-30 02:15,162.135,162.175,162.117,162.146
2026-06-30 02:20,162.141,162.149,162.102,162.136
2026-06-30 02:25,162.136,162.154,162.122,162.138
2026-06-30 02:30,162.138,162.152,162.108,162.116
2026-06-30 02:35,162.111,162.125,162.107,162.120
2026-06-30 02:40,162.121,162.143,162.112,162.132
2026-06-30 02:45,162.128,162.155,162.116,162.143
2026-06-30 02:50,162.135,162.189,162.127,162.178
2026-06-30 02:55,162.178,162.189,162.139,162.148
2026-06-30 03:00,162.142,162.165,162.126,162.153
2026-06-30 03:05,162.154,162.181,162.150,162.174
2026-06-30 03:10,162.165,162.204,162.165,162.201
2026-06-30 03:15,162.196,162.224,162.195,162.208
2026-06-30 03:20,162.208,162.235,162.207,162.220
2026-06-30 03:25,162.216,162.244,162.039,162.145
2026-06-30 03:30,162.139,162.153,162.113,162.122
2026-06-30 03:35,162.123,162.173,162.110,162.142
2026-06-30 03:40,162.143,162.174,162.143,162.169
2026-06-30 03:45,162.162,162.179,162.153,162.168
2026-06-30 03:50,162.163,162.178,162.160,162.175
2026-06-30 03:55,162.165,162.180,162.160,162.167
2026-06-30 04:00,162.166,162.197,162.159,162.166
2026-06-30 04:05,162.163,162.184,162.153,162.167
2026-06-30 04:10,162.163,162.188,162.159,162.183
2026-06-30 04:15,162.176,162.192,162.168,162.185
2026-06-30 04:20,162.179,162.186,162.153,162.168
2026-06-30 04:25,162.164,162.184,162.159,162.165
2026-06-30 04:30,162.169,162.190,162.165,162.180
2026-06-30 04:35,162.178,162.184,162.142,162.163
2026-06-30 04:40,162.167,162.194,162.163,162.180
2026-06-30 04:45,162.174,162.191,162.166,162.181
2026-06-30 04:50,162.173,162.193,162.163,162.169
2026-06-30 04:55,162.170,162.203,162.165,162.196
2026-06-30 05:00,162.190,162.207,162.163,162.168
2026-06-30 05:05,162.164,162.182,162.145,162.169
2026-06-30 05:10,162.168,162.227,162.165,162.207
2026-06-30 05:15,162.205,162.216,162.168,162.177
2026-06-30 05:20,162.177,162.196,162.172,162.192
2026-06-30 05:25,162.188,162.214,162.188,162.193
2026-06-30 05:30,162.193,162.215,162.188,162.205
2026-06-30 05:35,162.205,162.222,162.198,162.204
2026-06-30 05:40,162.210,162.235,162.201,162.225
2026-06-30 05:45,162.218,162.255,162.218,162.234
2026-06-30 05:50,162.236,162.263,162.235,162.256
2026-06-30 05:55,162.255,162.292,162.255,162.283
2026-06-30 06:00,162.286,162.356,162.281,162.347
2026-06-30 06:05,162.348,162.382,162.295,162.348
2026-06-30 06:10,162.348,162.413,162.248,162.325
2026-06-30 06:15,162.314,162.336,162.246,162.264
2026-06-30 06:20,162.268,162.288,162.228,162.246
2026-06-30 06:25,162.246,162.269,162.230,162.241
2026-06-30 06:30,162.246,162.318,162.241,162.268
2026-06-30 06:35,162.268,162.288,162.244,162.269
2026-06-30 06:40,162.269,162.277,162.245,162.256
2026-06-30 06:45,162.266,162.292,162.249,162.253
2026-06-30 06:50,162.250,162.283,162.240,162.262
2026-06-30 06:55,162.248,162.261,162.196,162.203
2026-06-30 07:00,162.206,162.240,162.177,162.215
2026-06-30 07:05,162.216,162.223,162.184,162.204
2026-06-30 07:10,162.204,162.226,162.181,162.214
2026-06-30 07:15,162.220,162.232,162.200,162.207
2026-06-30 07:20,162.202,162.213,162.164,162.175
2026-06-30 07:25,162.166,162.177,162.147,162.161
2026-06-30 07:30,162.161,162.173,162.135,162.152
2026-06-30 07:35,162.152,162.162,162.108,162.133
2026-06-30 07:40,162.128,162.178,162.128,162.176
2026-06-30 07:45,162.168,162.240,162.156,162.228
2026-06-30 07:50,162.229,162.254,162.218,162.224
2026-06-30 07:55,162.219,162.268,162.219,162.250
2026-06-30 08:00,162.259,162.266,162.231,162.245
2026-06-30 08:05,162.245,162.295,162.217,162.280
2026-06-30 08:10,162.275,162.327,162.269,162.327
2026-06-30 08:15,162.320,162.340,162.303,162.318
2026-06-30 08:20,162.318,162.336,162.288,162.318
2026-06-30 08:25,162.317,162.327,162.281,162.305
2026-06-30 08:30,162.303,162.329,162.293,162.316
2026-06-30 08:35,162.316,162.366,162.316,162.357
2026-06-30 08:40,162.357,162.389,162.355,162.384
2026-06-30 08:45,162.376,162.412,162.337,162.359
2026-06-30 08:50,162.355,162.410,162.348,162.389
2026-06-30 08:55,162.386,162.395,162.302,162.306
2026-06-30 09:00,162.308,162.346,162.306,162.325
2026-06-30 09:05,162.317,162.337,162.298,162.308
2026-06-30 09:10,162.311,162.313,162.262,162.294
2026-06-30 09:15,162.296,162.316,162.268,162.306
2026-06-30 09:20,162.308,162.329,162.304,162.314
2026-06-30 09:25,162.313,162.319,162.279,162.294
2026-06-30 09:30,162.294,162.318,162.282,162.294
2026-06-30 09:35,162.294,162.321,162.294,162.307
2026-06-30 09:40,162.308,162.321,162.284,162.299
2026-06-30 09:45,162.299,162.307,162.279,162.295
2026-06-30 09:50,162.295,162.315,162.263,162.284
2026-06-30 09:55,162.279,162.306,162.279,162.289
2026-06-30 10:00,162.293,162.310,162.283,162.296
2026-06-30 10:05,162.293,162.318,162.283,162.305
2026-06-30 10:10,162.299,162.332,162.297,162.318
2026-06-30 10:15,162.318,162.328,162.297,162.312
2026-06-30 10:20,162.316,162.336,162.307,162.324
2026-06-30 10:25,162.332,162.335,162.318,162.333
2026-06-30 10:30,162.324,162.343,162.320,162.332
2026-06-30 10:35,162.332,162.342,162.319,162.322
2026-06-30 10:40,162.328,162.356,162.321,162.346
2026-06-30 10:45,162.342,162.357,162.332,162.347
2026-06-30 10:50,162.348,162.357,162.324,162.338
2026-06-30 10:55,162.336,162.337,162.306,162.307
2026-06-30 11:00,162.312,162.336,162.307,162.322
2026-06-30 11:05,162.323,162.340,162.319,162.329
2026-06-30 11:10,162.330,162.354,162.329,162.349
2026-06-30 11:15,162.340,162.367,162.339,162.347
2026-06-30 11:20,162.347,162.392,162.346,162.389
2026-06-30 11:25,162.381,162.395,162.367,162.373
2026-06-30 11:30,162.373,162.392,162.368,162.387
2026-06-30 11:35,162.392,162.415,162.381,162.406
2026-06-30 11:40,162.398,162.428,162.372,162.389
2026-06-30 11:45,162.393,162.402,162.378,162.386
2026-06-30 11:50,162.386,162.410,162.380,162.402
2026-06-30 11:55,162.400,162.423,162.399,162.408
2026-06-30 12:00,162.408,162.450,162.396,162.422
2026-06-30 12:05,162.432,162.447,162.421,162.442
2026-06-30 12:10,162.441,162.446,162.411,162.412
2026-06-30 12:15,162.422,162.441,162.411,162.432
2026-06-30 12:20,162.423,162.498,162.422,162.485
2026-06-30 12:25,162.485,162.491,162.446,162.478
2026-06-30 12:30,162.471,162.514,162.012,162.356
2026-06-30 12:35,162.357,162.407,162.320,162.398
2026-06-30 12:40,162.398,162.454,162.376,162.399
2026-06-30 12:45,162.406,162.441,162.399,162.434
2026-06-30 12:50,162.430,162.437,162.372,162.389
2026-06-30 12:55,162.384,162.410,162.372,162.398
2026-06-30 13:00,162.398,162.419,162.386,162.404
2026-06-30 13:05,162.396,162.406,162.359,162.370
2026-06-30 13:10,162.365,162.391,162.343,162.372
2026-06-30 13:15,162.369,162.380,162.326,162.342
2026-06-30 13:20,162.348,162.379,162.329,162.371
2026-06-30 13:25,162.370,162.386,162.309,162.335
2026-06-30 13:30,162.336,162.392,162.317,162.381
2026-06-30 13:35,162.383,162.424,162.370,162.412
2026-06-30 13:40,162.406,162.413,162.384,162.392
2026-06-30 13:45,162.391,162.439,162.390,162.436
2026-06-30 13:50,162.432,162.455,162.415,162.442
2026-06-30 13:55,162.441,162.477,162.438,162.448
2026-06-30 14:00,162.462,162.509,162.421,162.439
2026-06-30 14:05,162.440,162.473,162.412,162.447
2026-06-30 14:10,162.443,162.479,162.426,162.446
2026-06-30 14:15,162.448,162.459,162.379,162.438
2026-06-30 14:20,162.443,162.446,162.394,162.418
2026-06-30 14:25,162.415,162.423,162.388,162.401
2026-06-30 14:30,162.401,162.425,162.396,162.408
2026-06-30 14:35,162.400,162.431,162.396,162.413
2026-06-30 14:40,162.413,162.434,162.400,162.402
2026-06-30 14:45,162.406,162.461,162.400,162.444
2026-06-30 14:50,162.435,162.489,162.348,162.478
2026-06-30 14:55,162.485,162.554,162.432,162.516
2026-06-30 15:00,162.511,162.544,162.480,162.525
2026-06-30 15:05,162.526,162.533,162.464,162.479
2026-06-30 15:10,162.478,162.512,162.468,162.503
2026-06-30 15:15,162.510,162.547,162.502,162.538
2026-06-30 15:20,162.534,162.549,162.529,162.541
2026-06-30 15:25,162.541,162.546,162.522,162.540
2026-06-30 15:30,162.538,162.552,162.524,162.541
2026-06-30 15:35,162.549,162.626,162.538,162.620
2026-06-30 15:40,162.625,162.662,162.595,162.651
2026-06-30 15:45,162.650,162.659,162.607,162.620
2026-06-30 15:50,162.618,162.627,162.581,162.590
2026-06-30 15:55,162.582,162.617,162.578,162.614
2026-06-30 16:00,162.614,162.657,162.607,162.650
2026-06-30 16:05,162.655,162.668,162.629,162.630
2026-06-30 16:10,162.629,162.665,162.628,162.652
2026-06-30 16:15,162.652,162.670,162.650,162.658
2026-06-30 16:20,162.657,162.663,162.637,162.654
2026-06-30 16:25,162.655,162.655,162.612,162.619
2026-06-30 16:30,162.618,162.635,162.608,162.614
2026-06-30 16:35,162.610,162.630,162.607,162.610
2026-06-30 16:40,162.610,162.618,162.595,162.616
2026-06-30 16:45,162.607,162.617,162.603,162.607
2026-06-30 16:50,162.610,162.646,162.595,162.640
2026-06-30 16:55,162.638,162.658,162.632,162.648
2026-06-30 17:00,162.643,162.649,162.607,162.617
2026-06-30 17:05,162.616,162.634,162.616,162.621
2026-06-30 17:10,162.623,162.635,162.617,162.631
2026-06-30 17:15,162.623,162.632,162.607,162.610
2026-06-30 17:20,162.611,162.624,162.591,162.595
2026-06-30 17:25,162.597,162.606,162.576,162.590
2026-06-30 17:30,162.584,162.602,162.581,162.596
2026-06-30 17:35,162.593,162.608,162.587,162.602
2026-06-30 17:40,162.599,162.612,162.594,162.601
2026-06-30 17:45,162.597,162.605,162.559,162.563
2026-06-30 17:50,162.561,162.582,162.551,162.572
2026-06-30 17:55,162.572,162.591,162.570,162.585
2026-06-30 18:00,162.578,162.598,162.573,162.576
2026-06-30 18:05,162.580,162.589,162.558,162.586
2026-06-30 18:10,162.582,162.606,162.580,162.594
2026-06-30 18:15,162.586,162.608,162.586,162.598
2026-06-30 18:20,162.597,162.602,162.577,162.585
2026-06-30 18:25,162.583,162.590,162.571,162.580
2026-06-30 18:30,162.580,162.598,162.572,162.589
2026-06-30 18:35,162.583,162.600,162.577,162.595
2026-06-30 18:40,162.594,162.615,162.592,162.609
2026-06-30 18:45,162.609,162.614,162.580,162.588
2026-06-30 18:50,162.582,162.584,162.554,162.574
2026-06-30 18:55,162.572,162.621,162.571,162.612
2026-06-30 19:00,162.612,162.621,162.570,162.579
2026-06-30 19:05,162.572,162.592,162.570,162.581
2026-06-30 19:10,162.580,162.595,162.572,162.589
2026-06-30 19:15,162.583,162.596,162.573,162.591
2026-06-30 19:20,162.585,162.622,162.584,162.616
2026-06-30 19:25,162.613,162.632,162.611,162.621
2026-06-30 19:30,162.617,162.631,162.587,162.601
2026-06-30 19:35,162.600,162.608,162.583,162.600
2026-06-30 19:40,162.599,162.620,162.598,162.610
2026-06-30 19:45,162.606,162.614,162.597,162.602
2026-06-30 19:50,162.598,162.621,162.597,162.609
2026-06-30 19:55,162.604,162.623,162.573,162.573
2026-06-30 20:00,162.578,162.596,162.568,162.578
2026-06-30 20:05,162.574,162.588,162.572,162.579
2026-06-30 20:10,162.578,162.586,162.564,162.569
2026-06-30 20:15,162.568,162.586,162.553,162.558
2026-06-30 20:20,162.557,162.569,162.544,162.552
2026-06-30 20:25,162.557,162.582,162.549,162.573
2026-06-30 20:30,162.577,162.595,162.567,162.583
2026-06-30 20:35,162.583,162.614,162.581,162.600
2026-06-30 20:40,162.602,162.607,162.564,162.565
2026-06-30 20:45,162.569,162.587,162.550,162.566
2026-06-30 20:50,162.556,162.583,162.538,162.580
2026-06-30 20:55,162.569,162.594,162.473,162.473
2026-06-30 21:00,162.520,162.557,162.468,162.548
2026-06-30 21:05,162.557,162.561,162.497,162.539
2026-06-30 21:10,162.532,162.617,162.518,162.600
2026-06-30 21:15,162.600,162.600,162.560,162.586
2026-06-30 21:20,162.583,162.611,162.573,162.596
2026-06-30 21:25,162.608,162.612,162.590,162.600
2026-06-30 21:30,162.596,162.606,162.560,162.579
2026-06-30 21:35,162.583,162.602,162.520,162.580
2026-06-30 21:40,162.580,162.584,162.499,162.509
2026-06-30 21:45,162.509,162.562,162.497,162.540
2026-06-30 21:50,162.542,162.574,162.505,162.541
2026-06-30 21:55,162.515,162.561,162.487,162.544
2026-06-30 22:00,162.548,162.627,162.539,162.597
2026-06-30 22:05,162.583,162.607,162.581,162.584
2026-06-30 22:10,162.584,162.620,162.581,162.618
2026-06-30 22:15,162.598,162.619,162.588,162.605
2026-06-30 22:20,162.596,162.624,162.591,162.619
2026-06-30 22:25,162.610,162.625,162.604,162.619
2026-06-30 22:30,162.611,162.626,162.609,162.618
2026-06-30 22:35,162.612,162.625,162.609,162.611
2026-06-30 22:40,162.611,162.625,162.596,162.599
2026-06-30 22:45,162.600,162.618,162.596,162.612
2026-06-30 22:50,162.605,162.622,162.602,162.617
2026-06-30 22:55,162.607,162.618,162.598,162.605
2026-06-30 23:00,162.600,162.608,162.591,162.603
2026-06-30 23:05,162.594,162.610,162.593,162.604
2026-06-30 23:10,162.602,162.611,162.580,162.580
2026-06-30 23:15,162.580,162.594,162.552,162.563
2026-06-30 23:20,162.558,162.574,162.520,162.537
2026-06-30 23:25,162.537,162.578,162.537,162.569
2026-06-30 23:30,162.573,162.583,162.543,162.555
2026-06-30 23:35,162.547,162.579,162.543,162.566
2026-06-30 23:40,162.566,162.588,162.566,162.577
2026-06-30 23:45,162.577,162.612,162.575,162.601
2026-06-30 23:50,162.604,162.633,162.600,162.622
2026-06-30 23:55,162.626,162.649,162.621,162.627
2026-07-01 00:00,162.627,162.671,162.626,162.646
2026-07-01 00:05,162.647,162.664,162.634,162.652
2026-07-01 00:10,162.649,162.687,162.649,162.684
2026-07-01 00:15,162.674,162.697,162.653,162.677
2026-07-01 00:20,162.683,162.684,162.652,162.667
2026-07-01 00:25,162.659,162.665,162.630,162.639
2026-07-01 00:30,162.635,162.681,162.635,162.681
2026-07-01 00:35,162.673,162.718,162.671,162.691
2026-07-01 00:40,162.691,162.732,162.690,162.726
2026-07-01 00:45,162.726,162.777,162.708,162.760
2026-07-01 00:50,162.758,162.758,162.650,162.686
2026-07-01 00:55,162.687,162.694,162.660,162.681
2026-07-01 01:00,162.686,162.703,162.646,162.660
2026-07-01 01:05,162.667,162.684,162.647,162.671
2026-07-01 01:10,162.680,162.735,162.670,162.727
2026-07-01 01:15,162.725,162.735,162.676,162.681
2026-07-01 01:20,162.682,162.689,162.632,162.650
2026-07-01 01:25,162.647,162.679,162.646,162.667
2026-07-01 01:30,162.670,162.676,162.645,162.663
2026-07-01 01:35,162.667,162.669,162.582,162.629
2026-07-01 01:40,162.632,162.645,162.612,162.634
2026-07-01 01:45,162.624,162.642,162.600,162.642
2026-07-01 01:50,162.634,162.660,162.623,162.660
2026-07-01 01:55,162.652,162.689,162.649,162.678
2026-07-01 02:00,162.678,162.702,162.659,162.684
2026-07-01 02:05,162.687,162.702,162.676,162.688
2026-07-01 02:10,162.689,162.704,162.663,162.671
2026-07-01 02:15,162.672,162.678,162.653,162.665
2026-07-01 02:20,162.664,162.676,162.657,162.660
2026-07-01 02:25,162.660,162.697,162.659,162.683
2026-07-01 02:30,162.683,162.720,162.679,162.711
2026-07-01 02:35,162.711,162.720,162.700,162.709
2026-07-01 02:40,162.705,162.738,162.698,162.729
2026-07-01 02:45,162.729,162.739,162.715,162.737
2026-07-01 02:50,162.727,162.793,162.721,162.769
2026-07-01 02:55,162.770,162.792,162.739,162.744
2026-07-01 03:00,162.743,162.770,162.733,162.752
2026-07-01 03:05,162.755,162.759,162.725,162.738
2026-07-01 03:10,162.737,162.772,162.728,162.764
2026-07-01 03:15,162.762,162.803,162.759,162.777
2026-07-01 03:20,162.777,162.798,162.769,162.788
2026-07-01 03:25,162.780,162.809,162.777,162.798
2026-07-01 03:30,162.798,162.841,162.791,162.828
2026-07-01 03:35,162.829,162.841,162.817,162.818
2026-07-01 03:40,162.827,162.839,162.791,162.827
2026-07-01 03:45,162.827,162.840,162.820,162.829
2026-07-01 03:50,162.829,162.835,162.799,162.801
2026-07-01 03:55,162.801,162.813,162.787,162.794
2026-07-01 04:00,162.792,162.802,162.781,162.792
2026-07-01 04:05,162.792,162.813,162.790,162.811
2026-07-01 04:10,162.801,162.812,162.776,162.776
2026-07-01 04:15,162.785,162.799,162.776,162.782
2026-07-01 04:20,162.790,162.791,162.766,162.768
2026-07-01 04:25,162.781,162.792,162.768,162.782
2026-07-01 04:30,162.782,162.791,162.556,162.711
2026-07-01 04:35,162.698,162.723,162.643,162.679
2026-07-01 04:40,162.679,162.711,162.664,162.684
2026-07-01 04:45,162.684,162.722,162.670,162.710
2026-07-01 04:50,162.708,162.714,162.666,162.711
2026-07-01 04:55,162.706,162.730,162.692,162.728
2026-07-01 05:00,162.718,162.759,162.707,162.749
2026-07-01 05:05,162.755,162.762,162.717,162.719
2026-07-01 05:10,162.726,162.742,162.705,162.720
2026-07-01 05:15,162.716,162.730,162.686,162.690
2026-07-01 05:20,162.689,162.732,162.687,162.717
2026-07-01 05:25,162.724,162.742,162.718,162.732
2026-07-01 05:30,162.724,162.744,162.714,162.734
2026-07-01 05:35,162.724,162.735,162.708,162.718
2026-07-01 05:40,162.717,162.730,162.685,162.699
2026-07-01 05:45,162.690,162.712,162.680,162.711
2026-07-01 05:50,162.710,162.710,162.678,162.703
2026-07-01 05:55,162.704,162.711,162.681,162.703
2026-07-01 06:00,162.707,162.735,162.694,162.733
2026-07-01 06:05,162.734,162.755,162.725,162.744
2026-07-01 06:10,162.748,162.758,162.730,162.735
2026-07-01 06:15,162.733,162.742,162.699,162.699
2026-07-01 06:20,162.699,162.727,162.688,162.714
2026-07-01 06:25,162.710,162.739,162.697,162.704
2026-07-01 06:30,162.701,162.728,162.699,162.702
2026-07-01 06:35,162.711,162.713,162.672,162.682
2026-07-01 06:40,162.690,162.715,162.675,162.688
2026-07-01 06:45,162.692,162.697,162.650,162.658
2026-07-01 06:50,162.658,162.700,162.656,162.682
2026-07-01 06:55,162.675,162.694,162.657,162.669
2026-07-01 07:00,162.669,162.689,162.642,162.657
2026-07-01 07:05,162.652,162.666,162.629,162.642
2026-07-01 07:10,162.642,162.653,162.604,162.637
2026-07-01 07:15,162.629,162.662,162.629,162.653
2026-07-01 07:20,162.653,162.701,162.642,162.699
2026-07-01 07:25,162.694,162.721,162.688,162.701
2026-07-01 07:30,162.700,162.703,162.653,162.654
2026-07-01 07:35,162.655,162.665,162.614,162.621
2026-07-01 07:40,162.622,162.663,162.611,162.659
2026-07-01 07:45,162.652,162.667,162.627,162.652
2026-07-01 07:50,162.652,162.663,162.637,162.653
2026-07-01 07:55,162.653,162.683,162.650,162.669
2026-07-01 08:00,162.666,162.690,162.654,162.684
2026-07-01 08:05,162.680,162.704,162.674,162.696
2026-07-01 08:10,162.692,162.702,162.673,162.675
2026-07-01 08:15,162.675,162.682,162.649,162.667
2026-07-01 08:20,162.660,162.686,162.648,162.663
2026-07-01 08:25,162.663,162.670,162.641,162.643
2026-07-01 08:30,162.643,162.661,162.630,162.636
2026-07-01 08:35,162.636,162.660,162.626,162.652
2026-07-01 08:40,162.654,162.662,162.629,162.635
2026-07-01 08:45,162.639,162.656,162.632,162.641
2026-07-01 08:50,162.651,162.659,162.638,162.647
2026-07-01 08:55,162.643,162.666,162.627,162.665
2026-07-01 09:00,162.653,162.683,162.643,162.665
2026-07-01 09:05,162.669,162.691,162.655,162.677
2026-07-01 09:10,162.675,162.688,162.668,162.680
2026-07-01 09:15,162.675,162.709,162.671,162.702
2026-07-01 09:20,162.702,162.717,162.693,162.706
2026-07-01 09:25,162.703,162.714,162.657,162.664
2026-07-01 09:30,162.669,162.687,162.656,162.682
2026-07-01 09:35,162.680,162.690,162.663,162.676
2026-07-01 09:40,162.672,162.698,162.670,162.681
2026-07-01 09:45,162.681,162.714,162.679,162.707
2026-07-01 09:50,162.707,162.719,162.695,162.709
2026-07-01 09:55,162.713,162.744,162.709,162.736
2026-07-01 10:00,162.729,162.747,162.716,162.720
2026-07-01 10:05,162.717,162.727,162.689,162.700
2026-07-01 10:10,162.700,162.708,162.680,162.688
2026-07-01 10:15,162.688,162.705,162.671,162.677
2026-07-01 10:20,162.672,162.700,162.667,162.696
2026-07-01 10:25,162.689,162.696,162.676,162.681
2026-07-01 10:30,162.681,162.696,162.669,162.679
2026-07-01 10:35,162.676,162.701,162.676,162.688
2026-07-01 10:40,162.693,162.704,162.685,162.696
2026-07-01 10:45,162.689,162.697,162.676,162.688
2026-07-01 10:50,162.681,162.690,162.669,162.677
2026-07-01 10:55,162.685,162.701,162.670,162.684
2026-07-01 11:00,162.682,162.701,162.676,162.692
2026-07-01 11:05,162.693,162.708,162.686,162.694
2026-07-01 11:10,162.693,162.722,162.692,162.702
2026-07-01 11:15,162.708,162.711,162.690,162.698
2026-07-01 11:20,162.694,162.709,162.693,162.700
2026-07-01 11:25,162.700,162.710,162.688,162.688
2026-07-01 11:30,162.688,162.736,162.686,162.695
2026-07-01 11:35,162.697,162.707,162.683,162.684
2026-07-01 11:40,162.685,162.706,162.685,162.689
2026-07-01 11:45,162.689,162.715,162.685,162.703
2026-07-01 11:50,162.712,162.713,162.687,162.712
2026-07-01 11:55,162.706,162.715,162.686,162.690
2026-07-01 12:00,162.688,162.713,162.680,162.694
2026-07-01 12:05,162.690,162.713,162.688,162.702
2026-07-01 12:10,162.709,162.713,162.675,162.675
2026-07-01 12:15,162.691,162.702,162.646,162.689
2026-07-01 12:20,162.693,162.710,162.675,162.690
2026-07-01 12:25,162.689,162.703,162.678,162.690
2026-07-01 12:30,162.690,162.705,162.677,162.695
2026-07-01 12:35,162.705,162.738,162.694,162.732
2026-07-01 12:40,162.732,162.759,162.726,162.740
2026-07-01 12:45,162.740,162.767,162.726,162.733
2026-07-01 12:50,162.733,162.749,162.691,162.700
2026-07-01 12:55,162.701,162.716,162.680,162.695
2026-07-01 13:00,162.698,162.714,162.679,162.691
2026-07-01 13:05,162.688,162.708,162.669,162.681
2026-07-01 13:10,162.682,162.734,162.681,162.723
2026-07-01 13:15,162.717,162.725,162.653,162.672
2026-07-01 13:20,162.662,162.677,162.549,162.597
2026-07-01 13:25,162.585,162.625,162.540,162.559
2026-07-01 13:30,162.562,162.567,162.477,162.521
2026-07-01 13:35,162.518,162.551,162.474,162.518
2026-07-01 13:40,162.517,162.545,162.371,162.392
2026-07-01 13:45,162.390,162.399,162.286,162.339
2026-07-01 13:50,162.355,162.464,162.348,162.445
2026-07-01 13:55,162.455,162.464,162.371,162.397
2026-07-01 14:00,162.393,162.442,162.329,162.420
2026-07-01 14:05,162.424,162.432,162.350,162.357
2026-07-01 14:10,162.359,162.383,162.333,162.373
2026-07-01 14:15,162.380,162.399,162.317,162.356
2026-07-01 14:20,162.358,162.397,162.304,162.397
2026-07-01 14:25,162.386,162.450,162.380,162.441
2026-07-01 14:30,162.441,162.452,162.320,162.322
2026-07-01 14:35,162.323,162.369,162.311,162.345
2026-07-01 14:40,162.354,162.374,162.321,162.360
2026-07-01 14:45,162.361,162.409,162.350,162.395
2026-07-01 14:50,162.389,162.440,162.389,162.427
2026-07-01 14:55,162.430,162.450,162.390,162.391
2026-07-01 15:00,162.390,162.448,162.366,162.430
2026-07-01 15:05,162.430,162.458,162.389,162.428
2026-07-01 15:10,162.435,162.438,162.399,162.411
2026-07-01 15:15,162.411,162.434,162.394,162.422
2026-07-01 15:20,162.421,162.477,162.410,162.452
2026-07-01 15:25,162.453,162.459,162.401,162.413
2026-07-01 15:30,162.401,162.442,162.383,162.422
2026-07-01 15:35,162.418,162.451,162.399,162.426
2026-07-01 15:40,162.418,162.467,162.415,162.453
2026-07-01 15:45,162.457,162.461,162.427,162.438
2026-07-01 15:50,162.430,162.439,162.392,162.415
2026-07-01 15:55,162.414,162.434,162.402,162.409
2026-07-01 16:00,162.408,162.415,162.358,162.362
2026-07-01 16:05,162.359,162.388,162.351,162.377
2026-07-01 16:10,162.377,162.398,162.360,162.388
2026-07-01 16:15,162.391,162.422,162.387,162.408
2026-07-01 16:20,162.406,162.415,162.376,162.394
2026-07-01 16:25,162.392,162.402,162.366,162.387
2026-07-01 16:30,162.387,162.413,162.377,162.403
2026-07-01 16:35,162.403,162.443,162.403,162.435
2026-07-01 16:40,162.442,162.462,162.431,162.443
2026-07-01 16:45,162.443,162.451,162.410,162.427
2026-07-01 16:50,162.423,162.444,162.419,162.431
2026-07-01 16:55,162.430,162.463,162.426,162.451
2026-07-01 17:00,162.453,162.477,162.419,162.430
2026-07-01 17:05,162.434,162.469,162.425,162.454
2026-07-01 17:10,162.447,162.488,162.440,162.477
2026-07-01 17:15,162.483,162.493,162.457,162.481
2026-07-01 17:20,162.473,162.496,162.470,162.481
2026-07-01 17:25,162.480,162.489,162.467,162.488
2026-07-01 17:30,162.478,162.493,162.474,162.486
2026-07-01 17:35,162.493,162.538,162.486,162.520
2026-07-01 17:40,162.521,162.529,162.500,162.522
2026-07-01 17:45,162.520,162.526,162.496,162.501
2026-07-01 17:50,162.503,162.526,162.499,162.525
2026-07-01 17:55,162.524,162.547,162.512,162.529
2026-07-01 18:00,162.533,162.539,162.511,162.514
2026-07-01 18:05,162.511,162.540,162.511,162.534
2026-07-01 18:10,162.539,162.550,162.530,162.537
2026-07-01 18:15,162.537,162.568,162.537,162.548
2026-07-01 18:20,162.548,162.583,162.548,162.571
2026-07-01 18:25,162.569,162.580,162.556,162.569
2026-07-01 18:30,162.569,162.583,162.544,162.548
2026-07-01 18:35,162.549,162.557,162.541,162.544
2026-07-01 18:40,162.546,162.554,162.532,162.538
2026-07-01 18:45,162.539,162.550,162.528,162.531
2026-07-01 18:50,162.532,162.540,162.519,162.520
2026-07-01 18:55,162.520,162.536,162.506,162.518
2026-07-01 19:00,162.522,162.529,162.504,162.511
2026-07-01 19:05,162.512,162.528,162.505,162.519
2026-07-01 19:10,162.518,162.530,162.506,162.520
2026-07-01 19:15,162.517,162.549,162.515,162.541
2026-07-01 19:20,162.544,162.549,162.526,162.532
2026-07-01 19:25,162.530,162.540,162.514,162.523
2026-07-01 19:30,162.517,162.526,162.504,162.509
2026-07-01 19:35,162.515,162.522,162.503,162.518
2026-07-01 19:40,162.516,162.527,162.514,162.516
2026-07-01 19:45,162.515,162.540,162.513,162.539
2026-07-01 19:50,162.529,162.584,162.529,162.554
2026-07-01 19:55,162.555,162.574,162.543,162.569
2026-07-01 20:00,162.566,162.574,162.548,162.561
2026-07-01 20:05,162.554,162.583,162.554,162.574
2026-07-01 20:10,162.568,162.575,162.544,162.564
2026-07-01 20:15,162.562,162.598,162.562,162.578
2026-07-01 20:20,162.577,162.601,162.574,162.585
2026-07-01 20:25,162.584,162.603,162.577,162.592
2026-07-01 20:30,162.592,162.609,162.586,162.600
2026-07-01 20:35,162.604,162.610,162.585,162.587
2026-07-01 20:40,162.587,162.608,162.586,162.607
2026-07-01 20:45,162.595,162.618,162.595,162.603
2026-07-01 20:50,162.604,162.619,162.588,162.590
2026-07-01 20:55,162.583,162.611,162.562,162.575
2026-07-01 21:00,162.571,162.594,162.502,162.537
2026-07-01 21:05,162.555,162.562,162.530,162.536
2026-07-01 21:10,162.538,162.542,162.530,162.540
2026-07-01 21:15,162.538,162.543,162.516,162.542
2026-07-01 21:20,162.534,162.543,162.505,162.537
2026-07-01 21:25,162.529,162.540,162.506,162.537
2026-07-01 21:30,162.511,162.538,162.509,162.535
2026-07-01 21:35,162.534,162.540,162.511,162.538
2026-07-01 21:40,162.524,162.552,162.509,162.529
2026-07-01 21:45,162.530,162.550,162.503,162.550
2026-07-01 21:50,162.549,162.549,162.508,162.549
2026-07-01 21:55,162.525,162.556,162.504,162.507
2026-07-01 22:00,162.507,162.572,162.505,162.546
2026-07-01 22:05,162.564,162.567,162.524,162.526
2026-07-01 22:10,162.526,162.565,162.526,162.542
2026-07-01 22:15,162.542,162.558,162.539,162.548
2026-07-01 22:20,162.539,162.557,162.535,162.552
2026-07-01 22:25,162.538,162.555,162.537,162.548
2026-07-01 22:30,162.539,162.555,162.539,162.539
2026-07-01 22:35,162.539,162.555,162.526,162.527
2026-07-01 22:40,162.527,162.543,162.527,162.539
2026-07-01 22:45,162.528,162.543,162.523,162.536
2026-07-01 22:50,162.535,162.543,162.525,162.536
2026-07-01 22:55,162.537,162.543,162.528,162.531
2026-07-01 23:00,162.532,162.543,162.532,162.543
2026-07-01 23:05,162.537,162.544,162.530,162.531
2026-07-01 23:10,162.540,162.558,162.523,162.555
2026-07-01 23:15,162.543,162.559,162.543,162.549
2026-07-01 23:20,162.549,162.573,162.549,162.573
2026-07-01 23:25,162.564,162.575,162.562,162.569
2026-07-01 23:30,162.563,162.588,162.563,162.572
2026-07-01 23:35,162.569,162.576,162.547,162.557
2026-07-01 23:40,162.553,162.574,162.548,162.572
2026-07-01 23:45,162.563,162.571,162.510,162.510
2026-07-01 23:50,162.511,162.548,162.509,162.548
2026-07-01 23:55,162.537,162.560,162.522,162.541
2026-07-02 00:00,162.541,162.571,162.485,162.486
2026-07-02 00:05,162.489,162.514,162.476,162.488
2026-07-02 00:10,162.487,162.518,162.480,162.510
2026-07-02 00:15,162.510,162.541,162.506,162.519
2026-07-02 00:20,162.523,162.568,162.519,162.553
2026-07-02 00:25,162.558,162.592,162.548,162.582
2026-07-02 00:30,162.574,162.596,162.550,162.553
2026-07-02 00:35,162.552,162.569,162.528,162.547
2026-07-02 00:40,162.544,162.584,162.543,162.571
2026-07-02 00:45,162.572,162.577,162.546,162.568
2026-07-02 00:50,162.578,162.600,162.524,162.567
2026-07-02 00:55,162.567,162.587,162.551,162.559
2026-07-02 01:00,162.556,162.571,162.522,162.535
2026-07-02 01:05,162.532,162.544,162.524,162.532
2026-07-02 01:10,162.533,162.576,162.526,162.562
2026-07-02 01:15,162.555,162.586,162.550,162.568
2026-07-02 01:20,162.564,162.583,162.552,162.568
2026-07-02 01:25,162.570,162.576,162.550,162.565
2026-07-02 01:30,162.556,162.584,162.555,162.559
2026-07-02 01:35,162.559,162.572,162.546,162.547
2026-07-02 01:40,162.550,162.557,162.527,162.541
2026-07-02 01:45,162.539,162.551,162.498,162.501
2026-07-02 01:50,162.501,162.531,162.498,162.525
2026-07-02 01:55,162.518,162.542,162.515,162.527
2026-07-02 02:00,162.528,162.554,162.507,162.539
2026-07-02 02:05,162.540,162.546,162.518,162.541
2026-07-02 02:10,162.534,162.544,162.516,162.527
2026-07-02 02:15,162.517,162.532,162.507,162.524
2026-07-02 02:20,162.518,162.541,162.516,162.526
2026-07-02 02:25,162.526,162.537,162.516,162.526
2026-07-02 02:30,162.517,162.527,162.490,162.492
2026-07-02 02:35,162.492,162.512,162.490,162.506
2026-07-02 02:40,162.504,162.530,162.501,162.510
2026-07-02 02:45,162.510,162.518,162.492,162.513
2026-07-02 02:50,162.509,162.525,162.495,162.516
2026-07-02 02:55,162.521,162.529,162.508,162.517
2026-07-02 03:00,162.521,162.533,162.516,162.527
2026-07-02 03:05,162.530,162.539,162.520,162.539
2026-07-02 03:10,162.532,162.545,162.527,162.530
2026-07-02 03:15,162.529,162.539,162.513,162.518
2026-07-02 03:20,162.514,162.527,162.511,162.512
2026-07-02 03:25,162.512,162.528,162.510,162.516
2026-07-02 03:30,162.516,162.528,162.512,162.520
2026-07-02 03:35,162.517,162.528,162.515,162.518
2026-07-02 03:40,162.518,162.528,162.511,162.520
2026-07-02 03:45,162.516,162.525,162.506,162.511
2026-07-02 03:50,162.511,162.522,162.501,162.504
2026-07-02 03:55,162.502,162.510,162.429,162.457
2026-07-02 04:00,162.453,162.461,162.354,162.448
2026-07-02 04:05,162.437,162.451,162.374,162.408
2026-07-02 04:10,162.398,162.429,162.383,162.409
2026-07-02 04:15,162.414,162.436,162.408,162.419
2026-07-02 04:20,162.413,162.445,162.410,162.428
2026-07-02 04:25,162.420,162.448,162.413,162.438
2026-07-02 04:30,162.438,162.454,162.412,162.418
2026-07-02 04:35,162.424,162.436,162.409,162.424
2026-07-02 04:40,162.422,162.437,162.409,162.421
2026-07-02 04:45,162.421,162.425,162.407,162.410
2026-07-02 04:50,162.412,162.421,162.384,162.404
2026-07-02 04:55,162.405,162.435,162.396,162.425
2026-07-02 05:00,162.426,162.434,162.399,162.418
2026-07-02 05:05,162.412,162.424,162.386,162.397
2026-07-02 05:10,162.387,162.411,162.384,162.399
2026-07-02 05:15,162.394,162.420,162.393,162.406
2026-07-02 05:20,162.413,162.414,162.384,162.391
2026-07-02 05:25,162.391,162.403,162.383,162.398
2026-07-02 05:30,162.393,162.412,162.387,162.394
2026-07-02 05:35,162.400,162.411,162.376,162.376
2026-07-02 05:40,162.376,162.387,162.360,162.381
2026-07-02 05:45,162.380,162.394,162.360,162.373
2026-07-02 05:50,162.366,162.373,162.333,162.335
2026-07-02 05:55,162.335,162.348,162.310,162.329
2026-07-02 06:00,162.326,162.336,162.245,162.267
2026-07-02 06:05,162.257,162.267,162.119,162.191
2026-07-02 06:10,162.200,162.237,162.178,162.233
2026-07-02 06:15,162.233,162.269,162.213,162.235
2026-07-02 06:20,162.237,162.246,162.188,162.211
2026-07-02 06:25,162.218,162.263,162.210,162.248
2026-07-02 06:30,162.247,162.256,162.169,162.178
2026-07-02 06:35,162.178,162.219,162.178,162.198
2026-07-02 06:40,162.199,162.222,162.192,162.195
2026-07-02 06:45,162.195,162.213,161.481,161.525
2026-07-02 06:50,161.514,161.797,161.104,161.770
2026-07-02 06:55,161.756,161.841,161.733,161.811
2026-07-02 07:00,161.811,161.950,161.810,161.844
2026-07-02 07:05,161.848,161.917,161.593,161.677
2026-07-02 07:10,161.666,161.753,161.642,161.656
2026-07-02 07:15,161.660,161.746,161.628,161.708
2026-07-02 07:20,161.708,161.767,161.684,161.744
2026-07-02 07:25,161.746,161.801,161.660,161.676
2026-07-02 07:30,161.670,161.733,161.654,161.715
2026-07-02 07:35,161.716,161.723,161.549,161.554
2026-07-02 07:40,161.562,161.575,161.408,161.498
2026-07-02 07:45,161.482,161.593,161.456,161.473
2026-07-02 07:50,161.472,161.474,161.366,161.388
2026-07-02 07:55,161.385,161.510,161.375,161.423
2026-07-02 08:00,161.432,161.461,161.241,161.250
2026-07-02 08:05,161.250,161.298,161.209,161.265
2026-07-02 08:10,161.266,161.267,161.155,161.197
2026-07-02 08:15,161.196,161.297,161.169,161.226
2026-07-02 08:20,161.223,161.335,161.194,161.305
2026-07-02 08:25,161.305,161.334,161.191,161.204
2026-07-02 08:30,161.191,161.266,161.148,161.149
2026-07-02 08:35,161.148,161.196,161.056,161.150
2026-07-02 08:40,161.152,161.204,161.101,161.193
2026-07-02 08:45,161.198,161.259,160.892,161.012
2026-07-02 08:50,161.021,161.139,161.006,161.100
2026-07-02 08:55,161.105,161.158,161.015,161.021
2026-07-02 09:00,161.018,161.152,161.015,161.144
2026-07-02 09:05,161.145,161.308,161.132,161.290
2026-07-02 09:10,161.291,161.337,161.231,161.316
2026-07-02 09:15,161.306,161.342,161.214,161.226
2026-07-02 09:20,161.228,161.268,161.186,161.246
2026-07-02 09:25,161.237,161.261,161.220,161.234
2026-07-02 09:30,161.234,161.259,161.197,161.212
2026-07-02 09:35,161.217,161.227,161.133,161.158
2026-07-02 09:40,161.151,161.234,161.113,161.224
2026-07-02 09:45,161.213,161.242,161.174,161.199
2026-07-02 09:50,161.199,161.258,161.147,161.256
2026-07-02 09:55,161.246,161.265,161.108,161.192
2026-07-02 10:00,161.188,161.280,161.187,161.267
2026-07-02 10:05,161.279,161.294,161.229,161.280
2026-07-02 10:10,161.278,161.308,161.259,161.303
2026-07-02 10:15,161.294,161.364,161.282,161.356
2026-07-02 10:20,161.354,161.469,161.344,161.454
2026-07-02 10:25,161.456,161.490,161.436,161.469
2026-07-02 10:30,161.461,161.480,161.438,161.445
2026-07-02 10:35,161.445,161.464,161.417,161.448
2026-07-02 10:40,161.438,161.461,161.413,161.438
2026-07-02 10:45,161.442,161.450,161.394,161.419
2026-07-02 10:50,161.418,161.449,161.418,161.418
2026-07-02 10:55,161.417,161.442,161.323,161.352
2026-07-02 11:00,161.360,161.387,161.324,161.374
2026-07-02 11:05,161.374,161.431,161.354,161.354
2026-07-02 11:10,161.354,161.398,161.347,161.376
2026-07-02 11:15,161.366,161.387,161.316,161.333
2026-07-02 11:20,161.328,161.373,161.327,161.364
2026-07-02 11:25,161.361,161.369,161.317,161.364
2026-07-02 11:30,161.353,161.407,161.353,161.392
2026-07-02 11:35,161.392,161.411,161.368,161.382
2026-07-02 11:40,161.393,161.468,161.380,161.466
2026-07-02 11:45,161.467,161.469,161.441,161.447
2026-07-02 11:50,161.447,161.502,161.446,161.471
2026-07-02 11:55,161.471,161.497,161.455,161.474
2026-07-02 12:00,161.470,161.567,161.463,161.533
2026-07-02 12:05,161.537,161.601,161.527,161.584
2026-07-02 12:10,161.593,161.599,161.537,161.593
2026-07-02 12:15,161.583,161.644,161.583,161.639
2026-07-02 12:20,161.638,161.641,161.561,161.568
2026-07-02 12:25,161.562,161.574,161.461,161.520
2026-07-02 12:30,161.522,161.523,160.622,160.721
2026-07-02 12:35,160.702,160.804,160.620,160.688
2026-07-02 12:40,160.700,160.885,160.654,160.750
2026-07-02 12:45,160.743,160.992,160.731,160.929
2026-07-02 12:50,160.934,160.970,160.832,160.911
2026-07-02 12:55,160.910,161.036,160.873,161.017
2026-07-02 13:00,161.017,161.070,160.958,161.003
2026-07-02 13:05,160.992,161.084,160.985,161.066
2026-07-02 13:10,161.056,161.066,160.924,161.024
2026-07-02 13:15,161.025,161.084,161.001,161.014
2026-07-02 13:20,161.014,161.111,161.014,161.091
2026-07-02 13:25,161.094,161.159,161.068,161.118
2026-07-02 13:30,161.109,161.121,160.924,160.954
2026-07-02 13:35,160.949,161.034,160.922,160.987
2026-07-02 13:40,160.979,161.055,160.944,160.967
2026-07-02 13:45,160.965,160.978,160.899,160.951
2026-07-02 13:50,160.959,160.966,160.900,160.935
2026-07-02 13:55,160.933,160.948,160.845,160.858
2026-07-02 14:00,160.850,160.988,160.825,160.973
2026-07-02 14:05,160.974,160.987,160.847,160.868
2026-07-02 14:10,160.861,160.942,160.833,160.854
2026-07-02 14:15,160.852,160.926,160.833,160.910
2026-07-02 14:20,160.900,160.992,160.897,160.928
2026-07-02 14:25,160.933,161.064,160.916,161.051
2026-07-02 14:30,161.044,161.084,161.005,161.071
2026-07-02 14:35,161.070,161.092,161.013,161.040
2026-07-02 14:40,161.032,161.115,161.017,161.084
2026-07-02 14:45,161.089,161.120,161.039,161.052
2026-07-02 14:50,161.044,161.068,161.002,161.056
2026-07-02 14:55,161.057,161.063,160.990,161.038
2026-07-02 15:00,161.035,161.081,160.942,160.956
2026-07-02 15:05,160.965,161.005,160.908,160.915
2026-07-02 15:10,160.923,160.939,160.899,160.930
2026-07-02 15:15,160.919,160.955,160.916,160.917
2026-07-02 15:20,160.920,160.926,160.852,160.877
2026-07-02 15:25,160.873,160.901,160.823,160.897
2026-07-02 15:30,160.894,160.903,160.761,160.780
2026-07-02 15:35,160.782,160.804,160.753,160.792
2026-07-02 15:40,160.790,160.861,160.786,160.856
2026-07-02 15:45,160.847,160.909,160.844,160.901
2026-07-02 15:50,160.903,160.938,160.899,160.907
2026-07-02 15:55,160.903,160.924,160.865,160.903
2026-07-02 16:00,160.907,160.949,160.886,160.908
2026-07-02 16:05,160.909,160.974,160.908,160.971
2026-07-02 16:10,160.962,160.989,160.936,160.944
2026-07-02 16:15,160.936,160.992,160.933,160.986
2026-07-02 16:20,160.987,161.043,160.979,161.022
2026-07-02 16:25,161.021,161.077,161.003,161.067
2026-07-02 16:30,161.058,161.095,161.057,161.070
2026-07-02 16:35,161.070,161.087,161.049,161.062
2026-07-02 16:40,161.063,161.072,160.998,161.015
2026-07-02 16:45,161.022,161.032,160.970,160.979
2026-07-02 16:50,160.979,161.013,160.960,160.988
2026-07-02 16:55,160.988,161.001,160.934,160.987
2026-07-02 17:00,160.978,161.020,160.976,161.019
2026-07-02 17:05,161.019,161.044,160.987,161.031
2026-07-02 17:10,161.031,161.040,161.007,161.023
2026-07-02 17:15,161.023,161.075,161.023,161.065
2026-07-02 17:20,161.065,161.075,161.042,161.068
2026-07-02 17:25,161.067,161.124,161.064,161.108
2026-07-02 17:30,161.108,161.123,161.063,161.080
2026-07-02 17:35,161.078,161.113,161.070,161.103
2026-07-02 17:40,161.104,161.126,161.083,161.098
2026-07-02 17:45,161.096,161.126,161.067,161.099
2026-07-02 17:50,161.099,161.118,161.053,161.074
2026-07-02 17:55,161.065,161.092,161.052,161.067
2026-07-02 18:00,161.067,161.074,161.027,161.030
2026-07-02 18:05,161.030,161.040,161.014,161.019
2026-07-02 18:10,161.018,161.075,161.018,161.073
2026-07-02 18:15,161.067,161.105,161.052,161.083
2026-07-02 18:20,161.084,161.093,161.049,161.061
2026-07-02 18:25,161.062,161.080,161.038,161.071
2026-07-02 18:30,161.071,161.090,161.027,161.045
2026-07-02 18:35,161.039,161.063,161.024,161.038
2026-07-02 18:40,161.045,161.063,161.036,161.063
2026-07-02 18:45,161.056,161.069,161.044,161.057
2026-07-02 18:50,161.056,161.063,161.036,161.043
2026-07-02 18:55,161.043,161.063,161.041,161.043
2026-07-02 19:00,161.043,161.099,161.042,161.086
2026-07-02 19:05,161.080,161.097,161.061,161.061
2026-07-02 19:10,161.062,161.090,161.048,161.061
2026-07-02 19:15,161.054,161.090,161.052,161.079
2026-07-02 19:20,161.084,161.126,161.076,161.121
2026-07-02 19:25,161.114,161.124,161.105,161.115
2026-07-02 19:30,161.115,161.141,161.114,161.131
2026-07-02 19:35,161.141,161.173,161.130,161.158
2026-07-02 19:40,161.164,161.167,161.142,161.156
2026-07-02 19:45,161.156,161.168,161.145,161.156
2026-07-02 19:50,161.154,161.165,161.140,161.144
2026-07-02 19:55,161.142,161.149,161.112,161.122
2026-07-02 20:00,161.120,161.141,161.100,161.103
2026-07-02 20:05,161.101,161.116,161.090,161.100
2026-07-02 20:10,161.093,161.107,161.089,161.090
2026-07-02 20:15,161.090,161.104,161.086,161.089
2026-07-02 20:20,161.086,161.097,161.072,161.078
2026-07-02 20:25,161.079,161.087,161.057,161.067
2026-07-02 20:30,161.064,161.087,161.064,161.077
2026-07-02 20:35,161.080,161.110,161.071,161.099
2026-07-02 20:40,161.099,161.115,161.098,161.104
2026-07-02 20:45,161.100,161.116,161.091,161.099
2026-07-02 20:50,161.100,161.126,161.089,161.104
2026-07-02 20:55,161.095,161.135,161.083,161.085
2026-07-02 21:00,161.104,161.104,161.022,161.049
2026-07-02 21:05,161.054,161.054,160.986,161.021
2026-07-02 21:10,161.030,161.097,161.021,161.089
2026-07-02 21:15,161.080,161.099,161.020,161.058
2026-07-02 21:20,161.053,161.070,161.022,161.049
2026-07-02 21:25,161.051,161.094,161.045,161.081
2026-07-02 21:30,161.082,161.092,161.077,161.080
2026-07-02 21:35,161.078,161.116,161.072,161.104
2026-07-02 21:40,161.108,161.114,161.093,161.112
2026-07-02 21:45,161.108,161.113,161.078,161.097
2026-07-02 21:50,161.100,161.111,161.094,161.098
2026-07-02 21:55,161.098,161.106,161.059,161.064
2026-07-02 22:00,161.067,161.130,160.999,161.070
2026-07-02 22:05,161.096,161.111,161.067,161.084
2026-07-02 22:10,161.085,161.112,161.071,161.087
2026-07-02 22:15,161.108,161.134,161.087,161.116
2026-07-02 22:20,161.102,161.131,161.102,161.128
2026-07-02 22:25,161.109,161.148,161.109,161.148
2026-07-02 22:30,161.148,161.179,161.131,161.179
2026-07-02 22:35,161.174,161.205,161.154,161.196
2026-07-02 22:40,161.183,161.279,161.183,161.250
2026-07-02 22:45,161.241,161.277,161.227,161.269
2026-07-02 22:50,161.257,161.295,161.256,161.288
2026-07-02 22:55,161.282,161.304,161.261,161.268
2026-07-02 23:00,161.249,161.277,161.239,161.248
2026-07-02 23:05,161.248,161.270,161.227,161.257
2026-07-02 23:10,161.255,161.281,161.239,161.254
2026-07-02 23:15,161.250,161.264,161.226,161.231
2026-07-02 23:20,161.231,161.264,161.223,161.247
2026-07-02 23:25,161.240,161.263,161.235,161.250
2026-07-02 23:30,161.248,161.294,161.248,161.280
2026-07-02 23:35,161.285,161.346,161.280,161.331
2026-07-02 23:40,161.318,161.358,161.316,161.354
2026-07-02 23:45,161.342,161.383,161.330,161.369
2026-07-02 23:50,161.372,161.419,161.359,161.406
2026-07-02 23:55,161.395,161.469,161.395,161.449
2026-07-03 00:00,161.449,161.459,161.385,161.432
2026-07-03 00:05,161.432,161.471,161.422,161.450
2026-07-03 00:10,161.450,161.524,161.421,161.486
2026-07-03 00:15,161.488,161.500,161.443,161.453
2026-07-03 00:20,161.442,161.490,161.436,161.457
2026-07-03 00:25,161.448,161.462,161.424,161.440
2026-07-03 00:30,161.434,161.457,161.409,161.437
2026-07-03 00:35,161.425,161.437,161.391,161.397
2026-07-03 00:40,161.406,161.441,161.383,161.396
2026-07-03 00:45,161.385,161.396,161.354,161.373
2026-07-03 00:50,161.376,161.398,161.212,161.212
2026-07-03 00:55,161.213,161.305,161.180,161.192
2026-07-03 01:00,161.187,161.238,161.174,161.235
2026-07-03 01:05,161.225,161.274,161.219,161.224
2026-07-03 01:10,161.231,161.252,161.073,161.074
2026-07-03 01:15,161.073,161.098,160.943,160.957
2026-07-03 01:20,160.955,161.041,160.909,161.018
2026-07-03 01:25,161.007,161.106,160.997,161.093
2026-07-03 01:30,161.094,161.155,161.067,161.080
2026-07-03 01:35,161.078,161.191,161.071,161.167
2026-07-03 01:40,161.178,161.189,161.124,161.140
2026-07-03 01:45,161.153,161.235,161.139,161.214
2026-07-03 01:50,161.207,161.256,161.205,161.239
2026-07-03 01:55,161.240,161.250,161.213,161.230
2026-07-03 02:00,161.226,161.249,161.176,161.194
2026-07-03 02:05,161.191,161.204,161.136,161.138
2026-07-03 02:10,161.138,161.175,161.127,161.155
2026-07-03 02:15,161.158,161.178,161.113,161.132
2026-07-03 02:20,161.129,161.151,161.112,161.140
2026-07-03 02:25,161.138,161.173,161.138,161.141
2026-07-03 02:30,161.148,161.218,161.139,161.205
2026-07-03 02:35,161.207,161.230,161.188,161.188
2026-07-03 02:40,161.188,161.203,161.114,161.163
2026-07-03 02:45,161.172,161.175,161.138,161.157
2026-07-03 02:50,161.168,161.168,161.126,161.140
2026-07-03 02:55,161.146,161.197,161.124,161.165
2026-07-03 03:00,161.166,161.177,161.139,161.167
2026-07-03 03:05,161.165,161.209,161.158,161.194
2026-07-03 03:10,161.195,161.224,161.174,161.185
2026-07-03 03:15,161.175,161.205,161.173,161.196
2026-07-03 03:20,161.189,161.217,161.175,161.200
2026-07-03 03:25,161.201,161.217,161.187,161.192
2026-07-03 03:30,161.189,161.214,161.174,161.195
2026-07-03 03:35,161.189,161.201,161.162,161.185
2026-07-03 03:40,161.185,161.201,161.177,161.189
2026-07-03 03:45,161.192,161.200,161.159,161.166
2026-07-03 03:50,161.172,161.174,161.135,161.152
2026-07-03 03:55,161.152,161.182,161.147,161.165
2026-07-03 04:00,161.165,161.190,161.160,161.176
2026-07-03 04:05,161.179,161.211,161.166,161.192
2026-07-03 04:10,161.194,161.203,161.166,161.177
2026-07-03 04:15,161.175,161.202,161.163,161.185
2026-07-03 04:20,161.181,161.200,161.169,161.190
2026-07-03 04:25,161.178,161.194,161.153,161.168
2026-07-03 04:30,161.168,161.210,161.163,161.193
2026-07-03 04:35,161.190,161.201,161.174,161.198
2026-07-03 04:40,161.189,161.198,161.164,161.185
2026-07-03 04:45,161.184,161.193,161.161,161.180
2026-07-03 04:50,161.183,161.195,161.152,161.184
2026-07-03 04:55,161.184,161.198,161.119,161.119
2026-07-03 05:00,161.120,161.130,161.048,161.058
2026-07-03 05:05,161.058,161.073,160.974,161.010
2026-07-03 05:10,161.021,161.091,161.009,161.050
2026-07-03 05:15,161.051,161.062,160.994,161.059
2026-07-03 05:20,161.049,161.087,161.048,161.061
2026-07-03 05:25,161.063,161.080,161.047,161.061
2026-07-03 05:30,161.063,161.075,161.036,161.063
2026-07-03 05:35,161.060,161.101,161.050,161.096
2026-07-03 05:40,161.090,161.150,161.079,161.119
2026-07-03 05:45,161.120,161.139,161.115,161.138
2026-07-03 05:50,161.127,161.151,161.117,161.136
2026-07-03 05:55,161.132,161.180,161.132,161.158
2026-07-03 06:00,161.155,161.166,161.089,161.090
2026-07-03 06:05,161.089,161.099,161.032,161.043
2026-07-03 06:10,161.043,161.094,161.040,161.051
2026-07-03 06:15,161.041,161.057,160.941,160.986
2026-07-03 06:20,160.986,161.048,160.986,161.035
2026-07-03 06:25,161.047,161.047,160.960,160.981
2026-07-03 06:30,160.977,161.015,160.466,160.632
2026-07-03 06:35,160.649,160.871,160.620,160.746
2026-07-03 06:40,160.752,160.820,160.717,160.747
2026-07-03 06:45,160.759,160.791,160.631,160.709
2026-07-03 06:50,160.705,160.806,160.693,160.767
2026-07-03 06:55,160.767,160.886,160.755,160.860
2026-07-03 07:00,160.862,160.924,160.809,160.841
2026-07-03 07:05,160.841,160.880,160.802,160.816
2026-07-03 07:10,160.817,160.832,160.720,160.729
2026-07-03 07:15,160.740,160.823,160.730,160.817
2026-07-03 07:20,160.819,160.870,160.808,160.820
2026-07-03 07:25,160.809,160.833,160.707,160.742
2026-07-03 07:30,160.736,160.903,160.731,160.884
2026-07-03 07:35,160.884,160.985,160.866,160.976
2026-07-03 07:40,160.975,160.998,160.884,160.913
2026-07-03 07:45,160.907,160.951,160.897,160.911
2026-07-03 07:50,160.914,160.922,160.743,160.779
2026-07-03 07:55,160.762,160.814,160.740,160.795
2026-07-03 08:00,160.791,160.871,160.765,160.851
2026-07-03 08:05,160.858,160.872,160.813,160.853
2026-07-03 08:10,160.844,160.906,160.844,160.857
2026-07-03 08:15,160.850,160.896,160.850,160.882
2026-07-03 08:20,160.883,160.900,160.857,160.885
2026-07-03 08:25,160.885,160.896,160.814,160.853
2026-07-03 08:30,160.863,160.935,160.853,160.898
2026-07-03 08:35,160.894,160.936,160.858,160.928
2026-07-03 08:40,160.928,160.941,160.901,160.916
2026-07-03 08:45,160.919,160.958,160.914,160.944
2026-07-03 08:50,160.944,161.002,160.944,160.983
2026-07-03 08:55,160.976,161.038,160.973,161.028
2026-07-03 09:00,161.032,161.068,161.012,161.049
2026-07-03 09:05,161.038,161.058,160.988,161.010
2026-07-03 09:10,161.010,161.026,160.956,160.959
2026-07-03 09:15,160.959,160.994,160.955,160.973
2026-07-03 09:20,160.976,161.013,160.969,161.006
2026-07-03 09:25,161.010,161.063,160.997,161.047
2026-07-03 09:30,161.046,161.050,161.025,161.029
2026-07-03 09:35,161.029,161.041,161.010,161.018
2026-07-03 09:40,161.023,161.040,161.009,161.029
2026-07-03 09:45,161.026,161.056,161.024,161.046
2026-07-03 09:50,161.038,161.089,161.038,161.074
2026-07-03 09:55,161.083,161.130,161.061,161.128
2026-07-03 10:00,161.118,161.169,161.114,161.156
2026-07-03 10:05,161.150,161.169,161.104,161.116
2026-07-03 10:10,161.110,161.134,161.099,161.123
2026-07-03 10:15,161.122,161.140,161.108,161.137
2026-07-03 10:20,161.130,161.136,161.101,161.114
2026-07-03 10:25,161.114,161.141,161.114,161.120
2026-07-03 10:30,161.125,161.146,161.118,161.127
2026-07-03 10:35,161.130,161.158,161.114,161.123
2026-07-03 10:40,161.121,161.148,161.114,161.138
2026-07-03 10:45,161.129,161.136,161.100,161.100
2026-07-03 10:50,161.100,161.122,161.086,161.096
2026-07-03 10:55,161.094,161.104,161.067,161.092
2026-07-03 11:00,161.089,161.130,161.084,161.104
2026-07-03 11:05,161.109,161.111,161.077,161.079
2026-07-03 11:10,161.079,161.091,161.048,161.067
2026-07-03 11:15,161.061,161.091,161.061,161.063
2026-07-03 11:20,161.063,161.085,161.054,161.066
2026-07-03 11:25,161.068,161.105,161.065,161.099
2026-07-03 11:30,161.098,161.139,161.096,161.129
2026-07-03 11:35,161.128,161.141,161.101,161.125
2026-07-03 11:40,161.118,161.140,161.115,161.125
2026-07-03 11:45,161.128,161.161,161.117,161.142
2026-07-03 11:50,161.140,161.154,161.116,161.118
2026-07-03 11:55,161.120,161.151,161.103,161.111
2026-07-03 12:00,161.105,161.141,161.101,161.132
2026-07-03 12:05,161.127,161.152,161.112,161.134
2026-07-03 12:10,161.134,161.149,161.119,161.130
2026-07-03 12:15,161.130,161.149,161.126,161.139
2026-07-03 12:20,161.142,161.153,161.130,161.148
2026-07-03 12:25,161.144,161.150,161.120,161.127
2026-07-03 12:30,161.124,161.146,161.113,161.125
2026-07-03 12:35,161.125,161.140,161.114,161.114
2026-07-03 12:40,161.115,161.137,161.104,161.130
2026-07-03 12:45,161.123,161.137,161.100,161.124
2026-07-03 12:50,161.119,161.140,161.116,161.129
2026-07-03 12:55,161.125,161.173,161.119,161.167
2026-07-03 13:00,161.169,161.198,161.161,161.197
2026-07-03 13:05,161.185,161.242,161.185,161.219
2026-07-03 13:10,161.219,161.275,161.219,161.252
2026-07-03 13:15,161.246,161.260,161.230,161.244
2026-07-03 13:20,161.238,161.253,161.217,161.229
2026-07-03 13:25,161.236,161.240,161.186,161.202
2026-07-03 13:30,161.202,161.255,161.202,161.232
2026-07-03 13:35,161.232,161.250,161.217,161.244
2026-07-03 13:40,161.245,161.255,161.228,161.244
2026-07-03 13:45,161.245,161.254,161.229,161.245
2026-07-03 13:50,161.237,161.271,161.221,161.257
2026-07-03 13:55,161.264,161.271,161.236,161.254
2026-07-03 14:00,161.244,161.277,161.244,161.261
2026-07-03 14:05,161.261,161.271,161.233,161.249
2026-07-03 14:10,161.244,161.256,161.221,161.234
2026-07-03 14:15,161.232,161.251,161.221,161.236
2026-07-03 14:20,161.232,161.243,161.207,161.226
2026-07-03 14:25,161.226,161.232,161.202,161.213
2026-07-03 14:30,161.219,161.230,161.197,161.225
2026-07-03 14:35,161.224,161.245,161.211,161.231
2026-07-03 14:40,161.230,161.249,161.220,161.234
2026-07-03 14:45,161.241,161.243,161.217,161.223
2026-07-03 14:50,161.228,161.241,161.217,161.238
2026-07-03 14:55,161.229,161.295,161.229,161.287
2026-07-03 15:00,161.289,161.345,161.270,161.331
2026-07-03 15:05,161.331,161.341,161.286,161.297
2026-07-03 15:10,161.295,161.306,161.279,161.295
2026-07-03 15:15,161.287,161.304,161.263,161.298
2026-07-03 15:20,161.294,161.318,161.292,161.306
2026-07-03 15:25,161.296,161.319,161.268,161.274
2026-07-03 15:30,161.280,161.308,161.268,161.299
2026-07-03 15:35,161.291,161.305,161.278,161.293
2026-07-03 15:40,161.304,161.306,161.278,161.300
2026-07-03 15:45,161.292,161.305,161.279,161.282
2026-07-03 15:50,161.292,161.311,161.283,161.300
2026-07-03 15:55,161.298,161.331,161.291,161.317
2026-07-03 16:00,161.306,161.330,161.292,161.327
2026-07-03 16:05,161.315,161.339,161.304,161.310
2026-07-03 16:10,161.312,161.342,161.302,161.328
2026-07-03 16:15,161.341,161.367,161.326,161.341
2026-07-03 16:20,161.343,161.358,161.329,161.353
2026-07-03 16:25,161.346,161.365,161.342,161.356
2026-07-03 16:30,161.358,161.374,161.346,161.359
2026-07-03 16:35,161.359,161.394,161.359,161.382
2026-07-03 16:40,161.377,161.393,161.369,161.384
2026-07-03 16:45,161.379,161.390,161.354,161.363
2026-07-03 16:50,161.365,161.373,161.342,161.345
2026-07-03 16:55,161.344,161.359,161.332,161.338
2026-07-03 17:00,161.338,161.345,161.285,161.325
2026-07-03 17:05,161.324,161.355,161.314,161.333
2026-07-03 17:10,161.335,161.359,161.325,161.328
2026-07-03 17:15,161.326,161.346,161.301,161.318
2026-07-03 17:20,161.310,161.336,161.309,161.317
2026-07-03 17:25,161.331,161.335,161.300,161.306
2026-07-03 17:30,161.309,161.336,161.300,161.315
2026-07-03 17:35,161.314,161.333,161.263,161.295
2026-07-03 17:40,161.294,161.308,161.274,161.303
2026-07-03 17:45,161.302,161.309,161.271,161.279
2026-07-03 17:50,161.288,161.301,161.275,161.291
2026-07-03 17:55,161.291,161.309,161.268,161.304
2026-07-03 18:00,161.288,161.316,161.275,161.299
2026-07-03 18:05,161.308,161.331,161.299,161.326
2026-07-03 18:10,161.324,161.339,161.310,161.319
2026-07-03 18:15,161.321,161.340,161.310,161.319
2026-07-03 18:20,161.324,161.333,161.304,161.321
2026-07-03 18:25,161.321,161.331,161.309,161.325
2026-07-03 18:30,161.313,161.330,161.310,161.319
2026-07-03 18:35,161.317,161.330,161.307,161.318
2026-07-03 18:40,161.320,161.337,161.310,161.318
2026-07-03 18:45,161.330,161.343,161.317,161.329
2026-07-03 18:50,161.339,161.350,161.327,161.333
2026-07-03 18:55,161.331,161.359,161.321,161.339
2026-07-03 19:00,161.341,161.363,161.330,161.332
2026-07-03 19:05,161.333,161.358,161.322,161.329
2026-07-03 19:10,161.339,161.356,161.327,161.348
2026-07-03 19:15,161.351,161.357,161.332,161.353
2026-07-03 19:20,161.346,161.359,161.343,161.345
2026-07-03 19:25,161.345,161.358,161.335,161.351
2026-07-03 19:30,161.353,161.362,161.339,161.359
2026-07-03 19:35,161.358,161.380,161.346,161.378
2026-07-03 19:40,161.363,161.379,161.358,161.370
2026-07-03 19:45,161.372,161.373,161.337,161.354
2026-07-03 19:50,161.355,161.368,161.338,161.368
2026-07-03 19:55,161.353,161.373,161.340,161.359
2026-07-03 20:00,161.359,161.385,161.348,161.379
2026-07-03 20:05,161.385,161.387,161.343,161.369
2026-07-03 20:10,161.360,161.379,161.348,161.360
2026-07-03 20:15,161.372,161.380,161.351,161.362
2026-07-03 20:20,161.366,161.380,161.352,161.360
2026-07-03 20:25,161.358,161.390,161.355,161.381
2026-07-03 20:30,161.375,161.383,161.294,161.339
2026-07-03 20:35,161.339,161.374,161.311,161.363
2026-07-03 20:40,161.361,161.379,161.317,161.367
2026-07-03 20:45,161.370,161.429,161.324,161.351
2026-07-03 20:50,161.360,161.393,161.317,161.373
2026-07-03 20:55,161.357,161.361,161.262,161.337
2026-07-05 23:00,161.405,161.478,161.405,161.469
2026-07-05 23:05,161.458,161.473,161.442,161.458
2026-07-05 23:10,161.459,161.473,161.446,161.461
2026-07-05 23:15,161.461,161.496,161.460,161.484
2026-07-05 23:20,161.487,161.507,161.469,161.499
2026-07-05 23:25,161.491,161.500,161.444,161.462
2026-07-05 23:30,161.463,161.484,161.450,161.456
2026-07-05 23:35,161.458,161.487,161.448,161.470
2026-07-05 23:40,161.470,161.477,161.448,161.460
2026-07-05 23:45,161.454,161.460,161.413,161.436
2026-07-05 23:50,161.428,161.477,161.428,161.468
2026-07-05 23:55,161.468,161.475,161.440,161.460
2026-07-06 00:00,161.452,161.538,161.452,161.527
2026-07-06 00:05,161.535,161.590,161.517,161.579
2026-07-06 00:10,161.579,161.588,161.529,161.538
2026-07-06 00:15,161.531,161.540,161.449,161.506
2026-07-06 00:20,161.502,161.542,161.483,161.522
2026-07-06 00:25,161.521,161.542,161.491,161.495
2026-07-06 00:30,161.493,161.512,161.468,161.501
2026-07-06 00:35,161.500,161.546,161.499,161.539
2026-07-06 00:40,161.530,161.546,161.509,161.520
2026-07-06 00:45,161.524,161.607,161.510,161.570
2026-07-06 00:50,161.575,161.604,161.535,161.555
2026-07-06 00:55,161.532,161.568,161.462,161.528
2026-07-06 01:00,161.532,161.577,161.524,161.561
2026-07-06 01:05,161.564,161.581,161.531,161.557
2026-07-06 01:10,161.559,161.623,161.531,161.593
2026-07-06 01:15,161.593,161.654,161.593,161.651
2026-07-06 01:20,161.642,161.729,161.639,161.709
2026-07-06 01:25,161.714,161.775,161.709,161.774
2026-07-06 01:30,161.761,161.775,161.698,161.739
2026-07-06 01:35,161.738,161.739,161.694,161.708
2026-07-06 01:40,161.707,161.726,161.696,161.700
2026-07-06 01:45,161.698,161.758,161.696,161.749
2026-07-06 01:50,161.749,161.774,161.735,161.761
2026-07-06 01:55,161.756,161.817,161.753,161.804
2026-07-06 02:00,161.805,161.817,161.773,161.796
2026-07-06 02:05,161.791,161.842,161.783,161.828
2026-07-06 02:10,161.827,161.852,161.815,161.824
2026-07-06 02:15,161.830,161.839,161.776,161.798
2026-07-06 02:20,161.800,161.809,161.780,161.801
2026-07-06 02:25,161.801,161.811,161.784,161.790
2026-07-06 02:30,161.791,161.810,161.786,161.792
2026-07-06 02:35,161.790,161.827,161.789,161.794
2026-07-06 02:40,161.794,161.821,161.789,161.800
2026-07-06 02:45,161.791,161.806,161.772,161.777
2026-07-06 02:50,161.777,161.801,161.742,161.759
2026-07-06 02:55,161.759,161.775,161.748,161.768
2026-07-06 03:00,161.767,161.782,161.757,161.772
2026-07-06 03:05,161.772,161.783,161.760,161.764
2026-07-06 03:10,161.765,161.804,161.765,161.792
2026-07-06 03:15,161.792,161.822,161.791,161.807
2026-07-06 03:20,161.799,161.825,161.778,161.816
2026-07-06 03:25,161.808,161.827,161.804,161.820
2026-07-06 03:30,161.818,161.835,161.814,161.825
2026-07-06 03:35,161.824,161.825,161.790,161.792
2026-07-06 03:40,161.792,161.815,161.790,161.790
2026-07-06 03:45,161.794,161.817,161.789,161.809
2026-07-06 03:50,161.805,161.825,161.801,161.818
2026-07-06 03:55,161.817,161.863,161.813,161.832
2026-07-06 04:00,161.832,161.852,161.826,161.850
2026-07-06 04:05,161.841,161.850,161.816,161.828
2026-07-06 04:10,161.828,161.836,161.802,161.818
2026-07-06 04:15,161.819,161.837,161.802,161.828
2026-07-06 04:20,161.827,161.841,161.826,161.831
2026-07-06 04:25,161.835,161.851,161.828,161.850
2026-07-06 04:30,161.843,161.852,161.830,161.839
2026-07-06 04:35,161.842,161.878,161.835,161.867
2026-07-06 04:40,161.867,161.936,161.866,161.908
2026-07-06 04:45,161.909,161.947,161.907,161.917
2026-07-06 04:50,161.918,161.944,161.911,161.922
2026-07-06 04:55,161.919,161.939,161.908,161.934
2026-07-06 05:00,161.934,161.945,161.908,161.935
2026-07-06 05:05,161.934,161.992,161.934,161.970
2026-07-06 05:10,161.979,161.981,161.876,161.935
2026-07-06 05:15,161.934,161.968,161.933,161.959
2026-07-06 05:20,161.952,161.966,161.938,161.956
2026-07-06 05:25,161.955,161.971,161.946,161.950
2026-07-06 05:30,161.949,161.965,161.931,161.950
2026-07-06 05:35,161.949,161.960,161.932,161.945
2026-07-06 05:40,161.944,161.949,161.932,161.947
2026-07-06 05:45,161.940,161.980,161.938,161.975
2026-07-06 05:50,161.971,161.998,161.963,161.972
2026-07-06 05:55,161.970,162.086,161.969,162.072
2026-07-06 06:00,162.069,162.097,162.021,162.079
2026-07-06 06:05,162.091,162.157,162.048,162.069
2026-07-06 06:10,162.061,162.130,162.051,162.118
2026-07-06 06:15,162.123,162.277,162.118,162.203
2026-07-06 06:20,162.195,162.208,162.117,162.157
2026-07-06 06:25,162.151,162.204,162.151,162.172
2026-07-06 06:30,162.174,162.212,162.114,162.147
2026-07-06 06:35,162.142,162.187,162.130,162.154
2026-07-06 06:40,162.154,162.172,162.108,162.115
2026-07-06 06:45,162.108,162.175,162.102,162.168
2026-07-06 06:50,162.167,162.213,162.154,162.197
2026-07-06 06:55,162.197,162.308,162.193,162.246
2026-07-06 07:00,162.248,162.314,162.222,162.245
2026-07-06 07:05,162.252,162.315,162.233,162.284
2026-07-06 07:10,162.276,162.298,162.231,162.232
2026-07-06 07:15,162.232,162.265,162.214,162.247
2026-07-06 07:20,162.250,162.291,162.244,162.279
2026-07-06 07:25,162.278,162.307,162.252,162.260
2026-07-06 07:30,162.259,162.266,162.156,162.187
2026-07-06 07:35,162.195,162.220,162.183,162.193
2026-07-06 07:40,162.192,162.212,162.153,162.166
2026-07-06 07:45,162.175,162.202,162.151,162.183
2026-07-06 07:50,162.176,162.204,162.157,162.177
2026-07-06 07:55,162.168,162.202,162.149,162.153
2026-07-06 08:00,162.155,162.276,162.153,162.242
2026-07-06 08:05,162.241,162.277,162.205,162.272
2026-07-06 08:10,162.271,162.293,162.241,162.247
2026-07-06 08:15,162.242,162.245,162.206,162.235
2026-07-06 08:20,162.232,162.256,162.222,162.255
2026-07-06 08:25,162.250,162.257,162.218,162.230
2026-07-06 08:30,162.225,162.263,162.221,162.255
2026-07-06 08:35,162.258,162.262,162.228,162.250
2026-07-06 08:40,162.248,162.258,162.222,162.250
2026-07-06 08:45,162.243,162.263,162.235,162.245
2026-07-06 08:50,162.247,162.263,162.225,162.237
2026-07-06 08:55,162.241,162.262,162.233,162.240
2026-07-06 09:00,162.240,162.257,162.223,162.247
2026-07-06 09:05,162.238,162.263,162.236,162.250
2026-07-06 09:10,162.248,162.301,162.247,162.274
2026-07-06 09:15,162.276,162.288,162.250,162.282
2026-07-06 09:20,162.275,162.293,162.262,162.282
2026-07-06 09:25,162.275,162.303,162.265,162.291
2026-07-06 09:30,162.285,162.302,162.264,162.276
2026-07-06 09:35,162.269,162.283,162.250,162.264
2026-07-06 09:40,162.262,162.274,162.247,162.273
2026-07-06 09:45,162.263,162.301,162.262,162.301
2026-07-06 09:50,162.294,162.349,162.276,162.329
2026-07-06 09:55,162.326,162.334,162.301,162.325
2026-07-06 10:00,162.324,162.412,162.313,162.359
2026-07-06 10:05,162.361,162.377,162.326,162.345
2026-07-06 10:10,162.341,162.351,162.249,162.253
2026-07-06 10:15,162.251,162.313,162.251,162.276
2026-07-06 10:20,162.276,162.302,162.266,162.298
2026-07-06 10:25,162.292,162.341,162.289,162.332
2026-07-06 10:30,162.332,162.350,162.319,162.321
2026-07-06 10:35,162.324,162.342,162.296,162.319
2026-07-06 10:40,162.318,162.332,162.303,162.305
2026-07-06 10:45,162.307,162.324,162.298,162.321
2026-07-06 10:50,162.316,162.324,162.291,162.299
2026-07-06 10:55,162.295,162.325,162.295,162.302
2026-07-06 11:00,162.304,162.324,162.300,162.313
2026-07-06 11:05,162.311,162.319,162.289,162.289
2026-07-06 11:10,162.291,162.307,162.277,162.302
2026-07-06 11:15,162.296,162.309,162.291,162.296
2026-07-06 11:20,162.298,162.317,162.294,162.308
2026-07-06 11:25,162.305,162.315,162.279,162.298
2026-07-06 11:30,162.290,162.309,162.283,162.301
2026-07-06 11:35,162.298,162.323,162.298,162.314
2026-07-06 11:40,162.313,162.324,162.303,162.313
2026-07-06 11:45,162.313,162.335,162.298,162.328
2026-07-06 11:50,162.334,162.352,162.327,162.344
2026-07-06 11:55,162.342,162.356,162.316,162.331
2026-07-06 12:00,162.329,162.352,162.304,162.312
2026-07-06 12:05,162.318,162.341,162.295,162.335
2026-07-06 12:10,162.334,162.345,162.313,162.315
2026-07-06 12:15,162.315,162.327,162.302,162.321
2026-07-06 12:20,162.320,162.345,162.314,162.340
2026-07-06 12:25,162.333,162.349,162.325,162.341
2026-07-06 12:30,162.340,162.370,162.315,162.356
2026-07-06 12:35,162.356,162.384,162.354,162.367
2026-07-06 12:40,162.373,162.411,162.366,162.382
2026-07-06 12:45,162.384,162.397,162.353,162.365
2026-07-06 12:50,162.365,162.380,162.348,162.366
2026-07-06 12:55,162.357,162.427,162.355,162.398
2026-07-06 13:00,162.395,162.420,162.386,162.398
2026-07-06 13:05,162.391,162.399,162.369,162.375
2026-07-06 13:10,162.372,162.387,162.303,162.355
2026-07-06 13:15,162.359,162.365,162.325,162.338
2026-07-06 13:20,162.345,162.358,162.302,162.320
2026-07-06 13:25,162.317,162.345,162.315,162.329
2026-07-06 13:30,162.338,162.367,162.316,162.354
2026-07-06 13:35,162.361,162.387,162.338,162.353
2026-07-06 13:40,162.354,162.365,162.332,162.353
2026-07-06 13:45,162.352,162.388,162.341,162.342
2026-07-06 13:50,162.349,162.353,162.317,162.331
2026-07-06 13:55,162.331,162.347,162.315,162.320
2026-07-06 14:00,162.327,162.361,162.291,162.309
2026-07-06 14:05,162.310,162.315,162.275,162.310
2026-07-06 14:10,162.307,162.322,162.266,162.275
2026-07-06 14:15,162.276,162.302,162.274,162.292
2026-07-06 14:20,162.290,162.311,162.281,162.310
2026-07-06 14:25,162.305,162.311,162.288,162.294
2026-07-06 14:30,162.299,162.314,162.286,162.296
2026-07-06 14:35,162.291,162.354,162.288,162.351
2026-07-06 14:40,162.351,162.359,162.329,162.330
2026-07-06 14:45,162.332,162.352,162.314,162.344
2026-07-06 14:50,162.348,162.353,162.320,162.341
2026-07-06 14:55,162.341,162.385,162.340,162.359
2026-07-06 15:00,162.360,162.369,162.297,162.305
2026-07-06 15:05,162.313,162.329,162.284,162.309
2026-07-06 15:10,162.309,162.343,162.307,162.321
2026-07-06 15:15,162.321,162.344,162.307,162.334
2026-07-06 15:20,162.334,162.343,162.318,162.342
2026-07-06 15:25,162.336,162.352,162.327,162.331
2026-07-06 15:30,162.338,162.354,162.320,162.333
2026-07-06 15:35,162.331,162.343,162.316,162.322
2026-07-06 15:40,162.317,162.324,162.280,162.292
2026-07-06 15:45,162.287,162.303,162.276,162.290
2026-07-06 15:50,162.294,162.302,162.279,162.287
2026-07-06 15:55,162.279,162.298,162.265,162.284
2026-07-06 16:00,162.278,162.317,162.277,162.313
2026-07-06 16:05,162.303,162.313,162.291,162.295
2026-07-06 16:10,162.293,162.299,162.273,162.284
2026-07-06 16:15,162.287,162.290,162.254,162.260
2026-07-06 16:20,162.260,162.273,162.249,162.251
2026-07-06 16:25,162.255,162.261,162.235,162.238
2026-07-06 16:30,162.237,162.269,162.237,162.262
2026-07-06 16:35,162.264,162.273,162.259,162.263
2026-07-06 16:40,162.263,162.284,162.261,162.274
2026-07-06 16:45,162.274,162.304,162.266,162.294
2026-07-06 16:50,162.291,162.295,162.255,162.259
2026-07-06 16:55,162.258,162.289,162.252,162.255
2026-07-06 17:00,162.254,162.274,162.243,162.265
2026-07-06 17:05,162.258,162.267,162.251,162.259
2026-07-06 17:10,162.262,162.266,162.245,162.247
2026-07-06 17:15,162.247,162.261,162.242,162.248
2026-07-06 17:20,162.247,162.252,162.199,162.201
2026-07-06 17:25,162.201,162.208,162.163,162.188
2026-07-06 17:30,162.188,162.208,162.186,162.190
2026-07-06 17:35,162.190,162.212,162.165,162.177
2026-07-06 17:40,162.185,162.188,162.137,162.145
2026-07-06 17:45,162.154,162.158,162.137,162.142
2026-07-06 17:50,162.137,162.163,162.137,162.160
2026-07-06 17:55,162.157,162.175,162.150,162.170
2026-07-06 18:00,162.167,162.176,162.152,162.157
2026-07-06 18:05,162.156,162.189,162.153,162.164
2026-07-06 18:10,162.166,162.175,162.152,162.157
2026-07-06 18:15,162.152,162.163,162.127,162.149
2026-07-06 18:20,162.140,162.150,162.128,162.138
2026-07-06 18:25,162.134,162.148,162.126,162.136
2026-07-06 18:30,162.135,162.164,162.111,162.122
2026-07-06 18:35,162.123,162.126,162.102,162.119
2026-07-06 18:40,162.113,162.123,162.094,162.103
2026-07-06 18:45,162.102,162.133,162.048,162.050
2026-07-06 18:50,162.050,162.068,162.016,162.044
2026-07-06 18:55,162.044,162.062,162.008,162.040
2026-07-06 19:00,162.036,162.084,162.036,162.054
2026-07-06 19:05,162.051,162.099,162.048,162.089
2026-07-06 19:10,162.094,162.099,162.063,162.081
2026-07-06 19:15,162.075,162.092,162.072,162.081
2026-07-06 19:20,162.075,162.111,162.075,162.104
2026-07-06 19:25,162.100,162.112,162.088,162.106
2026-07-06 19:30,162.103,162.110,162.062,162.071
2026-07-06 19:35,162.063,162.084,162.033,162.081
2026-07-06 19:40,162.073,162.116,162.062,162.099
2026-07-06 19:45,162.102,162.108,162.064,162.076
2026-07-06 19:50,162.076,162.086,162.050,162.057
2026-07-06 19:55,162.052,162.079,162.025,162.044
2026-07-06 20:00,162.043,162.058,162.023,162.040
2026-07-06 20:05,162.036,162.058,162.025,162.057
2026-07-06 20:10,162.048,162.095,162.048,162.079
2026-07-06 20:15,162.081,162.099,162.071,162.089
2026-07-06 20:20,162.092,162.099,162.071,162.085
2026-07-06 20:25,162.079,162.086,162.039,162.068
2026-07-06 20:30,162.062,162.085,162.055,162.083
2026-07-06 20:35,162.077,162.111,162.077,162.093
2026-07-06 20:40,162.091,162.110,162.083,162.095
2026-07-06 20:45,162.083,162.114,162.083,162.096
2026-07-06 20:50,162.091,162.106,162.068,162.094
2026-07-06 20:55,162.071,162.097,162.055,162.070
2026-07-06 21:00,162.068,162.091,162.031,162.037
2026-07-06 21:05,162.034,162.052,162.026,162.044
2026-07-06 21:10,162.044,162.056,162.040,162.054
2026-07-06 21:15,162.041,162.060,162.040,162.044
2026-07-06 21:20,162.044,162.060,162.033,162.055
2026-07-06 21:25,162.058,162.058,162.041,162.043
2026-07-06 21:30,162.044,162.067,162.033,162.052
2026-07-06 21:35,162.053,162.085,162.033,162.071
2026-07-06 21:40,162.069,162.100,162.037,162.068
2026-07-06 21:45,162.037,162.128,162.037,162.050
2026-07-06 21:50,162.048,162.087,162.046,162.073
2026-07-06 21:55,162.068,162.097,162.044,162.058
2026-07-06 22:00,162.059,162.113,162.015,162.046
2026-07-06 22:05,162.046,162.070,162.036,162.068
2026-07-06 22:10,162.068,162.071,162.037,162.064
2026-07-06 22:15,162.068,162.070,162.037,162.060
2026-07-06 22:20,162.064,162.096,162.046,162.066
2026-07-06 22:25,162.081,162.086,162.051,162.080
2026-07-06 22:30,162.065,162.087,162.052,162.063
2026-07-06 22:35,162.079,162.087,162.064,162.078
2026-07-06 22:40,162.074,162.087,162.063,162.080
2026-07-06 22:45,162.076,162.086,162.053,162.055
2026-07-06 22:50,162.051,162.073,162.051,162.058
2026-07-06 22:55,162.058,162.073,162.057,162.069
2026-07-06 23:00,162.061,162.070,161.993,161.999
2026-07-06 23:05,162.009,162.048,161.998,162.011
2026-07-06 23:10,162.015,162.037,162.010,162.030
2026-07-06 23:15,162.024,162.035,162.015,162.018
2026-07-06 23:20,162.023,162.031,162.003,162.024
2026-07-06 23:25,162.026,162.034,162.020,162.024
2026-07-06 23:30,162.027,162.035,162.006,162.022
2026-07-06 23:35,162.012,162.059,162.011,162.056
2026-07-06 23:40,162.057,162.076,162.047,162.064
2026-07-06 23:45,162.059,162.069,162.045,162.062
2026-07-06 23:50,162.057,162.097,162.053,162.080
2026-07-06 23:55,162.077,162.110,162.077,162.096
2026-07-07 00:00,162.088,162.113,162.074,162.099
2026-07-07 00:05,162.095,162.125,162.087,162.103
2026-07-07 00:10,162.103,162.129,162.094,162.127
2026-07-07 00:15,162.118,162.163,162.117,162.157
2026-07-07 00:20,162.156,162.183,162.148,162.171
2026-07-07 00:25,162.168,162.178,162.154,162.164
2026-07-07 00:30,162.163,162.173,162.139,162.144
2026-07-07 00:35,162.144,162.161,162.134,162.151
2026-07-07 00:40,162.153,162.169,162.135,162.142
2026-07-07 00:45,162.139,162.162,162.115,162.159
2026-07-07 00:50,162.155,162.178,162.086,162.093
2026-07-07 00:55,162.095,162.133,162.081,162.124
2026-07-07 01:00,162.129,162.142,162.100,162.117
2026-07-07 01:05,162.126,162.130,162.107,162.121
2026-07-07 01:10,162.118,162.147,162.111,162.122
2026-07-07 01:15,162.120,162.132,162.099,162.118
2026-07-07 01:20,162.119,162.121,162.062,162.090
2026-07-07 01:25,162.087,162.098,162.018,162.027
2026-07-07 01:30,162.019,162.026,161.673,161.888
2026-07-07 01:35,161.888,161.966,161.877,161.961
2026-07-07 01:40,161.957,161.977,161.931,161.970
2026-07-07 01:45,161.966,161.977,161.822,161.853
2026-07-07 01:50,161.855,161.874,161.768,161.781
2026-07-07 01:55,161.781,161.877,161.769,161.862
2026-07-07 02:00,161.868,161.889,161.785,161.785
2026-07-07 02:05,161.785,161.876,161.785,161.860
2026-07-07 02:10,161.855,161.879,161.834,161.867
2026-07-07 02:15,161.863,161.889,161.838,161.873
2026-07-07 02:20,161.873,161.911,161.861,161.863
2026-07-07 02:25,161.869,161.912,161.859,161.910
2026-07-07 02:30,161.906,161.927,161.889,161.890
2026-07-07 02:35,161.896,161.902,161.861,161.881
2026-07-07 02:40,161.878,161.902,161.866,161.897
2026-07-07 02:45,161.894,161.913,161.890,161.909
2026-07-07 02:50,161.907,161.913,161.879,161.894
2026-07-07 02:55,161.889,161.927,161.886,161.916
2026-07-07 03:00,161.913,161.926,161.877,161.916
2026-07-07 03:05,161.916,161.927,161.875,161.902
2026-07-07 03:10,161.900,161.913,161.887,161.902
2026-07-07 03:15,161.893,161.902,161.818,161.834
2026-07-07 03:20,161.833,161.835,161.786,161.817
2026-07-07 03:25,161.811,161.837,161.799,161.823
2026-07-07 03:30,161.826,161.853,161.806,161.816
2026-07-07 03:35,161.813,161.864,161.801,161.856
2026-07-07 03:40,161.861,161.898,161.850,161.887
2026-07-07 03:45,161.886,161.889,161.846,161.860
2026-07-07 03:50,161.857,161.878,161.850,161.861
2026-07-07 03:55,161.868,161.874,161.851,161.869
2026-07-07 04:00,161.861,161.883,161.861,161.874
2026-07-07 04:05,161.869,161.887,161.839,161.841
2026-07-07 04:10,161.843,161.857,161.825,161.830
2026-07-07 04:15,161.836,161.850,161.827,161.841
2026-07-07 04:20,161.834,161.849,161.785,161.798
2026-07-07 04:25,161.799,161.812,161.788,161.797
2026-07-07 04:30,161.804,161.806,161.746,161.763
2026-07-07 04:35,161.764,161.784,161.739,161.739
2026-07-07 04:40,161.739,161.746,161.673,161.720
2026-07-07 04:45,161.717,161.733,161.677,161.700
2026-07-07 04:50,161.700,161.728,161.680,161.708
2026-07-07 04:55,161.708,161.798,161.707,161.785
2026-07-07 05:00,161.785,161.803,161.761,161.783
2026-07-07 05:05,161.776,161.794,161.755,161.758
2026-07-07 05:10,161.754,161.798,161.745,161.783
2026-07-07 05:15,161.776,161.828,161.770,161.819
2026-07-07 05:20,161.820,161.894,161.816,161.884
2026-07-07 05:25,161.885,161.893,161.840,161.855
2026-07-07 05:30,161.851,161.875,161.798,161.816
2026-07-07 05:35,161.813,161.859,161.812,161.853
2026-07-07 05:40,161.845,161.865,161.835,161.856
2026-07-07 05:45,161.857,161.864,161.809,161.809
2026-07-07 05:50,161.810,161.873,161.806,161.854
2026-07-07 05:55,161.854,161.892,161.850,161.863
2026-07-07 06:00,161.873,161.903,161.854,161.894
2026-07-07 06:05,161.891,161.938,161.881,161.927
2026-07-07 06:10,161.932,161.954,161.905,161.925
2026-07-07 06:15,161.922,161.974,161.908,161.961
2026-07-07 06:20,161.957,161.991,161.945,161.976
2026-07-07 06:25,161.987,162.035,161.976,162.022
2026-07-07 06:30,162.021,162.033,161.981,161.998
2026-07-07 06:35,161.997,162.020,161.985,162.018
2026-07-07 06:40,162.015,162.028,161.986,162.001
2026-07-07 06:45,162.002,162.027,161.986,162.007
2026-07-07 06:50,162.023,162.033,161.995,162.023
2026-07-07 06:55,162.023,162.044,162.008,162.016
2026-07-07 07:00,162.017,162.082,162.017,162.075
2026-07-07 07:05,162.072,162.079,162.008,162.018
2026-07-07 07:10,162.018,162.028,161.983,161.986
2026-07-07 07:15,161.986,162.000,161.796,161.820
2026-07-07 07:20,161.831,161.906,161.656,161.906
2026-07-07 07:25,161.891,161.965,161.883,161.960
2026-07-07 07:30,161.953,161.983,161.923,161.928
2026-07-07 07:35,161.923,161.968,161.882,161.952
2026-07-07 07:40,161.965,161.982,161.946,161.964
2026-07-07 07:45,161.964,161.993,161.890,161.949
2026-07-07 07:50,161.948,161.949,161.844,161.932
2026-07-07 07:55,161.924,161.985,161.908,161.962
2026-07-07 08:00,161.963,161.972,161.897,161.909
2026-07-07 08:05,161.909,161.930,161.890,161.893
2026-07-07 08:10,161.893,161.903,161.818,161.851
2026-07-07 08:15,161.844,161.877,161.840,161.868
2026-07-07 08:20,161.869,161.882,161.841,161.850
2026-07-07 08:25,161.862,161.929,161.841,161.922
2026-07-07 08:30,161.913,161.929,161.882,161.901
2026-07-07 08:35,161.894,161.949,161.874,161.879
2026-07-07 08:40,161.874,161.899,161.845,161.872
2026-07-07 08:45,161.873,161.924,161.842,161.856
2026-07-07 08:50,161.846,161.898,161.845,161.885
2026-07-07 08:55,161.885,161.914,161.874,161.889
2026-07-07 09:00,161.889,161.922,161.849,161.862
2026-07-07 09:05,161.869,161.883,161.830,161.834
2026-07-07 09:10,161.834,161.883,161.807,161.867
2026-07-07 09:15,161.861,161.873,161.833,161.865
2026-07-07 09:20,161.858,161.895,161.849,161.880
2026-07-07 09:25,161.879,161.897,161.864,161.883
2026-07-07 09:30,161.873,161.920,161.853,161.907
2026-07-07 09:35,161.907,161.924,161.889,161.891
2026-07-07 09:40,161.897,161.917,161.874,161.902
2026-07-07 09:45,161.913,161.952,161.888,161.942
2026-07-07 09:50,161.952,161.967,161.929,161.930
2026-07-07 09:55,161.930,161.945,161.914,161.940
2026-07-07 10:00,161.929,161.951,161.916,161.941
2026-07-07 10:05,161.950,161.963,161.914,161.926
2026-07-07 10:10,161.915,161.951,161.912,161.927
2026-07-07 10:15,161.915,161.928,161.877,161.905
2026-07-07 10:20,161.900,161.914,161.882,161.888
2026-07-07 10:25,161.888,161.906,161.874,161.878
2026-07-07 10:30,161.878,161.903,161.870,161.888
2026-07-07 10:35,161.895,161.919,161.882,161.882
2026-07-07 10:40,161.882,161.916,161.881,161.910
2026-07-07 10:45,161.902,161.942,161.898,161.935
2026-07-07 10:50,161.930,161.941,161.906,161.932
2026-07-07 10:55,161.931,161.942,161.914,161.927
2026-07-07 11:00,161.933,161.953,161.926,161.932
2026-07-07 11:05,161.932,161.938,161.891,161.912
2026-07-07 11:10,161.922,161.923,161.883,161.893
2026-07-07 11:15,161.897,161.901,161.853,161.871
2026-07-07 11:20,161.874,161.883,161.838,161.876
2026-07-07 11:25,161.868,161.912,161.867,161.893
2026-07-07 11:30,161.894,161.931,161.892,161.916
2026-07-07 11:35,161.920,161.942,161.909,161.922
2026-07-07 11:40,161.913,161.949,161.911,161.949
2026-07-07 11:45,161.948,161.953,161.910,161.916
2026-07-07 11:50,161.916,161.957,161.906,161.933
2026-07-07 11:55,161.934,161.953,161.890,161.915
2026-07-07 12:00,161.907,161.929,161.891,161.905
2026-07-07 12:05,161.899,161.916,161.877,161.878
2026-07-07 12:10,161.878,161.904,161.854,161.860
2026-07-07 12:15,161.860,161.876,161.840,161.861
2026-07-07 12:20,161.865,161.866,161.791,161.823
2026-07-07 12:25,161.823,161.839,161.772,161.785
2026-07-07 12:30,161.781,161.803,161.749,161.770
2026-07-07 12:35,161.764,161.801,161.750,161.789
2026-07-07 12:40,161.789,161.854,161.788,161.851
2026-07-07 12:45,161.846,161.865,161.826,161.853
2026-07-07 12:50,161.859,161.874,161.853,161.859
2026-07-07 12:55,161.857,161.867,161.824,161.832
2026-07-07 13:00,161.830,161.900,161.830,161.887
2026-07-07 13:05,161.883,161.897,161.865,161.867
2026-07-07 13:10,161.867,161.891,161.865,161.877
2026-07-07 13:15,161.873,161.890,161.840,161.877
2026-07-07 13:20,161.866,161.895,161.856,161.879
2026-07-07 13:25,161.890,161.900,161.857,161.877
2026-07-07 13:30,161.885,161.903,161.866,161.879
2026-07-07 13:35,161.872,161.884,161.827,161.835
2026-07-07 13:40,161.829,161.851,161.803,161.840
2026-07-07 13:45,161.839,161.888,161.828,161.859
2026-07-07 13:50,161.859,161.888,161.854,161.887
2026-07-07 13:55,161.880,161.899,161.864,161.887
2026-07-07 14:00,161.895,162.013,161.873,161.999
2026-07-07 14:05,162.004,162.023,161.972,161.992
2026-07-07 14:10,161.988,162.005,161.942,161.958
2026-07-07 14:15,161.949,161.962,161.918,161.937
2026-07-07 14:20,161.933,161.936,161.892,161.923
2026-07-07 14:25,161.924,161.957,161.919,161.920
2026-07-07 14:30,161.922,161.952,161.917,161.935
2026-07-07 14:35,161.936,161.961,161.918,161.938
2026-07-07 14:40,161.932,161.944,161.893,161.900
2026-07-07 14:45,161.894,161.904,161.860,161.882
2026-07-07 14:50,161.881,161.891,161.851,161.867
2026-07-07 14:55,161.870,161.979,161.862,161.915
2026-07-07 15:00,161.905,161.946,161.888,161.919
2026-07-07 15:05,161.919,161.931,161.875,161.890
2026-07-07 15:10,161.887,161.926,161.886,161.892
2026-07-07 15:15,161.901,161.920,161.888,161.892
2026-07-07 15:20,161.889,161.914,161.886,161.907
2026-07-07 15:25,161.904,161.921,161.884,161.896
2026-07-07 15:30,161.895,161.925,161.882,161.905
2026-07-07 15:35,161.914,161.917,161.890,161.903
2026-07-07 15:40,161.891,161.905,161.850,161.872
2026-07-07 15:45,161.868,161.904,161.865,161.904
2026-07-07 15:50,161.893,161.931,161.888,161.929
2026-07-07 15:55,161.916,161.946,161.893,161.912
2026-07-07 16:00,161.907,161.917,161.888,161.901
2026-07-07 16:05,161.902,161.911,161.879,161.887
2026-07-07 16:10,161.878,161.905,161.861,161.899
2026-07-07 16:15,161.882,161.924,161.882,161.904
2026-07-07 16:20,161.912,161.931,161.894,161.927
2026-07-07 16:25,161.928,161.930,161.908,161.914
2026-07-07 16:30,161.915,161.931,161.908,161.924
2026-07-07 16:35,161.927,161.958,161.919,161.949
2026-07-07 16:40,161.956,161.959,161.920,161.923
2026-07-07 16:45,161.923,161.937,161.903,161.904
2026-07-07 16:50,161.904,161.941,161.903,161.936
2026-07-07 16:55,161.933,161.955,161.921,161.936
2026-07-07 17:00,161.928,161.943,161.897,161.907
2026-07-07 17:05,161.915,161.917,161.878,161.898
2026-07-07 17:10,161.890,161.919,161.890,161.910
2026-07-07 17:15,161.906,161.929,161.905,161.918
2026-07-07 17:20,161.914,161.928,161.907,161.913
2026-07-07 17:25,161.914,161.939,161.908,161.927
2026-07-07 17:30,161.927,161.936,161.910,161.924
2026-07-07 17:35,161.925,161.933,161.893,161.902
2026-07-07 17:40,161.897,161.916,161.891,161.895
2026-07-07 17:45,161.898,161.916,161.890,161.901
2026-07-07 17:50,161.900,161.906,161.868,161.885
2026-07-07 17:55,161.881,161.892,161.865,161.892
2026-07-07 18:00,161.881,161.914,161.879,161.907
2026-07-07 18:05,161.897,161.915,161.891,161.903
2026-07-07 18:10,161.902,161.910,161.884,161.891
2026-07-07 18:15,161.890,161.899,161.877,161.883
2026-07-07 18:20,161.882,161.891,161.870,161.873
2026-07-07 18:25,161.877,161.892,161.869,161.888
2026-07-07 18:30,161.881,161.904,161.863,161.871
2026-07-07 18:35,161.866,161.875,161.854,161.861
2026-07-07 18:40,161.858,161.876,161.856,161.856
2026-07-07 18:45,161.859,161.922,161.854,161.881
2026-07-07 18:50,161.888,161.969,161.877,161.950
2026-07-07 18:55,161.959,161.972,161.893,161.922
2026-07-07 19:00,161.932,161.997,161.922,161.979
2026-07-07 19:05,161.986,162.046,161.979,162.035
2026-07-07 19:10,162.041,162.093,162.025,162.081
2026-07-07 19:15,162.089,162.142,162.080,162.080
2026-07-07 19:20,162.089,162.105,162.062,162.089
2026-07-07 19:25,162.091,162.112,162.078,162.097
2026-07-07 19:30,162.087,162.099,162.031,162.034
2026-07-07 19:35,162.034,162.055,162.021,162.054
2026-07-07 19:40,162.053,162.070,162.041,162.062
2026-07-07 19:45,162.061,162.086,162.048,162.066
2026-07-07 19:50,162.074,162.074,162.040,162.048
2026-07-07 19:55,162.048,162.086,162.044,162.076
2026-07-07 20:00,162.071,162.088,162.047,162.054
2026-07-07 20:05,162.055,162.089,162.049,162.079
2026-07-07 20:10,162.082,162.103,162.078,162.101
2026-07-07 20:15,162.091,162.104,162.081,162.098
2026-07-07 20:20,162.097,162.103,162.078,162.084
2026-07-07 20:25,162.081,162.090,162.058,162.070
2026-07-07 20:30,162.063,162.098,162.062,162.084
2026-07-07 20:35,162.084,162.103,162.077,162.089
2026-07-07 20:40,162.085,162.101,162.081,162.084
2026-07-07 20:45,162.085,162.104,162.079,162.093
2026-07-07 20:50,162.083,162.113,162.079,162.113
2026-07-07 20:55,162.097,162.128,162.076,162.090
2026-07-07 21:00,162.085,162.117,161.978,162.047
2026-07-07 21:05,162.040,162.060,162.036,162.036
2026-07-07 21:10,162.048,162.062,162.036,162.048
2026-07-07 21:15,162.052,162.119,162.050,162.071
2026-07-07 21:20,162.095,162.147,162.051,162.144
2026-07-07 21:25,162.132,162.160,162.112,162.153
2026-07-07 21:30,162.119,162.159,162.083,162.119
2026-07-07 21:35,162.119,162.164,162.100,162.118
2026-07-07 21:40,162.118,162.131,162.097,162.118
2026-07-07 21:45,162.119,162.154,162.114,162.125
2026-07-07 21:50,162.125,162.174,162.111,162.116
2026-07-07 21:55,162.115,162.169,162.113,162.139
2026-07-07 22:00,162.122,162.204,162.116,162.152
2026-07-07 22:05,162.136,162.178,162.135,162.155
2026-07-07 22:10,162.155,162.177,162.144,162.167
2026-07-07 22:15,162.167,162.176,162.091,162.105
2026-07-07 22:20,162.111,162.141,162.092,162.121
2026-07-07 22:25,162.122,162.142,162.108,162.141
2026-07-07 22:30,162.138,162.184,162.126,162.171
2026-07-07 22:35,162.171,162.182,162.152,162.155
2026-07-07 22:40,162.155,162.171,162.151,162.161
2026-07-07 22:45,162.155,162.198,162.154,162.188
2026-07-07 22:50,162.184,162.197,162.178,162.185
2026-07-07 22:55,162.178,162.191,162.169,162.183
2026-07-07 23:00,162.173,162.211,162.161,162.167
2026-07-07 23:05,162.162,162.223,162.162,162.213
2026-07-07 23:10,162.213,162.287,162.195,162.264
2026-07-07 23:15,162.264,162.292,162.235,162.267
2026-07-07 23:20,162.256,162.293,162.250,162.274
2026-07-07 23:25,162.272,162.297,162.272,162.280
2026-07-07 23:30,162.277,162.291,162.246,162.249
2026-07-07 23:35,162.250,162.325,162.248,162.292
2026-07-07 23:40,162.292,162.324,162.287,162.311
2026-07-07 23:45,162.311,162.352,162.298,162.335
2026-07-07 23:50,162.347,162.355,162.325,162.351
2026-07-07 23:55,162.347,162.366,162.324,162.353
2026-07-08 00:00,162.356,162.388,162.311,162.323
2026-07-08 00:05,162.333,162.354,162.305,162.336
2026-07-08 00:10,162.345,162.358,162.305,162.337
2026-07-08 00:15,162.334,162.403,162.322,162.363
2026-07-08 00:20,162.385,162.404,162.326,162.341
2026-07-08 00:25,162.348,162.397,162.332,162.386
2026-07-08 00:30,162.378,162.388,162.348,162.362
2026-07-08 00:35,162.351,162.364,162.311,162.324
2026-07-08 00:40,162.327,162.342,162.310,162.332
2026-07-08 00:45,162.337,162.343,162.295,162.300
2026-07-08 00:50,162.305,162.341,162.248,162.320
2026-07-08 00:55,162.319,162.353,162.301,162.349
2026-07-08 01:00,162.341,162.353,162.278,162.333
2026-07-08 01:05,162.333,162.368,162.328,162.344
2026-07-08 01:10,162.344,162.354,162.321,162.335
2026-07-08 01:15,162.329,162.380,162.324,162.376
2026-07-08 01:20,162.372,162.396,162.361,162.389
2026-07-08 01:25,162.387,162.419,162.379,162.408
2026-07-08 01:30,162.409,162.430,162.381,162.405
2026-07-08 01:35,162.401,162.416,162.375,162.404
2026-07-08 01:40,162.401,162.463,162.397,162.439
2026-07-08 01:45,162.437,162.446,162.368,162.380
2026-07-08 01:50,162.372,162.397,162.345,162.374
2026-07-08 01:55,162.372,162.379,162.340,162.351
2026-07-08 02:00,162.352,162.377,162.332,162.371
2026-07-08 02:05,162.370,162.387,162.343,162.381
2026-07-08 02:10,162.378,162.433,162.372,162.426
2026-07-08 02:15,162.416,162.426,162.386,162.389
2026-07-08 02:20,162.391,162.418,162.364,162.386
2026-07-08 02:25,162.383,162.393,162.365,162.387
2026-07-08 02:30,162.384,162.403,162.379,162.385
2026-07-08 02:35,162.382,162.406,162.370,162.376
2026-07-08 02:40,162.377,162.386,162.362,162.363
2026-07-08 02:45,162.366,162.385,162.359,162.366
2026-07-08 02:50,162.364,162.378,162.353,162.368
2026-07-08 02:55,162.359,162.374,162.338,162.343
2026-07-08 03:00,162.340,162.346,162.287,162.323
2026-07-08 03:05,162.324,162.352,162.319,162.339
2026-07-08 03:10,162.339,162.348,162.299,162.306
2026-07-08 03:15,162.311,162.325,162.299,162.304
2026-07-08 03:20,162.311,162.322,162.284,162.306
2026-07-08 03:25,162.307,162.322,162.297,162.302
2026-07-08 03:30,162.305,162.333,162.297,162.328
2026-07-08 03:35,162.322,162.337,162.322,162.327
2026-07-08 03:40,162.327,162.354,162.315,162.322
2026-07-08 03:45,162.322,162.338,162.315,162.336
2026-07-08 03:50,162.329,162.348,162.324,162.328
2026-07-08 03:55,162.328,162.353,162.327,162.336
2026-07-08 04:00,162.336,162.374,162.336,162.339
2026-07-08 04:05,162.339,162.378,162.330,162.340
2026-07-08 04:10,162.337,162.364,162.334,162.362
2026-07-08 04:15,162.356,162.383,162.356,162.380
2026-07-08 04:20,162.372,162.397,162.372,162.387
2026-07-08 04:25,162.388,162.391,162.367,162.380
2026-07-08 04:30,162.379,162.390,162.352,162.364
2026-07-08 04:35,162.364,162.378,162.350,162.368
2026-07-08 04:40,162.361,162.408,162.354,162.385
2026-07-08 04:45,162.384,162.404,162.371,162.397
2026-07-08 04:50,162.394,162.407,162.377,162.384
2026-07-08 04:55,162.382,162.392,162.359,162.368
2026-07-08 05:00,162.361,162.376,162.342,162.343
2026-07-08 05:05,162.343,162.363,162.338,162.353
2026-07-08 05:10,162.353,162.366,162.329,162.340
2026-07-08 05:15,162.340,162.348,162.319,162.326
2026-07-08 05:20,162.324,162.357,162.324,162.341
2026-07-08 05:25,162.341,162.357,162.324,162.333
2026-07-08 05:30,162.324,162.335,162.299,162.306
2026-07-08 05:35,162.307,162.315,162.282,162.286
2026-07-08 05:40,162.286,162.299,162.203,162.252
2026-07-08 05:45,162.254,162.284,162.230,162.269
2026-07-08 05:50,162.272,162.301,162.257,162.275
2026-07-08 05:55,162.280,162.333,162.274,162.292
2026-07-08 06:00,162.292,162.310,162.238,162.289
2026-07-08 06:05,162.290,162.298,162.243,162.248
2026-07-08 06:10,162.248,162.288,162.247,162.270
2026-07-08 06:15,162.259,162.285,162.236,162.242
2026-07-08 06:20,162.239,162.275,162.229,162.242
2026-07-08 06:25,162.253,162.263,162.171,162.195
2026-07-08 06:30,162.195,162.209,162.123,162.129
2026-07-08 06:35,162.133,162.179,162.078,162.080
2026-07-08 06:40,162.080,162.157,162.070,162.123
2026-07-08 06:45,162.114,162.195,162.114,162.185
2026-07-08 06:50,162.180,162.219,162.164,162.173
2026-07-08 06:55,162.176,162.217,162.159,162.198
2026-07-08 07:00,162.198,162.228,162.186,162.214
2026-07-08 07:05,162.212,162.291,162.211,162.260
2026-07-08 07:10,162.251,162.271,162.220,162.248
2026-07-08 07:15,162.249,162.275,162.202,162.203
2026-07-08 07:20,162.203,162.235,162.192,162.227
2026-07-08 07:25,162.218,162.248,162.187,162.195
2026-07-08 07:30,162.195,162.209,162.174,162.196
2026-07-08 07:35,162.200,162.234,162.187,162.196
2026-07-08 07:40,162.196,162.209,162.183,162.198
2026-07-08 07:45,162.196,162.240,162.195,162.207
2026-07-08 07:50,162.212,162.232,162.201,162.230
2026-07-08 07:55,162.221,162.232,162.191,162.225
2026-07-08 08:00,162.220,162.271,162.203,162.247
2026-07-08 08:05,162.246,162.271,162.235,162.248
2026-07-08 08:10,162.253,162.317,162.242,162.303
2026-07-08 08:15,162.304,162.452,162.283,162.408
2026-07-08 08:20,162.405,162.415,162.360,162.384
2026-07-08 08:25,162.384,162.407,162.367,162.388
2026-07-08 08:30,162.382,162.420,162.342,162.380
2026-07-08 08:35,162.378,162.440,162.372,162.430
2026-07-08 08:40,162.430,162.464,162.414,162.434
2026-07-08 08:45,162.430,162.441,162.389,162.431
2026-07-08 08:50,162.431,162.468,162.427,162.467
2026-07-08 08:55,162.459,162.498,162.443,162.486
2026-07-08 09:00,162.484,162.540,162.246,162.444
2026-07-08 09:05,162.446,162.482,162.427,162.478
2026-07-08 09:10,162.469,162.543,162.468,162.537
2026-07-08 09:15,162.532,162.557,162.459,162.504
2026-07-08 09:20,162.512,162.514,162.459,162.475
2026-07-08 09:25,162.479,162.509,162.458,162.470
2026-07-08 09:30,162.470,162.505,162.428,162.434
2026-07-08 09:35,162.431,162.479,162.430,162.436
2026-07-08 09:40,162.444,162.483,162.436,162.442
2026-07-08 09:45,162.448,162.451,162.393,162.397
2026-07-08 09:50,162.397,162.427,162.383,162.402
2026-07-08 09:55,162.398,162.467,162.398,162.457
2026-07-08 10:00,162.459,162.465,162.417,162.428
2026-07-08 10:05,162.427,162.451,162.413,162.442
2026-07-08 10:10,162.442,162.467,162.431,162.450
2026-07-08 10:15,162.442,162.460,162.432,162.436
2026-07-08 10:20,162.431,162.443,162.407,162.430
2026-07-08 10:25,162.430,162.452,162.428,162.434
2026-07-08 10:30,162.432,162.445,162.400,162.404
2026-07-08 10:35,162.404,162.423,162.399,162.409
2026-07-08 10:40,162.402,162.428,162.400,162.405
2026-07-08 10:45,162.406,162.462,162.405,162.444
2026-07-08 10:50,162.453,162.478,162.443,162.456
2026-07-08 10:55,162.457,162.479,162.451,162.474
2026-07-08 11:00,162.472,162.504,162.471,162.484
2026-07-08 11:05,162.484,162.501,162.470,162.479
2026-07-08 11:10,162.479,162.492,162.466,162.468
2026-07-08 11:15,162.468,162.495,162.464,162.490
2026-07-08 11:20,162.495,162.512,162.474,162.483
2026-07-08 11:25,162.482,162.499,162.465,162.479
2026-07-08 11:30,162.479,162.517,162.478,162.513
2026-07-08 11:35,162.504,162.559,162.503,162.542
2026-07-08 11:40,162.531,162.545,162.414,162.467
2026-07-08 11:45,162.476,162.498,162.460,162.488
2026-07-08 11:50,162.491,162.528,162.486,162.511
2026-07-08 11:55,162.512,162.549,162.502,162.542
2026-07-08 12:00,162.532,162.546,162.479,162.488
2026-07-08 12:05,162.489,162.507,162.466,162.489
2026-07-08 12:10,162.485,162.500,162.468,162.493
2026-07-08 12:15,162.492,162.498,162.439,162.470
2026-07-08 12:20,162.468,162.502,162.466,162.495
2026-07-08 12:25,162.497,162.507,162.467,162.472
2026-07-08 12:30,162.469,162.487,162.457,162.471
2026-07-08 12:35,162.469,162.492,162.465,162.466
2026-07-08 12:40,162.466,162.491,162.460,162.478
2026-07-08 12:45,162.474,162.485,162.453,162.472
2026-07-08 12:50,162.466,162.485,162.437,162.438
2026-07-08 12:55,162.447,162.525,162.438,162.514
2026-07-08 13:00,162.514,162.549,162.503,162.529
2026-07-08 13:05,162.519,162.542,162.504,162.507
2026-07-08 13:10,162.515,162.532,162.499,162.517
2026-07-08 13:15,162.517,162.564,162.506,162.519
2026-07-08 13:20,162.519,162.535,162.502,162.519
2026-07-08 13:25,162.512,162.534,162.490,162.522
2026-07-08 13:30,162.520,162.530,162.475,162.494
2026-07-08 13:35,162.504,162.517,162.479,162.511
2026-07-08 13:40,162.504,162.547,162.493,162.518
2026-07-08 13:45,162.517,162.533,162.505,162.525
2026-07-08 13:50,162.519,162.569,162.515,162.544
2026-07-08 13:55,162.543,162.561,162.505,162.534
2026-07-08 14:00,162.535,162.552,162.508,162.524
2026-07-08 14:05,162.523,162.559,162.508,162.538
2026-07-08 14:10,162.529,162.547,162.517,162.533
2026-07-08 14:15,162.533,162.553,162.528,162.537
2026-07-08 14:20,162.534,162.542,162.517,162.529
2026-07-08 14:25,162.530,162.566,162.517,162.541
2026-07-08 14:30,162.545,162.601,162.541,162.582
2026-07-08 14:35,162.583,162.599,162.557,162.574
2026-07-08 14:40,162.581,162.582,162.544,162.559
2026-07-08 14:45,162.560,162.606,162.558,162.587
2026-07-08 14:50,162.592,162.599,162.559,162.597
2026-07-08 14:55,162.589,162.623,162.588,162.606
2026-07-08 15:00,162.605,162.650,162.601,162.617
2026-07-08 15:05,162.623,162.631,162.588,162.605
2026-07-08 15:10,162.605,162.648,162.605,162.647
2026-07-08 15:15,162.639,162.676,162.633,162.657
2026-07-08 15:20,162.660,162.692,162.654,162.664
2026-07-08 15:25,162.664,162.673,162.652,162.654
2026-07-08 15:30,162.654,162.704,162.648,162.679
2026-07-08 15:35,162.683,162.702,162.659,162.690
2026-07-08 15:40,162.689,162.708,162.680,162.683
2026-07-08 15:45,162.684,162.703,162.678,162.678
2026-07-08 15:50,162.679,162.688,162.646,162.656
2026-07-08 15:55,162.656,162.678,162.649,162.666
2026-07-08 16:00,162.664,162.672,162.637,162.642
2026-07-08 16:05,162.645,162.650,162.625,162.645
2026-07-08 16:10,162.638,162.656,162.627,162.650
2026-07-08 16:15,162.640,162.657,162.618,162.629
2026-07-08 16:20,162.622,162.634,162.608,162.629
2026-07-08 16:25,162.628,162.656,162.622,162.647
2026-07-08 16:30,162.643,162.657,162.624,162.628
2026-07-08 16:35,162.628,162.636,162.583,162.594
2026-07-08 16:40,162.595,162.611,162.514,162.514
2026-07-08 16:45,162.518,162.538,162.498,162.521
2026-07-08 16:50,162.520,162.542,162.517,162.522
2026-07-08 16:55,162.522,162.553,162.507,162.531
2026-07-08 17:00,162.531,162.536,162.491,162.524
2026-07-08 17:05,162.523,162.530,162.462,162.479
2026-07-08 17:10,162.483,162.491,162.440,162.482
2026-07-08 17:15,162.483,162.489,162.455,162.459
2026-07-08 17:20,162.455,162.465,162.412,162.433
2026-07-08 17:25,162.436,162.484,162.432,162.478
2026-07-08 17:30,162.483,162.492,162.455,162.461
2026-07-08 17:35,162.457,162.502,162.455,162.497
2026-07-08 17:40,162.494,162.527,162.493,162.520
2026-07-08 17:45,162.518,162.543,162.516,162.536
2026-07-08 17:50,162.538,162.553,162.522,162.542
2026-07-08 17:55,162.540,162.551,162.497,162.498
2026-07-08 18:00,162.527,162.561,162.473,162.533
2026-07-08 18:05,162.539,162.542,162.510,162.514
2026-07-08 18:10,162.514,162.530,162.448,162.463
2026-07-08 18:15,162.462,162.493,162.455,162.481
2026-07-08 18:20,162.481,162.492,162.456,162.461
2026-07-08 18:25,162.461,162.477,162.453,162.458
2026-07-08 18:30,162.465,162.495,162.454,162.487
2026-07-08 18:35,162.479,162.489,162.443,162.445
2026-07-08 18:40,162.444,162.466,162.438,162.454
2026-07-08 18:45,162.449,162.463,162.441,162.452
2026-07-08 18:50,162.452,162.487,162.441,162.468
2026-07-08 18:55,162.467,162.485,162.464,162.477
2026-07-08 19:00,162.468,162.479,162.450,162.454
2026-07-08 19:05,162.455,162.461,162.441,162.447
2026-07-08 19:10,162.444,162.463,162.430,162.443
2026-07-08 19:15,162.442,162.463,162.432,162.444
2026-07-08 19:20,162.444,162.458,162.430,162.444
2026-07-08 19:25,162.443,162.451,162.427,162.444
2026-07-08 19:30,162.437,162.448,162.416,162.435
2026-07-08 19:35,162.435,162.453,162.428,162.445
2026-07-08 19:40,162.440,162.493,162.440,162.484
2026-07-08 19:45,162.485,162.556,162.480,162.546
2026-07-08 19:50,162.542,162.555,162.499,162.504
2026-07-08 19:55,162.497,162.511,162.450,162.467
2026-07-08 20:00,162.471,162.508,162.463,162.496
2026-07-08 20:05,162.494,162.505,162.465,162.477
2026-07-08 20:10,162.473,162.528,162.463,162.518
2026-07-08 20:15,162.518,162.542,162.505,162.528
2026-07-08 20:20,162.533,162.537,162.510,162.531
2026-07-08 20:25,162.530,162.548,162.506,162.540
2026-07-08 20:30,162.531,162.574,162.529,162.564
2026-07-08 20:35,162.565,162.619,162.558,162.598
2026-07-08 20:40,162.592,162.606,162.573,162.598
2026-07-08 20:45,162.589,162.626,162.583,162.626
2026-07-08 20:50,162.615,162.624,162.588,162.612
2026-07-08 20:55,162.583,162.646,162.568,162.584
2026-07-08 21:00,162.548,162.583,162.508,162.516
2026-07-08 21:05,162.509,162.532,162.489,162.512
2026-07-08 21:10,162.527,162.528,162.487,162.488
2026-07-08 21:15,162.496,162.554,162.485,162.541
2026-07-08 21:20,162.544,162.598,162.493,162.530
2026-07-08 21:25,162.552,162.588,162.497,162.515
2026-07-08 21:30,162.540,162.557,162.515,162.543
2026-07-08 21:35,162.545,162.569,162.505,162.556
2026-07-08 21:40,162.566,162.569,162.519,162.561
2026-07-08 21:45,162.568,162.568,162.516,162.546
2026-07-08 21:50,162.551,162.557,162.529,162.548
2026-07-08 21:55,162.557,162.557,162.523,162.537
2026-07-08 22:00,162.536,162.614,162.511,162.581
2026-07-08 22:05,162.581,162.613,162.569,162.584
2026-07-08 22:10,162.601,162.611,162.570,162.588
2026-07-08 22:15,162.574,162.598,162.570,162.588
2026-07-08 22:20,162.586,162.597,162.579,162.581
2026-07-08 22:25,162.590,162.598,162.579,162.597
2026-07-08 22:30,162.588,162.597,162.568,162.583
2026-07-08 22:35,162.576,162.585,162.561,162.563
2026-07-08 22:40,162.583,162.583,162.561,162.577
2026-07-08 22:45,162.562,162.583,162.555,162.564
2026-07-08 22:50,162.555,162.573,162.551,162.568
2026-07-08 22:55,162.567,162.571,162.551,162.552
2026-07-08 23:00,162.560,162.570,162.539,162.552
2026-07-08 23:05,162.547,162.556,162.530,162.541
2026-07-08 23:10,162.547,162.562,162.540,162.553
2026-07-08 23:15,162.546,162.558,162.531,162.554
2026-07-08 23:20,162.545,162.566,162.540,162.565
2026-07-08 23:25,162.560,162.578,162.547,162.563
2026-07-08 23:30,162.562,162.582,162.557,162.571
2026-07-08 23:35,162.572,162.581,162.546,162.556
2026-07-08 23:40,162.562,162.568,162.553,162.564
2026-07-08 23:45,162.562,162.565,162.526,162.527
2026-07-08 23:50,162.532,162.555,162.526,162.549
2026-07-08 23:55,162.543,162.554,162.525,162.544
2026-07-09 00:00,162.534,162.543,162.480,162.483
2026-07-09 00:05,162.487,162.493,162.432,162.456
2026-07-09 00:10,162.466,162.468,162.356,162.399
2026-07-09 00:15,162.391,162.412,162.378,162.380
2026-07-09 00:20,162.380,162.427,162.359,162.368
2026-07-09 00:25,162.371,162.401,162.359,162.388
2026-07-09 00:30,162.385,162.416,162.356,162.376
2026-07-09 00:35,162.380,162.410,162.371,162.409
2026-07-09 00:40,162.410,162.449,162.389,162.439
2026-07-09 00:45,162.439,162.457,162.419,162.434
2026-07-09 00:50,162.431,162.484,162.394,162.471
2026-07-09 00:55,162.476,162.480,162.416,162.439
2026-07-09 01:00,162.439,162.458,162.407,162.425
2026-07-09 01:05,162.431,162.474,162.423,162.458
2026-07-09 01:10,162.461,162.506,162.447,162.466
2026-07-09 01:15,162.466,162.505,162.466,162.492
2026-07-09 01:20,162.488,162.539,162.474,162.519
2026-07-09 01:25,162.518,162.574,162.518,162.544
2026-07-09 01:30,162.542,162.559,162.513,162.516
2026-07-09 01:35,162.516,162.541,162.480,162.509
2026-07-09 01:40,162.513,162.527,162.486,162.499
2026-07-09 01:45,162.511,162.523,162.494,162.497
2026-07-09 01:50,162.497,162.505,162.467,162.472
2026-07-09 01:55,162.468,162.478,162.435,162.445
2026-07-09 02:00,162.445,162.461,162.433,162.460
2026-07-09 02:05,162.451,162.487,162.436,162.447
2026-07-09 02:10,162.442,162.473,162.430,162.450
2026-07-09 02:15,162.452,162.462,162.436,162.454
2026-07-09 02:20,162.457,162.478,162.450,162.456
2026-07-09 02:25,162.464,162.473,162.446,162.459
2026-07-09 02:30,162.465,162.484,162.457,162.475
2026-07-09 02:35,162.475,162.487,162.464,162.481
2026-07-09 02:40,162.479,162.504,162.474,162.475
2026-07-09 02:45,162.480,162.485,162.447,162.453
2026-07-09 02:50,162.457,162.471,162.450,162.466
2026-07-09 02:55,162.462,162.477,162.457,162.471
2026-07-09 03:00,162.464,162.474,162.440,162.459
2026-07-09 03:05,162.453,162.464,162.444,162.460
2026-07-09 03:10,162.454,162.478,162.452,162.462
2026-07-09 03:15,162.458,162.493,162.457,162.477
2026-07-09 03:20,162.477,162.499,162.464,162.467
2026-07-09 03:25,162.470,162.475,162.440,162.440
2026-07-09 03:30,162.445,162.458,162.406,162.434
2026-07-09 03:35,162.428,162.439,162.402,162.435
2026-07-09 03:40,162.431,162.450,162.412,162.442
2026-07-09 03:45,162.439,162.455,162.428,162.454
2026-07-09 03:50,162.453,162.455,162.416,162.426
2026-07-09 03:55,162.426,162.454,162.426,162.448
2026-07-09 04:00,162.447,162.465,162.438,162.453
2026-07-09 04:05,162.456,162.463,162.435,162.440
2026-07-09 04:10,162.443,162.447,162.418,162.431
2026-07-09 04:15,162.423,162.434,162.411,162.418
2026-07-09 04:20,162.418,162.431,162.406,162.431
2026-07-09 04:25,162.421,162.432,162.411,162.417
2026-07-09 04:30,162.420,162.438,162.411,162.429
2026-07-09 04:35,162.428,162.450,162.424,162.441
2026-07-09 04:40,162.449,162.450,162.428,162.440
2026-07-09 04:45,162.446,162.447,162.422,162.427
2026-07-09 04:50,162.428,162.439,162.406,162.417
2026-07-09 04:55,162.412,162.437,162.406,162.426
2026-07-09 05:00,162.433,162.438,162.416,162.423
2026-07-09 05:05,162.422,162.428,162.411,162.423
2026-07-09 05:10,162.417,162.428,162.355,162.391
2026-07-09 05:15,162.388,162.415,162.377,162.403
2026-07-09 05:20,162.403,162.414,162.390,162.397
2026-07-09 05:25,162.394,162.402,162.362,162.365
2026-07-09 05:30,162.365,162.381,162.337,162.343
2026-07-09 05:35,162.345,162.375,162.341,162.365
2026-07-09 05:40,162.362,162.394,162.361,162.376
2026-07-09 05:45,162.377,162.387,162.362,162.366
2026-07-09 05:50,162.366,162.389,162.352,162.371
2026-07-09 05:55,162.375,162.380,162.358,162.372
2026-07-09 06:00,162.364,162.375,162.336,162.340
2026-07-09 06:05,162.348,162.358,162.310,162.313
2026-07-09 06:10,162.310,162.371,162.309,162.355
2026-07-09 06:15,162.351,162.368,162.327,162.327
2026-07-09 06:20,162.330,162.351,162.246,162.261
2026-07-09 06:25,162.264,162.287,162.240,162.250
2026-07-09 06:30,162.241,162.281,162.240,162.267
2026-07-09 06:35,162.259,162.338,162.256,162.320
2026-07-09 06:40,162.316,162.335,162.257,162.267
2026-07-09 06:45,162.258,162.297,162.252,162.286
2026-07-09 06:50,162.291,162.315,162.274,162.280
2026-07-09 06:55,162.277,162.303,162.274,162.289
2026-07-09 07:00,162.292,162.334,162.289,162.328
2026-07-09 07:05,162.324,162.352,162.323,162.336
2026-07-09 07:10,162.330,162.370,162.329,162.356
2026-07-09 07:15,162.365,162.399,162.355,162.367
2026-07-09 07:20,162.363,162.382,162.352,162.359
2026-07-09 07:25,162.361,162.381,162.348,162.372
2026-07-09 07:30,162.363,162.382,162.350,162.359
2026-07-09 07:35,162.359,162.372,162.335,162.365
2026-07-09 07:40,162.360,162.370,162.336,162.342
2026-07-09 07:45,162.342,162.373,162.333,162.347
2026-07-09 07:50,162.338,162.354,162.320,162.321
2026-07-09 07:55,162.324,162.368,162.322,162.342
2026-07-09 08:00,162.342,162.363,162.321,162.358
2026-07-09 08:05,162.354,162.365,162.319,162.328
2026-07-09 08:10,162.323,162.344,162.303,162.324
2026-07-09 08:15,162.329,162.331,162.306,162.320
2026-07-09 08:20,162.317,162.328,162.294,162.304
2026-07-09 08:25,162.306,162.328,162.297,162.316
2026-07-09 08:30,162.317,162.343,162.307,162.331
2026-07-09 08:35,162.330,162.350,162.317,162.339
2026-07-09 08:40,162.340,162.372,162.334,162.353
2026-07-09 08:45,162.353,162.403,162.343,162.387
2026-07-09 08:50,162.387,162.404,162.362,162.364
2026-07-09 08:55,162.373,162.396,162.346,162.388
2026-07-09 09:00,162.388,162.411,162.373,162.391
2026-07-09 09:05,162.400,162.417,162.383,162.408
2026-07-09 09:10,162.406,162.423,162.397,162.416
2026-07-09 09:15,162.412,162.431,162.411,162.428
2026-07-09 09:20,162.424,162.431,162.399,162.402
2026-07-09 09:25,162.404,162.414,162.395,162.406
2026-07-09 09:30,162.412,162.429,162.402,162.424
2026-07-09 09:35,162.415,162.441,162.412,162.433
2026-07-09 09:40,162.428,162.451,162.418,162.420
2026-07-09 09:45,162.420,162.446,162.419,162.420
2026-07-09 09:50,162.430,162.431,162.411,162.414
2026-07-09 09:55,162.415,162.423,162.390,162.398
2026-07-09 10:00,162.396,162.421,162.395,162.407
2026-07-09 10:05,162.410,162.421,162.398,162.409
2026-07-09 10:10,162.409,162.427,162.397,162.409
2026-07-09 10:15,162.412,162.428,162.406,162.428
2026-07-09 10:20,162.422,162.444,162.416,162.432
2026-07-09 10:25,162.432,162.449,162.432,162.445
2026-07-09 10:30,162.436,162.446,162.414,162.415
2026-07-09 10:35,162.421,162.432,162.406,162.431
2026-07-09 10:40,162.427,162.436,162.413,162.428
2026-07-09 10:45,162.424,162.453,162.422,162.435
2026-07-09 10:50,162.438,162.496,162.434,162.479
2026-07-09 10:55,162.483,162.508,162.475,162.480
2026-07-09 11:00,162.477,162.498,162.456,162.474
2026-07-09 11:05,162.478,162.497,162.464,162.485
2026-07-09 11:10,162.484,162.489,162.461,162.466
2026-07-09 11:15,162.474,162.490,162.459,162.475
2026-07-09 11:20,162.476,162.496,162.464,162.493
2026-07-09 11:25,162.484,162.497,162.473,162.490
2026-07-09 11:30,162.488,162.510,162.475,162.478
2026-07-09 11:35,162.478,162.496,162.461,162.461
2026-07-09 11:40,162.468,162.495,162.462,162.480
2026-07-09 11:45,162.482,162.488,162.449,162.471
2026-07-09 11:50,162.470,162.483,162.451,162.454
2026-07-09 11:55,162.454,162.481,162.449,162.469
2026-07-09 12:00,162.469,162.477,162.424,162.443
2026-07-09 12:05,162.438,162.456,162.390,162.404
2026-07-09 12:10,162.404,162.412,162.387,162.406
2026-07-09 12:15,162.401,162.422,162.385,162.396
2026-07-09 12:20,162.394,162.417,162.387,162.407
2026-07-09 12:25,162.411,162.435,162.401,162.413
2026-07-09 12:30,162.387,162.432,162.381,162.409
2026-07-09 12:35,162.410,162.428,162.407,162.418
2026-07-09 12:40,162.422,162.455,162.410,162.434
2026-07-09 12:45,162.439,162.458,162.432,162.448
2026-07-09 12:50,162.448,162.457,162.422,162.439
2026-07-09 12:55,162.437,162.447,162.423,162.436
2026-07-09 13:00,162.444,162.454,162.425,162.433
2026-07-09 13:05,162.433,162.444,162.400,162.404
2026-07-09 13:10,162.412,162.435,162.403,162.414
2026-07-09 13:15,162.410,162.416,162.288,162.348
2026-07-09 13:20,162.349,162.389,162.346,162.376
2026-07-09 13:25,162.369,162.387,162.357,162.376
2026-07-09 13:30,162.369,162.378,162.346,162.362
2026-07-09 13:35,162.362,162.378,162.354,162.364
2026-07-09 13:40,162.372,162.372,162.301,162.325
2026-07-09 13:45,162.328,162.363,162.318,162.334
2026-07-09 13:50,162.334,162.366,162.331,162.358
2026-07-09 13:55,162.357,162.364,162.308,162.331
2026-07-09 14:00,162.339,162.342,162.281,162.290
2026-07-09 14:05,162.281,162.383,162.279,162.366
2026-07-09 14:10,162.369,162.392,162.357,162.384
2026-07-09 14:15,162.383,162.402,162.357,162.380
2026-07-09 14:20,162.380,162.389,162.347,162.357
2026-07-09 14:25,162.363,162.395,162.356,162.372
2026-07-09 14:30,162.372,162.392,162.345,162.346
2026-07-09 14:35,162.347,162.363,162.312,162.348
2026-07-09 14:40,162.348,162.383,162.348,162.362
2026-07-09 14:45,162.361,162.397,162.361,162.390
2026-07-09 14:50,162.391,162.423,162.353,162.370
2026-07-09 14:55,162.373,162.408,162.358,162.368
2026-07-09 15:00,162.358,162.412,162.356,162.399
2026-07-09 15:05,162.399,162.415,162.358,162.376
2026-07-09 15:10,162.376,162.405,162.369,162.397
2026-07-09 15:15,162.390,162.407,162.373,162.394
2026-07-09 15:20,162.391,162.409,162.367,162.368
2026-07-09 15:25,162.368,162.376,162.354,162.356
2026-07-09 15:30,162.355,162.393,162.355,162.369
2026-07-09 15:35,162.369,162.378,162.342,162.348
2026-07-09 15:40,162.349,162.356,162.314,162.314
2026-07-09 15:45,162.315,162.332,162.296,162.308
2026-07-09 15:50,162.305,162.313,162.250,162.289
2026-07-09 15:55,162.294,162.305,162.277,162.287
2026-07-09 16:00,162.281,162.293,162.254,162.269
2026-07-09 16:05,162.275,162.292,162.267,162.280
2026-07-09 16:10,162.280,162.302,162.276,162.279
2026-07-09 16:15,162.278,162.319,162.251,162.305
2026-07-09 16:20,162.306,162.317,162.302,162.310
2026-07-09 16:25,162.307,162.326,162.291,162.296
2026-07-09 16:30,162.294,162.315,162.277,162.314
2026-07-09 16:35,162.315,162.327,162.297,162.301
2026-07-09 16:40,162.305,162.311,162.278,162.293
2026-07-09 16:45,162.288,162.296,162.275,162.281
2026-07-09 16:50,162.277,162.298,162.267,162.284
2026-07-09 16:55,162.277,162.316,162.266,162.316
2026-07-09 17:00,162.307,162.317,162.294,162.297
2026-07-09 17:05,162.306,162.317,162.294,162.310
2026-07-09 17:10,162.310,162.330,162.306,162.315
2026-07-09 17:15,162.311,162.320,162.284,162.292
2026-07-09 17:20,162.288,162.292,162.267,162.284
2026-07-09 17:25,162.285,162.291,162.268,162.269
2026-07-09 17:30,162.272,162.291,162.268,162.281
2026-07-09 17:35,162.280,162.296,162.266,162.285
2026-07-09 17:40,162.284,162.304,162.283,162.294
2026-07-09 17:45,162.293,162.301,162.281,162.294
2026-07-09 17:50,162.294,162.302,162.272,162.279
2026-07-09 17:55,162.280,162.291,162.267,162.282
2026-07-09 18:00,162.283,162.308,162.280,162.294
2026-07-09 18:05,162.295,162.320,162.293,162.306
2026-07-09 18:10,162.299,162.324,162.295,162.310
2026-07-09 18:15,162.320,162.345,162.305,162.336
2026-07-09 18:20,162.337,162.358,162.334,162.357
2026-07-09 18:25,162.349,162.377,162.344,162.367
2026-07-09 18:30,162.361,162.375,162.346,162.356
2026-07-09 18:35,162.351,162.367,162.348,162.359
2026-07-09 18:40,162.359,162.365,162.331,162.337
2026-07-09 18:45,162.336,162.350,162.318,162.328
2026-07-09 18:50,162.329,162.349,162.324,162.340
2026-07-09 18:55,162.334,162.348,162.326,162.329
2026-07-09 19:00,162.329,162.353,162.314,162.334
2026-07-09 19:05,162.335,162.362,162.331,162.361
2026-07-09 19:10,162.355,162.366,162.351,162.354
2026-07-09 19:15,162.352,162.367,162.343,162.357
2026-07-09 19:20,162.357,162.378,162.356,162.367
2026-07-09 19:25,162.373,162.391,162.367,162.378
2026-07-09 19:30,162.379,162.401,162.377,162.390
2026-07-09 19:35,162.390,162.397,162.353,162.382
2026-07-09 19:40,162.381,162.391,162.369,162.389
2026-07-09 19:45,162.381,162.406,162.380,162.397
2026-07-09 19:50,162.396,162.415,162.394,162.405
2026-07-09 19:55,162.400,162.415,162.371,162.388
2026-07-09 20:00,162.380,162.406,162.351,162.376
2026-07-09 20:05,162.365,162.395,162.365,162.376
2026-07-09 20:10,162.370,162.385,162.365,162.377
2026-07-09 20:15,162.367,162.380,162.364,162.370
2026-07-09 20:20,162.371,162.386,162.365,162.378
2026-07-09 20:25,162.369,162.383,162.357,162.375
2026-07-09 20:30,162.365,162.388,162.364,162.381
2026-07-09 20:35,162.371,162.396,162.371,162.387
2026-07-09 20:40,162.388,162.396,162.380,162.395
2026-07-09 20:45,162.387,162.400,162.378,162.391
2026-07-09 20:50,162.384,162.404,162.369,162.395
2026-07-09 20:55,162.376,162.394,162.329,162.358
2026-07-09 21:00,162.342,162.346,162.337,162.339
2026-07-09 21:05,162.347,162.349,162.332,162.344
2026-07-09 21:10,162.340,162.351,162.337,162.339
2026-07-09 21:15,162.340,162.362,162.337,162.346
2026-07-09 21:20,162.347,162.380,162.347,162.354
2026-07-09 21:25,162.355,162.360,162.349,162.352
2026-07-09 21:30,162.351,162.378,162.349,162.352
2026-07-09 21:35,162.360,162.363,162.343,162.345
2026-07-09 21:40,162.345,162.362,162.342,162.345
2026-07-09 21:45,162.344,162.377,162.328,162.368
2026-07-09 21:50,162.365,162.394,162.348,162.370
2026-07-09 21:55,162.368,162.386,162.348,162.351
2026-07-09 22:00,162.348,162.429,162.313,162.384
2026-07-09 22:05,162.357,162.379,162.323,162.369
2026-07-09 22:10,162.352,162.381,162.349,162.379
2026-07-09 22:15,162.378,162.378,162.339,162.358
2026-07-09 22:20,162.345,162.368,162.341,162.360
2026-07-09 22:25,162.364,162.369,162.336,162.346
2026-07-09 22:30,162.346,162.369,162.336,162.364
2026-07-09 22:35,162.341,162.370,162.341,162.365
2026-07-09 22:40,162.364,162.370,162.336,162.337
2026-07-09 22:45,162.337,162.356,162.334,162.337
2026-07-09 22:50,162.338,162.355,162.332,162.346
2026-07-09 22:55,162.348,162.355,162.335,162.351
2026-07-09 23:00,162.339,162.357,162.339,162.350
2026-07-09 23:05,162.352,162.355,162.330,162.341
2026-07-09 23:10,162.335,162.356,162.331,162.338
2026-07-09 23:15,162.337,162.347,162.331,162.343
2026-07-09 23:20,162.339,162.381,162.335,162.370
2026-07-09 23:25,162.368,162.385,162.367,162.374
2026-07-09 23:30,162.371,162.384,162.360,162.367
2026-07-09 23:35,162.368,162.372,162.352,162.358
2026-07-09 23:40,162.368,162.369,162.352,162.358
2026-07-09 23:45,162.368,162.369,162.347,162.356
2026-07-09 23:50,162.356,162.382,162.353,162.377
2026-07-09 23:55,162.366,162.388,162.357,162.358
2026-07-10 00:00,162.358,162.369,162.319,162.352
2026-07-10 00:05,162.350,162.372,162.338,162.365
2026-07-10 00:10,162.369,162.412,162.361,162.397
2026-07-10 00:15,162.389,162.408,162.375,162.386
2026-07-10 00:20,162.394,162.423,162.387,162.422
2026-07-10 00:25,162.411,162.425,162.407,162.413
2026-07-10 00:30,162.410,162.419,162.360,162.382
2026-07-10 00:35,162.391,162.393,162.356,162.375
2026-07-10 00:40,162.377,162.381,162.291,162.311
2026-07-10 00:45,162.301,162.307,162.085,162.137
2026-07-10 00:50,162.132,162.136,162.028,162.079
2026-07-10 00:55,162.062,162.088,161.887,162.042
2026-07-10 01:00,162.046,162.106,161.949,161.970
2026-07-10 01:05,161.969,162.031,161.852,161.895
2026-07-10 01:10,161.895,161.929,161.786,161.792
2026-07-10 01:15,161.795,161.804,161.630,161.727
2026-07-10 01:20,161.728,161.904,161.724,161.866
2026-07-10 01:25,161.876,161.902,161.846,161.894
2026-07-10 01:30,161.888,161.904,161.755,161.772
2026-07-10 01:35,161.769,161.847,161.728,161.827
2026-07-10 01:40,161.822,161.875,161.794,161.850
2026-07-10 01:45,161.850,161.862,161.761,161.777
2026-07-10 01:50,161.769,161.781,161.670,161.685
2026-07-10 01:55,161.687,161.742,161.663,161.732
2026-07-10 02:00,161.735,161.754,161.651,161.713
2026-07-10 02:05,161.708,161.716,161.453,161.537
2026-07-10 02:10,161.524,161.551,161.428,161.434
2026-07-10 02:15,161.430,161.445,161.325,161.344
2026-07-10 02:20,161.348,161.448,161.278,161.425
2026-07-10 02:25,161.417,161.483,161.383,161.458
2026-07-10 02:30,161.468,161.525,161.427,161.499
2026-07-10 02:35,161.489,161.557,161.489,161.502
2026-07-10 02:40,161.501,161.510,161.367,161.404
2026-07-10 02:45,161.394,161.468,161.355,161.432
2026-07-10 02:50,161.432,161.445,161.344,161.362
2026-07-10 02:55,161.362,161.461,161.358,161.448
2026-07-10 03:00,161.447,161.501,161.387,161.475
2026-07-10 03:05,161.466,161.499,161.417,161.420
2026-07-10 03:10,161.423,161.473,161.420,161.457
2026-07-10 03:15,161.458,161.496,161.397,161.427
2026-07-10 03:20,161.421,161.477,161.399,161.439
2026-07-10 03:25,161.440,161.453,161.375,161.382
2026-07-10 03:30,161.391,161.422,161.344,161.350
2026-07-10 03:35,161.344,161.417,161.344,161.383
2026-07-10 03:40,161.383,161.441,161.378,161.420
2026-07-10 03:45,161.426,161.483,161.415,161.459
2026-07-10 03:50,161.460,161.497,161.442,161.496
2026-07-10 03:55,161.486,161.578,161.484,161.520
2026-07-10 04:00,161.512,161.562,161.512,161.539
2026-07-10 04:05,161.538,161.564,161.524,161.540
2026-07-10 04:10,161.536,161.575,161.526,161.549
2026-07-10 04:15,161.555,161.603,161.545,161.574
2026-07-10 04:20,161.575,161.676,161.573,161.666
2026-07-10 04:25,161.656,161.686,161.625,161.630
2026-07-10 04:30,161.637,161.663,161.629,161.634
2026-07-10 04:35,161.636,161.647,161.614,161.630
2026-07-10 04:40,161.630,161.684,161.625,161.674
2026-07-10 04:45,161.675,161.710,161.649,161.673
2026-07-10 04:50,161.676,161.694,161.668,161.684
2026-07-10 04:55,161.686,161.693,161.623,161.627
2026-07-10 05:00,161.627,161.650,161.551,161.574
2026-07-10 05:05,161.574,161.585,161.469,161.502
2026-07-10 05:10,161.496,161.547,161.491,161.505
2026-07-10 05:15,161.498,161.627,161.497,161.626
2026-07-10 05:20,161.623,161.658,161.605,161.647
2026-07-10 05:25,161.649,161.661,161.594,161.619
2026-07-10 05:30,161.618,161.652,161.604,161.644
2026-07-10 05:35,161.643,161.654,161.619,161.629
2026-07-10 05:40,161.625,161.667,161.609,161.637
2026-07-10 05:45,161.640,161.648,161.529,161.543
2026-07-10 05:50,161.544,161.576,161.495,161.574
2026-07-10 05:55,161.564,161.604,161.563,161.578
2026-07-10 06:00,161.574,161.587,161.476,161.504
2026-07-10 06:05,161.500,161.511,161.461,161.476
2026-07-10 06:10,161.474,161.537,161.474,161.509
2026-07-10 06:15,161.501,161.522,161.404,161.405
2026-07-10 06:20,161.418,161.484,161.406,161.478
2026-07-10 06:25,161.480,161.574,161.474,161.571
2026-07-10 06:30,161.572,161.582,161.502,161.514
2026-07-10 06:35,161.509,161.558,161.490,161.548
2026-07-10 06:40,161.552,161.573,161.538,161.565
2026-07-10 06:45,161.566,161.616,161.566,161.597
2026-07-10 06:50,161.596,161.599,161.558,161.590
2026-07-10 06:55,161.594,161.605,161.569,161.574
2026-07-10 07:00,161.574,161.677,161.566,161.666
2026-07-10 07:05,161.660,161.681,161.637,161.643
2026-07-10 07:10,161.643,161.688,161.639,161.664
2026-07-10 07:15,161.666,161.732,161.665,161.667
2026-07-10 07:20,161.678,161.729,161.633,161.722
2026-07-10 07:25,161.725,161.775,161.707,161.750
2026-07-10 07:30,161.738,161.772,161.733,161.758
2026-07-10 07:35,161.764,161.773,161.709,161.726
2026-07-10 07:40,161.725,161.735,161.650,161.664
2026-07-10 07:45,161.669,161.745,161.665,161.671
2026-07-10 07:50,161.671,161.708,161.650,161.700
2026-07-10 07:55,161.695,161.717,161.682,161.690
2026-07-10 08:00,161.689,161.699,161.532,161.615
2026-07-10 08:05,161.623,161.653,161.580,161.590
2026-07-10 08:10,161.593,161.649,161.583,161.627
2026-07-10 08:15,161.630,161.704,161.624,161.694
2026-07-10 08:20,161.702,161.724,161.680,161.716
2026-07-10 08:25,161.714,161.747,161.703,161.718
2026-07-10 08:30,161.726,161.737,161.568,161.659
2026-07-10 08:35,161.649,161.683,161.624,161.648
2026-07-10 08:40,161.637,161.649,161.571,161.596
2026-07-10 08:45,161.590,161.631,161.584,161.618
2026-07-10 08:50,161.624,161.677,161.611,161.653
2026-07-10 08:55,161.652,161.691,161.642,161.679
2026-07-10 09:00,161.679,161.700,161.638,161.638
2026-07-10 09:05,161.638,161.698,161.632,161.688
2026-07-10 09:10,161.695,161.727,161.682,161.696
2026-07-10 09:15,161.696,161.716,161.653,161.691
2026-07-10 09:20,161.685,161.715,161.684,161.700
2026-07-10 09:25,161.702,161.768,161.697,161.765
2026-07-10 09:30,161.757,161.829,161.756,161.816
2026-07-10 09:35,161.809,161.827,161.761,161.782
2026-07-10 09:40,161.782,161.798,161.751,161.789
2026-07-10 09:45,161.780,161.819,161.774,161.799
2026-07-10 09:50,161.793,161.861,161.790,161.828
2026-07-10 09:55,161.833,161.843,161.806,161.824
2026-07-10 10:00,161.821,161.830,161.767,161.767
2026-07-10 10:05,161.767,161.794,161.754,161.782
2026-07-10 10:10,161.781,161.800,161.771,161.793
2026-07-10 10:15,161.785,161.799,161.760,161.761
2026-07-10 10:20,161.762,161.775,161.727,161.730
2026-07-10 10:25,161.738,161.738,161.689,161.697
2026-07-10 10:30,161.697,161.745,161.694,161.738
2026-07-10 10:35,161.738,161.749,161.695,161.714
2026-07-10 10:40,161.710,161.750,161.709,161.740
2026-07-10 10:45,161.744,161.795,161.740,161.784
2026-07-10 10:50,161.791,161.797,161.766,161.781
2026-07-10 10:55,161.781,161.801,161.733,161.761
2026-07-10 11:00,161.760,161.793,161.752,161.758
2026-07-10 11:05,161.758,161.781,161.740,161.744
2026-07-10 11:10,161.742,161.776,161.740,161.765
2026-07-10 11:15,161.765,161.807,161.743,161.769
2026-07-10 11:20,161.769,161.794,161.767,161.780
2026-07-10 11:25,161.780,161.844,161.778,161.809
2026-07-10 11:30,161.802,161.843,161.794,161.825
2026-07-10 11:35,161.826,161.878,161.817,161.868
2026-07-10 11:40,161.867,161.886,161.824,161.837
2026-07-10 11:45,161.842,161.851,161.822,161.842
2026-07-10 11:50,161.844,161.858,161.823,161.849
2026-07-10 11:55,161.851,161.868,161.842,161.845
2026-07-10 12:00,161.843,161.883,161.835,161.883
2026-07-10 12:05,161.882,161.895,161.858,161.865
2026-07-10 12:10,161.869,161.872,161.679,161.757
2026-07-10 12:15,161.760,161.793,161.747,161.782
2026-07-10 12:20,161.793,161.837,161.782,161.822
2026-07-10 12:25,161.821,161.837,161.792,161.830
2026-07-10 12:30,161.821,161.863,161.808,161.849
2026-07-10 12:35,161.859,161.889,161.835,161.854
2026-07-10 12:40,161.855,161.863,161.796,161.799
2026-07-10 12:45,161.811,161.822,161.778,161.783
2026-07-10 12:50,161.790,161.818,161.782,161.808
2026-07-10 12:55,161.816,161.823,161.784,161.788
2026-07-10 13:00,161.787,161.861,161.787,161.858
2026-07-10 13:05,161.859,161.859,161.813,161.830
2026-07-10 13:10,161.826,161.843,161.795,161.802
2026-07-10 13:15,161.798,161.819,161.783,161.787
2026-07-10 13:20,161.801,161.801,161.759,161.784
2026-07-10 13:25,161.783,161.807,161.759,161.798
2026-07-10 13:30,161.798,161.835,161.782,161.826
2026-07-10 13:35,161.817,161.827,161.773,161.786
2026-07-10 13:40,161.787,161.803,161.749,161.773
2026-07-10 13:45,161.773,161.781,161.716,161.759
2026-07-10 13:50,161.760,161.780,161.733,161.773
2026-07-10 13:55,161.773,161.805,161.752,161.759
2026-07-10 14:00,161.768,161.828,161.759,161.820
2026-07-10 14:05,161.820,161.839,161.790,161.792
2026-07-10 14:10,161.793,161.814,161.760,161.769
2026-07-10 14:15,161.760,161.798,161.760,161.771
2026-07-10 14:20,161.780,161.807,161.756,161.799
2026-07-10 14:25,161.808,161.814,161.754,161.757
2026-07-10 14:30,161.757,161.866,161.741,161.790
2026-07-10 14:35,161.791,161.833,161.782,161.797
2026-07-10 14:40,161.797,161.845,161.785,161.837
2026-07-10 14:45,161.842,161.857,161.822,161.856
2026-07-10 14:50,161.853,161.859,161.818,161.828
2026-07-10 14:55,161.820,161.869,161.808,161.822
2026-07-10 15:00,161.829,161.845,161.780,161.787
2026-07-10 15:05,161.787,161.797,161.749,161.760
2026-07-10 15:10,161.761,161.768,161.706,161.714
2026-07-10 15:15,161.707,161.717,161.615,161.629
2026-07-10 15:20,161.627,161.645,161.513,161.539
2026-07-10 15:25,161.540,161.547,161.466,161.518
2026-07-10 15:30,161.516,161.524,161.455,161.455
2026-07-10 15:35,161.457,161.485,161.389,161.417
2026-07-10 15:40,161.416,161.461,161.398,161.461
2026-07-10 15:45,161.454,161.500,161.429,161.437
2026-07-10 15:50,161.443,161.450,161.391,161.425
2026-07-10 15:55,161.433,161.433,161.276,161.315
2026-07-10 16:00,161.312,161.392,161.294,161.379
2026-07-10 16:05,161.379,161.412,161.314,161.347
2026-07-10 16:10,161.336,161.375,161.304,161.334
2026-07-10 16:15,161.334,161.391,161.295,161.378
2026-07-10 16:20,161.390,161.417,161.361,161.375
2026-07-10 16:25,161.375,161.386,161.326,161.338
2026-07-10 16:30,161.338,161.413,161.338,161.404
2026-07-10 16:35,161.413,161.448,161.389,161.437
2026-07-10 16:40,161.433,161.454,161.400,161.445
2026-07-10 16:45,161.446,161.479,161.429,161.478
2026-07-10 16:50,161.475,161.513,161.447,161.501
2026-07-10 16:55,161.494,161.512,161.461,161.503
2026-07-10 17:00,161.511,161.528,161.487,161.514
2026-07-10 17:05,161.515,161.553,161.502,161.553
2026-07-10 17:10,161.552,161.553,161.518,161.532
2026-07-10 17:15,161.532,161.555,161.513,161.548
2026-07-10 17:20,161.546,161.586,161.537,161.581
2026-07-10 17:25,161.576,161.588,161.530,161.541
2026-07-10 17:30,161.540,161.546,161.516,161.530
2026-07-10 17:35,161.530,161.589,161.530,161.572
2026-07-10 17:40,161.575,161.582,161.550,161.557
2026-07-10 17:45,161.557,161.582,161.555,161.580
2026-07-10 17:50,161.572,161.623,161.569,161.610
2026-07-10 17:55,161.603,161.653,161.602,161.637
2026-07-10 18:00,161.642,161.676,161.624,161.661
2026-07-10 18:05,161.666,161.696,161.659,161.685
2026-07-10 18:10,161.688,161.695,161.661,161.679
2026-07-10 18:15,161.681,161.696,161.663,161.681
2026-07-10 18:20,161.678,161.699,161.666,161.694
2026-07-10 18:25,161.690,161.706,161.659,161.700
2026-07-10 18:30,161.700,161.734,161.683,161.690
2026-07-10 18:35,161.689,161.713,161.677,161.699
2026-07-10 18:40,161.700,161.733,161.699,161.719
2026-07-10 18:45,161.720,161.735,161.682,161.683
2026-07-10 18:50,161.683,161.698,161.661,161.686
2026-07-10 18:55,161.685,161.708,161.675,161.681
2026-07-10 19:00,161.682,161.708,161.671,161.699
2026-07-10 19:05,161.698,161.718,161.683,161.706
2026-07-10 19:10,161.705,161.737,161.696,161.723
2026-07-10 19:15,161.723,161.731,161.697,161.702
2026-07-10 19:20,161.699,161.715,161.682,161.688
2026-07-10 19:25,161.689,161.709,161.686,161.694
2026-07-10 19:30,161.703,161.707,161.674,161.697
2026-07-10 19:35,161.703,161.717,161.681,161.709
2026-07-10 19:40,161.710,161.733,161.699,161.733
2026-07-10 19:45,161.732,161.749,161.722,161.737
2026-07-10 19:50,161.739,161.749,161.723,161.734
2026-07-10 19:55,161.724,161.736,161.687,161.729
2026-07-10 20:00,161.730,161.752,161.699,161.714
2026-07-10 20:05,161.707,161.750,161.697,161.742
2026-07-10 20:10,161.742,161.750,161.722,161.723
2026-07-10 20:15,161.726,161.745,161.711,161.712
2026-07-10 20:20,161.720,161.727,161.700,161.719
2026-07-10 20:25,161.717,161.727,161.701,161.719
2026-07-10 20:30,161.718,161.745,161.708,161.723
2026-07-10 20:35,161.728,161.755,161.720,161.733
2026-07-10 20:40,161.730,161.743,161.719,161.722
2026-07-10 20:45,161.723,161.754,161.723,161.747
2026-07-10 20:50,161.745,161.763,161.717,161.717
2026-07-10 20:55,161.704,161.736,161.648,161.672
2026-07-12 23:00,162.014,162.069,162.014,162.052
2026-07-12 23:05,162.053,162.069,162.030,162.034
2026-07-12 23:10,162.038,162.058,161.987,162.004
2026-07-12 23:15,162.005,162.013,161.973,161.982
2026-07-12 23:20,161.977,161.999,161.966,161.984
2026-07-12 23:25,161.984,161.994,161.956,161.963
2026-07-12 23:30,161.963,162.014,161.958,161.996
2026-07-12 23:35,161.995,162.018,161.983,162.002
2026-07-12 23:40,161.993,162.005,161.978,161.988
2026-07-12 23:45,161.986,162.005,161.889,161.933
2026-07-12 23:50,161.929,161.969,161.917,161.960
2026-07-12 23:55,161.967,161.989,161.875,161.888
2026-07-13 00:00,161.878,161.977,161.873,161.922
2026-07-13 00:05,161.920,161.951,161.896,161.922
2026-07-13 00:10,161.921,161.939,161.883,161.900
2026-07-13 00:15,161.892,162.005,161.892,161.983
2026-07-13 00:20,161.986,161.998,161.882,161.923
2026-07-13 00:25,161.920,161.971,161.918,161.965
2026-07-13 00:30,161.960,162.005,161.932,161.992
2026-07-13 00:35,161.988,162.056,161.956,162.026
2026-07-13 00:40,162.027,162.044,161.984,161.998
2026-07-13 00:45,161.999,162.038,161.976,162.030
2026-07-13 00:50,162.028,162.103,162.000,162.066
2026-07-13 00:55,162.058,162.098,162.048,162.090
2026-07-13 01:00,162.095,162.174,162.087,162.147
2026-07-13 01:05,162.138,162.155,162.120,162.144
2026-07-13 01:10,162.136,162.147,162.082,162.103
2026-07-13 01:15,162.107,162.118,162.050,162.062
2026-07-13 01:20,162.063,162.135,162.051,162.082
2026-07-13 01:25,162.077,162.089,162.040,162.049
2026-07-13 01:30,162.040,162.058,162.012,162.050
2026-07-13 01:35,162.048,162.058,162.010,162.017
2026-07-13 01:40,162.022,162.036,161.961,161.968
2026-07-13 01:45,161.968,161.983,161.950,161.968
2026-07-13 01:50,161.961,162.014,161.956,161.997
2026-07-13 01:55,162.002,162.023,161.966,161.973
2026-07-13 02:00,161.970,162.055,161.954,162.041
2026-07-13 02:05,162.038,162.094,162.032,162.058
2026-07-13 02:10,162.056,162.064,162.031,162.040
2026-07-13 02:15,162.035,162.058,162.025,162.052
2026-07-13 02:20,162.049,162.068,162.033,162.037
2026-07-13 02:25,162.035,162.062,162.025,162.046
2026-07-13 02:30,162.046,162.063,162.023,162.040
2026-07-13 02:35,162.038,162.041,162.004,162.027
2026-07-13 02:40,162.021,162.032,162.006,162.025
2026-07-13 02:45,162.026,162.048,162.012,162.029
2026-07-13 02:50,162.024,162.057,162.022,162.047
2026-07-13 02:55,162.045,162.079,162.044,162.073
2026-07-13 03:00,162.067,162.098,162.060,162.089
2026-07-13 03:05,162.086,162.114,162.086,162.099
2026-07-13 03:10,162.099,162.127,162.076,162.086
2026-07-13 03:15,162.085,162.096,162.071,162.086
2026-07-13 03:20,162.085,162.094,162.058,162.067
2026-07-13 03:25,162.064,162.097,162.062,162.088
2026-07-13 03:30,162.093,162.100,162.061,162.098
2026-07-13 03:35,162.090,162.099,162.085,162.088
2026-07-13 03:40,162.088,162.099,162.075,162.090
2026-07-13 03:45,162.084,162.093,162.063,162.069
2026-07-13 03:50,162.069,162.093,162.063,162.077
2026-07-13 03:55,162.077,162.085,162.063,162.064
2026-07-13 04:00,162.064,162.096,162.058,162.077
2026-07-13 04:05,162.076,162.093,162.064,162.079
2026-07-13 04:10,162.078,162.088,162.063,162.064
2026-07-13 04:15,162.064,162.083,162.025,162.032
2026-07-13 04:20,162.038,162.044,162.010,162.025
2026-07-13 04:25,162.022,162.029,161.985,161.986
2026-07-13 04:30,161.986,162.022,161.984,162.014
2026-07-13 04:35,162.010,162.023,162.000,162.012
2026-07-13 04:40,162.015,162.048,162.011,162.042
2026-07-13 04:45,162.042,162.048,162.007,162.012
2026-07-13 04:50,162.011,162.020,161.979,161.983
2026-07-13 04:55,161.983,161.997,161.956,161.997
2026-07-13 05:00,161.989,162.004,161.968,161.970
2026-07-13 05:05,161.970,161.984,161.940,161.947
2026-07-13 05:10,161.949,161.984,161.933,161.956
2026-07-13 05:15,161.956,161.985,161.944,161.976
2026-07-13 05:20,161.974,162.006,161.969,161.998
2026-07-13 05:25,161.997,162.067,161.994,162.049
2026-07-13 05:30,162.048,162.070,162.030,162.033
2026-07-13 05:35,162.033,162.059,162.014,162.046
2026-07-13 05:40,162.038,162.073,162.035,162.064
2026-07-13 05:45,162.068,162.081,162.052,162.059
2026-07-13 05:50,162.060,162.298,162.034,162.276
2026-07-13 05:55,162.284,162.338,162.219,162.258
2026-07-13 06:00,162.262,162.329,162.240,162.282
2026-07-13 06:05,162.286,162.359,162.257,162.335
2026-07-13 06:10,162.336,162.347,162.295,162.323
2026-07-13 06:15,162.323,162.346,162.257,162.265
2026-07-13 06:20,162.273,162.280,162.216,162.271
2026-07-13 06:25,162.262,162.307,162.247,162.266
2026-07-13 06:30,162.271,162.319,162.246,162.279
2026-07-13 06:35,162.288,162.293,162.206,162.206
2026-07-13 06:40,162.211,162.258,162.192,162.237
2026-07-13 06:45,162.242,162.267,162.216,162.219
2026-07-13 06:50,162.219,162.253,162.201,162.220
2026-07-13 06:55,162.218,162.254,162.217,162.241
2026-07-13 07:00,162.233,162.282,162.205,162.230
2026-07-13 07:05,162.232,162.279,162.116,162.117
2026-07-13 07:10,162.117,162.161,161.823,162.088
2026-07-13 07:15,162.099,162.158,162.077,162.122
2026-07-13 07:20,162.122,162.179,162.121,162.147
2026-07-13 07:25,162.155,162.179,162.100,162.125
2026-07-13 07:30,162.113,162.223,162.113,162.184
2026-07-13 07:35,162.178,162.204,162.124,162.152
2026-07-13 07:40,162.163,162.226,162.152,162.216
2026-07-13 07:45,162.224,162.232,162.181,162.205
2026-07-13 07:50,162.198,162.215,162.096,162.105
2026-07-13 07:55,162.115,162.142,162.081,162.099
2026-07-13 08:00,162.102,162.119,162.066,162.103
2026-07-13 08:05,162.111,162.117,162.066,162.083
2026-07-13 08:10,162.075,162.087,162.011,162.051
2026-07-13 08:15,162.049,162.070,162.015,162.053
2026-07-13 08:20,162.052,162.096,162.050,162.084
2026-07-13 08:25,162.092,162.120,162.076,162.103
2026-07-13 08:30,162.112,162.139,162.089,162.103
2026-07-13 08:35,162.111,162.144,162.094,162.128
2026-07-13 08:40,162.118,162.130,162.091,162.106
2026-07-13 08:45,162.104,162.121,162.052,162.076
2026-07-13 08:50,162.075,162.090,162.061,162.075
2026-07-13 08:55,162.075,162.088,162.066,162.076
2026-07-13 09:00,162.073,162.103,162.063,162.086
2026-07-13 09:05,162.083,162.104,162.060,162.075
2026-07-13 09:10,162.076,162.089,162.032,162.042
2026-07-13 09:15,162.035,162.052,161.986,162.033
2026-07-13 09:20,162.024,162.049,162.009,162.022
2026-07-13 09:25,162.012,162.024,161.972,161.986
2026-07-13 09:30,161.992,162.033,161.972,162.033
2026-07-13 09:35,162.024,162.034,161.998,162.013
2026-07-13 09:40,162.003,162.025,161.985,161.996
2026-07-13 09:45,162.006,162.015,161.971,161.994
2026-07-13 09:50,161.993,162.020,161.983,162.008
2026-07-13 09:55,162.001,162.023,161.985,161.986
2026-07-13 10:00,161.993,162.015,161.983,162.004
2026-07-13 10:05,161.997,162.058,161.997,162.049
2026-07-13 10:10,162.053,162.059,162.037,162.054
2026-07-13 10:15,162.051,162.098,162.046,162.075
2026-07-13 10:20,162.075,162.096,162.072,162.088
2026-07-13 10:25,162.086,162.125,162.084,162.118
2026-07-13 10:30,162.115,162.124,162.087,162.116
2026-07-13 10:35,162.107,162.121,162.087,162.099
2026-07-13 10:40,162.103,162.116,162.085,162.107
2026-07-13 10:45,162.104,162.121,162.089,162.101
2026-07-13 10:50,162.094,162.106,162.078,162.088
2026-07-13 10:55,162.079,162.089,162.057,162.060
2026-07-13 11:00,162.065,162.084,162.053,162.063
2026-07-13 11:05,162.070,162.076,162.023,162.058
2026-07-13 11:10,162.047,162.104,162.047,162.076
2026-07-13 11:15,162.076,162.128,162.075,162.123
2026-07-13 11:20,162.117,162.146,162.113,162.133
2026-07-13 11:25,162.128,162.138,162.090,162.091
2026-07-13 11:30,162.092,162.106,162.063,162.089
2026-07-13 11:35,162.082,162.119,162.079,162.104
2026-07-13 11:40,162.098,162.114,162.065,162.065
2026-07-13 11:45,162.066,162.094,162.065,162.073
2026-07-13 11:50,162.074,162.127,162.067,162.114
2026-07-13 11:55,162.105,162.125,162.098,162.116
2026-07-13 12:00,162.112,162.127,162.092,162.112
2026-07-13 12:05,162.111,162.155,162.104,162.146
2026-07-13 12:10,162.145,162.182,162.110,162.166
2026-07-13 12:15,162.166,162.196,162.153,162.154
2026-07-13 12:20,162.154,162.189,162.154,162.169
2026-07-13 12:25,162.163,162.187,162.151,162.172
2026-07-13 12:30,162.168,162.191,162.156,162.165
2026-07-13 12:35,162.157,162.192,162.152,162.182
2026-07-13 12:40,162.178,162.191,162.155,162.170
2026-07-13 12:45,162.172,162.180,162.140,162.156
2026-07-13 12:50,162.160,162.175,162.133,162.142
2026-07-13 12:55,162.134,162.144,162.102,162.108
2026-07-13 13:00,162.108,162.112,162.067,162.096
2026-07-13 13:05,162.096,162.124,162.096,162.119
2026-07-13 13:10,162.111,162.144,162.109,162.129
2026-07-13 13:15,162.135,162.141,162.116,162.119
2026-07-13 13:20,162.120,162.137,162.106,162.131
2026-07-13 13:25,162.133,162.151,162.118,162.127
2026-07-13 13:30,162.121,162.152,162.111,162.144
2026-07-13 13:35,162.138,162.181,162.127,162.171
2026-07-13 13:40,162.173,162.229,162.165,162.192
2026-07-13 13:45,162.192,162.226,162.168,162.222
2026-07-13 13:50,162.211,162.232,162.205,162.206
2026-07-13 13:55,162.204,162.231,162.191,162.218
2026-07-13 14:00,162.219,162.252,162.181,162.238
2026-07-13 14:05,162.235,162.275,162.233,162.252
2026-07-13 14:10,162.260,162.277,162.245,162.261
2026-07-13 14:15,162.259,162.386,162.247,162.318
2026-07-13 14:20,162.311,162.348,162.297,162.308
2026-07-13 14:25,162.303,162.337,162.288,162.292
2026-07-13 14:30,162.292,162.314,162.279,162.312
2026-07-13 14:35,162.311,162.375,162.302,162.370
2026-07-13 14:40,162.368,162.392,162.364,162.372
2026-07-13 14:45,162.378,162.387,162.338,162.354
2026-07-13 14:50,162.358,162.397,162.343,162.386
2026-07-13 14:55,162.388,162.413,162.343,162.343
2026-07-13 15:00,162.350,162.382,162.340,162.374
2026-07-13 15:05,162.374,162.382,162.340,162.354
2026-07-13 15:10,162.352,162.376,162.343,162.369
2026-07-13 15:15,162.362,162.372,162.320,162.326
2026-07-13 15:20,162.323,162.334,162.303,162.305
2026-07-13 15:25,162.305,162.328,162.299,162.317
2026-07-13 15:30,162.312,162.350,162.306,162.341
2026-07-13 15:35,162.341,162.348,162.314,162.334
2026-07-13 15:40,162.328,162.345,162.319,162.334
2026-07-13 15:45,162.334,162.362,162.330,162.347
2026-07-13 15:50,162.345,162.375,162.329,162.329
2026-07-13 15:55,162.329,162.344,162.301,162.327
2026-07-13 16:00,162.317,162.351,162.316,162.334
2026-07-13 16:05,162.334,162.348,162.321,162.322
2026-07-13 16:10,162.328,162.346,162.303,162.334
2026-07-13 16:15,162.335,162.360,162.332,162.351
2026-07-13 16:20,162.344,162.385,162.344,162.380
2026-07-13 16:25,162.377,162.416,162.367,162.408
2026-07-13 16:30,162.407,162.452,162.391,162.442
2026-07-13 16:35,162.438,162.452,162.423,162.436
2026-07-13 16:40,162.427,162.444,162.398,162.402
2026-07-13 16:45,162.403,162.447,162.385,162.437
2026-07-13 16:50,162.433,162.467,162.423,162.450
2026-07-13 16:55,162.449,162.463,162.440,162.449
2026-07-13 17:00,162.448,162.469,162.419,162.437
2026-07-13 17:05,162.431,162.450,162.420,162.434
2026-07-13 17:10,162.435,162.449,162.431,162.437
2026-07-13 17:15,162.443,162.453,162.422,162.434
2026-07-13 17:20,162.435,162.442,162.421,162.441
2026-07-13 17:25,162.436,162.448,162.425,162.442
2026-07-13 17:30,162.433,162.457,162.432,162.449
2026-07-13 17:35,162.444,162.455,162.432,162.447
2026-07-13 17:40,162.447,162.466,162.445,162.457
2026-07-13 17:45,162.457,162.462,162.434,162.443
2026-07-13 17:50,162.443,162.464,162.438,162.451
2026-07-13 17:55,162.449,162.465,162.446,162.460
2026-07-13 18:00,162.464,162.468,162.444,162.445
2026-07-13 18:05,162.446,162.455,162.420,162.439
2026-07-13 18:10,162.439,162.465,162.438,162.457
2026-07-13 18:15,162.451,162.477,162.447,162.461
2026-07-13 18:20,162.461,162.481,162.458,162.463
2026-07-13 18:25,162.464,162.471,162.422,162.428
2026-07-13 18:30,162.428,162.442,162.407,162.425
2026-07-13 18:35,162.424,162.429,162.389,162.411
2026-07-13 18:40,162.410,162.424,162.396,162.398
2026-07-13 18:45,162.403,162.423,162.395,162.398
2026-07-13 18:50,162.399,162.408,162.372,162.383
2026-07-13 18:55,162.384,162.403,162.349,162.351
2026-07-13 19:00,162.351,162.380,162.348,162.361
2026-07-13 19:05,162.365,162.417,162.360,162.417
2026-07-13 19:10,162.408,162.449,162.407,162.442
2026-07-13 19:15,162.449,162.451,162.424,162.426
2026-07-13 19:20,162.431,162.439,162.425,162.437
2026-07-13 19:25,162.431,162.444,162.417,162.436
2026-07-13 19:30,162.435,162.443,162.414,162.423
2026-07-13 19:35,162.421,162.449,162.416,162.437
2026-07-13 19:40,162.434,162.451,162.426,162.446
2026-07-13 19:45,162.439,162.451,162.437,162.440
2026-07-13 19:50,162.440,162.452,162.439,162.448
2026-07-13 19:55,162.441,162.467,162.440,162.446
2026-07-13 20:00,162.446,162.454,162.422,162.423
2026-07-13 20:05,162.423,162.445,162.423,162.444
2026-07-13 20:10,162.438,162.477,162.434,162.474
2026-07-13 20:15,162.468,162.488,162.454,162.466
2026-07-13 20:20,162.462,162.482,162.455,162.471
2026-07-13 20:25,162.474,162.480,162.442,162.443
2026-07-13 20:30,162.443,162.462,162.442,162.451
2026-07-13 20:35,162.460,162.465,162.448,162.463
2026-07-13 20:40,162.453,162.465,162.446,162.463
2026-07-13 20:45,162.448,162.479,162.445,162.457
2026-07-13 20:50,162.454,162.475,162.442,162.456
2026-07-13 20:55,162.456,162.474,162.388,162.432
2026-07-13 21:00,162.359,162.427,162.354,162.379
2026-07-13 21:05,162.313,162.392,162.313,162.378
2026-07-13 21:10,162.393,162.405,162.380,162.394
2026-07-13 21:15,162.392,162.403,162.375,162.393
2026-07-13 21:20,162.394,162.395,162.375,162.390
2026-07-13 21:25,162.399,162.459,162.399,162.442
2026-07-13 21:30,162.442,162.459,162.427,162.427
2026-07-13 21:35,162.451,162.458,162.398,162.417
2026-07-13 21:40,162.417,162.420,162.412,162.420
2026-07-13 21:45,162.416,162.431,162.412,162.431
2026-07-13 21:50,162.412,162.431,162.404,162.431
2026-07-13 21:55,162.431,162.431,162.407,162.427
2026-07-13 22:00,162.427,162.473,162.403,162.405
2026-07-13 22:05,162.427,162.447,162.405,162.438
2026-07-13 22:10,162.423,162.447,162.422,162.425
2026-07-13 22:15,162.439,162.446,162.415,162.416
2026-07-13 22:20,162.416,162.437,162.414,162.430
2026-07-13 22:25,162.433,162.437,162.416,162.428
2026-07-13 22:30,162.429,162.436,162.416,162.416
2026-07-13 22:35,162.417,162.436,162.414,162.426
2026-07-13 22:40,162.427,162.432,162.403,162.405
2026-07-13 22:45,162.416,162.425,162.405,162.419
2026-07-13 22:50,162.420,162.437,162.409,162.428
2026-07-13 22:55,162.421,162.450,162.420,162.435
2026-07-13 23:00,162.442,162.457,162.420,162.420
2026-07-13 23:05,162.420,162.431,162.402,162.404
2026-07-13 23:10,162.411,162.432,162.404,162.421
2026-07-13 23:15,162.416,162.438,162.414,162.426
2026-07-13 23:20,162.431,162.438,162.424,162.434
2026-07-13 23:25,162.425,162.433,162.405,162.408
2026-07-13 23:30,162.408,162.425,162.401,162.410
2026-07-13 23:35,162.409,162.416,162.398,162.403
2026-07-13 23:40,162.403,162.411,162.383,162.394
2026-07-13 23:45,162.394,162.415,162.383,162.402
2026-07-13 23:50,162.402,162.425,162.397,162.409
2026-07-13 23:55,162.415,162.441,162.409,162.414
2026-07-14 00:00,162.413,162.444,162.401,162.411
2026-07-14 00:05,162.410,162.431,162.382,162.403
2026-07-14 00:10,162.396,162.416,162.381,162.396
2026-07-14 00:15,162.396,162.458,162.393,162.453
2026-07-14 00:20,162.461,162.470,162.437,162.454
2026-07-14 00:25,162.445,162.459,162.422,162.424
2026-07-14 00:30,162.427,162.452,162.414,162.436
2026-07-14 00:35,162.429,162.437,162.405,162.422
2026-07-14 00:40,162.422,162.448,162.289,162.354
2026-07-14 00:45,162.348,162.426,162.223,162.363
2026-07-14 00:50,162.362,162.373,162.287,162.312
2026-07-14 00:55,162.312,162.385,162.296,162.384
2026-07-14 01:00,162.378,162.389,162.344,162.362
2026-07-14 01:05,162.359,162.370,162.323,162.354
2026-07-14 01:10,162.346,162.365,162.332,162.340
2026-07-14 01:15,162.338,162.356,162.320,162.332
2026-07-14 01:20,162.333,162.359,162.317,162.352
2026-07-14 01:25,162.351,162.396,162.341,162.389
2026-07-14 01:30,162.384,162.392,162.332,162.368
2026-07-14 01:35,162.372,162.422,162.363,162.407
2026-07-14 01:40,162.407,162.426,162.374,162.395
2026-07-14 01:45,162.387,162.412,162.380,162.410
2026-07-14 01:50,162.400,162.422,162.369,162.401
2026-07-14 01:55,162.400,162.419,162.382,162.387
2026-07-14 02:00,162.390,162.415,162.383,162.407
2026-07-14 02:05,162.406,162.407,162.369,162.382
2026-07-14 02:10,162.383,162.386,162.336,162.349
2026-07-14 02:15,162.339,162.372,162.339,162.348
2026-07-14 02:20,162.356,162.368,162.334,162.354
2026-07-14 02:25,162.350,162.360,162.332,162.353
2026-07-14 02:30,162.347,162.372,162.337,162.363
2026-07-14 02:35,162.369,162.372,162.346,162.357
2026-07-14 02:40,162.356,162.363,162.333,162.344
2026-07-14 02:45,162.334,162.346,162.303,162.312
2026-07-14 02:50,162.304,162.334,162.304,162.319
2026-07-14 02:55,162.313,162.337,162.311,162.323
2026-07-14 03:00,162.317,162.353,162.312,162.337
2026-07-14 03:05,162.336,162.374,162.336,162.351
2026-07-14 03:10,162.351,162.363,162.325,162.342
2026-07-14 03:15,162.333,162.358,162.321,162.337
2026-07-14 03:20,162.342,162.359,162.330,162.335
2026-07-14 03:25,162.343,162.345,162.321,162.330
2026-07-14 03:30,162.322,162.333,162.295,162.312
2026-07-14 03:35,162.305,162.315,162.222,162.245
2026-07-14 03:40,162.249,162.276,162.240,162.253
2026-07-14 03:45,162.254,162.277,162.235,162.272
2026-07-14 03:50,162.278,162.278,162.243,162.256
2026-07-14 03:55,162.253,162.293,162.251,162.288
2026-07-14 04:00,162.284,162.291,162.256,162.277
2026-07-14 04:05,162.276,162.307,162.273,162.298
2026-07-14 04:10,162.305,162.317,162.295,162.298
2026-07-14 04:15,162.301,162.308,162.279,162.281
2026-07-14 04:20,162.282,162.307,162.280,162.303
2026-07-14 04:25,162.297,162.318,162.297,162.317
2026-07-14 04:30,162.311,162.322,162.297,162.300
2026-07-14 04:35,162.298,162.320,162.295,162.296
2026-07-14 04:40,162.297,162.307,162.290,162.300
2026-07-14 04:45,162.304,162.320,162.296,162.311
2026-07-14 04:50,162.311,162.342,162.307,162.318
2026-07-14 04:55,162.318,162.325,162.306,162.320
2026-07-14 05:00,162.313,162.319,162.291,162.307
2026-07-14 05:05,162.307,162.316,162.282,162.303
2026-07-14 05:10,162.300,162.308,162.294,162.303
2026-07-14 05:15,162.303,162.307,162.285,162.290
2026-07-14 05:20,162.290,162.299,162.256,162.281
2026-07-14 05:25,162.292,162.307,162.276,162.302
2026-07-14 05:30,162.303,162.303,162.267,162.282
2026-07-14 05:35,162.287,162.293,162.257,162.289
2026-07-14 05:40,162.283,162.290,162.256,162.267
2026-07-14 05:45,162.256,162.270,162.236,162.256
2026-07-14 05:50,162.247,162.278,162.240,162.271
2026-07-14 05:55,162.272,162.304,162.271,162.289
2026-07-14 06:00,162.284,162.319,162.270,162.311
2026-07-14 06:05,162.319,162.328,162.300,162.310
2026-07-14 06:10,162.309,162.319,162.278,162.314
2026-07-14 06:15,162.304,162.327,162.295,162.310
2026-07-14 06:20,162.308,162.357,162.294,162.320
2026-07-14 06:25,162.322,162.370,162.316,162.362
2026-07-14 06:30,162.360,162.371,162.290,162.311
2026-07-14 06:35,162.315,162.352,162.304,162.337
2026-07-14 06:40,162.333,162.347,162.318,162.333
2026-07-14 06:45,162.333,162.353,162.317,162.345
2026-07-14 06:50,162.345,162.372,162.338,162.357
2026-07-14 06:55,162.357,162.368,162.323,162.347
2026-07-14 07:00,162.339,162.372,162.338,162.347
2026-07-14 07:05,162.355,162.373,162.333,162.362
2026-07-14 07:10,162.362,162.371,162.330,162.344
2026-07-14 07:15,162.344,162.371,162.332,162.360
2026-07-14 07:20,162.367,162.368,162.297,162.312
2026-07-14 07:25,162.305,162.326,162.290,162.316
2026-07-14 07:30,162.309,162.363,162.308,162.333
2026-07-14 07:35,162.334,162.344,162.312,162.337
2026-07-14 07:40,162.328,162.367,162.328,162.352
2026-07-14 07:45,162.348,162.359,162.313,162.329
2026-07-14 07:50,162.321,162.355,162.310,162.326
2026-07-14 07:55,162.321,162.352,162.319,162.340
2026-07-14 08:00,162.338,162.388,162.335,162.367
2026-07-14 08:05,162.367,162.371,162.348,162.367
2026-07-14 08:10,162.359,162.372,162.343,162.347
2026-07-14 08:15,162.355,162.368,162.346,162.353
2026-07-14 08:20,162.353,162.364,162.333,162.333
2026-07-14 08:25,162.333,162.346,162.323,162.336
2026-07-14 08:30,162.327,162.341,162.316,162.328
2026-07-14 08:35,162.326,162.333,162.294,162.296
2026-07-14 08:40,162.296,162.305,162.040,162.202
2026-07-14 08:45,162.202,162.231,162.174,162.212
2026-07-14 08:50,162.212,162.247,162.196,162.215
2026-07-14 08:55,162.223,162.277,162.214,162.266
2026-07-14 09:00,162.270,162.283,162.216,162.229
2026-07-14 09:05,162.224,162.249,162.213,162.231
2026-07-14 09:10,162.231,162.241,162.184,162.198
2026-07-14 09:15,162.187,162.247,162.187,162.222
2026-07-14 09:20,162.216,162.247,162.215,162.228
2026-07-14 09:25,162.228,162.244,162.205,162.223
2026-07-14 09:30,162.214,162.229,162.196,162.228
2026-07-14 09:35,162.228,162.228,162.203,162.210
2026-07-14 09:40,162.208,162.223,162.203,162.208
2026-07-14 09:45,162.207,162.216,162.174,162.188
2026-07-14 09:50,162.177,162.201,162.149,162.154
2026-07-14 09:55,162.159,162.195,162.149,162.178
2026-07-14 10:00,162.176,162.186,162.149,162.163
2026-07-14 10:05,162.155,162.207,162.151,162.199
2026-07-14 10:10,162.199,162.216,162.185,162.204
2026-07-14 10:15,162.205,162.222,162.187,162.208
2026-07-14 10:20,162.201,162.220,162.186,162.197
2026-07-14 10:25,162.198,162.220,162.190,162.200
2026-07-14 10:30,162.200,162.233,162.197,162.222
2026-07-14 10:35,162.221,162.238,162.203,162.229
2026-07-14 10:40,162.229,162.259,162.221,162.237
2026-07-14 10:45,162.244,162.253,162.226,162.233
2026-07-14 10:50,162.233,162.251,162.227,162.244
2026-07-14 10:55,162.234,162.264,162.234,162.244
2026-07-14 11:00,162.247,162.277,162.234,162.251
2026-07-14 11:05,162.254,162.258,162.223,162.234
2026-07-14 11:10,162.235,162.254,162.227,162.236
2026-07-14 11:15,162.245,162.263,162.236,162.243
2026-07-14 11:20,162.243,162.257,162.217,162.222
2026-07-14 11:25,162.226,162.252,162.221,162.237
2026-07-14 11:30,162.238,162.244,162.198,162.221
2026-07-14 11:35,162.213,162.225,162.200,162.202
2026-07-14 11:40,162.202,162.222,162.198,162.212
2026-07-14 11:45,162.212,162.220,162.194,162.202
2026-07-14 11:50,162.202,162.213,162.183,162.201
2026-07-14 11:55,162.195,162.205,162.177,162.195
2026-07-14 12:00,162.193,162.207,162.160,162.177
2026-07-14 12:05,162.182,162.224,162.176,162.215
2026-07-14 12:10,162.212,162.223,162.189,162.210
2026-07-14 12:15,162.201,162.235,162.198,162.222
2026-07-14 12:20,162.217,162.228,162.183,162.196
2026-07-14 12:25,162.190,162.203,162.103,162.110
2026-07-14 12:30,162.095,162.200,161.588,161.753
2026-07-14 12:35,161.751,161.865,161.706,161.820
2026-07-14 12:40,161.808,161.825,161.685,161.723
2026-07-14 12:45,161.735,161.825,161.684,161.796
2026-07-14 12:50,161.785,161.934,161.781,161.910
2026-07-14 12:55,161.910,161.950,161.878,161.912
2026-07-14 13:00,161.902,161.937,161.823,161.871
2026-07-14 13:05,161.876,161.898,161.840,161.875
2026-07-14 13:10,161.883,161.957,161.861,161.921
2026-07-14 13:15,161.913,161.941,161.874,161.933
2026-07-14 13:20,161.925,161.971,161.849,161.891
2026-07-14 13:25,161.883,161.901,161.851,161.866
2026-07-14 13:30,161.864,161.949,161.849,161.913
2026-07-14 13:35,161.914,161.955,161.913,161.936
2026-07-14 13:40,161.938,161.979,161.923,161.942
2026-07-14 13:45,161.950,161.968,161.915,161.917
2026-07-14 13:50,161.929,161.961,161.904,161.929
2026-07-14 13:55,161.928,161.946,161.903,161.926
2026-07-14 14:00,161.919,161.936,161.848,161.863
2026-07-14 14:05,161.870,161.906,161.842,161.900
2026-07-14 14:10,161.897,161.910,161.854,161.877
2026-07-14 14:15,161.878,161.948,161.876,161.912
2026-07-14 14:20,161.908,161.960,161.888,161.946
2026-07-14 14:25,161.942,161.997,161.939,161.989
2026-07-14 14:30,161.988,162.017,161.820,161.938
2026-07-14 14:35,161.927,161.942,161.888,161.923
2026-07-14 14:40,161.917,161.955,161.911,161.941
2026-07-14 14:45,161.941,161.964,161.918,161.943
2026-07-14 14:50,161.951,161.972,161.924,161.950
2026-07-14 14:55,161.950,161.977,161.942,161.965
2026-07-14 15:00,161.965,162.031,161.869,161.916
2026-07-14 15:05,161.913,161.953,161.906,161.920
2026-07-14 15:10,161.927,161.964,161.917,161.918
2026-07-14 15:15,161.919,161.947,161.899,161.932
2026-07-14 15:20,161.935,161.969,161.917,161.956
2026-07-14 15:25,161.960,161.972,161.939,161.951
2026-07-14 15:30,161.952,161.999,161.940,161.989
2026-07-14 15:35,161.990,162.025,161.988,162.012
2026-07-14 15:40,162.012,162.107,162.008,162.088
2026-07-14 15:45,162.088,162.101,162.036,162.089
2026-07-14 15:50,162.100,162.159,162.088,162.140
2026-07-14 15:55,162.136,162.171,162.120,162.145
2026-07-14 16:00,162.138,162.200,162.133,162.179
2026-07-14 16:05,162.179,162.202,162.164,162.178
2026-07-14 16:10,162.179,162.180,162.129,162.147
2026-07-14 16:15,162.147,162.160,162.128,162.158
2026-07-14 16:20,162.159,162.167,162.138,162.145
2026-07-14 16:25,162.140,162.169,162.137,162.161
2026-07-14 16:30,162.154,162.162,162.137,162.141
2026-07-14 16:35,162.143,162.146,162.101,162.118
2026-07-14 16:40,162.112,162.143,162.101,162.126
2026-07-14 16:45,162.136,162.154,162.117,162.140
2026-07-14 16:50,162.139,162.149,162.111,162.114
2026-07-14 16:55,162.113,162.137,162.101,162.109
2026-07-14 17:00,162.107,162.156,162.107,162.148
2026-07-14 17:05,162.145,162.185,162.142,162.158
2026-07-14 17:10,162.164,162.203,162.156,162.191
2026-07-14 17:15,162.193,162.231,162.182,162.223
2026-07-14 17:20,162.226,162.237,162.188,162.200
2026-07-14 17:25,162.197,162.204,162.170,162.176
2026-07-14 17:30,162.179,162.191,162.164,162.184
2026-07-14 17:35,162.188,162.199,162.178,162.190
2026-07-14 17:40,162.183,162.190,162.155,162.157
2026-07-14 17:45,162.158,162.183,162.152,162.160
2026-07-14 17:50,162.161,162.166,162.141,162.158
2026-07-14 17:55,162.157,162.192,162.155,162.192
2026-07-14 18:00,162.188,162.202,162.160,162.183
2026-07-14 18:05,162.183,162.203,162.182,162.190
2026-07-14 18:10,162.195,162.201,162.172,162.176
2026-07-14 18:15,162.179,162.184,162.156,162.164
2026-07-14 18:20,162.166,162.209,162.165,162.200
2026-07-14 18:25,162.199,162.218,162.193,162.211
2026-07-14 18:30,162.208,162.226,162.193,162.208
2026-07-14 18:35,162.206,162.243,162.205,162.227
2026-07-14 18:40,162.236,162.288,162.227,162.255
2026-07-14 18:45,162.256,162.257,162.218,162.225
2026-07-14 18:50,162.226,162.244,162.217,162.229
2026-07-14 18:55,162.230,162.231,162.182,162.187
2026-07-14 19:00,162.192,162.197,162.164,162.176
2026-07-14 19:05,162.177,162.183,162.159,162.166
2026-07-14 19:10,162.167,162.179,162.138,162.152
2026-07-14 19:15,162.151,162.164,162.127,162.148
2026-07-14 19:20,162.148,162.187,162.146,162.167
2026-07-14 19:25,162.167,162.176,162.154,162.159
2026-07-14 19:30,162.156,162.203,162.150,162.176
2026-07-14 19:35,162.173,162.189,162.163,162.175
2026-07-14 19:40,162.175,162.192,162.161,162.171
2026-07-14 19:45,162.166,162.173,162.134,162.146
2026-07-14 19:50,162.149,162.179,162.145,162.166
2026-07-14 19:55,162.155,162.215,162.155,162.210
2026-07-14 20:00,162.204,162.229,162.199,162.217
2026-07-14 20:05,162.215,162.227,162.209,162.210
2026-07-14 20:10,162.209,162.230,162.200,162.230
2026-07-14 20:15,162.224,162.246,162.221,162.244
2026-07-14 20:20,162.237,162.245,162.223,162.229
2026-07-14 20:25,162.232,162.246,162.223,162.242
2026-07-14 20:30,162.238,162.249,162.229,162.245
2026-07-14 20:35,162.240,162.256,162.231,162.240
2026-07-14 20:40,162.235,162.246,162.228,162.243
2026-07-14 20:45,162.236,162.270,162.234,162.243
2026-07-14 20:50,162.243,162.264,162.236,162.243
2026-07-14 20:55,162.253,162.268,162.225,162.233
2026-07-14 21:00,162.224,162.254,162.134,162.181
2026-07-14 21:05,162.172,162.216,162.147,162.170
2026-07-14 21:10,162.171,162.176,162.134,162.171
2026-07-14 21:15,162.167,162.172,162.138,162.156
2026-07-14 21:20,162.171,162.172,162.137,162.167
2026-07-14 21:25,162.156,162.173,162.145,162.170
2026-07-14 21:30,162.169,162.174,162.155,162.164
2026-07-14 21:35,162.171,162.199,162.165,162.183
2026-07-14 21:40,162.181,162.184,162.167,162.177
2026-07-14 21:45,162.179,162.197,162.166,162.174
2026-07-14 21:50,162.170,162.203,162.170,162.200
2026-07-14 21:55,162.200,162.200,162.179,162.188
2026-07-14 22:00,162.189,162.266,162.158,162.212
2026-07-14 22:05,162.211,162.257,162.204,162.223
2026-07-14 22:10,162.238,162.259,162.220,162.233
2026-07-14 22:15,162.252,162.258,162.227,162.235
2026-07-14 22:20,162.250,162.256,162.216,162.242
2026-07-14 22:25,162.223,162.245,162.212,162.231
2026-07-14 22:30,162.213,162.232,162.195,162.206
2026-07-14 22:35,162.198,162.224,162.195,162.199
2026-07-14 22:40,162.200,162.229,162.199,162.216
2026-07-14 22:45,162.207,162.229,162.203,162.214
2026-07-14 22:50,162.212,162.238,162.211,162.226
2026-07-14 22:55,162.232,162.242,162.224,162.226
2026-07-14 23:00,162.226,162.240,162.219,162.227
2026-07-14 23:05,162.232,162.238,162.212,162.212
2026-07-14 23:10,162.212,162.225,162.201,162.211
2026-07-14 23:15,162.202,162.226,162.202,162.214
2026-07-14 23:20,162.218,162.225,162.212,162.213
2026-07-14 23:25,162.212,162.223,162.178,162.196
2026-07-14 23:30,162.187,162.201,162.183,162.188
2026-07-14 23:35,162.188,162.210,162.183,162.197
2026-07-14 23:40,162.192,162.197,162.156,162.161
2026-07-14 23:45,162.161,162.189,162.161,162.174
2026-07-14 23:50,162.174,162.196,162.173,162.175
2026-07-14 23:55,162.178,162.197,162.172,162.187
2026-07-15 00:00,162.189,162.202,162.167,162.174
2026-07-15 00:05,162.171,162.210,162.171,162.178
2026-07-15 00:10,162.181,162.237,162.178,162.225
2026-07-15 00:15,162.225,162.240,162.197,162.208
2026-07-15 00:20,162.208,162.217,162.177,162.195
2026-07-15 00:25,162.195,162.208,162.113,162.144
2026-07-15 00:30,162.137,162.169,162.133,162.168
2026-07-15 00:35,162.162,162.194,162.158,162.178
2026-07-15 00:40,162.179,162.231,162.179,162.210
2026-07-15 00:45,162.219,162.219,162.163,162.180
2026-07-15 00:50,162.179,162.191,162.114,162.130
2026-07-15 00:55,162.122,162.137,162.070,162.099
2026-07-15 01:00,162.098,162.114,162.064,162.086
2026-07-15 01:05,162.079,162.096,161.976,162.028
2026-07-15 01:10,162.040,162.057,161.977,161.995
2026-07-15 01:15,161.987,162.018,161.957,162.008
2026-07-15 01:20,162.003,162.048,161.989,162.042
2026-07-15 01:25,162.044,162.078,162.022,162.059
2026-07-15 01:30,162.052,162.071,162.029,162.055
2026-07-15 01:35,162.064,162.084,162.047,162.074
2026-07-15 01:40,162.072,162.110,162.062,162.090
2026-07-15 01:45,162.082,162.108,162.079,162.094
2026-07-15 01:50,162.094,162.128,162.088,162.110
2026-07-15 01:55,162.108,162.123,162.087,162.097
2026-07-15 02:00,162.089,162.108,162.054,162.060
2026-07-15 02:05,162.054,162.066,162.027,162.059
2026-07-15 02:10,162.053,162.117,162.045,162.101
2026-07-15 02:15,162.109,162.119,162.090,162.110
2026-07-15 02:20,162.109,162.124,162.095,162.115
2026-07-15 02:25,162.114,162.122,162.094,162.100
2026-07-15 02:30,162.107,162.112,162.089,162.097
2026-07-15 02:35,162.094,162.116,162.091,162.097
2026-07-15 02:40,162.101,162.106,162.044,162.066
2026-07-15 02:45,162.058,162.089,162.056,162.074
2026-07-15 02:50,162.066,162.106,162.060,162.093
2026-07-15 02:55,162.094,162.110,162.080,162.102
2026-07-15 03:00,162.103,162.111,162.078,162.088
2026-07-15 03:05,162.081,162.118,162.080,162.102
2026-07-15 03:10,162.110,162.159,162.101,162.138
2026-07-15 03:15,162.147,162.181,162.135,162.173
2026-07-15 03:20,162.173,162.180,162.154,162.159
2026-07-15 03:25,162.159,162.175,162.149,162.154
2026-07-15 03:30,162.155,162.169,162.148,162.153
2026-07-15 03:35,162.152,162.166,162.144,162.147
2026-07-15 03:40,162.154,162.179,162.146,162.179
2026-07-15 03:45,162.175,162.180,162.144,162.148
2026-07-15 03:50,162.154,162.157,162.132,162.144
2026-07-15 03:55,162.143,162.156,162.129,162.143
2026-07-15 04:00,162.133,162.157,162.131,162.150
2026-07-15 04:05,162.151,162.154,162.128,162.141
2026-07-15 04:10,162.133,162.170,162.129,162.163
2026-07-15 04:15,162.159,162.175,162.152,162.164
2026-07-15 04:20,162.161,162.179,162.153,162.162
2026-07-15 04:25,162.162,162.221,162.162,162.208
2026-07-15 04:30,162.208,162.221,162.187,162.205
2026-07-15 04:35,162.198,162.210,162.185,162.206
2026-07-15 04:40,162.202,162.230,162.198,162.213
2026-07-15 04:45,162.213,162.222,162.201,162.204
2026-07-15 04:50,162.203,162.222,162.198,162.221
2026-07-15 04:55,162.213,162.222,162.198,162.212
2026-07-15 05:00,162.205,162.237,162.204,162.212
2026-07-15 05:05,162.220,162.221,162.182,162.197
2026-07-15 05:10,162.205,162.210,162.171,162.175
2026-07-15 05:15,162.182,162.194,162.169,162.177
2026-07-15 05:20,162.169,162.202,162.167,162.195
2026-07-15 05:25,162.189,162.211,162.188,162.209
2026-07-15 05:30,162.203,162.211,162.185,162.204
2026-07-15 05:35,162.203,162.210,162.184,162.187
2026-07-15 05:40,162.192,162.199,162.181,162.184
2026-07-15 05:45,162.183,162.213,162.171,162.181
2026-07-15 05:50,162.181,162.212,162.169,162.172
2026-07-15 05:55,162.175,162.205,162.170,162.196
2026-07-15 06:00,162.196,162.212,162.177,162.184
2026-07-15 06:05,162.188,162.212,162.172,162.177
2026-07-15 06:10,162.172,162.200,162.162,162.198
2026-07-15 06:15,162.188,162.200,162.160,162.164
2026-07-15 06:20,162.161,162.183,162.153,162.161
2026-07-15 06:25,162.166,162.172,162.134,162.163
2026-07-15 06:30,162.163,162.198,162.163,162.184
2026-07-15 06:35,162.184,162.197,162.171,162.176
2026-07-15 06:40,162.171,162.181,162.116,162.131
2026-07-15 06:45,162.122,162.156,162.093,162.147
2026-07-15 06:50,162.156,162.192,162.131,162.167
2026-07-15 06:55,162.166,162.216,162.163,162.202
2026-07-15 07:00,162.208,162.225,162.190,162.207
2026-07-15 07:05,162.206,162.245,162.206,162.219
2026-07-15 07:10,162.225,162.232,162.210,162.221
2026-07-15 07:15,162.222,162.243,162.214,162.232
2026-07-15 07:20,162.230,162.277,162.223,162.268
2026-07-15 07:25,162.268,162.311,162.260,162.265
2026-07-15 07:30,162.261,162.287,162.254,162.278
2026-07-15 07:35,162.284,162.298,162.262,162.288
2026-07-15 07:40,162.281,162.295,162.232,162.244
2026-07-15 07:45,162.238,162.288,162.237,162.262
2026-07-15 07:50,162.267,162.272,162.238,162.255
2026-07-15 07:55,162.260,162.274,162.249,162.268
2026-07-15 08:00,162.261,162.285,162.238,162.262
2026-07-15 08:05,162.255,162.301,162.252,162.288
2026-07-15 08:10,162.294,162.351,162.288,162.329
2026-07-15 08:15,162.337,162.350,162.313,162.313
2026-07-15 08:20,162.313,162.323,162.285,162.298
2026-07-15 08:25,162.290,162.321,162.274,162.274
2026-07-15 08:30,162.274,162.302,162.263,162.291
2026-07-15 08:35,162.301,162.315,162.288,162.302
2026-07-15 08:40,162.310,162.315,162.283,162.289
2026-07-15 08:45,162.286,162.317,162.286,162.304
2026-07-15 08:50,162.304,162.325,162.303,162.312
2026-07-15 08:55,162.311,162.334,162.287,162.290
2026-07-15 09:00,162.290,162.326,162.281,162.293
2026-07-15 09:05,162.296,162.314,162.287,162.300
2026-07-15 09:10,162.299,162.312,162.236,162.280
2026-07-15 09:15,162.281,162.307,162.270,162.288
2026-07-15 09:20,162.288,162.303,162.274,162.278
2026-07-15 09:25,162.280,162.322,162.280,162.322
2026-07-15 09:30,162.314,162.338,162.311,162.314
2026-07-15 09:35,162.317,162.335,162.311,162.328
2026-07-15 09:40,162.323,162.330,162.309,162.315
2026-07-15 09:45,162.313,162.338,162.313,162.323
2026-07-15 09:50,162.323,162.360,162.316,162.334
2026-07-15 09:55,162.332,162.373,162.331,162.358
2026-07-15 10:00,162.358,162.388,162.354,162.368
2026-07-15 10:05,162.367,162.396,162.363,162.377
2026-07-15 10:10,162.377,162.392,162.366,162.372
2026-07-15 10:15,162.373,162.390,162.355,162.372
2026-07-15 10:20,162.378,162.413,162.363,162.403
2026-07-15 10:25,162.411,162.423,162.388,162.397
2026-07-15 10:30,162.390,162.412,162.380,162.390
2026-07-15 10:35,162.390,162.407,162.388,162.396
2026-07-15 10:40,162.400,162.419,162.393,162.414
2026-07-15 10:45,162.407,162.416,162.389,162.403
2026-07-15 10:50,162.403,162.414,162.395,162.395
2026-07-15 10:55,162.395,162.402,162.303,162.328
2026-07-15 11:00,162.321,162.363,162.288,162.359
2026-07-15 11:05,162.353,162.363,162.337,162.342
2026-07-15 11:10,162.342,162.353,162.316,162.339
2026-07-15 11:15,162.347,162.361,162.337,162.350
2026-07-15 11:20,162.351,162.361,162.338,162.353
2026-07-15 11:25,162.353,162.384,162.352,162.371
2026-07-15 11:30,162.368,162.395,162.364,162.374
2026-07-15 11:35,162.367,162.377,162.342,162.365
2026-07-15 11:40,162.373,162.376,162.353,162.360
2026-07-15 11:45,162.360,162.369,162.345,162.349
2026-07-15 11:50,162.350,162.361,162.317,162.343
2026-07-15 11:55,162.350,162.365,162.329,162.346
2026-07-15 12:00,162.335,162.378,162.327,162.368
2026-07-15 12:05,162.368,162.395,162.366,162.372
2026-07-15 12:10,162.371,162.393,162.354,162.361
2026-07-15 12:15,162.358,162.384,162.347,162.383
2026-07-15 12:20,162.375,162.384,162.354,162.357
2026-07-15 12:25,162.357,162.384,162.342,162.342
2026-07-15 12:30,162.344,162.353,162.260,162.289
2026-07-15 12:35,162.288,162.312,162.271,162.287
2026-07-15 12:40,162.285,162.296,162.227,162.237
2026-07-15 12:45,162.229,162.255,162.194,162.203
2026-07-15 12:50,162.202,162.245,162.202,162.211
2026-07-15 12:55,162.220,162.231,162.134,162.157
2026-07-15 13:00,162.156,162.184,162.138,162.158
2026-07-15 13:05,162.159,162.166,162.124,162.144
2026-07-15 13:10,162.152,162.236,162.138,162.234
2026-07-15 13:15,162.226,162.243,162.180,162.188
2026-07-15 13:20,162.190,162.238,162.187,162.226
2026-07-15 13:25,162.227,162.280,162.227,162.263
2026-07-15 13:30,162.262,162.275,162.235,162.237
2026-07-15 13:35,162.245,162.256,162.219,162.226
2026-07-15 13:40,162.229,162.251,162.206,162.243
2026-07-15 13:45,162.240,162.260,162.215,162.217
2026-07-15 13:50,162.218,162.250,162.212,162.238
2026-07-15 13:55,162.248,162.251,162.147,162.201
2026-07-15 14:00,162.201,162.209,162.169,162.195
2026-07-15 14:05,162.197,162.236,162.182,162.210
2026-07-15 14:10,162.202,162.218,162.185,162.207
2026-07-15 14:15,162.199,162.207,162.161,162.162
2026-07-15 14:20,162.164,162.215,162.161,162.200
2026-07-15 14:25,162.203,162.238,162.199,162.223
2026-07-15 14:30,162.214,162.228,162.160,162.185
2026-07-15 14:35,162.177,162.220,162.173,162.213
2026-07-15 14:40,162.209,162.230,162.180,162.201
2026-07-15 14:45,162.194,162.200,162.146,162.156
2026-07-15 14:50,162.149,162.200,162.146,162.174
2026-07-15 14:55,162.179,162.187,162.117,162.143
2026-07-15 15:00,162.135,162.153,162.104,162.138
2026-07-15 15:05,162.139,162.160,162.122,162.150
2026-07-15 15:10,162.150,162.211,162.134,162.197
2026-07-15 15:15,162.206,162.216,162.162,162.178
2026-07-15 15:20,162.173,162.192,162.134,162.144
2026-07-15 15:25,162.150,162.154,162.086,162.092
2026-07-15 15:30,162.091,162.130,162.086,162.089
2026-07-15 15:35,162.089,162.143,162.069,162.134
2026-07-15 15:40,162.133,162.140,162.108,162.127
2026-07-15 15:45,162.122,162.129,162.085,162.114
2026-07-15 15:50,162.112,162.145,162.108,162.121
2026-07-15 15:55,162.114,162.143,162.114,162.127
2026-07-15 16:00,162.125,162.165,162.119,162.161
2026-07-15 16:05,162.155,162.171,162.146,162.162
2026-07-15 16:10,162.160,162.173,162.147,162.160
2026-07-15 16:15,162.161,162.171,162.134,162.152
2026-07-15 16:20,162.152,162.168,162.122,162.138
2026-07-15 16:25,162.134,162.144,162.110,162.137
2026-07-15 16:30,162.131,162.161,162.127,162.152
2026-07-15 16:35,162.155,162.185,162.146,162.181
2026-07-15 16:40,162.180,162.199,162.159,162.188
2026-07-15 16:45,162.191,162.198,162.118,162.171
2026-07-15 16:50,162.166,162.183,162.148,162.179
2026-07-15 16:55,162.173,162.187,162.153,162.158
2026-07-15 17:00,162.159,162.170,162.107,162.117
2026-07-15 17:05,162.117,162.136,162.085,162.093
2026-07-15 17:10,162.090,162.120,162.068,162.117
2026-07-15 17:15,162.116,162.127,162.096,162.107
2026-07-15 17:20,162.100,162.114,162.090,162.113
2026-07-15 17:25,162.107,162.114,162.077,162.080
2026-07-15 17:30,162.088,162.109,162.054,162.079
2026-07-15 17:35,162.071,162.084,162.046,162.046
2026-07-15 17:40,162.046,162.060,161.977,162.018
2026-07-15 17:45,162.020,162.059,161.962,161.964
2026-07-15 17:50,161.964,162.012,161.961,162.001
2026-07-15 17:55,161.996,162.003,161.977,161.980
2026-07-15 18:00,161.987,161.988,161.885,161.900
2026-07-15 18:05,161.903,161.937,161.890,161.915
2026-07-15 18:10,161.915,161.957,161.911,161.945
2026-07-15 18:15,161.941,161.962,161.886,161.892
2026-07-15 18:20,161.894,161.923,161.890,161.920
2026-07-15 18:25,161.915,161.927,161.900,161.908
2026-07-15 18:30,161.907,161.919,161.890,161.902
2026-07-15 18:35,161.907,161.940,161.890,161.899
2026-07-15 18:40,161.899,161.987,161.893,161.981
2026-07-15 18:45,161.979,162.005,161.969,161.993
2026-07-15 18:50,161.984,162.037,161.984,162.017
2026-07-15 18:55,162.018,162.062,162.016,162.046
2026-07-15 19:00,162.040,162.059,162.005,162.026
2026-07-15 19:05,162.030,162.042,162.006,162.024
2026-07-15 19:10,162.028,162.041,162.014,162.015
2026-07-15 19:15,162.027,162.077,162.015,162.061
2026-07-15 19:20,162.061,162.095,162.060,162.090
2026-07-15 19:25,162.082,162.108,162.075,162.096
2026-07-15 19:30,162.097,162.191,162.089,162.175
2026-07-15 19:35,162.172,162.247,162.157,162.201
2026-07-15 19:40,162.214,162.257,162.195,162.238
2026-07-15 19:45,162.238,162.281,162.232,162.260
2026-07-15 19:50,162.262,162.284,162.244,162.262
2026-07-15 19:55,162.261,162.276,162.193,162.224
2026-07-15 20:00,162.224,162.233,162.196,162.205
2026-07-15 20:05,162.205,162.229,162.195,162.215
2026-07-15 20:10,162.224,162.229,162.204,162.217
2026-07-15 20:15,162.214,162.223,162.204,162.210
2026-07-15 20:20,162.210,162.218,162.196,162.202
2026-07-15 20:25,162.198,162.211,162.187,162.194
2026-07-15 20:30,162.200,162.222,162.191,162.198
2026-07-15 20:35,162.196,162.224,162.195,162.213
2026-07-15 20:40,162.218,162.224,162.192,162.204
2026-07-15 20:45,162.202,162.218,162.194,162.200
2026-07-15 20:50,162.195,162.206,162.183,162.195
2026-07-15 20:55,162.187,162.202,162.153,162.172
2026-07-15 21:00,162.156,162.250,162.068,162.112
2026-07-15 21:05,162.124,162.145,162.075,162.124
2026-07-15 21:10,162.110,162.151,162.079,162.148
2026-07-15 21:15,162.146,162.153,162.136,162.138
2026-07-15 21:20,162.139,162.143,162.122,162.129
2026-07-15 21:25,162.123,162.131,162.097,162.125
2026-07-15 21:30,162.123,162.137,162.100,162.131
2026-07-15 21:35,162.130,162.141,162.105,162.105
2026-07-15 21:40,162.142,162.143,162.093,162.112
2026-07-15 21:45,162.140,162.140,162.105,162.106
2026-07-15 21:50,162.134,162.140,162.102,162.132
2026-07-15 21:55,162.132,162.138,162.083,162.101
2026-07-15 22:00,162.101,162.144,162.044,162.131
2026-07-15 22:05,162.116,162.152,162.107,162.121
2026-07-15 22:10,162.137,162.150,162.112,162.137
2026-07-15 22:15,162.136,162.139,162.062,162.083
2026-07-15 22:20,162.083,162.101,162.064,162.093
2026-07-15 22:25,162.084,162.100,162.076,162.090
2026-07-15 22:30,162.090,162.118,162.077,162.110
2026-07-15 22:35,162.102,162.128,162.092,162.093
2026-07-15 22:40,162.093,162.111,162.089,162.096
2026-07-15 22:45,162.109,162.118,162.092,162.110
2026-07-15 22:50,162.098,162.141,162.096,162.128
2026-07-15 22:55,162.113,162.140,162.107,162.113
2026-07-15 23:00,162.112,162.124,162.098,162.103
2026-07-15 23:05,162.107,162.118,162.099,162.102
2026-07-15 23:10,162.101,162.115,162.079,162.092
2026-07-15 23:15,162.083,162.100,162.050,162.051
2026-07-15 23:20,162.051,162.085,162.051,162.071
2026-07-15 23:25,162.083,162.093,162.066,162.087
2026-07-15 23:30,162.081,162.098,162.058,162.067
2026-07-15 23:35,162.067,162.080,162.063,162.070
2026-07-15 23:40,162.070,162.089,162.064,162.068
2026-07-15 23:45,162.068,162.075,162.047,162.053
2026-07-15 23:50,162.048,162.069,162.023,162.066
2026-07-15 23:55,162.067,162.079,162.044,162.074
2026-07-16 00:00,162.067,162.128,162.057,162.123
2026-07-16 00:05,162.116,162.131,162.077,162.102
2026-07-16 00:10,162.097,162.104,162.066,162.078
2026-07-16 00:15,162.070,162.085,162.050,162.061
2026-07-16 00:20,162.061,162.102,162.061,162.081
2026-07-16 00:25,162.082,162.085,162.060,162.073
2026-07-16 00:30,162.067,162.128,162.064,162.117
2026-07-16 00:35,162.118,162.126,162.087,162.092
2026-07-16 00:40,162.088,162.098,162.062,162.081
2026-07-16 00:45,162.078,162.092,162.062,162.085
2026-07-16 00:50,162.087,162.155,162.045,162.144
2026-07-16 00:55,162.130,162.143,162.080,162.093
2026-07-16 01:00,162.093,162.103,162.073,162.083
2026-07-16 01:05,162.081,162.095,162.066,162.076
2026-07-16 01:10,162.084,162.092,162.045,162.058
2026-07-16 01:15,162.066,162.101,162.056,162.074
2026-07-16 01:20,162.072,162.080,162.025,162.025
2026-07-16 01:25,162.031,162.052,162.023,162.043
2026-07-16 01:30,162.044,162.065,162.026,162.054
2026-07-16 01:35,162.059,162.083,162.046,162.071
2026-07-16 01:40,162.074,162.080,162.053,162.067
2026-07-16 01:45,162.066,162.076,162.055,162.068
2026-07-16 01:50,162.076,162.104,162.066,162.102
2026-07-16 01:55,162.096,162.119,162.088,162.109
2026-07-16 02:00,162.105,162.122,162.097,162.112
2026-07-16 02:05,162.109,162.139,162.108,162.128
2026-07-16 02:10,162.136,162.168,162.119,162.156
2026-07-16 02:15,162.156,162.169,162.131,162.133
2026-07-16 02:20,162.136,162.143,162.104,162.113
2026-07-16 02:25,162.109,162.121,162.093,162.094
2026-07-16 02:30,162.094,162.130,162.091,162.093
2026-07-16 02:35,162.098,162.144,162.081,162.123
2026-07-16 02:40,162.117,162.144,162.114,162.125
2026-07-16 02:45,162.124,162.144,162.119,162.139
2026-07-16 02:50,162.133,162.154,162.119,162.132
2026-07-16 02:55,162.132,162.166,162.132,162.145
2026-07-16 03:00,162.144,162.160,162.129,162.132
2026-07-16 03:05,162.132,162.145,162.106,162.119
2026-07-16 03:10,162.120,162.132,162.106,162.123
2026-07-16 03:15,162.127,162.128,162.082,162.084
2026-07-16 03:20,162.091,162.105,162.084,162.094
2026-07-16 03:25,162.095,162.104,162.079,162.085
2026-07-16 03:30,162.088,162.097,162.067,162.070
2026-07-16 03:35,162.070,162.079,162.063,162.069
2026-07-16 03:40,162.068,162.099,162.067,162.093
2026-07-16 03:45,162.094,162.104,162.077,162.088
2026-07-16 03:50,162.088,162.103,162.084,162.092
2026-07-16 03:55,162.095,162.105,162.080,162.082
2026-07-16 04:00,162.082,162.106,162.075,162.092
2026-07-16 04:05,162.091,162.111,162.079,162.105
2026-07-16 04:10,162.104,162.126,162.091,162.123
2026-07-16 04:15,162.115,162.132,162.105,162.118
2026-07-16 04:20,162.118,162.127,162.105,162.112
2026-07-16 04:25,162.112,162.139,162.112,162.130
2026-07-16 04:30,162.130,162.142,162.116,162.131
2026-07-16 04:35,162.133,162.140,162.115,162.116
2026-07-16 04:40,162.116,162.126,162.103,162.122
2026-07-16 04:45,162.114,162.123,162.102,162.113
2026-07-16 04:50,162.106,162.116,162.083,162.083
2026-07-16 04:55,162.083,162.103,162.075,162.092
2026-07-16 05:00,162.093,162.107,162.081,162.092
2026-07-16 05:05,162.092,162.107,162.079,162.081
2026-07-16 05:10,162.081,162.104,162.078,162.097
2026-07-16 05:15,162.088,162.108,162.075,162.107
2026-07-16 05:20,162.095,162.119,162.095,162.118
2026-07-16 05:25,162.107,162.121,162.096,162.118
2026-07-16 05:30,162.111,162.129,162.103,162.119
2026-07-16 05:35,162.120,162.142,162.112,162.132
2026-07-16 05:40,162.124,162.137,162.103,162.115
2026-07-16 05:45,162.114,162.124,162.099,162.115
2026-07-16 05:50,162.116,162.132,162.114,162.127
2026-07-16 05:55,162.123,162.182,162.123,162.159
2026-07-16 06:00,162.150,162.172,162.121,162.150
2026-07-16 06:05,162.155,162.164,162.117,162.138
2026-07-16 06:10,162.135,162.155,162.114,162.136
2026-07-16 06:15,162.131,162.171,162.131,162.162
2026-07-16 06:20,162.157,162.172,162.130,162.144
2026-07-16 06:25,162.141,162.157,162.130,162.145
2026-07-16 06:30,162.135,162.176,162.132,162.164
2026-07-16 06:35,162.164,162.174,162.149,162.149
2026-07-16 06:40,162.150,162.163,162.145,162.148
2026-07-16 06:45,162.156,162.160,162.121,162.122
2026-07-16 06:50,162.121,162.158,162.121,162.131
2026-07-16 06:55,162.131,162.138,162.104,162.112
2026-07-16 07:00,162.120,162.129,162.069,162.070
2026-07-16 07:05,162.071,162.088,161.982,162.029
2026-07-16 07:10,162.041,162.071,162.026,162.042
2026-07-16 07:15,162.039,162.066,162.025,162.025
2026-07-16 07:20,162.030,162.033,161.977,162.000
2026-07-16 07:25,162.000,162.091,162.000,162.083
2026-07-16 07:30,162.090,162.096,162.045,162.051
2026-07-16 07:35,162.050,162.088,162.045,162.083
2026-07-16 07:40,162.079,162.098,162.057,162.064
2026-07-16 07:45,162.069,162.078,162.004,162.017
2026-07-16 07:50,162.009,162.063,162.009,162.051
2026-07-16 07:55,162.043,162.099,162.042,162.076
2026-07-16 08:00,162.076,162.097,162.059,162.084
2026-07-16 08:05,162.095,162.132,162.082,162.130
2026-07-16 08:10,162.125,162.156,162.116,162.138
2026-07-16 08:15,162.144,162.149,162.067,162.109
2026-07-16 08:20,162.106,162.129,162.099,162.109
2026-07-16 08:25,162.101,162.130,162.098,162.105
2026-07-16 08:30,162.104,162.116,162.091,162.105
2026-07-16 08:35,162.103,162.126,162.088,162.119
2026-07-16 08:40,162.120,162.146,162.110,162.146
2026-07-16 08:45,162.137,162.156,162.122,162.134
2026-07-16 08:50,162.140,162.168,162.128,162.155
2026-07-16 08:55,162.156,162.179,162.129,162.146
2026-07-16 09:00,162.137,162.172,162.136,162.162
2026-07-16 09:05,162.162,162.168,162.137,162.151
2026-07-16 09:10,162.144,162.155,162.114,162.122
2026-07-16 09:15,162.124,162.127,162.105,162.109
2026-07-16 09:20,162.118,162.140,162.107,162.120
2026-07-16 09:25,162.120,162.146,162.119,162.136
2026-07-16 09:30,162.136,162.184,162.134,162.171
2026-07-16 09:35,162.171,162.196,162.160,162.172
2026-07-16 09:40,162.172,162.195,162.165,162.174
2026-07-16 09:45,162.171,162.182,162.141,162.157
2026-07-16 09:50,162.155,162.174,162.147,162.157
2026-07-16 09:55,162.155,162.176,162.141,162.167
2026-07-16 10:00,162.169,162.184,162.159,162.169
2026-07-16 10:05,162.177,162.192,162.168,162.188
2026-07-16 10:10,162.182,162.194,162.174,162.191
2026-07-16 10:15,162.185,162.192,162.168,162.180
2026-07-16 10:20,162.171,162.182,162.160,162.174
2026-07-16 10:25,162.170,162.183,162.157,162.172
2026-07-16 10:30,162.165,162.184,162.162,162.177
2026-07-16 10:35,162.174,162.185,162.159,162.177
2026-07-16 10:40,162.184,162.184,162.161,162.164
2026-07-16 10:45,162.164,162.179,162.159,162.169
2026-07-16 10:50,162.161,162.183,162.157,162.162
2026-07-16 10:55,162.162,162.169,162.123,162.143
2026-07-16 11:00,162.144,162.159,162.120,162.124
2026-07-16 11:05,162.122,162.132,162.108,162.120
2026-07-16 11:10,162.121,162.150,162.120,162.140
2026-07-16 11:15,162.136,162.163,162.130,162.132
2026-07-16 11:20,162.132,162.164,162.131,162.151
2026-07-16 11:25,162.151,162.185,162.147,162.183
2026-07-16 11:30,162.175,162.192,162.163,162.164
2026-07-16 11:35,162.164,162.183,162.159,162.160
2026-07-16 11:40,162.160,162.182,162.143,162.157
2026-07-16 11:45,162.166,162.229,162.140,162.198
2026-07-16 11:50,162.199,162.233,162.175,162.182
2026-07-16 11:55,162.182,162.189,162.145,162.148
2026-07-16 12:00,162.155,162.181,162.144,162.167
2026-07-16 12:05,162.163,162.194,162.159,162.179
2026-07-16 12:10,162.182,162.199,162.171,162.190
2026-07-16 12:15,162.188,162.208,162.174,162.178
2026-07-16 12:20,162.181,162.216,162.173,162.195
2026-07-16 12:25,162.196,162.210,162.125,162.165
2026-07-16 12:30,162.125,162.232,162.123,162.227
2026-07-16 12:35,162.221,162.255,162.211,162.240
2026-07-16 12:40,162.239,162.283,162.239,162.271
2026-07-16 12:45,162.265,162.293,162.256,162.269
2026-07-16 12:50,162.269,162.284,162.261,162.273
2026-07-16 12:55,162.271,162.301,162.265,162.296
2026-07-16 13:00,162.290,162.317,162.285,162.304
2026-07-16 13:05,162.303,162.308,162.253,162.269
2026-07-16 13:10,162.264,162.274,162.220,162.240
2026-07-16 13:15,162.238,162.269,162.236,162.241
2026-07-16 13:20,162.248,162.264,162.225,162.245
2026-07-16 13:25,162.238,162.251,162.223,162.226
2026-07-16 13:30,162.228,162.235,162.207,162.223
2026-07-16 13:35,162.223,162.255,162.220,162.246
2026-07-16 13:40,162.241,162.272,162.235,162.272
2026-07-16 13:45,162.264,162.297,162.264,162.286
2026-07-16 13:50,162.286,162.315,162.279,162.305
2026-07-16 13:55,162.305,162.348,162.300,162.324
2026-07-16 14:00,162.325,162.335,162.304,162.314
2026-07-16 14:05,162.317,162.372,162.301,162.370
2026-07-16 14:10,162.361,162.402,162.358,162.366
2026-07-16 14:15,162.365,162.383,162.340,162.340
2026-07-16 14:20,162.342,162.390,162.331,162.382
2026-07-16 14:25,162.383,162.401,162.376,162.397
2026-07-16 14:30,162.402,162.402,162.354,162.370
2026-07-16 14:35,162.368,162.399,162.361,162.388
2026-07-16 14:40,162.388,162.428,162.382,162.414
2026-07-16 14:45,162.406,162.428,162.405,162.419
2026-07-16 14:50,162.419,162.443,162.408,162.426
2026-07-16 14:55,162.426,162.453,162.426,162.441
2026-07-16 15:00,162.440,162.477,162.432,162.458
2026-07-16 15:05,162.460,162.476,162.451,162.463
2026-07-16 15:10,162.464,162.465,162.433,162.448
2026-07-16 15:15,162.448,162.450,162.420,162.430
2026-07-16 15:20,162.430,162.450,162.415,162.447
2026-07-16 15:25,162.443,162.458,162.436,162.448
2026-07-16 15:30,162.455,162.466,162.419,162.419
2026-07-16 15:35,162.420,162.446,162.418,162.427
2026-07-16 15:40,162.419,162.433,162.418,162.419
2026-07-16 15:45,162.419,162.437,162.404,162.412
2026-07-16 15:50,162.406,162.425,162.406,162.416
2026-07-16 15:55,162.409,162.428,162.408,162.417
2026-07-16 16:00,162.417,162.442,162.413,162.434
2026-07-16 16:05,162.434,162.455,162.428,162.442
2026-07-16 16:10,162.443,162.461,162.435,162.452
2026-07-16 16:15,162.452,162.489,162.452,162.480
2026-07-16 16:20,162.483,162.508,162.473,162.488
2026-07-16 16:25,162.487,162.546,162.483,162.522
2026-07-16 16:30,162.516,162.522,162.467,162.480
2026-07-16 16:35,162.476,162.498,162.466,162.487
2026-07-16 16:40,162.495,162.515,162.474,162.478
2026-07-16 16:45,162.475,162.492,162.469,162.479
2026-07-16 16:50,162.477,162.481,162.448,162.460
2026-07-16 16:55,162.459,162.485,162.446,162.464
2026-07-16 17:00,162.476,162.506,162.464,162.490
2026-07-16 17:05,162.498,162.505,162.488,162.493
2026-07-16 17:10,162.496,162.503,162.487,162.493
2026-07-16 17:15,162.497,162.500,162.477,162.482
2026-07-16 17:20,162.485,162.487,162.477,162.484
2026-07-16 17:25,162.478,162.496,162.467,162.467
2026-07-16 17:30,162.468,162.475,162.452,162.460
2026-07-16 17:35,162.460,162.487,162.456,162.477
2026-07-16 17:40,162.478,162.484,162.461,162.466
2026-07-16 17:45,162.466,162.473,162.421,162.422
2026-07-16 17:50,162.424,162.443,162.404,162.408
2026-07-16 17:55,162.411,162.417,162.388,162.405
2026-07-16 18:00,162.405,162.415,162.395,162.408
2026-07-16 18:05,162.402,162.425,162.392,162.400
2026-07-16 18:10,162.408,162.416,162.368,162.372
2026-07-16 18:15,162.376,162.391,162.363,162.383
2026-07-16 18:20,162.387,162.403,162.370,162.395
2026-07-16 18:25,162.395,162.414,162.378,162.382
2026-07-16 18:30,162.382,162.405,162.377,162.401
2026-07-16 18:35,162.396,162.414,162.391,162.400
2026-07-16 18:40,162.394,162.402,162.379,162.381
2026-07-16 18:45,162.380,162.402,162.378,162.400
2026-07-16 18:50,162.395,162.406,162.393,162.400
2026-07-16 18:55,162.395,162.402,162.378,162.382
2026-07-16 19:00,162.389,162.393,162.371,162.390
2026-07-16 19:05,162.389,162.407,162.384,162.399
2026-07-16 19:10,162.400,162.413,162.385,162.399
2026-07-16 19:15,162.394,162.414,162.393,162.398
2026-07-16 19:20,162.403,162.423,162.396,162.420
2026-07-16 19:25,162.421,162.433,162.410,162.420
2026-07-16 19:30,162.419,162.427,162.395,162.415
2026-07-16 19:35,162.409,162.420,162.397,162.409
2026-07-16 19:40,162.407,162.418,162.396,162.406
2026-07-16 19:45,162.410,162.415,162.386,162.386
2026-07-16 19:50,162.386,162.395,162.383,162.389
2026-07-16 19:55,162.384,162.402,162.379,162.395
2026-07-16 20:00,162.394,162.406,162.373,162.374
2026-07-16 20:05,162.373,162.396,162.373,162.381
2026-07-16 20:10,162.376,162.394,162.374,162.388
2026-07-16 20:15,162.394,162.394,162.374,162.381
2026-07-16 20:20,162.379,162.395,162.376,162.393
2026-07-16 20:25,162.391,162.399,162.361,162.372
2026-07-16 20:30,162.377,162.389,162.348,162.366
2026-07-16 20:35,162.367,162.367,162.348,162.362
2026-07-16 20:40,162.360,162.369,162.351,162.354
2026-07-16 20:45,162.354,162.380,162.348,162.364
2026-07-16 20:50,162.363,162.373,162.346,162.348
2026-07-16 20:55,162.339,162.385,162.333,162.382
2026-07-16 21:00,162.376,162.425,162.353,162.378
2026-07-16 21:05,162.366,162.387,162.340,162.373
2026-07-16 21:10,162.374,162.378,162.330,162.340
2026-07-16 21:15,162.348,162.360,162.336,162.355
2026-07-16 21:20,162.349,162.358,162.340,162.349
2026-07-16 21:25,162.357,162.360,162.344,162.348
2026-07-16 21:30,162.348,162.357,162.345,162.355
2026-07-16 21:35,162.345,162.357,162.328,162.356
2026-07-16 21:40,162.355,162.389,162.335,162.354
2026-07-16 21:45,162.335,162.363,162.324,162.349
2026-07-16 21:50,162.351,162.355,162.336,162.351
2026-07-16 21:55,162.342,162.354,162.335,162.352
2026-07-16 22:00,162.344,162.383,162.295,162.313
2026-07-16 22:05,162.295,162.343,162.295,162.321
2026-07-16 22:10,162.339,162.340,162.303,162.339
2026-07-16 22:15,162.317,162.344,162.316,162.321
2026-07-16 22:20,162.319,162.360,162.319,162.341
2026-07-16 22:25,162.353,162.359,162.336,162.351
2026-07-16 22:30,162.349,162.357,162.327,162.338
2026-07-16 22:35,162.349,162.358,162.336,162.355
2026-07-16 22:40,162.351,162.370,162.334,162.369
2026-07-16 22:45,162.365,162.373,162.353,162.364
2026-07-16 22:50,162.369,162.371,162.350,162.359
2026-07-16 22:55,162.357,162.373,162.357,162.364
2026-07-16 23:00,162.352,162.361,162.336,162.349
2026-07-16 23:05,162.355,162.371,162.350,162.358
2026-07-16 23:10,162.358,162.371,162.346,162.355
2026-07-16 23:15,162.347,162.358,162.342,162.352
2026-07-16 23:20,162.356,162.358,162.346,162.355
2026-07-16 23:25,162.347,162.355,162.325,162.341
2026-07-16 23:30,162.334,162.343,162.323,162.333
2026-07-16 23:35,162.328,162.335,162.312,162.325
2026-07-16 23:40,162.324,162.344,162.316,162.339
2026-07-16 23:45,162.338,162.346,162.322,162.332
2026-07-16 23:50,162.338,162.360,162.326,162.355
2026-07-16 23:55,162.354,162.395,162.348,162.373
2026-07-17 00:00,162.374,162.398,162.360,162.387
2026-07-17 00:05,162.387,162.416,162.376,162.406
2026-07-17 00:10,162.406,162.425,162.385,162.388
2026-07-17 00:15,162.386,162.418,162.368,162.412
2026-07-17 00:20,162.410,162.430,162.401,162.422
2026-07-17 00:25,162.423,162.424,162.377,162.400
2026-07-17 00:30,162.396,162.423,162.389,162.407
2026-07-17 00:35,162.403,162.411,162.352,162.393
2026-07-17 00:40,162.389,162.409,162.372,162.383
2026-07-17 00:45,162.384,162.411,162.371,162.375
2026-07-17 00:50,162.381,162.456,162.352,162.425
2026-07-17 00:55,162.406,162.432,162.383,162.421
2026-07-17 01:00,162.415,162.438,162.403,162.429
2026-07-17 01:05,162.432,162.452,162.412,162.445
2026-07-17 01:10,162.442,162.466,162.437,162.446
2026-07-17 01:15,162.438,162.448,162.421,162.435
2026-07-17 01:20,162.434,162.447,162.421,162.435
2026-07-17 01:25,162.430,162.447,162.409,162.440
2026-07-17 01:30,162.433,162.446,162.419,162.437
2026-07-17 01:35,162.434,162.460,162.433,162.453
2026-07-17 01:40,162.458,162.468,162.435,162.438
2026-07-17 01:45,162.439,162.461,162.436,162.456
2026-07-17 01:50,162.447,162.474,162.439,162.461
2026-07-17 01:55,162.462,162.475,162.456,162.467
2026-07-17 02:00,162.463,162.469,162.431,162.439
2026-07-17 02:05,162.442,162.454,162.412,162.417
2026-07-17 02:10,162.417,162.447,162.412,162.431
2026-07-17 02:15,162.428,162.442,162.425,162.428
2026-07-17 02:20,162.427,162.431,162.405,162.421
2026-07-17 02:25,162.416,162.434,162.411,162.433
2026-07-17 02:30,162.434,162.440,162.419,162.422
2026-07-17 02:35,162.422,162.434,162.406,162.426
2026-07-17 02:40,162.418,162.427,162.395,162.405
2026-07-17 02:45,162.408,162.421,162.367,162.372
2026-07-17 02:50,162.371,162.388,162.364,162.372
2026-07-17 02:55,162.368,162.378,162.334,162.364
2026-07-17 03:00,162.364,162.386,162.354,162.368
2026-07-17 03:05,162.367,162.375,162.355,162.358
2026-07-17 03:10,162.358,162.376,162.358,162.370
2026-07-17 03:15,162.367,162.376,162.351,162.371
2026-07-17 03:20,162.371,162.381,162.367,162.373
2026-07-17 03:25,162.374,162.391,162.372,162.378
2026-07-17 03:30,162.377,162.392,162.370,162.380
2026-07-17 03:35,162.383,162.392,162.373,162.384
2026-07-17 03:40,162.384,162.398,162.372,162.396
2026-07-17 03:45,162.390,162.411,162.386,162.402
2026-07-17 03:50,162.401,162.409,162.386,162.400
2026-07-17 03:55,162.399,162.407,162.381,162.388
2026-07-17 04:00,162.394,162.397,162.362,162.380
2026-07-17 04:05,162.377,162.410,162.377,162.402
2026-07-17 04:10,162.402,162.415,162.397,162.403
2026-07-17 04:15,162.403,162.423,162.399,162.419
2026-07-17 04:20,162.413,162.423,162.404,162.417
2026-07-17 04:25,162.413,162.424,162.411,162.419
2026-07-17 04:30,162.421,162.425,162.409,162.424
2026-07-17 04:35,162.423,162.431,162.409,162.411
2026-07-17 04:40,162.411,162.423,162.405,162.410
2026-07-17 04:45,162.414,162.420,162.394,162.410
2026-07-17 04:50,162.408,162.422,162.395,162.407
2026-07-17 04:55,162.407,162.420,162.404,162.418
2026-07-17 05:00,162.415,162.422,162.404,162.414
2026-07-17 05:05,162.406,162.421,162.400,162.409
2026-07-17 05:10,162.413,162.442,162.409,162.427
2026-07-17 05:15,162.427,162.445,162.421,162.427
2026-07-17 05:20,162.427,162.441,162.424,162.430
2026-07-17 05:25,162.428,162.443,162.410,162.420
2026-07-17 05:30,162.419,162.420,162.396,162.418
2026-07-17 05:35,162.414,162.419,162.366,162.371
2026-07-17 05:40,162.370,162.390,162.360,162.373
2026-07-17 05:45,162.373,162.397,162.367,162.377
2026-07-17 05:50,162.378,162.392,162.368,162.391
2026-07-17 05:55,162.383,162.411,162.383,162.401
2026-07-17 06:00,162.395,162.406,162.383,162.385
2026-07-17 06:05,162.385,162.423,162.377,162.409
2026-07-17 06:10,162.412,162.420,162.388,162.393
2026-07-17 06:15,162.394,162.403,162.348,162.355
2026-07-17 06:20,162.360,162.369,162.330,162.338
2026-07-17 06:25,162.330,162.365,162.329,162.342
2026-07-17 06:30,162.345,162.371,162.329,162.370
2026-07-17 06:35,162.366,162.393,162.357,162.376
2026-07-17 06:40,162.380,162.396,162.370,162.379
2026-07-17 06:45,162.382,162.391,162.351,162.377
2026-07-17 06:50,162.372,162.383,162.344,162.347
2026-07-17 06:55,162.351,162.359,162.111,162.264
2026-07-17 07:00,162.260,162.265,162.170,162.200
2026-07-17 07:05,162.200,162.225,162.164,162.207
2026-07-17 07:10,162.210,162.228,162.144,162.163
2026-07-17 07:15,162.172,162.198,162.149,162.178
2026-07-17 07:20,162.180,162.215,162.175,162.208
2026-07-17 07:25,162.212,162.241,162.202,162.224
2026-07-17 07:30,162.223,162.248,162.189,162.226
2026-07-17 07:35,162.220,162.250,162.207,162.226
2026-07-17 07:40,162.225,162.259,162.215,162.235
2026-07-17 07:45,162.231,162.247,162.215,162.237
2026-07-17 07:50,162.232,162.254,162.203,162.242
2026-07-17 07:55,162.245,162.292,162.239,162.283
2026-07-17 08:00,162.285,162.296,162.263,162.282
2026-07-17 08:05,162.275,162.314,162.254,162.311
2026-07-17 08:10,162.307,162.382,162.307,162.364
2026-07-17 08:15,162.364,162.382,162.347,162.348
2026-07-17 08:20,162.348,162.384,162.330,162.384
2026-07-17 08:25,162.375,162.423,162.375,162.408
2026-07-17 08:30,162.408,162.419,162.356,162.368
2026-07-17 08:35,162.368,162.380,162.344,162.353
2026-07-17 08:40,162.361,162.377,162.350,162.363
2026-07-17 08:45,162.357,162.392,162.356,162.388
2026-07-17 08:50,162.386,162.401,162.379,162.394
2026-07-17 08:55,162.391,162.392,162.360,162.383
2026-07-17 09:00,162.383,162.427,162.381,162.405
2026-07-17 09:05,162.405,162.416,162.393,162.407
2026-07-17 09:10,162.408,162.450,162.394,162.431
2026-07-17 09:15,162.431,162.452,162.419,162.434
2026-07-17 09:20,162.430,162.453,162.422,162.423
2026-07-17 09:25,162.423,162.435,162.410,162.423
2026-07-17 09:30,162.419,162.453,162.419,162.444
2026-07-17 09:35,162.443,162.444,162.420,162.434
2026-07-17 09:40,162.431,162.440,162.417,162.417
2026-07-17 09:45,162.418,162.426,162.403,162.414
2026-07-17 09:50,162.407,162.419,162.383,162.385
2026-07-17 09:55,162.385,162.398,162.349,162.357
2026-07-17 10:00,162.363,162.377,162.348,162.360
2026-07-17 10:05,162.359,162.386,162.349,162.376
2026-07-17 10:10,162.377,162.395,162.355,162.370
2026-07-17 10:15,162.369,162.392,162.355,162.389
2026-07-17 10:20,162.392,162.406,162.375,162.397
2026-07-17 10:25,162.397,162.419,162.395,162.406
2026-07-17 10:30,162.405,162.416,162.388,162.397
2026-07-17 10:35,162.393,162.403,162.382,162.392
2026-07-17 10:40,162.391,162.399,162.382,162.393
2026-07-17 10:45,162.394,162.398,162.381,162.388
2026-07-17 10:50,162.389,162.408,162.382,162.388
2026-07-17 10:55,162.383,162.389,162.351,162.359
2026-07-17 11:00,162.360,162.360,162.300,162.340
2026-07-17 11:05,162.341,162.372,162.336,162.342
2026-07-17 11:10,162.347,162.360,162.332,162.341
2026-07-17 11:15,162.341,162.363,162.339,162.349
2026-07-17 11:20,162.343,162.362,162.330,162.333
2026-07-17 11:25,162.337,162.352,162.314,162.325
2026-07-17 11:30,162.330,162.346,162.310,162.341
2026-07-17 11:35,162.333,162.344,162.300,162.318
2026-07-17 11:40,162.311,162.325,162.295,162.311
2026-07-17 11:45,162.303,162.331,162.295,162.323
2026-07-17 11:50,162.313,162.338,162.313,162.338
2026-07-17 11:55,162.330,162.368,162.329,162.362
2026-07-17 12:00,162.356,162.362,162.331,162.349
2026-07-17 12:05,162.349,162.364,162.346,162.346
2026-07-17 12:10,162.346,162.369,162.342,162.357
2026-07-17 12:15,162.357,162.369,162.346,162.352
2026-07-17 12:20,162.352,162.365,162.332,162.343
2026-07-17 12:25,162.342,162.354,162.295,162.323
2026-07-17 12:30,162.319,162.373,162.311,162.362
2026-07-17 12:35,162.361,162.374,162.351,162.368
2026-07-17 12:40,162.368,162.391,162.368,162.381
2026-07-17 12:45,162.381,162.406,162.379,162.394
2026-07-17 12:50,162.394,162.419,162.391,162.406
2026-07-17 12:55,162.410,162.416,162.385,162.404
2026-07-17 13:00,162.411,162.439,162.395,162.406
2026-07-17 13:05,162.399,162.420,162.392,162.409
2026-07-17 13:10,162.416,162.422,162.391,162.412
2026-07-17 13:15,162.411,162.441,162.393,162.414
2026-07-17 13:20,162.432,162.444,162.406,162.432
2026-07-17 13:25,162.425,162.435,162.399,162.417
2026-07-17 13:30,162.416,162.443,162.377,162.387
2026-07-17 13:35,162.387,162.397,162.316,162.337
2026-07-17 13:40,162.337,162.370,162.331,162.350
2026-07-17 13:45,162.356,162.391,162.346,162.380
2026-07-17 13:50,162.374,162.404,162.372,162.388
2026-07-17 13:55,162.387,162.397,162.331,162.352
2026-07-17 14:00,162.337,162.380,162.337,162.360
2026-07-17 14:05,162.360,162.369,162.335,162.340
2026-07-17 14:10,162.334,162.359,162.322,162.354
2026-07-17 14:15,162.348,162.372,162.333,162.355
2026-07-17 14:20,162.355,162.385,162.345,162.381
2026-07-17 14:25,162.375,162.405,162.374,162.391
2026-07-17 14:30,162.397,162.403,162.373,162.381
2026-07-17 14:35,162.385,162.392,162.364,162.364
2026-07-17 14:40,162.361,162.384,162.359,162.372
2026-07-17 14:45,162.372,162.382,162.355,162.376
2026-07-17 14:50,162.373,162.401,162.368,162.394
2026-07-17 14:55,162.390,162.412,162.385,162.404
2026-07-17 15:00,162.403,162.424,162.388,162.392
2026-07-17 15:05,162.393,162.399,162.371,162.381
2026-07-17 15:10,162.380,162.393,162.348,162.389
2026-07-17 15:15,162.389,162.389,162.360,162.361
2026-07-17 15:20,162.362,162.371,162.342,162.362
2026-07-17 15:25,162.365,162.367,162.343,162.357
2026-07-17 15:30,162.362,162.394,162.346,162.373
2026-07-17 15:35,162.379,162.405,162.372,162.399
2026-07-17 15:40,162.396,162.423,162.394,162.412
2026-07-17 15:45,162.408,162.427,162.394,162.415
2026-07-17 15:50,162.412,162.427,162.405,162.422
2026-07-17 15:55,162.421,162.440,162.413,162.424
2026-07-17 16:00,162.428,162.496,162.427,162.484
2026-07-17 16:05,162.479,162.493,162.448,162.457
2026-07-17 16:10,162.457,162.472,162.451,162.461
2026-07-17 16:15,162.461,162.494,162.461,162.493
2026-07-17 16:20,162.486,162.495,162.475,162.477
2026-07-17 16:25,162.477,162.488,162.461,162.470
2026-07-17 16:30,162.464,162.493,162.461,162.485
2026-07-17 16:35,162.482,162.500,162.476,162.483
2026-07-17 16:40,162.480,162.494,162.473,162.488
2026-07-17 16:45,162.488,162.519,162.483,162.491
2026-07-17 16:50,162.492,162.500,162.472,162.477
2026-07-17 16:55,162.476,162.482,162.423,162.433
2026-07-17 17:00,162.422,162.448,162.396,162.409
2026-07-17 17:05,162.416,162.436,162.407,162.435
2026-07-17 17:10,162.435,162.459,162.422,162.446
2026-07-17 17:15,162.446,162.476,162.446,162.470
2026-07-17 17:20,162.464,162.477,162.449,162.452
2026-07-17 17:25,162.453,162.463,162.436,162.447
2026-07-17 17:30,162.446,162.462,162.438,162.446
2026-07-17 17:35,162.438,162.463,162.436,162.452
2026-07-17 17:40,162.459,162.467,162.449,162.457
2026-07-17 17:45,162.460,162.472,162.442,162.462
2026-07-17 17:50,162.462,162.473,162.450,162.459
2026-07-17 17:55,162.458,162.468,162.438,162.441
2026-07-17 18:00,162.441,162.461,162.440,162.454
2026-07-17 18:05,162.454,162.457,162.420,162.421
2026-07-17 18:10,162.421,162.444,162.408,162.424
2026-07-17 18:15,162.435,162.458,162.423,162.443
2026-07-17 18:20,162.440,162.458,162.428,162.439
2026-07-17 18:25,162.440,162.449,162.423,162.427
2026-07-17 18:30,162.424,162.448,162.423,162.437
2026-07-17 18:35,162.432,162.443,162.425,162.437
2026-07-17 18:40,162.435,162.445,162.422,162.436
2026-07-17 18:45,162.444,162.447,162.423,162.432
2026-07-17 18:50,162.432,162.442,162.420,162.430
2026-07-17 18:55,162.427,162.446,162.419,162.438
2026-07-17 19:00,162.444,162.448,162.409,162.439
2026-07-17 19:05,162.437,162.445,162.424,162.436
2026-07-17 19:10,162.438,162.450,162.434,162.445
2026-07-17 19:15,162.440,162.465,162.439,162.452
2026-07-17 19:20,162.452,162.464,162.449,162.460
2026-07-17 19:25,162.463,162.475,162.450,162.453
2026-07-17 19:30,162.453,162.461,162.435,162.448
2026-07-17 19:35,162.439,162.471,162.439,162.463
2026-07-17 19:40,162.463,162.472,162.438,162.453
2026-07-17 19:45,162.452,162.470,162.448,162.459
2026-07-17 19:50,162.459,162.465,162.425,162.446
2026-07-17 19:55,162.445,162.456,162.377,162.380
2026-07-17 20:00,162.380,162.397,162.356,162.383
2026-07-17 20:05,162.380,162.409,162.363,162.403
2026-07-17 20:10,162.390,162.408,162.381,162.394
2026-07-17 20:15,162.395,162.424,162.387,162.424
2026-07-17 20:20,162.415,162.436,162.410,162.421
2026-07-17 20:25,162.429,162.445,162.417,162.423
2026-07-17 20:30,162.419,162.430,162.405,162.422
2026-07-17 20:35,162.415,162.434,162.409,162.411
2026-07-17 20:40,162.411,162.426,162.401,162.406
2026-07-17 20:45,162.406,162.430,162.379,162.396
2026-07-17 20:50,162.392,162.411,162.352,162.395
2026-07-17 20:55,162.401,162.421,162.334,162.353
2026-07-19 23:00,162.504,162.524,162.472,162.512
2026-07-19 23:05,162.512,162.526,162.507,162.521
2026-07-19 23:10,162.517,162.536,162.512,162.530
2026-07-19 23:15,162.525,162.536,162.496,162.515
2026-07-19 23:20,162.515,162.535,162.513,162.522
2026-07-19 23:25,162.522,162.537,162.512,162.528
2026-07-19 23:30,162.525,162.537,162.524,162.536
2026-07-19 23:35,162.530,162.548,162.524,162.536
2026-07-19 23:40,162.542,162.544,162.511,162.513
2026-07-19 23:45,162.518,162.534,162.497,162.512
2026-07-19 23:50,162.508,162.547,162.502,162.536
2026-07-19 23:55,162.529,162.546,162.511,162.512
2026-07-20 00:00,162.512,162.538,162.502,162.510
2026-07-20 00:05,162.508,162.526,162.496,162.504
2026-07-20 00:10,162.502,162.518,162.489,162.494
2026-07-20 00:15,162.498,162.499,162.473,162.480
2026-07-20 00:20,162.478,162.487,162.453,162.460
2026-07-20 00:25,162.458,162.476,162.448,162.452
2026-07-20 00:30,162.453,162.463,162.432,162.449
2026-07-20 00:35,162.445,162.464,162.440,162.443
2026-07-20 00:40,162.445,162.447,162.401,162.421
2026-07-20 00:45,162.420,162.424,162.399,162.411
2026-07-20 00:50,162.406,162.416,162.320,162.347
2026-07-20 00:55,162.332,162.361,162.321,162.339
2026-07-20 01:00,162.327,162.340,162.297,162.322
2026-07-20 01:05,162.320,162.351,162.316,162.317
2026-07-20 01:10,162.321,162.352,162.316,162.350
2026-07-20 01:15,162.340,162.376,162.336,162.371
2026-07-20 01:20,162.366,162.413,162.363,162.368
2026-07-20 01:25,162.368,162.399,162.363,162.379
2026-07-20 01:30,162.379,162.383,162.337,162.352
2026-07-20 01:35,162.349,162.377,162.349,162.374
2026-07-20 01:40,162.367,162.388,162.338,162.348
2026-07-20 01:45,162.345,162.385,162.341,162.377
2026-07-20 01:50,162.375,162.388,162.351,162.372
2026-07-20 01:55,162.367,162.377,162.348,162.361
2026-07-20 02:00,162.356,162.373,162.336,162.364
2026-07-20 02:05,162.358,162.364,162.330,162.339
2026-07-20 02:10,162.339,162.358,162.325,162.350
2026-07-20 02:15,162.343,162.357,162.335,162.347
2026-07-20 02:20,162.340,162.358,162.337,162.339
2026-07-20 02:25,162.342,162.350,162.328,162.334
2026-07-20 02:30,162.339,162.350,162.327,162.340
2026-07-20 02:35,162.340,162.361,162.338,162.349
2026-07-20 02:40,162.349,162.363,162.334,162.361
2026-07-20 02:45,162.356,162.362,162.338,162.355
2026-07-20 02:50,162.352,162.363,162.334,162.357
2026-07-20 02:55,162.358,162.374,162.349,162.367
2026-07-20 03:00,162.363,162.375,162.358,162.359
2026-07-20 03:05,162.359,162.369,162.346,162.349
2026-07-20 03:10,162.349,162.367,162.346,162.358
2026-07-20 03:15,162.361,162.380,162.352,162.362
2026-07-20 03:20,162.370,162.378,162.356,162.363
2026-07-20 03:25,162.368,162.378,162.361,162.363
2026-07-20 03:30,162.367,162.371,162.359,162.366
2026-07-20 03:35,162.367,162.372,162.360,162.367
2026-07-20 03:40,162.362,162.368,162.348,162.352
2026-07-20 03:45,162.357,162.366,162.347,162.359
2026-07-20 03:50,162.358,162.367,162.355,162.355
2026-07-20 03:55,162.355,162.373,162.355,162.367
2026-07-20 04:00,162.367,162.384,162.355,162.375
2026-07-20 04:05,162.376,162.386,162.362,162.379
2026-07-20 04:10,162.380,162.384,162.366,162.369
2026-07-20 04:15,162.369,162.380,162.361,162.375
2026-07-20 04:20,162.373,162.381,162.347,162.358
2026-07-20 04:25,162.358,162.372,162.342,162.368
2026-07-20 04:30,162.364,162.369,162.355,162.360
2026-07-20 04:35,162.357,162.370,162.335,162.351
2026-07-20 04:40,162.350,162.356,162.346,162.350
2026-07-20 04:45,162.347,162.357,162.320,162.336
2026-07-20 04:50,162.326,162.346,162.322,162.333
2026-07-20 04:55,162.332,162.343,162.324,162.335
2026-07-20 05:00,162.331,162.342,162.319,162.324
2026-07-20 05:05,162.324,162.336,162.312,162.325
2026-07-20 05:10,162.333,162.347,162.323,162.342
2026-07-20 05:15,162.339,162.347,162.336,162.336
2026-07-20 05:20,162.340,162.347,162.333,162.342
2026-07-20 05:25,162.343,162.362,162.335,162.351
2026-07-20 05:30,162.352,162.358,162.339,162.347
2026-07-20 05:35,162.345,162.354,162.340,162.342
2026-07-20 05:40,162.341,162.348,162.325,162.342
2026-07-20 05:45,162.343,162.361,162.338,162.356
2026-07-20 05:50,162.353,162.361,162.349,162.351
2026-07-20 05:55,162.351,162.375,162.350,162.374
2026-07-20 06:00,162.364,162.386,162.355,162.373
2026-07-20 06:05,162.375,162.394,162.361,162.385
2026-07-20 06:10,162.391,162.409,162.377,162.395
2026-07-20 06:15,162.395,162.404,162.375,162.382
2026-07-20 06:20,162.382,162.399,162.365,162.385
2026-07-20 06:25,162.384,162.398,162.375,162.385
2026-07-20 06:30,162.384,162.393,162.363,162.363
2026-07-20 06:35,162.363,162.390,162.362,162.383
2026-07-20 06:40,162.376,162.384,162.356,162.362
2026-07-20 06:45,162.369,162.380,162.350,162.368
2026-07-20 06:50,162.369,162.399,162.364,162.389
2026-07-20 06:55,162.393,162.416,162.386,162.405
2026-07-20 07:00,162.404,162.415,162.380,162.390
2026-07-20 07:05,162.392,162.429,162.389,162.419
2026-07-20 07:10,162.418,162.449,162.417,162.436
2026-07-20 07:15,162.435,162.453,162.428,162.435
2026-07-20 07:20,162.441,162.448,162.392,162.411
2026-07-20 07:25,162.420,162.427,162.392,162.399
2026-07-20 07:30,162.396,162.405,162.322,162.333
2026-07-20 07:35,162.340,162.362,162.332,162.335
2026-07-20 07:40,162.338,162.352,162.308,162.317
2026-07-20 07:45,162.319,162.358,162.309,162.356
2026-07-20 07:50,162.350,162.363,162.333,162.359
2026-07-20 07:55,162.358,162.375,162.347,162.357
2026-07-20 08:00,162.358,162.374,162.349,162.367
2026-07-20 08:05,162.371,162.375,162.361,162.363
2026-07-20 08:10,162.368,162.379,162.348,162.348
2026-07-20 08:15,162.351,162.354,162.327,162.340
2026-07-20 08:20,162.337,162.363,162.336,162.358
2026-07-20 08:25,162.355,162.375,162.349,162.370
2026-07-20 08:30,162.371,162.378,162.351,162.363
2026-07-20 08:35,162.363,162.375,162.342,162.343
2026-07-20 08:40,162.342,162.362,162.337,162.354
2026-07-20 08:45,162.354,162.369,162.339,162.341
2026-07-20 08:50,162.339,162.370,162.337,162.363
2026-07-20 08:55,162.362,162.372,162.354,162.371
2026-07-20 09:00,162.363,162.388,162.359,162.386
2026-07-20 09:05,162.382,162.404,162.377,162.388
2026-07-20 09:10,162.388,162.401,162.370,162.376
2026-07-20 09:15,162.375,162.394,162.368,162.387
2026-07-20 09:20,162.391,162.396,162.369,162.380
2026-07-20 09:25,162.377,162.406,162.373,162.398
2026-07-20 09:30,162.404,162.417,162.396,162.412
2026-07-20 09:35,162.413,162.420,162.395,162.414
2026-07-20 09:40,162.408,162.420,162.400,162.404
2026-07-20 09:45,162.410,162.422,162.403,162.412
2026-07-20 09:50,162.417,162.425,162.408,162.418
2026-07-20 09:55,162.413,162.436,162.409,162.409
2026-07-20 10:00,162.410,162.429,162.409,162.421
2026-07-20 10:05,162.421,162.430,162.407,162.407
2026-07-20 10:10,162.408,162.419,162.385,162.397
2026-07-20 10:15,162.404,162.406,162.385,162.398
2026-07-20 10:20,162.391,162.403,162.383,162.393
2026-07-20 10:25,162.392,162.403,162.387,162.403
2026-07-20 10:30,162.397,162.407,162.384,162.388
2026-07-20 10:35,162.388,162.398,162.382,162.391
2026-07-20 10:40,162.385,162.404,162.382,162.401
2026-07-20 10:45,162.396,162.403,162.388,162.395
2026-07-20 10:50,162.395,162.404,162.383,162.390
2026-07-20 10:55,162.387,162.406,162.383,162.400
2026-07-20 11:00,162.398,162.405,162.383,162.396
2026-07-20 11:05,162.392,162.407,162.387,162.399
2026-07-20 11:10,162.399,162.428,162.399,162.412
2026-07-20 11:15,162.413,162.425,162.408,162.412
2026-07-20 11:20,162.417,162.425,162.407,162.412
2026-07-20 11:25,162.410,162.421,162.396,162.399
2026-07-20 11:30,162.399,162.406,162.188,162.303
2026-07-20 11:35,162.290,162.332,162.278,162.311
2026-07-20 11:40,162.319,162.326,162.295,162.308
2026-07-20 11:45,162.312,162.345,162.308,162.340
2026-07-20 11:50,162.335,162.347,162.333,162.335
2026-07-20 11:55,162.340,162.355,162.333,162.342
2026-07-20 12:00,162.345,162.410,162.337,162.381
2026-07-20 12:05,162.381,162.393,162.361,162.392
2026-07-20 12:10,162.391,162.405,162.380,162.386
2026-07-20 12:15,162.386,162.406,162.381,162.396
2026-07-20 12:20,162.388,162.429,162.385,162.414
2026-07-20 12:25,162.412,162.431,162.396,162.400
2026-07-20 12:30,162.401,162.416,162.384,162.405
2026-07-20 12:35,162.400,162.405,162.379,162.387
2026-07-20 12:40,162.395,162.420,162.386,162.412
2026-07-20 12:45,162.410,162.415,162.387,162.394
2026-07-20 12:50,162.399,162.409,162.381,162.392
2026-07-20 12:55,162.388,162.414,162.386,162.402
2026-07-20 13:00,162.406,162.424,162.398,162.400
2026-07-20 13:05,162.403,162.428,162.399,162.419
2026-07-20 13:10,162.412,162.426,162.406,162.413
2026-07-20 13:15,162.414,162.425,162.408,162.411
2026-07-20 13:20,162.410,162.420,162.397,162.405
2026-07-20 13:25,162.400,162.420,162.395,162.418
2026-07-20 13:30,162.412,162.425,162.405,162.413
2026-07-20 13:35,162.418,162.421,162.383,162.394
2026-07-20 13:40,162.393,162.421,162.385,162.414
2026-07-20 13:45,162.410,162.420,162.392,162.402
2026-07-20 13:50,162.396,162.417,162.382,162.404
2026-07-20 13:55,162.402,162.478,162.396,162.469
2026-07-20 14:00,162.477,162.490,162.459,162.474
2026-07-20 14:05,162.477,162.546,162.472,162.539
2026-07-20 14:10,162.533,162.566,162.511,162.529
2026-07-20 14:15,162.528,162.536,162.510,162.514
2026-07-20 14:20,162.513,162.552,162.513,162.543
2026-07-20 14:25,162.544,162.556,162.523,162.539
2026-07-20 14:30,162.540,162.577,162.537,162.552
2026-07-20 14:35,162.550,162.573,162.541,162.553
2026-07-20 14:40,162.551,162.589,162.549,162.566
2026-07-20 14:45,162.567,162.583,162.552,162.573
2026-07-20 14:50,162.570,162.587,162.554,162.579
2026-07-20 14:55,162.583,162.587,162.501,162.519
2026-07-20 15:00,162.517,162.565,162.516,162.545
2026-07-20 15:05,162.542,162.572,162.522,162.536
2026-07-20 15:10,162.532,162.575,162.527,162.566
2026-07-20 15:15,162.563,162.577,162.548,162.551
2026-07-20 15:20,162.551,162.563,162.539,162.543
2026-07-20 15:25,162.552,162.564,162.539,162.552
2026-07-20 15:30,162.552,162.579,162.543,162.568
2026-07-20 15:35,162.568,162.587,162.557,162.569
2026-07-20 15:40,162.571,162.587,162.557,162.565
2026-07-20 15:45,162.555,162.574,162.538,162.552
2026-07-20 15:50,162.542,162.574,162.539,162.559
2026-07-20 15:55,162.559,162.573,162.548,162.563
2026-07-20 16:00,162.563,162.600,162.529,162.542
2026-07-20 16:05,162.544,162.553,162.528,162.537
2026-07-20 16:10,162.528,162.541,162.526,162.529
2026-07-20 16:15,162.528,162.551,162.526,162.542
2026-07-20 16:20,162.534,162.550,162.529,162.534
2026-07-20 16:25,162.536,162.562,162.533,162.540
2026-07-20 16:30,162.540,162.553,162.527,162.533
2026-07-20 16:35,162.533,162.546,162.526,162.529
2026-07-20 16:40,162.529,162.578,162.528,162.530
2026-07-20 16:45,162.540,162.555,162.529,162.540
2026-07-20 16:50,162.542,162.556,162.540,162.544
2026-07-20 16:55,162.544,162.553,162.516,162.516
2026-07-20 17:00,162.521,162.531,162.472,162.497
2026-07-20 17:05,162.486,162.500,162.473,162.474
2026-07-20 17:10,162.485,162.510,162.474,162.492
2026-07-20 17:15,162.502,162.503,162.476,162.490
2026-07-20 17:20,162.481,162.497,162.465,162.476
2026-07-20 17:25,162.473,162.481,162.450,162.467
2026-07-20 17:30,162.467,162.480,162.459,162.477
2026-07-20 17:35,162.470,162.494,162.466,162.484
2026-07-20 17:40,162.493,162.494,162.466,162.468
2026-07-20 17:45,162.468,162.481,162.457,162.460
2026-07-20 17:50,162.457,162.476,162.452,162.462
2026-07-20 17:55,162.458,162.475,162.455,162.459
2026-07-20 18:00,162.458,162.469,162.452,162.459
2026-07-20 18:05,162.458,162.469,162.437,162.437
2026-07-20 18:10,162.440,162.451,162.436,162.439
2026-07-20 18:15,162.439,162.451,162.414,162.435
2026-07-20 18:20,162.427,162.485,162.427,162.469
2026-07-20 18:25,162.467,162.480,162.452,162.459
2026-07-20 18:30,162.460,162.492,162.458,162.490
2026-07-20 18:35,162.478,162.495,162.476,162.478
2026-07-20 18:40,162.479,162.504,162.479,162.504
2026-07-20 18:45,162.494,162.519,162.489,162.494
2026-07-20 18:50,162.503,162.522,162.493,162.519
2026-07-20 18:55,162.509,162.534,162.498,162.499
2026-07-20 19:00,162.499,162.513,162.481,162.490
2026-07-20 19:05,162.490,162.504,162.481,162.483
2026-07-20 19:10,162.483,162.513,162.482,162.496
2026-07-20 19:15,162.505,162.512,162.486,162.487
2026-07-20 19:20,162.487,162.501,162.478,162.491
2026-07-20 19:25,162.481,162.501,162.457,162.474
2026-07-20 19:30,162.465,162.481,162.452,162.468
2026-07-20 19:35,162.468,162.490,162.465,162.478
2026-07-20 19:40,162.479,162.500,162.477,162.492
2026-07-20 19:45,162.496,162.501,162.476,162.483
2026-07-20 19:50,162.480,162.484,162.462,162.474
2026-07-20 19:55,162.470,162.517,162.467,162.511
2026-07-20 20:00,162.511,162.523,162.482,162.491
2026-07-20 20:05,162.488,162.513,162.487,162.504
2026-07-20 20:10,162.501,162.515,162.496,162.501
2026-07-20 20:15,162.503,162.529,162.498,162.521
2026-07-20 20:20,162.522,162.524,162.497,162.497
2026-07-20 20:25,162.500,162.517,162.494,162.510
2026-07-20 20:30,162.503,162.515,162.499,162.506
2026-07-20 20:35,162.506,162.517,162.503,162.510
2026-07-20 20:40,162.511,162.531,162.505,162.523
2026-07-20 20:45,162.524,162.532,162.511,162.522
2026-07-20 20:50,162.514,162.531,162.488,162.495
2026-07-20 20:55,162.489,162.507,162.468,162.475
2026-07-20 21:00,162.477,162.477,162.437,162.459
2026-07-20 21:05,162.460,162.474,162.456,162.467
2026-07-20 21:10,162.465,162.467,162.462,162.464
2026-07-20 21:15,162.465,162.477,162.457,162.464
2026-07-20 21:20,162.462,162.473,162.461,162.464
2026-07-20 21:25,162.467,162.503,162.462,162.488
2026-07-20 21:30,162.487,162.510,162.461,162.488
2026-07-20 21:35,162.488,162.505,162.452,162.458
2026-07-20 21:40,162.479,162.492,162.448,162.482
2026-07-20 21:45,162.450,162.493,162.443,162.479
2026-07-20 21:50,162.484,162.494,162.443,162.472
2026-07-20 21:55,162.460,162.487,162.441,162.485
2026-07-20 22:00,162.441,162.509,162.410,162.473
2026-07-20 22:05,162.489,162.503,162.458,162.496
2026-07-20 22:10,162.498,162.507,162.479,162.484
2026-07-20 22:15,162.484,162.505,162.471,162.484
2026-07-20 22:20,162.475,162.498,162.472,162.488
2026-07-20 22:25,162.488,162.494,162.474,162.488
2026-07-20 22:30,162.481,162.503,162.480,162.497
2026-07-20 22:35,162.497,162.509,162.481,162.485
2026-07-20 22:40,162.497,162.517,162.483,162.507
2026-07-20 22:45,162.496,162.506,162.476,162.485
2026-07-20 22:50,162.485,162.502,162.481,162.493
2026-07-20 22:55,162.481,162.504,162.475,162.498
2026-07-20 23:00,162.491,162.509,162.482,162.504
2026-07-20 23:05,162.503,162.505,162.489,162.491
2026-07-20 23:10,162.491,162.505,162.484,162.504
2026-07-20 23:15,162.494,162.504,162.484,162.494
2026-07-20 23:20,162.495,162.509,162.486,162.502
2026-07-20 23:25,162.493,162.504,162.490,162.497
2026-07-20 23:30,162.494,162.508,162.492,162.497
2026-07-20 23:35,162.496,162.502,162.491,162.498
2026-07-20 23:40,162.494,162.504,162.490,162.493
2026-07-20 23:45,162.492,162.507,162.490,162.495
2026-07-20 23:50,162.497,162.507,162.481,162.491
2026-07-20 23:55,162.484,162.500,162.479,162.480
2026-07-21 00:00,162.480,162.494,162.438,162.473
2026-07-21 00:05,162.472,162.490,162.458,162.478
2026-07-21 00:10,162.477,162.492,162.459,162.479
2026-07-21 00:15,162.479,162.499,162.476,162.495
2026-07-21 00:20,162.494,162.512,162.477,162.505
2026-07-21 00:25,162.497,162.512,162.487,162.503
2026-07-21 00:30,162.506,162.532,162.502,162.520
2026-07-21 00:35,162.517,162.536,162.506,162.530
2026-07-21 00:40,162.526,162.531,162.501,162.508
2026-07-21 00:45,162.505,162.517,162.494,162.508
2026-07-21 00:50,162.508,162.532,162.477,162.500
2026-07-21 00:55,162.519,162.536,162.498,162.529
2026-07-21 01:00,162.529,162.537,162.506,162.526
2026-07-21 01:05,162.518,162.527,162.489,162.510
2026-07-21 01:10,162.503,162.517,162.497,162.511
2026-07-21 01:15,162.503,162.518,162.487,162.493
2026-07-21 01:20,162.499,162.517,162.493,162.512
2026-07-21 01:25,162.513,162.516,162.426,162.473
2026-07-21 01:30,162.477,162.503,162.449,162.494
2026-07-21 01:35,162.486,162.526,162.483,162.494
2026-07-21 01:40,162.494,162.505,162.485,162.504
2026-07-21 01:45,162.505,162.511,162.487,162.503
2026-07-21 01:50,162.502,162.523,162.492,162.510
2026-07-21 01:55,162.510,162.522,162.499,162.502
2026-07-21 02:00,162.501,162.526,162.493,162.512
2026-07-21 02:05,162.515,162.522,162.502,162.510
2026-07-21 02:10,162.510,162.516,162.495,162.510
2026-07-21 02:15,162.507,162.515,162.494,162.503
2026-07-21 02:20,162.506,162.511,162.492,162.496
2026-07-21 02:25,162.498,162.506,162.481,162.499
2026-07-21 02:30,162.499,162.506,162.491,162.491
2026-07-21 02:35,162.491,162.502,162.482,162.492
2026-07-21 02:40,162.495,162.502,162.480,162.490
2026-07-21 02:45,162.490,162.502,162.490,162.499
2026-07-21 02:50,162.492,162.501,162.478,162.492
2026-07-21 02:55,162.488,162.501,162.477,162.488
2026-07-21 03:00,162.488,162.508,162.479,162.502
2026-07-21 03:05,162.504,162.515,162.500,162.504
2026-07-21 03:10,162.505,162.517,162.494,162.512
2026-07-21 03:15,162.505,162.515,162.495,162.500
2026-07-21 03:20,162.500,162.507,162.487,162.498
2026-07-21 03:25,162.493,162.508,162.490,162.491
2026-07-21 03:30,162.492,162.497,162.485,162.487
2026-07-21 03:35,162.487,162.500,162.480,162.486
2026-07-21 03:40,162.487,162.491,162.465,162.469
2026-07-21 03:45,162.466,162.477,162.455,162.459
2026-07-21 03:50,162.459,162.476,162.446,162.476
2026-07-21 03:55,162.467,162.487,162.466,162.486
2026-07-21 04:00,162.482,162.491,162.476,162.484
2026-07-21 04:05,162.484,162.490,162.465,162.477
2026-07-21 04:10,162.469,162.486,162.465,162.472
2026-07-21 04:15,162.479,162.484,162.468,162.478
2026-07-21 04:20,162.478,162.482,162.470,162.472
2026-07-21 04:25,162.473,162.484,162.468,162.476
2026-07-21 04:30,162.474,162.496,162.464,162.478
2026-07-21 04:35,162.482,162.498,162.469,162.493
2026-07-21 04:40,162.492,162.500,162.477,162.486
2026-07-21 04:45,162.484,162.492,162.478,162.489
2026-07-21 04:50,162.484,162.495,162.480,162.488
2026-07-21 04:55,162.488,162.495,162.481,162.483
2026-07-21 05:00,162.483,162.492,162.481,162.486
2026-07-21 05:05,162.496,162.506,162.485,162.489
2026-07-21 05:10,162.492,162.517,162.486,162.507
2026-07-21 05:15,162.511,162.517,162.506,162.512
2026-07-21 05:20,162.514,162.527,162.505,162.508
2026-07-21 05:25,162.508,162.517,162.503,162.508
2026-07-21 05:30,162.511,162.515,162.491,162.505
2026-07-21 05:35,162.499,162.508,162.485,162.488
2026-07-21 05:40,162.494,162.496,162.466,162.473
2026-07-21 05:45,162.471,162.491,162.462,162.480
2026-07-21 05:50,162.491,162.517,162.478,162.509
2026-07-21 05:55,162.507,162.519,162.497,162.507
2026-07-21 06:00,162.503,162.513,162.480,162.496
2026-07-21 06:05,162.501,162.515,162.481,162.507
2026-07-21 06:10,162.506,162.527,162.502,162.521
2026-07-21 06:15,162.515,162.523,162.505,162.518
2026-07-21 06:20,162.516,162.528,162.505,162.523
2026-07-21 06:25,162.522,162.529,162.515,162.518
2026-07-21 06:30,162.518,162.546,162.513,162.532
2026-07-21 06:35,162.533,162.545,162.515,162.531
2026-07-21 06:40,162.531,162.554,162.531,162.540
2026-07-21 06:45,162.544,162.559,162.514,162.527
2026-07-21 06:50,162.521,162.534,162.510,162.515
2026-07-21 06:55,162.515,162.540,162.515,162.521
2026-07-21 07:00,162.520,162.546,162.516,162.536
2026-07-21 07:05,162.532,162.548,162.521,162.536
2026-07-21 07:10,162.539,162.565,162.538,162.552
2026-07-21 07:15,162.553,162.581,162.543,162.552
2026-07-21 07:20,162.544,162.580,162.541,162.572
2026-07-21 07:25,162.574,162.590,162.570,162.589
2026-07-21 07:30,162.584,162.601,162.566,162.568
2026-07-21 07:35,162.568,162.576,162.549,162.559
2026-07-21 07:40,162.564,162.591,162.559,162.582
2026-07-21 07:45,162.582,162.595,162.575,162.589
2026-07-21 07:50,162.585,162.614,162.581,162.606
2026-07-21 07:55,162.610,162.618,162.585,162.595
2026-07-21 08:00,162.596,162.616,162.577,162.614
2026-07-21 08:05,162.610,162.635,162.606,162.634
2026-07-21 08:10,162.624,162.647,162.624,162.635
2026-07-21 08:15,162.635,162.671,162.632,162.641
2026-07-21 08:20,162.642,162.655,162.633,162.636
2026-07-21 08:25,162.636,162.678,162.634,162.667
2026-07-21 08:30,162.674,162.695,162.667,162.676
2026-07-21 08:35,162.679,162.696,162.673,162.682
2026-07-21 08:40,162.688,162.690,162.664,162.676
2026-07-21 08:45,162.680,162.696,162.672,162.689
2026-07-21 08:50,162.689,162.700,162.674,162.678
2026-07-21 08:55,162.677,162.688,162.674,162.686
2026-07-21 09:00,162.677,162.696,162.675,162.677
2026-07-21 09:05,162.677,162.683,162.665,162.680
2026-07-21 09:10,162.680,162.695,162.678,162.694
2026-07-21 09:15,162.691,162.696,162.609,162.663
2026-07-21 09:20,162.658,162.675,162.651,162.666
2026-07-21 09:25,162.663,162.684,162.660,162.678
2026-07-21 09:30,162.677,162.693,162.653,162.659
2026-07-21 09:35,162.658,162.679,162.646,162.664
2026-07-21 09:40,162.664,162.674,162.653,162.668
2026-07-21 09:45,162.665,162.671,162.649,162.661
2026-07-21 09:50,162.661,162.682,162.650,162.663
2026-07-21 09:55,162.662,162.684,162.662,162.662
2026-07-21 10:00,162.662,162.681,162.635,162.677
2026-07-21 10:05,162.670,162.687,162.669,162.676
2026-07-21 10:10,162.676,162.683,162.639,162.665
2026-07-21 10:15,162.665,162.678,162.651,162.667
2026-07-21 10:20,162.662,162.665,162.640,162.665
2026-07-21 10:25,162.664,162.664,162.639,162.651
2026-07-21 10:30,162.648,162.679,162.638,162.678
2026-07-21 10:35,162.667,162.696,162.660,162.677
2026-07-21 10:40,162.680,162.701,162.676,162.682
2026-07-21 10:45,162.682,162.705,162.680,162.685
2026-07-21 10:50,162.685,162.706,162.672,162.689
2026-07-21 10:55,162.679,162.693,162.649,162.671
2026-07-21 11:00,162.662,162.703,162.646,162.683
2026-07-21 11:05,162.678,162.728,162.676,162.727
2026-07-21 11:10,162.715,162.745,162.711,162.718
2026-07-21 11:15,162.720,162.746,162.715,162.746
2026-07-21 11:20,162.729,162.754,162.727,162.745
2026-07-21 11:25,162.735,162.751,162.731,162.750
2026-07-21 11:30,162.735,162.757,162.723,162.740
2026-07-21 11:35,162.744,162.758,162.722,162.744
2026-07-21 11:40,162.732,162.753,162.728,162.734
2026-07-21 11:45,162.733,162.751,162.728,162.742
2026-07-21 11:50,162.730,162.758,162.727,162.740
2026-07-21 11:55,162.754,162.758,162.722,162.726
2026-07-21 12:00,162.724,162.758,162.714,162.742
2026-07-21 12:05,162.742,162.756,162.729,162.742
2026-07-21 12:10,162.742,162.757,162.729,162.736
2026-07-21 12:15,162.735,162.758,162.729,162.738
2026-07-21 12:20,162.746,162.777,162.737,162.773
2026-07-21 12:25,162.772,162.797,162.764,162.784
2026-07-21 12:30,162.786,162.799,162.767,162.778
2026-07-21 12:35,162.785,162.798,162.778,162.793
2026-07-21 12:40,162.789,162.801,162.779,162.789
2026-07-21 12:45,162.788,162.789,162.767,162.770
2026-07-21 12:50,162.775,162.781,162.690,162.730
2026-07-21 12:55,162.721,162.745,162.717,162.718
2026-07-21 13:00,162.721,162.767,162.718,162.748
2026-07-21 13:05,162.756,162.767,162.736,162.767
2026-07-21 13:10,162.762,162.767,162.731,162.752
2026-07-21 13:15,162.750,162.796,162.746,162.793
2026-07-21 13:20,162.790,162.804,162.778,162.785
2026-07-21 13:25,162.784,162.803,162.773,162.798
2026-07-21 13:30,162.795,162.809,162.765,162.788
2026-07-21 13:35,162.787,162.826,162.774,162.825
2026-07-21 13:40,162.820,162.837,162.788,162.824
2026-07-21 13:45,162.823,162.842,162.792,162.824
2026-07-21 13:50,162.824,162.894,162.813,162.866
2026-07-21 13:55,162.866,162.890,162.853,162.864
2026-07-21 14:00,162.865,162.884,162.853,162.858
2026-07-21 14:05,162.861,162.928,162.854,162.915
2026-07-21 14:10,162.915,162.926,162.891,162.895
2026-07-21 14:15,162.894,162.926,162.892,162.914
2026-07-21 14:20,162.915,162.919,162.900,162.902
2026-07-21 14:25,162.905,162.951,162.900,162.942
2026-07-21 14:30,162.942,162.989,162.918,162.978
2026-07-21 14:35,162.979,162.989,162.960,162.971
2026-07-21 14:40,162.972,162.977,162.946,162.962
2026-07-21 14:45,162.958,162.983,162.944,162.970
2026-07-21 14:50,162.976,163.042,162.953,162.984
2026-07-21 14:55,162.964,163.041,162.889,163.011
2026-07-21 15:00,163.015,163.020,162.985,162.993
2026-07-21 15:05,162.992,163.001,162.973,162.986
2026-07-21 15:10,162.992,162.993,162.954,162.963
2026-07-21 15:15,162.958,162.963,162.930,162.933
2026-07-21 15:20,162.934,162.952,162.908,162.935
2026-07-21 15:25,162.940,162.966,162.934,162.959
2026-07-21 15:30,162.960,162.992,162.946,162.965
2026-07-21 15:35,162.965,162.984,162.954,162.972
2026-07-21 15:40,162.975,163.019,162.970,163.009
2026-07-21 15:45,163.015,163.030,163.001,163.021
2026-07-21 15:50,163.022,163.038,163.011,163.033
2026-07-21 15:55,163.029,163.034,163.009,163.015
2026-07-21 16:00,163.012,163.028,163.002,163.002
2026-07-21 16:05,163.004,163.016,162.998,163.013
2026-07-21 16:10,163.013,163.019,162.997,163.016
2026-07-21 16:15,163.013,163.022,163.002,163.014
2026-07-21 16:20,163.015,163.030,162.996,163.001
2026-07-21 16:25,162.999,163.006,162.982,162.999
2026-07-21 16:30,162.994,163.005,162.971,162.987
2026-07-21 16:35,162.988,163.002,162.984,162.988
2026-07-21 16:40,162.987,162.996,162.950,162.967
2026-07-21 16:45,162.967,162.998,162.953,162.996
2026-07-21 16:50,162.997,163.009,162.988,163.000
2026-07-21 16:55,163.002,163.009,162.989,163.001
2026-07-21 17:00,163.005,163.010,162.968,162.992
2026-07-21 17:05,162.993,163.016,162.989,163.010
2026-07-21 17:10,163.010,163.018,162.999,163.016
2026-07-21 17:15,163.012,163.019,162.993,163.005
2026-07-21 17:20,162.999,163.007,162.986,162.990
2026-07-21 17:25,162.991,162.994,162.972,162.975
2026-07-21 17:30,162.975,163.003,162.975,162.996
2026-07-21 17:35,162.996,163.007,162.995,162.998
2026-07-21 17:40,162.998,163.016,162.996,162.999
2026-07-21 17:45,163.002,163.019,162.998,163.011
2026-07-21 17:50,163.011,163.016,163.007,163.009
2026-07-21 17:55,163.010,163.030,163.008,163.026
2026-07-21 18:00,163.028,163.100,163.021,163.089
2026-07-21 18:05,163.092,163.221,163.080,163.137
2026-07-21 18:10,163.137,163.147,163.115,163.131
2026-07-21 18:15,163.131,163.157,163.129,163.151
2026-07-21 18:20,163.154,163.179,163.144,163.160
2026-07-21 18:25,163.167,163.167,163.123,163.148
2026-07-21 18:30,163.148,163.178,163.141,163.170
2026-07-21 18:35,163.171,163.191,163.170,163.171
2026-07-21 18:40,163.175,163.233,163.170,163.223
2026-07-21 18:45,163.226,163.234,163.216,163.227
2026-07-21 18:50,163.234,163.237,163.195,163.203
2026-07-21 18:55,163.198,163.216,163.172,163.183
2026-07-21 19:00,163.182,163.204,163.158,163.200
2026-07-21 19:05,163.200,163.209,163.182,163.201
2026-07-21 19:10,163.199,163.221,163.197,163.212
2026-07-21 19:15,163.214,163.217,163.193,163.196
2026-07-21 19:20,163.196,163.196,163.163,163.172
2026-07-21 19:25,163.176,163.182,163.157,163.168
2026-07-21 19:30,163.168,163.176,163.157,163.158
2026-07-21 19:35,163.158,163.206,163.157,163.193
2026-07-21 19:40,163.196,163.204,163.181,163.201
2026-07-21 19:45,163.197,163.205,163.183,163.190
2026-07-21 19:50,163.189,163.202,163.181,163.185
2026-07-21 19:55,163.187,163.211,163.181,163.200
2026-07-21 20:00,163.202,163.230,163.192,163.221
2026-07-21 20:05,163.212,163.225,163.205,163.220
2026-07-21 20:10,163.220,163.228,163.206,163.224
2026-07-21 20:15,163.219,163.234,163.219,163.223
2026-07-21 20:20,163.223,163.239,163.223,163.231
2026-07-21 20:25,163.234,163.238,163.219,163.226
2026-07-21 20:30,163.226,163.238,163.222,163.228
2026-07-21 20:35,163.229,163.236,163.207,163.213
2026-07-21 20:40,163.218,163.219,163.190,163.206
2026-07-21 20:45,163.210,163.219,163.191,163.191
2026-07-21 20:50,163.199,163.203,163.177,163.201
2026-07-21 20:55,163.183,163.218,163.154,163.169
2026-07-21 21:00,163.150,163.180,163.134,163.176
2026-07-21 21:05,163.158,163.175,163.146,163.153
2026-07-21 21:10,163.152,163.173,163.110,163.134
2026-07-21 21:15,163.148,163.167,163.106,163.159
2026-07-21 21:20,163.131,163.176,163.131,163.162
2026-07-21 21:25,163.164,163.182,163.144,163.182
2026-07-21 21:30,163.168,163.182,163.140,163.174
2026-07-21 21:35,163.153,163.174,163.140,163.143
2026-07-21 21:40,163.143,163.161,163.125,163.144
2026-07-21 21:45,163.145,163.155,163.130,163.136
2026-07-21 21:50,163.136,163.155,163.130,163.153
2026-07-21 21:55,163.145,163.156,163.131,163.141
2026-07-21 22:00,163.141,163.194,163.136,163.174
2026-07-21 22:05,163.182,163.193,163.154,163.164
2026-07-21 22:10,163.168,163.192,163.162,163.182
2026-07-21 22:15,163.177,163.195,163.170,163.174
2026-07-21 22:20,163.178,163.193,163.169,163.181
2026-07-21 22:25,163.187,163.194,163.169,163.182
2026-07-21 22:30,163.184,163.195,163.171,163.173
2026-07-21 22:35,163.173,163.192,163.169,163.188
2026-07-21 22:40,163.186,163.198,163.180,163.190
2026-07-21 22:45,163.188,163.197,163.178,163.188
2026-07-21 22:50,163.189,163.209,163.184,163.197
2026-07-21 22:55,163.207,163.215,163.194,163.199
2026-07-21 23:00,163.199,163.223,163.198,163.210
2026-07-21 23:05,163.208,163.220,163.199,163.201
2026-07-21 23:10,163.201,163.215,163.190,163.200
2026-07-21 23:15,163.200,163.217,163.194,163.217
2026-07-21 23:20,163.207,163.224,163.207,163.211
2026-07-21 23:25,163.220,163.228,163.198,163.207
2026-07-21 23:30,163.199,163.208,163.193,163.195
2026-07-21 23:35,163.195,163.211,163.195,163.199
2026-07-21 23:40,163.200,163.220,163.198,163.218
2026-07-21 23:45,163.217,163.219,163.207,163.210
2026-07-21 23:50,163.210,163.218,163.193,163.195
2026-07-21 23:55,163.197,163.209,163.179,163.183
2026-07-22 00:00,163.185,163.195,163.127,163.133
2026-07-22 00:05,163.133,163.207,163.129,163.159
2026-07-22 00:10,163.159,163.179,163.096,163.109
2026-07-22 00:15,163.106,163.130,163.066,163.070
2026-07-22 00:20,163.066,163.084,163.022,163.065
2026-07-22 00:25,163.065,163.101,163.054,163.057
2026-07-22 00:30,163.058,163.082,163.043,163.059
2026-07-22 00:35,163.064,163.129,163.055,163.122
2026-07-22 00:40,163.124,163.147,163.102,163.114
2026-07-22 00:45,163.114,163.160,163.112,163.140
2026-07-22 00:50,163.140,163.174,163.096,163.154
2026-07-22 00:55,163.166,163.184,163.129,163.131
2026-07-22 01:00,163.132,163.161,163.098,163.148
2026-07-22 01:05,163.148,163.157,163.117,163.133
2026-07-22 01:10,163.132,163.148,163.118,163.140
2026-07-22 01:15,163.141,163.165,163.129,163.148
2026-07-22 01:20,163.144,163.184,163.137,163.181
2026-07-22 01:25,163.173,163.187,163.159,163.168
2026-07-22 01:30,163.169,163.204,163.157,163.187
2026-07-22 01:35,163.184,163.197,163.170,163.173
2026-07-22 01:40,163.173,163.185,163.159,163.174
2026-07-22 01:45,163.170,163.180,163.157,163.165
2026-07-22 01:50,163.158,163.175,163.154,163.158
2026-07-22 01:55,163.156,163.167,163.142,163.143
2026-07-22 02:00,163.144,163.180,163.141,163.162
2026-07-22 02:05,163.161,163.169,163.147,163.163
2026-07-22 02:10,163.155,163.169,163.145,163.168
2026-07-22 02:15,163.162,163.170,163.152,163.159
2026-07-22 02:20,163.159,163.165,163.142,163.143
2026-07-22 02:25,163.150,163.151,163.066,163.092
2026-07-22 02:30,163.092,163.107,163.078,163.104
2026-07-22 02:35,163.096,163.112,163.092,163.102
2026-07-22 02:40,163.105,163.108,163.079,163.095
2026-07-22 02:45,163.091,163.131,163.080,163.122
2026-07-22 02:50,163.121,163.131,163.108,163.112
2026-07-22 02:55,163.114,163.124,163.095,163.120
2026-07-22 03:00,163.116,163.146,163.107,163.116
2026-07-22 03:05,163.121,163.155,163.113,163.148
2026-07-22 03:10,163.147,163.156,163.135,163.146
2026-07-22 03:15,163.138,163.151,163.127,163.138
2026-07-22 03:20,163.138,163.155,163.137,163.146
2026-07-22 03:25,163.146,163.153,163.123,163.125
2026-07-22 03:30,163.126,163.141,163.109,163.124
2026-07-22 03:35,163.124,163.145,163.116,163.125
2026-07-22 03:40,163.126,163.142,163.119,163.133
2026-07-22 03:45,163.140,163.156,163.131,163.146
2026-07-22 03:50,163.147,163.168,163.141,163.157
2026-07-22 03:55,163.159,163.168,163.139,163.154
2026-07-22 04:00,163.150,163.165,163.150,163.157
2026-07-22 04:05,163.154,163.170,163.143,163.162
2026-07-22 04:10,163.162,163.197,163.162,163.183
2026-07-22 04:15,163.183,163.189,163.169,163.179
2026-07-22 04:20,163.173,163.196,163.173,163.188
2026-07-22 04:25,163.192,163.194,163.169,163.172
2026-07-22 04:30,163.175,163.183,163.157,163.166
2026-07-22 04:35,163.159,163.176,163.159,163.163
2026-07-22 04:40,163.163,163.167,163.146,163.154
2026-07-22 04:45,163.151,163.167,163.146,163.163
2026-07-22 04:50,163.163,163.173,163.154,163.162
2026-07-22 04:55,163.162,163.181,163.161,163.170
2026-07-22 05:00,163.167,163.178,163.159,163.163
2026-07-22 05:05,163.163,163.174,163.157,163.166
2026-07-22 05:10,163.168,163.172,163.147,163.149
2026-07-22 05:15,163.150,163.170,163.149,163.152
2026-07-22 05:20,163.154,163.161,163.141,163.160
2026-07-22 05:25,163.149,163.174,163.149,163.168
2026-07-22 05:30,163.171,163.188,163.162,163.180
2026-07-22 05:35,163.180,163.186,163.158,163.166
2026-07-22 05:40,163.163,163.170,163.135,163.144
2026-07-22 05:45,163.145,163.161,163.136,163.144
2026-07-22 05:50,163.141,163.166,163.138,163.155
2026-07-22 05:55,163.156,163.165,163.077,163.087
2026-07-22 06:00,163.082,163.095,163.045,163.077
2026-07-22 06:05,163.084,163.094,163.064,163.071
2026-07-22 06:10,163.070,163.086,163.042,163.073
2026-07-22 06:15,163.074,163.122,163.074,163.097
2026-07-22 06:20,163.092,163.106,163.067,163.096
2026-07-22 06:25,163.101,163.125,163.088,163.103
2026-07-22 06:30,163.103,163.122,163.087,163.093
2026-07-22 06:35,163.093,163.143,163.087,163.131
2026-07-22 06:40,163.131,163.145,163.112,163.112
2026-07-22 06:45,163.112,163.125,163.100,163.114
2026-07-22 06:50,163.114,163.138,163.110,163.121
2026-07-22 06:55,163.114,163.129,163.084,163.085
2026-07-22 07:00,163.089,163.111,163.085,163.103
2026-07-22 07:05,163.099,163.116,163.077,163.087
2026-07-22 07:10,163.083,163.100,163.061,163.075
2026-07-22 07:15,163.075,163.111,163.075,163.090
2026-07-22 07:20,163.094,163.125,163.081,163.112
2026-07-22 07:25,163.113,163.137,163.097,163.126
2026-07-22 07:30,163.125,163.133,162.662,162.920
2026-07-22 07:35,162.923,162.958,162.912,162.936
2026-07-22 07:40,162.928,162.951,162.889,162.939
2026-07-22 07:45,162.938,162.977,162.917,162.918
2026-07-22 07:50,162.918,162.943,162.891,162.902
2026-07-22 07:55,162.902,162.951,162.900,162.936
2026-07-22 08:00,162.942,162.966,162.904,162.954
2026-07-22 08:05,162.951,163.059,162.943,163.031
2026-07-22 08:10,163.025,163.059,163.016,163.047
2026-07-22 08:15,163.048,163.113,163.048,163.094
2026-07-22 08:20,163.086,163.107,163.067,163.067
2026-07-22 08:25,163.074,163.085,163.045,163.067
2026-07-22 08:30,163.067,163.076,163.010,163.027
2026-07-22 08:35,163.033,163.036,162.995,163.012
2026-07-22 08:40,163.012,163.041,163.001,163.006
2026-07-22 08:45,163.006,163.035,162.992,163.028
2026-07-22 08:50,163.028,163.038,163.011,163.012
2026-07-22 08:55,163.011,163.022,162.945,162.959
2026-07-22 09:00,162.957,162.983,162.938,162.945
2026-07-22 09:05,162.954,162.976,162.940,162.956
2026-07-22 09:10,162.953,162.992,162.941,162.981
2026-07-22 09:15,162.975,162.995,162.952,162.959
2026-07-22 09:20,162.959,162.994,162.959,162.980
2026-07-22 09:25,162.985,162.990,162.963,162.977
2026-07-22 09:30,162.972,163.007,162.972,162.992
2026-07-22 09:35,162.992,163.009,162.990,163.008
2026-07-22 09:40,163.002,163.029,162.991,162.999
2026-07-22 09:45,162.996,163.022,162.983,163.009
2026-07-22 09:50,163.008,163.052,163.008,163.035
2026-07-22 09:55,163.033,163.052,163.019,163.027
2026-07-22 10:00,163.027,163.056,163.007,163.043
2026-07-22 10:05,163.042,163.071,163.042,163.062
2026-07-22 10:10,163.069,163.077,163.046,163.072
2026-07-22 10:15,163.072,163.077,163.048,163.059
2026-07-22 10:20,163.064,163.067,163.038,163.057
2026-07-22 10:25,163.052,163.059,163.032,163.043
2026-07-22 10:30,163.037,163.055,163.025,163.031
2026-07-22 10:35,163.028,163.038,163.006,163.022
2026-07-22 10:40,163.014,163.052,163.014,163.028
2026-07-22 10:45,163.028,163.044,163.021,163.038
2026-07-22 10:50,163.038,163.065,163.034,163.058
2026-07-22 10:55,163.059,163.067,163.000,163.016
2026-07-22 11:00,163.016,163.036,162.987,163.008
2026-07-22 11:05,163.008,163.023,162.989,162.997
2026-07-22 11:10,162.990,163.020,162.988,163.006
2026-07-22 11:15,163.007,163.038,163.003,163.015
2026-07-22 11:20,163.010,163.035,163.002,163.025
2026-07-22 11:25,163.025,163.044,163.021,163.035
2026-07-22 11:30,163.035,163.043,163.004,163.018
2026-07-22 11:35,163.017,163.037,163.005,163.027
2026-07-22 11:40,163.023,163.067,163.020,163.046
2026-07-22 11:45,163.044,163.057,163.029,163.038
2026-07-22 11:50,163.037,163.076,163.030,163.059
2026-07-22 11:55,163.063,163.080,163.047,163.070
2026-07-22 12:00,163.070,163.073,163.046,163.061
2026-07-22 12:05,163.061,163.079,163.056,163.061
2026-07-22 12:10,163.061,163.070,163.042,163.045
2026-07-22 12:15,163.045,163.063,163.042,163.049
2026-07-22 12:20,163.047,163.076,163.042,163.061
2026-07-22 12:25,163.058,163.076,163.050,163.058
2026-07-22 12:30,163.064,163.066,163.044,163.053
2026-07-22 12:35,163.046,163.066,163.034,163.046
2026-07-22 12:40,163.054,163.060,163.033,163.053
2026-07-22 12:45,163.048,163.077,163.046,163.069
2026-07-22 12:50,163.062,163.083,163.059,163.072
2026-07-22 12:55,163.074,163.136,163.070,163.102
2026-07-22 13:00,163.099,163.108,163.063,163.072
2026-07-22 13:05,163.073,163.095,163.068,163.094
2026-07-22 13:10,163.095,163.107,163.072,163.092
2026-07-22 13:15,163.089,163.109,163.072,163.072
2026-07-22 13:20,163.072,163.097,163.063,163.070
2026-07-22 13:25,163.064,163.082,163.048,163.067
2026-07-22 13:30,163.060,163.073,163.008,163.031
2026-07-22 13:35,163.032,163.043,163.014,163.017
2026-07-22 13:40,163.016,163.036,163.005,163.024
2026-07-22 13:45,163.020,163.054,163.017,163.036
2026-07-22 13:50,163.041,163.056,163.030,163.048
2026-07-22 13:55,163.046,163.088,163.043,163.052
2026-07-22 14:00,163.052,163.069,163.042,163.047
2026-07-22 14:05,163.048,163.085,163.046,163.071
2026-07-22 14:10,163.068,163.079,163.046,163.051
2026-07-22 14:15,163.051,163.067,163.042,163.064
2026-07-22 14:20,163.059,163.074,163.047,163.057
2026-07-22 14:25,163.068,163.082,163.055,163.070
2026-07-22 14:30,163.068,163.081,163.050,163.060
2026-07-22 14:35,163.063,163.075,163.049,163.052
2026-07-22 14:40,163.050,163.067,163.046,163.057
2026-07-22 14:45,163.050,163.057,163.034,163.053
2026-07-22 14:50,163.055,163.081,163.050,163.072
2026-07-22 14:55,163.072,163.120,163.072,163.115
2026-07-22 15:00,163.113,163.117,163.071,163.088
2026-07-22 15:05,163.086,163.105,163.073,163.084
2026-07-22 15:10,163.084,163.100,163.073,163.097
2026-07-22 15:15,163.095,163.122,163.093,163.112
2026-07-22 15:20,163.110,163.119,163.099,163.107
2026-07-22 15:25,163.107,163.115,163.101,163.108
2026-07-22 15:30,163.104,163.125,163.099,163.114
2026-07-22 15:35,163.113,163.133,163.111,163.120
2026-07-22 15:40,163.116,163.126,163.091,163.104
2026-07-22 15:45,163.100,163.117,163.077,163.080
2026-07-22 15:50,163.085,163.100,163.062,163.094
2026-07-22 15:55,163.098,163.108,163.069,163.079
2026-07-22 16:00,163.076,163.083,163.060,163.075
2026-07-22 16:05,163.073,163.097,163.071,163.088
2026-07-22 16:10,163.088,163.107,163.086,163.105
2026-07-22 16:15,163.100,163.126,163.091,163.107
2026-07-22 16:20,163.104,163.117,163.096,163.097
2026-07-22 16:25,163.099,163.110,163.081,163.090
2026-07-22 16:30,163.090,163.107,163.075,163.102
2026-07-22 16:35,163.101,163.116,163.096,163.104
2026-07-22 16:40,163.105,163.113,163.097,163.104
2026-07-22 16:45,163.103,163.114,163.093,163.098
2026-07-22 16:50,163.093,163.105,163.089,163.096
2026-07-22 16:55,163.097,163.111,163.088,163.110
2026-07-22 17:00,163.106,163.125,163.101,163.113
2026-07-22 17:05,163.112,163.127,163.106,163.120
2026-07-22 17:10,163.119,163.136,163.116,163.130
2026-07-22 17:15,163.130,163.138,163.116,163.133
2026-07-22 17:20,163.133,163.145,163.126,163.139
2026-07-22 17:25,163.142,163.147,163.126,163.132
2026-07-22 17:30,163.135,163.150,163.127,163.144
2026-07-22 17:35,163.145,163.165,163.142,163.160
2026-07-22 17:40,163.162,163.178,163.153,163.157
2026-07-22 17:45,163.157,163.165,163.149,163.158
2026-07-22 17:50,163.158,163.165,163.141,163.154
2026-07-22 17:55,163.154,163.164,163.141,163.156
2026-07-22 18:00,163.153,163.171,163.148,163.165
2026-07-22 18:05,163.167,163.174,163.141,163.150
2026-07-22 18:10,163.155,163.160,163.145,163.157
2026-07-22 18:15,163.150,163.171,163.147,163.147
2026-07-22 18:20,163.150,163.157,163.121,163.123
2026-07-22 18:25,163.127,163.140,163.121,163.126
2026-07-22 18:30,163.124,163.137,163.119,163.124
2026-07-22 18:35,163.125,163.130,163.108,163.109
2026-07-22 18:40,163.108,163.129,163.108,163.116
2026-07-22 18:45,163.118,163.123,163.100,163.116
2026-07-22 18:50,163.116,163.132,163.114,163.120
2026-07-22 18:55,163.119,163.139,163.118,163.123
2026-07-22 19:00,163.127,163.142,163.113,163.115
2026-07-22 19:05,163.116,163.136,163.112,163.127
2026-07-22 19:10,163.127,163.146,163.126,163.138
2026-07-22 19:15,163.145,163.145,163.125,163.132
2026-07-22 19:20,163.134,163.140,163.124,163.127
2026-07-22 19:25,163.132,163.147,163.127,163.141
2026-07-22 19:30,163.138,163.150,163.127,163.138
2026-07-22 19:35,163.138,163.151,163.136,163.151
2026-07-22 19:40,163.148,163.153,163.141,163.149
2026-07-22 19:45,163.145,163.153,163.141,163.148
2026-07-22 19:50,163.146,163.161,163.141,163.155
2026-07-22 19:55,163.153,163.160,163.135,163.147
2026-07-22 20:00,163.148,163.153,163.127,163.146
2026-07-22 20:05,163.146,163.152,163.129,163.129
2026-07-22 20:10,163.129,163.149,163.129,163.143
2026-07-22 20:15,163.142,163.152,163.132,163.142
2026-07-22 20:20,163.144,163.154,163.137,163.146
2026-07-22 20:25,163.146,163.154,163.136,163.142
2026-07-22 20:30,163.142,163.152,163.136,163.144
2026-07-22 20:35,163.139,163.152,163.136,163.145
2026-07-22 20:40,163.143,163.152,163.134,163.151
2026-07-22 20:45,163.138,163.166,163.138,163.165
2026-07-22 20:50,163.166,163.166,163.145,163.149
2026-07-22 20:55,163.158,163.165,163.127,163.131
2026-07-22 21:00,163.116,163.129,163.072,163.076
2026-07-22 21:05,163.096,163.102,163.077,163.097
2026-07-22 21:10,163.096,163.123,163.065,163.065
2026-07-22 21:15,163.102,163.116,163.065,163.094
2026-07-22 21:20,163.100,163.107,163.067,163.102
2026-07-22 21:25,163.103,163.109,163.080,163.088
2026-07-22 21:30,163.110,163.110,163.059,163.100
2026-07-22 21:35,163.101,163.117,163.054,163.088
2026-07-22 21:40,163.089,163.108,163.058,163.058
2026-07-22 21:45,163.058,163.110,163.056,163.099
2026-07-22 21:50,163.089,163.123,163.055,163.100
2026-07-22 21:55,163.102,163.120,163.056,163.089
2026-07-22 22:00,163.081,163.132,163.071,163.072
2026-07-22 22:05,163.100,163.111,163.051,163.081
2026-07-22 22:10,163.102,163.112,163.069,163.092
2026-07-22 22:15,163.072,163.104,163.064,163.079
2026-07-22 22:20,163.095,163.103,163.076,163.080
2026-07-22 22:25,163.092,163.106,163.078,163.101
2026-07-22 22:30,163.098,163.122,163.084,163.110
2026-07-22 22:35,163.112,163.128,163.096,163.122
2026-07-22 22:40,163.110,163.152,163.109,163.116
2026-07-22 22:45,163.124,163.130,163.110,163.111
2026-07-22 22:50,163.111,163.124,163.100,163.101
2026-07-22 22:55,163.109,163.121,163.098,163.120
2026-07-22 23:00,163.106,163.115,163.081,163.097
2026-07-22 23:05,163.097,163.117,163.090,163.105
2026-07-22 23:10,163.105,163.125,163.102,163.107
2026-07-22 23:15,163.107,163.118,163.088,163.089
2026-07-22 23:20,163.095,163.113,163.087,163.112
2026-07-22 23:25,163.104,163.116,163.099,163.102
2026-07-22 23:30,163.107,163.115,163.093,163.098
2026-07-22 23:35,163.094,163.104,163.088,163.098
2026-07-22 23:40,163.093,163.107,163.088,163.095
2026-07-22 23:45,163.094,163.104,163.089,163.102
2026-07-22 23:50,163.094,163.113,163.092,163.097
2026-07-22 23:55,163.097,163.113,163.081,163.081
2026-07-23 00:00,163.081,163.102,163.058,163.077
2026-07-23 00:05,163.079,163.106,163.075,163.095
2026-07-23 00:10,163.094,163.106,163.082,163.094
2026-07-23 00:15,163.102,163.114,163.090,163.106
2026-07-23 00:20,163.098,163.115,163.075,163.081
2026-07-23 00:25,163.083,163.103,163.078,163.095
2026-07-23 00:30,163.094,163.107,163.086,163.097
2026-07-23 00:35,163.101,163.105,163.086,163.090
2026-07-23 00:40,163.088,163.103,163.081,163.089
2026-07-23 00:45,163.092,163.123,163.088,163.116
2026-07-23 00:50,163.115,163.140,163.050,163.072
2026-07-23 00:55,163.065,163.100,163.036,163.046
2026-07-23 01:00,163.046,163.087,163.018,163.081
2026-07-23 01:05,163.078,163.087,163.051,163.059
2026-07-23 01:10,163.058,163.073,163.022,163.061
2026-07-23 01:15,163.067,163.074,163.042,163.057
2026-07-23 01:20,163.062,163.073,163.055,163.068
2026-07-23 01:25,163.069,163.073,163.051,163.067
2026-07-23 01:30,163.068,163.069,163.028,163.028
2026-07-23 01:35,163.028,163.037,162.993,163.015
2026-07-23 01:40,163.018,163.027,162.987,163.016
2026-07-23 01:45,163.027,163.051,163.019,163.045
2026-07-23 01:50,163.040,163.057,163.034,163.038
2026-07-23 01:55,163.046,163.066,163.033,163.064
2026-07-23 02:00,163.052,163.077,163.051,163.069
2026-07-23 02:05,163.063,163.077,163.042,163.061
2026-07-23 02:10,163.052,163.070,163.050,163.056
2026-07-23 02:15,163.060,163.066,163.049,163.060
2026-07-23 02:20,163.056,163.065,163.040,163.051
2026-07-23 02:25,163.061,163.077,163.049,163.064
2026-07-23 02:30,163.064,163.085,163.053,163.076
2026-07-23 02:35,163.077,163.100,163.066,163.088
2026-07-23 02:40,163.080,163.092,163.067,163.072
2026-07-23 02:45,163.074,163.087,163.055,163.056
2026-07-23 02:50,163.056,163.076,163.056,163.067
2026-07-23 02:55,163.067,163.075,163.056,163.064
2026-07-23 03:00,163.069,163.078,163.054,163.068
2026-07-23 03:05,163.064,163.082,163.062,163.064
2026-07-23 03:10,163.065,163.086,163.055,163.078
2026-07-23 03:15,163.079,163.086,163.055,163.058
2026-07-23 03:20,163.062,163.076,163.054,163.059
2026-07-23 03:25,163.056,163.062,163.038,163.052
2026-07-23 03:30,163.056,163.063,163.040,163.049
2026-07-23 03:35,163.048,163.064,163.041,163.050
2026-07-23 03:40,163.050,163.061,163.035,163.043
2026-07-23 03:45,163.047,163.060,163.038,163.042
2026-07-23 03:50,163.042,163.054,163.035,163.044
2026-07-23 03:55,163.043,163.054,163.026,163.043
2026-07-23 04:00,163.039,163.056,163.035,163.052
2026-07-23 04:05,163.053,163.060,163.022,163.028
2026-07-23 04:10,163.033,163.058,163.028,163.047
2026-07-23 04:15,163.051,163.061,163.046,163.056
2026-07-23 04:20,163.054,163.062,163.047,163.052
2026-07-23 04:25,163.053,163.057,163.036,163.038
2026-07-23 04:30,163.038,163.058,163.037,163.054
2026-07-23 04:35,163.053,163.055,163.037,163.053
2026-07-23 04:40,163.052,163.062,163.045,163.045
2026-07-23 04:45,163.052,163.072,163.045,163.063
2026-07-23 04:50,163.068,163.079,163.056,163.068
2026-07-23 04:55,163.070,163.084,163.062,163.072
2026-07-23 05:00,163.066,163.082,163.060,163.074
2026-07-23 05:05,163.077,163.086,163.071,163.083
2026-07-23 05:10,163.078,163.086,163.072,163.074
2026-07-23 05:15,163.074,163.106,163.072,163.098
2026-07-23 05:20,163.096,163.109,163.089,163.096
2026-07-23 05:25,163.093,163.106,163.086,163.088
2026-07-23 05:30,163.090,163.096,163.075,163.080
2026-07-23 05:35,163.083,163.088,163.062,163.074
2026-07-23 05:40,163.075,163.092,163.066,163.084
2026-07-23 05:45,163.079,163.092,163.075,163.081
2026-07-23 05:50,163.084,163.100,163.076,163.096
2026-07-23 05:55,163.093,163.110,163.088,163.109
2026-07-23 06:00,163.104,163.120,163.088,163.099
2026-07-23 06:05,163.102,163.116,163.091,163.094
2026-07-23 06:10,163.101,163.102,163.066,163.071
2026-07-23 06:15,163.071,163.100,163.070,163.083
2026-07-23 06:20,163.081,163.091,163.069,163.079
2026-07-23 06:25,163.077,163.093,163.064,163.067
2026-07-23 06:30,163.067,163.086,163.063,163.076
2026-07-23 06:35,163.068,163.089,163.065,163.083
2026-07-23 06:40,163.083,163.098,163.076,163.083
2026-07-23 06:45,163.089,163.097,163.081,163.082
2026-07-23 06:50,163.083,163.107,163.079,163.095
2026-07-23 06:55,163.087,163.116,163.087,163.104
2026-07-23 07:00,163.104,163.153,163.104,163.141
2026-07-23 07:05,163.142,163.156,163.128,163.142
2026-07-23 07:10,163.140,163.150,163.125,163.128
2026-07-23 07:15,163.128,163.155,163.128,163.144
2026-07-23 07:20,163.150,163.158,163.139,163.149
2026-07-23 07:25,163.147,163.173,163.141,163.162
2026-07-23 07:30,163.162,163.177,163.155,163.160
2026-07-23 07:35,163.162,163.188,163.157,163.180
2026-07-23 07:40,163.185,163.264,163.175,163.226
2026-07-23 07:45,163.230,163.343,163.223,163.303
2026-07-23 07:50,163.299,163.417,163.297,163.401
2026-07-23 07:55,163.402,163.427,163.184,163.312
2026-07-23 08:00,163.311,163.364,163.278,163.354
2026-07-23 08:05,163.354,163.366,163.325,163.327
2026-07-23 08:10,163.327,163.398,163.326,163.376
2026-07-23 08:15,163.384,163.391,163.355,163.367
2026-07-23 08:20,163.367,163.400,163.363,163.383
2026-07-23 08:25,163.376,163.401,163.368,163.397
2026-07-23 08:30,163.391,163.426,163.389,163.402
2026-07-23 08:35,163.402,163.425,163.393,163.412
2026-07-23 08:40,163.411,163.441,163.365,163.390
2026-07-23 08:45,163.390,163.401,163.329,163.351
2026-07-23 08:50,163.350,163.375,163.341,163.365
2026-07-23 08:55,163.365,163.382,163.334,163.334
2026-07-23 09:00,163.330,163.357,163.296,163.296
2026-07-23 09:05,163.296,163.336,163.283,163.333
2026-07-23 09:10,163.327,163.364,163.325,163.356
2026-07-23 09:15,163.356,163.371,163.333,163.362
2026-07-23 09:20,163.356,163.383,163.347,163.376
2026-07-23 09:25,163.376,163.397,163.370,163.375
2026-07-23 09:30,163.371,163.382,163.352,163.355
2026-07-23 09:35,163.357,163.364,163.339,163.339
2026-07-23 09:40,163.339,163.355,163.314,163.334
2026-07-23 09:45,163.337,163.368,163.328,163.361
2026-07-23 09:50,163.364,163.377,163.351,163.355
2026-07-23 09:55,163.355,163.381,163.354,163.371
2026-07-23 10:00,163.368,163.378,163.352,163.364
2026-07-23 10:05,163.365,163.384,163.354,163.375
2026-07-23 10:10,163.372,163.383,163.350,163.359
2026-07-23 10:15,163.354,163.366,163.340,163.360
2026-07-23 10:20,163.360,163.370,163.346,163.356
2026-07-23 10:25,163.357,163.371,163.348,163.356
2026-07-23 10:30,163.356,163.364,163.343,163.347
2026-07-23 10:35,163.350,163.373,163.345,163.366
2026-07-23 10:40,163.363,163.375,163.351,163.356
2026-07-23 10:45,163.353,163.382,163.353,163.362
2026-07-23 10:50,163.369,163.379,163.349,163.359
2026-07-23 10:55,163.351,163.377,163.350,163.368
2026-07-23 11:00,163.368,163.382,163.364,163.369
2026-07-23 11:05,163.368,163.375,163.354,163.371
2026-07-23 11:10,163.368,163.373,163.352,163.354
2026-07-23 11:15,163.358,163.384,163.355,163.379
2026-07-23 11:20,163.384,163.402,163.378,163.394
2026-07-23 11:25,163.395,163.426,163.393,163.413
2026-07-23 11:30,163.414,163.446,163.408,163.427
2026-07-23 11:35,163.428,163.528,163.428,163.512
2026-07-23 11:40,163.511,163.648,163.508,163.580
2026-07-23 11:45,163.580,163.592,163.299,163.475
2026-07-23 11:50,163.486,163.492,163.406,163.492
2026-07-23 11:55,163.489,163.507,163.457,163.482
2026-07-23 12:00,163.490,163.514,163.475,163.483
2026-07-23 12:05,163.476,163.500,163.447,163.455
2026-07-23 12:10,163.460,163.495,163.451,163.470
2026-07-23 12:15,163.467,163.518,163.459,163.485
2026-07-23 12:20,163.485,163.573,163.485,163.558
2026-07-23 12:25,163.565,163.594,163.552,163.558
2026-07-23 12:30,163.569,163.619,163.567,163.595
2026-07-23 12:35,163.595,163.690,163.588,163.667
2026-07-23 12:40,163.668,163.758,163.667,163.704
2026-07-23 12:45,163.704,163.723,163.671,163.677
2026-07-23 12:50,163.677,163.707,163.663,163.672
2026-07-23 12:55,163.668,163.690,163.645,163.666
2026-07-23 13:00,163.674,163.751,163.659,163.729
2026-07-23 13:05,163.732,163.799,163.722,163.790
2026-07-23 13:10,163.789,163.850,163.772,163.805
2026-07-23 13:15,163.807,163.826,163.768,163.782
2026-07-23 13:20,163.787,163.822,163.768,163.809
2026-07-23 13:25,163.814,163.817,163.771,163.784
2026-07-23 13:30,163.788,163.793,163.737,163.746
2026-07-23 13:35,163.746,163.791,163.729,163.779
2026-07-23 13:40,163.781,163.845,163.775,163.845
2026-07-23 13:45,163.837,163.887,163.836,163.859
2026-07-23 13:50,163.858,163.895,163.837,163.878
2026-07-23 13:55,163.877,163.965,163.864,163.958
2026-07-23 14:00,163.963,163.963,163.886,163.938
2026-07-23 14:05,163.938,163.946,163.914,163.928
2026-07-23 14:10,163.927,163.941,163.875,163.894
2026-07-23 14:15,163.893,163.946,163.866,163.938
2026-07-23 14:20,163.930,163.949,163.899,163.899
2026-07-23 14:25,163.899,163.943,163.899,163.930
2026-07-23 14:30,163.930,163.953,163.914,163.932
2026-07-23 14:35,163.928,163.947,163.888,163.905
2026-07-23 14:40,163.907,163.939,163.901,163.930
2026-07-23 14:45,163.932,163.976,163.929,163.973
2026-07-23 14:50,163.966,163.977,163.940,163.954
2026-07-23 14:55,163.960,163.988,163.916,163.918
2026-07-23 15:00,163.917,163.954,163.859,163.863
2026-07-23 15:05,163.866,163.903,163.843,163.883
2026-07-23 15:10,163.881,163.896,163.845,163.852
2026-07-23 15:15,163.857,163.886,163.845,163.875
2026-07-23 15:20,163.878,163.881,163.769,163.837
2026-07-23 15:25,163.837,163.870,163.807,163.868
2026-07-23 15:30,163.869,163.915,163.850,163.875
2026-07-23 15:35,163.877,163.911,163.807,163.814
2026-07-23 15:40,163.818,163.833,163.785,163.819
2026-07-23 15:45,163.815,163.843,163.810,163.828
2026-07-23 15:50,163.830,163.837,163.795,163.800
2026-07-23 15:55,163.797,163.831,163.781,163.800
2026-07-23 16:00,163.799,163.823,163.787,163.815
2026-07-23 16:05,163.815,163.835,163.811,163.815
2026-07-23 16:10,163.815,163.823,163.773,163.783
2026-07-23 16:15,163.782,163.831,163.758,163.815
2026-07-23 16:20,163.815,163.820,163.781,163.785
2026-07-23 16:25,163.785,163.794,163.736,163.738
2026-07-23 16:30,163.737,163.782,163.713,163.776
2026-07-23 16:35,163.773,163.797,163.759,163.773
2026-07-23 16:40,163.773,163.781,163.743,163.750
2026-07-23 16:45,163.753,163.780,163.745,163.751
2026-07-23 16:50,163.757,163.774,163.744,163.774
2026-07-23 16:55,163.768,163.776,163.757,163.764
2026-07-23 17:00,163.764,163.789,163.723,163.731
2026-07-23 17:05,163.729,163.763,163.710,163.750
2026-07-23 17:10,163.747,163.769,163.746,163.768
2026-07-23 17:15,163.761,163.778,163.746,163.752
2026-07-23 17:20,163.749,163.772,163.734,163.760
2026-07-23 17:25,163.766,163.785,163.757,163.779
2026-07-23 17:30,163.773,163.796,163.772,163.786
2026-07-23 17:35,163.786,163.808,163.783,163.792
2026-07-23 17:40,163.788,163.805,163.773,163.805
2026-07-23 17:45,163.801,163.824,163.799,163.811
2026-07-23 17:50,163.819,163.822,163.798,163.807
2026-07-23 17:55,163.809,163.844,163.806,163.841
2026-07-23 18:00,163.839,163.847,163.816,163.829
2026-07-23 18:05,163.826,163.836,163.814,163.823
2026-07-23 18:10,163.822,163.824,163.798,163.803
2026-07-23 18:15,163.803,163.811,163.785,163.798
2026-07-23 18:20,163.797,163.810,163.787,163.799
2026-07-23 18:25,163.806,163.809,163.774,163.793
2026-07-23 18:30,163.787,163.794,163.771,163.780
2026-07-23 18:35,163.788,163.811,163.774,163.804
2026-07-23 18:40,163.809,163.818,163.783,163.790
2026-07-23 18:45,163.791,163.806,163.785,163.799
2026-07-23 18:50,163.799,163.811,163.796,163.803
2026-07-23 18:55,163.805,163.820,163.786,163.797
2026-07-23 19:00,163.803,163.808,163.771,163.796
2026-07-23 19:05,163.788,163.808,163.785,163.802
2026-07-23 19:10,163.800,163.820,163.796,163.820
2026-07-23 19:15,163.813,163.833,163.808,163.825
2026-07-23 19:20,163.828,163.837,163.815,163.823
2026-07-23 19:25,163.823,163.836,163.800,163.803
2026-07-23 19:30,163.805,163.818,163.764,163.810
2026-07-23 19:35,163.810,163.823,163.808,163.813
2026-07-23 19:40,163.815,163.844,163.812,163.838
2026-07-23 19:45,163.842,163.857,163.833,163.838
2026-07-23 19:50,163.839,163.844,163.824,163.829
2026-07-23 19:55,163.827,163.834,163.801,163.819
2026-07-23 20:00,163.817,163.826,163.796,163.798
2026-07-23 20:05,163.797,163.818,163.795,163.801
2026-07-23 20:10,163.800,163.824,163.792,163.822
2026-07-23 20:15,163.821,163.833,163.811,163.815
2026-07-23 20:20,163.814,163.839,163.809,163.829
2026-07-23 20:25,163.830,163.840,163.809,163.819
2026-07-23 20:30,163.820,163.864,163.812,163.863
2026-07-23 20:35,163.863,163.864,163.851,163.855
2026-07-23 20:40,163.859,163.877,163.848,163.864
2026-07-23 20:45,163.869,163.876,163.849,163.859
2026-07-23 20:50,163.857,163.872,163.842,163.843
2026-07-23 20:55,163.843,163.865,163.822,163.853
2026-07-23 21:00,163.814,163.916,163.813,163.820
2026-07-23 21:05,163.811,163.827,163.799,163.825
2026-07-23 21:10,163.818,163.827,163.803,163.811
2026-07-23 21:15,163.810,163.854,163.806,163.838
2026-07-23 21:20,163.811,163.857,163.811,163.822
2026-07-23 21:25,163.816,163.855,163.814,163.819
2026-07-23 21:30,163.819,163.839,163.789,163.823
2026-07-23 21:35,163.822,163.829,163.780,163.781
2026-07-23 21:40,163.806,163.818,163.750,163.801
2026-07-23 21:45,163.783,163.802,163.735,163.749
2026-07-23 21:50,163.762,163.784,163.737,163.762
2026-07-23 21:55,163.783,163.798,163.745,163.779
2026-07-23 22:00,163.783,163.845,163.740,163.810
2026-07-23 22:05,163.827,163.838,163.798,163.832
2026-07-23 22:10,163.828,163.844,163.813,163.818
2026-07-23 22:15,163.830,163.837,163.818,163.822
2026-07-23 22:20,163.822,163.841,163.816,163.818
2026-07-23 22:25,163.828,163.849,163.820,163.847
2026-07-23 22:30,163.840,163.851,163.828,163.829
2026-07-23 22:35,163.829,163.847,163.811,163.828
2026-07-23 22:40,163.833,163.835,163.815,163.817
2026-07-23 22:45,163.818,163.847,163.816,163.846
2026-07-23 22:50,163.827,163.849,163.820,163.848
2026-07-23 22:55,163.831,163.850,163.829,163.844
2026-07-23 23:00,163.836,163.851,163.833,163.849
2026-07-23 23:05,163.838,163.851,163.835,163.843
2026-07-23 23:10,163.836,163.850,163.826,163.827
2026-07-23 23:15,163.827,163.839,163.819,163.833
2026-07-23 23:20,163.828,163.834,163.819,163.828
2026-07-23 23:25,163.822,163.832,163.807,163.810
2026-07-23 23:30,163.810,163.823,163.797,163.816
2026-07-23 23:35,163.813,163.830,163.807,163.822
2026-07-23 23:40,163.827,163.835,163.819,163.829
2026-07-23 23:45,163.829,163.842,163.816,163.835
2026-07-23 23:50,163.839,163.870,163.828,163.869
2026-07-23 23:55,163.864,163.870,163.832,163.836
2026-07-24 00:00,163.832,163.908,163.829,163.850
2026-07-24 00:05,163.852,163.897,163.789,163.854
2026-07-24 00:10,163.846,163.861,163.817,163.852
2026-07-24 00:15,163.851,163.897,163.838,163.850
2026-07-24 00:20,163.846,163.866,163.825,163.838
2026-07-24 00:25,163.831,163.871,163.831,163.855
2026-07-24 00:30,163.858,163.873,163.836,163.858
2026-07-24 00:35,163.859,163.883,163.848,163.882
2026-07-24 00:40,163.880,163.926,163.875,163.919
2026-07-24 00:45,163.921,163.927,163.887,163.899
2026-07-24 00:50,163.902,163.940,163.869,163.924
2026-07-24 00:55,163.917,163.937,163.809,163.818
2026-07-24 01:00,163.812,163.852,163.798,163.851
2026-07-24 01:05,163.843,163.857,163.808,163.829
2026-07-24 01:10,163.823,163.862,163.823,163.842
2026-07-24 01:15,163.845,163.855,163.774,163.806
2026-07-24 01:20,163.809,163.825,163.784,163.803
2026-07-24 01:25,163.804,163.845,163.798,163.835
2026-07-24 01:30,163.836,163.848,163.763,163.771
2026-07-24 01:35,163.778,163.799,163.740,163.771
2026-07-24 01:40,163.764,163.771,163.718,163.737
2026-07-24 01:45,163.732,163.769,163.727,163.755
2026-07-24 01:50,163.753,163.771,163.744,163.753
2026-07-24 01:55,163.753,163.782,163.753,163.769
2026-07-24 02:00,163.772,163.793,163.756,163.770
2026-07-24 02:05,163.770,163.808,163.762,163.791
2026-07-24 02:10,163.789,163.795,163.761,163.770
2026-07-24 02:15,163.770,163.787,163.767,163.772
2026-07-24 02:20,163.774,163.783,163.743,163.768
2026-07-24 02:25,163.772,163.784,163.759,163.770
2026-07-24 02:30,163.779,163.782,163.722,163.740
2026-07-24 02:35,163.738,163.765,163.728,163.749
2026-07-24 02:40,163.757,163.767,163.740,163.757
2026-07-24 02:45,163.757,163.783,163.746,163.763
2026-07-24 02:50,163.761,163.785,163.754,163.778
2026-07-24 02:55,163.776,163.785,163.755,163.770
2026-07-24 03:00,163.771,163.795,163.764,163.787
2026-07-24 03:05,163.790,163.797,163.773,163.788
2026-07-24 03:10,163.788,163.827,163.788,163.814
2026-07-24 03:15,163.814,163.830,163.811,163.818
2026-07-24 03:20,163.817,163.856,163.817,163.848
2026-07-24 03:25,163.848,163.867,163.843,163.854
2026-07-24 03:30,163.853,163.861,163.822,163.831
2026-07-24 03:35,163.828,163.836,163.814,163.835
2026-07-24 03:40,163.834,163.836,163.805,163.811
2026-07-24 03:45,163.811,163.827,163.808,163.812
2026-07-24 03:50,163.812,163.817,163.797,163.805
2026-07-24 03:55,163.803,163.820,163.787,163.803
2026-07-24 04:00,163.804,163.820,163.795,163.810
2026-07-24 04:05,163.811,163.815,163.790,163.792
2026-07-24 04:10,163.792,163.810,163.774,163.809
2026-07-24 04:15,163.802,163.824,163.802,163.811
2026-07-24 04:20,163.810,163.831,163.806,163.818
2026-07-24 04:25,163.822,163.836,163.815,163.828
2026-07-24 04:30,163.828,163.843,163.817,163.818
2026-07-24 04:35,163.822,163.828,163.807,163.812
2026-07-24 04:40,163.814,163.835,163.809,163.832
2026-07-24 04:45,163.825,163.843,163.821,163.834
2026-07-24 04:50,163.842,163.847,163.829,163.835
2026-07-24 04:55,163.835,163.844,163.819,163.828
2026-07-24 05:00,163.821,163.832,163.818,163.830
2026-07-24 05:05,163.822,163.831,163.797,163.812
2026-07-24 05:10,163.812,163.826,163.805,163.814
2026-07-24 05:15,163.811,163.828,163.808,163.812
2026-07-24 05:20,163.816,163.822,163.795,163.803
2026-07-24 05:25,163.799,163.815,163.796,163.804
2026-07-24 05:30,163.800,163.824,163.800,163.818
2026-07-24 05:35,163.815,163.825,163.802,163.809
2026-07-24 05:40,163.812,163.823,163.790,163.812
2026-07-24 05:45,163.813,163.819,163.797,163.809
2026-07-24 05:50,163.809,163.843,163.798,163.837
2026-07-24 05:55,163.837,163.847,163.825,163.842
2026-07-24 06:00,163.833,163.848,163.809,163.816
2026-07-24 06:05,163.818,163.821,163.770,163.801
2026-07-24 06:10,163.813,163.822,163.794,163.803
2026-07-24 06:15,163.799,163.809,163.783,163.789
2026-07-24 06:20,163.792,163.797,163.768,163.778
2026-07-24 06:25,163.771,163.792,163.760,163.781
2026-07-24 06:30,163.781,163.806,163.777,163.778
2026-07-24 06:35,163.785,163.801,163.768,163.777
2026-07-24 06:40,163.783,163.796,163.769,163.773
2026-07-24 06:45,163.779,163.794,163.765,163.774
2026-07-24 06:50,163.774,163.796,163.770,163.787
2026-07-24 06:55,163.787,163.797,163.758,163.759
2026-07-24 07:00,163.760,163.779,163.670,163.721
2026-07-24 07:05,163.723,163.762,163.701,163.706
2026-07-24 07:10,163.702,163.709,163.644,163.686
2026-07-24 07:15,163.691,163.746,163.687,163.738
2026-07-24 07:20,163.732,163.755,163.702,163.715
2026-07-24 07:25,163.714,163.724,163.683,163.687
2026-07-24 07:30,163.692,163.714,163.657,163.703
2026-07-24 07:35,163.703,163.766,163.701,163.754
2026-07-24 07:40,163.761,163.795,163.752,163.761
2026-07-24 07:45,163.765,163.802,163.761,163.787
2026-07-24 07:50,163.780,163.796,163.754,163.760
2026-07-24 07:55,163.760,163.785,163.752,163.761
2026-07-24 08:00,163.760,163.808,163.748,163.801
2026-07-24 08:05,163.798,163.812,163.768,163.771
2026-07-24 08:10,163.771,163.780,163.754,163.764
2026-07-24 08:15,163.761,163.793,163.760,163.760
2026-07-24 08:20,163.760,163.782,163.740,163.758
2026-07-24 08:25,163.763,163.771,163.729,163.729
2026-07-24 08:30,163.734,163.752,163.718,163.732
2026-07-24 08:35,163.732,163.767,163.730,163.751
2026-07-24 08:40,163.748,163.787,163.745,163.770
2026-07-24 08:45,163.770,163.804,163.754,163.781
2026-07-24 08:50,163.780,163.802,163.767,163.773
2026-07-24 08:55,163.779,163.780,163.717,163.726
2026-07-24 09:00,163.724,163.766,163.724,163.759
2026-07-24 09:05,163.755,163.764,163.728,163.729
2026-07-24 09:10,163.730,163.759,163.729,163.729
2026-07-24 09:15,163.730,163.747,163.722,163.723
2026-07-24 09:20,163.727,163.748,163.722,163.730
2026-07-24 09:25,163.730,163.752,163.727,163.742
2026-07-24 09:30,163.738,163.761,163.718,163.734
2026-07-24 09:35,163.728,163.762,163.726,163.745
2026-07-24 09:40,163.751,163.759,163.722,163.728
2026-07-24 09:45,163.728,163.745,163.723,163.729
2026-07-24 09:50,163.724,163.742,163.695,163.698
2026-07-24 09:55,163.701,163.712,163.678,163.683
2026-07-24 10:00,163.689,163.709,163.669,163.698
2026-07-24 10:05,163.691,163.726,163.691,163.718
2026-07-24 10:10,163.722,163.735,163.714,163.725
2026-07-24 10:15,163.721,163.730,163.700,163.707
2026-07-24 10:20,163.714,163.724,163.700,163.715
2026-07-24 10:25,163.716,163.725,163.704,163.721
2026-07-24 10:30,163.722,163.733,163.700,163.725
2026-07-24 10:35,163.727,163.745,163.722,163.744
2026-07-24 10:40,163.738,163.761,163.736,163.749
2026-07-24 10:45,163.754,163.773,163.749,163.772
2026-07-24 10:50,163.766,163.801,163.764,163.791
2026-07-24 10:55,163.791,163.806,163.783,163.788
2026-07-24 11:00,163.786,163.800,163.757,163.768
2026-07-24 11:05,163.768,163.786,163.754,163.774
2026-07-24 11:10,163.776,163.781,163.759,163.759
2026-07-24 11:15,163.766,163.777,163.754,163.768
2026-07-24 11:20,163.768,163.787,163.767,163.776
2026-07-24 11:25,163.772,163.787,163.765,163.779
2026-07-24 11:30,163.782,163.787,163.754,163.785
2026-07-24 11:35,163.786,163.798,163.767,163.796
2026-07-24 11:40,163.795,163.802,163.783,163.801
2026-07-24 11:45,163.791,163.800,163.779,163.795
2026-07-24 11:50,163.791,163.832,163.789,163.824
2026-07-24 11:55,163.821,163.840,163.776,163.796
2026-07-24 12:00,163.802,163.826,163.794,163.819
2026-07-24 12:05,163.813,163.832,163.808,163.812
2026-07-24 12:10,163.821,163.821,163.795,163.798
2026-07-24 12:15,163.797,163.816,163.793,163.808
2026-07-24 12:20,163.811,163.831,163.803,163.809
2026-07-24 12:25,163.813,163.840,163.809,163.829
2026-07-24 12:30,163.827,163.831,163.796,163.821
2026-07-24 12:35,163.821,163.829,163.807,163.811
2026-07-24 12:40,163.811,163.846,163.811,163.827
2026-07-24 12:45,163.823,163.848,163.819,163.835
2026-07-24 12:50,163.839,163.845,163.829,163.835
2026-07-24 12:55,163.842,163.864,163.835,163.846
2026-07-24 13:00,163.848,163.872,163.835,163.860
2026-07-24 13:05,163.860,163.873,163.856,163.864
2026-07-24 13:10,163.868,163.880,163.833,163.839
2026-07-24 13:15,163.839,163.857,163.837,163.854
2026-07-24 13:20,163.853,163.860,163.835,163.856
2026-07-24 13:25,163.849,163.874,163.848,163.861
2026-07-24 13:30,163.861,163.871,163.846,163.849
2026-07-24 13:35,163.855,163.872,163.834,163.836
2026-07-24 13:40,163.841,163.846,163.817,163.832
2026-07-24 13:45,163.842,163.863,163.807,163.838
2026-07-24 13:50,163.838,163.856,163.823,163.833
2026-07-24 13:55,163.834,163.847,163.773,163.779
2026-07-24 14:00,163.777,163.797,163.752,163.781
2026-07-24 14:05,163.792,163.836,163.780,163.812
2026-07-24 14:10,163.812,163.836,163.801,163.828
2026-07-24 14:15,163.827,163.827,163.796,163.801
2026-07-24 14:20,163.801,163.818,163.771,163.788
2026-07-24 14:25,163.785,163.802,163.771,163.782
2026-07-24 14:30,163.784,163.802,163.765,163.765
2026-07-24 14:35,163.765,163.784,163.753,163.779
2026-07-24 14:40,163.779,163.787,163.751,163.763
2026-07-24 14:45,163.764,163.772,163.713,163.716
2026-07-24 14:50,163.718,163.737,163.688,163.715
2026-07-24 14:55,163.717,163.757,163.700,163.754
2026-07-24 15:00,163.755,163.773,163.740,163.759
2026-07-24 15:05,163.754,163.760,163.720,163.728
2026-07-24 15:10,163.728,163.734,163.658,163.677
2026-07-24 15:15,163.674,163.705,163.636,163.678
2026-07-24 15:20,163.686,163.707,163.659,163.692
2026-07-24 15:25,163.687,163.706,163.673,163.693
2026-07-24 15:30,163.689,163.710,163.679,163.710
2026-07-24 15:35,163.705,163.734,163.687,163.691
2026-07-24 15:40,163.699,163.751,163.689,163.730
2026-07-24 15:45,163.725,163.740,163.715,163.730
2026-07-24 15:50,163.728,163.739,163.716,163.722
2026-07-24 15:55,163.724,163.737,163.702,163.704
2026-07-24 16:00,163.711,163.745,163.704,163.717
2026-07-24 16:05,163.710,163.726,163.703,163.717
2026-07-24 16:10,163.714,163.719,163.702,163.708
2026-07-24 16:15,163.705,163.719,163.698,163.708
2026-07-24 16:20,163.706,163.727,163.705,163.719
2026-07-24 16:25,163.719,163.735,163.715,163.725
2026-07-24 16:30,163.720,163.750,163.713,163.718
2026-07-24 16:35,163.721,163.754,163.710,163.748
2026-07-24 16:40,163.750,163.759,163.740,163.750
2026-07-24 16:45,163.745,163.761,163.742,163.757
2026-07-24 16:50,163.753,163.764,163.751,163.757
2026-07-24 16:55,163.758,163.780,163.754,163.778
2026-07-24 17:00,163.779,163.795,163.768,163.785
2026-07-24 17:05,163.787,163.818,163.780,163.804
2026-07-24 17:10,163.798,163.824,163.794,163.815
2026-07-24 17:15,163.812,163.827,163.797,163.820
2026-07-24 17:20,163.824,163.831,163.813,163.821
2026-07-24 17:25,163.821,163.829,163.801,163.811
2026-07-24 17:30,163.805,163.821,163.804,163.813
2026-07-24 17:35,163.812,163.832,163.810,163.826
2026-07-24 17:40,163.830,163.839,163.819,163.822
2026-07-24 17:45,163.821,163.837,163.818,163.824
2026-07-24 17:50,163.827,163.838,163.819,163.825
2026-07-24 17:55,163.824,163.829,163.806,163.813
2026-07-24 18:00,163.807,163.828,163.806,163.808
2026-07-24 18:05,163.808,163.824,163.805,163.810
2026-07-24 18:10,163.813,163.817,163.807,163.814
2026-07-24 18:15,163.809,163.815,163.792,163.809
2026-07-24 18:20,163.809,163.831,163.807,163.819
2026-07-24 18:25,163.823,163.839,163.818,163.837
2026-07-24 18:30,163.834,163.852,163.821,163.849
2026-07-24 18:35,163.847,163.853,163.834,163.847
2026-07-24 18:40,163.848,163.856,163.834,163.841
2026-07-24 18:45,163.835,163.848,163.822,163.840
2026-07-24 18:50,163.840,163.847,163.832,163.837
2026-07-24 18:55,163.837,163.845,163.833,163.836
2026-07-24 19:00,163.842,163.843,163.803,163.824
2026-07-24 19:05,163.823,163.826,163.807,163.819
2026-07-24 19:10,163.821,163.833,163.818,163.824
2026-07-24 19:15,163.825,163.842,163.825,163.830
2026-07-24 19:20,163.829,163.849,163.822,163.841
2026-07-24 19:25,163.841,163.853,163.832,163.845
2026-07-24 19:30,163.845,163.854,163.832,163.845
2026-07-24 19:35,163.846,163.850,163.821,163.823
2026-07-24 19:40,163.824,163.830,163.810,163.822
2026-07-24 19:45,163.822,163.839,163.821,163.838
2026-07-24 19:50,163.834,163.841,163.829,163.834
2026-07-24 19:55,163.834,163.852,163.820,163.848
2026-07-24 20:00,163.847,163.855,163.834,163.846
2026-07-24 20:05,163.847,163.860,163.843,163.848
2026-07-24 20:10,163.849,163.854,163.840,163.850
2026-07-24 20:15,163.851,163.855,163.845,163.852
2026-07-24 20:20,163.849,163.854,163.847,163.851
2026-07-24 20:25,163.847,163.865,163.846,163.854
2026-07-24 20:30,163.855,163.867,163.850,163.860
2026-07-24 20:35,163.860,163.867,163.850,163.856
2026-07-24 20:40,163.857,163.866,163.844,163.846
2026-07-24 20:45,163.847,163.863,163.842,163.852
2026-07-24 20:50,163.845,163.865,163.831,163.857
2026-07-24 20:55,163.849,163.870,163.791,163.791
2026-07-26 23:00,163.690,163.700,163.670,163.677
2026-07-26 23:05,163.688,163.690,163.665,163.675
2026-07-26 23:10,163.668,163.691,163.666,163.677
2026-07-26 23:15,163.676,163.686,163.661,163.680
2026-07-26 23:20,163.672,163.688,163.671,163.686
2026-07-26 23:25,163.678,163.689,163.672,163.684
2026-07-26 23:30,163.674,163.687,163.649,163.669
2026-07-26 23:35,163.661,163.673,163.638,163.659
2026-07-26 23:40,163.651,163.664,163.639,163.654
2026-07-26 23:45,163.654,163.666,163.640,163.641
2026-07-26 23:50,163.646,163.665,163.636,163.649
2026-07-26 23:55,163.649,163.661,163.602,163.611
2026-07-27 00:00,163.616,163.622,163.547,163.550
2026-07-27 00:05,163.555,163.606,163.547,163.579
2026-07-27 00:10,163.573,163.596,163.529,163.530
2026-07-27 00:15,163.530,163.563,163.520,163.544
2026-07-27 00:20,163.548,163.596,163.540,163.565
2026-07-27 00:25,163.558,163.568,163.527,163.532
2026-07-27 00:30,163.541,163.543,163.513,163.526
2026-07-27 00:35,163.526,163.590,163.525,163.576
2026-07-27 00:40,163.587,163.593,163.561,163.565
2026-07-27 00:45,163.568,163.607,163.555,163.596
2026-07-27 00:50,163.586,163.655,163.580,163.635
2026-07-27 00:55,163.650,163.650,163.599,163.629
2026-07-27 01:00,163.627,163.638,163.600,163.605
2026-07-27 01:05,163.608,163.615,163.577,163.584
2026-07-27 01:10,163.582,163.588,163.555,163.558
2026-07-27 01:15,163.558,163.582,163.539,163.574
2026-07-27 01:20,163.568,163.583,163.558,163.560
2026-07-27 01:25,163.560,163.581,163.556,163.559
2026-07-27 01:30,163.560,163.566,163.525,163.542
2026-07-27 01:35,163.542,163.576,163.542,163.569
2026-07-27 01:40,163.567,163.578,163.545,163.546
2026-07-27 01:45,163.548,163.558,163.532,163.535
2026-07-27 01:50,163.535,163.562,163.531,163.545
2026-07-27 01:55,163.545,163.554,163.472,163.472
2026-07-27 02:00,163.473,163.512,163.449,163.505
2026-07-27 02:05,163.509,163.529,163.499,163.513
2026-07-27 02:10,163.513,163.550,163.500,163.548
2026-07-27 02:15,163.543,163.552,163.525,163.549
2026-07-27 02:20,163.550,163.553,163.524,163.526
2026-07-27 02:25,163.526,163.535,163.510,163.517
2026-07-27 02:30,163.516,163.547,163.514,163.525
2026-07-27 02:35,163.517,163.527,163.495,163.521
2026-07-27 02:40,163.515,163.544,163.509,163.526
2026-07-27 02:45,163.526,163.560,163.520,163.541
2026-07-27 02:50,163.541,163.562,163.541,163.553
2026-07-27 02:55,163.548,163.582,163.548,163.570
2026-07-27 03:00,163.570,163.581,163.547,163.565
2026-07-27 03:05,163.558,163.576,163.555,163.568
2026-07-27 03:10,163.564,163.595,163.564,163.584
2026-07-27 03:15,163.583,163.595,163.567,163.580
2026-07-27 03:20,163.580,163.604,163.574,163.595
2026-07-27 03:25,163.593,163.600,163.569,163.586
2026-07-27 03:30,163.583,163.614,163.583,163.603
2026-07-27 03:35,163.599,163.606,163.583,163.595
2026-07-27 03:40,163.588,163.604,163.581,163.594
2026-07-27 03:45,163.594,163.601,163.572,163.585
2026-07-27 03:50,163.582,163.589,163.559,163.567
2026-07-27 03:55,163.573,163.581,163.565,163.573
2026-07-27 04:00,163.571,163.579,163.553,163.560
2026-07-27 04:05,163.561,163.569,163.544,163.557
2026-07-27 04:10,163.557,163.573,163.554,163.557
2026-07-27 04:15,163.554,163.563,163.544,163.548
2026-07-27 04:20,163.548,163.567,163.544,163.556
2026-07-27 04:25,163.556,163.586,163.555,163.573
2026-07-27 04:30,163.572,163.589,163.570,163.570
2026-07-27 04:35,163.570,163.591,163.567,163.583
2026-07-27 04:40,163.583,163.589,163.568,163.586
2026-07-27 04:45,163.586,163.589,163.569,163.589
2026-07-27 04:50,163.583,163.598,163.580,163.583
2026-07-27 04:55,163.583,163.587,163.568,163.572
2026-07-27 05:00,163.573,163.598,163.570,163.577
2026-07-27 05:05,163.578,163.590,163.559,163.571
2026-07-27 05:10,163.565,163.575,163.556,163.558
2026-07-27 05:15,163.558,163.582,163.558,163.570
2026-07-27 05:20,163.570,163.581,163.562,163.572
2026-07-27 05:25,163.570,163.588,163.558,163.561
2026-07-27 05:30,163.561,163.578,163.553,163.561
2026-07-27 05:35,163.565,163.578,163.561,163.566
2026-07-27 05:40,163.567,163.596,163.561,163.588
2026-07-27 05:45,163.588,163.607,163.584,163.599
2026-07-27 05:50,163.601,163.607,163.580,163.585
2026-07-27 05:55,163.585,163.600,163.577,163.584
2026-07-27 06:00,163.584,163.604,163.557,163.564
2026-07-27 06:05,163.564,163.581,163.555,163.558
2026-07-27 06:10,163.564,163.567,163.525,163.525
2026-07-27 06:15,163.527,163.563,163.518,163.561
2026-07-27 06:20,163.558,163.564,163.531,163.558
2026-07-27 06:25,163.563,163.566,163.540,163.562
2026-07-27 06:30,163.559,163.591,163.547,163.572
2026-07-27 06:35,163.574,163.590,163.544,163.545
2026-07-27 06:40,163.548,163.564,163.515,163.527
2026-07-27 06:45,163.521,163.551,163.518,163.538
2026-07-27 06:50,163.529,163.548,163.515,163.537
2026-07-27 06:55,163.537,163.550,163.503,163.507
2026-07-27 07:00,163.515,163.538,163.478,163.510
2026-07-27 07:05,163.520,163.523,163.492,163.503
2026-07-27 07:10,163.503,163.537,163.466,163.473
2026-07-27 07:15,163.465,163.500,163.465,163.476
2026-07-27 07:20,163.476,163.483,163.352,163.405
2026-07-27 07:25,163.412,163.415,163.321,163.332
2026-07-27 07:30,163.326,163.407,163.324,163.394
2026-07-27 07:35,163.394,163.447,163.378,163.447
2026-07-27 07:40,163.446,163.473,163.427,163.455
2026-07-27 07:45,163.458,163.461,163.434,163.442
2026-07-27 07:50,163.438,163.473,163.434,163.468
2026-07-27 07:55,163.464,163.528,163.461,163.521
2026-07-27 08:00,163.520,163.532,163.503,163.515
2026-07-27 08:05,163.515,163.527,163.487,163.514
2026-07-27 08:10,163.510,163.540,163.502,163.523
2026-07-27 08:15,163.520,163.541,163.513,163.536
2026-07-27 08:20,163.532,163.552,163.517,163.531
2026-07-27 08:25,163.531,163.552,163.525,163.540
2026-07-27 08:30,163.536,163.557,163.531,163.552
2026-07-27 08:35,163.550,163.557,163.527,163.540
2026-07-27 08:40,163.537,163.544,163.496,163.522
2026-07-27 08:45,163.516,163.545,163.516,163.531
2026-07-27 08:50,163.534,163.545,163.503,163.503
2026-07-27 08:55,163.503,163.521,163.501,163.520
2026-07-27 09:00,163.516,163.533,163.490,163.507
2026-07-27 09:05,163.500,163.528,163.499,163.508
2026-07-27 09:10,163.509,163.578,163.501,163.573
2026-07-27 09:15,163.570,163.604,163.565,163.603
2026-07-27 09:20,163.593,163.607,163.558,163.565
2026-07-27 09:25,163.558,163.576,163.529,163.572
2026-07-27 09:30,163.568,163.589,163.563,163.569
2026-07-27 09:35,163.569,163.576,163.552,163.563
2026-07-27 09:40,163.568,163.573,163.545,163.549
2026-07-27 09:45,163.545,163.577,163.542,163.543
2026-07-27 09:50,163.547,163.550,163.512,163.520
2026-07-27 09:55,163.523,163.535,163.498,163.525
2026-07-27 10:00,163.525,163.547,163.525,163.528
2026-07-27 10:05,163.529,163.570,163.528,163.561
2026-07-27 10:10,163.567,163.599,163.552,163.557
2026-07-27 10:15,163.559,163.564,163.528,163.545
2026-07-27 10:20,163.539,163.557,163.529,163.535
2026-07-27 10:25,163.535,163.552,163.527,163.552
2026-07-27 10:30,163.541,163.567,163.539,163.549
2026-07-27 10:35,163.552,163.575,163.547,163.568
2026-07-27 10:40,163.566,163.573,163.541,163.550
2026-07-27 10:45,163.551,163.573,163.551,163.556
2026-07-27 10:50,163.563,163.583,163.555,163.574
2026-07-27 10:55,163.569,163.600,163.556,163.592
2026-07-27 11:00,163.585,163.615,163.582,163.605
2026-07-27 11:05,163.598,163.645,163.598,163.624
2026-07-27 11:10,163.618,163.637,163.618,163.624
2026-07-27 11:15,163.625,163.637,163.609,163.623
2026-07-27 11:20,163.627,163.634,163.608,163.622
2026-07-27 11:25,163.623,163.641,163.606,163.641
2026-07-27 11:30,163.637,163.649,163.607,163.618
2026-07-27 11:35,163.611,163.620,163.592,163.598
2026-07-27 11:40,163.598,163.614,163.577,163.595
2026-07-27 11:45,163.595,163.626,163.592,163.622
2026-07-27 11:50,163.621,163.643,163.608,163.627
2026-07-27 11:55,163.630,163.651,163.625,163.640
2026-07-27 12:00,163.640,163.656,163.631,163.639
2026-07-27 12:05,163.646,163.655,163.620,163.632
2026-07-27 12:10,163.625,163.687,163.624,163.675
2026-07-27 12:15,163.672,163.688,163.658,163.662
2026-07-27 12:20,163.662,163.679,163.657,163.662
2026-07-27 12:25,163.660,163.667,163.645,163.662
2026-07-27 12:30,163.668,163.676,163.647,163.655
2026-07-27 12:35,163.659,163.700,163.649,163.688
2026-07-27 12:40,163.689,163.706,163.676,163.685
2026-07-27 12:45,163.682,163.694,163.672,163.689
2026-07-27 12:50,163.691,163.697,163.662,163.686
2026-07-27 12:55,163.686,163.697,163.668,163.686
2026-07-27 13:00,163.686,163.698,163.674,163.684
2026-07-27 13:05,163.691,163.699,163.670,163.670
2026-07-27 13:10,163.672,163.685,163.647,163.664
2026-07-27 13:15,163.662,163.682,163.649,163.675
2026-07-27 13:20,163.673,163.694,163.673,163.677
2026-07-27 13:25,163.678,163.722,163.675,163.702
2026-07-27 13:30,163.708,163.725,163.675,163.704
2026-07-27 13:35,163.708,163.726,163.692,163.703
2026-07-27 13:40,163.706,163.713,163.689,163.696
2026-07-27 13:45,163.699,163.712,163.692,163.699
2026-07-27 13:50,163.700,163.726,163.693,163.716
2026-07-27 13:55,163.719,163.759,163.714,163.743
2026-07-27 14:00,163.744,163.768,163.715,163.742
2026-07-27 14:05,163.738,163.744,163.712,163.725
2026-07-27 14:10,163.719,163.736,163.705,163.718
2026-07-27 14:15,163.718,163.747,163.718,163.737
2026-07-27 14:20,163.741,163.752,163.727,163.732
2026-07-27 14:25,163.738,163.762,163.732,163.755
2026-07-27 14:30,163.755,163.761,163.732,163.742
2026-07-27 14:35,163.742,163.768,163.715,163.721
2026-07-27 14:40,163.716,163.758,163.715,163.749
2026-07-27 14:45,163.747,163.751,163.718,163.742
2026-07-27 14:50,163.745,163.762,163.731,163.747
2026-07-27 14:55,163.746,163.760,163.688,163.698
2026-07-27 15:00,163.702,163.724,163.678,163.696
2026-07-27 15:05,163.692,163.719,163.690,163.711
2026-07-27 15:10,163.708,163.723,163.693,163.704
2026-07-27 15:15,163.704,163.709,163.676,163.690
2026-07-27 15:20,163.690,163.698,163.652,163.661
2026-07-27 15:25,163.661,163.675,163.652,163.662
2026-07-27 15:30,163.662,163.699,163.661,163.693
2026-07-27 15:35,163.692,163.694,163.669,163.675
2026-07-27 15:40,163.678,163.688,163.668,163.674
2026-07-27 15:45,163.668,163.689,163.663,163.685
2026-07-27 15:50,163.678,163.688,163.664,163.677
2026-07-27 15:55,163.678,163.714,163.675,163.709
2026-07-27 16:00,163.709,163.715,163.692,163.705
2026-07-27 16:05,163.704,163.710,163.690,163.697
2026-07-27 16:10,163.704,163.707,163.686,163.698
2026-07-27 16:15,163.692,163.699,163.651,163.661
2026-07-27 16:20,163.661,163.668,163.637,163.657
2026-07-27 16:25,163.660,163.661,163.608,163.625
2026-07-27 16:30,163.622,163.627,163.592,163.595
2026-07-27 16:35,163.593,163.612,163.579,163.601
2026-07-27 16:40,163.595,163.627,163.591,163.616
2026-07-27 16:45,163.623,163.659,163.615,163.658
2026-07-27 16:50,163.649,163.659,163.636,163.642
2026-07-27 16:55,163.642,163.661,163.634,163.649
2026-07-27 17:00,163.652,163.701,163.646,163.689
2026-07-27 17:05,163.688,163.697,163.676,163.679
2026-07-27 17:10,163.679,163.696,163.676,163.692
2026-07-27 17:15,163.695,163.714,163.689,163.707
2026-07-27 17:20,163.707,163.715,163.701,163.708
2026-07-27 17:25,163.704,163.714,163.690,163.706
2026-07-27 17:30,163.704,163.714,163.690,163.694
2026-07-27 17:35,163.694,163.712,163.692,163.712
2026-07-27 17:40,163.704,163.724,163.702,163.722
2026-07-27 17:45,163.723,163.735,163.714,163.725
2026-07-27 17:50,163.727,163.735,163.715,163.718
2026-07-27 17:55,163.719,163.728,163.705,163.723
2026-07-27 18:00,163.723,163.729,163.707,163.710
2026-07-27 18:05,163.710,163.715,163.691,163.704
2026-07-27 18:10,163.704,163.708,163.691,163.702
2026-07-27 18:15,163.703,163.717,163.700,163.708
2026-07-27 18:20,163.709,163.732,163.709,163.725
2026-07-27 18:25,163.725,163.741,163.725,163.727
2026-07-27 18:30,163.728,163.728,163.710,163.725
2026-07-27 18:35,163.725,163.730,163.714,163.726
2026-07-27 18:40,163.726,163.743,163.684,163.728
2026-07-27 18:45,163.728,163.749,163.726,163.740
2026-07-27 18:50,163.740,163.761,163.736,163.751
2026-07-27 18:55,163.751,163.790,163.737,163.776
2026-07-27 19:00,163.776,163.776,163.749,163.766
2026-07-27 19:05,163.766,163.770,163.752,163.757
2026-07-27 19:10,163.757,163.758,163.740,163.750
2026-07-27 19:15,163.750,163.754,163.739,163.743
2026-07-27 19:20,163.743,163.743,163.729,163.737
2026-07-27 19:25,163.737,163.743,163.724,163.726
2026-07-27 19:30,163.726,163.727,163.700,163.710
2026-07-27 19:35,163.710,163.717,163.699,163.700
2026-07-27 19:40,163.700,163.714,163.691,163.700
2026-07-27 19:45,163.700,163.719,163.696,163.714
2026-07-27 19:50,163.714,163.725,163.697,163.723
2026-07-27 19:55,163.723,163.734,163.712,163.733
2026-07-27 20:00,163.734,163.744,163.727,163.728
2026-07-27 20:05,163.728,163.743,163.728,163.738
2026-07-27 20:10,163.738,163.743,163.737,163.742
2026-07-27 20:15,163.738,163.742,163.725,163.732
2026-07-27 20:20,163.729,163.743,163.727,163.728
2026-07-27 20:25,163.728,163.742,163.723,163.738
2026-07-27 20:30,163.737,163.757,163.733,163.754
2026-07-27 20:35,163.753,163.760,163.749,163.754
2026-07-27 20:40,163.753,163.769,163.751,163.760
2026-07-27 20:45,163.760,163.769,163.748,163.749
2026-07-27 20:50,163.749,163.749,163.733,163.737
2026-07-27 20:55,163.741,163.745,163.718,163.745
2026-07-27 21:00,163.673,163.673,163.654,163.672
2026-07-27 21:05,163.670,163.679,163.670,163.679
2026-07-27 21:10,163.679,163.685,163.673,163.673
2026-07-27 21:15,163.680,163.691,163.675,163.685
2026-07-27 21:20,163.683,163.687,163.672,163.683
2026-07-27 21:25,163.682,163.690,163.674,163.681
2026-07-27 21:30,163.687,163.695,163.676,163.691
2026-07-27 21:35,163.684,163.719,163.678,163.702
2026-07-27 21:40,163.704,163.717,163.679,163.717
2026-07-27 21:45,163.705,163.714,163.679,163.703
2026-07-27 21:50,163.695,163.708,163.681,163.698
2026-07-27 21:55,163.698,163.713,163.685,163.713
2026-07-27 22:00,163.712,163.742,163.693,163.724
2026-07-27 22:05,163.732,163.739,163.703,163.709
2026-07-27 22:10,163.722,163.762,163.710,163.746
2026-07-27 22:15,163.732,163.752,163.728,163.728
2026-07-27 22:20,163.728,163.760,163.728,163.741
2026-07-27 22:25,163.741,163.760,163.739,163.743
2026-07-27 22:30,163.754,163.759,163.728,163.736
2026-07-27 22:35,163.729,163.750,163.728,163.744
2026-07-27 22:40,163.745,163.750,163.733,163.734
2026-07-27 22:45,163.742,163.750,163.734,163.744
2026-07-27 22:50,163.737,163.751,163.735,163.738
2026-07-27 22:55,163.749,163.752,163.737,163.740
2026-07-27 23:00,163.740,163.749,163.710,163.738
2026-07-27 23:05,163.728,163.738,163.716,163.719
2026-07-27 23:10,163.720,163.732,163.714,163.722
2026-07-27 23:15,163.716,163.727,163.715,163.722
2026-07-27 23:20,163.720,163.739,163.717,163.738
2026-07-27 23:25,163.739,163.739,163.714,163.729
2026-07-27 23:30,163.725,163.764,163.723,163.748
2026-07-27 23:35,163.738,163.753,163.738,163.745
2026-07-27 23:40,163.754,163.754,163.737,163.744
2026-07-27 23:45,163.740,163.764,163.728,163.752
2026-07-27 23:50,163.752,163.786,163.750,163.777
2026-07-27 23:55,163.778,163.785,163.766,163.771
2026-07-28 00:00,163.771,163.827,163.769,163.820
2026-07-28 00:05,163.828,163.843,163.806,163.826
2026-07-28 00:10,163.820,163.826,163.804,163.816
2026-07-28 00:15,163.809,163.821,163.777,163.789
2026-07-28 00:20,163.781,163.796,163.768,163.773
2026-07-28 00:25,163.774,163.787,163.752,163.780
2026-07-28 00:30,163.780,163.791,163.760,163.779
2026-07-28 00:35,163.773,163.783,163.753,163.766
2026-07-28 00:40,163.766,163.790,163.759,163.767
2026-07-28 00:45,163.768,163.783,163.752,163.763
2026-07-28 00:50,163.768,163.822,163.760,163.760
2026-07-28 00:55,163.760,163.793,163.731,163.738
2026-07-28 01:00,163.745,163.756,163.708,163.745
2026-07-28 01:05,163.748,163.761,163.730,163.748
2026-07-28 01:10,163.741,163.761,163.735,163.747
2026-07-28 01:15,163.747,163.768,163.734,163.740
2026-07-28 01:20,163.738,163.757,163.730,163.752
2026-07-28 01:25,163.745,163.760,163.737,163.748
2026-07-28 01:30,163.741,163.772,163.732,163.756
2026-07-28 01:35,163.754,163.766,163.747,163.763
2026-07-28 01:40,163.758,163.778,163.751,163.756
2026-07-28 01:45,163.755,163.776,163.744,163.767
2026-07-28 01:50,163.760,163.792,163.758,163.768
2026-07-28 01:55,163.768,163.788,163.756,163.768
2026-07-28 02:00,163.759,163.792,163.756,163.769
2026-07-28 02:05,163.775,163.788,163.761,163.780
2026-07-28 02:10,163.779,163.784,163.761,163.780
2026-07-28 02:15,163.779,163.782,163.757,163.761
2026-07-28 02:20,163.761,163.766,163.733,163.758
2026-07-28 02:25,163.757,163.768,163.745,163.756
2026-07-28 02:30,163.748,163.768,163.747,163.764
2026-07-28 02:35,163.758,163.770,163.747,163.756
2026-07-28 02:40,163.757,163.766,163.732,163.736
2026-07-28 02:45,163.736,163.750,163.721,163.740
2026-07-28 02:50,163.741,163.741,163.669,163.692
2026-07-28 02:55,163.693,163.717,163.692,163.708
2026-07-28 03:00,163.707,163.715,163.693,163.707
2026-07-28 03:05,163.714,163.726,163.704,163.709
2026-07-28 03:10,163.709,163.741,163.709,163.733
2026-07-28 03:15,163.736,163.742,163.718,163.721
2026-07-28 03:20,163.731,163.737,163.719,163.737
2026-07-28 03:25,163.731,163.740,163.713,163.716
2026-07-28 03:30,163.718,163.730,163.706,163.723
2026-07-28 03:35,163.718,163.749,163.718,163.745
2026-07-28 03:40,163.746,163.764,163.740,163.758
2026-07-28 03:45,163.758,163.769,163.753,163.757
2026-07-28 03:50,163.757,163.765,163.745,163.761
2026-07-28 03:55,163.762,163.765,163.750,163.756
2026-07-28 04:00,163.756,163.775,163.750,163.761
2026-07-28 04:05,163.762,163.776,163.757,163.765
2026-07-28 04:10,163.766,163.776,163.757,163.764
2026-07-28 04:15,163.764,163.778,163.752,163.756
2026-07-28 04:20,163.756,163.774,163.755,163.764
2026-07-28 04:25,163.763,163.777,163.758,163.768
2026-07-28 04:30,163.767,163.774,163.752,163.764
2026-07-28 04:35,163.765,163.776,163.753,163.756
2026-07-28 04:40,163.753,163.763,163.744,163.753
2026-07-28 04:45,163.753,163.761,163.742,163.753
2026-07-28 04:50,163.750,163.766,163.739,163.756
2026-07-28 04:55,163.756,163.765,163.741,163.745
2026-07-28 05:00,163.744,163.763,163.742,163.747
2026-07-28 05:05,163.747,163.761,163.738,163.755
2026-07-28 05:10,163.754,163.767,163.743,163.758
2026-07-28 05:15,163.762,163.772,163.753,163.758
2026-07-28 05:20,163.755,163.766,163.743,163.745
2026-07-28 05:25,163.745,163.753,163.721,163.727
2026-07-28 05:30,163.721,163.736,163.717,163.732
2026-07-28 05:35,163.732,163.753,163.730,163.737
2026-07-28 05:40,163.737,163.752,163.729,163.744
2026-07-28 05:45,163.746,163.763,163.737,163.753
2026-07-28 05:50,163.756,163.765,163.717,163.728
2026-07-28 05:55,163.727,163.744,163.723,163.733
2026-07-28 06:00,163.733,163.742,163.715,163.736
2026-07-28 06:05,163.742,163.742,163.719,163.724
2026-07-28 06:10,163.727,163.738,163.685,163.690
2026-07-28 06:15,163.688,163.716,163.674,163.707
2026-07-28 06:20,163.711,163.728,163.697,163.698
2026-07-28 06:25,163.700,163.718,163.689,163.691
2026-07-28 06:30,163.691,163.715,163.681,163.698
2026-07-28 06:35,163.699,163.716,163.681,163.698
2026-07-28 06:40,163.698,163.707,163.662,163.689
2026-07-28 06:45,163.688,163.704,163.664,163.703
2026-07-28 06:50,163.698,163.702,163.676,163.684
2026-07-28 06:55,163.681,163.711,163.664,163.709
2026-07-28 07:00,163.704,163.740,163.704,163.737
2026-07-28 07:05,163.732,163.751,163.718,163.720
2026-07-28 07:10,163.718,163.748,163.716,163.740
2026-07-28 07:15,163.729,163.740,163.717,163.730
2026-07-28 07:20,163.722,163.752,163.720,163.752
2026-07-28 07:25,163.751,163.767,163.741,163.752
2026-07-28 07:30,163.759,163.759,163.740,163.758
2026-07-28 07:35,163.752,163.767,163.740,163.747
2026-07-28 07:40,163.751,163.774,163.742,163.763
2026-07-28 07:45,163.763,163.793,163.763,163.782
2026-07-28 07:50,163.784,163.794,163.768,163.778
2026-07-28 07:55,163.778,163.793,163.770,163.784
2026-07-28 08:00,163.779,163.794,163.763,163.763
2026-07-28 08:05,163.763,163.780,163.754,163.770
2026-07-28 08:10,163.770,163.795,163.770,163.793
2026-07-28 08:15,163.788,163.821,163.781,163.816
2026-07-28 08:20,163.809,163.825,163.793,163.812
2026-07-28 08:25,163.806,163.844,163.806,163.835
2026-07-28 08:30,163.835,163.852,163.817,163.826
2026-07-28 08:35,163.823,163.844,163.820,163.841
2026-07-28 08:40,163.835,163.853,163.831,163.835
2026-07-28 08:45,163.836,163.840,163.806,163.818
2026-07-28 08:50,163.812,163.829,163.805,163.820
2026-07-28 08:55,163.820,163.834,163.807,163.819
2026-07-28 09:00,163.821,163.830,163.805,163.810
2026-07-28 09:05,163.814,163.823,163.804,163.814
2026-07-28 09:10,163.813,163.831,163.810,163.816
2026-07-28 09:15,163.819,163.828,163.807,163.812
2026-07-28 09:20,163.816,163.820,163.804,163.811
2026-07-28 09:25,163.811,163.831,163.809,163.828
2026-07-28 09:30,163.827,163.855,163.823,163.840
2026-07-28 09:35,163.833,163.849,163.832,163.837
2026-07-28 09:40,163.833,163.842,163.825,163.837
2026-07-28 09:45,163.835,163.854,163.832,163.844
2026-07-28 09:50,163.844,163.865,163.842,163.858
2026-07-28 09:55,163.857,163.889,163.857,163.874
2026-07-28 10:00,163.875,163.891,163.859,163.873
2026-07-28 10:05,163.875,163.901,163.872,163.891
2026-07-28 10:10,163.890,163.897,163.874,163.886
2026-07-28 10:15,163.895,163.922,163.886,163.918
2026-07-28 10:20,163.913,163.936,163.912,163.922
2026-07-28 10:25,163.921,163.936,163.915,163.930
2026-07-28 10:30,163.923,163.935,163.904,163.919
2026-07-28 10:35,163.911,163.932,163.911,163.925
2026-07-28 10:40,163.917,163.943,163.915,163.939
2026-07-28 10:45,163.939,163.949,163.927,163.941
2026-07-28 10:50,163.932,163.943,163.925,163.927
2026-07-28 10:55,163.929,163.944,163.917,163.932
2026-07-28 11:00,163.931,163.938,163.913,163.921
2026-07-28 11:05,163.922,163.936,163.915,163.928
2026-07-28 11:10,163.928,163.938,163.925,163.928
2026-07-28 11:15,163.932,163.937,163.908,163.919
2026-07-28 11:20,163.913,163.925,163.900,163.911
2026-07-28 11:25,163.914,163.924,163.909,163.922
2026-07-28 11:30,163.916,163.931,163.915,163.919
2026-07-28 11:35,163.919,163.926,163.900,163.915
2026-07-28 11:40,163.909,163.930,163.907,163.928
2026-07-28 11:45,163.926,163.933,163.921,163.927
2026-07-28 11:50,163.927,163.935,163.922,163.925
2026-07-28 11:55,163.925,163.938,163.914,163.927
2026-07-28 12:00,163.927,163.931,163.911,163.919
2026-07-28 12:05,163.919,163.926,163.906,163.918
2026-07-28 12:10,163.921,163.934,163.911,163.917
2026-07-28 12:15,163.917,163.926,163.904,163.915
2026-07-28 12:20,163.913,163.918,163.886,163.890
2026-07-28 12:25,163.890,163.900,163.873,163.892
2026-07-28 12:30,163.885,163.904,163.873,163.892
2026-07-28 12:35,163.891,163.896,163.873,163.887
2026-07-28 12:40,163.893,163.895,163.873,163.884
2026-07-28 12:45,163.883,163.884,163.837,163.851
2026-07-28 12:50,163.851,163.874,163.849,163.870
2026-07-28 12:55,163.867,163.886,163.864,163.872
2026-07-28 13:00,163.875,163.885,163.861,163.868
2026-07-28 13:05,163.864,163.878,163.850,163.851
2026-07-28 13:10,163.851,163.875,163.848,163.868
2026-07-28 13:15,163.870,163.875,163.850,163.861
2026-07-28 13:20,163.860,163.861,163.834,163.852
2026-07-28 13:25,163.855,163.875,163.839,163.865
2026-07-28 13:30,163.870,163.873,163.844,163.852
2026-07-28 13:35,163.852,163.879,163.840,163.865
2026-07-28 13:40,163.869,163.879,163.841,163.848
2026-07-28 13:45,163.847,163.860,163.812,163.823
2026-07-28 13:50,163.829,163.847,163.813,163.833
2026-07-28 13:55,163.825,163.847,163.813,163.818
2026-07-28 14:00,163.827,163.848,163.812,163.828
2026-07-28 14:05,163.826,163.853,163.822,163.846
2026-07-28 14:10,163.840,163.861,163.829,163.856
2026-07-28 14:15,163.854,163.861,163.836,163.848
2026-07-28 14:20,163.853,163.861,163.837,163.844
2026-07-28 14:25,163.842,163.849,163.826,163.843
2026-07-28 14:30,163.843,163.855,163.826,163.847
2026-07-28 14:35,163.853,163.857,163.837,163.846
2026-07-28 14:40,163.853,163.854,163.834,163.848
2026-07-28 14:45,163.845,163.881,163.845,163.860
2026-07-28 14:50,163.863,163.872,163.847,163.847
2026-07-28 14:55,163.850,163.882,163.848,163.863
2026-07-28 15:00,163.863,163.866,163.813,163.839
2026-07-28 15:05,163.839,163.856,163.816,163.816
2026-07-28 15:10,163.831,163.831,163.732,163.747
2026-07-28 15:15,163.746,163.759,163.718,163.719
2026-07-28 15:20,163.723,163.726,163.638,163.723
2026-07-28 15:25,163.716,163.734,163.678,163.694
2026-07-28 15:30,163.688,163.713,163.661,163.673
2026-07-28 15:35,163.683,163.709,163.666,163.697
2026-07-28 15:40,163.693,163.708,163.649,163.664
2026-07-28 15:45,163.664,163.687,163.652,163.676
2026-07-28 15:50,163.677,163.712,163.663,163.674
2026-07-28 15:55,163.672,163.697,163.643,163.651
2026-07-28 16:00,163.650,163.686,163.638,163.677
2026-07-28 16:05,163.677,163.686,163.666,163.668
2026-07-28 16:10,163.673,163.697,163.664,163.670
2026-07-28 16:15,163.668,163.677,163.652,163.665
2026-07-28 16:20,163.657,163.688,163.652,163.668
2026-07-28 16:25,163.666,163.681,163.656,163.678
2026-07-28 16:30,163.673,163.699,163.673,163.688
2026-07-28 16:35,163.689,163.694,163.664,163.673
2026-07-28 16:40,163.673,163.707,163.672,163.699
2026-07-28 16:45,163.700,163.740,163.698,163.735
2026-07-28 16:50,163.727,163.743,163.725,163.736
2026-07-28 16:55,163.736,163.748,163.731,163.737
2026-07-28 17:00,163.737,163.752,163.718,163.720
2026-07-28 17:05,163.720,163.740,163.712,163.725
2026-07-28 17:10,163.717,163.753,163.717,163.749
2026-07-28 17:15,163.744,163.767,163.742,163.757
2026-07-28 17:20,163.764,163.776,163.718,163.772
2026-07-28 17:25,163.772,163.780,163.757,163.769
2026-07-28 17:30,163.769,163.779,163.758,163.758
2026-07-28 17:35,163.758,163.778,163.757,163.768
2026-07-28 17:40,163.768,163.789,163.767,163.781
2026-07-28 17:45,163.781,163.795,163.769,163.784
2026-07-28 17:50,163.785,163.806,163.781,163.800
2026-07-28 17:55,163.798,163.815,163.794,163.800
2026-07-28 18:00,163.798,163.816,163.795,163.802
2026-07-28 18:05,163.804,163.808,163.782,163.782
2026-07-28 18:10,163.782,163.797,163.765,163.792
2026-07-28 18:15,163.788,163.795,163.771,163.787
2026-07-28 18:20,163.784,163.803,163.783,163.796
2026-07-28 18:25,163.796,163.820,163.793,163.815
2026-07-28 18:30,163.816,163.821,163.807,163.813
2026-07-28 18:35,163.813,163.821,163.808,163.813
2026-07-28 18:40,163.813,163.833,163.813,163.831
2026-07-28 18:45,163.829,163.850,163.823,163.839
2026-07-28 18:50,163.840,163.849,163.829,163.843
2026-07-28 18:55,163.845,163.861,163.838,163.856
2026-07-28 19:00,163.853,163.871,163.840,163.840
2026-07-28 19:05,163.840,163.847,163.822,163.830
2026-07-28 19:10,163.829,163.854,163.820,163.852
2026-07-28 19:15,163.849,163.853,163.830,163.830
2026-07-28 19:20,163.831,163.853,163.823,163.845
2026-07-28 19:25,163.847,163.853,163.842,163.847
2026-07-28 19:30,163.843,163.851,163.822,163.829
2026-07-28 19:35,163.831,163.842,163.821,163.826
2026-07-28 19:40,163.827,163.841,163.823,163.837
2026-07-28 19:45,163.834,163.840,163.822,163.829
2026-07-28 19:50,163.829,163.840,163.822,163.822
2026-07-28 19:55,163.824,163.861,163.824,163.855
2026-07-28 20:00,163.854,163.866,163.851,163.863
2026-07-28 20:05,163.859,163.877,163.854,163.857
2026-07-28 20:10,163.859,163.861,163.843,163.844
2026-07-28 20:15,163.846,163.863,163.836,163.856
2026-07-28 20:20,163.859,163.865,163.853,163.856
2026-07-28 20:25,163.857,163.868,163.856,163.861
2026-07-28 20:30,163.860,163.875,163.858,163.861
2026-07-28 20:35,163.860,163.889,163.855,163.876
2026-07-28 20:40,163.871,163.880,163.851,163.851
2026-07-28 20:45,163.851,163.868,163.829,163.836
2026-07-28 20:50,163.833,163.859,163.828,163.846
2026-07-28 20:55,163.833,163.868,163.808,163.811
2026-07-28 21:00,163.781,163.808,163.650,163.778
2026-07-28 21:05,163.777,163.787,163.740,163.787
2026-07-28 21:10,163.782,163.840,163.754,163.839
2026-07-28 21:15,163.827,163.837,163.791,163.837
2026-07-28 21:20,163.836,163.837,163.782,163.782
2026-07-28 21:25,163.782,163.808,163.756,163.789
2026-07-28 21:30,163.758,163.804,163.752,163.754
2026-07-28 21:35,163.802,163.810,163.751,163.762
2026-07-28 21:40,163.799,163.806,163.751,163.764
2026-07-28 21:45,163.751,163.809,163.746,163.751
2026-07-28 21:50,163.810,163.817,163.743,163.788
2026-07-28 21:55,163.814,163.819,163.775,163.794
2026-07-28 22:00,163.779,163.834,163.769,163.831
2026-07-28 22:05,163.814,163.834,163.808,163.821
2026-07-28 22:10,163.825,163.839,163.802,163.832
2026-07-28 22:15,163.833,163.866,163.826,163.864
2026-07-28 22:20,163.860,163.876,163.847,163.858
2026-07-28 22:25,163.852,163.890,163.834,163.848
2026-07-28 22:30,163.839,163.865,163.836,163.841
2026-07-28 22:35,163.850,163.866,163.841,163.850
2026-07-28 22:40,163.850,163.869,163.848,163.867
2026-07-28 22:45,163.853,163.871,163.852,163.871
2026-07-28 22:50,163.864,163.872,163.842,163.843
2026-07-28 22:55,163.849,163.855,163.838,163.842
2026-07-28 23:00,163.849,163.864,163.837,163.849
2026-07-28 23:05,163.842,163.866,163.838,163.853
2026-07-28 23:10,163.856,163.866,163.842,163.850
2026-07-28 23:15,163.847,163.872,163.847,163.862
2026-07-28 23:20,163.867,163.872,163.846,163.855
2026-07-28 23:25,163.856,163.864,163.846,163.860
2026-07-28 23:30,163.853,163.867,163.853,163.854
2026-07-28 23:35,163.854,163.867,163.853,163.858
2026-07-28 23:40,163.857,163.870,163.848,163.850
2026-07-28 23:45,163.854,163.874,163.850,163.859
2026-07-28 23:50,163.858,163.866,163.844,163.856
2026-07-28 23:55,163.856,163.869,163.850,163.859
2026-07-29 00:00,163.859,163.881,163.843,163.866
2026-07-29 00:05,163.867,163.883,163.860,163.870
2026-07-29 00:10,163.872,163.883,163.863,163.868
2026-07-29 00:15,163.868,163.879,163.809,163.827
2026-07-29 00:20,163.825,163.832,163.790,163.809
2026-07-29 00:25,163.805,163.823,163.795,163.799
2026-07-29 00:30,163.798,163.818,163.794,163.804
2026-07-29 00:35,163.804,163.817,163.782,163.790
2026-07-29 00:40,163.789,163.800,163.755,163.767
2026-07-29 00:45,163.766,163.777,163.740,163.762
2026-07-29 00:50,163.759,163.773,163.662,163.675
2026-07-29 00:55,163.675,163.718,163.670,163.695
2026-07-29 01:00,163.705,163.726,163.677,163.716
2026-07-29 01:05,163.717,163.732,163.702,163.724
2026-07-29 01:10,163.721,163.741,163.713,163.728
2026-07-29 01:15,163.727,163.740,163.703,163.727
2026-07-29 01:20,163.730,163.741,163.713,163.738
2026-07-29 01:25,163.729,163.763,163.725,163.736
2026-07-29 01:30,163.736,163.765,163.720,163.740
2026-07-29 01:35,163.744,163.780,163.732,163.770
2026-07-29 01:40,163.767,163.779,163.756,163.769
2026-07-29 01:45,163.762,163.773,163.744,163.749
2026-07-29 01:50,163.746,163.759,163.718,163.728
2026-07-29 01:55,163.724,163.729,163.697,163.713
2026-07-29 02:00,163.719,163.753,163.697,163.719
2026-07-29 02:05,163.717,163.727,163.690,163.713
2026-07-29 02:10,163.713,163.733,163.687,163.703
2026-07-29 02:15,163.703,163.727,163.699,163.719
2026-07-29 02:20,163.703,163.712,163.686,163.699
2026-07-29 02:25,163.700,163.711,163.676,163.702
2026-07-29 02:30,163.700,163.718,163.699,163.707
2026-07-29 02:35,163.702,163.710,163.651,163.673
2026-07-29 02:40,163.680,163.701,163.670,163.696
2026-07-29 02:45,163.689,163.719,163.689,163.708
2026-07-29 02:50,163.702,163.736,163.702,163.729
2026-07-29 02:55,163.729,163.736,163.702,163.717
2026-07-29 03:00,163.714,163.723,163.699,163.703
2026-07-29 03:05,163.703,163.713,163.685,163.699
2026-07-29 03:10,163.699,163.711,163.687,163.688
2026-07-29 03:15,163.694,163.701,163.675,163.688
2026-07-29 03:20,163.682,163.699,163.673,163.678
2026-07-29 03:25,163.676,163.684,163.657,163.669
2026-07-29 03:30,163.668,163.687,163.661,163.681
2026-07-29 03:35,163.675,163.682,163.623,163.636
2026-07-29 03:40,163.637,163.653,163.622,163.631
2026-07-29 03:45,163.630,163.632,163.555,163.582
2026-07-29 03:50,163.580,163.615,163.570,163.608
2026-07-29 03:55,163.602,163.630,163.602,163.626
2026-07-29 04:00,163.618,163.625,163.580,163.605
2026-07-29 04:05,163.604,163.619,163.578,163.587
2026-07-29 04:10,163.583,163.593,163.533,163.552
2026-07-29 04:15,163.549,163.564,163.526,163.536
2026-07-29 04:20,163.537,163.542,163.476,163.486
2026-07-29 04:25,163.486,163.519,163.476,163.510
2026-07-29 04:30,163.504,163.525,163.448,163.456
2026-07-29 04:35,163.458,163.461,163.375,163.407
2026-07-29 04:40,163.406,163.415,163.290,163.294
2026-07-29 04:45,163.301,163.520,163.272,163.442
2026-07-29 04:50,163.440,163.487,163.416,163.464
2026-07-29 04:55,163.472,163.476,163.400,163.423
2026-07-29 05:00,163.418,163.455,163.408,163.417
2026-07-29 05:05,163.420,163.429,163.390,163.408
2026-07-29 05:10,163.418,163.437,163.405,163.416
2026-07-29 05:15,163.414,163.420,163.377,163.394
2026-07-29 05:20,163.389,163.407,163.337,163.351
2026-07-29 05:25,163.357,163.397,163.351,163.377
2026-07-29 05:30,163.377,163.473,163.374,163.457
2026-07-29 05:35,163.462,163.483,163.424,163.436
2026-07-29 05:40,163.437,163.453,163.393,163.415
2026-07-29 05:45,163.412,163.459,163.405,163.424
2026-07-29 05:50,163.426,163.435,163.395,163.414
2026-07-29 05:55,163.408,163.497,163.408,163.494
2026-07-29 06:00,163.494,163.496,163.446,163.487
2026-07-29 06:05,163.486,163.565,163.473,163.530
2026-07-29 06:10,163.536,163.571,163.502,163.510
2026-07-29 06:15,163.503,163.526,163.489,163.499
2026-07-29 06:20,163.502,163.519,163.472,163.516
2026-07-29 06:25,163.509,163.561,163.504,163.550
2026-07-29 06:30,163.541,163.562,163.533,163.542
2026-07-29 06:35,163.540,163.581,163.534,163.570
2026-07-29 06:40,163.562,163.576,163.461,163.489
2026-07-29 06:45,163.489,163.552,163.489,163.531
2026-07-29 06:50,163.532,163.540,163.497,163.523
2026-07-29 06:55,163.523,163.551,163.511,163.530
2026-07-29 07:00,163.525,163.548,163.508,163.531
2026-07-29 07:05,163.531,163.559,163.511,163.522
2026-07-29 07:10,163.517,163.563,163.513,163.537
2026-07-29 07:15,163.543,163.550,163.505,163.524
2026-07-29 07:20,163.516,163.545,163.489,163.534
2026-07-29 07:25,163.531,163.594,163.523,163.582
2026-07-29 07:30,163.582,163.610,163.578,163.597
2026-07-29 07:35,163.592,163.602,163.561,163.566
2026-07-29 07:40,163.566,163.606,163.546,163.594
2026-07-29 07:45,163.595,163.613,163.580,163.600
2026-07-29 07:50,163.597,163.659,163.597,163.652
2026-07-29 07:55,163.650,163.693,163.645,163.679
2026-07-29 08:00,163.673,163.694,163.650,163.665
2026-07-29 08:05,163.662,163.674,163.646,163.670
2026-07-29 08:10,163.663,163.686,163.645,163.646
2026-07-29 08:15,163.646,163.656,163.631,163.634
2026-07-29 08:20,163.634,163.643,163.605,163.616
2026-07-29 08:25,163.618,163.639,163.602,163.611
2026-07-29 08:30,163.602,163.644,163.602,163.622
2026-07-29 08:35,163.626,163.630,163.603,163.604
2026-07-29 08:40,163.604,163.611,163.581,163.589
2026-07-29 08:45,163.590,163.596,163.557,163.563
2026-07-29 08:50,163.563,163.575,163.550,163.573
2026-07-29 08:55,163.566,163.604,163.565,163.578
2026-07-29 09:00,163.579,163.618,163.576,163.587
2026-07-29 09:05,163.584,163.596,163.549,163.553
2026-07-29 09:10,163.553,163.561,163.536,163.540
2026-07-29 09:15,163.537,163.544,163.521,163.530
2026-07-29 09:20,163.530,163.563,163.526,163.533
2026-07-29 09:25,163.535,163.551,163.526,163.529
2026-07-29 09:30,163.535,163.545,163.500,163.506
2026-07-29 09:35,163.503,163.565,163.497,163.564
2026-07-29 09:40,163.555,163.578,163.541,163.560
2026-07-29 09:45,163.559,163.591,163.547,163.567
2026-07-29 09:50,163.576,163.598,163.567,163.593
2026-07-29 09:55,163.588,163.614,163.583,163.605
2026-07-29 10:00,163.607,163.637,163.598,163.599
2026-07-29 10:05,163.600,163.645,163.597,163.625
2026-07-29 10:10,163.630,163.646,163.622,163.638
2026-07-29 10:15,163.635,163.653,163.613,163.627
2026-07-29 10:20,163.622,163.653,163.621,163.645
2026-07-29 10:25,163.644,163.669,163.644,163.653
2026-07-29 10:30,163.652,163.667,163.637,163.658
2026-07-29 10:35,163.662,163.686,163.656,163.679
2026-07-29 10:40,163.681,163.696,163.664,163.673
2026-07-29 10:45,163.673,163.688,163.665,163.682
2026-07-29 10:50,163.675,163.693,163.674,163.684
2026-07-29 10:55,163.680,163.689,163.648,163.652
2026-07-29 11:00,163.661,163.688,163.643,163.678
2026-07-29 11:05,163.678,163.687,163.662,163.664
2026-07-29 11:10,163.664,163.686,163.662,163.675
2026-07-29 11:15,163.675,163.686,163.653,163.659
2026-07-29 11:20,163.656,163.686,163.654,163.669
2026-07-29 11:25,163.668,163.676,163.636,163.638
2026-07-29 11:30,163.635,163.678,163.633,163.668
2026-07-29 11:35,163.662,163.680,163.654,163.654
2026-07-29 11:40,163.654,163.678,163.654,163.664
2026-07-29 11:45,163.669,163.681,163.649,163.662
2026-07-29 11:50,163.662,163.672,163.651,163.662
2026-07-29 11:55,163.659,163.671,163.638,163.639
2026-07-29 12:00,163.637,163.662,163.626,163.650
2026-07-29 12:05,163.650,163.687,163.650,163.683
2026-07-29 12:10,163.675,163.719,163.673,163.691
2026-07-29 12:15,163.691,163.769,163.689,163.748
2026-07-29 12:20,163.744,163.760,163.729,163.745
2026-07-29 12:25,163.749,163.764,163.740,163.753
2026-07-29 12:30,163.753,163.778,163.743,163.745
2026-07-29 12:35,163.745,163.757,163.731,163.742
2026-07-29 12:40,163.744,163.793,163.741,163.765
2026-07-29 12:45,163.771,163.779,163.759,163.767
2026-07-29 12:50,163.764,163.811,163.764,163.805
2026-07-29 12:55,163.798,163.821,163.792,163.800
2026-07-29 13:00,163.792,163.812,163.782,163.790
2026-07-29 13:05,163.787,163.798,163.768,163.780
2026-07-29 13:10,163.782,163.801,163.767,163.767
2026-07-29 13:15,163.770,163.779,163.753,163.757
2026-07-29 13:20,163.758,163.765,163.727,163.747
2026-07-29 13:25,163.741,163.753,163.725,163.742
2026-07-29 13:30,163.742,163.783,163.738,163.758
2026-07-29 13:35,163.760,163.777,163.744,163.747
2026-07-29 13:40,163.747,163.762,163.723,163.728
2026-07-29 13:45,163.729,163.750,163.725,163.729
2026-07-29 13:50,163.726,163.761,163.726,163.743
2026-07-29 13:55,163.744,163.768,163.743,163.745
2026-07-29 14:00,163.744,163.755,163.731,163.745
2026-07-29 14:05,163.748,163.772,163.744,163.768
2026-07-29 14:10,163.768,163.786,163.755,163.780
2026-07-29 14:15,163.779,163.793,163.770,163.777
2026-07-29 14:20,163.775,163.793,163.757,163.757
2026-07-29 14:25,163.762,163.767,163.744,163.753
2026-07-29 14:30,163.754,163.780,163.744,163.772
2026-07-29 14:35,163.772,163.792,163.768,163.788
2026-07-29 14:40,163.783,163.840,163.773,163.822
2026-07-29 14:45,163.821,163.849,163.817,163.845
2026-07-29 14:50,163.839,163.854,163.824,163.844
2026-07-29 14:55,163.848,163.887,163.843,163.883
2026-07-29 15:00,163.882,163.888,163.847,163.849
2026-07-29 15:05,163.850,163.861,163.835,163.837
2026-07-29 15:10,163.840,163.845,163.823,163.837
2026-07-29 15:15,163.833,163.869,163.825,163.863
2026-07-29 15:20,163.865,163.874,163.852,163.860
2026-07-29 15:25,163.860,163.873,163.839,163.850
2026-07-29 15:30,163.851,163.861,163.837,163.853
2026-07-29 15:35,163.854,163.862,163.839,163.854
2026-07-29 15:40,163.854,163.869,163.848,163.856
2026-07-29 15:45,163.857,163.861,163.837,163.848
2026-07-29 15:50,163.848,163.862,163.848,163.855
2026-07-29 15:55,163.850,163.871,163.839,163.858
2026-07-29 16:00,163.853,163.882,163.852,163.873
2026-07-29 16:05,163.865,163.894,163.864,163.883
2026-07-29 16:10,163.882,163.904,163.873,163.890
2026-07-29 16:15,163.888,163.897,163.877,163.884
2026-07-29 16:20,163.889,163.893,163.861,163.873
2026-07-29 16:25,163.873,163.886,163.866,163.877
2026-07-29 16:30,163.875,163.895,163.858,163.889
2026-07-29 16:35,163.890,163.897,163.874,163.877
2026-07-29 16:40,163.880,163.883,163.869,163.872
2026-07-29 16:45,163.875,163.881,163.869,163.877
2026-07-29 16:50,163.874,163.885,163.865,163.877
2026-07-29 16:55,163.878,163.895,163.871,163.888
2026-07-29 17:00,163.886,163.897,163.874,163.880
2026-07-29 17:05,163.881,163.894,163.860,163.862
2026-07-29 17:10,163.860,163.866,163.837,163.846
2026-07-29 17:15,163.837,163.855,163.828,163.830
2026-07-29 17:20,163.830,163.842,163.818,163.831
2026-07-29 17:25,163.828,163.853,163.823,163.839
2026-07-29 17:30,163.836,163.854,163.820,163.832
2026-07-29 17:35,163.834,163.856,163.828,163.845
2026-07-29 17:40,163.848,163.856,163.808,163.818
2026-07-29 17:45,163.812,163.827,163.788,163.799
2026-07-29 17:50,163.804,163.805,163.762,163.776
2026-07-29 17:55,163.778,163.799,163.760,163.763
2026-07-29 18:00,163.784,163.847,163.442,163.568
2026-07-29 18:05,163.564,163.603,163.479,163.558
2026-07-29 18:10,163.570,163.606,163.499,163.501
2026-07-29 18:15,163.504,163.563,163.473,163.554
2026-07-29 18:20,163.554,163.587,163.548,163.583
2026-07-29 18:25,163.582,163.613,163.539,163.546
2026-07-29 18:30,163.543,163.656,163.442,163.581
2026-07-29 18:35,163.583,163.628,163.468,163.478
2026-07-29 18:40,163.471,163.518,163.432,163.440
2026-07-29 18:45,163.450,163.458,163.341,163.354
2026-07-29 18:50,163.367,163.411,163.316,163.328
2026-07-29 18:55,163.325,163.380,163.310,163.317
2026-07-29 19:00,163.312,163.359,163.224,163.338
2026-07-29 19:05,163.337,163.429,163.324,163.417
2026-07-29 19:10,163.416,163.446,163.343,163.361
2026-07-29 19:15,163.360,163.377,163.248,163.260
2026-07-29 19:20,163.259,163.438,163.249,163.394
2026-07-29 19:25,163.392,163.417,163.362,163.389
2026-07-29 19:30,163.388,163.503,163.382,163.460
2026-07-29 19:35,163.468,163.485,163.409,163.425
2026-07-29 19:40,163.426,163.452,163.383,163.412
2026-07-29 19:45,163.415,163.455,163.407,163.428
2026-07-29 19:50,163.421,163.489,163.418,163.471
2026-07-29 19:55,163.472,163.519,163.462,163.508
2026-07-29 20:00,163.508,163.536,163.473,163.503
2026-07-29 20:05,163.513,163.535,163.495,163.519
2026-07-29 20:10,163.520,163.551,163.507,163.534
2026-07-29 20:15,163.524,163.562,163.518,163.541
2026-07-29 20:20,163.533,163.553,163.520,163.544
2026-07-29 20:25,163.546,163.570,163.519,163.547
2026-07-29 20:30,163.541,163.552,163.487,163.496
2026-07-29 20:35,163.495,163.505,163.473,163.490
2026-07-29 20:40,163.487,163.497,163.460,163.464
2026-07-29 20:45,163.468,163.475,163.415,163.461
2026-07-29 20:50,163.452,163.470,163.437,163.447
2026-07-29 20:55,163.438,163.458,163.344,163.370
2026-07-29 21:00,163.376,163.396,163.332,163.374
2026-07-29 21:05,163.380,163.385,163.369,163.381
2026-07-29 21:10,163.385,163.385,163.358,163.373
2026-07-29 21:15,163.383,163.386,163.362,163.382
2026-07-29 21:20,163.371,163.394,163.350,163.370
2026-07-29 21:25,163.379,163.385,163.349,163.364
2026-07-29 21:30,163.351,163.406,163.348,163.357
2026-07-29 21:35,163.381,163.414,163.341,163.372
2026-07-29 21:40,163.342,163.413,163.340,163.357
2026-07-29 21:45,163.384,163.400,163.347,163.355
2026-07-29 21:50,163.376,163.396,163.356,163.362
2026-07-29 21:55,163.365,163.410,163.361,163.377
2026-07-29 22:00,163.376,163.434,163.359,163.392
2026-07-29 22:05,163.393,163.435,163.362,163.426
2026-07-29 22:10,163.400,163.435,163.391,163.413
2026-07-29 22:15,163.413,163.423,163.379,163.417
2026-07-29 22:20,163.391,163.440,163.389,163.433
2026-07-29 22:25,163.421,163.454,163.421,163.432
2026-07-29 22:30,163.432,163.446,163.420,163.424
2026-07-29 22:35,163.418,163.433,163.404,163.422
2026-07-29 22:40,163.429,163.432,163.398,163.403
2026-07-29 22:45,163.403,163.416,163.390,163.394
2026-07-29 22:50,163.403,163.417,163.386,163.405
2026-07-29 22:55,163.393,163.405,163.372,163.376
2026-07-29 23:00,163.375,163.389,163.319,163.330
2026-07-29 23:05,163.319,163.345,163.290,163.304
2026-07-29 23:10,163.304,163.368,163.299,163.348
2026-07-29 23:15,163.349,163.384,163.348,163.370
2026-07-29 23:20,163.380,163.383,163.359,163.373
2026-07-29 23:25,163.373,163.388,163.362,163.371
2026-07-29 23:30,163.362,163.386,163.357,163.359
2026-07-29 23:35,163.368,163.382,163.358,163.376
2026-07-29 23:40,163.372,163.386,163.359,163.373
2026-07-29 23:45,163.376,163.386,163.317,163.328
2026-07-29 23:50,163.320,163.331,163.263,163.304
2026-07-29 23:55,163.304,163.336,163.293,163.300
2026-07-30 00:00,163.308,163.314,163.228,163.258
2026-07-30 00:05,163.262,163.297,163.202,163.234
2026-07-30 00:10,163.240,163.280,163.229,163.250
2026-07-30 00:15,163.254,163.342,163.244,163.332
2026-07-30 00:20,163.332,163.370,163.326,163.355
2026-07-30 00:25,163.355,163.502,163.355,163.495
2026-07-30 00:30,163.486,163.497,163.450,163.478
2026-07-30 00:35,163.468,163.517,163.450,163.495
2026-07-30 00:40,163.494,163.495,163.436,163.442
2026-07-30 00:45,163.450,163.472,163.411,163.426
2026-07-30 00:50,163.419,163.478,163.402,163.434
2026-07-30 00:55,163.435,163.498,163.411,163.493
2026-07-30 01:00,163.486,163.494,163.434,163.452
2026-07-30 01:05,163.443,163.465,163.418,163.442
2026-07-30 01:10,163.443,163.463,163.408,163.423
2026-07-30 01:15,163.429,163.475,163.425,163.454
2026-07-30 01:20,163.461,163.535,163.450,163.510
2026-07-30 01:25,163.515,163.521,163.470,163.481
2026-07-30 01:30,163.489,163.497,163.409,163.450
2026-07-30 01:35,163.445,163.453,163.416,163.443
2026-07-30 01:40,163.435,163.477,163.427,163.471
2026-07-30 01:45,163.470,163.496,163.461,163.491
2026-07-30 01:50,163.483,163.503,163.464,163.489
2026-07-30 01:55,163.480,163.518,163.478,163.502
2026-07-30 02:00,163.497,163.504,163.452,163.454
2026-07-30 02:05,163.444,163.487,163.444,163.459
2026-07-30 02:10,163.458,163.484,163.444,163.471
2026-07-30 02:15,163.471,163.502,163.470,163.488
2026-07-30 02:20,163.486,163.506,163.472,163.506
2026-07-30 02:25,163.497,163.505,163.478,163.493
2026-07-30 02:30,163.486,163.495,163.452,163.468
2026-07-30 02:35,163.465,163.482,163.456,163.474
2026-07-30 02:40,163.475,163.485,163.462,163.469
2026-07-30 02:45,163.470,163.478,163.458,163.467
2026-07-30 02:50,163.467,163.475,163.452,163.457
2026-07-30 02:55,163.457,163.490,163.455,163.483
2026-07-30 03:00,163.483,163.512,163.481,163.495
2026-07-30 03:05,163.494,163.514,163.488,163.505
2026-07-30 03:10,163.505,163.541,163.504,163.520
2026-07-30 03:15,163.520,163.547,163.518,163.534
2026-07-30 03:20,163.535,163.539,163.491,163.505
2026-07-30 03:25,163.499,163.526,163.496,163.512
2026-07-30 03:30,163.510,163.553,163.508,163.522
2026-07-30 03:35,163.529,163.530,163.506,163.512
2026-07-30 03:40,163.518,163.521,163.499,163.512
2026-07-30 03:45,163.506,163.516,163.492,163.496
2026-07-30 03:50,163.496,163.512,163.491,163.494
2026-07-30 03:55,163.494,163.501,163.491,163.496
2026-07-30 04:00,163.495,163.515,163.484,163.507
2026-07-30 04:05,163.507,163.520,163.497,163.498
2026-07-30 04:10,163.498,163.503,163.478,163.478
2026-07-30 04:15,163.478,163.478,163.456,163.474
2026-07-30 04:20,163.473,163.490,163.462,163.469
2026-07-30 04:25,163.469,163.485,163.468,163.472
2026-07-30 04:30,163.472,163.473,163.456,163.456
2026-07-30 04:35,163.458,163.475,163.457,163.466
2026-07-30 04:40,163.466,163.487,163.457,163.473
2026-07-30 04:45,163.473,163.487,163.473,163.482
2026-07-30 04:50,163.487,163.513,163.481,163.490
2026-07-30 04:55,163.489,163.507,163.482,163.484
2026-07-30 05:00,163.485,163.504,163.483,163.483
2026-07-30 05:05,163.483,163.489,163.476,163.478
2026-07-30 05:10,163.478,163.489,163.449,163.453
2026-07-30 05:15,163.453,163.488,163.453,163.481
2026-07-30 05:20,163.481,163.488,163.468,163.477
2026-07-30 05:25,163.477,163.492,163.472,163.482
2026-07-30 05:30,163.488,163.519,163.479,163.510
2026-07-30 05:35,163.510,163.521,163.499,163.510
2026-07-30 05:40,163.510,163.518,163.497,163.503
2026-07-30 05:45,163.498,163.516,163.477,163.500
2026-07-30 05:50,163.496,163.517,163.494,163.506
2026-07-30 05:55,163.500,163.548,163.500,163.532
2026-07-30 06:00,163.532,163.572,163.527,163.552
2026-07-30 06:05,163.552,163.577,163.550,163.567
2026-07-30 06:10,163.567,163.605,163.560,163.599
2026-07-30 06:15,163.594,163.619,163.585,163.612
2026-07-30 06:20,163.612,163.634,163.587,163.589
2026-07-30 06:25,163.589,163.602,163.578,163.592
2026-07-30 06:30,163.592,163.626,163.577,163.578
2026-07-30 06:35,163.583,163.596,163.549,163.570
2026-07-30 06:40,163.563,163.586,163.561,163.573
2026-07-30 06:45,163.578,163.595,163.557,163.582
2026-07-30 06:50,163.578,163.607,163.555,163.603
2026-07-30 06:55,163.598,163.644,163.598,163.634
2026-07-30 07:00,163.631,163.648,163.553,163.566
2026-07-30 07:05,163.566,163.599,163.561,163.584
2026-07-30 07:10,163.584,163.613,163.580,163.595
2026-07-30 07:15,163.598,163.628,163.595,163.617
2026-07-30 07:20,163.623,163.641,163.600,163.601
2026-07-30 07:25,163.601,163.653,163.601,163.642
2026-07-30 07:30,163.642,163.694,163.641,163.683
2026-07-30 07:35,163.683,163.703,163.663,163.665
2026-07-30 07:40,163.666,163.702,163.663,163.695
2026-07-30 07:45,163.701,163.731,163.694,163.723
2026-07-30 07:50,163.724,163.733,163.706,163.732
2026-07-30 07:55,163.733,163.739,163.716,163.732
2026-07-30 08:00,163.722,163.735,163.688,163.696
2026-07-30 08:05,163.693,163.701,163.660,163.677
2026-07-30 08:10,163.677,163.683,163.619,163.637
2026-07-30 08:15,163.637,163.660,163.622,163.655
2026-07-30 08:20,163.653,163.664,163.615,163.642
2026-07-30 08:25,163.641,163.650,163.601,163.608
2026-07-30 08:30,163.607,163.625,163.599,163.617
2026-07-30 08:35,163.617,163.652,163.616,163.648
2026-07-30 08:40,163.644,163.653,163.614,163.616
2026-07-30 08:45,163.616,163.636,163.602,163.631
2026-07-30 08:50,163.628,163.660,163.624,163.645
2026-07-30 08:55,163.649,163.660,163.636,163.648
2026-07-30 09:00,163.645,163.651,163.567,163.583
2026-07-30 09:05,163.584,163.598,163.484,163.494
2026-07-30 09:10,163.501,163.540,163.482,163.525
2026-07-30 09:15,163.525,163.543,163.478,163.501
2026-07-30 09:20,163.500,163.501,163.455,163.482
2026-07-30 09:25,163.482,163.502,163.452,163.466
2026-07-30 09:30,163.467,163.486,163.433,163.441
2026-07-30 09:35,163.440,163.445,163.378,163.419
2026-07-30 09:40,163.410,163.422,163.383,163.392
2026-07-30 09:45,163.392,163.412,163.289,163.296
2026-07-30 09:50,163.303,163.352,163.285,163.335
2026-07-30 09:55,163.335,163.342,163.275,163.306
2026-07-30 10:00,163.301,163.314,163.248,163.296
2026-07-30 10:05,163.296,163.310,163.190,163.214
2026-07-30 10:10,163.207,163.213,162.916,162.985
2026-07-30 10:15,162.980,162.990,162.258,162.854
2026-07-30 10:20,162.842,162.968,162.817,162.817
2026-07-30 10:25,162.817,162.870,162.631,162.850
2026-07-30 10:30,162.850,162.869,162.735,162.815
2026-07-30 10:35,162.816,162.851,162.787,162.807
2026-07-30 10:40,162.807,162.830,162.697,162.736
2026-07-30 10:45,162.735,162.788,162.683,162.788
2026-07-30 10:50,162.782,162.858,162.767,162.828
2026-07-30 10:55,162.823,162.854,162.808,162.815
2026-07-30 11:00,162.817,162.836,162.716,162.737
2026-07-30 11:05,162.729,162.791,162.712,162.758
2026-07-30 11:10,162.765,162.828,162.756,162.794
2026-07-30 11:15,162.790,162.824,162.769,162.814
2026-07-30 11:20,162.815,162.926,162.805,162.892
2026-07-30 11:25,162.900,162.979,162.879,162.963
2026-07-30 11:30,162.953,163.013,162.924,163.005
2026-07-30 11:35,163.005,163.043,162.967,162.999
2026-07-30 11:40,162.999,163.031,162.975,162.978
2026-07-30 11:45,162.978,162.985,162.913,162.919
2026-07-30 11:50,162.918,162.966,162.883,162.925
2026-07-30 11:55,162.918,162.934,162.870,162.887
2026-07-30 12:00,162.888,162.922,162.869,162.895
2026-07-30 12:05,162.899,162.948,162.886,162.940
2026-07-30 12:10,162.946,162.947,162.847,162.877
2026-07-30 12:15,162.870,162.939,162.869,162.905
2026-07-30 12:20,162.897,162.918,162.867,162.888
2026-07-30 12:25,162.895,162.904,162.860,162.873
2026-07-30 12:30,162.883,162.933,162.771,162.875
2026-07-30 12:35,162.866,162.890,162.765,162.780
2026-07-30 12:40,162.774,162.832,162.695,162.713
2026-07-30 12:45,162.717,162.813,162.686,162.797
2026-07-30 12:50,162.794,162.922,162.782,162.896
2026-07-30 12:55,162.897,162.957,162.883,162.956
2026-07-30 13:00,162.951,162.959,162.901,162.915
2026-07-30 13:05,162.913,162.927,162.845,162.904
2026-07-30 13:10,162.896,162.931,162.842,162.872
2026-07-30 13:15,162.882,162.905,162.862,162.864
2026-07-30 13:20,162.864,162.881,162.741,162.743
2026-07-30 13:25,162.751,162.808,162.706,162.775
2026-07-30 13:30,162.772,162.812,162.726,162.792
2026-07-30 13:35,162.796,162.810,160.758,161.033
2026-07-30 13:40,161.058,161.474,160.250,160.605
2026-07-30 13:45,160.609,160.980,160.408,160.826
2026-07-30 13:50,160.816,161.188,160.081,160.108
2026-07-30 13:55,160.141,160.273,159.721,159.745
2026-07-30 14:00,159.740,159.842,159.177,159.240
2026-07-30 14:05,159.240,159.955,158.989,159.199
2026-07-30 14:10,159.216,159.351,158.745,158.858
2026-07-30 14:15,158.864,158.888,158.225,158.272
2026-07-30 14:20,158.268,158.639,157.923,158.635
2026-07-30 14:25,158.632,159.365,158.589,159.233
2026-07-30 14:30,159.232,159.441,158.661,159.214
2026-07-30 14:35,159.209,159.403,159.158,159.370
2026-07-30 14:40,159.369,159.658,159.300,159.439
2026-07-30 14:45,159.444,159.653,159.325,159.586
2026-07-30 14:50,159.586,159.677,159.458,159.509
2026-07-30 14:55,159.496,159.559,159.271,159.278
2026-07-30 15:00,159.280,159.488,159.260,159.476
2026-07-30 15:05,159.469,159.516,158.874,159.239
2026-07-30 15:10,159.256,159.622,159.222,159.414
2026-07-30 15:15,159.422,159.519,159.347,159.448
2026-07-30 15:20,159.461,159.484,159.397,159.422
2026-07-30 15:25,159.434,159.456,159.373,159.440
2026-07-30 15:30,159.440,159.546,159.334,159.369
2026-07-30 15:35,159.364,159.431,159.300,159.321
2026-07-30 15:40,159.321,159.362,159.276,159.304
2026-07-30 15:45,159.309,159.446,159.273,159.342
2026-07-30 15:50,159.333,159.488,159.303,159.440
2026-07-30 15:55,159.438,159.476,159.387,159.472
2026-07-30 16:00,159.463,159.529,159.423,159.465
2026-07-30 16:05,159.465,159.503,159.378,159.387
2026-07-30 16:10,159.388,159.491,159.384,159.444
2026-07-30 16:15,159.439,159.502,159.384,159.394
2026-07-30 16:20,159.395,159.473,159.363,159.445
2026-07-30 16:25,159.441,159.484,159.388,159.435
2026-07-30 16:30,159.427,159.484,159.401,159.478
2026-07-30 16:35,159.478,159.546,159.464,159.520
2026-07-30 16:40,159.524,159.602,159.488,159.595
2026-07-30 16:45,159.588,159.638,159.560,159.582
2026-07-30 16:50,159.579,159.689,159.568,159.652
2026-07-30 16:55,159.651,159.666,159.560,159.562
2026-07-30 17:00,159.572,159.687,159.549,159.676
2026-07-30 17:05,159.683,159.687,159.626,159.629
2026-07-30 17:10,159.628,159.697,159.619,159.660
2026-07-30 17:15,159.662,159.732,159.658,159.717
2026-07-30 17:20,159.713,159.820,159.709,159.807
2026-07-30 17:25,159.816,159.845,159.766,159.783
2026-07-30 17:30,159.790,159.821,159.744,159.808
2026-07-30 17:35,159.813,159.824,158.498,158.541
2026-07-30 17:40,158.538,159.259,158.505,158.787
2026-07-30 17:45,158.766,159.059,158.751,159.024
2026-07-30 17:50,159.034,159.117,158.938,159.097
2026-07-30 17:55,159.099,159.142,158.972,158.996
2026-07-30 18:00,158.981,159.041,158.933,158.986
2026-07-30 18:05,158.989,159.085,158.854,158.901
2026-07-30 18:10,158.901,158.947,158.836,158.877
2026-07-30 18:15,158.874,158.993,158.842,158.989
2026-07-30 18:20,158.993,159.093,158.949,159.069
2026-07-30 18:25,159.073,159.096,158.990,159.011
2026-07-30 18:30,159.009,159.089,158.936,158.978
2026-07-30 18:35,158.975,159.097,158.970,159.086
2026-07-30 18:40,159.089,159.099,158.993,159.021
2026-07-30 18:45,159.026,159.033,158.984,159.010
2026-07-30 18:50,159.011,159.072,158.973,159.007
2026-07-30 18:55,158.999,159.035,158.874,158.888
2026-07-30 19:00,158.882,159.106,158.882,159.096
2026-07-30 19:05,159.091,159.163,159.049,159.134
2026-07-30 19:10,159.133,159.209,159.109,159.175
2026-07-30 19:15,159.174,159.240,159.168,159.199
2026-07-30 19:20,159.205,159.234,159.174,159.221
2026-07-30 19:25,159.213,159.332,159.185,159.305
2026-07-30 19:30,159.305,159.396,159.299,159.391
2026-07-30 19:35,159.382,159.431,159.373,159.419
2026-07-30 19:40,159.417,159.429,159.375,159.390
2026-07-30 19:45,159.396,159.397,159.306,159.316
2026-07-30 19:50,159.317,159.426,159.300,159.375
2026-07-30 19:55,159.381,159.383,159.273,159.337
2026-07-30 20:00,159.346,159.392,159.334,159.349
2026-07-30 20:05,159.354,159.400,159.345,159.353
2026-07-30 20:10,159.353,159.397,159.344,159.385
2026-07-30 20:15,159.395,159.466,159.376,159.451
2026-07-30 20:20,159.451,159.520,159.445,159.514
2026-07-30 20:25,159.503,159.519,159.470,159.489
2026-07-30 20:30,159.497,159.512,159.340,159.488
2026-07-30 20:35,159.494,159.544,159.474,159.486
2026-07-30 20:40,159.491,159.543,159.467,159.542
2026-07-30 20:45,159.520,159.605,159.507,159.592
2026-07-30 20:50,159.585,159.598,159.543,159.584
2026-07-30 20:55,159.581,159.590,159.441,159.524
2026-07-30 21:00,159.522,159.525,159.429,159.445
2026-07-30 21:05,159.447,159.508,159.430,159.433
2026-07-30 21:10,159.460,159.476,159.421,159.465
2026-07-30 21:15,159.471,159.501,159.469,159.491
2026-07-30 21:20,159.475,159.503,159.475,159.501
2026-07-30 21:25,159.479,159.515,159.463,159.494
2026-07-30 21:30,159.508,159.560,159.494,159.540
2026-07-30 21:35,159.534,159.561,159.517,159.560
2026-07-30 21:40,159.553,159.596,159.517,159.569
2026-07-30 21:45,159.569,159.595,159.540,159.575
2026-07-30 21:50,159.586,159.625,159.548,159.622
2026-07-30 21:55,159.622,159.671,159.555,159.619
2026-07-30 22:00,159.646,159.646,159.431,159.496
2026-07-30 22:05,159.498,159.619,159.401,159.599
2026-07-30 22:10,159.599,159.702,159.563,159.680
2026-07-30 22:15,159.651,159.772,159.641,159.710
2026-07-30 22:20,159.704,159.784,159.702,159.747
2026-07-30 22:25,159.737,159.779,159.708,159.708
2026-07-30 22:30,159.718,159.762,159.698,159.702
2026-07-30 22:35,159.714,159.731,159.353,159.484
2026-07-30 22:40,159.472,159.650,159.460,159.583
2026-07-30 22:45,159.582,159.624,159.542,159.599
2026-07-30 22:50,159.598,159.717,159.593,159.675
2026-07-30 22:55,159.677,159.709,159.662,159.704
2026-07-30 23:00,159.644,159.659,159.564,159.624
2026-07-30 23:05,159.624,159.743,159.576,159.736
2026-07-30 23:10,159.743,159.869,159.720,159.841
2026-07-30 23:15,159.831,159.925,159.790,159.794
2026-07-30 23:20,159.805,159.863,159.768,159.860
2026-07-30 23:25,159.855,159.922,159.815,159.918
2026-07-30 23:30,159.907,160.013,159.897,159.969
2026-07-30 23:35,159.965,160.161,159.951,160.128
2026-07-30 23:40,160.141,160.195,160.060,160.193
2026-07-30 23:45,160.193,160.193,160.127,160.153
2026-07-30 23:50,160.162,160.192,160.116,160.165
2026-07-30 23:55,160.178,160.213,160.124,160.174
2026-07-31 00:00,160.187,160.258,160.155,160.218
2026-07-31 00:05,160.217,160.407,160.213,160.302
2026-07-31 00:10,160.311,160.346,160.213,160.313
2026-07-31 00:15,160.311,160.360,160.213,160.228
2026-07-31 00:20,160.225,160.289,160.136,160.201
2026-07-31 00:25,160.189,160.289,160.187,160.258
2026-07-31 00:30,160.256,160.381,160.241,160.357
2026-07-31 00:35,160.360,160.527,160.338,160.499
2026-07-31 00:40,160.499,160.547,160.464,160.521
2026-07-31 00:45,160.516,160.647,160.492,160.625
2026-07-31 00:50,160.628,160.690,160.491,160.646
2026-07-31 00:55,160.633,160.647,160.424,160.536
2026-07-31 01:00,160.531,160.644,160.513,160.561
2026-07-31 01:05,160.568,160.621,160.515,160.555
2026-07-31 01:10,160.555,160.615,160.324,160.477
2026-07-31 01:15,160.486,160.589,160.460,160.506
2026-07-31 01:20,160.499,160.540,160.427,160.483
2026-07-31 01:25,160.483,160.509,160.414,160.498
2026-07-31 01:30,160.505,160.558,160.439,160.509
2026-07-31 01:35,160.539,160.597,160.512,160.587
2026-07-31 01:40,160.587,160.618,160.552,160.599
2026-07-31 01:45,160.595,160.667,160.572,160.657
2026-07-31 01:50,160.657,160.722,160.638,160.710
2026-07-31 01:55,160.706,160.746,160.667,160.727
2026-07-31 02:00,160.738,160.740,160.628,160.653
2026-07-31 02:05,160.659,160.668,160.588,160.628
2026-07-31 02:10,160.620,160.639,160.531,160.553
2026-07-31 02:15,160.556,160.617,160.553,160.612
2026-07-31 02:20,160.605,160.613,160.496,160.596
2026-07-31 02:25,160.601,160.616,160.526,160.588
2026-07-31 02:30,160.587,160.612,160.466,160.506
2026-07-31 02:35,160.506,160.565,160.500,160.538
2026-07-31 02:40,160.550,160.631,160.538,160.612
2026-07-31 02:45,160.603,160.657,160.545,160.549
2026-07-31 02:50,160.559,160.580,160.427,160.522
2026-07-31 02:55,160.509,160.578,160.470,160.512
2026-07-31 03:00,160.490,160.632,160.455,160.617
2026-07-31 03:05,160.628,160.641,160.552,160.600
2026-07-31 03:10,160.592,160.878,160.581,160.744
2026-07-31 03:15,160.743,160.841,160.699,160.784
2026-07-31 03:20,160.796,160.848,160.763,160.821
2026-07-31 03:25,160.822,160.846,160.765,160.833
2026-07-31 03:30,160.828,160.865,160.679,160.679
2026-07-31 03:35,160.684,160.730,160.647,160.688
2026-07-31 03:40,160.688,160.770,160.671,160.671
2026-07-31 03:45,160.682,160.690,160.490,160.647
2026-07-31 03:50,160.650,160.691,160.601,160.674
2026-07-31 03:55,160.688,160.688,160.577,160.608
2026-07-31 04:00,160.603,160.628,160.555,160.599
2026-07-31 04:05,160.593,160.683,160.574,160.645
2026-07-31 04:10,160.645,160.692,160.622,160.690
2026-07-31 04:15,160.684,160.746,160.664,160.688
2026-07-31 04:20,160.692,160.717,160.631,160.687
2026-07-31 04:25,160.682,160.744,160.657,160.723
2026-07-31 04:30,160.732,160.734,160.684,160.710
2026-07-31 04:35,160.708,160.755,160.695,160.737
2026-07-31 04:40,160.736,160.749,160.690,160.702
2026-07-31 04:45,160.707,160.802,160.699,160.788
2026-07-31 04:50,160.785,160.806,160.658,160.680
2026-07-31 04:55,160.684,160.727,160.657,160.682
2026-07-31 05:00,160.673,160.705,160.615,160.644
2026-07-31 05:05,160.651,160.679,160.584,160.630
2026-07-31 05:10,160.627,160.677,160.594,160.659
2026-07-31 05:15,160.659,160.669,160.582,160.617
2026-07-31 05:20,160.613,160.694,160.611,160.674
2026-07-31 05:25,160.680,160.744,160.673,160.738
2026-07-31 05:30,160.735,160.748,160.536,160.647
2026-07-31 05:35,160.654,160.694,160.610,160.660
2026-07-31 05:40,160.659,160.691,160.617,160.678
2026-07-31 05:45,160.671,160.703,160.661,160.685
2026-07-31 05:50,160.683,160.691,160.622,160.634
2026-07-31 05:55,160.631,160.648,160.554,160.597
2026-07-31 06:00,160.593,160.608,160.483,160.496
2026-07-31 06:05,160.497,160.527,160.312,160.377
2026-07-31 06:10,160.378,160.453,160.357,160.369
2026-07-31 06:15,160.378,160.463,160.369,160.448
2026-07-31 06:20,160.441,160.537,160.382,160.382
2026-07-31 06:25,160.394,160.415,160.224,160.321
2026-07-31 06:30,160.336,160.529,160.326,160.503
2026-07-31 06:35,160.500,160.505,160.338,160.392
2026-07-31 06:40,160.400,160.538,160.381,160.475
2026-07-31 06:45,160.470,160.477,160.214,160.274
2026-07-31 06:50,160.286,160.298,159.921,160.109
2026-07-31 06:55,160.101,160.285,160.054,160.282
2026-07-31 07:00,160.289,160.420,160.283,160.407
2026-07-31 07:05,160.408,160.447,160.370,160.422
2026-07-31 07:10,160.422,160.437,160.332,160.348
2026-07-31 07:15,160.358,160.422,160.270,160.370
2026-07-31 07:20,160.362,160.515,160.360,160.458
2026-07-31 07:25,160.463,160.516,160.444,160.487
2026-07-31 07:30,160.488,160.615,160.487,160.556
2026-07-31 07:35,160.555,160.589,160.522,160.548
2026-07-31 07:40,160.549,160.647,160.538,160.569
2026-07-31 07:45,160.570,160.605,160.332,160.380
2026-07-31 07:50,160.361,160.436,160.214,160.328
2026-07-31 07:55,160.323,160.391,160.199,160.200
2026-07-31 08:00,160.204,160.320,160.197,160.293
2026-07-31 08:05,160.287,160.438,160.265,160.407
2026-07-31 08:10,160.412,160.518,160.338,160.349
2026-07-31 08:15,160.346,160.361,160.214,160.232
2026-07-31 08:20,160.229,160.303,160.159,160.233
2026-07-31 08:25,160.237,160.290,160.155,160.273
2026-07-31 08:30,160.285,160.297,160.223,160.232
2026-07-31 08:35,160.235,160.245,160.073,160.073
2026-07-31 08:40,160.079,160.082,159.918,160.006
2026-07-31 08:45,159.999,160.054,159.963,160.018
2026-07-31 08:50,160.018,160.148,160.013,160.144
2026-07-31 08:55,160.147,160.157,158.518,158.923
2026-07-31 09:00,158.921,159.133,158.550,159.044
2026-07-31 09:05,159.016,159.300,158.654,159.271
2026-07-31 09:10,159.286,159.644,159.235,159.548
2026-07-31 09:15,159.539,159.620,159.459,159.502
2026-07-31 09:20,159.508,159.780,159.501,159.764
2026-07-31 09:25,159.764,159.866,159.713,159.857
2026-07-31 09:30,159.853,159.914,159.404,159.770
2026-07-31 09:35,159.785,159.953,159.768,159.901
2026-07-31 09:40,159.910,159.958,159.854,159.883
2026-07-31 09:45,159.873,159.940,159.808,159.858
2026-07-31 09:50,159.854,159.937,159.841,159.903
2026-07-31 09:55,159.907,160.087,159.891,159.989
2026-07-31 10:00,159.996,160.048,159.853,159.992
2026-07-31 10:05,160.000,160.001,159.903,159.936
2026-07-31 10:10,159.925,159.975,159.923,159.961
2026-07-31 10:15,159.953,160.141,159.953,160.093
2026-07-31 10:20,160.101,160.117,160.026,160.026
2026-07-31 10:25,160.034,160.039,159.938,159.954
2026-07-31 10:30,159.964,160.019,159.942,159.975
2026-07-31 10:35,159.976,160.003,159.946,159.958
2026-07-31 10:40,159.959,159.981,159.877,159.978
2026-07-31 10:45,159.979,160.004,159.958,159.962
2026-07-31 10:50,159.962,160.012,159.939,159.969
2026-07-31 10:55,159.967,160.032,159.949,159.985
2026-07-31 11:00,159.985,160.103,159.982,160.029
2026-07-31 11:05,160.029,160.074,159.998,160.024
2026-07-31 11:10,160.024,160.031,160.000,160.023
2026-07-31 11:15,160.030,160.103,159.991,160.101
2026-07-31 11:20,160.099,160.156,160.052,160.105
2026-07-31 11:25,160.104,160.143,160.013,160.133
2026-07-31 11:30,160.133,160.258,160.101,160.212
2026-07-31 11:35,160.211,160.235,160.120,160.136
2026-07-31 11:40,160.142,160.193,160.109,160.168
2026-07-31 11:45,160.169,160.208,160.134,160.193
2026-07-31 11:50,160.193,160.255,160.159,160.207
2026-07-31 11:55,160.198,160.217,160.144,160.208
2026-07-31 12:00,160.205,160.245,160.177,160.189
2026-07-31 12:05,160.185,160.250,160.161,160.240
2026-07-31 12:10,160.242,160.274,160.200,160.243
2026-07-31 12:15,160.243,160.399,160.187,160.355
2026-07-31 12:20,160.354,160.368,160.267,160.360
2026-07-31 12:25,160.364,160.385,160.312,160.345
2026-07-31 12:30,160.348,160.399,160.287,160.347
2026-07-31 12:35,160.344,160.416,160.328,160.393
2026-07-31 12:40,160.388,160.453,160.377,160.429
2026-07-31 12:45,160.429,160.452,160.390,160.392
2026-07-31 12:50,160.397,160.430,160.326,160.364
2026-07-31 12:55,160.361,160.397,160.311,160.365
2026-07-31 13:00,160.374,160.399,160.291,160.338
2026-07-31 13:05,160.338,160.424,160.336,160.384
2026-07-31 13:10,160.380,160.439,160.366,160.432
2026-07-31 13:15,160.427,160.539,160.376,160.411
2026-07-31 13:20,160.403,160.412,159.433,159.457
2026-07-31 13:25,159.474,159.804,159.443,159.509
2026-07-31 13:30,159.524,159.601,159.123,159.301
2026-07-31 13:35,159.301,159.508,159.125,159.374
2026-07-31 13:40,159.381,159.648,159.287,159.587
2026-07-31 13:45,159.573,159.856,159.371,159.517
2026-07-31 13:50,159.517,159.648,159.393,159.427
2026-07-31 13:55,159.428,159.533,159.415,159.482
2026-07-31 14:00,159.495,159.512,158.895,159.240
2026-07-31 14:05,159.229,159.314,159.102,159.277
2026-07-31 14:10,159.275,159.410,159.197,159.360
2026-07-31 14:15,159.361,159.460,159.228,159.300
2026-07-31 14:20,159.290,159.365,159.228,159.244
2026-07-31 14:25,159.240,159.303,159.180,159.234
2026-07-31 14:30,159.230,159.374,159.229,159.275
2026-07-31 14:35,159.271,159.529,159.251,159.404
2026-07-31 14:40,159.394,159.468,159.341,159.364
2026-07-31 14:45,159.353,159.526,159.351,159.498
2026-07-31 14:50,159.495,159.558,159.321,159.324
2026-07-31 14:55,159.329,159.356,159.182,159.237
2026-07-31 15:00,159.240,159.316,159.028,159.315
2026-07-31 15:05,159.305,159.318,158.843,159.181
2026-07-31 15:10,159.164,159.239,159.099,159.152
2026-07-31 15:15,159.151,159.232,158.940,159.214
2026-07-31 15:20,159.226,159.328,159.203,159.306
2026-07-31 15:25,159.297,159.366,159.232,159.346
2026-07-31 15:30,159.350,159.425,159.300,159.300
2026-07-31 15:35,159.297,159.333,159.179,159.211
2026-07-31 15:40,159.201,159.264,159.187,159.226
2026-07-31 15:45,159.236,159.264,159.200,159.229
2026-07-31 15:50,159.223,159.245,159.072,159.183
2026-07-31 15:55,159.182,159.233,159.127,159.165
2026-07-31 16:00,159.166,159.234,159.111,159.200
2026-07-31 16:05,159.199,159.269,159.199,159.258
2026-07-31 16:10,159.267,159.278,159.191,159.210
2026-07-31 16:15,159.209,159.270,159.193,159.232
2026-07-31 16:20,159.227,159.284,159.186,159.269
2026-07-31 16:25,159.261,159.278,159.193,159.220
2026-07-31 16:30,159.224,159.229,159.184,159.202
2026-07-31 16:35,159.204,159.257,159.176,159.256
2026-07-31 16:40,159.257,159.283,159.207,159.275
2026-07-31 16:45,159.275,159.295,159.258,159.276
2026-07-31 16:50,159.282,159.282,159.235,159.265
2026-07-31 16:55,159.262,159.370,159.257,159.359
2026-07-31 17:00,159.359,159.451,159.312,159.435
2026-07-31 17:05,159.435,159.506,159.408,159.498
2026-07-31 17:10,159.504,159.508,159.396,159.426
2026-07-31 17:15,159.421,159.484,159.421,159.460
2026-07-31 17:20,159.465,159.483,159.058,159.227
2026-07-31 17:25,159.229,159.457,158.682,158.697
2026-07-31 17:30,158.697,158.763,158.495,158.551
2026-07-31 17:35,158.565,158.565,158.289,158.295
2026-07-31 17:40,158.310,158.421,158.149,158.184
2026-07-31 17:45,158.195,158.957,158.184,158.380
2026-07-31 17:50,158.363,158.452,158.154,158.198
2026-07-31 17:55,158.197,158.531,158.162,158.489
2026-07-31 18:00,158.486,158.710,158.302,158.534
2026-07-31 18:05,158.534,158.822,158.472,158.642
2026-07-31 18:10,158.618,158.765,158.574,158.728
2026-07-31 18:15,158.715,158.790,158.684,158.711
2026-07-31 18:20,158.711,158.746,158.587,158.675
2026-07-31 18:25,158.691,158.852,158.660,158.794
2026-07-31 18:30,158.805,158.881,158.786,158.851
2026-07-31 18:35,158.848,158.906,158.754,158.819
2026-07-31 18:40,158.818,158.903,158.785,158.902
2026-07-31 18:45,158.902,159.130,158.885,159.042
2026-07-31 18:50,159.042,159.083,158.966,159.003
2026-07-31 18:55,159.008,159.057,158.874,158.883
2026-07-31 19:00,158.899,158.965,158.848,158.885
2026-07-31 19:05,158.889,159.017,158.875,158.984
2026-07-31 19:10,158.976,158.992,158.937,158.974
2026-07-31 19:15,158.987,159.056,158.974,159.026
2026-07-31 19:20,159.037,159.106,159.023,159.061
2026-07-31 19:25,159.059,159.071,159.010,159.023
2026-07-31 19:30,159.026,159.127,159.023,159.076
2026-07-31 19:35,159.076,159.240,159.062,159.203
2026-07-31 19:40,159.202,159.203,159.047,159.078
2026-07-31 19:45,159.077,159.116,159.019,159.056
2026-07-31 19:50,159.035,159.091,158.971,159.051
2026-07-31 19:55,159.069,159.184,158.998,159.175
2026-07-31 20:00,159.166,159.202,159.122,159.179
2026-07-31 20:05,159.179,159.188,158.766,158.804
2026-07-31 20:10,158.772,158.964,158.492,158.524
2026-07-31 20:15,158.489,158.662,158.061,158.084
2026-07-31 20:20,158.109,158.309,157.983,158.011
2026-07-31 20:25,158.047,158.530,157.952,157.997
2026-07-31 20:30,158.034,158.190,157.929,157.982
2026-07-31 20:35,157.958,158.086,157.745,157.770
2026-07-31 20:40,157.792,157.917,157.607,157.607
2026-07-31 20:45,157.664,157.770,157.516,157.689
2026-07-31 20:50,157.668,157.925,157.478,157.635
2026-07-31 20:55,157.634,157.739,157.151,157.538
2026-07-31 21:00,157.400,157.400,157.400,157.400
2026-08-02 23:00,157.301,157.350,157.047,157.138
2026-08-02 23:05,157.135,157.429,157.126,157.419
2026-08-02 23:10,157.408,157.620,157.370,157.545
2026-08-02 23:15,157.560,157.777,157.525,157.766
2026-08-02 23:20,157.767,157.861,157.718,157.835
2026-08-02 23:25,157.835,157.851,157.611,157.711
2026-08-02 23:30,157.700,157.785,157.601,157.760
2026-08-02 23:35,157.774,157.799,157.689,157.789
2026-08-02 23:40,157.776,157.875,157.768,157.835
2026-08-02 23:45,157.828,157.872,157.667,157.714
2026-08-02 23:50,157.702,157.748,157.644,157.644
2026-08-02 23:55,157.662,157.668,157.560,157.582
2026-08-03 00:00,157.587,157.761,157.558,157.624
2026-08-03 00:05,157.648,157.785,157.609,157.745
2026-08-03 00:10,157.733,157.858,157.678,157.820
2026-08-03 00:15,157.821,157.886,157.612,157.760
2026-08-03 00:20,157.761,157.839,157.723,157.748
2026-08-03 00:25,157.749,157.809,156.507,156.655
2026-08-03 00:30,156.648,156.701,156.183,156.195
2026-08-03 00:35,156.214,156.395,155.906,155.922
2026-08-03 00:40,155.905,155.935,155.353,155.410
2026-08-03 00:45,155.426,155.958,155.215,155.782
2026-08-03 00:50,155.777,155.912,155.287,155.705
2026-08-03 00:55,155.717,156.203,155.655,156.115
2026-08-03 01:00,156.125,156.343,155.415,156.267
2026-08-03 01:05,156.284,156.407,156.050,156.174
2026-08-03 01:10,156.168,156.239,155.903,156.106
2026-08-03 01:15,156.130,156.285,156.074,156.190
2026-08-03 01:20,156.179,156.310,156.150,156.170
2026-08-03 01:25,156.174,156.338,156.019,156.225
2026-08-03 01:30,156.222,156.394,156.163,156.328
2026-08-03 01:35,156.312,156.436,156.238,156.417
2026-08-03 01:40,156.416,156.457,156.308,156.362
2026-08-03 01:45,156.348,156.384,156.211,156.341
2026-08-03 01:50,156.332,156.374,156.263,156.331
2026-08-03 01:55,156.325,156.375,156.296,156.343
2026-08-03 02:00,156.342,156.469,156.342,156.428
2026-08-03 02:05,156.426,156.593,156.415,156.583
2026-08-03 02:10,156.566,156.631,156.513,156.519
2026-08-03 02:15,156.520,156.556,156.409,156.438
2026-08-03 02:20,156.453,156.509,156.423,156.459
2026-08-03 02:25,156.447,156.537,156.403,156.462
2026-08-03 02:30,156.469,156.499,156.422,156.447
2026-08-03 02:35,156.448,156.469,156.269,156.296
2026-08-03 02:40,156.289,156.424,156.209,156.416
2026-08-03 02:45,156.420,156.496,156.398,156.464
2026-08-03 02:50,156.475,156.496,156.447,156.461
2026-08-03 02:55,156.472,156.508,156.419,156.485
2026-08-03 03:00,156.475,156.591,156.473,156.578
2026-08-03 03:05,156.588,156.604,156.493,156.547
2026-08-03 03:10,156.556,156.646,156.508,156.542
2026-08-03 03:15,156.535,156.597,156.447,156.460
2026-08-03 03:20,156.459,156.521,156.448,156.507
2026-08-03 03:25,156.512,156.560,156.497,156.534
2026-08-03 03:30,156.522,156.585,156.522,156.537
2026-08-03 03:35,156.542,156.571,156.289,156.547
2026-08-03 03:40,156.558,156.581,156.486,156.527
2026-08-03 03:45,156.523,156.570,156.488,156.521
2026-08-03 03:50,156.528,156.583,156.518,156.563
2026-08-03 03:55,156.563,156.585,156.499,156.519
2026-08-03 04:00,156.518,156.538,156.433,156.445
2026-08-03 04:05,156.445,156.485,156.397,156.424
2026-08-03 04:10,156.424,156.526,156.407,156.438
2026-08-03 04:15,156.443,156.495,156.410,156.471
2026-08-03 04:20,156.471,156.546,156.458,156.530
2026-08-03 04:25,156.534,156.547,156.492,156.507
2026-08-03 04:30,156.499,156.544,156.472,156.519
2026-08-03 04:35,156.524,156.529,156.366,156.386
2026-08-03 04:40,156.386,156.472,156.374,156.374
2026-08-03 04:45,156.378,156.447,156.361,156.440
2026-08-03 04:50,156.430,156.529,156.430,156.517
2026-08-03 04:55,156.509,156.547,156.432,156.451
2026-08-03 05:00,156.451,156.476,156.360,156.416
2026-08-03 05:05,156.407,156.473,156.377,156.462
2026-08-03 05:10,156.468,156.498,156.437,156.449
2026-08-03 05:15,156.443,156.485,156.383,156.480
2026-08-03 05:20,156.481,156.509,156.452,156.493
2026-08-03 05:25,156.484,156.503,156.445,156.463
2026-08-03 05:30,156.455,156.481,156.378,156.378
2026-08-03 05:35,156.386,156.466,156.376,156.458
2026-08-03 05:40,156.451,156.492,156.386,156.406
2026-08-03 05:45,156.407,156.453,156.397,156.412
2026-08-03 05:50,156.401,156.449,156.398,156.416
2026-08-03 05:55,156.416,156.421,156.378,156.397
2026-08-03 06:00,156.394,156.448,156.319,156.365
2026-08-03 06:05,156.368,156.446,156.358,156.434
2026-08-03 06:10,156.440,156.470,156.402,156.418
2026-08-03 06:15,156.420,156.543,156.406,156.506
2026-08-03 06:20,156.513,156.637,156.502,156.621
2026-08-03 06:25,156.627,156.697,156.607,156.631
2026-08-03 06:30,156.622,156.693,156.569,156.598
2026-08-03 06:35,156.598,156.785,156.590,156.721
2026-08-03 06:40,156.729,156.777,156.658,156.748
2026-08-03 06:45,156.735,156.829,156.735,156.787
2026-08-03 06:50,156.803,156.839,156.747,156.839
2026-08-03 06:55,156.825,156.852,156.759,156.766
2026-08-03 07:00,156.774,156.802,156.671,156.720
2026-08-03 07:05,156.732,156.803,156.628,156.661
2026-08-03 07:10,156.655,156.694,156.566,156.582
2026-08-03 07:15,156.586,156.731,156.532,156.686
2026-08-03 07:20,156.672,156.759,156.628,156.657
2026-08-03 07:25,156.646,156.680,156.553,156.603
2026-08-03 07:30,156.596,156.606,156.471,156.526
2026-08-03 07:35,156.526,156.633,156.496,156.618
2026-08-03 07:40,156.627,156.750,156.608,156.739
2026-08-03 07:45,156.748,156.770,156.706,156.717
2026-08-03 07:50,156.717,156.775,156.716,156.727
2026-08-03 07:55,156.726,156.792,156.697,156.772
2026-08-03 08:00,156.777,156.790,156.694,156.752
2026-08-03 08:05,156.745,156.771,156.679,156.713
2026-08-03 08:10,156.712,156.747,156.649,156.746
2026-08-03 08:15,156.738,156.796,156.738,156.748
2026-08-03 08:20,156.748,156.770,156.701,156.735
2026-08-03 08:25,156.731,156.815,156.719,156.785
2026-08-03 08:30,156.791,156.846,156.783,156.823
2026-08-03 08:35,156.818,156.864,156.554,156.860
2026-08-03 08:40,156.861,156.922,156.812,156.922
2026-08-03 08:45,156.914,156.961,156.892,156.928
2026-08-03 08:50,156.937,156.942,156.865,156.872
2026-08-03 08:55,156.871,156.984,156.870,156.981
2026-08-03 09:00,156.977,156.989,156.921,156.951
2026-08-03 09:05,156.951,156.984,156.912,156.975
2026-08-03 09:10,156.976,157.040,156.938,156.963
2026-08-03 09:15,156.964,156.964,156.886,156.945
2026-08-03 09:20,156.953,156.964,156.910,156.925
2026-08-03 09:25,156.934,157.009,156.925,156.985
2026-08-03 09:30,156.984,157.033,156.959,157.019
2026-08-03 09:35,157.014,157.081,157.013,157.059
2026-08-03 09:40,157.050,157.136,157.035,157.075
2026-08-03 09:45,157.078,157.109,156.846,156.983
2026-08-03 09:50,156.990,157.032,156.891,156.902
2026-08-03 09:55,156.902,157.094,156.888,157.083
2026-08-03 10:00,157.092,157.096,156.994,157.036
2026-08-03 10:05,157.032,157.059,156.934,156.938
2026-08-03 10:10,156.938,156.993,156.932,156.950
2026-08-03 10:15,156.950,156.987,156.909,156.953
2026-08-03 10:20,156.943,157.004,156.942,156.973
2026-08-03 10:25,156.973,156.984,156.923,156.934
2026-08-03 10:30,156.925,156.938,156.879,156.890
2026-08-03 10:35,156.894,156.926,156.865,156.899
2026-08-03 10:40,156.897,156.971,156.887,156.952
2026-08-03 10:45,156.952,157.014,156.947,156.957
2026-08-03 10:50,156.957,156.982,156.665,156.861
2026-08-03 10:55,156.850,156.898,156.787,156.817
2026-08-03 11:00,156.815,156.869,156.752,156.847
2026-08-03 11:05,156.847,156.859,156.783,156.799
2026-08-03 11:10,156.807,156.844,156.776,156.785
2026-08-03 11:15,156.779,156.864,156.760,156.849
2026-08-03 11:20,156.854,156.917,156.845,156.909
2026-08-03 11:25,156.913,156.962,156.887,156.956
2026-08-03 11:30,156.956,156.974,156.909,156.924
2026-08-03 11:35,156.918,156.977,156.915,156.965
2026-08-03 11:40,156.972,156.994,156.915,156.937
2026-08-03 11:45,156.937,156.947,156.897,156.898
2026-08-03 11:50,156.898,156.908,156.566,156.797
2026-08-03 11:55,156.794,156.813,156.650,156.655
2026-08-03 12:00,156.655,156.716,156.628,156.662
2026-08-03 12:05,156.666,156.738,156.654,156.681
2026-08-03 12:10,156.681,156.722,156.582,156.615
2026-08-03 12:15,156.609,156.680,156.601,156.645
2026-08-03 12:20,156.651,156.716,156.625,156.650
2026-08-03 12:25,156.647,156.726,156.646,156.699
2026-08-03 12:30,156.691,156.758,156.678,156.707
2026-08-03 12:35,156.705,156.798,156.682,156.784
2026-08-03 12:40,156.783,156.884,156.778,156.857
2026-08-03 12:45,156.856,156.884,156.828,156.869
2026-08-03 12:50,156.865,156.895,156.802,156.824
2026-08-03 12:55,156.824,156.840,156.752,156.822
2026-08-03 13:00,156.814,156.862,156.764,156.805
2026-08-03 13:05,156.811,156.848,156.765,156.817
2026-08-03 13:10,156.812,156.826,156.765,156.778
2026-08-03 13:15,156.778,156.791,156.581,156.588
2026-08-03 13:20,156.578,156.646,156.386,156.600
2026-08-03 13:25,156.600,156.618,156.459,156.469
2026-08-03 13:30,156.461,156.525,156.321,156.415
2026-08-03 13:35,156.405,156.459,156.355,156.422
2026-08-03 13:40,156.432,156.434,156.297,156.355
2026-08-03 13:45,156.350,156.506,156.322,156.413
2026-08-03 13:50,156.400,156.457,156.356,156.392
2026-08-03 13:55,156.382,156.519,156.344,156.434
2026-08-03 14:00,156.479,156.568,156.429,156.510
2026-08-03 14:05,156.515,156.584,156.477,156.514
2026-08-03 14:10,156.521,156.618,156.473,156.616
2026-08-03 14:15,156.615,156.618,156.222,156.448
2026-08-03 14:20,156.448,156.556,156.416,156.501
2026-08-03 14:25,156.501,156.550,156.493,156.532
2026-08-03 14:30,156.526,156.538,156.463,156.500
2026-08-03 14:35,156.507,156.593,156.495,156.585
2026-08-03 14:40,156.584,156.698,156.538,156.654
2026-08-03 14:45,156.651,156.753,156.643,156.666
2026-08-03 14:50,156.662,156.681,156.611,156.638
2026-08-03 14:55,156.635,156.660,156.480,156.550
2026-08-03 15:00,156.560,156.669,156.548,156.646
2026-08-03 15:05,156.642,156.775,156.608,156.769
2026-08-03 15:10,156.765,156.773,156.726,156.762
2026-08-03 15:15,156.758,156.789,156.731,156.776
2026-08-03 15:20,156.776,156.830,156.770,156.818
2026-08-03 15:25,156.823,156.865,156.768,156.778
2026-08-03 15:30,156.780,156.800,156.715,156.728
2026-08-03 15:35,156.732,156.786,156.712,156.775
2026-08-03 15:40,156.775,156.903,156.764,156.894
2026-08-03 15:45,156.887,157.001,156.866,156.944
2026-08-03 15:50,156.942,157.035,156.938,156.998
2026-08-03 15:55,156.993,157.023,156.949,156.970
2026-08-03 16:00,156.958,156.971,156.932,156.959
2026-08-03 16:05,156.951,156.975,156.854,156.960
2026-08-03 16:10,156.959,156.963,156.841,156.855
2026-08-03 16:15,156.856,156.894,156.577,156.862
2026-08-03 16:20,156.863,156.913,156.835,156.872
2026-08-03 16:25,156.863,156.877,156.815,156.865
2026-08-03 16:30,156.863,156.939,156.833,156.918
2026-08-03 16:35,156.921,156.969,156.912,156.913
2026-08-03 16:40,156.924,156.924,156.865,156.880
2026-08-03 16:45,156.876,156.911,156.851,156.898
2026-08-03 16:50,156.890,156.904,156.847,156.883
2026-08-03 16:55,156.877,156.917,156.858,156.888
2026-08-03 17:00,156.891,156.943,156.872,156.936
2026-08-03 17:05,156.936,156.976,156.927,156.958
2026-08-03 17:10,156.953,156.973,156.923,156.938
2026-08-03 17:15,156.947,156.994,156.937,156.968
2026-08-03 17:20,156.964,156.994,156.952,156.987
2026-08-03 17:25,156.986,156.988,156.952,156.968
2026-08-03 17:30,156.964,156.976,156.952,156.965
2026-08-03 17:35,156.966,157.012,156.957,157.002
2026-08-03 17:40,157.002,157.012,156.901,156.957
2026-08-03 17:45,156.954,156.963,156.912,156.952
2026-08-03 17:50,156.942,156.988,156.942,156.968
2026-08-03 17:55,156.967,157.038,156.949,157.025
2026-08-03 18:00,157.013,157.083,157.009,157.040
2026-08-03 18:05,157.042,157.050,156.952,156.952
2026-08-03 18:10,156.958,156.984,156.930,156.954
2026-08-03 18:15,156.963,156.963,156.870,156.881
2026-08-03 18:20,156.880,156.910,156.833,156.899
2026-08-03 18:25,156.894,156.913,156.858,156.893
2026-08-03 18:30,156.898,156.904,156.818,156.890
2026-08-03 18:35,156.895,156.919,156.828,156.890
2026-08-03 18:40,156.883,156.893,156.819,156.843
2026-08-03 18:45,156.837,156.903,156.799,156.823
2026-08-03 18:50,156.824,156.824,156.736,156.746
2026-08-03 18:55,156.749,156.806,156.666,156.783
2026-08-03 19:00,156.776,156.818,156.741,156.787
2026-08-03 19:05,156.777,156.817,156.756,156.813
2026-08-03 19:10,156.804,156.864,156.802,156.835
2026-08-03 19:15,156.834,156.864,156.832,156.840
2026-08-03 19:20,156.840,156.877,156.838,156.838
2026-08-03 19:25,156.840,156.864,156.826,156.854
2026-08-03 19:30,156.850,156.910,156.848,156.879
2026-08-03 19:35,156.884,156.890,156.865,156.878
2026-08-03 19:40,156.882,156.902,156.868,156.875
2026-08-03 19:45,156.878,156.930,156.876,156.915
2026-08-03 19:50,156.907,156.929,156.904,156.914
2026-08-03 19:55,156.913,156.966,156.906,156.941
2026-08-03 20:00,156.949,156.974,156.942,156.963
2026-08-03 20:05,156.956,157.024,156.950,157.014
2026-08-03 20:10,157.008,157.053,156.994,157.038
2026-08-03 20:15,157.039,157.105,157.039,157.081
2026-08-03 20:20,157.084,157.135,156.852,156.987
2026-08-03 20:25,156.967,157.223,156.953,157.158
2026-08-03 20:30,157.179,157.196,157.127,157.138
2026-08-03 20:35,157.138,157.161,157.048,157.116
2026-08-03 20:40,157.130,157.151,157.072,157.130
2026-08-03 20:45,157.129,157.199,157.120,157.198
2026-08-03 20:50,157.177,157.208,157.151,157.201
2026-08-03 20:55,157.182,157.222,157.122,157.190
2026-08-03 21:00,157.143,157.189,157.141,157.154
2026-08-03 21:05,157.145,157.166,157.143,157.166
2026-08-03 21:10,157.136,157.175,157.129,157.153
2026-08-03 21:15,157.155,157.178,157.140,157.142
2026-08-03 21:20,157.152,157.174,157.137,157.156
2026-08-03 21:25,157.173,157.174,157.136,157.153
2026-08-03 21:30,157.153,157.194,157.138,157.181
2026-08-03 21:35,157.161,157.190,157.144,157.144
2026-08-03 21:40,157.144,157.183,157.144,157.172
2026-08-03 21:45,157.148,157.182,157.145,157.176
2026-08-03 21:50,157.185,157.199,157.138,157.166
2026-08-03 21:55,157.199,157.199,157.131,157.167
2026-08-03 22:00,157.167,157.438,157.144,157.341
2026-08-03 22:05,157.364,157.407,157.326,157.386
2026-08-03 22:10,157.398,157.425,157.353,157.389
2026-08-03 22:15,157.409,157.413,157.344,157.367
2026-08-03 22:20,157.383,157.412,157.361,157.396
2026-08-03 22:25,157.397,157.402,157.373,157.377
2026-08-03 22:30,157.386,157.391,157.285,157.320
2026-08-03 22:35,157.311,157.395,157.285,157.394
2026-08-03 22:40,157.391,157.408,157.344,157.379
2026-08-03 22:45,157.380,157.386,157.343,157.349
2026-08-03 22:50,157.356,157.385,157.328,157.345
2026-08-03 22:55,157.334,157.372,157.331,157.359
2026-08-03 23:00,157.339,157.363,157.285,157.358
2026-08-03 23:05,157.349,157.364,157.303,157.319
2026-08-03 23:10,157.319,157.359,157.308,157.331
2026-08-03 23:15,157.339,157.342,157.248,157.323
2026-08-03 23:20,157.331,157.373,157.316,157.371
2026-08-03 23:25,157.360,157.380,157.345,157.377
2026-08-03 23:30,157.360,157.436,157.359,157.418
2026-08-03 23:35,157.414,157.522,157.407,157.507
2026-08-03 23:40,157.505,157.551,157.485,157.529
2026-08-03 23:45,157.527,157.669,157.520,157.575
2026-08-03 23:50,157.590,157.652,157.540,157.628
2026-08-03 23:55,157.614,157.642,157.526,157.544
2026-08-04 00:00,157.543,157.552,157.391,157.460
2026-08-04 00:05,157.447,157.517,157.325,157.330
2026-08-04 00:10,157.330,157.444,157.328,157.415
2026-08-04 00:15,157.431,157.455,157.345,157.354
2026-08-04 00:20,157.347,157.364,157.214,157.265
2026-08-04 00:25,157.252,157.347,157.241,157.322
2026-08-04 00:30,157.331,157.396,157.314,157.349
2026-08-04 00:35,157.356,157.399,157.290,157.306
2026-08-04 00:40,157.312,157.447,157.299,157.394
2026-08-04 00:45,157.407,157.487,157.381,157.466
2026-08-04 00:50,157.471,157.546,157.375,157.396
2026-08-04 00:55,157.392,157.516,157.379,157.489
2026-08-04 01:00,157.489,157.623,157.489,157.549
2026-08-04 01:05,157.564,157.612,157.528,157.566
2026-08-04 01:10,157.566,157.589,157.528,157.580
2026-08-04 01:15,157.577,157.581,157.458,157.472
2026-08-04 01:20,157.461,157.546,157.456,157.495
2026-08-04 01:25,157.492,157.555,157.469,157.542
2026-08-04 01:30,157.543,157.551,157.442,157.451
2026-08-04 01:35,157.462,157.494,157.410,157.428
2026-08-04 01:40,157.421,157.441,157.383,157.429
2026-08-04 01:45,157.419,157.509,157.417,157.498
2026-08-04 01:50,157.503,157.554,157.449,157.547
2026-08-04 01:55,157.553,157.616,157.516,157.605
2026-08-04 02:00,157.604,157.729,157.581,157.710
2026-08-04 02:05,157.719,157.727,157.654,157.657
2026-08-04 02:10,157.657,157.715,157.618,157.641
2026-08-04 02:15,157.651,157.651,157.599,157.628
2026-08-04 02:20,157.630,157.706,157.620,157.704
2026-08-04 02:25,157.704,157.748,157.677,157.692
2026-08-04 02:30,157.699,157.702,157.657,157.688
2026-08-04 02:35,157.679,157.699,157.669,157.673
2026-08-04 02:40,157.674,157.699,157.628,157.631
2026-08-04 02:45,157.645,157.670,157.619,157.661
2026-08-04 02:50,157.666,157.730,157.655,157.714
2026-08-04 02:55,157.710,157.732,157.703,157.717
2026-08-04 03:00,157.709,157.719,157.656,157.696
2026-08-04 03:05,157.693,157.718,157.664,157.672
2026-08-04 03:10,157.672,157.681,157.631,157.675
2026-08-04 03:15,157.676,157.677,157.592,157.617
2026-08-04 03:20,157.620,157.630,157.572,157.593
2026-08-04 03:25,157.592,157.607,157.557,157.590
2026-08-04 03:30,157.591,157.637,157.588,157.628
2026-08-04 03:35,157.626,157.629,157.426,157.592
2026-08-04 03:40,157.596,157.638,157.566,157.601
2026-08-04 03:45,157.601,157.617,157.591,157.605
2026-08-04 03:50,157.605,157.648,157.577,157.616
2026-08-04 03:55,157.616,157.660,157.602,157.653
2026-08-04 04:00,157.651,157.662,157.601,157.603
2026-08-04 04:05,157.604,157.667,157.601,157.639
2026-08-04 04:10,157.630,157.649,157.613,157.633
2026-08-04 04:15,157.633,157.674,157.631,157.659
2026-08-04 04:20,157.662,157.669,157.643,157.644
2026-08-04 04:25,157.650,157.654,157.599,157.619
2026-08-04 04:30,157.614,157.628,157.591,157.595
2026-08-04 04:35,157.600,157.612,157.518,157.518
2026-08-04 04:40,157.527,157.530,157.466,157.506
2026-08-04 04:45,157.506,157.519,157.480,157.513
2026-08-04 04:50,157.509,157.567,157.500,157.554
2026-08-04 04:55,157.550,157.557,157.529,157.536
2026-08-04 05:00,157.538,157.558,157.495,157.510
2026-08-04 05:05,157.507,157.553,157.501,157.543
2026-08-04 05:10,157.547,157.597,157.534,157.584
2026-08-04 05:15,157.581,157.605,157.563,157.595
2026-08-04 05:20,157.604,157.631,157.556,157.563
2026-08-04 05:25,157.556,157.591,157.542,157.572
2026-08-04 05:30,157.570,157.625,157.555,157.603
2026-08-04 05:35,157.602,157.666,157.580,157.654
2026-08-04 05:40,157.660,157.706,157.653,157.704
2026-08-04 05:45,157.693,157.742,157.693,157.706
2026-08-04 05:50,157.703,157.722,157.699,157.705
2026-08-04 05:55,157.714,157.716,157.672,157.703
2026-08-04 06:00,157.703,157.713,157.644,157.667
2026-08-04 06:05,157.659,157.715,157.646,157.706
2026-08-04 06:10,157.704,157.770,157.631,157.666
2026-08-04 06:15,157.658,157.683,157.548,157.649
2026-08-04 06:20,157.645,157.666,157.602,157.625
2026-08-04 06:25,157.618,157.692,157.606,157.681
2026-08-04 06:30,157.681,157.696,157.607,157.626
2026-08-04 06:35,157.626,157.666,157.623,157.657
2026-08-04 06:40,157.657,157.752,157.657,157.717
2026-08-04 06:45,157.719,157.770,157.718,157.737
2026-08-04 06:50,157.747,157.748,157.708,157.729
2026-08-04 06:55,157.720,157.729,157.632,157.672
2026-08-04 07:00,157.681,157.763,157.647,157.667
2026-08-04 07:05,157.659,157.692,157.644,157.689
2026-08-04 07:10,157.679,157.748,157.673,157.740
2026-08-04 07:15,157.740,157.761,157.616,157.639
2026-08-04 07:20,157.635,157.678,157.609,157.634
2026-08-04 07:25,157.638,157.680,157.629,157.668
2026-08-04 07:30,157.667,157.677,157.605,157.656
2026-08-04 07:35,157.655,157.803,157.655,157.764
2026-08-04 07:40,157.760,157.841,157.749,157.817
2026-08-04 07:45,157.808,157.830,157.768,157.792
2026-08-04 07:50,157.798,157.818,157.746,157.768
2026-08-04 07:55,157.772,157.831,157.766,157.805
2026-08-04 08:00,157.809,157.814,157.775,157.797
2026-08-04 08:05,157.796,157.817,157.779,157.805
2026-08-04 08:10,157.800,157.816,157.788,157.788
2026-08-04 08:15,157.788,157.814,157.776,157.804
2026-08-04 08:20,157.797,157.818,157.752,157.752
2026-08-04 08:25,157.758,157.783,157.717,157.750
2026-08-04 08:30,157.745,157.814,157.745,157.757
2026-08-04 08:35,157.757,157.786,157.738,157.749
2026-08-04 08:40,157.745,157.769,157.735,157.755
2026-08-04 08:45,157.748,157.787,157.744,157.774
2026-08-04 08:50,157.769,157.818,157.768,157.808
2026-08-04 08:55,157.808,157.820,157.784,157.797
2026-08-04 09:00,157.798,157.860,157.786,157.852
2026-08-04 09:05,157.851,157.943,157.847,157.916
2026-08-04 09:10,157.909,157.932,157.860,157.887
2026-08-04 09:15,157.879,157.916,157.846,157.849
2026-08-04 09:20,157.847,157.898,157.847,157.862
2026-08-04 09:25,157.861,157.881,157.842,157.858
2026-08-04 09:30,157.863,157.905,157.847,157.865
2026-08-04 09:35,157.861,157.888,157.848,157.882
2026-08-04 09:40,157.872,157.913,157.849,157.902
2026-08-04 09:45,157.903,157.949,157.897,157.938
2026-08-04 09:50,157.937,157.958,157.908,157.933
2026-08-04 09:55,157.937,157.940,157.887,157.913
2026-08-04 10:00,157.909,157.913,157.853,157.906
2026-08-04 10:05,157.899,157.957,157.898,157.937
2026-08-04 10:10,157.937,157.947,157.902,157.925
2026-08-04 10:15,157.925,157.955,157.917,157.919
2026-08-04 10:20,157.928,157.943,157.895,157.902
2026-08-04 10:25,157.903,157.917,157.868,157.883
2026-08-04 10:30,157.883,157.907,157.855,157.886
2026-08-04 10:35,157.884,157.898,157.831,157.878
2026-08-04 10:40,157.869,157.883,157.752,157.817
2026-08-04 10:45,157.810,157.837,157.762,157.826
2026-08-04 10:50,157.836,157.874,157.824,157.842
2026-08-04 10:55,157.842,157.855,157.799,157.819
2026-08-04 11:00,157.816,157.854,157.800,157.831
2026-08-04 11:05,157.830,157.846,157.793,157.801
2026-08-04 11:10,157.800,157.819,157.748,157.768
2026-08-04 11:15,157.762,157.785,157.731,157.748
2026-08-04 11:20,157.752,157.756,157.676,157.727
2026-08-04 11:25,157.718,157.733,157.685,157.689
2026-08-04 11:30,157.692,157.747,157.580,157.675
2026-08-04 11:35,157.671,157.708,157.520,157.540
2026-08-04 11:40,157.536,157.657,157.527,157.569
2026-08-04 11:45,157.571,157.645,157.537,157.633
2026-08-04 11:50,157.644,157.646,157.585,157.629
2026-08-04 11:55,157.619,157.649,157.340,157.467
2026-08-04 12:00,157.455,157.492,157.336,157.357
2026-08-04 12:05,157.366,157.432,157.296,157.405
2026-08-04 12:10,157.414,157.470,157.396,157.456
2026-08-04 12:15,157.451,157.543,157.446,157.527
2026-08-04 12:20,157.533,157.594,157.502,157.544
2026-08-04 12:25,157.553,157.581,157.488,157.580
2026-08-04 12:30,157.578,157.580,157.484,157.490
2026-08-04 12:35,157.490,157.501,157.436,157.460
2026-08-04 12:40,157.468,157.497,157.450,157.473
2026-08-04 12:45,157.481,157.496,157.399,157.415
2026-08-04 12:50,157.410,157.474,157.410,157.440
2026-08-04 12:55,157.437,157.531,157.429,157.527
2026-08-04 13:00,157.522,157.554,157.494,157.528
2026-08-04 13:05,157.523,157.552,157.516,157.523
2026-08-04 13:10,157.528,157.544,157.487,157.518
2026-08-04 13:15,157.514,157.571,157.508,157.525
2026-08-04 13:20,157.525,157.533,157.359,157.423
2026-08-04 13:25,157.423,157.445,157.392,157.414
2026-08-04 13:30,157.414,157.423,157.346,157.368
2026-08-04 13:35,157.369,157.382,157.232,157.239
2026-08-04 13:40,157.241,157.323,157.205,157.297
2026-08-04 13:45,157.288,157.384,157.287,157.373
2026-08-04 13:50,157.364,157.399,157.344,157.395
2026-08-04 13:55,157.387,157.456,157.366,157.424
2026-08-04 14:00,157.395,157.445,157.370,157.383
2026-08-04 14:05,157.374,157.392,157.288,157.319
2026-08-04 14:10,157.319,157.375,157.300,157.362
2026-08-04 14:15,157.366,157.441,157.310,157.439
2026-08-04 14:20,157.434,157.494,157.431,157.460
2026-08-04 14:25,157.460,157.479,157.432,157.470
2026-08-04 14:30,157.469,157.499,157.448,157.486
2026-08-04 14:35,157.491,157.578,157.471,157.524
2026-08-04 14:40,157.524,157.563,157.508,157.561
2026-08-04 14:45,157.551,157.613,157.544,157.605
2026-08-04 14:50,157.608,157.639,157.546,157.587
2026-08-04 14:55,157.588,157.622,157.548,157.554
2026-08-04 15:00,157.552,157.618,157.547,157.573
2026-08-04 15:05,157.574,157.585,157.521,157.540
2026-08-04 15:10,157.535,157.552,157.508,157.536
2026-08-04 15:15,157.541,157.579,157.532,157.578
2026-08-04 15:20,157.574,157.613,157.566,157.574
2026-08-04 15:25,157.575,157.593,157.546,157.547
2026-08-04 15:30,157.550,157.558,157.491,157.525
2026-08-04 15:35,157.526,157.556,157.400,157.411
2026-08-04 15:40,157.424,157.445,157.398,157.405
2026-08-04 15:45,157.402,157.417,157.372,157.409
2026-08-04 15:50,157.400,157.434,157.397,157.409
2026-08-04 15:55,157.401,157.459,157.400,157.440
2026-08-04 16:00,157.435,157.493,157.427,157.485
2026-08-04 16:05,157.481,157.529,157.481,157.523
2026-08-04 16:10,157.521,157.524,157.465,157.484
2026-08-04 16:15,157.489,157.503,157.434,157.436
2026-08-04 16:20,157.441,157.460,157.423,157.454
2026-08-04 16:25,157.444,157.486,157.442,157.465
2026-08-04 16:30,157.465,157.551,157.462,157.545
2026-08-04 16:35,157.545,157.584,157.545,157.576
2026-08-04 16:40,157.575,157.605,157.562,157.584
2026-08-04 16:45,157.584,157.597,157.570,157.592
2026-08-04 16:50,157.593,157.626,157.583,157.613
2026-08-04 16:55,157.614,157.634,157.562,157.571
2026-08-04 17:00,157.571,157.580,157.519,157.549
2026-08-04 17:05,157.545,157.612,157.537,157.606
2026-08-04 17:10,157.606,157.616,157.555,157.561
2026-08-04 17:15,157.562,157.631,157.560,157.623
2026-08-04 17:20,157.619,157.646,157.608,157.639
2026-08-04 17:25,157.633,157.642,157.596,157.611
2026-08-04 17:30,157.611,157.633,157.609,157.610
2026-08-04 17:35,157.620,157.620,157.597,157.617
2026-08-04 17:40,157.611,157.618,157.570,157.576
2026-08-04 17:45,157.581,157.607,157.573,157.588
2026-08-04 17:50,157.593,157.596,157.572,157.585
2026-08-04 17:55,157.581,157.607,157.574,157.598
2026-08-04 18:00,157.597,157.642,157.596,157.628
2026-08-04 18:05,157.622,157.634,157.601,157.630
2026-08-04 18:10,157.625,157.653,157.623,157.628
2026-08-04 18:15,157.623,157.699,157.623,157.659
2026-08-04 18:20,157.659,157.675,157.635,157.652
2026-08-04 18:25,157.649,157.673,157.638,157.666
2026-08-04 18:30,157.661,157.682,157.652,157.665
2026-08-04 18:35,157.665,157.678,157.642,157.660
2026-08-04 18:40,157.665,157.684,157.657,157.665
2026-08-04 18:45,157.667,157.688,157.655,157.676
2026-08-04 18:50,157.679,157.684,157.645,157.658
2026-08-04 18:55,157.658,157.668,157.603,157.652
2026-08-04 19:00,157.648,157.745,157.628,157.734
2026-08-04 19:05,157.727,157.762,157.720,157.733
2026-08-04 19:10,157.742,157.794,157.731,157.784
2026-08-04 19:15,157.784,157.797,157.762,157.777
2026-08-04 19:20,157.776,157.795,157.773,157.788
2026-08-04 19:25,157.789,157.793,157.767,157.781
2026-08-04 19:30,157.772,157.793,157.759,157.778
2026-08-04 19:35,157.779,157.781,157.745,157.764
2026-08-04 19:40,157.759,157.792,157.755,157.789
2026-08-04 19:45,157.784,157.799,157.782,157.787
2026-08-04 19:50,157.788,157.835,157.781,157.827
2026-08-04 19:55,157.821,157.833,157.711,157.757
2026-08-04 20:00,157.757,157.781,157.741,157.754
2026-08-04 20:05,157.748,157.762,157.730,157.747
2026-08-04 20:10,157.747,157.753,157.729,157.741
2026-08-04 20:15,157.733,157.742,157.682,157.690
2026-08-04 20:20,157.684,157.707,157.669,157.684
2026-08-04 20:25,157.690,157.730,157.683,157.717
2026-08-04 20:30,157.710,157.733,157.707,157.722
2026-08-04 20:35,157.722,157.746,157.710,157.742
2026-08-04 20:40,157.733,157.756,157.730,157.741
2026-08-04 20:45,157.742,157.750,157.720,157.726
2026-08-04 20:50,157.730,157.753,157.705,157.743
2026-08-04 20:55,157.739,157.757,157.674,157.749
2026-08-04 21:00,157.713,157.790,157.689,157.719
2026-08-04 21:05,157.712,157.784,157.712,157.773
2026-08-04 21:10,157.756,157.787,157.746,157.773
2026-08-04 21:15,157.767,157.783,157.742,157.756
2026-08-04 21:20,157.756,157.772,157.691,157.702
2026-08-04 21:25,157.710,157.737,157.688,157.692
2026-08-04 21:30,157.692,157.732,157.691,157.710
2026-08-04 21:35,157.711,157.741,157.695,157.712
2026-08-04 21:40,157.717,157.769,157.704,157.764
2026-08-04 21:45,157.764,157.791,157.740,157.778
2026-08-04 21:50,157.777,157.795,157.755,157.788
2026-08-04 21:55,157.786,157.797,157.683,157.703
2026-08-04 22:00,157.703,157.747,157.675,157.740
2026-08-04 22:05,157.724,157.746,157.661,157.674
2026-08-04 22:10,157.690,157.726,157.674,157.704
2026-08-04 22:15,157.704,157.728,157.691,157.718
2026-08-04 22:20,157.703,157.754,157.703,157.728
2026-08-04 22:25,157.744,157.760,157.706,157.738
2026-08-04 22:30,157.738,157.764,157.722,157.748
2026-08-04 22:35,157.748,157.751,157.719,157.737
2026-08-04 22:40,157.736,157.747,157.714,157.717
2026-08-04 22:45,157.718,157.739,157.698,157.708
2026-08-04 22:50,157.705,157.734,157.692,157.698
2026-08-04 22:55,157.698,157.731,157.697,157.716
2026-08-04 23:00,157.720,157.767,157.704,157.752
2026-08-04 23:05,157.752,157.765,157.739,157.746
2026-08-04 23:10,157.755,157.788,157.746,157.775
2026-08-04 23:15,157.775,157.793,157.766,157.776
2026-08-04 23:20,157.782,157.783,157.754,157.765
2026-08-04 23:25,157.762,157.795,157.757,157.794
2026-08-04 23:30,157.779,157.808,157.779,157.784
2026-08-04 23:35,157.784,157.799,157.769,157.791
2026-08-04 23:40,157.781,157.809,157.781,157.789
2026-08-04 23:45,157.789,157.807,157.752,157.753
2026-08-04 23:50,157.753,157.768,157.743,157.747
2026-08-04 23:55,157.747,157.759,157.648,157.706
2026-08-05 00:00,157.692,157.756,157.671,157.736
2026-08-05 00:05,157.732,157.743,157.658,157.667
2026-08-05 00:10,157.662,157.717,157.662,157.678
2026-08-05 00:15,157.670,157.716,157.625,157.643
2026-08-05 00:20,157.643,157.655,157.566,157.607
2026-08-05 00:25,157.615,157.646,157.598,157.635
2026-08-05 00:30,157.636,157.658,157.571,157.606
2026-08-05 00:35,157.595,157.632,157.591,157.604
2026-08-05 00:40,157.595,157.666,157.594,157.660
2026-08-05 00:45,157.653,157.674,157.600,157.645
2026-08-05 00:50,157.635,157.657,157.510,157.537
2026-08-05 00:55,157.536,157.569,157.443,157.552
2026-08-05 01:00,157.561,157.631,157.544,157.592
2026-08-05 01:05,157.592,157.611,157.523,157.536
2026-08-05 01:10,157.540,157.575,157.520,157.535
2026-08-05 01:15,157.535,157.581,157.502,157.510
2026-08-05 01:20,157.510,157.610,157.509,157.595
2026-08-05 01:25,157.595,157.647,157.588,157.629
2026-08-05 01:30,157.619,157.646,157.594,157.614
2026-08-05 01:35,157.604,157.654,157.596,157.639
2026-08-05 01:40,157.638,157.681,157.621,157.630
2026-08-05 01:45,157.621,157.646,157.596,157.615
2026-08-05 01:50,157.616,157.650,157.605,157.623
2026-08-05 01:55,157.622,157.646,157.613,157.644
2026-08-05 02:00,157.635,157.700,157.615,157.664
2026-08-05 02:05,157.673,157.685,157.587,157.620
2026-08-05 02:10,157.611,157.645,157.559,157.568
2026-08-05 02:15,157.559,157.583,157.535,157.559
2026-08-05 02:20,157.559,157.572,157.483,157.507
2026-08-05 02:25,157.508,157.509,157.387,157.485
2026-08-05 02:30,157.486,157.498,157.436,157.446
2026-08-05 02:35,157.452,157.493,157.361,157.408
2026-08-05 02:40,157.408,157.408,157.302,157.308
2026-08-05 02:45,157.313,157.370,157.298,157.368
2026-08-05 02:50,157.359,157.432,157.338,157.410
2026-08-05 02:55,157.421,157.461,157.397,157.458
2026-08-05 03:00,157.450,157.463,157.391,157.415
2026-08-05 03:05,157.410,157.424,157.353,157.373
2026-08-05 03:10,157.373,157.394,157.352,157.370
2026-08-05 03:15,157.369,157.410,157.348,157.397
2026-08-05 03:20,157.405,157.433,157.396,157.402
2026-08-05 03:25,157.402,157.442,157.399,157.426
2026-08-05 03:30,157.426,157.492,157.425,157.469
2026-08-05 03:35,157.469,157.496,157.467,157.483
2026-08-05 03:40,157.483,157.532,157.470,157.472
2026-08-05 03:45,157.480,157.489,157.436,157.484
2026-08-05 03:50,157.474,157.485,157.422,157.443
2026-08-05 03:55,157.443,157.472,157.401,157.415
2026-08-05 04:00,157.419,157.428,157.364,157.367
2026-08-05 04:05,157.367,157.402,157.367,157.378
2026-08-05 04:10,157.378,157.411,157.378,157.389
2026-08-05 04:15,157.392,157.418,157.364,157.390
2026-08-05 04:20,157.390,157.419,157.390,157.402
2026-08-05 04:25,157.406,157.416,157.388,157.403
2026-08-05 04:30,157.403,157.483,157.403,157.474
2026-08-05 04:35,157.484,157.534,157.468,157.531
2026-08-05 04:40,157.525,157.567,157.512,157.566
2026-08-05 04:45,157.559,157.606,157.557,157.603
2026-08-05 04:50,157.599,157.658,157.592,157.655
2026-08-05 04:55,157.656,157.683,157.602,157.652
2026-08-05 05:00,157.648,157.709,157.641,157.695
2026-08-05 05:05,157.699,157.699,157.643,157.657
2026-08-05 05:10,157.657,157.689,157.644,157.649
2026-08-05 05:15,157.652,157.678,157.624,157.651
2026-08-05 05:20,157.646,157.667,157.631,157.636
2026-08-05 05:25,157.636,157.658,157.606,157.650
2026-08-05 05:30,157.647,157.681,157.633,157.667
2026-08-05 05:35,157.667,157.678,157.608,157.623
2026-08-05 05:40,157.623,157.642,157.604,157.623
2026-08-05 05:45,157.623,157.632,157.582,157.624
2026-08-05 05:50,157.624,157.668,157.623,157.654
2026-08-05 05:55,157.646,157.651,157.607,157.633
2026-08-05 06:00,157.634,157.654,157.598,157.639
2026-08-05 06:05,157.629,157.665,157.628,157.658
2026-08-05 06:10,157.650,157.686,157.622,157.655
2026-08-05 06:15,157.649,157.767,157.649,157.707
2026-08-05 06:20,157.707,157.758,157.707,157.739
2026-08-05 06:25,157.737,157.749,157.672,157.700
2026-08-05 06:30,157.700,157.741,157.573,157.620
2026-08-05 06:35,157.629,157.667,157.570,157.593
2026-08-05 06:40,157.587,157.640,157.584,157.609
2026-08-05 06:45,157.609,157.641,157.580,157.583
2026-08-05 06:50,157.583,157.668,157.583,157.654
2026-08-05 06:55,157.647,157.657,157.600,157.610
2026-08-05 07:00,157.609,157.650,157.555,157.643
2026-08-05 07:05,157.643,157.671,157.623,157.645
2026-08-05 07:10,157.644,157.696,157.640,157.691
2026-08-05 07:15,157.682,157.707,157.667,157.685
2026-08-05 07:20,157.682,157.690,157.524,157.642
2026-08-05 07:25,157.638,157.681,157.608,157.681
2026-08-05 07:30,157.675,157.722,157.656,157.708
2026-08-05 07:35,157.709,157.738,157.675,157.691
2026-08-05 07:40,157.683,157.720,157.666,157.712
2026-08-05 07:45,157.716,157.740,157.711,157.724
2026-08-05 07:50,157.725,157.731,157.681,157.711
2026-08-05 07:55,157.711,157.724,157.691,157.711
2026-08-05 08:00,157.713,157.777,157.699,157.767
2026-08-05 08:05,157.761,157.777,157.743,157.754
2026-08-05 08:10,157.753,157.792,157.717,157.792
2026-08-05 08:15,157.783,157.792,157.747,157.758
2026-08-05 08:20,157.767,157.776,157.728,157.760
2026-08-05 08:25,157.768,157.795,157.736,157.767
2026-08-05 08:30,157.772,157.831,157.769,157.811
2026-08-05 08:35,157.811,157.861,157.793,157.853
2026-08-05 08:40,157.847,157.864,157.831,157.839
2026-08-05 08:45,157.833,157.875,157.830,157.844
2026-08-05 08:50,157.844,157.862,157.820,157.843
2026-08-05 08:55,157.850,157.853,157.798,157.814
2026-08-05 09:00,157.814,157.826,157.783,157.795
2026-08-05 09:05,157.795,157.866,157.795,157.821
2026-08-05 09:10,157.821,157.852,157.818,157.828
2026-08-05 09:15,157.822,157.829,157.766,157.767
2026-08-05 09:20,157.768,157.792,157.730,157.749
2026-08-05 09:25,157.752,157.807,157.749,157.805
2026-08-05 09:30,157.798,157.816,157.762,157.770
2026-08-05 09:35,157.769,157.782,157.745,157.767
2026-08-05 09:40,157.767,157.784,157.705,157.717
2026-08-05 09:45,157.717,157.747,157.687,157.736
2026-08-05 09:50,157.740,157.766,157.725,157.746
2026-08-05 09:55,157.746,157.766,157.721,157.749
2026-08-05 10:00,157.746,157.800,157.723,157.788
2026-08-05 10:05,157.785,157.803,157.762,157.770
2026-08-05 10:10,157.770,157.813,157.765,157.794
2026-08-05 10:15,157.794,157.806,157.772,157.786
2026-08-05 10:20,157.784,157.792,157.758,157.760
2026-08-05 10:25,157.762,157.768,157.729,157.745
2026-08-05 10:30,157.748,157.777,157.736,157.747
2026-08-05 10:35,157.747,157.756,157.722,157.723
2026-08-05 10:40,157.723,157.771,157.721,157.758
2026-08-05 10:45,157.759,157.763,157.732,157.750
2026-08-05 10:50,157.750,157.751,157.729,157.741
2026-08-05 10:55,157.734,157.742,157.687,157.697
2026-08-05 11:00,157.697,157.704,157.637,157.662
2026-08-05 11:05,157.670,157.691,157.648,157.657
2026-08-05 11:10,157.659,157.662,157.572,157.589
2026-08-05 11:15,157.589,157.608,157.515,157.526
2026-08-05 11:20,157.526,157.557,157.477,157.555
2026-08-05 11:25,157.556,157.561,157.498,157.551
2026-08-05 11:30,157.551,157.566,157.514,157.554
2026-08-05 11:35,157.549,157.580,157.522,157.557
2026-08-05 11:40,157.549,157.571,157.534,157.542
2026-08-05 11:45,157.539,157.582,157.515,157.581
2026-08-05 11:50,157.572,157.607,157.566,157.591
2026-08-05 11:55,157.590,157.591,157.549,157.560
2026-08-05 12:00,157.552,157.584,157.537,157.553
2026-08-05 12:05,157.553,157.595,157.551,157.591
2026-08-05 12:10,157.585,157.608,157.546,157.547
2026-08-05 12:15,157.560,157.575,157.447,157.470
2026-08-05 12:20,157.468,157.483,157.410,157.451
2026-08-05 12:25,157.451,157.510,157.438,157.510
2026-08-05 12:30,157.501,157.577,157.488,157.534
2026-08-05 12:35,157.531,157.548,157.476,157.521
2026-08-05 12:40,157.515,157.594,157.511,157.578
2026-08-05 12:45,157.578,157.602,157.573,157.575
2026-08-05 12:50,157.584,157.610,157.553,157.599
2026-08-05 12:55,157.598,157.636,157.588,157.624
2026-08-05 13:00,157.621,157.631,157.559,157.572
2026-08-05 13:05,157.569,157.588,157.530,157.538
2026-08-05 13:10,157.541,157.585,157.537,157.578
2026-08-05 13:15,157.581,157.591,157.529,157.560
2026-08-05 13:20,157.560,157.649,157.555,157.615
2026-08-05 13:25,157.611,157.626,157.538,157.539
2026-08-05 13:30,157.540,157.574,157.475,157.486
2026-08-05 13:35,157.491,157.567,157.420,157.471
2026-08-05 13:40,157.479,157.528,157.444,157.463
2026-08-05 13:45,157.463,157.528,157.458,157.514
2026-08-05 13:50,157.513,157.565,157.503,157.522
2026-08-05 13:55,157.525,157.558,157.510,157.536
2026-08-05 14:00,157.531,157.548,157.444,157.475
2026-08-05 14:05,157.472,157.483,157.304,157.394
2026-08-05 14:10,157.395,157.423,157.353,157.380
2026-08-05 14:15,157.375,157.435,157.353,157.422
2026-08-05 14:20,157.426,157.472,157.400,157.460
2026-08-05 14:25,157.452,157.486,157.429,157.464
2026-08-05 14:30,157.470,157.500,157.459,157.492
2026-08-05 14:35,157.498,157.533,157.488,157.526
2026-08-05 14:40,157.527,157.541,157.477,157.494
2026-08-05 14:45,157.489,157.576,157.483,157.541
2026-08-05 14:50,157.534,157.590,157.525,157.570
2026-08-05 14:55,157.576,157.607,157.481,157.494
2026-08-05 15:00,157.491,157.516,157.404,157.456
2026-08-05 15:05,157.457,157.519,157.438,157.505
2026-08-05 15:10,157.505,157.562,157.495,157.554
2026-08-05 15:15,157.556,157.598,157.553,157.572
2026-08-05 15:20,157.564,157.585,157.545,157.583
2026-08-05 15:25,157.577,157.603,157.550,157.564
2026-08-05 15:30,157.562,157.598,157.557,157.591
2026-08-05 15:35,157.591,157.607,157.563,157.572
2026-08-05 15:40,157.571,157.580,157.538,157.567
2026-08-05 15:45,157.572,157.654,157.562,157.645
2026-08-05 15:50,157.652,157.654,157.610,157.614
2026-08-05 15:55,157.614,157.666,157.614,157.658
2026-08-05 16:00,157.656,157.677,157.634,157.670
2026-08-05 16:05,157.675,157.677,157.623,157.625
2026-08-05 16:10,157.626,157.641,157.603,157.634
2026-08-05 16:15,157.634,157.656,157.626,157.639
2026-08-05 16:20,157.640,157.648,157.598,157.630
2026-08-05 16:25,157.627,157.642,157.617,157.641
2026-08-05 16:30,157.636,157.668,157.634,157.666
2026-08-05 16:35,157.673,157.685,157.658,157.672
2026-08-05 16:40,157.665,157.691,157.665,157.680
2026-08-05 16:45,157.674,157.699,157.672,157.676
2026-08-05 16:50,157.676,157.724,157.668,157.714
2026-08-05 16:55,157.707,157.756,157.707,157.745
2026-08-05 17:00,157.737,157.754,157.687,157.746
2026-08-05 17:05,157.748,157.784,157.744,157.780
2026-08-05 17:10,157.781,157.800,157.758,157.759
2026-08-05 17:15,157.759,157.767,157.736,157.753
2026-08-05 17:20,157.753,157.785,157.750,157.763
2026-08-05 17:25,157.756,157.768,157.702,157.708
2026-08-05 17:30,157.714,157.738,157.691,157.698
2026-08-05 17:35,157.694,157.704,157.672,157.696
2026-08-05 17:40,157.693,157.722,157.679,157.685
2026-08-05 17:45,157.685,157.698,157.651,157.686
2026-08-05 17:50,157.688,157.714,157.669,157.675
2026-08-05 17:55,157.675,157.689,157.653,157.680
2026-08-05 18:00,157.680,157.709,157.652,157.656
2026-08-05 18:05,157.654,157.665,157.630,157.655
2026-08-05 18:10,157.651,157.675,157.632,157.668
2026-08-05 18:15,157.670,157.703,157.668,157.684
2026-08-05 18:20,157.684,157.692,157.649,157.656
2026-08-05 18:25,157.654,157.665,157.614,157.624
2026-08-05 18:30,157.628,157.684,157.621,157.668
2026-08-05 18:35,157.661,157.677,157.646,157.653
2026-08-05 18:40,157.653,157.688,157.650,157.684
2026-08-05 18:45,157.683,157.694,157.664,157.668
2026-08-05 18:50,157.666,157.677,157.649,157.653
2026-08-05 18:55,157.655,157.674,157.636,157.667
2026-08-05 19:00,157.669,157.686,157.645,157.664
2026-08-05 19:05,157.672,157.707,157.664,157.694
2026-08-05 19:10,157.694,157.728,157.690,157.700
2026-08-05 19:15,157.700,157.742,157.699,157.732
2026-08-05 19:20,157.728,157.749,157.725,157.732
2026-08-05 19:25,157.728,157.747,157.717,157.737
2026-08-05 19:30,157.740,157.744,157.703,157.704
2026-08-05 19:35,157.704,157.714,157.678,157.709
2026-08-05 19:40,157.708,157.713,157.672,157.706
2026-08-05 19:45,157.704,157.733,157.694,157.731
2026-08-05 19:50,157.723,157.746,157.720,157.726
2026-08-05 19:55,157.732,157.732,157.706,157.717
2026-08-05 20:00,157.717,157.722,157.686,157.710
2026-08-05 20:05,157.707,157.725,157.701,157.722
2026-08-05 20:10,157.715,157.773,157.715,157.771
2026-08-05 20:15,157.766,157.814,157.764,157.798
2026-08-05 20:20,157.790,157.813,157.790,157.808
2026-08-05 20:25,157.807,157.810,157.770,157.796
2026-08-05 20:30,157.793,157.806,157.756,157.759
2026-08-05 20:35,157.766,157.772,157.743,157.772
2026-08-05 20:40,157.768,157.776,157.753,157.762
2026-08-05 20:45,157.760,157.773,157.749,157.753
2026-08-05 20:50,157.753,157.768,157.739,157.752
2026-08-05 20:55,157.748,157.775,157.722,157.727
2026-08-05 21:00,157.728,157.730,157.675,157.715
2026-08-05 21:05,157.714,157.720,157.659,157.679
2026-08-05 21:10,157.679,157.713,157.668,157.700
2026-08-05 21:15,157.681,157.725,157.675,157.705
2026-08-05 21:20,157.695,157.726,157.675,157.720
2026-08-05 21:25,157.720,157.725,157.675,157.699
2026-08-05 21:30,157.719,157.725,157.665,157.693
2026-08-05 21:35,157.689,157.722,157.669,157.673
2026-08-05 21:40,157.707,157.712,157.667,157.686
2026-08-05 21:45,157.692,157.722,157.668,157.692
2026-08-05 21:50,157.708,157.717,157.622,157.690
2026-08-05 21:55,157.679,157.691,157.616,157.669
2026-08-05 22:00,157.670,157.710,157.654,157.684
2026-08-05 22:05,157.684,157.717,157.682,157.688
2026-08-05 22:10,157.702,157.711,157.684,157.690
2026-08-05 22:15,157.688,157.710,157.679,157.703
2026-08-05 22:20,157.696,157.705,157.685,157.694
2026-08-05 22:25,157.686,157.706,157.684,157.697
2026-08-05 22:30,157.686,157.705,157.677,157.688
2026-08-05 22:35,157.688,157.710,157.685,157.698
2026-08-05 22:40,157.687,157.702,157.686,157.690
2026-08-05 22:45,157.690,157.702,157.682,157.696
2026-08-05 22:50,157.688,157.702,157.687,157.700
2026-08-05 22:55,157.689,157.700,157.654,157.658
2026-08-05 23:00,157.663,157.675,157.649,157.652
2026-08-05 23:05,157.652,157.671,157.648,157.649
2026-08-05 23:10,157.649,157.661,157.622,157.624
2026-08-05 23:15,157.624,157.638,157.623,157.627
2026-08-05 23:20,157.627,157.638,157.622,157.636
2026-08-05 23:25,157.625,157.657,157.625,157.647
2026-08-05 23:30,157.647,157.658,157.632,157.657
2026-08-05 23:35,157.648,157.659,157.614,157.623
2026-08-05 23:40,157.614,157.636,157.601,157.608
2026-08-05 23:45,157.605,157.607,157.548,157.562
2026-08-05 23:50,157.552,157.606,157.549,157.602
2026-08-05 23:55,157.591,157.633,157.588,157.604
2026-08-06 00:00,157.600,157.673,157.600,157.648
2026-08-06 00:05,157.648,157.698,157.646,157.675
2026-08-06 00:10,157.675,157.708,157.658,157.690
2026-08-06 00:15,157.684,157.718,157.660,157.716
2026-08-06 00:20,157.704,157.725,157.658,157.664
2026-08-06 00:25,157.673,157.702,157.660,157.686
2026-08-06 00:30,157.686,157.717,157.678,157.689
2026-08-06 00:35,157.685,157.697,157.654,157.675
2026-08-06 00:40,157.670,157.696,157.659,157.692
2026-08-06 00:45,157.681,157.724,157.669,157.709
2026-08-06 00:50,157.710,157.736,157.645,157.713
2026-08-06 00:55,157.713,157.760,157.705,157.730
2026-08-06 01:00,157.722,157.743,157.700,157.715
2026-08-06 01:05,157.715,157.732,157.690,157.691
2026-08-06 01:10,157.691,157.738,157.689,157.734
2026-08-06 01:15,157.728,157.746,157.716,157.736
2026-08-06 01:20,157.736,157.748,157.685,157.691
2026-08-06 01:25,157.696,157.703,157.643,157.671
2026-08-06 01:30,157.666,157.682,157.620,157.636
2026-08-06 01:35,157.626,157.637,157.588,157.609
2026-08-06 01:40,157.598,157.626,157.597,157.618
2026-08-06 01:45,157.619,157.668,157.608,157.657
2026-08-06 01:50,157.657,157.673,157.635,157.643
2026-08-06 01:55,157.643,157.668,157.643,157.665
2026-08-06 02:00,157.656,157.685,157.638,157.655
2026-08-06 02:05,157.659,157.663,157.584,157.606
2026-08-06 02:10,157.613,157.652,157.606,157.632
2026-08-06 02:15,157.636,157.655,157.627,157.638
2026-08-06 02:20,157.640,157.662,157.625,157.646
2026-08-06 02:25,157.646,157.685,157.645,157.662
2026-08-06 02:30,157.658,157.684,157.652,157.662
2026-08-06 02:35,157.658,157.667,157.637,157.639
2026-08-06 02:40,157.648,157.654,157.629,157.635
2026-08-06 02:45,157.629,157.673,157.629,157.649
2026-08-06 02:50,157.652,157.672,157.647,157.649
2026-08-06 02:55,157.649,157.676,157.648,157.673
2026-08-06 03:00,157.663,157.704,157.663,157.698
2026-08-06 03:05,157.695,157.712,157.688,157.707
2026-08-06 03:10,157.698,157.728,157.697,157.712
2026-08-06 03:15,157.721,157.725,157.707,157.712
2026-08-06 03:20,157.712,157.740,157.711,157.728
2026-08-06 03:25,157.737,157.742,157.701,157.723
2026-08-06 03:30,157.727,157.741,157.687,157.699
2026-08-06 03:35,157.706,157.722,157.699,157.712
2026-08-06 03:40,157.712,157.743,157.711,157.735
2026-08-06 03:45,157.735,157.744,157.721,157.722
2026-08-06 03:50,157.722,157.733,157.719,157.724
2026-08-06 03:55,157.720,157.745,157.712,157.727
2026-08-06 04:00,157.727,157.740,157.708,157.711
2026-08-06 04:05,157.714,157.730,157.710,157.722
2026-08-06 04:10,157.722,157.732,157.712,157.727
2026-08-06 04:15,157.726,157.727,157.711,157.712
2026-08-06 04:20,157.712,157.721,157.701,157.712
2026-08-06 04:25,157.716,157.734,157.711,157.727
2026-08-06 04:30,157.726,157.745,157.714,157.722
2026-08-06 04:35,157.715,157.737,157.714,157.725
2026-08-06 04:40,157.725,157.735,157.721,157.726
2026-08-06 04:45,157.726,157.743,157.723,157.725
2026-08-06 04:50,157.731,157.749,157.717,157.735
2026-08-06 04:55,157.735,157.745,157.726,157.734
2026-08-06 05:00,157.734,157.777,157.730,157.763
2026-08-06 05:05,157.763,157.772,157.745,157.753
2026-08-06 05:10,157.746,157.771,157.745,157.763
2026-08-06 05:15,157.758,157.765,157.748,157.758
2026-08-06 05:20,157.755,157.766,157.750,157.758
2026-08-06 05:25,157.758,157.771,157.757,157.758
2026-08-06 05:30,157.766,157.769,157.750,157.751
2026-08-06 05:35,157.754,157.761,157.728,157.737
2026-08-06 05:40,157.731,157.737,157.702,157.708
2026-08-06 05:45,157.714,157.726,157.707,157.714
2026-08-06 05:50,157.714,157.755,157.714,157.745
2026-08-06 05:55,157.746,157.760,157.738,157.748
2026-08-06 06:00,157.745,157.753,157.719,157.738
2026-08-06 06:05,157.730,157.760,157.722,157.759
2026-08-06 06:10,157.752,157.800,157.752,157.766
2026-08-06 06:15,157.766,157.801,157.766,157.784
2026-08-06 06:20,157.788,157.817,157.774,157.799
2026-08-06 06:25,157.805,157.847,157.800,157.818
2026-08-06 06:30,157.807,157.851,157.807,157.820
2026-08-06 06:35,157.828,157.831,157.797,157.821
2026-08-06 06:40,157.812,157.848,157.809,157.809
2026-08-06 06:45,157.813,157.842,157.803,157.836
2026-08-06 06:50,157.838,157.844,157.809,157.820
2026-08-06 06:55,157.819,157.841,157.819,157.827
2026-08-06 07:00,157.822,157.829,157.794,157.794
2026-08-06 07:05,157.799,157.803,157.747,157.751
2026-08-06 07:10,157.751,157.805,157.746,157.788
2026-08-06 07:15,157.790,157.799,157.745,157.771
2026-08-06 07:20,157.771,157.779,157.746,157.751
2026-08-06 07:25,157.751,157.771,157.743,157.769
2026-08-06 07:30,157.763,157.821,157.762,157.812
2026-08-06 07:35,157.821,157.840,157.799,157.825
2026-08-06 07:40,157.825,157.874,157.825,157.853
2026-08-06 07:45,157.852,157.895,157.851,157.861
2026-08-06 07:50,157.858,157.879,157.847,157.855
2026-08-06 07:55,157.849,157.870,157.838,157.858
2026-08-06 08:00,157.859,157.881,157.842,157.859
2026-08-06 08:05,157.858,157.877,157.827,157.833
2026-08-06 08:10,157.827,157.864,157.812,157.850
2026-08-06 08:15,157.850,157.877,157.850,157.862
2026-08-06 08:20,157.869,157.876,157.846,157.868
2026-08-06 08:25,157.864,157.873,157.834,157.845
2026-08-06 08:30,157.842,157.857,157.832,157.841
2026-08-06 08:35,157.841,157.847,157.819,157.836
2026-08-06 08:40,157.834,157.841,157.810,157.811
2026-08-06 08:45,157.811,157.818,157.798,157.804
2026-08-06 08:50,157.805,157.826,157.786,157.816
2026-08-06 08:55,157.816,157.841,157.808,157.835
2026-08-06 09:00,157.832,157.857,157.816,157.829
2026-08-06 09:05,157.828,157.845,157.816,157.836
2026-08-06 09:10,157.839,157.846,157.821,157.824
2026-08-06 09:15,157.824,157.861,157.821,157.841
2026-08-06 09:20,157.841,157.848,157.822,157.829
2026-08-06 09:25,157.827,157.853,157.827,157.847
2026-08-06 09:30,157.839,157.857,157.837,157.854
2026-08-06 09:35,157.849,157.877,157.849,157.852
2026-08-06 09:40,157.851,157.870,157.851,157.860
2026-08-06 09:45,157.862,157.881,157.851,157.851
2026-08-06 09:50,157.854,157.863,157.846,157.855
2026-08-06 09:55,157.852,157.875,157.847,157.867
2026-08-06 10:00,157.864,157.873,157.828,157.843
2026-08-06 10:05,157.836,157.858,157.829,157.852
2026-08-06 10:10,157.847,157.892,157.839,157.877
2026-08-06 10:15,157.885,157.890,157.869,157.872
2026-08-06 10:20,157.872,157.880,157.865,157.868
2026-08-06 10:25,157.873,157.880,157.845,157.856
2026-08-06 10:30,157.852,157.862,157.839,157.848
2026-08-06 10:35,157.850,157.856,157.837,157.839
2026-08-06 10:40,157.838,157.866,157.837,157.853
2026-08-06 10:45,157.856,157.858,157.837,157.840
2026-08-06 10:50,157.838,157.868,157.837,157.860
2026-08-06 10:55,157.860,157.880,157.860,157.868
2026-08-06 11:00,157.868,157.884,157.861,157.876
2026-08-06 11:05,157.878,157.921,157.874,157.911
2026-08-06 11:10,157.907,157.936,157.903,157.928
2026-08-06 11:15,157.930,157.938,157.908,157.911
2026-08-06 11:20,157.919,157.930,157.907,157.907
2026-08-06 11:25,157.907,157.915,157.870,157.884
2026-08-06 11:30,157.888,157.902,157.877,157.900
2026-08-06 11:35,157.896,157.926,157.887,157.920
2026-08-06 11:40,157.921,157.931,157.916,157.925
2026-08-06 11:45,157.920,157.936,157.895,157.896
2026-08-06 11:50,157.896,157.902,157.861,157.888
2026-08-06 11:55,157.886,157.904,157.849,157.849
2026-08-06 12:00,157.850,157.863,157.815,157.826
2026-08-06 12:05,157.826,157.851,157.816,157.831
2026-08-06 12:10,157.830,157.871,157.828,157.859
2026-08-06 12:15,157.854,157.866,157.838,157.841
2026-08-06 12:20,157.844,157.867,157.835,157.854
2026-08-06 12:25,157.852,157.873,157.831,157.845
2026-08-06 12:30,157.818,157.907,157.810,157.887
2026-08-06 12:35,157.885,157.912,157.878,157.907
2026-08-06 12:40,157.902,157.925,157.901,157.902
2026-08-06 12:45,157.902,157.917,157.879,157.906
2026-08-06 12:50,157.912,157.916,157.877,157.904
2026-08-06 12:55,157.899,157.914,157.885,157.902
2026-08-06 13:00,157.899,157.903,157.863,157.875
2026-08-06 13:05,157.869,157.921,157.869,157.912
2026-08-06 13:10,157.916,157.929,157.907,157.918
2026-08-06 13:15,157.921,157.922,157.900,157.909
2026-08-06 13:20,157.903,157.921,157.890,157.893
2026-08-06 13:25,157.899,157.908,157.878,157.889
2026-08-06 13:30,157.889,157.907,157.877,157.899
2026-08-06 13:35,157.899,157.911,157.877,157.887
2026-08-06 13:40,157.895,157.944,157.884,157.927
2026-08-06 13:45,157.922,157.940,157.909,157.932
2026-08-06 13:50,157.932,157.941,157.836,157.850
2026-08-06 13:55,157.854,157.874,157.815,157.863
2026-08-06 14:00,157.865,157.910,157.859,157.901
2026-08-06 14:05,157.901,158.271,157.901,158.148
2026-08-06 14:10,158.141,158.265,158.090,158.142
2026-08-06 14:15,158.142,158.181,158.105,158.178
2026-08-06 14:20,158.172,158.225,158.121,158.153
2026-08-06 14:25,158.160,158.219,158.147,158.210
2026-08-06 14:30,158.210,158.247,158.161,158.243
2026-08-06 14:35,158.240,158.268,158.156,158.216
2026-08-06 14:40,158.209,158.223,158.159,158.162
2026-08-06 14:45,158.166,158.251,158.162,158.236
2026-08-06 14:50,158.236,158.283,158.212,158.229
2026-08-06 14:55,158.235,158.259,158.197,158.199
2026-08-06 15:00,158.199,158.264,158.197,158.247
2026-08-06 15:05,158.250,158.307,158.240,158.292
2026-08-06 15:10,158.289,158.418,158.268,158.414
2026-08-06 15:15,158.419,158.463,158.388,158.453
2026-08-06 15:20,158.452,158.452,158.396,158.396
2026-08-06 15:25,158.403,158.420,158.357,158.414
2026-08-06 15:30,158.408,158.437,158.397,158.410
2026-08-06 15:35,158.418,158.422,158.384,158.414
2026-08-06 15:40,158.407,158.421,158.375,158.384
2026-08-06 15:45,158.384,158.403,158.380,158.389
2026-08-06 15:50,158.386,158.462,158.386,158.451
2026-08-06 15:55,158.459,158.463,158.423,158.447
2026-08-06 16:00,158.443,158.512,158.441,158.488
2026-08-06 16:05,158.484,158.493,158.469,158.484
2026-08-06 16:10,158.483,158.500,158.473,158.494
2026-08-06 16:15,158.488,158.555,158.216,158.462
2026-08-06 16:20,158.466,158.487,158.427,158.462
2026-08-06 16:25,158.455,158.472,158.446,158.453
2026-08-06 16:30,158.453,158.511,158.443,158.488
2026-08-06 16:35,158.485,158.528,158.478,158.523
2026-08-06 16:40,158.521,158.527,158.490,158.523
2026-08-06 16:45,158.522,158.532,158.505,158.510
2026-08-06 16:50,158.510,158.524,158.479,158.488
2026-08-06 16:55,158.493,158.526,158.481,158.504
2026-08-06 17:00,158.504,158.510,158.477,158.481
2026-08-06 17:05,158.485,158.502,158.458,158.458
2026-08-06 17:10,158.458,158.474,158.442,158.443
2026-08-06 17:15,158.443,158.486,158.442,158.466
2026-08-06 17:20,158.464,158.474,158.412,158.431
2026-08-06 17:25,158.438,158.438,158.411,158.419
2026-08-06 17:30,158.426,158.441,158.408,158.426
2026-08-06 17:35,158.423,158.452,158.420,158.436
2026-08-06 17:40,158.441,158.456,158.433,158.440
2026-08-06 17:45,158.439,158.448,158.392,158.411
2026-08-06 17:50,158.406,158.423,158.386,158.406
2026-08-06 17:55,158.402,158.414,158.391,158.397
2026-08-06 18:00,158.398,158.418,158.384,158.386
2026-08-06 18:05,158.387,158.393,158.356,158.368
2026-08-06 18:10,158.367,158.409,158.366,158.395
2026-08-06 18:15,158.392,158.398,158.374,158.392
2026-08-06 18:20,158.384,158.408,158.374,158.381
2026-08-06 18:25,158.377,158.403,158.367,158.379
2026-08-06 18:30,158.379,158.401,158.369,158.385
2026-08-06 18:35,158.388,158.403,158.385,158.393
2026-08-06 18:40,158.394,158.403,158.378,158.387
2026-08-06 18:45,158.386,158.387,158.347,158.361
2026-08-06 18:50,158.354,158.362,158.330,158.351
2026-08-06 18:55,158.347,158.360,158.319,158.321
2026-08-06 19:00,158.328,158.341,158.295,158.305
2026-08-06 19:05,158.306,158.328,158.286,158.318
2026-08-06 19:10,158.318,158.378,158.315,158.363
2026-08-06 19:15,158.362,158.371,158.340,158.351
2026-08-06 19:20,158.351,158.408,158.348,158.397
2026-08-06 19:25,158.403,158.480,158.384,158.450
2026-08-06 19:30,158.455,158.465,158.424,158.433
2026-08-06 19:35,158.434,158.456,158.419,158.445
2026-08-06 19:40,158.445,158.458,158.437,158.456
2026-08-06 19:45,158.451,158.471,158.439,158.452
2026-08-06 19:50,158.453,158.460,158.370,158.388
2026-08-06 19:55,158.392,158.423,158.392,158.394
2026-08-06 20:00,158.401,158.414,158.389,158.406
2026-08-06 20:05,158.399,158.446,158.399,158.439
2026-08-06 20:10,158.439,158.467,158.438,158.456
2026-08-06 20:15,158.457,158.472,158.448,158.464
2026-08-06 20:20,158.463,158.508,158.463,158.492
2026-08-06 20:25,158.487,158.495,158.450,158.468
2026-08-06 20:30,158.467,158.472,158.447,158.451
2026-08-06 20:35,158.453,158.469,158.446,158.469
2026-08-06 20:40,158.463,158.473,158.446,158.457
2026-08-06 20:45,158.448,158.461,158.441,158.455
2026-08-06 20:50,158.454,158.473,158.445,158.459
2026-08-06 20:55,158.465,158.481,158.382,158.382
2026-08-06 21:00,158.390,158.433,158.372,158.399
2026-08-06 21:05,158.393,158.420,158.383,158.415
2026-08-06 21:10,158.393,158.422,158.380,158.394
2026-08-06 21:15,158.397,158.462,158.385,158.422
2026-08-06 21:20,158.432,158.467,158.418,158.445
2026-08-06 21:25,158.445,158.472,158.396,158.433
2026-08-06 21:30,158.435,158.453,158.394,158.431
2026-08-06 21:35,158.430,158.454,158.393,158.394
2026-08-06 21:40,158.435,158.455,158.391,158.437
2026-08-06 21:45,158.436,158.444,158.399,158.411
2026-08-06 21:50,158.411,158.461,158.405,158.447
2026-08-06 21:55,158.453,158.471,158.434,158.435
2026-08-06 22:00,158.435,158.504,158.427,158.484
2026-08-06 22:05,158.484,158.507,158.484,158.502
2026-08-06 22:10,158.500,158.508,158.473,158.473
2026-08-06 22:15,158.473,158.491,158.462,158.463
2026-08-06 22:20,158.472,158.482,158.462,158.475
2026-08-06 22:25,158.465,158.480,158.453,158.453
2026-08-06 22:30,158.453,158.470,158.439,158.452
2026-08-06 22:35,158.441,158.457,158.429,158.453
2026-08-06 22:40,158.441,158.458,158.430,158.442
2026-08-06 22:45,158.440,158.452,158.425,158.430
2026-08-06 22:50,158.429,158.470,158.429,158.465
2026-08-06 22:55,158.451,158.471,158.450,158.464
2026-08-06 23:00,158.451,158.468,158.436,158.448
2026-08-06 23:05,158.449,158.454,158.411,158.428
2026-08-06 23:10,158.428,158.430,158.391,158.393
2026-08-06 23:15,158.393,158.408,158.367,158.395
2026-08-06 23:20,158.386,158.409,158.385,158.398
2026-08-06 23:25,158.398,158.423,158.398,158.420
2026-08-06 23:30,158.417,158.421,158.398,158.407
2026-08-06 23:35,158.415,158.422,158.407,158.410
2026-08-06 23:40,158.410,158.423,158.376,158.409
2026-08-06 23:45,158.401,158.421,158.384,158.392
2026-08-06 23:50,158.393,158.413,158.376,158.398
2026-08-06 23:55,158.398,158.423,158.393,158.413
2026-08-07 00:00,158.409,158.460,158.407,158.457
2026-08-07 00:05,158.445,158.459,158.418,158.440
2026-08-07 00:10,158.434,158.516,158.433,158.508
2026-08-07 00:15,158.517,158.529,158.479,158.518
2026-08-07 00:20,158.512,158.536,158.483,158.502
2026-08-07 00:25,158.509,158.519,158.486,158.505
2026-08-07 00:30,158.502,158.529,158.495,158.510
2026-08-07 00:35,158.505,158.519,158.483,158.499
2026-08-07 00:40,158.508,158.527,158.489,158.516
2026-08-07 00:45,158.521,158.524,158.483,158.494
2026-08-07 00:50,158.494,158.576,158.469,158.542
2026-08-07 00:55,158.553,158.556,158.490,158.519
2026-08-07 01:00,158.519,158.537,158.502,158.515
2026-08-07 01:05,158.513,158.523,158.445,158.463
2026-08-07 01:10,158.463,158.477,158.390,158.420
2026-08-07 01:15,158.420,158.435,158.403,158.420
2026-08-07 01:20,158.420,158.431,158.354,158.368
2026-08-07 01:25,158.367,158.418,158.362,158.416
2026-08-07 01:30,158.408,158.417,158.367,158.370
2026-08-07 01:35,158.379,158.383,158.295,158.296
2026-08-07 01:40,158.297,158.312,158.208,158.270
2026-08-07 01:45,158.264,158.316,158.254,158.303
2026-08-07 01:50,158.298,158.333,158.297,158.317
2026-08-07 01:55,158.316,158.332,158.307,158.323
2026-08-07 02:00,158.323,158.370,158.301,158.351
2026-08-07 02:05,158.356,158.374,158.339,158.367
2026-08-07 02:10,158.370,158.373,158.319,158.332
2026-08-07 02:15,158.331,158.374,158.323,158.363
2026-08-07 02:20,158.369,158.374,158.317,158.322
2026-08-07 02:25,158.323,158.347,158.318,158.332
2026-08-07 02:30,158.336,158.346,158.322,158.336
2026-08-07 02:35,158.338,158.360,158.324,158.340
2026-08-07 02:40,158.336,158.354,158.320,158.333
2026-08-07 02:45,158.333,158.353,158.332,158.336
2026-08-07 02:50,158.341,158.362,158.335,158.353
2026-08-07 02:55,158.351,158.387,158.337,158.374
2026-08-07 03:00,158.368,158.379,158.357,158.374
2026-08-07 03:05,158.366,158.399,158.363,158.391
2026-08-07 03:10,158.391,158.414,158.387,158.409
2026-08-07 03:15,158.408,158.422,158.397,158.407
2026-08-07 03:20,158.402,158.420,158.395,158.400
2026-08-07 03:25,158.396,158.405,158.382,158.398
2026-08-07 03:30,158.395,158.413,158.383,158.387
2026-08-07 03:35,158.387,158.404,158.382,158.396
2026-08-07 03:40,158.396,158.445,158.396,158.433
2026-08-07 03:45,158.428,158.445,158.423,158.433
2026-08-07 03:50,158.433,158.448,158.421,158.428
2026-08-07 03:55,158.424,158.432,158.368,158.405
2026-08-07 04:00,158.402,158.414,158.367,158.403
2026-08-07 04:05,158.403,158.420,158.395,158.404
2026-08-07 04:10,158.404,158.427,158.403,158.414
2026-08-07 04:15,158.408,158.424,158.396,158.406
2026-08-07 04:20,158.406,158.414,158.392,158.412
2026-08-07 04:25,158.413,158.418,158.390,158.405
2026-08-07 04:30,158.407,158.416,158.368,158.375
2026-08-07 04:35,158.370,158.412,158.368,158.406
2026-08-07 04:40,158.406,158.430,158.394,158.401
2026-08-07 04:45,158.395,158.419,158.391,158.398
2026-08-07 04:50,158.390,158.399,158.368,158.384
2026-08-07 04:55,158.387,158.401,158.369,158.371
2026-08-07 05:00,158.370,158.388,158.353,158.353
2026-08-07 05:05,158.354,158.372,158.348,158.364
2026-08-07 05:10,158.369,158.373,158.341,158.365
2026-08-07 05:15,158.367,158.392,158.360,158.382
2026-08-07 05:20,158.382,158.393,158.368,158.370
2026-08-07 05:25,158.370,158.385,158.363,158.373
2026-08-07 05:30,158.368,158.386,158.352,158.363
2026-08-07 05:35,158.366,158.373,158.347,158.360
2026-08-07 05:40,158.357,158.372,158.343,158.359
2026-08-07 05:45,158.355,158.362,158.344,158.345
2026-08-07 05:50,158.349,158.362,158.332,158.355
2026-08-07 05:55,158.354,158.361,158.315,158.327
2026-08-07 06:00,158.327,158.334,158.304,158.318
2026-08-07 06:05,158.309,158.355,158.309,158.342
2026-08-07 06:10,158.342,158.352,158.304,158.306
2026-08-07 06:15,158.306,158.334,158.282,158.323
2026-08-07 06:20,158.317,158.325,158.299,158.300
2026-08-07 06:25,158.299,158.327,158.296,158.298
2026-08-07 06:30,158.305,158.326,158.281,158.309
2026-08-07 06:35,158.307,158.347,158.306,158.336
2026-08-07 06:40,158.340,158.354,158.296,158.303
2026-08-07 06:45,158.305,158.364,158.303,158.356
2026-08-07 06:50,158.359,158.362,158.321,158.322
2026-08-07 06:55,158.328,158.368,158.304,158.357
2026-08-07 07:00,158.361,158.373,158.331,158.344
2026-08-07 07:05,158.338,158.366,158.332,158.335
2026-08-07 07:10,158.334,158.356,158.321,158.328
2026-08-07 07:15,158.329,158.352,158.317,158.348
2026-08-07 07:20,158.344,158.382,158.337,158.372
2026-08-07 07:25,158.375,158.392,158.368,158.381
2026-08-07 07:30,158.376,158.424,158.372,158.412
2026-08-07 07:35,158.407,158.423,158.379,158.385
2026-08-07 07:40,158.385,158.402,158.373,158.393
2026-08-07 07:45,158.394,158.420,158.393,158.413
2026-08-07 07:50,158.408,158.453,158.403,158.445
2026-08-07 07:55,158.437,158.457,158.397,158.400
2026-08-07 08:00,158.410,158.436,158.389,158.411
2026-08-07 08:05,158.410,158.439,158.406,158.424
2026-08-07 08:10,158.433,158.477,158.423,158.461
2026-08-07 08:15,158.466,158.478,158.452,158.463
2026-08-07 08:20,158.462,158.466,158.431,158.450
2026-08-07 08:25,158.443,158.454,158.430,158.449
2026-08-07 08:30,158.448,158.462,158.419,158.427
2026-08-07 08:35,158.431,158.438,158.371,158.389
2026-08-07 08:40,158.390,158.391,158.359,158.374
2026-08-07 08:45,158.373,158.388,158.356,158.368
2026-08-07 08:50,158.369,158.401,158.358,158.358
2026-08-07 08:55,158.360,158.391,158.334,158.375
2026-08-07 09:00,158.366,158.394,158.351,158.393
2026-08-07 09:05,158.394,158.395,158.360,158.382
2026-08-07 09:10,158.371,158.382,158.347,158.360
2026-08-07 09:15,158.360,158.372,158.353,158.358
2026-08-07 09:20,158.354,158.372,158.339,158.361
2026-08-07 09:25,158.361,158.372,158.349,158.353
2026-08-07 09:30,158.353,158.359,158.336,158.351
2026-08-07 09:35,158.343,158.359,158.336,158.343
2026-08-07 09:40,158.344,158.351,158.312,158.344
2026-08-07 09:45,158.343,158.357,158.325,158.339
2026-08-07 09:50,158.348,158.367,158.337,158.338
2026-08-07 09:55,158.338,158.370,158.326,158.350
2026-08-07 10:00,158.350,158.396,158.348,158.388
2026-08-07 10:05,158.387,158.394,158.361,158.377
2026-08-07 10:10,158.378,158.387,158.363,158.372
2026-08-07 10:15,158.380,158.396,158.371,158.373
2026-08-07 10:20,158.373,158.407,158.373,158.400
2026-08-07 10:25,158.395,158.415,158.390,158.400
2026-08-07 10:30,158.398,158.407,158.366,158.389
2026-08-07 10:35,158.389,158.404,158.290,158.320
2026-08-07 10:40,158.323,158.328,158.240,158.298
2026-08-07 10:45,158.297,158.305,158.274,158.285
2026-08-07 10:50,158.291,158.330,158.280,158.319
2026-08-07 10:55,158.313,158.325,158.288,158.301
2026-08-07 11:00,158.301,158.321,158.258,158.259
2026-08-07 11:05,158.263,158.292,158.258,158.284
2026-08-07 11:10,158.279,158.322,158.278,158.313
2026-08-07 11:15,158.319,158.343,158.313,158.328
2026-08-07 11:20,158.328,158.359,158.325,158.349
2026-08-07 11:25,158.349,158.373,158.337,158.371
2026-08-07 11:30,158.364,158.372,158.329,158.340
2026-08-07 11:35,158.335,158.347,158.319,158.344
2026-08-07 11:40,158.337,158.347,158.293,158.331
2026-08-07 11:45,158.324,158.336,158.316,158.322
2026-08-07 11:50,158.322,158.339,158.301,158.309
2026-08-07 11:55,158.310,158.335,158.298,158.326
2026-08-07 12:00,158.326,158.342,158.304,158.317
2026-08-07 12:05,158.314,158.347,158.312,158.330
2026-08-07 12:10,158.321,158.341,158.292,158.335
2026-08-07 12:15,158.332,158.383,158.331,158.351
2026-08-07 12:20,158.353,158.397,158.337,158.348
2026-08-07 12:25,158.348,158.360,158.298,158.331
2026-08-07 12:30,158.291,158.337,156.652,156.797
2026-08-07 12:35,156.833,157.245,156.731,157.077
2026-08-07 12:40,157.067,157.276,157.022,157.254
2026-08-07 12:45,157.265,157.292,157.125,157.138
2026-08-07 12:50,157.152,157.220,157.085,157.164
2026-08-07 12:55,157.158,157.392,157.146,157.380
2026-08-07 13:00,157.379,157.495,157.325,157.485
2026-08-07 13:05,157.485,157.494,157.327,157.354
2026-08-07 13:10,157.353,157.414,157.233,157.254
2026-08-07 13:15,157.259,157.424,157.245,157.383
2026-08-07 13:20,157.383,157.408,157.327,157.342
2026-08-07 13:25,157.347,157.407,157.327,157.398
2026-08-07 13:30,157.406,157.654,157.382,157.591
2026-08-07 13:35,157.585,157.617,157.507,157.517
2026-08-07 13:40,157.513,157.558,157.492,157.537
2026-08-07 13:45,157.529,157.628,157.512,157.605
2026-08-07 13:50,157.598,157.687,157.598,157.659
2026-08-07 13:55,157.653,157.761,157.625,157.739
2026-08-07 14:00,157.733,157.792,157.710,157.790
2026-08-07 14:05,157.785,157.794,157.729,157.746
2026-08-07 14:10,157.737,157.752,157.702,157.722
2026-08-07 14:15,157.723,157.767,157.672,157.672
2026-08-07 14:20,157.670,157.727,157.664,157.703
2026-08-07 14:25,157.702,157.791,157.701,157.770
2026-08-07 14:30,157.772,157.788,157.733,157.738
2026-08-07 14:35,157.738,157.790,157.719,157.769
2026-08-07 14:40,157.759,157.877,157.744,157.842
2026-08-07 14:45,157.842,157.889,157.808,157.873
2026-08-07 14:50,157.879,157.902,157.844,157.853
2026-08-07 14:55,157.849,157.949,157.849,157.926
2026-08-07 15:00,157.925,157.989,157.897,157.946
2026-08-07 15:05,157.947,157.955,157.868,157.868
2026-08-07 15:10,157.868,157.902,157.807,157.807
2026-08-07 15:15,157.810,157.837,157.732,157.750
2026-08-07 15:20,157.750,157.763,157.699,157.746
2026-08-07 15:25,157.745,157.763,157.669,157.695
2026-08-07 15:30,157.696,157.745,157.667,157.667
2026-08-07 15:35,157.667,157.672,157.527,157.558
2026-08-07 15:40,157.558,157.569,157.435,157.509
2026-08-07 15:45,157.504,157.599,157.468,157.564
2026-08-07 15:50,157.560,157.610,157.476,157.492
2026-08-07 15:55,157.485,157.570,157.483,157.548
2026-08-07 16:00,157.549,157.552,157.447,157.454
2026-08-07 16:05,157.446,157.524,157.426,157.503
2026-08-07 16:10,157.504,157.514,157.417,157.420
2026-08-07 16:15,157.420,157.472,157.415,157.446
2026-08-07 16:20,157.452,157.500,157.375,157.380
2026-08-07 16:25,157.376,157.399,157.299,157.369
2026-08-07 16:30,157.368,157.419,157.314,157.405
2026-08-07 16:35,157.416,157.416,157.350,157.370
2026-08-07 16:40,157.373,157.409,157.358,157.394
2026-08-07 16:45,157.393,157.413,157.326,157.336
2026-08-07 16:50,157.330,157.449,157.325,157.414
2026-08-07 16:55,157.419,157.468,157.412,157.447
2026-08-07 17:00,157.449,157.484,157.424,157.465
2026-08-07 17:05,157.468,157.500,157.453,157.459
2026-08-07 17:10,157.453,157.460,157.413,157.417
2026-08-07 17:15,157.421,157.447,157.404,157.414
2026-08-07 17:20,157.414,157.434,157.394,157.401
2026-08-07 17:25,157.397,157.411,157.374,157.406
2026-08-07 17:30,157.399,157.422,157.366,157.407
2026-08-07 17:35,157.410,157.439,157.404,157.434
2026-08-07 17:40,157.431,157.448,157.409,157.435
2026-08-07 17:45,157.440,157.449,157.423,157.439
2026-08-07 17:50,157.443,157.462,157.424,157.449
2026-08-07 17:55,157.449,157.489,157.435,157.483
2026-08-07 18:00,157.482,157.534,157.472,157.516
2026-08-07 18:05,157.512,157.524,157.473,157.514
2026-08-07 18:10,157.514,157.602,157.508,157.584
2026-08-07 18:15,157.582,157.597,157.551,157.571
2026-08-07 18:20,157.571,157.606,157.554,157.564
2026-08-07 18:25,157.564,157.625,157.550,157.581
2026-08-07 18:30,157.584,157.603,157.548,157.568
2026-08-07 18:35,157.564,157.578,157.538,157.568
2026-08-07 18:40,157.567,157.576,157.537,157.553
2026-08-07 18:45,157.553,157.566,157.513,157.513
2026-08-07 18:50,157.515,157.543,157.511,157.530
2026-08-07 18:55,157.525,157.551,157.510,157.532
2026-08-07 19:00,157.529,157.572,157.479,157.540
2026-08-07 19:05,157.539,157.574,157.539,157.553
2026-08-07 19:10,157.556,157.610,157.550,157.602
2026-08-07 19:15,157.602,157.620,157.524,157.575
2026-08-07 19:20,157.576,157.584,157.518,157.536
2026-08-07 19:25,157.538,157.550,157.498,157.498
2026-08-07 19:30,157.511,157.512,157.446,157.469
2026-08-07 19:35,157.472,157.502,157.457,157.490
2026-08-07 19:40,157.487,157.517,157.480,157.505
2026-08-07 19:45,157.509,157.511,157.454,157.486
2026-08-07 19:50,157.478,157.530,157.477,157.505
2026-08-07 19:55,157.505,157.565,157.479,157.553
2026-08-07 20:00,157.556,157.598,157.534,157.592
2026-08-07 20:05,157.589,157.656,157.583,157.626
2026-08-07 20:10,157.626,157.687,157.626,157.673
2026-08-07 20:15,157.683,157.772,157.673,157.726
2026-08-07 20:20,157.726,157.771,157.715,157.764
2026-08-07 20:25,157.754,157.770,157.712,157.726
2026-08-07 20:30,157.734,157.764,157.727,157.761
2026-08-07 20:35,157.742,157.871,157.740,157.849
2026-08-07 20:40,157.838,157.864,157.761,157.763
2026-08-07 20:45,157.778,157.835,157.758,157.804
2026-08-07 20:50,157.825,157.844,157.754,157.795
2026-08-07 20:55,157.770,157.826,157.727,157.745
2026-08-09 23:00,157.916,157.936,157.887,157.892
2026-08-09 23:05,157.892,157.907,157.842,157.880
2026-08-09 23:10,157.893,157.908,157.844,157.869
2026-08-09 23:15,157.855,157.884,157.852,157.870
2026-08-09 23:20,157.870,157.896,157.867,157.879
2026-08-09 23:25,157.879,157.894,157.819,157.831
2026-08-09 23:30,157.831,157.881,157.828,157.844
2026-08-09 23:35,157.855,157.887,157.835,157.868
2026-08-09 23:40,157.869,157.893,157.854,157.880
2026-08-09 23:45,157.880,157.915,157.877,157.895
2026-08-09 23:50,157.898,157.907,157.855,157.881
2026-08-09 23:55,157.870,157.915,157.868,157.900
2026-08-10 00:00,157.902,157.914,157.831,157.877
2026-08-10 00:05,157.882,157.895,157.854,157.884
2026-08-10 00:10,157.880,157.907,157.844,157.850
2026-08-10 00:15,157.850,157.911,157.849,157.895
2026-08-10 00:20,157.895,157.939,157.883,157.895
2026-08-10 00:25,157.904,157.926,157.895,157.910
2026-08-10 00:30,157.910,157.939,157.908,157.915
2026-08-10 00:35,157.906,157.938,157.904,157.928
2026-08-10 00:40,157.928,157.948,157.907,157.931
2026-08-10 00:45,157.932,157.940,157.901,157.903
2026-08-10 00:50,157.911,157.969,157.887,157.934
2026-08-10 00:55,157.922,157.962,157.914,157.943
2026-08-10 01:00,157.943,158.144,157.923,158.071
2026-08-10 01:05,158.071,158.089,158.028,158.051
2026-08-10 01:10,158.042,158.083,158.037,158.048
2026-08-10 01:15,158.059,158.091,158.014,158.080
2026-08-10 01:20,158.079,158.127,158.077,158.105
2026-08-10 01:25,158.109,158.123,158.090,158.103
2026-08-10 01:30,158.102,158.169,158.102,158.129
2026-08-10 01:35,158.139,158.202,158.129,158.180
2026-08-10 01:40,158.180,158.228,158.175,158.200
2026-08-10 01:45,158.197,158.215,158.165,158.182
2026-08-10 01:50,158.177,158.279,158.172,158.263
2026-08-10 01:55,158.263,158.317,158.234,158.266
2026-08-10 02:00,158.266,158.281,158.226,158.256
2026-08-10 02:05,158.256,158.276,158.242,158.275
2026-08-10 02:10,158.266,158.304,158.264,158.280
2026-08-10 02:15,158.283,158.296,158.258,158.268
2026-08-10 02:20,158.264,158.294,158.264,158.269
2026-08-10 02:25,158.278,158.286,158.239,158.245
2026-08-10 02:30,158.242,158.263,158.214,158.219
2026-08-10 02:35,158.219,158.259,158.215,158.249
2026-08-10 02:40,158.249,158.269,158.243,158.263
2026-08-10 02:45,158.264,158.266,158.241,158.242
2026-08-10 02:50,158.242,158.255,158.232,158.236
2026-08-10 02:55,158.235,158.262,158.216,158.225
2026-08-10 03:00,158.229,158.234,158.183,158.211
2026-08-10 03:05,158.202,158.226,158.194,158.208
2026-08-10 03:10,158.200,158.212,158.176,158.192
2026-08-10 03:15,158.192,158.205,158.170,158.180
2026-08-10 03:20,158.180,158.186,158.147,158.163
2026-08-10 03:25,158.168,158.176,158.154,158.155
2026-08-10 03:30,158.155,158.185,158.147,158.183
2026-08-10 03:35,158.175,158.202,158.165,158.193
2026-08-10 03:40,158.193,158.223,158.180,158.190
2026-08-10 03:45,158.199,158.201,158.165,158.168
2026-08-10 03:50,158.175,158.201,158.168,158.187
2026-08-10 03:55,158.187,158.208,158.179,158.196
2026-08-10 04:00,158.190,158.216,158.190,158.207
2026-08-10 04:05,158.207,158.255,158.204,158.239
2026-08-10 04:10,158.231,158.263,158.229,158.243
2026-08-10 04:15,158.243,158.281,158.238,158.274
2026-08-10 04:20,158.274,158.281,158.236,158.240
2026-08-10 04:25,158.240,158.266,158.228,158.266
2026-08-10 04:30,158.256,158.278,158.248,158.256
2026-08-10 04:35,158.255,158.277,158.255,158.268
2026-08-10 04:40,158.267,158.278,158.259,158.265
2026-08-10 04:45,158.265,158.275,158.233,158.237
2026-08-10 04:50,158.240,158.250,158.222,158.242
2026-08-10 04:55,158.250,158.342,158.240,158.337
2026-08-10 05:00,158.332,158.356,158.302,158.303
2026-08-10 05:05,158.303,158.342,158.292,158.339
2026-08-10 05:10,158.334,158.375,158.324,158.358
2026-08-10 05:15,158.357,158.379,158.344,158.379
2026-08-10 05:20,158.375,158.387,158.343,158.357
2026-08-10 05:25,158.354,158.383,158.328,158.337
2026-08-10 05:30,158.333,158.368,158.325,158.343
2026-08-10 05:35,158.344,158.364,158.304,158.316
2026-08-10 05:40,158.316,158.365,158.309,158.364
2026-08-10 05:45,158.356,158.365,158.340,158.342
2026-08-10 05:50,158.342,158.352,158.311,158.339
2026-08-10 05:55,158.340,158.350,158.322,158.339
2026-08-10 06:00,158.339,158.376,158.332,158.370
2026-08-10 06:05,158.367,158.375,158.346,158.364
2026-08-10 06:10,158.363,158.457,158.354,158.409
2026-08-10 06:15,158.409,158.436,158.367,158.427
2026-08-10 06:20,158.418,158.436,158.395,158.421
2026-08-10 06:25,158.410,158.453,158.409,158.409
2026-08-10 06:30,158.416,158.428,158.402,158.412
2026-08-10 06:35,158.409,158.430,158.405,158.416
2026-08-10 06:40,158.411,158.438,158.393,158.403
2026-08-10 06:45,158.406,158.411,158.345,158.369
2026-08-10 06:50,158.369,158.413,158.369,158.395
2026-08-10 06:55,158.391,158.398,158.355,158.379
2026-08-10 07:00,158.375,158.447,158.375,158.439
2026-08-10 07:05,158.444,158.462,158.422,158.432
2026-08-10 07:10,158.432,158.458,158.420,158.455
2026-08-10 07:15,158.448,158.460,158.424,158.453
2026-08-10 07:20,158.450,158.490,158.432,158.448
2026-08-10 07:25,158.448,158.475,158.424,158.456
2026-08-10 07:30,158.456,158.523,158.455,158.496
2026-08-10 07:35,158.497,158.512,158.465,158.496
2026-08-10 07:40,158.496,158.517,158.445,158.458
2026-08-10 07:45,158.465,158.509,158.397,158.506
2026-08-10 07:50,158.501,158.522,158.473,158.494
2026-08-10 07:55,158.494,158.503,158.477,158.480
2026-08-10 08:00,158.480,158.498,158.426,158.458
2026-08-10 08:05,158.458,158.491,158.453,158.484
2026-08-10 08:10,158.487,158.499,158.450,158.455
2026-08-10 08:15,158.457,158.491,158.453,158.474
2026-08-10 08:20,158.474,158.489,158.459,158.488
2026-08-10 08:25,158.485,158.496,158.464,158.491
2026-08-10 08:30,158.484,158.588,158.478,158.567
2026-08-10 08:35,158.573,158.579,158.519,158.553
2026-08-10 08:40,158.548,158.571,158.529,158.555
2026-08-10 08:45,158.555,158.619,158.536,158.612
2026-08-10 08:50,158.617,158.677,158.606,158.675
2026-08-10 08:55,158.667,158.685,158.652,158.658
2026-08-10 09:00,158.663,158.732,158.656,158.727
2026-08-10 09:05,158.728,158.735,158.671,158.678
2026-08-10 09:10,158.671,158.698,158.642,158.649
2026-08-10 09:15,158.653,158.694,158.642,158.683
2026-08-10 09:20,158.686,158.698,158.644,158.650
2026-08-10 09:25,158.653,158.682,158.643,158.677
2026-08-10 09:30,158.674,158.734,158.673,158.724
2026-08-10 09:35,158.723,158.776,158.716,158.767
2026-08-10 09:40,158.770,158.787,158.730,158.767
2026-08-10 09:45,158.770,158.835,158.767,158.820
2026-08-10 09:50,158.822,158.837,158.806,158.818
2026-08-10 09:55,158.818,158.858,158.816,158.843
2026-08-10 10:00,158.845,158.875,158.835,158.858
2026-08-10 10:05,158.857,158.891,158.830,158.864
2026-08-10 10:10,158.864,158.873,158.838,158.842
2026-08-10 10:15,158.847,158.868,158.830,158.843
2026-08-10 10:20,158.843,158.853,158.726,158.799
2026-08-10 10:25,158.799,158.830,158.780,158.791
2026-08-10 10:30,158.795,158.824,158.767,158.781
2026-08-10 10:35,158.780,158.823,158.765,158.789
2026-08-10 10:40,158.782,158.816,158.764,158.776
2026-08-10 10:45,158.782,158.800,158.726,158.750
2026-08-10 10:50,158.748,158.777,158.732,158.772
2026-08-10 10:55,158.768,158.799,158.752,158.780
2026-08-10 11:00,158.781,158.795,158.734,158.756
2026-08-10 11:05,158.756,158.841,158.756,158.810
2026-08-10 11:10,158.809,158.836,158.799,158.802
2026-08-10 11:15,158.801,158.815,158.767,158.777
2026-08-10 11:20,158.778,158.811,158.766,158.809
2026-08-10 11:25,158.806,158.813,158.769,158.785
2026-08-10 11:30,158.789,158.827,158.779,158.803
2026-08-10 11:35,158.794,158.824,158.794,158.798
2026-08-10 11:40,158.795,158.832,158.785,158.815
2026-08-10 11:45,158.819,158.868,158.813,158.848
2026-08-10 11:50,158.848,158.876,158.843,158.845
2026-08-10 11:55,158.845,158.863,158.810,158.810
2026-08-10 12:00,158.810,158.835,158.787,158.806
2026-08-10 12:05,158.813,158.815,158.401,158.640
2026-08-10 12:10,158.625,158.729,158.615,158.681
2026-08-10 12:15,158.681,158.731,158.679,158.697
2026-08-10 12:20,158.705,158.769,158.657,158.744
2026-08-10 12:25,158.743,158.796,158.733,158.748
2026-08-10 12:30,158.740,158.780,158.736,158.771
2026-08-10 12:35,158.772,158.805,158.753,158.781
2026-08-10 12:40,158.782,158.860,158.771,158.856
2026-08-10 12:45,158.852,158.872,158.838,158.846
2026-08-10 12:50,158.846,158.948,158.837,158.939
2026-08-10 12:55,158.948,158.948,158.910,158.938
2026-08-10 13:00,158.934,158.955,158.900,158.947
2026-08-10 13:05,158.952,158.981,158.921,158.922
2026-08-10 13:10,158.922,158.936,158.897,158.899
2026-08-10 13:15,158.908,158.936,158.895,158.911
2026-08-10 13:20,158.914,158.941,158.897,158.923
2026-08-10 13:25,158.927,158.952,158.915,158.916
2026-08-10 13:30,158.916,158.978,158.906,158.932
2026-08-10 13:35,158.939,158.972,158.928,158.968
2026-08-10 13:40,158.973,158.987,158.957,158.974
2026-08-10 13:45,158.975,159.014,158.853,159.010
2026-08-10 13:50,159.006,159.064,159.005,159.016
2026-08-10 13:55,159.021,159.027,158.926,159.013
2026-08-10 14:00,159.008,159.017,158.973,158.986
2026-08-10 14:05,158.986,158.994,158.958,158.980
2026-08-10 14:10,158.984,158.984,158.894,158.928
2026-08-10 14:15,158.922,158.932,158.868,158.875
2026-08-10 14:20,158.885,158.907,158.857,158.900
2026-08-10 14:25,158.895,158.932,158.872,158.878
2026-08-10 14:30,158.886,158.942,158.875,158.932
2026-08-10 14:35,158.922,158.955,158.909,158.920
2026-08-10 14:40,158.921,158.942,158.895,158.899
2026-08-10 14:45,158.906,158.908,158.859,158.897
2026-08-10 14:50,158.888,158.941,158.888,158.915
2026-08-10 14:55,158.915,158.969,158.909,158.936
2026-08-10 15:00,158.930,158.979,158.879,158.971
2026-08-10 15:05,158.972,159.007,158.961,158.976
2026-08-10 15:10,158.976,158.995,158.950,158.950
2026-08-10 15:15,158.957,158.966,158.884,158.897
2026-08-10 15:20,158.888,158.901,158.850,158.883
2026-08-10 15:25,158.885,158.944,158.875,158.908
2026-08-10 15:30,158.903,158.952,158.891,158.950
2026-08-10 15:35,158.948,158.949,158.909,158.910
2026-08-10 15:40,158.915,158.947,158.903,158.927
2026-08-10 15:45,158.932,158.939,158.911,158.922
2026-08-10 15:50,158.922,158.930,158.895,158.911
2026-08-10 15:55,158.909,158.936,158.892,158.896
2026-08-10 16:00,158.896,158.932,158.889,158.923
2026-08-10 16:05,158.923,158.932,158.905,158.912
2026-08-10 16:10,158.920,158.942,158.909,158.933
2026-08-10 16:15,158.939,158.951,158.911,158.921
2026-08-10 16:20,158.921,158.939,158.919,158.928
2026-08-10 16:25,158.928,158.941,158.921,158.926
2026-08-10 16:30,158.922,159.004,158.920,158.972
2026-08-10 16:35,158.972,158.979,158.935,158.948
2026-08-10 16:40,158.951,159.004,158.944,158.994
2026-08-10 16:45,158.994,159.008,158.980,158.985
2026-08-10 16:50,158.985,159.021,158.974,159.011
2026-08-10 16:55,159.012,159.044,158.997,159.028
2026-08-10 17:00,159.031,159.101,159.022,159.072
2026-08-10 17:05,159.079,159.163,159.073,159.141
2026-08-10 17:10,159.141,159.161,159.097,159.100
2026-08-10 17:15,159.108,159.142,159.096,159.117
2026-08-10 17:20,159.117,159.137,159.109,159.112
2026-08-10 17:25,159.112,159.127,159.091,159.097
2026-08-10 17:30,159.106,159.106,159.067,159.088
2026-08-10 17:35,159.088,159.112,159.087,159.092
2026-08-10 17:40,159.089,159.108,159.072,159.107
2026-08-10 17:45,159.098,159.139,159.098,159.133
2026-08-10 17:50,159.129,159.137,159.108,159.125
2026-08-10 17:55,159.126,159.143,159.125,159.131
2026-08-10 18:00,159.130,159.137,159.099,159.103
2026-08-10 18:05,159.102,159.138,159.101,159.129
2026-08-10 18:10,159.130,159.139,159.126,159.138
2026-08-10 18:15,159.137,159.173,159.131,159.168
2026-08-10 18:20,159.168,159.185,159.164,159.172
2026-08-10 18:25,159.171,159.178,159.155,159.157
2026-08-10 18:30,159.157,159.176,159.077,159.139
2026-08-10 18:35,159.148,159.171,159.139,159.165
2026-08-10 18:40,159.157,159.168,159.147,159.160
2026-08-10 18:45,159.155,159.199,159.154,159.189
2026-08-10 18:50,159.189,159.358,159.178,159.255
2026-08-10 18:55,159.258,159.277,159.221,159.236
2026-08-10 19:00,159.235,159.251,159.217,159.240
2026-08-10 19:05,159.242,159.255,159.228,159.245
2026-08-10 19:10,159.253,159.262,159.230,159.233
2026-08-10 19:15,159.233,159.277,159.227,159.253
2026-08-10 19:20,159.253,159.263,159.231,159.245
2026-08-10 19:25,159.248,159.280,159.244,159.274
2026-08-10 19:30,159.271,159.321,159.269,159.318
2026-08-10 19:35,159.314,159.361,159.283,159.361
2026-08-10 19:40,159.354,159.363,159.287,159.303
2026-08-10 19:45,159.306,159.324,159.287,159.295
2026-08-10 19:50,159.300,159.304,159.271,159.277
2026-08-10 19:55,159.272,159.303,159.269,159.300
2026-08-10 20:00,159.296,159.323,159.278,159.286
2026-08-10 20:05,159.293,159.319,159.286,159.304
2026-08-10 20:10,159.301,159.317,159.288,159.309
2026-08-10 20:15,159.309,159.327,159.305,159.308
2026-08-10 20:20,159.308,159.330,159.308,159.320
2026-08-10 20:25,159.327,159.344,159.320,159.329
2026-08-10 20:30,159.329,159.340,159.315,159.338
2026-08-10 20:35,159.329,159.338,159.305,159.317
2026-08-10 20:40,159.312,159.325,159.301,159.308
2026-08-10 20:45,159.305,159.322,159.298,159.299
2026-08-10 20:50,159.302,159.317,159.294,159.300
2026-08-10 20:55,159.298,159.317,159.278,159.284
2026-08-10 21:00,159.257,159.268,159.154,159.226
2026-08-10 21:05,159.203,159.249,159.198,159.242
2026-08-10 21:10,159.245,159.245,159.234,159.243
2026-08-10 21:15,159.242,159.268,159.227,159.267
2026-08-10 21:20,159.266,159.267,159.225,159.238
2026-08-10 21:25,159.237,159.247,159.193,159.239
2026-08-10 21:30,159.247,159.251,159.200,159.215
2026-08-10 21:35,159.215,159.233,159.202,159.216
2026-08-10 21:40,159.216,159.252,159.204,159.219
2026-08-10 21:45,159.225,159.254,159.223,159.237
2026-08-10 21:50,159.224,159.249,159.183,159.218
2026-08-10 21:55,159.184,159.225,159.184,159.222
2026-08-10 22:00,159.221,159.294,159.199,159.289
2026-08-10 22:05,159.288,159.303,159.260,159.298
2026-08-10 22:10,159.299,159.309,159.271,159.285
2026-08-10 22:15,159.298,159.305,159.277,159.291
2026-08-10 22:20,159.293,159.299,159.242,159.282
2026-08-10 22:25,159.274,159.302,159.272,159.275
2026-08-10 22:30,159.275,159.301,159.251,159.271
2026-08-10 22:35,159.272,159.291,159.235,159.248
2026-08-10 22:40,159.239,159.263,159.236,159.237
2026-08-10 22:45,159.246,159.251,159.222,159.245
2026-08-10 22:50,159.235,159.251,159.228,159.233
2026-08-10 22:55,159.245,159.262,159.224,159.256
2026-08-10 23:00,159.241,159.262,159.232,159.247
2026-08-10 23:05,159.252,159.276,159.242,159.263
2026-08-10 23:10,159.270,159.278,159.246,159.250
2026-08-10 23:15,159.256,159.272,159.240,159.258
2026-08-10 23:20,159.251,159.271,159.237,159.246
2026-08-10 23:25,159.254,159.275,159.243,159.257
2026-08-10 23:30,159.257,159.290,159.256,159.283
2026-08-10 23:35,159.276,159.290,159.252,159.276
2026-08-10 23:40,159.265,159.288,159.263,159.266
2026-08-10 23:45,159.266,159.276,159.175,159.178
2026-08-10 23:50,159.178,159.220,159.176,159.199
2026-08-10 23:55,159.198,159.212,159.121,159.150
2026-08-11 00:00,159.150,159.163,159.113,159.130
2026-08-11 00:05,159.128,159.183,159.124,159.150
2026-08-11 00:10,159.140,159.161,159.135,159.142
2026-08-11 00:15,159.139,159.188,159.139,159.174
2026-08-11 00:20,159.179,159.198,159.153,159.188
2026-08-11 00:25,159.186,159.197,159.170,159.186
2026-08-11 00:30,159.191,159.196,159.164,159.175
2026-08-11 00:35,159.175,159.184,159.067,159.094
2026-08-11 00:40,159.100,159.119,158.920,159.007
2026-08-11 00:45,159.017,159.084,159.000,159.056
2026-08-11 00:50,159.056,159.108,159.033,159.078
2026-08-11 00:55,159.089,159.152,159.048,159.145
2026-08-11 01:00,159.142,159.183,159.125,159.131
2026-08-11 01:05,159.131,159.148,159.075,159.101
2026-08-11 01:10,159.101,159.139,159.097,159.116
2026-08-11 01:15,159.112,159.126,159.070,159.084
2026-08-11 01:20,159.074,159.107,159.061,159.092
2026-08-11 01:25,159.102,159.111,159.066,159.082
2026-08-11 01:30,159.083,159.099,159.064,159.068
2026-08-11 01:35,159.068,159.099,159.065,159.087
2026-08-11 01:40,159.078,159.139,159.074,159.124
2026-08-11 01:45,159.136,159.139,159.097,159.106
2026-08-11 01:50,159.106,159.152,159.106,159.129
2026-08-11 01:55,159.131,159.178,159.128,159.163
2026-08-11 02:00,159.162,159.197,159.154,159.182
2026-08-11 02:05,159.182,159.210,159.171,159.201
2026-08-11 02:10,159.201,159.266,159.201,159.217
2026-08-11 02:15,159.217,159.265,159.205,159.257
2026-08-11 02:20,159.248,159.301,159.242,159.294
2026-08-11 02:25,159.296,159.309,159.248,159.273
2026-08-11 02:30,159.279,159.312,159.272,159.277
2026-08-11 02:35,159.287,159.297,159.262,159.270
2026-08-11 02:40,159.265,159.303,159.265,159.287
2026-08-11 02:45,159.287,159.305,159.267,159.286
2026-08-11 02:50,159.274,159.294,159.261,159.274
2026-08-11 02:55,159.279,159.299,159.249,159.260
2026-08-11 03:00,159.257,159.266,159.213,159.245
2026-08-11 03:05,159.245,159.270,159.213,159.223
2026-08-11 03:10,159.229,159.256,159.219,159.229
2026-08-11 03:15,159.224,159.237,159.185,159.185
2026-08-11 03:20,159.186,159.219,159.184,159.198
2026-08-11 03:25,159.198,159.211,159.160,159.171
2026-08-11 03:30,159.163,159.173,159.139,159.150
2026-08-11 03:35,159.150,159.181,159.149,159.177
2026-08-11 03:40,159.168,159.212,159.164,159.199
2026-08-11 03:45,159.202,159.212,159.187,159.198
2026-08-11 03:50,159.196,159.207,159.162,159.162
2026-08-11 03:55,159.169,159.211,159.160,159.200
2026-08-11 04:00,159.196,159.206,159.172,159.188
2026-08-11 04:05,159.182,159.206,159.174,159.198
2026-08-11 04:10,159.201,159.207,159.175,159.190
2026-08-11 04:15,159.183,159.192,159.155,159.168
2026-08-11 04:20,159.168,159.180,159.167,159.176
2026-08-11 04:25,159.172,159.180,159.163,159.168
2026-08-11 04:30,159.168,159.213,159.168,159.205
2026-08-11 04:35,159.210,159.211,159.186,159.202
2026-08-11 04:40,159.199,159.243,159.198,159.212
2026-08-11 04:45,159.212,159.249,159.211,159.238
2026-08-11 04:50,159.237,159.251,159.214,159.228
2026-08-11 04:55,159.219,159.230,159.180,159.184
2026-08-11 05:00,159.183,159.210,159.177,159.197
2026-08-11 05:05,159.197,159.214,159.180,159.184
2026-08-11 05:10,159.188,159.207,159.183,159.188
2026-08-11 05:15,159.189,159.208,159.176,159.183
2026-08-11 05:20,159.183,159.208,159.183,159.202
2026-08-11 05:25,159.194,159.205,159.177,159.177
2026-08-11 05:30,159.177,159.193,159.149,159.174
2026-08-11 05:35,159.174,159.207,159.173,159.177
2026-08-11 05:40,159.177,159.185,159.147,159.155
2026-08-11 05:45,159.149,159.181,159.149,159.173
2026-08-11 05:50,159.173,159.229,159.172,159.216
2026-08-11 05:55,159.216,159.231,159.196,159.201
2026-08-11 06:00,159.200,159.209,159.173,159.196
2026-08-11 06:05,159.188,159.216,159.185,159.195
2026-08-11 06:10,159.192,159.232,159.192,159.213
2026-08-11 06:15,159.213,159.236,159.187,159.228
2026-08-11 06:20,159.223,159.241,159.197,159.212
2026-08-11 06:25,159.217,159.221,159.198,159.218
2026-08-11 06:30,159.213,159.240,159.210,159.224
2026-08-11 06:35,159.223,159.239,159.209,159.223
2026-08-11 06:40,159.213,159.225,159.176,159.220
2026-08-11 06:45,159.217,159.228,159.211,159.213
2026-08-11 06:50,159.221,159.231,159.208,159.222
2026-08-11 06:55,159.216,159.222,159.187,159.208
2026-08-11 07:00,159.205,159.311,159.195,159.267
2026-08-11 07:05,159.267,159.304,159.250,159.294
2026-08-11 07:10,159.294,159.322,159.280,159.290
2026-08-11 07:15,159.290,159.312,159.274,159.298
2026-08-11 07:20,159.297,159.316,159.278,159.280
2026-08-11 07:25,159.280,159.293,159.254,159.262
2026-08-11 07:30,159.270,159.293,159.262,159.272
2026-08-11 07:35,159.279,159.288,159.264,159.280
2026-08-11 07:40,159.279,159.323,159.279,159.313
2026-08-11 07:45,159.310,159.340,159.298,159.298
2026-08-11 07:50,159.298,159.328,159.291,159.314
2026-08-11 07:55,159.315,159.377,159.312,159.356
2026-08-11 08:00,159.361,159.364,159.309,159.327
2026-08-11 08:05,159.332,159.350,159.324,159.338
2026-08-11 08:10,159.338,159.358,159.336,159.344
2026-08-11 08:15,159.344,159.358,159.322,159.335
2026-08-11 08:20,159.334,159.346,159.312,159.313
2026-08-11 08:25,159.313,159.330,159.287,159.292
2026-08-11 08:30,159.289,159.306,159.277,159.295
2026-08-11 08:35,159.296,159.313,159.288,159.301
2026-08-11 08:40,159.301,159.312,159.294,159.301
2026-08-11 08:45,159.301,159.338,159.301,159.328
2026-08-11 08:50,159.325,159.358,159.324,159.344
2026-08-11 08:55,159.344,159.371,159.324,159.349
2026-08-11 09:00,159.349,159.390,159.337,159.337
2026-08-11 09:05,159.341,159.383,159.337,159.371
2026-08-11 09:10,159.371,159.380,159.349,159.364
2026-08-11 09:15,159.360,159.369,159.324,159.343
2026-08-11 09:20,159.343,159.357,159.335,159.340
2026-08-11 09:25,159.340,159.352,159.325,159.330
2026-08-11 09:30,159.328,159.335,159.304,159.314
2026-08-11 09:35,159.314,159.328,159.306,159.307
2026-08-11 09:40,159.314,159.327,159.305,159.316
2026-08-11 09:45,159.315,159.322,159.265,159.270
2026-08-11 09:50,159.271,159.297,159.265,159.291
2026-08-11 09:55,159.291,159.297,159.274,159.282
2026-08-11 10:00,159.276,159.319,159.275,159.295
2026-08-11 10:05,159.297,159.312,159.283,159.303
2026-08-11 10:10,159.309,159.320,159.290,159.319
2026-08-11 10:15,159.320,159.331,159.306,159.331
2026-08-11 10:20,159.327,159.330,159.269,159.294
2026-08-11 10:25,159.298,159.308,159.186,159.254
2026-08-11 10:30,159.254,159.283,159.239,159.248
2026-08-11 10:35,159.249,159.270,159.227,159.245
2026-08-11 10:40,159.246,159.267,159.241,159.251
2026-08-11 10:45,159.247,159.259,159.231,159.252
2026-08-11 10:50,159.252,159.277,159.252,159.263
2026-08-11 10:55,159.257,159.271,159.202,159.225
2026-08-11 11:00,159.224,159.244,159.049,159.106
2026-08-11 11:05,159.100,159.133,159.059,159.115
2026-08-11 11:10,159.115,159.124,159.068,159.092
2026-08-11 11:15,159.090,159.122,159.081,159.113
2026-08-11 11:20,159.116,159.156,159.102,159.147
2026-08-11 11:25,159.152,159.190,159.141,159.185
2026-08-11 11:30,159.180,159.211,159.162,159.181
2026-08-11 11:35,159.185,159.198,159.166,159.169
2026-08-11 11:40,159.170,159.212,159.166,159.209
2026-08-11 11:45,159.210,159.240,159.199,159.231
2026-08-11 11:50,159.230,159.250,159.220,159.233
2026-08-11 11:55,159.236,159.253,159.221,159.244
2026-08-11 12:00,159.245,159.278,159.242,159.251
2026-08-11 12:05,159.247,159.258,159.193,159.202
2026-08-11 12:10,159.202,159.272,159.184,159.260
2026-08-11 12:15,159.256,159.290,159.255,159.280
2026-08-11 12:20,159.279,159.365,159.269,159.331
2026-08-11 12:25,159.332,159.350,159.297,159.308
2026-08-11 12:30,159.311,159.314,159.245,159.282
2026-08-11 12:35,159.279,159.290,159.252,159.277
2026-08-11 12:40,159.270,159.284,159.251,159.258
2026-08-11 12:45,159.255,159.271,159.238,159.264
2026-08-11 12:50,159.259,159.302,159.259,159.277
2026-08-11 12:55,159.277,159.284,159.251,159.270
2026-08-11 13:00,159.265,159.271,159.186,159.222
2026-08-11 13:05,159.216,159.224,159.167,159.202
2026-08-11 13:10,159.207,159.222,159.191,159.215
2026-08-11 13:15,159.215,159.242,159.179,159.212
2026-08-11 13:20,159.207,159.216,159.189,159.198
2026-08-11 13:25,159.201,159.225,159.190,159.220
2026-08-11 13:30,159.215,159.258,159.193,159.248
2026-08-11 13:35,159.250,159.259,159.204,159.229
2026-08-11 13:40,159.221,159.249,159.210,159.216
2026-08-11 13:45,159.216,159.247,159.178,159.228
2026-08-11 13:50,159.231,159.234,159.191,159.214
2026-08-11 13:55,159.219,159.243,159.214,159.230
2026-08-11 14:00,159.229,159.277,159.229,159.264
2026-08-11 14:05,159.263,159.294,159.243,159.269
2026-08-11 14:10,159.268,159.284,159.255,159.262
2026-08-11 14:15,159.265,159.272,159.227,159.229
2026-08-11 14:20,159.236,159.258,159.213,159.216
2026-08-11 14:25,159.216,159.270,159.213,159.239
2026-08-11 14:30,159.239,159.260,159.218,159.227
2026-08-11 14:35,159.227,159.239,159.192,159.216
2026-08-11 14:40,159.217,159.240,159.214,159.225
2026-08-11 14:45,159.224,159.245,159.206,159.240
2026-08-11 14:50,159.236,159.258,159.217,159.229
2026-08-11 14:55,159.232,159.253,159.224,159.230
2026-08-11 15:00,159.230,159.239,159.196,159.213
2026-08-11 15:05,159.206,159.251,159.204,159.236
2026-08-11 15:10,159.228,159.259,159.216,159.258
2026-08-11 15:15,159.251,159.273,159.241,159.256
2026-08-11 15:20,159.248,159.258,159.228,159.239
2026-08-11 15:25,159.239,159.268,159.228,159.261
2026-08-11 15:30,159.268,159.312,159.255,159.299
2026-08-11 15:35,159.289,159.309,159.286,159.301
2026-08-11 15:40,159.298,159.328,159.289,159.321
2026-08-11 15:45,159.314,159.322,159.286,159.294
2026-08-11 15:50,159.299,159.312,159.282,159.290
2026-08-11 15:55,159.282,159.288,159.244,159.244
2026-08-11 16:00,159.244,159.258,159.218,159.244
2026-08-11 16:05,159.250,159.253,159.225,159.228
2026-08-11 16:10,159.224,159.243,159.215,159.228
2026-08-11 16:15,159.228,159.246,159.205,159.236
2026-08-11 16:20,159.237,159.253,159.225,159.239
2026-08-11 16:25,159.245,159.253,159.224,159.225
2026-08-11 16:30,159.225,159.256,159.224,159.240
2026-08-11 16:35,159.240,159.249,159.229,159.247
2026-08-11 16:40,159.246,159.250,159.228,159.232
2026-08-11 16:45,159.230,159.255,159.228,159.246
2026-08-11 16:50,159.246,159.269,159.241,159.256
2026-08-11 16:55,159.256,159.269,159.248,159.261
2026-08-11 17:00,159.265,159.281,159.254,159.271
2026-08-11 17:05,159.268,159.301,159.264,159.299
2026-08-11 17:10,159.293,159.310,159.286,159.304
2026-08-11 17:15,159.302,159.328,159.302,159.320
2026-08-11 17:20,159.316,159.337,159.301,159.331
2026-08-11 17:25,159.331,159.352,159.324,159.330
2026-08-11 17:30,159.326,159.348,159.324,159.342
2026-08-11 17:35,159.342,159.350,159.327,159.328
2026-08-11 17:40,159.330,159.335,159.304,159.310
2026-08-11 17:45,159.316,159.318,159.283,159.288
2026-08-11 17:50,159.288,159.308,159.285,159.302
2026-08-11 17:55,159.302,159.316,159.298,159.306
2026-08-11 18:00,159.312,159.322,159.303,159.315
2026-08-11 18:05,159.314,159.324,159.309,159.318
2026-08-11 18:10,159.318,159.331,159.316,159.322
2026-08-11 18:15,159.317,159.346,159.306,159.328
2026-08-11 18:20,159.327,159.340,159.321,159.329
2026-08-11 18:25,159.326,159.336,159.314,159.325
2026-08-11 18:30,159.319,159.334,159.279,159.289
2026-08-11 18:35,159.289,159.300,159.274,159.280
2026-08-11 18:40,159.281,159.302,159.268,159.277
2026-08-11 18:45,159.280,159.288,159.267,159.269
2026-08-11 18:50,159.269,159.276,159.256,159.266
2026-08-11 18:55,159.266,159.277,159.253,159.271
2026-08-11 19:00,159.260,159.287,159.256,159.280
2026-08-11 19:05,159.278,159.286,159.268,159.272
2026-08-11 19:10,159.275,159.277,159.245,159.263
2026-08-11 19:15,159.255,159.297,159.254,159.285
2026-08-11 19:20,159.283,159.291,159.279,159.286
2026-08-11 19:25,159.280,159.290,159.277,159.287
2026-08-11 19:30,159.279,159.289,159.256,159.257
2026-08-11 19:35,159.257,159.276,159.255,159.256
2026-08-11 19:40,159.256,159.274,159.255,159.264
2026-08-11 19:45,159.262,159.273,159.258,159.260
2026-08-11 19:50,159.262,159.267,159.240,159.255
2026-08-11 19:55,159.250,159.305,159.244,159.280
2026-08-11 20:00,159.284,159.306,159.277,159.284
2026-08-11 20:05,159.281,159.289,159.278,159.282
2026-08-11 20:10,159.283,159.291,159.268,159.283
2026-08-11 20:15,159.286,159.291,159.276,159.277
2026-08-11 20:20,159.276,159.289,159.276,159.284
2026-08-11 20:25,159.285,159.289,159.275,159.284
2026-08-11 20:30,159.281,159.339,159.279,159.331
2026-08-11 20:35,159.332,159.356,159.330,159.352
2026-08-11 20:40,159.349,159.365,159.345,159.352
2026-08-11 20:45,159.353,159.364,159.314,159.318
2026-08-11 20:50,159.318,159.334,159.296,159.300
2026-08-11 20:55,159.301,159.312,159.234,159.260
2026-08-11 21:00,159.242,159.300,159.218,159.266
2026-08-11 21:05,159.231,159.258,159.218,159.258
2026-08-11 21:10,159.234,159.284,159.234,159.273
2026-08-11 21:15,159.259,159.284,159.259,159.274
2026-08-11 21:20,159.259,159.284,159.253,159.272
2026-08-11 21:25,159.274,159.282,159.231,159.263
2026-08-11 21:30,159.239,159.270,159.234,159.270
2026-08-11 21:35,159.250,159.272,159.232,159.253
2026-08-11 21:40,159.249,159.274,159.232,159.239
2026-08-11 21:45,159.239,159.269,159.232,159.249
2026-08-11 21:50,159.261,159.275,159.242,159.272
2026-08-11 21:55,159.272,159.274,159.256,159.260
2026-08-11 22:00,159.260,159.297,159.260,159.283
2026-08-11 22:05,159.282,159.293,159.264,159.288
2026-08-11 22:10,159.290,159.305,159.274,159.279
2026-08-11 22:15,159.296,159.303,159.276,159.277
2026-08-11 22:20,159.292,159.296,159.277,159.290
2026-08-11 22:25,159.292,159.297,159.269,159.288
2026-08-11 22:30,159.287,159.290,159.255,159.274
2026-08-11 22:35,159.261,159.281,159.255,159.271
2026-08-11 22:40,159.258,159.293,159.258,159.278
2026-08-11 22:45,159.277,159.277,159.252,159.270
2026-08-11 22:50,159.258,159.278,159.252,159.258
2026-08-11 22:55,159.252,159.266,159.251,159.265
2026-08-11 23:00,159.256,159.284,159.254,159.272
2026-08-11 23:05,159.272,159.282,159.258,159.262
2026-08-11 23:10,159.268,159.281,159.259,159.281
2026-08-11 23:15,159.277,159.294,159.270,159.285
2026-08-11 23:20,159.285,159.295,159.279,159.279
2026-08-11 23:25,159.279,159.299,159.278,159.288
2026-08-11 23:30,159.288,159.300,159.281,159.284
2026-08-11 23:35,159.281,159.290,159.278,159.278
2026-08-11 23:40,159.278,159.290,159.255,159.262
2026-08-11 23:45,159.262,159.280,159.262,159.267
2026-08-11 23:50,159.267,159.288,159.265,159.280
2026-08-11 23:55,159.275,159.286,159.263,159.276
2026-08-12 00:00,159.265,159.285,159.209,159.247
2026-08-12 00:05,159.242,159.244,159.194,159.212
2026-08-12 00:10,159.209,159.241,159.205,159.230
2026-08-12 00:15,159.230,159.244,159.194,159.200
2026-08-12 00:20,159.200,159.226,159.200,159.223
2026-08-12 00:25,159.219,159.249,159.213,159.239
2026-08-12 00:30,159.239,159.264,159.238,159.252
2026-08-12 00:35,159.242,159.279,159.242,159.266
2026-08-12 00:40,159.267,159.273,159.248,159.257
2026-08-12 00:45,159.257,159.295,159.253,159.281
2026-08-12 00:50,159.282,159.364,159.280,159.346
2026-08-12 00:55,159.344,159.369,159.326,159.336
2026-08-12 01:00,159.336,159.376,159.333,159.336
2026-08-12 01:05,159.343,159.361,159.325,159.335
2026-08-12 01:10,159.335,159.350,159.328,159.337
2026-08-12 01:15,159.329,159.341,159.304,159.315
2026-08-12 01:20,159.315,159.350,159.313,159.332
2026-08-12 01:25,159.338,159.348,159.320,159.340
2026-08-12 01:30,159.338,159.346,159.314,159.333
2026-08-12 01:35,159.334,159.337,159.310,159.316
2026-08-12 01:40,159.316,159.326,159.296,159.300
2026-08-12 01:45,159.305,159.311,159.292,159.297
2026-08-12 01:50,159.292,159.322,159.290,159.321
2026-08-12 01:55,159.312,159.336,159.312,159.326
2026-08-12 02:00,159.334,159.369,159.326,159.360
2026-08-12 02:05,159.354,159.364,159.328,159.340
2026-08-12 02:10,159.340,159.373,159.339,159.367
2026-08-12 02:15,159.369,159.432,159.363,159.417
2026-08-12 02:20,159.424,159.427,159.405,159.409
2026-08-12 02:25,159.417,159.419,159.383,159.395
2026-08-12 02:30,159.390,159.402,159.369,159.380
2026-08-12 02:35,159.381,159.397,159.373,159.390
2026-08-12 02:40,159.390,159.418,159.389,159.403
2026-08-12 02:45,159.410,159.410,159.390,159.391
2026-08-12 02:50,159.399,159.402,159.386,159.398
2026-08-12 02:55,159.392,159.408,159.387,159.392
2026-08-12 03:00,159.392,159.421,159.392,159.420
2026-08-12 03:05,159.414,159.433,159.402,159.416
2026-08-12 03:10,159.416,159.433,159.414,159.422
2026-08-12 03:15,159.419,159.448,159.418,159.445
2026-08-12 03:20,159.438,159.452,159.433,159.448
2026-08-12 03:25,159.446,159.458,159.439,159.456
2026-08-12 03:30,159.454,159.457,159.434,159.443
2026-08-12 03:35,159.439,159.445,159.425,159.440
2026-08-12 03:40,159.439,159.446,159.428,159.445
2026-08-12 03:45,159.438,159.449,159.432,159.435
2026-08-12 03:50,159.435,159.444,159.416,159.424
2026-08-12 03:55,159.418,159.432,159.417,159.426
2026-08-12 04:00,159.420,159.433,159.416,159.429
2026-08-12 04:05,159.427,159.433,159.416,159.426
2026-08-12 04:10,159.424,159.451,159.418,159.449
2026-08-12 04:15,159.441,159.461,159.441,159.455
2026-08-12 04:20,159.450,159.460,159.441,159.443
2026-08-12 04:25,159.445,159.449,159.428,159.434
2026-08-12 04:30,159.432,159.449,159.432,159.442
2026-08-12 04:35,159.442,159.449,159.419,159.419
2026-08-12 04:40,159.423,159.426,159.362,159.382
2026-08-12 04:45,159.377,159.402,159.377,159.394
2026-08-12 04:50,159.394,159.410,159.389,159.405
2026-08-12 04:55,159.400,159.414,159.393,159.413
2026-08-12 05:00,159.408,159.422,159.403,159.418
2026-08-12 05:05,159.416,159.437,159.411,159.423
2026-08-12 05:10,159.428,159.430,159.405,159.410
2026-08-12 05:15,159.412,159.419,159.393,159.412
2026-08-12 05:20,159.406,159.430,159.402,159.425
2026-08-12 05:25,159.419,159.428,159.417,159.420
2026-08-12 05:30,159.419,159.426,159.306,159.406
2026-08-12 05:35,159.407,159.413,159.378,159.378
2026-08-12 05:40,159.378,159.407,159.378,159.383
2026-08-12 05:45,159.383,159.411,159.382,159.393
2026-08-12 05:50,159.393,159.411,159.382,159.389
2026-08-12 05:55,159.382,159.416,159.380,159.406
2026-08-12 06:00,159.405,159.427,159.379,159.398
2026-08-12 06:05,159.394,159.415,159.383,159.405
2026-08-12 06:10,159.405,159.415,159.374,159.379
2026-08-12 06:15,159.386,159.390,159.359,159.362
2026-08-12 06:20,159.360,159.385,159.339,159.376
2026-08-12 06:25,159.376,159.409,159.373,159.403
2026-08-12 06:30,159.395,159.423,159.380,159.387
2026-08-12 06:35,159.387,159.398,159.369,159.375
2026-08-12 06:40,159.378,159.383,159.355,159.375
2026-08-12 06:45,159.369,159.398,159.368,159.391
2026-08-12 06:50,159.390,159.398,159.374,159.384
2026-08-12 06:55,159.378,159.384,159.361,159.379
2026-08-12 07:00,159.377,159.386,159.362,159.378
2026-08-12 07:05,159.374,159.382,159.326,159.341
2026-08-12 07:10,159.343,159.391,159.336,159.384
2026-08-12 07:15,159.385,159.397,159.369,159.380
2026-08-12 07:20,159.380,159.388,159.352,159.372
2026-08-12 07:25,159.372,159.382,159.353,159.376
2026-08-12 07:30,159.368,159.377,159.337,159.352
2026-08-12 07:35,159.355,159.360,159.332,159.339
2026-08-12 07:40,159.342,159.360,159.339,159.352
2026-08-12 07:45,159.352,159.362,159.345,159.353
2026-08-12 07:50,159.356,159.362,159.346,159.358
2026-08-12 07:55,159.354,159.380,159.354,159.365
2026-08-12 08:00,159.368,159.372,159.352,159.352
2026-08-12 08:05,159.357,159.358,159.336,159.343
2026-08-12 08:10,159.343,159.352,159.317,159.320
2026-08-12 08:15,159.318,159.346,159.316,159.325
2026-08-12 08:20,159.324,159.332,159.311,159.327
2026-08-12 08:25,159.321,159.352,159.320,159.344
2026-08-12 08:30,159.342,159.360,159.337,159.345
2026-08-12 08:35,159.345,159.354,159.280,159.304
2026-08-12 08:40,159.304,159.325,159.304,159.311
2026-08-12 08:45,159.312,159.338,159.304,159.333
2026-08-12 08:50,159.327,159.337,159.316,159.329
2026-08-12 08:55,159.329,159.351,159.289,159.315
2026-08-12 09:00,159.309,159.336,159.294,159.303
2026-08-12 09:05,159.296,159.315,159.293,159.297
2026-08-12 09:10,159.303,159.305,159.258,159.259
2026-08-12 09:15,159.262,159.268,159.203,159.223
2026-08-12 09:20,159.218,159.226,158.567,158.868
2026-08-12 09:25,158.857,159.061,158.855,159.034
2026-08-12 09:30,159.027,159.119,159.002,159.089
2026-08-12 09:35,159.098,159.123,159.054,159.070
2026-08-12 09:40,159.073,159.084,159.032,159.069
2026-08-12 09:45,159.075,159.128,159.065,159.118
2026-08-12 09:50,159.126,159.151,159.047,159.108
2026-08-12 09:55,159.108,159.162,159.107,159.150
2026-08-12 10:00,159.150,159.213,159.147,159.193
2026-08-12 10:05,159.193,159.198,159.147,159.154
2026-08-12 10:10,159.154,159.188,159.147,159.172
2026-08-12 10:15,159.172,159.197,159.160,159.177
2026-08-12 10:20,159.176,159.184,159.133,159.164
2026-08-12 10:25,159.158,159.170,159.140,159.160
2026-08-12 10:30,159.162,159.187,159.154,159.164
2026-08-12 10:35,159.164,159.182,159.136,159.137
2026-08-12 10:40,159.137,159.147,159.091,159.093
2026-08-12 10:45,159.093,159.224,159.093,159.161
2026-08-12 10:50,159.168,159.199,159.156,159.165
2026-08-12 10:55,159.165,159.188,159.148,159.175
2026-08-12 11:00,159.176,159.182,159.148,159.156
2026-08-12 11:05,159.156,159.164,159.134,159.151
2026-08-12 11:10,159.144,159.151,159.103,159.122
2026-08-12 11:15,159.123,159.150,159.102,159.134
2026-08-12 11:20,159.133,159.149,159.119,159.129
2026-08-12 11:25,159.127,159.146,159.104,159.120
2026-08-12 11:30,159.112,159.128,159.094,159.112
2026-08-12 11:35,159.112,159.121,159.100,159.104
2026-08-12 11:40,159.104,159.112,159.051,159.082
2026-08-12 11:45,159.080,159.086,159.050,159.077
2026-08-12 11:50,159.074,159.098,159.054,159.088
2026-08-12 11:55,159.086,159.101,159.069,159.093
2026-08-12 12:00,159.093,159.108,159.071,159.087
2026-08-12 12:05,159.085,159.097,159.074,159.081
2026-08-12 12:10,159.078,159.086,158.994,159.036
2026-08-12 12:15,159.036,159.090,159.025,159.066
2026-08-12 12:20,159.071,159.075,159.029,159.057
2026-08-12 12:25,159.052,159.075,158.921,158.946
2026-08-12 12:30,158.921,159.189,158.639,158.941
2026-08-12 12:35,158.955,158.986,158.828,158.844
2026-08-12 12:40,158.834,158.903,158.736,158.819
2026-08-12 12:45,158.815,158.985,158.815,158.894
2026-08-12 12:50,158.898,158.991,158.875,158.894
2026-08-12 12:55,158.902,158.932,158.778,158.802
2026-08-12 13:00,158.803,158.896,158.787,158.859
2026-08-12 13:05,158.863,158.869,158.688,158.761
2026-08-12 13:10,158.767,158.890,158.747,158.883
2026-08-12 13:15,158.877,158.906,158.814,158.841
2026-08-12 13:20,158.841,158.900,158.814,158.855
2026-08-12 13:25,158.854,158.898,158.839,158.839
2026-08-12 13:30,158.839,158.885,158.807,158.867
2026-08-12 13:35,158.861,158.969,158.852,158.950
2026-08-12 13:40,158.950,159.030,158.946,158.993
2026-08-12 13:45,158.993,159.037,158.967,158.996
2026-08-12 13:50,158.990,158.997,158.926,158.960
2026-08-12 13:55,158.964,159.040,158.960,159.015
2026-08-12 14:00,159.019,159.088,158.990,159.026
2026-08-12 14:05,159.020,159.122,159.014,159.119
2026-08-12 14:10,159.114,159.123,159.089,159.101
2026-08-12 14:15,159.100,159.157,159.086,159.094
2026-08-12 14:20,159.098,159.106,159.039,159.082
2026-08-12 14:25,159.076,159.105,159.044,159.094
2026-08-12 14:30,159.100,159.229,159.040,159.138
2026-08-12 14:35,159.132,159.155,159.114,159.137
2026-08-12 14:40,159.138,159.206,159.114,159.186
2026-08-12 14:45,159.188,159.239,159.151,159.230
2026-08-12 14:50,159.237,159.239,159.179,159.195
2026-08-12 14:55,159.189,159.242,159.168,159.198
2026-08-12 15:00,159.198,159.247,159.192,159.230
2026-08-12 15:05,159.234,159.252,159.190,159.195
2026-08-12 15:10,159.196,159.232,159.180,159.193
2026-08-12 15:15,159.198,159.226,159.193,159.223
2026-08-12 15:20,159.219,159.247,159.205,159.205
2026-08-12 15:25,159.205,159.249,159.204,159.240
2026-08-12 15:30,159.239,159.248,159.217,159.238
2026-08-12 15:35,159.240,159.285,159.229,159.271
2026-08-12 15:40,159.274,159.286,159.256,159.270
2026-08-12 15:45,159.272,159.290,159.257,159.265
2026-08-12 15:50,159.255,159.273,159.227,159.227
2026-08-12 15:55,159.227,159.247,159.213,159.229
2026-08-12 16:00,159.226,159.236,159.196,159.228
2026-08-12 16:05,159.227,159.309,159.227,159.280
2026-08-12 16:10,159.277,159.296,159.254,159.266
2026-08-12 16:15,159.270,159.300,159.261,159.287
2026-08-12 16:20,159.294,159.328,159.286,159.324
2026-08-12 16:25,159.316,159.338,159.304,159.318
2026-08-12 16:30,159.322,159.362,159.315,159.355
2026-08-12 16:35,159.352,159.370,159.344,159.360
2026-08-12 16:40,159.357,159.362,159.330,159.352
2026-08-12 16:45,159.352,159.409,159.349,159.396
2026-08-12 16:50,159.407,159.407,159.379,159.381
2026-08-12 16:55,159.381,159.410,159.378,159.380
2026-08-12 17:00,159.388,159.393,159.350,159.384
2026-08-12 17:05,159.385,159.386,159.354,159.370
2026-08-12 17:10,159.370,159.410,159.369,159.408
2026-08-12 17:15,159.401,159.431,159.401,159.421
2026-08-12 17:20,159.420,159.433,159.392,159.427
2026-08-12 17:25,159.431,159.432,159.413,159.422
2026-08-12 17:30,159.417,159.463,159.417,159.451
2026-08-12 17:35,159.444,159.492,159.441,159.488
2026-08-12 17:40,159.487,159.509,159.467,159.504
2026-08-12 17:45,159.504,159.527,159.465,159.469
2026-08-12 17:50,159.475,159.497,159.470,159.495
2026-08-12 17:55,159.493,159.507,159.470,159.495
2026-08-12 18:00,159.502,159.544,159.492,159.494
2026-08-12 18:05,159.501,159.519,159.493,159.507
2026-08-12 18:10,159.518,159.518,159.450,159.487
2026-08-12 18:15,159.487,159.498,159.474,159.476
2026-08-12 18:20,159.479,159.495,159.464,159.479
2026-08-12 18:25,159.478,159.483,159.424,159.454
2026-08-12 18:30,159.454,159.483,159.450,159.453
2026-08-12 18:35,159.452,159.469,159.431,159.467
2026-08-12 18:40,159.462,159.479,159.461,159.469
2026-08-12 18:45,159.466,159.479,159.453,159.454
2026-08-12 18:50,159.462,159.483,159.454,159.481
2026-08-12 18:55,159.478,159.500,159.476,159.489
2026-08-12 19:00,159.495,159.511,159.477,159.503
2026-08-12 19:05,159.503,159.507,159.484,159.499
2026-08-12 19:10,159.495,159.503,159.480,159.488
2026-08-12 19:15,159.489,159.496,159.459,159.460
2026-08-12 19:20,159.460,159.477,159.449,159.469
2026-08-12 19:25,159.473,159.487,159.458,159.483
2026-08-12 19:30,159.478,159.488,159.468,159.480
2026-08-12 19:35,159.479,159.499,159.460,159.484
2026-08-12 19:40,159.481,159.509,159.479,159.496
2026-08-12 19:45,159.491,159.498,159.476,159.488
2026-08-12 19:50,159.483,159.502,159.482,159.498
2026-08-12 19:55,159.495,159.516,159.458,159.488
2026-08-12 20:00,159.486,159.505,159.478,159.491
2026-08-12 20:05,159.491,159.503,159.470,159.485
2026-08-12 20:10,159.484,159.503,159.460,159.497
2026-08-12 20:15,159.497,159.504,159.477,159.479
2026-08-12 20:20,159.477,159.485,159.464,159.470
2026-08-12 20:25,159.464,159.474,159.451,159.461
2026-08-12 20:30,159.455,159.473,159.452,159.459
2026-08-12 20:35,159.455,159.458,159.401,159.420
2026-08-12 20:40,159.429,159.445,159.414,159.424
2026-08-12 20:45,159.413,159.436,159.401,159.410
2026-08-12 20:50,159.412,159.441,159.392,159.419
2026-08-12 20:55,159.413,159.441,159.396,159.401
2026-08-12 21:00,159.399,159.425,159.389,159.400
2026-08-12 21:05,159.401,159.407,159.369,159.407
2026-08-12 21:10,159.384,159.413,159.360,159.396
2026-08-12 21:15,159.396,159.418,159.379,159.401
2026-08-12 21:20,159.395,159.421,159.380,159.404
2026-08-12 21:25,159.395,159.404,159.385,159.391
2026-08-12 21:30,159.386,159.419,159.377,159.396
2026-08-12 21:35,159.396,159.417,159.386,159.399
2026-08-12 21:40,159.409,159.419,159.394,159.396
2026-08-12 21:45,159.416,159.417,159.383,159.403
2026-08-12 21:50,159.407,159.411,159.382,159.386
2026-08-12 21:55,159.406,159.406,159.384,159.388
2026-08-12 22:00,159.387,159.453,159.387,159.443
2026-08-12 22:05,159.433,159.454,159.430,159.431
2026-08-12 22:10,159.439,159.451,159.416,159.427
2026-08-12 22:15,159.427,159.438,159.416,159.433
2026-08-12 22:20,159.422,159.438,159.419,159.430
2026-08-12 22:25,159.426,159.438,159.411,159.412
2026-08-12 22:30,159.412,159.434,159.411,159.425
2026-08-12 22:35,159.425,159.429,159.401,159.401
2026-08-12 22:40,159.401,159.417,159.389,159.404
2026-08-12 22:45,159.390,159.411,159.385,159.396
2026-08-12 22:50,159.396,159.404,159.384,159.395
2026-08-12 22:55,159.386,159.402,159.385,159.387
2026-08-12 23:00,159.379,159.390,159.363,159.373
2026-08-12 23:05,159.367,159.379,159.355,159.362
2026-08-12 23:10,159.362,159.381,159.362,159.376
2026-08-12 23:15,159.372,159.380,159.345,159.352
2026-08-12 23:20,159.360,159.360,159.312,159.329
2026-08-12 23:25,159.338,159.348,159.327,159.337
2026-08-12 23:30,159.332,159.359,159.326,159.351
2026-08-12 23:35,159.351,159.374,159.350,159.365
2026-08-12 23:40,159.365,159.387,159.365,159.375
2026-08-12 23:45,159.370,159.380,159.343,159.345
2026-08-12 23:50,159.350,159.375,159.339,159.345
2026-08-12 23:55,159.351,159.354,159.313,159.335
2026-08-13 00:00,159.336,159.338,159.279,159.305
2026-08-13 00:05,159.313,159.338,159.304,159.324
2026-08-13 00:10,159.330,159.368,159.322,159.365
2026-08-13 00:15,159.365,159.384,159.328,159.343
2026-08-13 00:20,159.342,159.357,159.318,159.336
2026-08-13 00:25,159.337,159.348,159.298,159.318
2026-08-13 00:30,159.313,159.336,159.289,159.307
2026-08-13 00:35,159.309,159.317,159.281,159.292
2026-08-13 00:40,159.292,159.299,159.238,159.254
2026-08-13 00:45,159.259,159.308,159.254,159.300
2026-08-13 00:50,159.299,159.347,159.284,159.318
2026-08-13 00:55,159.320,159.347,159.303,159.314
2026-08-13 01:00,159.317,159.335,159.301,159.328
2026-08-13 01:05,159.323,159.336,159.306,159.316
2026-08-13 01:10,159.316,159.323,159.294,159.310
2026-08-13 01:15,159.308,159.325,159.273,159.298
2026-08-13 01:20,159.294,159.325,159.293,159.304
2026-08-13 01:25,159.304,159.326,159.299,159.325
2026-08-13 01:30,159.317,159.328,159.290,159.293
2026-08-13 01:35,159.295,159.321,159.280,159.310
2026-08-13 01:40,159.305,159.321,159.285,159.311
2026-08-13 01:45,159.315,159.337,159.309,159.321
2026-08-13 01:50,159.325,159.359,159.318,159.348
2026-08-13 01:55,159.348,159.368,159.342,159.342
2026-08-13 02:00,159.342,159.363,159.333,159.359
2026-08-13 02:05,159.353,159.398,159.353,159.379
2026-08-13 02:10,159.380,159.404,159.378,159.397
2026-08-13 02:15,159.392,159.436,159.389,159.432
2026-08-13 02:20,159.427,159.432,159.401,159.429
2026-08-13 02:25,159.425,159.445,159.415,159.433
2026-08-13 02:30,159.441,159.453,159.414,159.440
2026-08-13 02:35,159.439,159.483,159.439,159.459
2026-08-13 02:40,159.456,159.469,159.427,159.428
2026-08-13 02:45,159.428,159.449,159.420,159.421
2026-08-13 02:50,159.432,159.459,159.419,159.443
2026-08-13 02:55,159.443,159.453,159.425,159.425
2026-08-13 03:00,159.425,159.443,159.413,159.419
2026-08-13 03:05,159.414,159.440,159.400,159.432
2026-08-13 03:10,159.441,159.443,159.417,159.429
2026-08-13 03:15,159.429,159.467,159.428,159.465
2026-08-13 03:20,159.457,159.488,159.455,159.468
2026-08-13 03:25,159.460,159.474,159.456,159.464
2026-08-13 03:30,159.464,159.478,159.451,159.456
2026-08-13 03:35,159.457,159.459,159.437,159.439
2026-08-13 03:40,159.442,159.449,159.416,159.420
2026-08-13 03:45,159.418,159.461,159.417,159.445
2026-08-13 03:50,159.442,159.449,159.418,159.431
2026-08-13 03:55,159.423,159.438,159.423,159.429
2026-08-13 04:00,159.421,159.454,159.419,159.439
2026-08-13 04:05,159.446,159.459,159.435,159.456
2026-08-13 04:10,159.451,159.465,159.443,159.455
2026-08-13 04:15,159.455,159.472,159.449,159.467
2026-08-13 04:20,159.459,159.477,159.455,159.458
2026-08-13 04:25,159.456,159.464,159.440,159.441
2026-08-13 04:30,159.441,159.449,159.427,159.440
2026-08-13 04:35,159.440,159.461,159.440,159.458
2026-08-13 04:40,159.453,159.475,159.453,159.464
2026-08-13 04:45,159.457,159.464,159.176,159.348
2026-08-13 04:50,159.356,159.370,159.296,159.325
2026-08-13 04:55,159.330,159.336,159.172,159.243
2026-08-13 05:00,159.243,159.281,159.220,159.256
2026-08-13 05:05,159.247,159.314,159.238,159.304
2026-08-13 05:10,159.303,159.329,159.289,159.289
2026-08-13 05:15,159.292,159.299,159.261,159.296
2026-08-13 05:20,159.287,159.336,159.287,159.325
2026-08-13 05:25,159.324,159.345,159.306,159.333
2026-08-13 05:30,159.335,159.371,159.323,159.348
2026-08-13 05:35,159.343,159.354,159.339,159.345
2026-08-13 05:40,159.341,159.365,159.338,159.348
2026-08-13 05:45,159.344,159.365,159.319,159.334
2026-08-13 05:50,159.326,159.345,159.316,159.324
2026-08-13 05:55,159.324,159.328,159.240,159.274
2026-08-13 06:00,159.274,159.340,159.254,159.328
2026-08-13 06:05,159.328,159.360,159.308,159.349
2026-08-13 06:10,159.349,159.411,159.349,159.382
2026-08-13 06:15,159.382,159.399,159.358,159.366
2026-08-13 06:20,159.365,159.378,159.351,159.367
2026-08-13 06:25,159.367,159.408,159.363,159.391
2026-08-13 06:30,159.394,159.445,159.390,159.434
2026-08-13 06:35,159.432,159.445,159.410,159.430
2026-08-13 06:40,159.430,159.445,159.409,159.409
2026-08-13 06:45,159.409,159.432,159.389,159.414
2026-08-13 06:50,159.408,159.424,159.376,159.390
2026-08-13 06:55,159.389,159.395,159.353,159.379
2026-08-13 07:00,159.388,159.403,159.363,159.370
2026-08-13 07:05,159.370,159.395,159.358,159.372
2026-08-13 07:10,159.375,159.406,159.367,159.394
2026-08-13 07:15,159.394,159.411,159.386,159.397
2026-08-13 07:20,159.398,159.411,159.368,159.377
2026-08-13 07:25,159.377,159.387,159.365,159.379
2026-08-13 07:30,159.379,159.402,159.357,159.382
2026-08-13 07:35,159.380,159.392,159.351,159.352
2026-08-13 07:40,159.352,159.373,159.334,159.336
2026-08-13 07:45,159.336,159.363,159.330,159.357
2026-08-13 07:50,159.359,159.360,159.314,159.335
2026-08-13 07:55,159.331,159.367,159.327,159.357
2026-08-13 08:00,159.361,159.403,159.337,159.396
2026-08-13 08:05,159.391,159.401,159.352,159.366
2026-08-13 08:10,159.366,159.379,159.358,159.370
2026-08-13 08:15,159.375,159.387,159.357,159.379
2026-08-13 08:20,159.386,159.388,159.365,159.381
2026-08-13 08:25,159.374,159.398,159.369,159.397
2026-08-13 08:30,159.394,159.404,159.376,159.376
2026-08-13 08:35,159.379,159.389,159.365,159.378
2026-08-13 08:40,159.380,159.411,159.377,159.390
2026-08-13 08:45,159.396,159.397,159.371,159.393
2026-08-13 08:50,159.387,159.399,159.377,159.389
2026-08-13 08:55,159.394,159.412,159.387,159.398
2026-08-13 09:00,159.399,159.437,159.389,159.419
2026-08-13 09:05,159.423,159.428,159.392,159.403
2026-08-13 09:10,159.403,159.412,159.380,159.386
2026-08-13 09:15,159.387,159.394,159.358,159.365
2026-08-13 09:20,159.365,159.384,159.364,159.374
2026-08-13 09:25,159.378,159.387,159.364,159.379
2026-08-13 09:30,159.387,159.397,159.364,159.370
2026-08-13 09:35,159.370,159.377,159.343,159.360
2026-08-13 09:40,159.355,159.372,159.353,159.354
2026-08-13 09:45,159.353,159.360,159.330,159.334
2026-08-13 09:50,159.334,159.351,159.331,159.333
2026-08-13 09:55,159.337,159.342,159.318,159.334
2026-08-13 10:00,159.334,159.366,159.332,159.350
2026-08-13 10:05,159.354,159.355,159.326,159.342
2026-08-13 10:10,159.340,159.360,159.331,159.348
2026-08-13 10:15,159.351,159.360,159.317,159.328
2026-08-13 10:20,159.330,159.344,159.317,159.325
2026-08-13 10:25,159.325,159.339,159.317,159.326
2026-08-13 10:30,159.325,159.332,159.311,159.316
2026-08-13 10:35,159.316,159.340,159.316,159.333
2026-08-13 10:40,159.333,159.342,159.321,159.322
2026-08-13 10:45,159.323,159.344,159.319,159.334
2026-08-13 10:50,159.333,159.345,159.329,159.343
2026-08-13 10:55,159.334,159.358,159.329,159.338
2026-08-13 11:00,159.338,159.352,159.329,159.340
2026-08-13 11:05,159.340,159.348,159.317,159.317
2026-08-13 11:10,159.324,159.328,159.246,159.294
2026-08-13 11:15,159.294,159.320,159.285,159.315
2026-08-13 11:20,159.307,159.321,159.277,159.280
2026-08-13 11:25,159.280,159.300,159.275,159.293
2026-08-13 11:30,159.288,159.311,159.281,159.296
2026-08-13 11:35,159.296,159.301,159.279,159.284
2026-08-13 11:40,159.287,159.301,159.282,159.286
2026-08-13 11:45,159.287,159.310,159.282,159.296
2026-08-13 11:50,159.296,159.329,159.290,159.326
2026-08-13 11:55,159.319,159.346,159.319,159.330
2026-08-13 12:00,159.331,159.361,159.321,159.334
2026-08-13 12:05,159.332,159.340,159.309,159.326
2026-08-13 12:10,159.319,159.353,159.319,159.338
2026-08-13 12:15,159.338,159.372,159.332,159.353
2026-08-13 12:20,159.349,159.364,159.341,159.357
2026-08-13 12:25,159.351,159.364,159.261,159.344
2026-08-13 12:30,159.325,159.413,159.227,159.301
2026-08-13 12:35,159.301,159.346,159.285,159.290
2026-08-13 12:40,159.290,159.305,159.254,159.290
2026-08-13 12:45,159.294,159.299,159.191,159.212
2026-08-13 12:50,159.212,159.271,159.189,159.246
2026-08-13 12:55,159.249,159.252,159.168,159.169
2026-08-13 13:00,159.170,159.220,159.147,159.201
2026-08-13 13:05,159.195,159.237,159.164,159.202
2026-08-13 13:10,159.207,159.227,159.179,159.199
2026-08-13 13:15,159.197,159.223,159.183,159.220
2026-08-13 13:20,159.215,159.251,159.194,159.244
2026-08-13 13:25,159.243,159.287,159.242,159.281
2026-08-13 13:30,159.282,159.326,159.278,159.312
2026-08-13 13:35,159.305,159.337,159.298,159.308
2026-08-13 13:40,159.305,159.326,159.290,159.301
2026-08-13 13:45,159.302,159.309,159.252,159.275
2026-08-13 13:50,159.275,159.308,159.211,159.267
2026-08-13 13:55,159.268,159.296,159.243,159.262
2026-08-13 14:00,159.262,159.327,159.218,159.267
2026-08-13 14:05,159.268,159.283,159.179,159.199
2026-08-13 14:10,159.198,159.204,159.034,159.074
2026-08-13 14:15,159.074,159.107,159.018,159.050
2026-08-13 14:20,159.057,159.105,159.040,159.066
2026-08-13 14:25,159.066,159.139,159.063,159.135
2026-08-13 14:30,159.136,159.176,159.110,159.147
2026-08-13 14:35,159.147,159.169,159.129,159.142
2026-08-13 14:40,159.143,159.148,159.103,159.144
2026-08-13 14:45,159.139,159.197,159.137,159.186
2026-08-13 14:50,159.182,159.196,159.127,159.154
2026-08-13 14:55,159.155,159.172,159.126,159.163
2026-08-13 15:00,159.163,159.200,159.152,159.175
2026-08-13 15:05,159.173,159.251,159.168,159.237
2026-08-13 15:10,159.238,159.304,159.229,159.299
2026-08-13 15:15,159.292,159.333,159.286,159.324
2026-08-13 15:20,159.324,159.355,159.288,159.297
2026-08-13 15:25,159.298,159.373,159.287,159.363
2026-08-13 15:30,159.364,159.387,159.333,159.358
2026-08-13 15:35,159.357,159.366,159.303,159.312
2026-08-13 15:40,159.313,159.336,159.290,159.325
2026-08-13 15:45,159.325,159.343,159.310,159.325
2026-08-13 15:50,159.325,159.368,159.323,159.356
2026-08-13 15:55,159.354,159.364,159.330,159.349
2026-08-13 16:00,159.350,159.369,159.341,159.350
2026-08-13 16:05,159.350,159.363,159.337,159.352
2026-08-13 16:10,159.355,159.436,159.352,159.417
2026-08-13 16:15,159.422,159.435,159.405,159.429
2026-08-13 16:20,159.428,159.461,159.428,159.435
2026-08-13 16:25,159.439,159.474,159.423,159.468
2026-08-13 16:30,159.464,159.493,159.440,159.441
2026-08-13 16:35,159.443,159.471,159.430,159.453
2026-08-13 16:40,159.458,159.463,159.426,159.452
2026-08-13 16:45,159.459,159.476,159.440,159.465
2026-08-13 16:50,159.457,159.483,159.450,159.476
2026-08-13 16:55,159.477,159.497,159.466,159.477
2026-08-13 17:00,159.475,159.502,159.464,159.495
2026-08-13 17:05,159.491,159.521,159.487,159.509
2026-08-13 17:10,159.507,159.513,159.464,159.492
2026-08-13 17:15,159.492,159.507,159.477,159.494
2026-08-13 17:20,159.493,159.501,159.479,159.479
2026-08-13 17:25,159.482,159.524,159.474,159.521
2026-08-13 17:30,159.516,159.569,159.515,159.533
2026-08-13 17:35,159.535,159.540,159.489,159.490
2026-08-13 17:40,159.490,159.516,159.490,159.507
2026-08-13 17:45,159.507,159.542,159.505,159.515
2026-08-13 17:50,159.511,159.523,159.505,159.507
2026-08-13 17:55,159.507,159.531,159.502,159.514
2026-08-13 18:00,159.517,159.542,159.512,159.529
2026-08-13 18:05,159.528,159.535,159.502,159.508
2026-08-13 18:10,159.506,159.509,159.431,159.460
2026-08-13 18:15,159.452,159.481,159.452,159.465
2026-08-13 18:20,159.465,159.505,159.464,159.477
2026-08-13 18:25,159.478,159.493,159.467,159.476
2026-08-13 18:30,159.479,159.507,159.464,159.503
2026-08-13 18:35,159.496,159.508,159.474,159.480
2026-08-13 18:40,159.479,159.486,159.466,159.485
2026-08-13 18:45,159.478,159.504,159.478,159.492
2026-08-13 18:50,159.492,159.505,159.484,159.495
2026-08-13 18:55,159.492,159.512,159.483,159.504
2026-08-13 19:00,159.504,159.521,159.491,159.504
2026-08-13 19:05,159.502,159.516,159.494,159.501
2026-08-13 19:10,159.505,159.516,159.493,159.501
2026-08-13 19:15,159.505,159.514,159.491,159.494
2026-08-13 19:20,159.494,159.501,159.486,159.491
2026-08-13 19:25,159.492,159.500,159.488,159.497
2026-08-13 19:30,159.493,159.504,159.483,159.491
2026-08-13 19:35,159.491,159.514,159.489,159.509
2026-08-13 19:40,159.509,159.535,159.506,159.529
2026-08-13 19:45,159.526,159.542,159.515,159.535
2026-08-13 19:50,159.530,159.537,159.496,159.500
2026-08-13 19:55,159.503,159.519,159.489,159.513
2026-08-13 20:00,159.513,159.525,159.495,159.510
2026-08-13 20:05,159.509,159.542,159.509,159.528
2026-08-13 20:10,159.528,159.533,159.522,159.525
2026-08-13 20:15,159.523,159.556,159.522,159.552
2026-08-13 20:20,159.547,159.559,159.546,159.550
2026-08-13 20:25,159.550,159.563,159.532,159.544
2026-08-13 20:30,159.539,159.557,159.533,159.546
2026-08-13 20:35,159.546,159.559,159.544,159.545
2026-08-13 20:40,159.550,159.566,159.544,159.551
2026-08-13 20:45,159.551,159.562,159.502,159.505
2026-08-13 20:50,159.504,159.518,159.486,159.510
2026-08-13 20:55,159.498,159.519,159.468,159.469
2026-08-13 21:00,159.457,159.478,159.445,159.453
2026-08-13 21:05,159.461,159.479,159.429,159.462
2026-08-13 21:10,159.464,159.477,159.446,159.452
2026-08-13 21:15,159.462,159.484,159.445,159.480
2026-08-13 21:20,159.476,159.493,159.456,159.482
2026-08-13 21:25,159.490,159.490,159.439,159.459
2026-08-13 21:30,159.458,159.484,159.433,159.453
2026-08-13 21:35,159.462,159.488,159.439,159.471
2026-08-13 21:40,159.463,159.505,159.434,159.483
2026-08-13 21:45,159.482,159.524,159.434,159.508
2026-08-13 21:50,159.508,159.526,159.470,159.504
2026-08-13 21:55,159.506,159.528,159.458,159.464
2026-08-13 22:00,159.472,159.514,159.445,159.480
2026-08-13 22:05,159.470,159.491,159.470,159.472
2026-08-13 22:10,159.472,159.522,159.472,159.487
2026-08-13 22:15,159.495,159.503,159.483,159.497
2026-08-13 22:20,159.488,159.504,159.474,159.478
2026-08-13 22:25,159.478,159.517,159.478,159.501
2026-08-13 22:30,159.501,159.517,159.496,159.513
2026-08-13 22:35,159.497,159.514,159.484,159.485
2026-08-13 22:40,159.485,159.504,159.474,159.494
2026-08-13 22:45,159.479,159.500,159.476,159.482
2026-08-13 22:50,159.482,159.500,159.462,159.465
2026-08-13 22:55,159.465,159.479,159.454,159.467
2026-08-13 23:00,159.458,159.474,159.434,159.438
2026-08-13 23:05,159.443,159.454,159.438,159.440
2026-08-13 23:10,159.440,159.463,159.440,159.454
2026-08-13 23:15,159.450,159.475,159.450,159.471
2026-08-13 23:20,159.468,159.478,159.464,159.472
2026-08-13 23:25,159.468,159.479,159.468,159.468
2026-08-13 23:30,159.468,159.484,159.468,159.470
2026-08-13 23:35,159.470,159.480,159.468,159.469
2026-08-13 23:40,159.469,159.480,159.443,159.458
2026-08-13 23:45,159.455,159.465,159.439,159.448
2026-08-13 23:50,159.442,159.453,159.439,159.440
2026-08-13 23:55,159.440,159.449,159.423,159.429
2026-08-14 00:00,159.427,159.492,159.391,159.468
2026-08-14 00:05,159.470,159.488,159.450,159.479
2026-08-14 00:10,159.478,159.510,159.459,159.466
2026-08-14 00:15,159.463,159.478,159.425,159.436
2026-08-14 00:20,159.429,159.442,159.392,159.420
2026-08-14 00:25,159.418,159.439,159.396,159.400
2026-08-14 00:30,159.400,159.428,159.393,159.396
2026-08-14 00:35,159.398,159.421,159.377,159.403
2026-08-14 00:40,159.406,159.424,159.397,159.412
2026-08-14 00:45,159.415,159.437,159.404,159.430
2026-08-14 00:50,159.432,159.453,159.355,159.367
2026-08-14 00:55,159.358,159.391,159.345,159.368
2026-08-14 01:00,159.368,159.406,159.348,159.398
2026-08-14 01:05,159.398,159.421,159.370,159.395
2026-08-14 01:10,159.396,159.436,159.387,159.424
2026-08-14 01:15,159.428,159.447,159.397,159.443
2026-08-14 01:20,159.440,159.458,159.418,159.449
2026-08-14 01:25,159.441,159.454,159.419,159.435
2026-08-14 01:30,159.435,159.453,159.407,159.416
2026-08-14 01:35,159.408,159.432,159.405,159.410
2026-08-14 01:40,159.412,159.443,159.409,159.440
2026-08-14 01:45,159.441,159.452,159.427,159.441
2026-08-14 01:50,159.432,159.442,159.419,159.431
2026-08-14 01:55,159.428,159.455,159.413,159.443
2026-08-14 02:00,159.441,159.449,159.428,159.433
2026-08-14 02:05,159.434,159.451,159.430,159.433
2026-08-14 02:10,159.432,159.438,159.419,159.430
2026-08-14 02:15,159.427,159.435,159.411,159.428
2026-08-14 02:20,159.418,159.430,159.403,159.407
2026-08-14 02:25,159.408,159.414,159.383,159.398
2026-08-14 02:30,159.395,159.404,159.381,159.390
2026-08-14 02:35,159.386,159.397,159.370,159.376
2026-08-14 02:40,159.383,159.392,159.374,159.385
2026-08-14 02:45,159.382,159.422,159.381,159.414
2026-08-14 02:50,159.414,159.426,159.405,159.423
2026-08-14 02:55,159.417,159.425,159.403,159.404
2026-08-14 03:00,159.404,159.421,159.380,159.382
2026-08-14 03:05,159.386,159.391,159.358,159.383
2026-08-14 03:10,159.383,159.395,159.369,159.369
2026-08-14 03:15,159.369,159.385,159.367,159.375
2026-08-14 03:20,159.374,159.383,159.328,159.338
2026-08-14 03:25,159.337,159.360,159.320,159.330
2026-08-14 03:30,159.337,159.366,159.330,159.349
2026-08-14 03:35,159.353,159.371,159.337,159.364
2026-08-14 03:40,159.358,159.366,159.346,159.359
2026-08-14 03:45,159.362,159.384,159.355,159.374
2026-08-14 03:50,159.373,159.412,159.363,159.396
2026-08-14 03:55,159.396,159.406,159.374,159.375
2026-08-14 04:00,159.375,159.386,159.348,159.366
2026-08-14 04:05,159.360,159.367,159.346,159.352
2026-08-14 04:10,159.353,159.362,159.329,159.343
2026-08-14 04:15,159.343,159.363,159.343,159.348
2026-08-14 04:20,159.348,159.369,159.342,159.350
2026-08-14 04:25,159.353,159.375,159.349,159.357
2026-08-14 04:30,159.357,159.373,159.352,159.359
2026-08-14 04:35,159.359,159.367,159.333,159.341
2026-08-14 04:40,159.346,159.359,159.338,159.354
2026-08-14 04:45,159.358,159.368,159.351,159.367
2026-08-14 04:50,159.359,159.369,159.352,159.354
2026-08-14 04:55,159.354,159.360,159.344,159.353
2026-08-14 05:00,159.348,159.356,159.328,159.329
2026-08-14 05:05,159.329,159.345,159.318,159.326
2026-08-14 05:10,159.327,159.334,159.316,159.317
2026-08-14 05:15,159.316,159.322,159.292,159.302
2026-08-14 05:20,159.298,159.322,159.297,159.308
2026-08-14 05:25,159.310,159.332,159.305,159.315
2026-08-14 05:30,159.313,159.329,159.301,159.313
2026-08-14 05:35,159.308,159.322,159.303,159.314
2026-08-14 05:40,159.314,159.321,159.129,159.269
2026-08-14 05:45,159.264,159.312,159.262,159.290
2026-08-14 05:50,159.290,159.300,159.258,159.264
2026-08-14 05:55,159.264,159.287,159.253,159.259
2026-08-14 06:00,159.255,159.263,159.178,159.208
2026-08-14 06:05,159.207,159.216,159.151,159.187
2026-08-14 06:10,159.184,159.209,159.140,159.199
2026-08-14 06:15,159.209,159.239,159.188,159.229
2026-08-14 06:20,159.232,159.284,159.228,159.272
2026-08-14 06:25,159.275,159.278,159.242,159.271
2026-08-14 06:30,159.266,159.277,159.243,159.266
2026-08-14 06:35,159.266,159.276,159.243,159.256
2026-08-14 06:40,159.261,159.277,159.242,159.248
2026-08-14 06:45,159.249,159.251,159.212,159.215
2026-08-14 06:50,159.215,159.252,159.211,159.243
2026-08-14 06:55,159.244,159.257,159.226,159.239
2026-08-14 07:00,159.239,159.248,159.214,159.226
2026-08-14 07:05,159.219,159.255,159.217,159.226
2026-08-14 07:10,159.229,159.270,159.225,159.270
2026-08-14 07:15,159.262,159.284,159.261,159.276
2026-08-14 07:20,159.279,159.313,159.268,159.290
2026-08-14 07:25,159.290,159.296,159.273,159.286
2026-08-14 07:30,159.292,159.294,159.274,159.278
2026-08-14 07:35,159.282,159.286,159.262,159.265
2026-08-14 07:40,159.266,159.274,159.239,159.253
2026-08-14 07:45,159.254,159.257,159.197,159.198
2026-08-14 07:50,159.198,159.239,159.196,159.222
2026-08-14 07:55,159.220,159.234,159.196,159.203
2026-08-14 08:00,159.200,159.212,159.177,159.186
2026-08-14 08:05,159.191,159.192,159.157,159.160
2026-08-14 08:10,159.165,159.195,159.157,159.186
2026-08-14 08:15,159.193,159.227,159.175,159.210
2026-08-14 08:20,159.207,159.221,159.126,159.144
2026-08-14 08:25,159.149,159.167,159.084,159.125
2026-08-14 08:30,159.118,159.126,159.062,159.093
2026-08-14 08:35,159.087,159.100,159.056,159.087
2026-08-14 08:40,159.085,159.139,159.066,159.126
2026-08-14 08:45,159.121,159.168,159.115,159.148
2026-08-14 08:50,159.148,159.189,159.148,159.157
2026-08-14 08:55,159.157,159.177,159.144,159.174
2026-08-14 09:00,159.169,159.194,159.127,159.132
2026-08-14 09:05,159.131,159.161,159.120,159.136
2026-08-14 09:10,159.143,159.157,159.115,159.120
2026-08-14 09:15,159.120,159.152,159.107,159.144
2026-08-14 09:20,159.144,159.165,159.144,159.150
2026-08-14 09:25,159.154,159.172,159.133,159.169
2026-08-14 09:30,159.163,159.188,159.150,159.179
2026-08-14 09:35,159.182,159.196,159.169,159.169
2026-08-14 09:40,159.169,159.180,159.140,159.148
2026-08-14 09:45,159.149,159.149,159.119,159.120
2026-08-14 09:50,159.126,159.137,159.115,159.117
2026-08-14 09:55,159.123,159.165,159.116,159.137
2026-08-14 10:00,159.144,159.160,159.132,159.141
2026-08-14 10:05,159.148,159.150,159.104,159.110
2026-08-14 10:10,159.110,159.126,159.082,159.122
2026-08-14 10:15,159.114,159.152,159.111,159.147
2026-08-14 10:20,159.142,159.173,159.142,159.145
2026-08-14 10:25,159.145,159.182,159.142,159.161
2026-08-14 10:30,159.159,159.179,159.154,159.161
2026-08-14 10:35,159.161,159.169,159.139,159.156
2026-08-14 10:40,159.155,159.179,159.145,159.168
2026-08-14 10:45,159.161,159.178,159.151,159.168
2026-08-14 10:50,159.168,159.173,159.146,159.156
2026-08-14 10:55,159.156,159.193,159.151,159.174
2026-08-14 11:00,159.174,159.189,159.156,159.168
2026-08-14 11:05,159.167,159.193,159.155,159.176
2026-08-14 11:10,159.174,159.192,159.162,159.164
2026-08-14 11:15,159.164,159.171,159.102,159.127
2026-08-14 11:20,159.122,159.143,159.107,159.125
2026-08-14 11:25,159.118,159.154,159.113,159.144
2026-08-14 11:30,159.139,159.160,159.127,159.132
2026-08-14 11:35,159.130,159.139,159.099,159.104
2026-08-14 11:40,159.104,159.109,159.034,159.070
2026-08-14 11:45,159.068,159.124,159.068,159.110
2026-08-14 11:50,159.104,159.113,159.074,159.100
2026-08-14 11:55,159.099,159.128,159.094,159.107
2026-08-14 12:00,159.104,159.114,159.037,159.060
2026-08-14 12:05,159.060,159.081,158.870,159.014
2026-08-14 12:10,159.009,159.097,158.992,159.040
2026-08-14 12:15,159.041,159.050,158.944,158.949
2026-08-14 12:20,158.956,158.965,158.800,158.836
2026-08-14 12:25,158.840,158.847,158.760,158.799
2026-08-14 12:30,158.790,158.803,158.595,158.694
2026-08-14 12:35,158.702,158.849,158.669,158.832
2026-08-14 12:40,158.831,158.904,158.821,158.900
2026-08-14 12:45,158.899,158.919,158.836,158.884
2026-08-14 12:50,158.876,158.912,158.834,158.873
2026-08-14 12:55,158.867,158.959,158.865,158.918
2026-08-14 13:00,158.921,158.996,158.899,158.972
2026-08-14 13:05,158.976,159.024,158.935,159.011
2026-08-14 13:10,159.017,159.067,158.984,159.063
2026-08-14 13:15,159.060,159.093,159.050,159.064
2026-08-14 13:20,159.064,159.081,158.974,158.988
2026-08-14 13:25,158.985,159.002,158.934,158.980
2026-08-14 13:30,158.980,159.015,158.910,158.923
2026-08-14 13:35,158.920,158.928,158.834,158.839
2026-08-14 13:40,158.841,158.911,158.809,158.842
2026-08-14 13:45,158.841,158.906,158.789,158.882
2026-08-14 13:50,158.884,158.972,158.836,158.956
2026-08-14 13:55,158.953,158.985,158.918,158.941
2026-08-14 14:00,158.937,159.018,158.891,158.956
2026-08-14 14:05,158.957,159.044,158.956,159.022
2026-08-14 14:10,159.026,159.033,158.985,159.015
2026-08-14 14:15,159.008,159.062,158.971,159.055
2026-08-14 14:20,159.063,159.063,158.970,158.984
2026-08-14 14:25,158.985,158.991,158.919,158.950
2026-08-14 14:30,158.951,159.033,158.945,159.021
2026-08-14 14:35,159.025,159.040,158.974,158.988
2026-08-14 14:40,158.985,159.033,158.960,158.965
2026-08-14 14:45,158.966,159.015,158.965,159.000
2026-08-14 14:50,158.999,159.022,158.973,159.006
2026-08-14 14:55,159.011,159.061,158.986,159.029
2026-08-14 15:00,159.026,159.056,158.943,158.985
2026-08-14 15:05,158.984,159.050,158.970,159.041
2026-08-14 15:10,159.045,159.081,159.022,159.078
2026-08-14 15:15,159.072,159.146,159.071,159.130
2026-08-14 15:20,159.130,159.179,159.127,159.155
2026-08-14 15:25,159.155,159.171,159.102,159.129
2026-08-14 15:30,159.123,159.138,159.086,159.122
2026-08-14 15:35,159.120,159.149,159.095,159.145
2026-08-14 15:40,159.149,159.192,159.147,159.171
2026-08-14 15:45,159.171,159.185,159.150,159.163
2026-08-14 15:50,159.163,159.203,159.161,159.192
2026-08-14 15:55,159.190,159.216,159.165,159.209
2026-08-14 16:00,159.209,159.251,159.198,159.233
2026-08-14 16:05,159.232,159.283,159.220,159.270
2026-08-14 16:10,159.265,159.281,159.256,159.279
2026-08-14 16:15,159.274,159.281,159.242,159.255
2026-08-14 16:20,159.261,159.294,159.241,159.291
2026-08-14 16:25,159.285,159.333,159.283,159.326
2026-08-14 16:30,159.320,159.345,159.292,159.300
2026-08-14 16:35,159.299,159.306,159.252,159.273
2026-08-14 16:40,159.279,159.339,159.272,159.331
2026-08-14 16:45,159.331,159.343,159.318,159.337
2026-08-14 16:50,159.338,159.367,159.336,159.363
2026-08-14 16:55,159.356,159.372,159.352,159.362
2026-08-14 17:00,159.360,159.386,159.349,159.379
2026-08-14 17:05,159.373,159.394,159.367,159.389
2026-08-14 17:10,159.385,159.400,159.371,159.375
2026-08-14 17:15,159.377,159.391,159.364,159.388
2026-08-14 17:20,159.385,159.401,159.381,159.388
2026-08-14 17:25,159.392,159.398,159.358,159.360
2026-08-14 17:30,159.361,159.391,159.360,159.377
2026-08-14 17:35,159.377,159.382,159.344,159.352
2026-08-14 17:40,159.355,159.378,159.339,159.372
2026-08-14 17:45,159.372,159.380,159.361,159.365
2026-08-14 17:50,159.372,159.373,159.352,159.354
2026-08-14 17:55,159.354,159.370,159.352,159.358
2026-08-14 18:00,159.359,159.375,159.350,159.354
2026-08-14 18:05,159.354,159.366,159.340,159.356
2026-08-14 18:10,159.357,159.392,159.354,159.384
2026-08-14 18:15,159.384,159.393,159.364,159.366
2026-08-14 18:20,159.366,159.378,159.362,159.366
2026-08-14 18:25,159.366,159.376,159.351,159.372
2026-08-14 18:30,159.364,159.386,159.363,159.383
2026-08-14 18:35,159.378,159.387,159.374,159.385
2026-08-14 18:40,159.381,159.385,159.366,159.369
2026-08-14 18:45,159.368,159.382,159.364,159.365
2026-08-14 18:50,159.366,159.371,159.352,159.364
2026-08-14 18:55,159.363,159.386,159.360,159.376
2026-08-14 19:00,159.373,159.383,159.362,159.379
2026-08-14 19:05,159.379,159.387,159.366,159.369
2026-08-14 19:10,159.371,159.385,159.361,159.380
2026-08-14 19:15,159.384,159.388,159.367,159.372
2026-08-14 19:20,159.373,159.387,159.360,159.380
2026-08-14 19:25,159.378,159.382,159.363,159.366
2026-08-14 19:30,159.366,159.387,159.362,159.368
2026-08-14 19:35,159.374,159.385,159.365,159.370
2026-08-14 19:40,159.371,159.390,159.367,159.381
2026-08-14 19:45,159.385,159.398,159.379,159.381
2026-08-14 19:50,159.381,159.389,159.358,159.369
2026-08-14 19:55,159.372,159.380,159.357,159.358
2026-08-14 20:00,159.358,159.370,159.334,159.340
2026-08-14 20:05,159.340,159.367,159.338,159.345
2026-08-14 20:10,159.347,159.362,159.343,159.355
2026-08-14 20:15,159.356,159.362,159.344,159.349
2026-08-14 20:20,159.349,159.358,159.334,159.346
2026-08-14 20:25,159.340,159.348,159.315,159.322
2026-08-14 20:30,159.321,159.346,159.309,159.337
2026-08-14 20:35,159.340,159.352,159.329,159.337
2026-08-14 20:40,159.346,159.346,159.321,159.324
2026-08-14 20:45,159.324,159.349,159.304,159.311
2026-08-14 20:50,159.310,159.334,159.301,159.317
2026-08-14 20:55,159.320,159.330,159.246,159.285
2026-08-14 21:00,159.305,159.305,159.305,159.305
2026-08-16 23:00,159.134,159.178,159.127,159.144
2026-08-16 23:05,159.153,159.192,159.140,159.166
2026-08-16 23:10,159.160,159.207,159.154,159.191
2026-08-16 23:15,159.196,159.239,159.187,159.227
2026-08-16 23:20,159.238,159.241,159.212,159.217
2026-08-16 23:25,159.215,159.227,159.203,159.204
2026-08-16 23:30,159.204,159.225,159.201,159.209
2026-08-16 23:35,159.209,159.220,159.190,159.209
2026-08-16 23:40,159.210,159.210,159.161,159.175
2026-08-16 23:45,159.175,159.193,159.168,159.173
2026-08-16 23:50,159.188,159.250,159.179,159.244
2026-08-16 23:55,159.240,159.248,159.214,159.219
2026-08-17 00:00,159.222,159.249,159.150,159.161
2026-08-17 00:05,159.154,159.188,159.139,159.165
2026-08-17 00:10,159.172,159.174,159.124,159.143
2026-08-17 00:15,159.152,159.153,159.095,159.112
2026-08-17 00:20,159.117,159.121,159.037,159.057
2026-08-17 00:25,159.052,159.096,159.029,159.088
2026-08-17 00:30,159.084,159.096,159.031,159.054
2026-08-17 00:35,159.045,159.087,159.034,159.059
2026-08-17 00:40,159.052,159.080,159.040,159.068
2026-08-17 00:45,159.072,159.087,159.060,159.077
2026-08-17 00:50,159.074,159.111,159.005,159.060
2026-08-17 00:55,159.065,159.072,158.999,159.018
2026-08-17 01:00,159.020,159.076,158.980,159.047
2026-08-17 01:05,159.046,159.071,159.014,159.071
2026-08-17 01:10,159.066,159.072,159.025,159.047
2026-08-17 01:15,159.042,159.055,159.021,159.045
2026-08-17 01:20,159.045,159.070,159.010,159.027
2026-08-17 01:25,159.027,159.046,159.019,159.028
2026-08-17 01:30,159.030,159.089,159.020,159.075
2026-08-17 01:35,159.084,159.098,159.071,159.081
2026-08-17 01:40,159.089,159.105,159.080,159.086
2026-08-17 01:45,159.086,159.101,159.058,159.067
2026-08-17 01:50,159.062,159.089,159.053,159.061
2026-08-17 01:55,159.062,159.083,159.052,159.052
2026-08-17 02:00,159.052,159.069,159.045,159.045
2026-08-17 02:05,159.050,159.068,159.033,159.049
2026-08-17 02:10,159.052,159.060,159.025,159.027
2026-08-17 02:15,159.027,159.045,158.946,158.968
2026-08-17 02:20,158.962,159.024,158.958,159.004
2026-08-17 02:25,159.011,159.012,158.978,158.992
2026-08-17 02:30,158.992,159.048,158.987,159.029
2026-08-17 02:35,159.030,159.038,159.012,159.028
2026-08-17 02:40,159.029,159.039,159.015,159.039
2026-08-17 02:45,159.037,159.045,159.016,159.029
2026-08-17 02:50,159.027,159.046,159.014,159.026
2026-08-17 02:55,159.026,159.045,159.025,159.033
2026-08-17 03:00,159.034,159.083,159.033,159.075
2026-08-17 03:05,159.072,159.083,159.054,159.066
2026-08-17 03:10,159.065,159.087,159.063,159.078
2026-08-17 03:15,159.070,159.079,159.053,159.065
2026-08-17 03:20,159.071,159.078,159.059,159.063
2026-08-17 03:25,159.061,159.095,159.061,159.092
2026-08-17 03:30,159.085,159.107,159.078,159.097
2026-08-17 03:35,159.098,159.136,159.097,159.128
2026-08-17 03:40,159.130,159.137,159.116,159.125
2026-08-17 03:45,159.130,159.142,159.119,159.129
2026-08-17 03:50,159.135,159.147,159.121,159.125
2026-08-17 03:55,159.127,159.131,159.085,159.089
2026-08-17 04:00,159.090,159.103,159.075,159.075
2026-08-17 04:05,159.075,159.086,159.051,159.059
2026-08-17 04:10,159.060,159.074,159.052,159.063
2026-08-17 04:15,159.063,159.085,159.053,159.078
2026-08-17 04:20,159.077,159.108,159.076,159.092
2026-08-17 04:25,159.096,159.103,159.078,159.097
2026-08-17 04:30,159.095,159.109,159.088,159.090
2026-08-17 04:35,159.093,159.098,159.044,159.047
2026-08-17 04:40,159.054,159.070,159.043,159.053
2026-08-17 04:45,159.052,159.079,159.047,159.078
2026-08-17 04:50,159.077,159.091,159.066,159.083
2026-08-17 04:55,159.083,159.129,159.083,159.120
2026-08-17 05:00,159.115,159.123,159.092,159.099
2026-08-17 05:05,159.097,159.108,159.084,159.095
2026-08-17 05:10,159.095,159.122,159.094,159.110
2026-08-17 05:15,159.110,159.120,159.071,159.074
2026-08-17 05:20,159.073,159.082,159.042,159.047
2026-08-17 05:25,159.048,159.063,159.024,159.038
2026-08-17 05:30,159.038,159.072,159.034,159.051
2026-08-17 05:35,159.051,159.069,159.026,159.029
2026-08-17 05:40,159.026,159.035,158.972,159.024
2026-08-17 05:45,159.027,159.060,159.015,159.037
2026-08-17 05:50,159.041,159.068,159.031,159.059
2026-08-17 05:55,159.059,159.097,159.048,159.082
2026-08-17 06:00,159.081,159.089,159.024,159.054
2026-08-17 06:05,159.056,159.085,159.041,159.072
2026-08-17 06:10,159.070,159.111,159.066,159.091
2026-08-17 06:15,159.095,159.103,159.076,159.079
2026-08-17 06:20,159.076,159.086,159.053,159.080
2026-08-17 06:25,159.074,159.085,159.021,159.021
2026-08-17 06:30,159.025,159.058,159.021,159.029
2026-08-17 06:35,159.035,159.057,159.016,159.023
2026-08-17 06:40,159.017,159.057,159.016,159.026
2026-08-17 06:45,159.029,159.036,158.979,158.998
2026-08-17 06:50,159.004,159.004,158.952,158.953
2026-08-17 06:55,158.954,158.972,158.932,158.959
2026-08-17 07:00,158.960,159.001,158.952,158.963
2026-08-17 07:05,158.963,158.975,158.878,158.897
2026-08-17 07:10,158.895,158.930,158.879,158.916
2026-08-17 07:15,158.917,158.929,158.857,158.884
2026-08-17 07:20,158.884,158.906,158.863,158.902
2026-08-17 07:25,158.897,158.955,158.884,158.893
2026-08-17 07:30,158.889,158.916,158.864,158.890
2026-08-17 07:35,158.884,158.921,158.876,158.911
2026-08-17 07:40,158.919,158.922,158.839,158.878
2026-08-17 07:45,158.875,158.957,158.873,158.950
2026-08-17 07:50,158.949,158.986,158.928,158.965
2026-08-17 07:55,158.965,158.982,158.945,158.952
2026-08-17 08:00,158.947,159.000,158.943,158.987
2026-08-17 08:05,158.995,158.997,158.963,158.964
2026-08-17 08:10,158.972,158.998,158.951,158.958
2026-08-17 08:15,158.958,159.021,158.953,158.990
2026-08-17 08:20,158.990,159.016,158.970,158.972
2026-08-17 08:25,158.973,158.993,158.934,158.936
2026-08-17 08:30,158.943,158.974,158.925,158.970
2026-08-17 08:35,158.967,159.047,158.949,159.038
2026-08-17 08:40,159.036,159.081,159.024,159.069
2026-08-17 08:45,159.077,159.088,159.056,159.078
2026-08-17 08:50,159.077,159.129,159.071,159.119
2026-08-17 08:55,159.112,159.150,159.109,159.122
2026-08-17 09:00,159.122,159.179,159.120,159.149
2026-08-17 09:05,159.155,159.166,159.109,159.124
2026-08-17 09:10,159.119,159.144,159.092,159.094
2026-08-17 09:15,159.101,159.112,159.062,159.104
2026-08-17 09:20,159.100,159.119,159.083,159.096
2026-08-17 09:25,159.096,159.143,159.093,159.128
2026-08-17 09:30,159.124,159.155,159.115,159.121
2026-08-17 09:35,159.124,159.139,159.111,159.120
2026-08-17 09:40,159.124,159.139,159.100,159.114
2026-08-17 09:45,159.114,159.143,159.107,159.136
2026-08-17 09:50,159.138,159.181,159.125,159.168
2026-08-17 09:55,159.165,159.185,159.159,159.167
2026-08-17 10:00,159.163,159.188,159.157,159.179
2026-08-17 10:05,159.173,159.206,159.172,159.194
2026-08-17 10:10,159.195,159.203,159.159,159.171
2026-08-17 10:15,159.171,159.181,159.147,159.156
2026-08-17 10:20,159.149,159.193,159.149,159.164
2026-08-17 10:25,159.164,159.203,159.098,159.109
2026-08-17 10:30,159.112,159.169,159.102,159.145
2026-08-17 10:35,159.145,159.166,159.134,159.159
2026-08-17 10:40,159.151,159.163,159.139,159.143
2026-08-17 10:45,159.147,159.160,159.141,159.152
2026-08-17 10:50,159.157,159.200,159.150,159.191
2026-08-17 10:55,159.198,159.201,159.180,159.183
2026-08-17 11:00,159.183,159.204,159.157,159.177
2026-08-17 11:05,159.172,159.193,159.154,159.165
2026-08-17 11:10,159.165,159.203,159.164,159.196
2026-08-17 11:15,159.189,159.243,159.185,159.242
2026-08-17 11:20,159.235,159.243,159.214,159.222
2026-08-17 11:25,159.222,159.246,159.213,159.235
2026-08-17 11:30,159.235,159.254,159.209,159.210
2026-08-17 11:35,159.209,159.242,159.208,159.240
2026-08-17 11:40,159.233,159.263,159.229,159.257
2026-08-17 11:45,159.254,159.276,159.246,159.264
2026-08-17 11:50,159.264,159.284,159.229,159.232
2026-08-17 11:55,159.232,159.257,159.225,159.238
2026-08-17 12:00,159.234,159.252,159.192,159.204
2026-08-17 12:05,159.204,159.228,159.198,159.218
2026-08-17 12:10,159.216,159.241,159.189,159.229
2026-08-17 12:15,159.232,159.249,159.222,159.229
2026-08-17 12:20,159.229,159.243,159.211,159.227
2026-08-17 12:25,159.220,159.286,159.211,159.263
2026-08-17 12:30,159.262,159.288,159.244,159.266
2026-08-17 12:35,159.260,159.280,159.254,159.272
2026-08-17 12:40,159.271,159.280,159.257,159.268
2026-08-17 12:45,159.263,159.282,159.254,159.270
2026-08-17 12:50,159.276,159.279,159.253,159.263
2026-08-17 12:55,159.266,159.270,159.239,159.246
2026-08-17 13:00,159.242,159.267,159.212,159.266
2026-08-17 13:05,159.262,159.268,159.240,159.241
2026-08-17 13:10,159.241,159.267,159.232,159.260
2026-08-17 13:15,159.260,159.276,159.241,159.247
2026-08-17 13:20,159.243,159.269,159.240,159.253
2026-08-17 13:25,159.255,159.282,159.242,159.275
2026-08-17 13:30,159.273,159.316,159.264,159.300
2026-08-17 13:35,159.300,159.339,159.277,159.325
2026-08-17 13:40,159.325,159.357,159.302,159.349
2026-08-17 13:45,159.352,159.384,159.342,159.345
2026-08-17 13:50,159.345,159.352,159.290,159.315
2026-08-17 13:55,159.319,159.326,159.257,159.263
2026-08-17 14:00,159.260,159.286,159.224,159.233
2026-08-17 14:05,159.227,159.259,159.223,159.248
2026-08-17 14:10,159.248,159.267,159.237,159.242
2026-08-17 14:15,159.247,159.249,159.200,159.223
2026-08-17 14:20,159.219,159.232,159.182,159.198
2026-08-17 14:25,159.198,159.263,159.196,159.239
2026-08-17 14:30,159.244,159.246,159.224,159.228
2026-08-17 14:35,159.228,159.264,159.214,159.244
2026-08-17 14:40,159.244,159.252,159.213,159.239
2026-08-17 14:45,159.241,159.264,159.228,159.237
2026-08-17 14:50,159.244,159.310,159.216,159.297
2026-08-17 14:55,159.292,159.300,159.267,159.284
2026-08-17 15:00,159.284,159.326,159.273,159.309
2026-08-17 15:05,159.305,159.342,159.304,159.327
2026-08-17 15:10,159.327,159.334,159.303,159.316
2026-08-17 15:15,159.316,159.357,159.304,159.345
2026-08-17 15:20,159.342,159.373,159.339,159.348
2026-08-17 15:25,159.344,159.364,159.332,159.343
2026-08-17 15:30,159.339,159.361,159.328,159.353
2026-08-17 15:35,159.355,159.363,159.337,159.354
2026-08-17 15:40,159.357,159.403,159.351,159.393
2026-08-17 15:45,159.397,159.401,159.353,159.374
2026-08-17 15:50,159.367,159.376,159.349,159.357
2026-08-17 15:55,159.356,159.364,159.337,159.339
2026-08-17 16:00,159.340,159.382,159.340,159.381
2026-08-17 16:05,159.376,159.395,159.357,159.372
2026-08-17 16:10,159.378,159.383,159.349,159.363
2026-08-17 16:15,159.363,159.372,159.344,159.347
2026-08-17 16:20,159.349,159.358,159.326,159.352
2026-08-17 16:25,159.351,159.367,159.344,159.359
2026-08-17 16:30,159.359,159.370,159.351,159.359
2026-08-17 16:35,159.359,159.372,159.342,159.342
2026-08-17 16:40,159.342,159.373,159.339,159.351
2026-08-17 16:45,159.351,159.370,159.351,159.356
2026-08-17 16:50,159.355,159.378,159.343,159.349
2026-08-17 16:55,159.348,159.368,159.344,159.363
2026-08-17 17:00,159.361,159.367,159.349,159.353
2026-08-17 17:05,159.353,159.371,159.349,159.356
2026-08-17 17:10,159.354,159.370,159.353,159.364
2026-08-17 17:15,159.364,159.407,159.361,159.402
2026-08-17 17:20,159.401,159.449,159.399,159.433
2026-08-17 17:25,159.437,159.451,159.415,159.424
2026-08-17 17:30,159.419,159.475,159.416,159.468
2026-08-17 17:35,159.464,159.503,159.456,159.494
2026-08-17 17:40,159.494,159.505,159.457,159.458
2026-08-17 17:45,159.458,159.467,159.439,159.449
2026-08-17 17:50,159.449,159.492,159.448,159.480
2026-08-17 17:55,159.480,159.505,159.477,159.491
2026-08-17 18:00,159.487,159.506,159.482,159.494
2026-08-17 18:05,159.498,159.519,159.479,159.506
2026-08-17 18:10,159.503,159.523,159.479,159.484
2026-08-17 18:15,159.484,159.516,159.479,159.507
2026-08-17 18:20,159.507,159.556,159.507,159.543
2026-08-17 18:25,159.543,159.589,159.543,159.563
2026-08-17 18:30,159.562,159.590,159.562,159.580
2026-08-17 18:35,159.581,159.584,159.564,159.573
2026-08-17 18:40,159.567,159.573,159.540,159.558
2026-08-17 18:45,159.558,159.590,159.552,159.578
2026-08-17 18:50,159.580,159.585,159.564,159.579
2026-08-17 18:55,159.580,159.597,159.563,159.590
2026-08-17 19:00,159.589,159.594,159.562,159.566
2026-08-17 19:05,159.568,159.573,159.549,159.556
2026-08-17 19:10,159.562,159.565,159.491,159.498
2026-08-17 19:15,159.498,159.509,159.465,159.476
2026-08-17 19:20,159.476,159.481,159.440,159.447
2026-08-17 19:25,159.450,159.457,159.424,159.433
2026-08-17 19:30,159.429,159.455,159.404,159.444
2026-08-17 19:35,159.440,159.449,159.417,159.427
2026-08-17 19:40,159.422,159.436,159.417,159.421
2026-08-17 19:45,159.424,159.446,159.419,159.436
2026-08-17 19:50,159.433,159.465,159.428,159.465
2026-08-17 19:55,159.462,159.478,159.455,159.456
2026-08-17 20:00,159.457,159.478,159.444,159.463
2026-08-17 20:05,159.462,159.492,159.459,159.491
2026-08-17 20:10,159.488,159.512,159.483,159.503
2026-08-17 20:15,159.499,159.506,159.463,159.472
2026-08-17 20:20,159.465,159.483,159.462,159.476
2026-08-17 20:25,159.472,159.483,159.469,159.482
2026-08-17 20:30,159.481,159.501,159.470,159.477
2026-08-17 20:35,159.473,159.478,159.464,159.475
2026-08-17 20:40,159.471,159.478,159.464,159.472
2026-08-17 20:45,159.472,159.493,159.462,159.463
2026-08-17 20:50,159.463,159.479,159.448,159.462
2026-08-17 20:55,159.460,159.477,159.415,159.415
2026-08-17 21:00,159.404,159.491,159.404,159.440
2026-08-17 21:05,159.447,159.482,159.444,159.448
2026-08-17 21:10,159.450,159.462,159.399,159.400
2026-08-17 21:15,159.386,159.409,159.281,159.394
2026-08-17 21:20,159.381,159.392,159.350,159.368
2026-08-17 21:25,159.353,159.389,159.353,159.371
2026-08-17 21:30,159.372,159.391,159.359,159.371
2026-08-17 21:35,159.372,159.393,159.363,159.377
2026-08-17 21:40,159.376,159.427,159.355,159.410
2026-08-17 21:45,159.410,159.430,159.372,159.381
2026-08-17 21:50,159.382,159.407,159.370,159.399
2026-08-17 21:55,159.388,159.397,159.356,159.397
2026-08-17 22:00,159.377,159.468,159.351,159.443
2026-08-17 22:05,159.443,159.466,159.443,159.447
2026-08-17 22:10,159.458,159.477,159.439,159.471
2026-08-17 22:15,159.458,159.473,159.442,159.459
2026-08-17 22:20,159.451,159.466,159.425,159.432
2026-08-17 22:25,159.436,159.437,159.395,159.417
2026-08-17 22:30,159.405,159.428,159.400,159.411
2026-08-17 22:35,159.416,159.433,159.409,159.432
2026-08-17 22:40,159.420,159.434,159.410,159.426
2026-08-17 22:45,159.413,159.426,159.403,159.407
2026-08-17 22:50,159.414,159.423,159.403,159.414
2026-08-17 22:55,159.404,159.416,159.403,159.411
2026-08-17 23:00,159.406,159.424,159.381,159.400
2026-08-17 23:05,159.394,159.403,159.352,159.358
2026-08-17 23:10,159.363,159.388,159.355,159.385
2026-08-17 23:15,159.385,159.387,159.373,159.374
2026-08-17 23:20,159.374,159.387,159.373,159.382
2026-08-17 23:25,159.374,159.384,159.360,159.365
2026-08-17 23:30,159.360,159.372,159.334,159.340
2026-08-17 23:35,159.347,159.356,159.339,159.354
2026-08-17 23:40,159.346,159.354,159.309,159.318
2026-08-17 23:45,159.320,159.328,159.308,159.314
2026-08-17 23:50,159.314,159.341,159.314,159.331
2026-08-17 23:55,159.331,159.355,159.317,159.325
2026-08-18 00:00,159.325,159.367,159.304,159.331
2026-08-18 00:05,159.326,159.376,159.316,159.376
2026-08-18 00:10,159.369,159.396,159.353,159.377
2026-08-18 00:15,159.369,159.389,159.357,159.380
2026-08-18 00:20,159.380,159.419,159.379,159.402
2026-08-18 00:25,159.400,159.436,159.391,159.425
2026-08-18 00:30,159.422,159.486,159.420,159.458
2026-08-18 00:35,159.464,159.482,159.449,159.460
2026-08-18 00:40,159.457,159.493,159.451,159.483
2026-08-18 00:45,159.488,159.524,159.482,159.513
2026-08-18 00:50,159.514,159.517,159.446,159.453
2026-08-18 00:55,159.454,159.480,159.420,159.422
2026-08-18 01:00,159.422,159.494,159.422,159.487
2026-08-18 01:05,159.480,159.491,159.426,159.432
2026-08-18 01:10,159.429,159.441,159.389,159.398
2026-08-18 01:15,159.403,159.450,159.395,159.425
2026-08-18 01:20,159.425,159.467,159.424,159.443
2026-08-18 01:25,159.448,159.465,159.426,159.444
2026-08-18 01:30,159.443,159.454,159.429,159.440
2026-08-18 01:35,159.441,159.454,159.401,159.406
2026-08-18 01:40,159.409,159.436,159.399,159.420
2026-08-18 01:45,159.424,159.486,159.420,159.471
2026-08-18 01:50,159.472,159.493,159.449,159.468
2026-08-18 01:55,159.467,159.512,159.453,159.500
2026-08-18 02:00,159.498,159.545,159.494,159.518
2026-08-18 02:05,159.516,159.524,159.488,159.508
2026-08-18 02:10,159.516,159.531,159.507,159.518
2026-08-18 02:15,159.516,159.524,159.485,159.508
2026-08-18 02:20,159.507,159.514,159.468,159.493
2026-08-18 02:25,159.493,159.499,159.471,159.482
2026-08-18 02:30,159.477,159.498,159.463,159.479
2026-08-18 02:35,159.479,159.509,159.467,159.501
2026-08-18 02:40,159.503,159.507,159.483,159.496
2026-08-18 02:45,159.499,159.510,159.468,159.476
2026-08-18 02:50,159.474,159.485,159.466,159.468
2026-08-18 02:55,159.471,159.479,159.449,159.455
2026-08-18 03:00,159.452,159.496,159.452,159.482
2026-08-18 03:05,159.485,159.496,159.478,159.485
2026-08-18 03:10,159.480,159.494,159.478,159.482
2026-08-18 03:15,159.482,159.503,159.479,159.499
2026-08-18 03:20,159.494,159.510,159.471,159.503
2026-08-18 03:25,159.503,159.514,159.493,159.510
2026-08-18 03:30,159.506,159.535,159.506,159.527
2026-08-18 03:35,159.531,159.547,159.519,159.541
2026-08-18 03:40,159.534,159.569,159.521,159.555
2026-08-18 03:45,159.555,159.565,159.542,159.559
2026-08-18 03:50,159.557,159.568,159.541,159.550
2026-08-18 03:55,159.550,159.559,159.527,159.548
2026-08-18 04:00,159.548,159.597,159.544,159.581
2026-08-18 04:05,159.581,159.637,159.581,159.622
2026-08-18 04:10,159.623,159.695,159.616,159.665
2026-08-18 04:15,159.663,159.694,159.656,159.684
2026-08-18 04:20,159.684,159.726,159.674,159.677
2026-08-18 04:25,159.678,159.702,159.655,159.698
2026-08-18 04:30,159.692,159.750,159.692,159.729
2026-08-18 04:35,159.732,159.742,159.706,159.724
2026-08-18 04:40,159.731,159.733,159.678,159.690
2026-08-18 04:45,159.690,159.706,159.664,159.671
2026-08-18 04:50,159.680,159.711,159.672,159.709
2026-08-18 04:55,159.706,159.710,159.671,159.697
2026-08-18 05:00,159.689,159.710,159.671,159.704
2026-08-18 05:05,159.703,159.725,159.689,159.715
2026-08-18 05:10,159.714,159.726,159.697,159.719
2026-08-18 05:15,159.720,159.734,159.694,159.701
2026-08-18 05:20,159.694,159.704,159.669,159.678
2026-08-18 05:25,159.678,159.699,159.654,159.669
2026-08-18 05:30,159.670,159.696,159.664,159.682
2026-08-18 05:35,159.685,159.693,159.668,159.678
2026-08-18 05:40,159.677,159.700,159.672,159.673
2026-08-18 05:45,159.673,159.682,159.652,159.664
2026-08-18 05:50,159.657,159.664,159.641,159.642
2026-08-18 05:55,159.651,159.669,159.616,159.663
2026-08-18 06:00,159.656,159.707,159.643,159.697
2026-08-18 06:05,159.694,159.730,159.687,159.710
2026-08-18 06:10,159.704,159.712,159.670,159.685
2026-08-18 06:15,159.683,159.738,159.681,159.718
2026-08-18 06:20,159.718,159.774,159.717,159.738
2026-08-18 06:25,159.742,159.756,159.708,159.718
2026-08-18 06:30,159.718,159.749,159.695,159.743
2026-08-18 06:35,159.747,159.779,159.744,159.766
2026-08-18 06:40,159.767,159.771,159.739,159.740
2026-08-18 06:45,159.745,159.760,159.732,159.741
2026-08-18 06:50,159.741,159.772,159.739,159.752
2026-08-18 06:55,159.752,159.767,159.709,159.716
2026-08-18 07:00,159.718,159.738,159.682,159.692
2026-08-18 07:05,159.698,159.737,159.690,159.708
2026-08-18 07:10,159.711,159.747,159.708,159.737
2026-08-18 07:15,159.737,159.762,159.733,159.749
2026-08-18 07:20,159.744,159.761,159.704,159.711
2026-08-18 07:25,159.707,159.737,159.698,159.728
2026-08-18 07:30,159.728,159.754,159.716,159.745
2026-08-18 07:35,159.745,159.752,159.705,159.717
2026-08-18 07:40,159.709,159.727,159.703,159.712
2026-08-18 07:45,159.706,159.711,159.684,159.686
2026-08-18 07:50,159.686,159.721,159.672,159.698
2026-08-18 07:55,159.698,159.722,159.690,159.717
2026-08-18 08:00,159.722,159.728,159.707,159.717
2026-08-18 08:05,159.719,159.732,159.708,159.710
2026-08-18 08:10,159.711,159.724,159.698,159.719
2026-08-18 08:15,159.718,159.733,159.715,159.722
2026-08-18 08:20,159.719,159.734,159.717,159.723
2026-08-18 08:25,159.723,159.736,159.718,159.725
2026-08-18 08:30,159.725,159.744,159.704,159.711
2026-08-18 08:35,159.711,159.719,159.679,159.689
2026-08-18 08:40,159.686,159.692,159.642,159.647
2026-08-18 08:45,159.643,159.670,159.631,159.650
2026-08-18 08:50,159.650,159.672,159.647,159.659
2026-08-18 08:55,159.660,159.674,159.627,159.665
2026-08-18 09:00,159.668,159.694,159.665,159.679
2026-08-18 09:05,159.671,159.681,159.659,159.667
2026-08-18 09:10,159.667,159.681,159.659,159.667
2026-08-18 09:15,159.662,159.682,159.633,159.638
2026-08-18 09:20,159.633,159.649,159.622,159.636
2026-08-18 09:25,159.628,159.637,159.600,159.613
2026-08-18 09:30,159.609,159.624,159.581,159.608
2026-08-18 09:35,159.608,159.626,159.587,159.605
2026-08-18 09:40,159.604,159.633,159.598,159.616
2026-08-18 09:45,159.614,159.625,159.606,159.609
2026-08-18 09:50,159.617,159.628,159.606,159.608
2026-08-18 09:55,159.608,159.618,159.585,159.604
2026-08-18 10:00,159.604,159.617,159.597,159.610
2026-08-18 10:05,159.609,159.630,159.598,159.626
2026-08-18 10:10,159.622,159.674,159.622,159.674
2026-08-18 10:15,159.667,159.682,159.656,159.658
2026-08-18 10:20,159.658,159.693,159.658,159.693
2026-08-18 10:25,159.685,159.706,159.667,159.672
2026-08-18 10:30,159.672,159.690,159.662,159.669
2026-08-18 10:35,159.671,159.683,159.647,159.650
2026-08-18 10:40,159.650,159.683,159.646,159.679
2026-08-18 10:45,159.678,159.686,159.667,159.676
2026-08-18 10:50,159.674,159.715,159.674,159.707
2026-08-18 10:55,159.701,159.710,159.688,159.706
2026-08-18 11:00,159.702,159.724,159.697,159.715
2026-08-18 11:05,159.715,159.738,159.714,159.719
2026-08-18 11:10,159.720,159.735,159.715,159.721
2026-08-18 11:15,159.722,159.737,159.714,159.717
2026-08-18 11:20,159.718,159.742,159.716,159.724
2026-08-18 11:25,159.727,159.741,159.722,159.734
2026-08-18 11:30,159.740,159.745,159.724,159.739
2026-08-18 11:35,159.733,159.738,159.697,159.715
2026-08-18 11:40,159.718,159.733,159.706,159.721
2026-08-18 11:45,159.715,159.732,159.707,159.719
2026-08-18 11:50,159.719,159.723,159.705,159.708
2026-08-18 11:55,159.706,159.713,159.688,159.694
2026-08-18 12:00,159.699,159.710,159.652,159.666
2026-08-18 12:05,159.663,159.699,159.658,159.690
2026-08-18 12:10,159.688,159.698,159.663,159.671
2026-08-18 12:15,159.664,159.684,159.652,159.661
2026-08-18 12:20,159.664,159.668,159.633,159.662
2026-08-18 12:25,159.657,159.677,159.644,159.662
2026-08-18 12:30,159.675,159.696,159.632,159.682
2026-08-18 12:35,159.685,159.716,159.674,159.704
2026-08-18 12:40,159.708,159.721,159.672,159.673
2026-08-18 12:45,159.676,159.690,159.658,159.664
2026-08-18 12:50,159.659,159.677,159.649,159.661
2026-08-18 12:55,159.661,159.669,159.634,159.664
2026-08-18 13:00,159.663,159.668,159.612,159.621
2026-08-18 13:05,159.627,159.655,159.621,159.631
2026-08-18 13:10,159.638,159.641,159.614,159.628
2026-08-18 13:15,159.625,159.666,159.619,159.660
2026-08-18 13:20,159.658,159.669,159.637,159.658
2026-08-18 13:25,159.659,159.676,159.646,159.659
2026-08-18 13:30,159.659,159.723,159.602,159.611
2026-08-18 13:35,159.608,159.628,159.560,159.576
2026-08-18 13:40,159.575,159.626,159.560,159.621
2026-08-18 13:45,159.617,159.623,159.568,159.587
2026-08-18 13:50,159.588,159.613,159.572,159.599
2026-08-18 13:55,159.599,159.607,159.566,159.572
2026-08-18 14:00,159.580,159.580,159.526,159.526
2026-08-18 14:05,159.526,159.536,159.474,159.497
2026-08-18 14:10,159.497,159.539,159.496,159.535
2026-08-18 14:15,159.531,159.540,159.481,159.507
2026-08-18 14:20,159.500,159.520,159.449,159.457
2026-08-18 14:25,159.461,159.496,159.442,159.479
2026-08-18 14:30,159.474,159.528,159.473,159.508
2026-08-18 14:35,159.513,159.554,159.506,159.545
2026-08-18 14:40,159.540,159.550,159.495,159.509
2026-08-18 14:45,159.509,159.536,159.490,159.506
2026-08-18 14:50,159.503,159.544,159.423,159.528
2026-08-18 14:55,159.524,159.569,159.493,159.550
2026-08-18 15:00,159.549,159.566,159.488,159.499
2026-08-18 15:05,159.500,159.564,159.496,159.562
2026-08-18 15:10,159.563,159.609,159.545,159.604
2026-08-18 15:15,159.604,159.617,159.571,159.582
2026-08-18 15:20,159.578,159.616,159.549,159.610
2026-08-18 15:25,159.615,159.627,159.601,159.617
2026-08-18 15:30,159.611,159.646,159.607,159.611
2026-08-18 15:35,159.611,159.616,159.586,159.598
2026-08-18 15:40,159.597,159.608,159.574,159.597
2026-08-18 15:45,159.596,159.600,159.548,159.548
2026-08-18 15:50,159.548,159.575,159.534,159.563
2026-08-18 15:55,159.571,159.598,159.565,159.596
2026-08-18 16:00,159.593,159.596,159.563,159.579
2026-08-18 16:05,159.578,159.590,159.555,159.560
2026-08-18 16:10,159.560,159.573,159.546,159.559
2026-08-18 16:15,159.559,159.576,159.550,159.563
2026-08-18 16:20,159.561,159.566,159.536,159.555
2026-08-18 16:25,159.555,159.605,159.549,159.594
2026-08-18 16:30,159.594,159.625,159.591,159.619
2026-08-18 16:35,159.619,159.639,159.602,159.612
2026-08-18 16:40,159.611,159.613,159.569,159.573
2026-08-18 16:45,159.574,159.587,159.559,159.568
2026-08-18 16:50,159.565,159.582,159.554,159.561
2026-08-18 16:55,159.562,159.591,159.558,159.567
2026-08-18 17:00,159.571,159.587,159.557,159.578
2026-08-18 17:05,159.576,159.603,159.572,159.584
2026-08-18 17:10,159.584,159.601,159.583,159.596
2026-08-18 17:15,159.600,159.610,159.592,159.601
2026-08-18 17:20,159.606,159.608,159.582,159.597
2026-08-18 17:25,159.597,159.612,159.592,159.594
2026-08-18 17:30,159.594,159.638,159.593,159.602
2026-08-18 17:35,159.604,159.625,159.601,159.607
2026-08-18 17:40,159.613,159.621,159.597,159.611
2026-08-18 17:45,159.608,159.614,159.597,159.607
2026-08-18 17:50,159.605,159.622,159.597,159.612
2026-08-18 17:55,159.614,159.621,159.593,159.598
2026-08-18 18:00,159.596,159.615,159.596,159.604
2026-08-18 18:05,159.603,159.612,159.584,159.589
2026-08-18 18:10,159.584,159.601,159.574,159.588
2026-08-18 18:15,159.586,159.589,159.574,159.580
2026-08-18 18:20,159.580,159.588,159.559,159.573
2026-08-18 18:25,159.570,159.592,159.567,159.589
2026-08-18 18:30,159.584,159.601,159.583,159.593
2026-08-18 18:35,159.593,159.621,159.591,159.608
2026-08-18 18:40,159.607,159.629,159.607,159.622
2026-08-18 18:45,159.620,159.631,159.608,159.618
2026-08-18 18:50,159.623,159.623,159.607,159.613
2026-08-18 18:55,159.610,159.615,159.595,159.600
2026-08-18 19:00,159.603,159.612,159.591,159.611
2026-08-18 19:05,159.607,159.627,159.606,159.612
2026-08-18 19:10,159.616,159.621,159.573,159.590
2026-08-18 19:15,159.595,159.609,159.582,159.592
2026-08-18 19:20,159.592,159.604,159.571,159.585
2026-08-18 19:25,159.582,159.614,159.582,159.609
2026-08-18 19:30,159.606,159.622,159.596,159.606
2026-08-18 19:35,159.610,159.614,159.598,159.606
2026-08-18 19:40,159.608,159.614,159.574,159.606
2026-08-18 19:45,159.601,159.620,159.590,159.610
2026-08-18 19:50,159.608,159.631,159.606,159.624
2026-08-18 19:55,159.625,159.649,159.622,159.636
2026-08-18 20:00,159.643,159.661,159.635,159.654
2026-08-18 20:05,159.654,159.675,159.651,159.668
2026-08-18 20:10,159.670,159.672,159.647,159.647
2026-08-18 20:15,159.647,159.661,159.645,159.650
2026-08-18 20:20,159.651,159.660,159.645,159.652
2026-08-18 20:25,159.654,159.660,159.640,159.650
2026-08-18 20:30,159.647,159.657,159.639,159.647
2026-08-18 20:35,159.642,159.654,159.637,159.644
2026-08-18 20:40,159.651,159.656,159.641,159.651
2026-08-18 20:45,159.648,159.663,159.632,159.637
2026-08-18 20:50,159.637,159.652,159.636,159.637
2026-08-18 20:55,159.639,159.647,159.584,159.596
2026-08-18 21:00,159.592,159.615,159.469,159.598
2026-08-18 21:05,159.598,159.613,159.589,159.589
2026-08-18 21:10,159.589,159.615,159.587,159.601
2026-08-18 21:15,159.603,159.621,159.595,159.603
2026-08-18 21:20,159.601,159.621,159.596,159.596
2026-08-18 21:25,159.602,159.618,159.596,159.598
2026-08-18 21:30,159.608,159.619,159.596,159.610
2026-08-18 21:35,159.603,159.613,159.543,159.555
2026-08-18 21:40,159.556,159.591,159.544,159.554
2026-08-18 21:45,159.555,159.575,159.544,159.569
2026-08-18 21:50,159.572,159.583,159.555,159.577
2026-08-18 21:55,159.570,159.589,159.555,159.581
2026-08-18 22:00,159.577,159.619,159.554,159.582
2026-08-18 22:05,159.577,159.593,159.576,159.588
2026-08-18 22:10,159.587,159.645,159.580,159.639
2026-08-18 22:15,159.642,159.643,159.608,159.624
2026-08-18 22:20,159.611,159.629,159.610,159.621
2026-08-18 22:25,159.626,159.635,159.613,159.621
2026-08-18 22:30,159.626,159.634,159.597,159.604
2026-08-18 22:35,159.602,159.617,159.581,159.602
2026-08-18 22:40,159.595,159.614,159.592,159.602
2026-08-18 22:45,159.602,159.621,159.585,159.585
2026-08-18 22:50,159.585,159.599,159.583,159.588
2026-08-18 22:55,159.589,159.597,159.583,159.589
2026-08-18 23:00,159.583,159.595,159.536,159.545
2026-08-18 23:05,159.545,159.569,159.544,159.558
2026-08-18 23:10,159.554,159.566,159.531,159.565
2026-08-18 23:15,159.561,159.571,159.549,159.568
2026-08-18 23:20,159.559,159.569,159.549,159.551
2026-08-18 23:25,159.551,159.588,159.550,159.577
2026-08-18 23:30,159.577,159.585,159.551,159.571
2026-08-18 23:35,159.570,159.608,159.570,159.596
2026-08-18 23:40,159.596,159.606,159.585,159.594
2026-08-18 23:45,159.595,159.609,159.581,159.587
2026-08-18 23:50,159.587,159.595,159.554,159.560
2026-08-18 23:55,159.560,159.579,159.535,159.550
2026-08-19 00:00,159.550,159.553,159.456,159.484
2026-08-19 00:05,159.483,159.505,159.452,159.480
2026-08-19 00:10,159.487,159.495,159.427,159.445
2026-08-19 00:15,159.446,159.470,159.428,159.463
2026-08-19 00:20,159.461,159.492,159.456,159.469
2026-08-19 00:25,159.467,159.505,159.457,159.490
2026-08-19 00:30,159.499,159.535,159.474,159.495
2026-08-19 00:35,159.499,159.511,159.446,159.459
2026-08-19 00:40,159.458,159.482,159.434,159.476
2026-08-19 00:45,159.466,159.483,159.451,159.460
2026-08-19 00:50,159.463,159.473,159.385,159.433
2026-08-19 00:55,159.439,159.479,159.406,159.462
2026-08-19 01:00,159.456,159.505,159.448,159.481
2026-08-19 01:05,159.479,159.499,159.454,159.469
2026-08-19 01:10,159.470,159.506,159.464,159.501
2026-08-19 01:15,159.491,159.523,159.481,159.484
2026-08-19 01:20,159.483,159.513,159.476,159.506
2026-08-19 01:25,159.499,159.525,159.484,159.502
2026-08-19 01:30,159.501,159.502,159.463,159.484
2026-08-19 01:35,159.477,159.486,159.448,159.449
2026-08-19 01:40,159.449,159.464,159.436,159.463
2026-08-19 01:45,159.464,159.479,159.449,159.475
2026-08-19 01:50,159.474,159.492,159.464,159.483
2026-08-19 01:55,159.476,159.486,159.438,159.448
2026-08-19 02:00,159.446,159.471,159.438,159.447
2026-08-19 02:05,159.445,159.452,159.400,159.405
2026-08-19 02:10,159.402,159.425,159.382,159.399
2026-08-19 02:15,159.397,159.420,159.336,159.356
2026-08-19 02:20,159.354,159.374,159.307,159.333
2026-08-19 02:25,159.333,159.376,159.330,159.365
2026-08-19 02:30,159.365,159.403,159.343,159.402
2026-08-19 02:35,159.402,159.402,159.343,159.349
2026-08-19 02:40,159.349,159.363,159.286,159.311
2026-08-19 02:45,159.313,159.335,159.290,159.325
2026-08-19 02:50,159.325,159.375,159.324,159.367
2026-08-19 02:55,159.360,159.376,159.352,159.364
2026-08-19 03:00,159.365,159.373,159.331,159.359
2026-08-19 03:05,159.359,159.393,159.359,159.378
2026-08-19 03:10,159.378,159.399,159.359,159.385
2026-08-19 03:15,159.383,159.389,159.370,159.379
2026-08-19 03:20,159.382,159.396,159.368,159.378
2026-08-19 03:25,159.377,159.390,159.367,159.387
2026-08-19 03:30,159.382,159.431,159.370,159.412
2026-08-19 03:35,159.409,159.443,159.407,159.430
2026-08-19 03:40,159.437,159.441,159.406,159.409
2026-08-19 03:45,159.406,159.426,159.404,159.416
2026-08-19 03:50,159.416,159.426,159.408,159.418
2026-08-19 03:55,159.418,159.435,159.417,159.420
2026-08-19 04:00,159.420,159.425,159.403,159.413
2026-08-19 04:05,159.419,159.422,159.408,159.409
2026-08-19 04:10,159.413,159.418,159.381,159.383
2026-08-19 04:15,159.383,159.399,159.379,159.381
2026-08-19 04:20,159.384,159.390,159.350,159.361
2026-08-19 04:25,159.356,159.374,159.343,159.345
2026-08-19 04:30,159.348,159.352,159.231,159.315
2026-08-19 04:35,159.321,159.351,159.314,159.350
2026-08-19 04:40,159.341,159.378,159.340,159.363
2026-08-19 04:45,159.357,159.364,159.304,159.310
2026-08-19 04:50,159.308,159.329,159.296,159.317
2026-08-19 04:55,159.317,159.341,159.291,159.326
2026-08-19 05:00,159.326,159.332,159.284,159.294
2026-08-19 05:05,159.294,159.321,159.294,159.300
2026-08-19 05:10,159.302,159.328,159.296,159.297
2026-08-19 05:15,159.305,159.306,159.234,159.259
2026-08-19 05:20,159.257,159.280,159.240,159.245
2026-08-19 05:25,159.245,159.293,159.244,159.272
2026-08-19 05:30,159.271,159.277,159.204,159.214
2026-08-19 05:35,159.213,159.258,159.211,159.236
2026-08-19 05:40,159.230,159.263,159.224,159.250
2026-08-19 05:45,159.254,159.269,159.215,159.241
2026-08-19 05:50,159.242,159.305,159.239,159.299
2026-08-19 05:55,159.296,159.327,159.281,159.295
2026-08-19 06:00,159.290,159.297,159.239,159.257
2026-08-19 06:05,159.263,159.268,159.225,159.230
2026-08-19 06:10,159.238,159.243,159.201,159.243
2026-08-19 06:15,159.236,159.243,159.189,159.204
2026-08-19 06:20,159.204,159.215,159.147,159.182
2026-08-19 06:25,159.177,159.186,159.148,159.151
2026-08-19 06:30,159.154,159.177,159.111,159.144
2026-08-19 06:35,159.148,159.162,159.119,159.156
2026-08-19 06:40,159.160,159.211,159.144,159.207
2026-08-19 06:45,159.210,159.255,159.191,159.240
2026-08-19 06:50,159.242,159.247,159.208,159.225
2026-08-19 06:55,159.225,159.255,159.214,159.239
2026-08-19 07:00,159.244,159.251,159.193,159.210
2026-08-19 07:05,159.210,159.217,159.162,159.183
2026-08-19 07:10,159.183,159.223,159.181,159.218
2026-08-19 07:15,159.218,159.281,159.215,159.240
2026-08-19 07:20,159.246,159.255,159.177,159.186
2026-08-19 07:25,159.179,159.207,159.168,159.194
2026-08-19 07:30,159.194,159.206,159.144,159.147
2026-08-19 07:35,159.150,159.171,159.120,159.166
2026-08-19 07:40,159.159,159.178,159.134,159.172
2026-08-19 07:45,159.168,159.193,159.151,159.190
2026-08-19 07:50,159.189,159.197,159.131,159.134
2026-08-19 07:55,159.140,159.192,159.134,159.163
2026-08-19 08:00,159.163,159.182,159.134,159.144
2026-08-19 08:05,159.144,159.157,159.084,159.124
2026-08-19 08:10,159.118,159.134,159.073,159.097
2026-08-19 08:15,159.097,159.103,159.049,159.055
2026-08-19 08:20,159.055,159.082,159.052,159.068
2026-08-19 08:25,159.068,159.133,159.068,159.098
2026-08-19 08:30,159.093,159.110,159.079,159.080
2026-08-19 08:35,159.082,159.109,159.067,159.086
2026-08-19 08:40,159.091,159.098,159.054,159.070
2026-08-19 08:45,159.067,159.098,159.065,159.070
2026-08-19 08:50,159.071,159.148,159.071,159.136
2026-08-19 08:55,159.131,159.172,159.127,159.162
2026-08-19 09:00,159.162,159.217,159.156,159.164
2026-08-19 09:05,159.164,159.200,159.155,159.192
2026-08-19 09:10,159.188,159.234,159.188,159.225
2026-08-19 09:15,159.232,159.266,159.204,159.205
2026-08-19 09:20,159.211,159.221,159.155,159.178
2026-08-19 09:25,159.178,159.210,159.166,159.178
2026-08-19 09:30,159.178,159.184,159.094,159.114
2026-08-19 09:35,159.114,159.155,159.103,159.144
2026-08-19 09:40,159.139,159.147,159.117,159.122
2026-08-19 09:45,159.122,159.136,159.096,159.098
2026-08-19 09:50,159.097,159.112,159.065,159.101
2026-08-19 09:55,159.098,159.124,159.074,159.084
2026-08-19 10:00,159.084,159.097,159.051,159.076
2026-08-19 10:05,159.069,159.111,159.066,159.089
2026-08-19 10:10,159.089,159.096,159.013,159.050
2026-08-19 10:15,159.045,159.058,159.022,159.024
2026-08-19 10:20,159.028,159.052,158.994,159.025
2026-08-19 10:25,159.029,159.067,159.016,159.053
2026-08-19 10:30,159.053,159.081,159.022,159.044
2026-08-19 10:35,159.051,159.091,159.044,159.081
2026-08-19 10:40,159.079,159.084,159.045,159.056
2026-08-19 10:45,159.063,159.069,159.032,159.042
2026-08-19 10:50,159.041,159.081,159.041,159.068
2026-08-19 10:55,159.068,159.111,159.068,159.095
2026-08-19 11:00,159.093,159.123,159.081,159.093
2026-08-19 11:05,159.093,159.159,159.093,159.144
2026-08-19 11:10,159.144,159.160,159.116,159.122
2026-08-19 11:15,159.122,159.128,159.084,159.087
2026-08-19 11:20,159.087,159.122,159.087,159.107
2026-08-19 11:25,159.104,159.117,159.092,159.107
2026-08-19 11:30,159.107,159.127,159.097,159.098
2026-08-19 11:35,159.097,159.159,159.092,159.145
2026-08-19 11:40,159.140,159.187,159.139,159.158
2026-08-19 11:45,159.164,159.166,159.096,159.107
2026-08-19 11:50,159.109,159.137,159.100,159.117
2026-08-19 11:55,159.117,159.145,159.108,159.134
2026-08-19 12:00,159.142,159.154,159.084,159.099
2026-08-19 12:05,159.106,159.106,159.068,159.088
2026-08-19 12:10,159.087,159.113,159.080,159.110
2026-08-19 12:15,159.103,159.112,159.042,159.053
2026-08-19 12:20,159.043,159.063,158.923,158.986
2026-08-19 12:25,158.986,159.058,158.969,159.033
2026-08-19 12:30,159.032,159.038,158.671,158.706
2026-08-19 12:35,158.704,158.798,158.154,158.279
2026-08-19 12:40,158.272,158.575,158.247,158.444
2026-08-19 12:45,158.475,158.598,158.362,158.488
2026-08-19 12:50,158.482,158.594,158.437,158.463
2026-08-19 12:55,158.472,158.600,158.428,158.600
2026-08-19 13:00,158.587,158.601,158.449,158.498
2026-08-19 13:05,158.496,158.541,158.405,158.405
2026-08-19 13:10,158.402,158.437,158.313,158.382
2026-08-19 13:15,158.373,158.447,158.347,158.397
2026-08-19 13:20,158.389,158.473,158.354,158.463
2026-08-19 13:25,158.475,158.536,158.404,158.416
2026-08-19 13:30,158.408,158.438,158.354,158.421
2026-08-19 13:35,158.421,158.527,158.389,158.409
2026-08-19 13:40,158.402,158.510,158.382,158.472
2026-08-19 13:45,158.473,158.534,158.407,158.451
2026-08-19 13:50,158.450,158.527,158.431,158.462
2026-08-19 13:55,158.455,158.519,158.389,158.432
2026-08-19 14:00,158.434,158.469,158.372,158.411
2026-08-19 14:05,158.411,158.452,158.385,158.403
2026-08-19 14:10,158.411,158.413,158.256,158.303
2026-08-19 14:15,158.300,158.320,158.238,158.288
2026-08-19 14:20,158.291,158.359,158.259,158.325
2026-08-19 14:25,158.327,158.337,158.266,158.280
2026-08-19 14:30,158.274,158.285,158.073,158.145
2026-08-19 14:35,158.137,158.152,158.038,158.049
2026-08-19 14:40,158.055,158.166,158.047,158.144
2026-08-19 14:45,158.147,158.284,158.139,158.274
2026-08-19 14:50,158.281,158.356,158.266,158.337
2026-08-19 14:55,158.337,158.385,158.288,158.344
2026-08-19 15:00,158.348,158.461,158.342,158.422
2026-08-19 15:05,158.427,158.470,158.390,158.469
2026-08-19 15:10,158.463,158.491,158.395,158.395
2026-08-19 15:15,158.394,158.431,158.350,158.408
2026-08-19 15:20,158.404,158.497,158.387,158.492
2026-08-19 15:25,158.486,158.525,158.464,158.495
2026-08-19 15:30,158.490,158.523,158.435,158.445
2026-08-19 15:35,158.444,158.454,158.400,158.440
2026-08-19 15:40,158.444,158.478,158.385,158.397
2026-08-19 15:45,158.397,158.454,158.376,158.431
2026-08-19 15:50,158.431,158.488,158.431,158.461
2026-08-19 15:55,158.466,158.494,158.449,158.453
2026-08-19 16:00,158.450,158.488,158.417,158.421
2026-08-19 16:05,158.420,158.501,158.408,158.414
2026-08-19 16:10,158.415,158.440,158.389,158.407
2026-08-19 16:15,158.412,158.447,158.393,158.439
2026-08-19 16:20,158.439,158.450,158.389,158.402
2026-08-19 16:25,158.402,158.436,158.371,158.419
2026-08-19 16:30,158.411,158.426,158.384,158.389
2026-08-19 16:35,158.389,158.418,158.387,158.401
2026-08-19 16:40,158.405,158.428,158.374,158.394
2026-08-19 16:45,158.393,158.401,158.344,158.367
2026-08-19 16:50,158.370,158.370,158.318,158.344
2026-08-19 16:55,158.345,158.392,158.310,158.385
2026-08-19 17:00,158.380,158.422,158.318,158.407
2026-08-19 17:05,158.409,158.480,158.404,158.456
2026-08-19 17:10,158.455,158.510,158.449,158.477
2026-08-19 17:15,158.477,158.519,158.446,158.455
2026-08-19 17:20,158.449,158.482,158.443,158.468
2026-08-19 17:25,158.468,158.514,158.467,158.498
2026-08-19 17:30,158.492,158.529,158.486,158.508
2026-08-19 17:35,158.503,158.557,158.502,158.553
2026-08-19 17:40,158.547,158.556,158.506,158.538
2026-08-19 17:45,158.542,158.580,158.536,158.579
2026-08-19 17:50,158.574,158.614,158.557,158.602
2026-08-19 17:55,158.599,158.612,158.571,158.582
2026-08-19 18:00,158.584,158.597,158.415,158.426
2026-08-19 18:05,158.418,158.490,158.381,158.399
2026-08-19 18:10,158.401,158.413,158.354,158.399
2026-08-19 18:15,158.392,158.447,158.390,158.408
2026-08-19 18:20,158.414,158.496,158.406,158.475
2026-08-19 18:25,158.476,158.501,158.474,158.491
2026-08-19 18:30,158.478,158.492,158.400,158.406
2026-08-19 18:35,158.406,158.414,158.337,158.357
2026-08-19 18:40,158.358,158.359,158.257,158.322
2026-08-19 18:45,158.321,158.337,158.280,158.287
2026-08-19 18:50,158.281,158.328,158.281,158.286
2026-08-19 18:55,158.287,158.322,158.262,158.319
2026-08-19 19:00,158.313,158.354,158.312,158.338
2026-08-19 19:05,158.340,158.368,158.271,158.280
2026-08-19 19:10,158.280,158.307,158.262,158.294
2026-08-19 19:15,158.300,158.303,158.247,158.255
2026-08-19 19:20,158.257,158.279,158.233,158.235
2026-08-19 19:25,158.238,158.247,158.130,158.146
2026-08-19 19:30,158.154,158.184,158.132,158.168
2026-08-19 19:35,158.164,158.270,158.164,158.220
2026-08-19 19:40,158.222,158.258,158.196,158.257
2026-08-19 19:45,158.249,158.288,158.244,158.263
2026-08-19 19:50,158.261,158.272,158.189,158.190
2026-08-19 19:55,158.189,158.214,158.093,158.139
2026-08-19 20:00,158.145,158.147,158.085,158.116
2026-08-19 20:05,158.112,158.159,158.112,158.132
2026-08-19 20:10,158.135,158.172,158.129,158.152
2026-08-19 20:15,158.157,158.187,158.152,158.180
2026-08-19 20:20,158.174,158.185,158.164,158.173
2026-08-19 20:25,158.170,158.220,158.170,158.206
2026-08-19 20:30,158.207,158.223,158.188,158.191
2026-08-19 20:35,158.194,158.198,158.162,158.173
2026-08-19 20:40,158.165,158.189,158.132,158.155
2026-08-19 20:45,158.156,158.160,158.133,158.145
2026-08-19 20:50,158.144,158.161,158.133,158.153
2026-08-19 20:55,158.154,158.174,158.130,158.144
2026-08-19 21:00,158.122,158.122,158.057,158.111
2026-08-19 21:05,158.108,158.113,158.072,158.113
2026-08-19 21:10,158.091,158.113,158.080,158.094
2026-08-19 21:15,158.094,158.135,158.082,158.089
2026-08-19 21:20,158.089,158.102,158.079,158.088
2026-08-19 21:25,158.087,158.113,158.085,158.097
2026-08-19 21:30,158.097,158.118,158.083,158.096
2026-08-19 21:35,158.096,158.119,158.085,158.100
2026-08-19 21:40,158.094,158.123,158.084,158.103
2026-08-19 21:45,158.103,158.123,158.094,158.111
2026-08-19 21:50,158.092,158.111,158.089,158.098
2026-08-19 21:55,158.110,158.145,158.070,158.100
2026-08-19 22:00,158.095,158.111,158.015,158.028
2026-08-19 22:05,158.036,158.074,158.012,158.055
2026-08-19 22:10,158.069,158.084,158.043,158.055
2026-08-19 22:15,158.063,158.076,158.033,158.068
2026-08-19 22:20,158.064,158.076,158.040,158.060
2026-08-19 22:25,158.048,158.076,158.048,158.064
2026-08-19 22:30,158.064,158.105,158.060,158.086
2026-08-19 22:35,158.093,158.118,158.083,158.107
2026-08-19 22:40,158.107,158.139,158.100,158.120
2026-08-19 22:45,158.129,158.148,158.113,158.146
2026-08-19 22:50,158.134,158.197,158.134,158.188
2026-08-19 22:55,158.190,158.196,158.161,158.172
2026-08-19 23:00,158.181,158.236,158.181,158.202
2026-08-19 23:05,158.212,158.212,158.176,158.199
2026-08-19 23:10,158.206,158.234,158.196,158.216
2026-08-19 23:15,158.209,158.231,158.203,158.204
2026-08-19 23:20,158.204,158.217,158.193,158.206
2026-08-19 23:25,158.216,158.238,158.204,158.235
2026-08-19 23:30,158.225,158.253,158.214,158.253
2026-08-19 23:35,158.250,158.264,158.209,158.214
2026-08-19 23:40,158.223,158.260,158.213,158.250
2026-08-19 23:45,158.250,158.270,158.242,158.254
2026-08-19 23:50,158.254,158.265,158.229,158.240
2026-08-19 23:55,158.245,158.281,158.236,158.259
2026-08-20 00:00,158.255,158.283,158.155,158.190
2026-08-20 00:05,158.194,158.351,158.192,158.336
2026-08-20 00:10,158.336,158.378,158.316,158.331
2026-08-20 00:15,158.327,158.332,158.254,158.292
2026-08-20 00:20,158.298,158.362,158.291,158.345
2026-08-20 00:25,158.344,158.366,158.323,158.342
2026-08-20 00:30,158.334,158.343,158.278,158.316
2026-08-20 00:35,158.316,158.343,158.295,158.338
2026-08-20 00:40,158.331,158.369,158.328,158.369
2026-08-20 00:45,158.363,158.403,158.356,158.394
2026-08-20 00:50,158.391,158.439,158.385,158.405
2026-08-20 00:55,158.406,158.419,158.351,158.404
2026-08-20 01:00,158.399,158.482,158.391,158.454
2026-08-20 01:05,158.454,158.491,158.444,158.449
2026-08-20 01:10,158.458,158.515,158.444,158.461
2026-08-20 01:15,158.461,158.494,158.413,158.425
2026-08-20 01:20,158.418,158.433,158.386,158.397
2026-08-20 01:25,158.389,158.425,158.362,158.374
2026-08-20 01:30,158.376,158.420,158.320,158.366
2026-08-20 01:35,158.368,158.417,158.355,158.399
2026-08-20 01:40,158.399,158.487,158.399,158.479
2026-08-20 01:45,158.479,158.562,158.469,158.558
2026-08-20 01:50,158.551,158.568,158.509,158.524
2026-08-20 01:55,158.525,158.561,158.494,158.530
2026-08-20 02:00,158.524,158.537,158.298,158.469
2026-08-20 02:05,158.459,158.508,158.405,158.499
2026-08-20 02:10,158.499,158.538,158.466,158.487
2026-08-20 02:15,158.488,158.506,158.459,158.489
2026-08-20 02:20,158.492,158.517,158.448,158.464
2026-08-20 02:25,158.463,158.485,158.434,158.447
2026-08-20 02:30,158.448,158.456,158.407,158.421
2026-08-20 02:35,158.421,158.452,158.408,158.425
2026-08-20 02:40,158.425,158.436,158.384,158.426
2026-08-20 02:45,158.430,158.442,158.404,158.433
2026-08-20 02:50,158.433,158.466,158.428,158.449
2026-08-20 02:55,158.447,158.471,158.433,158.439
2026-08-20 03:00,158.438,158.456,158.420,158.442
2026-08-20 03:05,158.442,158.491,158.441,158.472
2026-08-20 03:10,158.467,158.475,158.383,158.396
2026-08-20 03:15,158.389,158.434,158.389,158.401
2026-08-20 03:20,158.409,158.412,158.372,158.376
2026-08-20 03:25,158.383,158.441,158.370,158.430
2026-08-20 03:30,158.425,158.451,158.415,158.449
2026-08-20 03:35,158.448,158.477,158.446,158.460
2026-08-20 03:40,158.454,158.471,158.441,158.444
2026-08-20 03:45,158.444,158.453,158.434,158.438
2026-08-20 03:50,158.438,158.468,158.407,158.407
2026-08-20 03:55,158.414,158.442,158.408,158.430
2026-08-20 04:00,158.428,158.439,158.415,158.429
2026-08-20 04:05,158.432,158.450,158.422,158.424
2026-08-20 04:10,158.427,158.450,158.411,158.428
2026-08-20 04:15,158.436,158.471,158.424,158.461
2026-08-20 04:20,158.460,158.471,158.447,158.459
2026-08-20 04:25,158.460,158.478,158.440,158.465
2026-08-20 04:30,158.468,158.498,158.459,158.496
2026-08-20 04:35,158.489,158.525,158.489,158.515
2026-08-20 04:40,158.515,158.537,158.510,158.536
2026-08-20 04:45,158.537,158.564,158.532,158.546
2026-08-20 04:50,158.546,158.615,158.524,158.595
2026-08-20 04:55,158.598,158.634,158.461,158.564
2026-08-20 05:00,158.567,158.583,158.528,158.546
2026-08-20 05:05,158.547,158.584,158.546,158.577
2026-08-20 05:10,158.578,158.614,158.565,158.574
2026-08-20 05:15,158.575,158.612,158.569,158.581
2026-08-20 05:20,158.580,158.619,158.571,158.611
2026-08-20 05:25,158.612,158.680,158.611,158.675
2026-08-20 05:30,158.672,158.710,158.643,158.688
2026-08-20 05:35,158.690,158.710,158.677,158.693
2026-08-20 05:40,158.689,158.731,158.679,158.714
2026-08-20 05:45,158.718,158.728,158.675,158.680
2026-08-20 05:50,158.679,158.703,158.657,158.668
2026-08-20 05:55,158.668,158.676,158.603,158.629
2026-08-20 06:00,158.630,158.655,158.605,158.635
2026-08-20 06:05,158.635,158.659,158.606,158.614
2026-08-20 06:10,158.610,158.616,158.524,158.549
2026-08-20 06:15,158.550,158.572,158.502,158.504
2026-08-20 06:20,158.504,158.535,158.455,158.477
2026-08-20 06:25,158.477,158.537,158.477,158.502
2026-08-20 06:30,158.503,158.547,158.485,158.520
2026-08-20 06:35,158.521,158.531,158.457,158.476
2026-08-20 06:40,158.476,158.502,158.464,158.473
2026-08-20 06:45,158.471,158.479,158.400,158.465
2026-08-20 06:50,158.459,158.481,158.444,158.448
2026-08-20 06:55,158.444,158.452,158.353,158.360
2026-08-20 07:00,158.359,158.426,158.329,158.402
2026-08-20 07:05,158.402,158.418,158.320,158.395
2026-08-20 07:10,158.398,158.407,158.354,158.392
2026-08-20 07:15,158.385,158.443,158.384,158.408
2026-08-20 07:20,158.414,158.501,158.402,158.489
2026-08-20 07:25,158.489,158.546,158.481,158.521
2026-08-20 07:30,158.522,158.543,158.449,158.449
2026-08-20 07:35,158.450,158.481,158.429,158.466
2026-08-20 07:40,158.472,158.472,158.395,158.456
2026-08-20 07:45,158.456,158.506,158.439,158.490
2026-08-20 07:50,158.492,158.501,158.450,158.472
2026-08-20 07:55,158.466,158.474,158.420,158.435
2026-08-20 08:00,158.437,158.489,158.429,158.443
2026-08-20 08:05,158.441,158.480,158.412,158.423
2026-08-20 08:10,158.428,158.435,158.389,158.399
2026-08-20 08:15,158.394,158.432,158.369,158.421
2026-08-20 08:20,158.422,158.433,158.395,158.410
2026-08-20 08:25,158.410,158.495,158.389,158.487
2026-08-20 08:30,158.486,158.520,158.464,158.472
2026-08-20 08:35,158.467,158.493,158.434,158.463
2026-08-20 08:40,158.463,158.506,158.453,158.491
2026-08-20 08:45,158.489,158.518,158.477,158.508
2026-08-20 08:50,158.515,158.535,158.491,158.505
2026-08-20 08:55,158.505,158.535,158.488,158.489
2026-08-20 09:00,158.490,158.496,158.447,158.468
2026-08-20 09:05,158.468,158.495,158.434,158.444
2026-08-20 09:10,158.445,158.447,158.377,158.404
2026-08-20 09:15,158.404,158.412,158.268,158.285
2026-08-20 09:20,158.284,158.291,158.196,158.259
2026-08-20 09:25,158.259,158.308,158.230,158.291
2026-08-20 09:30,158.302,158.307,158.248,158.288
2026-08-20 09:35,158.289,158.351,158.283,158.340
2026-08-20 09:40,158.339,158.362,158.281,158.302
2026-08-20 09:45,158.303,158.362,158.303,158.341
2026-08-20 09:50,158.346,158.354,158.299,158.337
2026-08-20 09:55,158.342,158.380,158.329,158.335
2026-08-20 10:00,158.339,158.377,158.310,158.335
2026-08-20 10:05,158.329,158.334,158.256,158.256
2026-08-20 10:10,158.255,158.284,158.234,158.278
2026-08-20 10:15,158.278,158.284,158.248,158.265
2026-08-20 10:20,158.265,158.321,158.264,158.300
2026-08-20 10:25,158.296,158.305,158.257,158.263
2026-08-20 10:30,158.264,158.310,158.260,158.280
2026-08-20 10:35,158.279,158.312,158.262,158.304
2026-08-20 10:40,158.298,158.366,158.294,158.365
2026-08-20 10:45,158.358,158.421,158.358,158.414
2026-08-20 10:50,158.419,158.484,158.412,158.471
2026-08-20 10:55,158.471,158.522,158.452,158.467
2026-08-20 11:00,158.467,158.554,158.467,158.545
2026-08-20 11:05,158.544,158.597,158.538,158.567
2026-08-20 11:10,158.567,158.613,158.557,158.611
2026-08-20 11:15,158.603,158.640,158.603,158.614
2026-08-20 11:20,158.607,158.617,158.544,158.565
2026-08-20 11:25,158.557,158.577,158.519,158.574
2026-08-20 11:30,158.571,158.592,158.530,158.536
2026-08-20 11:35,158.544,158.575,158.536,158.542
2026-08-20 11:40,158.548,158.644,158.535,158.632
2026-08-20 11:45,158.638,158.693,158.626,158.653
2026-08-20 11:50,158.649,158.711,158.646,158.677
2026-08-20 11:55,158.685,158.692,158.619,158.657
2026-08-20 12:00,158.660,158.747,158.639,158.720
2026-08-20 12:05,158.713,158.801,158.713,158.762
2026-08-20 12:10,158.761,158.767,158.706,158.724
2026-08-20 12:15,158.718,158.729,158.647,158.664
2026-08-20 12:20,158.673,158.696,158.626,158.668
2026-08-20 12:25,158.661,158.673,158.635,158.652
2026-08-20 12:30,158.660,158.779,158.612,158.774
2026-08-20 12:35,158.768,158.774,158.723,158.729
2026-08-20 12:40,158.729,158.737,158.639,158.639
2026-08-20 12:45,158.639,158.697,158.604,158.616
2026-08-20 12:50,158.611,158.668,158.593,158.656
2026-08-20 12:55,158.656,158.670,158.616,158.635
2026-08-20 13:00,158.638,158.646,158.547,158.568
2026-08-20 13:05,158.568,158.600,158.534,158.574
2026-08-20 13:10,158.572,158.642,158.546,158.630
2026-08-20 13:15,158.625,158.650,158.566,158.574
2026-08-20 13:20,158.567,158.616,158.557,158.607
2026-08-20 13:25,158.603,158.659,158.601,158.620
2026-08-20 13:30,158.629,158.723,158.592,158.698
2026-08-20 13:35,158.699,158.706,158.609,158.649
2026-08-20 13:40,158.649,158.693,158.647,158.681
2026-08-20 13:45,158.676,158.815,158.665,158.808
2026-08-20 13:50,158.813,158.813,158.741,158.751
2026-08-20 13:55,158.745,158.835,158.729,158.825
2026-08-20 14:00,158.820,158.876,158.778,158.864
2026-08-20 14:05,158.869,158.889,158.839,158.854
2026-08-20 14:10,158.854,158.877,158.819,158.858
2026-08-20 14:15,158.858,158.893,158.828,158.836
2026-08-20 14:20,158.836,158.843,158.736,158.766
2026-08-20 14:25,158.772,158.823,158.750,158.792
2026-08-20 14:30,158.790,158.814,158.769,158.772
2026-08-20 14:35,158.771,158.792,158.740,158.786
2026-08-20 14:40,158.786,158.802,158.747,158.747
2026-08-20 14:45,158.747,158.773,158.714,158.714
2026-08-20 14:50,158.716,158.771,158.708,158.752
2026-08-20 14:55,158.747,158.763,158.703,158.723
2026-08-20 15:00,158.721,158.740,158.572,158.654
2026-08-20 15:05,158.661,158.791,158.489,158.742
2026-08-20 15:10,158.742,158.823,158.723,158.742
2026-08-20 15:15,158.742,158.796,158.738,158.770
2026-08-20 15:20,158.764,158.851,158.739,158.816
2026-08-20 15:25,158.812,158.858,158.753,158.758
2026-08-20 15:30,158.760,158.835,158.749,158.829
2026-08-20 15:35,158.833,158.909,158.821,158.885
2026-08-20 15:40,158.885,158.977,158.867,158.958
2026-08-20 15:45,158.961,158.968,158.897,158.919
2026-08-20 15:50,158.920,158.942,158.893,158.924
2026-08-20 15:55,158.916,158.929,158.843,158.848
2026-08-20 16:00,158.850,158.890,158.835,158.890
2026-08-20 16:05,158.884,158.922,158.877,158.907
2026-08-20 16:10,158.907,158.965,158.902,158.964
2026-08-20 16:15,158.959,158.982,158.953,158.957
2026-08-20 16:20,158.958,159.005,158.950,158.985
2026-08-20 16:25,158.979,159.098,158.977,159.071
2026-08-20 16:30,159.071,159.092,159.039,159.042
2026-08-20 16:35,159.040,159.071,159.014,159.056
2026-08-20 16:40,159.056,159.078,159.024,159.041
2026-08-20 16:45,159.047,159.057,158.989,158.989
2026-08-20 16:50,158.997,159.045,158.981,159.033
2026-08-20 16:55,159.033,159.043,158.988,158.994
2026-08-20 17:00,158.992,159.002,158.964,158.977
2026-08-20 17:05,158.972,159.011,158.964,158.997
2026-08-20 17:10,158.996,159.035,158.995,159.029
2026-08-20 17:15,159.024,159.046,159.002,159.037
2026-08-20 17:20,159.037,159.056,159.037,159.050
2026-08-20 17:25,159.050,159.057,159.023,159.025
2026-08-20 17:30,159.025,159.072,159.025,159.057
2026-08-20 17:35,159.057,159.081,159.048,159.069
2026-08-20 17:40,159.073,159.101,159.053,159.058
2026-08-20 17:45,159.060,159.072,159.048,159.056
2026-08-20 17:50,159.057,159.066,159.039,159.045
2026-08-20 17:55,159.044,159.086,159.044,159.047
2026-08-20 18:00,159.049,159.069,159.033,159.048
2026-08-20 18:05,159.043,159.085,159.031,159.077
2026-08-20 18:10,159.076,159.152,159.068,159.121
2026-08-20 18:15,159.121,159.170,159.120,159.129
2026-08-20 18:20,159.126,159.152,159.115,159.150
2026-08-20 18:25,159.144,159.175,159.120,159.166
2026-08-20 18:30,159.161,159.171,159.125,159.136
2026-08-20 18:35,159.134,159.144,159.117,159.135
2026-08-20 18:40,159.135,159.145,159.115,159.137
2026-08-20 18:45,159.137,159.160,159.136,159.150
2026-08-20 18:50,159.150,159.158,159.102,159.118
2026-08-20 18:55,159.112,159.155,159.104,159.141
2026-08-20 19:00,159.135,159.179,159.135,159.152
2026-08-20 19:05,159.156,159.162,159.139,159.147
2026-08-20 19:10,159.145,159.156,159.120,159.128
2026-08-20 19:15,159.123,159.138,159.113,159.124
2026-08-20 19:20,159.128,159.131,159.100,159.109
2026-08-20 19:25,159.115,159.144,159.105,159.138
2026-08-20 19:30,159.138,159.152,159.109,159.122
2026-08-20 19:35,159.122,159.130,159.099,159.112
2026-08-20 19:40,159.108,159.137,159.105,159.133
2026-08-20 19:45,159.134,159.144,159.123,159.125
2026-08-20 19:50,159.129,159.135,159.112,159.115
2026-08-20 19:55,159.115,159.137,159.107,159.112
2026-08-20 20:00,159.112,159.121,159.096,159.104
2026-08-20 20:05,159.100,159.123,159.098,159.115
2026-08-20 20:10,159.112,159.116,159.096,159.115
2026-08-20 20:15,159.116,159.121,159.109,159.112
2026-08-20 20:20,159.112,159.141,159.111,159.134
2026-08-20 20:25,159.134,159.141,159.117,159.119
2026-08-20 20:30,159.119,159.125,159.092,159.096
2026-08-20 20:35,159.096,159.102,159.083,159.083
2026-08-20 20:40,159.086,159.092,159.069,159.075
2026-08-20 20:45,159.075,159.084,159.055,159.067
2026-08-20 20:50,159.061,159.091,159.061,159.069
2026-08-20 20:55,159.069,159.081,159.013,159.016
2026-08-20 21:00,159.012,159.012,158.982,159.012
2026-08-20 21:05,159.014,159.073,158.998,159.043
2026-08-20 21:10,159.043,159.067,159.023,159.048
2026-08-20 21:15,159.060,159.075,159.011,159.032
2026-08-20 21:20,159.034,159.042,159.009,159.026
2026-08-20 21:25,159.036,159.041,159.023,159.038
2026-08-20 21:30,159.034,159.045,158.987,159.040
2026-08-20 21:35,159.047,159.050,158.987,159.047
2026-08-20 21:40,159.032,159.077,159.015,159.057
2026-08-20 21:45,159.032,159.059,159.024,159.046
2026-08-20 21:50,159.048,159.059,159.026,159.046
2026-08-20 21:55,159.031,159.055,158.987,159.020
2026-08-20 22:00,159.026,159.079,159.012,159.024
2026-08-20 22:05,159.024,159.043,159.015,159.026
2026-08-20 22:10,159.032,159.035,159.010,159.013
2026-08-20 22:15,159.013,159.035,159.013,159.030
2026-08-20 22:20,159.029,159.032,158.996,158.996
2026-08-20 22:25,158.996,159.009,158.945,158.972
2026-08-20 22:30,158.973,159.012,158.972,158.997
2026-08-20 22:35,159.002,159.010,158.985,158.986
2026-08-20 22:40,158.987,159.004,158.971,158.990
2026-08-20 22:45,158.998,159.004,158.971,158.986
2026-08-20 22:50,158.976,158.986,158.934,158.963
2026-08-20 22:55,158.958,158.975,158.949,158.955
2026-08-20 23:00,158.951,158.961,158.913,158.919
2026-08-20 23:05,158.919,158.949,158.919,158.929
2026-08-20 23:10,158.929,158.940,158.894,158.905
2026-08-20 23:15,158.901,158.912,158.875,158.892
2026-08-20 23:20,158.884,158.897,158.882,158.888
2026-08-20 23:25,158.883,158.914,158.869,158.899
2026-08-20 23:30,158.901,158.943,158.867,158.930
2026-08-20 23:35,158.931,158.947,158.921,158.928
2026-08-20 23:40,158.931,158.937,158.879,158.903
2026-08-20 23:45,158.905,158.922,158.864,158.882
2026-08-20 23:50,158.879,158.930,158.874,158.919
2026-08-20 23:55,158.919,158.927,158.889,158.890
2026-08-21 00:00,158.893,158.986,158.864,158.958
2026-08-21 00:05,158.959,159.022,158.949,158.999
2026-08-21 00:10,159.005,159.015,158.949,158.961
2026-08-21 00:15,158.962,158.997,158.909,158.924
2026-08-21 00:20,158.923,158.970,158.904,158.965
2026-08-21 00:25,158.965,159.024,158.949,158.992
2026-08-21 00:30,158.996,159.079,158.991,159.062
2026-08-21 00:35,159.067,159.091,159.034,159.074
2026-08-21 00:40,159.074,159.100,159.058,159.080
2026-08-21 00:45,159.088,159.129,159.074,159.109
2026-08-21 00:50,159.111,159.120,159.048,159.074
2026-08-21 00:55,159.074,159.116,159.048,159.097
2026-08-21 01:00,159.089,159.134,159.056,159.104
2026-08-21 01:05,159.096,159.130,159.079,159.100
2026-08-21 01:10,159.112,159.124,159.058,159.069
2026-08-21 01:15,159.069,159.088,159.018,159.048
2026-08-21 01:20,159.044,159.058,158.964,158.976
2026-08-21 01:25,158.976,158.987,158.944,158.975
2026-08-21 01:30,158.975,158.976,158.916,158.930
2026-08-21 01:35,158.933,158.962,158.901,158.952
2026-08-21 01:40,158.956,158.996,158.952,158.996
2026-08-21 01:45,158.989,158.998,158.944,158.947
2026-08-21 01:50,158.947,159.002,158.944,158.986
2026-08-21 01:55,158.982,158.988,158.941,158.945
2026-08-21 02:00,158.949,158.986,158.918,158.985
2026-08-21 02:05,158.980,159.021,158.967,158.993
2026-08-21 02:10,158.986,159.001,158.962,158.971
2026-08-21 02:15,158.971,159.013,158.971,159.004
2026-08-21 02:20,158.996,159.024,158.936,158.958
2026-08-21 02:25,158.968,158.994,158.945,158.994
2026-08-21 02:30,158.987,158.993,158.943,158.947
2026-08-21 02:35,158.944,158.954,158.910,158.914
2026-08-21 02:40,158.920,158.948,158.888,158.932
2026-08-21 02:45,158.926,158.932,158.872,158.889
2026-08-21 02:50,158.897,158.940,158.879,158.936
2026-08-21 02:55,158.937,158.971,158.928,158.965
2026-08-21 03:00,158.962,158.989,158.941,158.985
2026-08-21 03:05,158.989,158.991,158.949,158.959
2026-08-21 03:10,158.963,158.975,158.944,158.959
2026-08-21 03:15,158.952,158.968,158.933,158.955
2026-08-21 03:20,158.955,158.985,158.949,158.983
2026-08-21 03:25,158.976,159.006,158.968,159.000
2026-08-21 03:30,158.998,159.060,158.994,159.043
2026-08-21 03:35,159.043,159.088,159.041,159.054
2026-08-21 03:40,159.052,159.069,159.036,159.036
2026-08-21 03:45,159.036,159.070,159.036,159.053
2026-08-21 03:50,159.051,159.070,159.014,159.017
2026-08-21 03:55,159.015,159.022,158.984,158.993
2026-08-21 04:00,158.994,159.012,158.953,158.969
2026-08-21 04:05,158.960,158.994,158.947,158.984
2026-08-21 04:10,158.979,158.997,158.967,158.976
2026-08-21 04:15,158.983,158.996,158.965,158.966
2026-08-21 04:20,158.970,159.012,158.966,159.006
2026-08-21 04:25,159.004,159.030,159.001,159.008
2026-08-21 04:30,159.007,159.031,159.005,159.014
2026-08-21 04:35,159.013,159.051,159.013,159.029
2026-08-21 04:40,159.035,159.064,159.026,159.033
2026-08-21 04:45,159.027,159.056,159.022,159.053
2026-08-21 04:50,159.047,159.054,159.027,159.037
2026-08-21 04:55,159.032,159.038,158.984,158.997
2026-08-21 05:00,158.997,159.030,158.995,159.001
2026-08-21 05:05,158.998,159.015,158.987,159.005
2026-08-21 05:10,159.002,159.017,158.986,159.013
2026-08-21 05:15,159.009,159.021,158.997,159.014
2026-08-21 05:20,159.018,159.031,159.010,159.014
2026-08-21 05:25,159.014,159.029,159.001,159.017
2026-08-21 05:30,159.018,159.018,158.960,158.961
2026-08-21 05:35,158.961,158.970,158.886,158.922
2026-08-21 05:40,158.911,158.943,158.847,158.847
2026-08-21 05:45,158.856,158.897,158.824,158.827
2026-08-21 05:50,158.834,158.856,158.810,158.848
2026-08-21 05:55,158.845,158.859,158.816,158.830
2026-08-21 06:00,158.830,158.888,158.785,158.869
2026-08-21 06:05,158.869,158.905,158.858,158.875
2026-08-21 06:10,158.869,158.916,158.867,158.903
2026-08-21 06:15,158.899,158.938,158.875,158.933
2026-08-21 06:20,158.931,158.968,158.921,158.954
2026-08-21 06:25,158.960,158.980,158.948,158.977
2026-08-21 06:30,158.974,158.988,158.900,158.903
2026-08-21 06:35,158.909,158.952,158.891,158.931
2026-08-21 06:40,158.939,158.963,158.918,158.927
2026-08-21 06:45,158.927,158.958,158.887,158.888
2026-08-21 06:50,158.888,158.908,158.871,158.896
2026-08-21 06:55,158.896,158.931,158.880,158.887
2026-08-21 07:00,158.889,158.919,158.826,158.852
2026-08-21 07:05,158.856,158.910,158.839,158.900
2026-08-21 07:10,158.899,158.933,158.883,158.886
2026-08-21 07:15,158.886,158.906,158.856,158.867
2026-08-21 07:20,158.865,158.918,158.864,158.890
2026-08-21 07:25,158.885,158.904,158.872,158.876
2026-08-21 07:30,158.884,158.892,158.808,158.826
2026-08-21 07:35,158.826,158.842,158.766,158.781
2026-08-21 07:40,158.775,158.846,158.758,158.842
2026-08-21 07:45,158.835,158.844,158.764,158.769
2026-08-21 07:50,158.768,158.845,158.729,158.818
2026-08-21 07:55,158.818,158.840,158.797,158.817
2026-08-21 08:00,158.817,158.838,158.766,158.797
2026-08-21 08:05,158.800,158.870,158.774,158.833
2026-08-21 08:10,158.833,158.842,158.804,158.810
2026-08-21 08:15,158.808,158.843,158.784,158.802
2026-08-21 08:20,158.807,158.843,158.791,158.797
2026-08-21 08:25,158.800,158.801,158.716,158.724
2026-08-21 08:30,158.724,158.750,158.684,158.684
2026-08-21 08:35,158.688,158.709,158.604,158.611
2026-08-21 08:40,158.606,158.625,158.551,158.569
2026-08-21 08:45,158.570,158.640,158.557,158.600
2026-08-21 08:50,158.600,158.607,158.546,158.570
2026-08-21 08:55,158.566,158.590,158.508,158.522
2026-08-21 09:00,158.528,158.557,158.461,158.477
2026-08-21 09:05,158.477,158.539,158.378,158.389
2026-08-21 09:10,158.398,158.439,158.347,158.415
2026-08-21 09:15,158.417,158.466,158.405,158.458
2026-08-21 09:20,158.456,158.483,158.417,158.459
2026-08-21 09:25,158.459,158.517,158.458,158.486
2026-08-21 09:30,158.486,158.520,158.442,158.454
2026-08-21 09:35,158.458,158.498,158.451,158.485
2026-08-21 09:40,158.479,158.550,158.478,158.534
2026-08-21 09:45,158.533,158.582,158.526,158.548
2026-08-21 09:50,158.549,158.596,158.548,158.568
2026-08-21 09:55,158.565,158.608,158.552,158.597
2026-08-21 10:00,158.603,158.619,158.567,158.604
2026-08-21 10:05,158.604,158.638,158.576,158.624
2026-08-21 10:10,158.629,158.648,158.615,158.637
2026-08-21 10:15,158.632,158.638,158.566,158.579
2026-08-21 10:20,158.579,158.608,158.573,158.574
2026-08-21 10:25,158.580,158.586,158.518,158.527
2026-08-21 10:30,158.533,158.575,158.527,158.568
2026-08-21 10:35,158.566,158.583,158.552,158.567
2026-08-21 10:40,158.574,158.612,158.574,158.590
2026-08-21 10:45,158.589,158.632,158.582,158.625
2026-08-21 10:50,158.625,158.719,158.625,158.706
2026-08-21 10:55,158.705,158.735,158.683,158.695
2026-08-21 11:00,158.698,158.708,158.676,158.690
2026-08-21 11:05,158.690,158.768,158.686,158.729
2026-08-21 11:10,158.731,158.742,158.704,158.728
2026-08-21 11:15,158.733,158.733,158.697,158.713
2026-08-21 11:20,158.712,158.728,158.587,158.615
2026-08-21 11:25,158.619,158.646,158.549,158.560
2026-08-21 11:30,158.554,158.671,158.547,158.644
2026-08-21 11:35,158.644,158.658,158.549,158.589
2026-08-21 11:40,158.596,158.663,158.587,158.624
2026-08-21 11:45,158.624,158.692,158.620,158.673
2026-08-21 11:50,158.672,158.710,158.666,158.694
2026-08-21 11:55,158.697,158.712,158.646,158.682
2026-08-21 12:00,158.682,158.709,158.618,158.697
2026-08-21 12:05,158.697,158.706,158.646,158.690
2026-08-21 12:10,158.687,158.717,158.685,158.714
2026-08-21 12:15,158.712,158.753,158.695,158.715
2026-08-21 12:20,158.711,158.739,158.662,158.680
2026-08-21 12:25,158.679,158.714,158.672,158.700
2026-08-21 12:30,158.700,158.769,158.699,158.744
2026-08-21 12:35,158.749,158.835,158.738,158.827
2026-08-21 12:40,158.832,158.846,158.742,158.769
2026-08-21 12:45,158.764,158.790,158.751,158.771
2026-08-21 12:50,158.764,158.812,158.762,158.766
2026-08-21 12:55,158.767,158.792,158.734,158.753
2026-08-21 13:00,158.747,158.792,158.716,158.777
2026-08-21 13:05,158.781,158.837,158.756,158.800
2026-08-21 13:10,158.798,158.819,158.769,158.779
2026-08-21 13:15,158.786,158.871,158.775,158.843
2026-08-21 13:20,158.840,158.869,158.807,158.849
2026-08-21 13:25,158.849,158.870,158.832,158.853
2026-08-21 13:30,158.858,158.887,158.834,158.871
2026-08-21 13:35,158.861,158.872,158.800,158.817
2026-08-21 13:40,158.823,158.846,158.804,158.826
2026-08-21 13:45,158.817,158.896,158.814,158.854
2026-08-21 13:50,158.854,158.863,158.764,158.770
2026-08-21 13:55,158.769,158.803,158.750,158.770
2026-08-21 14:00,158.773,158.845,158.763,158.825
2026-08-21 14:05,158.825,158.882,158.803,158.862
2026-08-21 14:10,158.862,158.881,158.828,158.836
2026-08-21 14:15,158.836,158.855,158.814,158.847
2026-08-21 14:20,158.848,158.893,158.847,158.874
2026-08-21 14:25,158.867,158.892,158.848,158.882
2026-08-21 14:30,158.881,158.967,158.881,158.961
2026-08-21 14:35,158.967,159.008,158.952,158.971
2026-08-21 14:40,158.965,158.999,158.917,158.974
2026-08-21 14:45,158.972,158.979,158.927,158.942
2026-08-21 14:50,158.938,158.961,158.899,158.941
2026-08-21 14:55,158.936,159.004,158.929,158.952
2026-08-21 15:00,158.952,158.987,158.912,158.933
2026-08-21 15:05,158.932,158.985,158.918,158.977
2026-08-21 15:10,158.974,159.032,158.948,159.009
2026-08-21 15:15,159.016,159.040,158.989,158.997
2026-08-21 15:20,159.004,159.035,158.987,159.032
2026-08-21 15:25,159.027,159.034,158.949,158.976
2026-08-21 15:30,158.977,158.990,158.929,158.935
2026-08-21 15:35,158.929,158.973,158.904,158.939
2026-08-21 15:40,158.939,158.955,158.907,158.922
2026-08-21 15:45,158.915,158.957,158.912,158.950
2026-08-21 15:50,158.950,158.959,158.922,158.935
2026-08-21 15:55,158.935,158.949,158.897,158.916
2026-08-21 16:00,158.910,158.944,158.910,158.923
2026-08-21 16:05,158.923,158.981,158.917,158.967
2026-08-21 16:10,158.965,158.972,158.936,158.943
2026-08-21 16:15,158.943,158.971,158.937,158.964
2026-08-21 16:20,158.971,158.971,158.820,158.940
2026-08-21 16:25,158.935,158.970,158.914,158.948
2026-08-21 16:30,158.948,158.961,158.929,158.948
2026-08-21 16:35,158.949,158.958,158.927,158.936
2026-08-21 16:40,158.930,158.967,158.929,158.946
2026-08-21 16:45,158.950,158.955,158.926,158.930
2026-08-21 16:50,158.930,158.963,158.919,158.945
2026-08-21 16:55,158.943,158.969,158.939,158.959
2026-08-21 17:00,158.959,159.002,158.959,158.999
2026-08-21 17:05,158.993,159.036,158.991,159.012
2026-08-21 17:10,159.005,159.035,159.004,159.015
2026-08-21 17:15,159.020,159.044,159.001,159.016
2026-08-21 17:20,159.011,159.027,159.004,159.017
2026-08-21 17:25,159.017,159.034,158.957,158.989
2026-08-21 17:30,158.987,159.011,158.974,158.975
2026-08-21 17:35,158.975,159.000,158.965,158.990
2026-08-21 17:40,158.996,159.020,158.986,159.015
2026-08-21 17:45,159.014,159.037,159.009,159.027
2026-08-21 17:50,159.028,159.035,159.004,159.013
2026-08-21 17:55,159.013,159.025,159.004,159.016
2026-08-21 18:00,159.012,159.017,158.979,158.991
2026-08-21 18:05,158.988,159.012,158.986,159.002
2026-08-21 18:10,159.003,159.017,158.999,159.016
2026-08-21 18:15,159.011,159.024,159.003,159.005
2026-08-21 18:20,159.005,159.035,159.005,159.025
2026-08-21 18:25,159.028,159.028,159.001,159.016
2026-08-21 18:30,159.014,159.032,159.012,159.020
2026-08-21 18:35,159.022,159.037,159.002,159.014
2026-08-21 18:40,159.014,159.033,159.012,159.028
2026-08-21 18:45,159.024,159.033,159.012,159.032
2026-08-21 18:50,159.028,159.052,159.026,159.029
2026-08-21 18:55,159.033,159.047,159.013,159.014
2026-08-21 19:00,159.015,159.031,159.002,159.015
2026-08-21 19:05,159.014,159.023,159.010,159.015
2026-08-21 19:10,159.020,159.039,159.015,159.029
2026-08-21 19:15,159.033,159.042,159.022,159.024
2026-08-21 19:20,159.023,159.031,159.012,159.024
2026-08-21 19:25,159.024,159.041,159.023,159.036
2026-08-21 19:30,159.030,159.038,159.014,159.022
2026-08-21 19:35,159.023,159.029,158.990,158.990
2026-08-21 19:40,158.998,159.012,158.989,159.011
2026-08-21 19:45,159.011,159.012,158.955,158.955
2026-08-21 19:50,158.960,158.994,158.958,158.975
2026-08-21 19:55,158.975,159.008,158.975,158.995
2026-08-21 20:00,158.998,159.013,158.989,158.991
2026-08-21 20:05,158.997,159.012,158.983,158.984
2026-08-21 20:10,158.990,159.008,158.981,158.992
2026-08-21 20:15,158.991,158.993,158.965,158.992
2026-08-21 20:20,158.984,159.002,158.981,158.993
2026-08-21 20:25,158.992,159.016,158.981,159.004
2026-08-21 20:30,159.008,159.018,158.996,159.004
2026-08-21 20:35,158.998,159.008,158.994,159.002
2026-08-21 20:40,159.002,159.013,158.967,158.972
2026-08-21 20:45,158.968,158.992,158.968,158.971
2026-08-21 20:50,158.970,158.995,158.970,158.983
2026-08-21 20:55,158.972,158.993,158.862,158.862
2026-08-21 22:55,158.940,158.940,158.940,158.940
2026-08-23 23:00,158.963,158.982,158.935,158.954
2026-08-23 23:05,158.949,158.963,158.945,158.955
2026-08-23 23:10,158.949,158.960,158.940,158.956
2026-08-23 23:15,158.954,158.964,158.948,158.959
2026-08-23 23:20,158.953,158.971,158.949,158.970
2026-08-23 23:25,158.969,158.988,158.954,158.967
2026-08-23 23:30,158.963,158.986,158.960,158.978
2026-08-23 23:35,158.976,158.988,158.964,158.988
2026-08-23 23:40,158.978,159.003,158.977,158.981
2026-08-23 23:45,158.983,158.998,158.973,158.974
2026-08-23 23:50,158.975,158.985,158.925,158.930
2026-08-23 23:55,158.935,158.944,158.864,158.871
2026-08-24 00:00,158.870,158.887,158.844,158.871
2026-08-24 00:05,158.866,158.888,158.806,158.846
2026-08-24 00:10,158.846,158.864,158.805,158.838
2026-08-24 00:15,158.838,158.839,158.797,158.825
2026-08-24 00:20,158.821,158.826,158.726,158.748
2026-08-24 00:25,158.747,158.777,158.735,158.773
2026-08-24 00:30,158.766,158.790,158.727,158.734
2026-08-24 00:35,158.737,158.763,158.709,158.726
2026-08-24 00:40,158.734,158.763,158.723,158.746
2026-08-24 00:45,158.745,158.813,158.717,158.787
2026-08-24 00:50,158.789,158.810,158.736,158.746
2026-08-24 00:55,158.741,158.789,158.698,158.724
2026-08-24 01:00,158.724,158.789,158.711,158.782
2026-08-24 01:05,158.780,158.814,158.756,158.792
2026-08-24 01:10,158.787,158.847,158.780,158.844
2026-08-24 01:15,158.836,158.887,158.836,158.877
2026-08-24 01:20,158.878,158.922,158.855,158.860
2026-08-24 01:25,158.860,158.924,158.860,158.913
2026-08-24 01:30,158.917,158.953,158.910,158.917
2026-08-24 01:35,158.916,158.948,158.914,158.924
2026-08-24 01:40,158.924,158.933,158.880,158.888
2026-08-24 01:45,158.888,158.900,158.865,158.865
2026-08-24 01:50,158.865,158.886,158.846,158.855
2026-08-24 01:55,158.854,158.863,158.823,158.842
2026-08-24 02:00,158.836,158.856,158.812,158.830
2026-08-24 02:05,158.827,158.860,158.824,158.847
2026-08-24 02:10,158.847,158.863,158.830,158.830
2026-08-24 02:15,158.839,158.853,158.804,158.834
2026-08-24 02:20,158.834,158.847,158.825,158.825
2026-08-24 02:25,158.828,158.860,158.810,158.850
2026-08-24 02:30,158.858,158.906,158.847,158.904
2026-08-24 02:35,158.905,158.918,158.885,158.903
2026-08-24 02:40,158.901,158.918,158.886,158.888
2026-08-24 02:45,158.887,158.904,158.875,158.900
2026-08-24 02:50,158.894,158.915,158.867,158.874
2026-08-24 02:55,158.868,158.889,158.858,158.873
2026-08-24 03:00,158.873,158.916,158.872,158.904
2026-08-24 03:05,158.904,158.943,158.902,158.915
2026-08-24 03:10,158.917,158.936,158.905,158.920
2026-08-24 03:15,158.921,158.930,158.904,158.913
2026-08-24 03:20,158.908,158.937,158.892,158.893
2026-08-24 03:25,158.899,158.918,158.893,158.911
2026-08-24 03:30,158.914,158.921,158.905,158.911
2026-08-24 03:35,158.917,158.944,158.910,158.932
2026-08-24 03:40,158.929,158.947,158.920,158.939
2026-08-24 03:45,158.939,158.957,158.922,158.956
2026-08-24 03:50,158.950,158.970,158.925,158.925
2026-08-24 03:55,158.925,158.949,158.912,158.927
2026-08-24 04:00,158.927,158.949,158.907,158.942
2026-08-24 04:05,158.940,158.961,158.937,158.955
2026-08-24 04:10,158.956,158.963,158.808,158.908
2026-08-24 04:15,158.907,158.940,158.899,158.913
2026-08-24 04:20,158.915,158.922,158.889,158.901
2026-08-24 04:25,158.905,158.906,158.808,158.837
2026-08-24 04:30,158.837,158.862,158.824,158.841
2026-08-24 04:35,158.841,158.873,158.825,158.866
2026-08-24 04:40,158.865,158.877,158.850,158.867
2026-08-24 04:45,158.867,158.920,158.865,158.902
2026-08-24 04:50,158.898,158.908,158.861,158.862
2026-08-24 04:55,158.862,158.879,158.851,158.858
2026-08-24 05:00,158.859,158.916,158.851,158.881
2026-08-24 05:05,158.884,158.922,158.877,158.908
2026-08-24 05:10,158.906,158.936,158.897,158.919
2026-08-24 05:15,158.919,158.927,158.887,158.890
2026-08-24 05:20,158.890,158.932,158.889,158.930
2026-08-24 05:25,158.927,158.938,158.914,158.922
2026-08-24 05:30,158.925,158.945,158.919,158.928
2026-08-24 05:35,158.925,158.952,158.904,158.940
2026-08-24 05:40,158.944,158.976,158.940,158.969
2026-08-24 05:45,158.961,158.972,158.937,158.947
2026-08-24 05:50,158.949,158.957,158.916,158.935
2026-08-24 05:55,158.936,158.937,158.888,158.898
2026-08-24 06:00,158.898,158.920,158.873,158.880
2026-08-24 06:05,158.880,158.894,158.852,158.886
2026-08-24 06:10,158.883,158.910,158.872,158.879
2026-08-24 06:15,158.879,158.919,158.852,158.918
2026-08-24 06:20,158.912,158.956,158.902,158.944
2026-08-24 06:25,158.945,158.961,158.936,158.946
2026-08-24 06:30,158.940,158.961,158.930,158.949
2026-08-24 06:35,158.952,158.981,158.943,158.965
2026-08-24 06:40,158.965,158.981,158.950,158.951
2026-08-24 06:45,158.950,158.980,158.940,158.961
2026-08-24 06:50,158.966,158.966,158.926,158.961
2026-08-24 06:55,158.955,159.032,158.955,159.031
2026-08-24 07:00,159.027,159.041,158.979,158.993
2026-08-24 07:05,158.992,159.093,158.984,159.078
2026-08-24 07:10,159.084,159.112,159.050,159.085
2026-08-24 07:15,159.080,159.135,159.076,159.101
2026-08-24 07:20,159.101,159.107,159.075,159.104
2026-08-24 07:25,159.102,159.149,159.102,159.127
2026-08-24 07:30,159.127,159.146,159.087,159.088
2026-08-24 07:35,159.093,159.121,159.085,159.112
2026-08-24 07:40,159.112,159.187,159.104,159.160
2026-08-24 07:45,159.166,159.184,159.127,159.156
2026-08-24 07:50,159.152,159.166,159.130,159.145
2026-08-24 07:55,159.145,159.162,159.120,159.158
2026-08-24 08:00,159.155,159.214,159.151,159.194
2026-08-24 08:05,159.195,159.216,159.144,159.197
2026-08-24 08:10,159.203,159.239,159.190,159.232
2026-08-24 08:15,159.227,159.248,159.221,159.230
2026-08-24 08:20,159.230,159.243,159.224,159.230
2026-08-24 08:25,159.231,159.271,159.230,159.265
2026-08-24 08:30,159.265,159.282,159.256,159.272
2026-08-24 08:35,159.275,159.279,159.240,159.240
2026-08-24 08:40,159.240,159.248,159.205,159.214
2026-08-24 08:45,159.215,159.223,159.164,159.174
2026-08-24 08:50,159.175,159.193,159.154,159.162
2026-08-24 08:55,159.162,159.197,159.152,159.189
2026-08-24 09:00,159.192,159.197,159.145,159.163
2026-08-24 09:05,159.162,159.203,159.155,159.186
2026-08-24 09:10,159.186,159.205,159.171,159.176
2026-08-24 09:15,159.173,159.200,159.161,159.190
2026-08-24 09:20,159.190,159.223,159.186,159.210
2026-08-24 09:25,159.210,159.234,159.187,159.195
2026-08-24 09:30,159.194,159.196,159.155,159.174
2026-08-24 09:35,159.167,159.190,159.167,159.172
2026-08-24 09:40,159.175,159.207,159.170,159.203
2026-08-24 09:45,159.202,159.225,159.181,159.197
2026-08-24 09:50,159.198,159.209,159.183,159.189
2026-08-24 09:55,159.183,159.216,159.170,159.198
2026-08-24 10:00,159.205,159.215,159.185,159.201
2026-08-24 10:05,159.196,159.210,159.180,159.200
2026-08-24 10:10,159.198,159.209,159.167,159.181
2026-08-24 10:15,159.181,159.188,159.133,159.150
2026-08-24 10:20,159.146,159.163,159.118,159.156
2026-08-24 10:25,159.156,159.169,159.133,159.169
2026-08-24 10:30,159.170,159.170,159.116,159.116
2026-08-24 10:35,159.117,159.141,159.115,159.131
2026-08-24 10:40,159.125,159.170,159.118,159.168
2026-08-24 10:45,159.162,159.201,159.152,159.188
2026-08-24 10:50,159.188,159.206,159.173,159.173
2026-08-24 10:55,159.179,159.205,159.155,159.198
2026-08-24 11:00,159.206,159.232,159.193,159.227
2026-08-24 11:05,159.224,159.232,159.193,159.205
2026-08-24 11:10,159.205,159.230,159.200,159.205
2026-08-24 11:15,159.208,159.222,159.190,159.191
2026-08-24 11:20,159.193,159.209,159.180,159.181
2026-08-24 11:25,159.186,159.195,159.168,159.178
2026-08-24 11:30,159.170,159.202,159.145,159.176
2026-08-24 11:35,159.164,159.173,158.990,159.065
2026-08-24 11:40,159.071,159.093,159.041,159.048
2026-08-24 11:45,159.043,159.068,159.019,159.059
2026-08-24 11:50,159.055,159.107,159.055,159.072
2026-08-24 11:55,159.069,159.087,159.042,159.060
2026-08-24 12:00,159.062,159.096,159.052,159.091
2026-08-24 12:05,159.085,159.122,159.085,159.113
2026-08-24 12:10,159.107,159.117,159.067,159.068
2026-08-24 12:15,159.070,159.078,158.999,158.999
2026-08-24 12:20,159.008,159.009,158.905,158.947
2026-08-24 12:25,158.947,158.970,158.917,158.942
2026-08-24 12:30,158.942,159.053,158.920,158.974
2026-08-24 12:35,158.974,158.979,158.890,158.920
2026-08-24 12:40,158.918,159.005,158.877,158.996
2026-08-24 12:45,158.990,159.031,158.985,159.005
2026-08-24 12:50,159.000,159.012,158.966,158.992
2026-08-24 12:55,158.994,159.052,158.990,159.042
2026-08-24 13:00,159.042,159.067,159.011,159.064
2026-08-24 13:05,159.058,159.101,159.055,159.074
2026-08-24 13:10,159.075,159.101,159.065,159.070
2026-08-24 13:15,159.074,159.098,159.065,159.082
2026-08-24 13:20,159.088,159.135,159.076,159.116
2026-08-24 13:25,159.119,159.162,159.111,159.145
2026-08-24 13:30,159.146,159.153,159.117,159.121
2026-08-24 13:35,159.117,159.154,159.096,159.123
2026-08-24 13:40,159.125,159.144,159.092,159.136
2026-08-24 13:45,159.137,159.151,159.056,159.065
2026-08-24 13:50,159.072,159.118,159.060,159.094
2026-08-24 13:55,159.095,159.152,159.092,159.101
2026-08-24 14:00,159.107,159.129,159.068,159.103
2026-08-24 14:05,159.105,159.139,159.092,159.135
2026-08-24 14:10,159.129,159.158,159.119,159.138
2026-08-24 14:15,159.138,159.180,159.124,159.132
2026-08-24 14:20,159.128,159.169,159.128,159.137
2026-08-24 14:25,159.132,159.139,159.088,159.104
2026-08-24 14:30,159.097,159.136,159.095,159.115
2026-08-24 14:35,159.110,159.127,159.085,159.106
2026-08-24 14:40,159.106,159.153,159.103,159.114
2026-08-24 14:45,159.116,159.154,159.113,159.131
2026-08-24 14:50,159.133,159.167,159.132,159.145
2026-08-24 14:55,159.145,159.201,159.143,159.196
2026-08-24 15:00,159.195,159.201,159.142,159.149
2026-08-24 15:05,159.148,159.170,159.122,159.140
2026-08-24 15:10,159.140,159.147,159.120,159.128
2026-08-24 15:15,159.129,159.147,159.119,159.139
2026-08-24 15:20,159.139,159.171,159.131,159.161
2026-08-24 15:25,159.155,159.163,159.063,159.084
2026-08-24 15:30,159.079,159.148,159.069,159.130
2026-08-24 15:35,159.130,159.159,159.124,159.157
2026-08-24 15:40,159.150,159.169,159.140,159.159
2026-08-24 15:45,159.155,159.166,159.127,159.130
2026-08-24 15:50,159.128,159.159,159.121,159.142
2026-08-24 15:55,159.144,159.194,159.142,159.170
2026-08-24 16:00,159.170,159.195,159.057,159.092
2026-08-24 16:05,159.092,159.119,159.070,159.113
2026-08-24 16:10,159.106,159.122,159.065,159.080
2026-08-24 16:15,159.083,159.092,159.044,159.060
2026-08-24 16:20,159.060,159.084,159.041,159.057
2026-08-24 16:25,159.059,159.084,159.042,159.079
2026-08-24 16:30,159.075,159.084,159.045,159.070
2026-08-24 16:35,159.070,159.078,159.000,159.045
2026-08-24 16:40,159.038,159.091,159.038,159.082
2026-08-24 16:45,159.077,159.111,159.060,159.090
2026-08-24 16:50,159.090,159.099,159.070,159.092
2026-08-24 16:55,159.091,159.124,159.068,159.073
2026-08-24 17:00,159.069,159.089,159.050,159.089
2026-08-24 17:05,159.083,159.109,158.980,159.061
2026-08-24 17:10,159.054,159.097,159.046,159.082
2026-08-24 17:15,159.081,159.113,159.061,159.095
2026-08-24 17:20,159.090,159.169,159.090,159.155
2026-08-24 17:25,159.162,159.175,159.140,159.141
2026-08-24 17:30,159.144,159.171,159.120,159.158
2026-08-24 17:35,159.160,159.167,159.141,159.145
2026-08-24 17:40,159.153,159.175,159.145,159.158
2026-08-24 17:45,159.159,159.192,159.149,159.170
2026-08-24 17:50,159.175,159.189,159.158,159.168
2026-08-24 17:55,159.168,159.178,159.146,159.157
2026-08-24 18:00,159.154,159.176,159.140,159.161
2026-08-24 18:05,159.161,159.198,159.161,159.183
2026-08-24 18:10,159.182,159.192,159.170,159.174
2026-08-24 18:15,159.174,159.181,159.131,159.159
2026-08-24 18:20,159.153,159.163,159.143,159.153
2026-08-24 18:25,159.153,159.158,159.132,159.138
2026-08-24 18:30,159.139,159.191,159.137,159.182
2026-08-24 18:35,159.182,159.210,159.180,159.192
2026-08-24 18:40,159.195,159.199,159.168,159.188
2026-08-24 18:45,159.186,159.212,159.178,159.209
2026-08-24 18:50,159.203,159.214,159.180,159.196
2026-08-24 18:55,159.193,159.206,159.174,159.175
2026-08-24 19:00,159.176,159.192,159.165,159.175
2026-08-24 19:05,159.174,159.191,159.165,159.184
2026-08-24 19:10,159.183,159.194,159.167,159.179
2026-08-24 19:15,159.182,159.210,159.178,159.203
2026-08-24 19:20,159.206,159.212,159.185,159.203
2026-08-24 19:25,159.207,159.217,159.199,159.208
2026-08-24 19:30,159.210,159.216,159.178,159.179
2026-08-24 19:35,159.178,159.188,159.169,159.179
2026-08-24 19:40,159.178,159.182,159.147,159.157
2026-08-24 19:45,159.157,159.165,159.135,159.135
2026-08-24 19:50,159.142,159.142,159.128,159.132
2026-08-24 19:55,159.135,159.185,159.120,159.163
2026-08-24 20:00,159.158,159.181,159.153,159.174
2026-08-24 20:05,159.166,159.174,159.137,159.150
2026-08-24 20:10,159.141,159.151,159.132,159.145
2026-08-24 20:15,159.145,159.152,159.135,159.136
2026-08-24 20:20,159.135,159.152,159.133,159.151
2026-08-24 20:25,159.145,159.167,159.137,159.147
2026-08-24 20:30,159.146,159.153,159.144,159.152
2026-08-24 20:35,159.148,159.153,159.136,159.139
2026-08-24 20:40,159.137,159.146,159.124,159.131
2026-08-24 20:45,159.125,159.129,159.094,159.100
2026-08-24 20:50,159.096,159.109,159.078,159.098
2026-08-24 20:55,159.083,159.103,159.057,159.075
2026-08-24 21:00,159.062,159.076,159.033,159.054
2026-08-24 21:05,159.053,159.059,159.035,159.052
2026-08-24 21:10,159.027,159.054,159.027,159.046
2026-08-24 21:15,159.042,159.065,158.992,159.024
2026-08-24 21:20,159.045,159.070,159.022,159.036
2026-08-24 21:25,159.052,159.052,159.028,159.036
2026-08-24 21:30,159.050,159.055,159.025,159.028
2026-08-24 21:35,159.029,159.057,159.026,159.049
2026-08-24 21:40,159.056,159.082,159.016,159.056
2026-08-24 21:45,159.068,159.078,159.044,159.074
2026-08-24 21:50,159.059,159.121,159.041,159.064
2026-08-24 21:55,159.086,159.091,159.003,159.066
2026-08-24 22:00,159.053,159.090,159.008,159.050
2026-08-24 22:05,159.050,159.099,159.049,159.082
2026-08-24 22:10,159.095,159.103,159.082,159.084
2026-08-24 22:15,159.084,159.106,159.083,159.105
2026-08-24 22:20,159.089,159.119,159.084,159.100
2026-08-24 22:25,159.108,159.121,159.098,159.108
2026-08-24 22:30,159.108,159.122,159.092,159.095
2026-08-24 22:35,159.095,159.112,159.092,159.109
2026-08-24 22:40,159.097,159.119,159.091,159.098
2026-08-24 22:45,159.099,159.104,159.088,159.089
2026-08-24 22:50,159.097,159.103,159.088,159.101
2026-08-24 22:55,159.089,159.104,159.089,159.094
2026-08-24 23:00,159.094,159.102,159.065,159.067
2026-08-24 23:05,159.067,159.077,159.052,159.059
2026-08-24 23:10,159.061,159.077,159.052,159.066
2026-08-24 23:15,159.066,159.083,159.057,159.070
2026-08-24 23:20,159.070,159.105,159.070,159.104
2026-08-24 23:25,159.103,159.116,159.093,159.107
2026-08-24 23:30,159.108,159.131,159.106,159.127
2026-08-24 23:35,159.122,159.140,159.117,159.129
2026-08-24 23:40,159.129,159.153,159.128,159.149
2026-08-24 23:45,159.145,159.155,159.127,159.130
2026-08-24 23:50,159.130,159.159,159.118,159.130
2026-08-24 23:55,159.121,159.141,159.112,159.128
2026-08-25 00:00,159.127,159.139,159.092,159.114
2026-08-25 00:05,159.115,159.138,159.084,159.121
2026-08-25 00:10,159.126,159.146,159.091,159.109
2026-08-25 00:15,159.114,159.143,159.102,159.138
2026-08-25 00:20,159.135,159.165,159.127,159.142
2026-08-25 00:25,159.140,159.164,159.127,159.127
2026-08-25 00:30,159.127,159.148,159.116,159.127
2026-08-25 00:35,159.127,159.142,159.102,159.123
2026-08-25 00:40,159.130,159.136,159.104,159.118
2026-08-25 00:45,159.118,159.131,159.102,159.117
2026-08-25 00:50,159.111,159.193,159.092,159.180
2026-08-25 00:55,159.182,159.188,159.154,159.186
2026-08-25 01:00,159.185,159.223,159.176,159.183
2026-08-25 01:05,159.186,159.197,159.126,159.135
2026-08-25 01:10,159.131,159.164,159.121,159.128
2026-08-25 01:15,159.127,159.165,159.126,159.159
2026-08-25 01:20,159.158,159.183,159.150,159.178
2026-08-25 01:25,159.170,159.197,159.139,159.149
2026-08-25 01:30,159.148,159.196,159.146,159.187
2026-08-25 01:35,159.187,159.224,159.185,159.202
2026-08-25 01:40,159.202,159.213,159.189,159.198
2026-08-25 01:45,159.198,159.238,159.198,159.215
2026-08-25 01:50,159.221,159.264,159.215,159.258
2026-08-25 01:55,159.252,159.310,159.245,159.268
2026-08-25 02:00,159.260,159.298,159.253,159.283
2026-08-25 02:05,159.283,159.328,159.269,159.278
2026-08-25 02:10,159.270,159.290,159.260,159.274
2026-08-25 02:15,159.266,159.284,159.252,159.278
2026-08-25 02:20,159.277,159.292,159.246,159.253
2026-08-25 02:25,159.261,159.285,159.244,159.252
2026-08-25 02:30,159.252,159.299,159.245,159.291
2026-08-25 02:35,159.291,159.299,159.268,159.276
2026-08-25 02:40,159.276,159.307,159.275,159.282
2026-08-25 02:45,159.281,159.334,159.281,159.319
2026-08-25 02:50,159.315,159.368,159.315,159.347
2026-08-25 02:55,159.344,159.397,159.344,159.355
2026-08-25 03:00,159.355,159.377,159.345,159.346
2026-08-25 03:05,159.348,159.365,159.322,159.341
2026-08-25 03:10,159.342,159.380,159.342,159.355
2026-08-25 03:15,159.356,159.383,159.354,159.358
2026-08-25 03:20,159.358,159.378,159.358,159.372
2026-08-25 03:25,159.365,159.382,159.355,159.369
2026-08-25 03:30,159.373,159.394,159.365,159.369
2026-08-25 03:35,159.369,159.382,159.350,159.359
2026-08-25 03:40,159.352,159.360,159.336,159.347
2026-08-25 03:45,159.339,159.359,159.336,159.337
2026-08-25 03:50,159.337,159.350,159.337,159.338
2026-08-25 03:55,159.338,159.347,159.314,159.324
2026-08-25 04:00,159.324,159.347,159.314,159.339
2026-08-25 04:05,159.340,159.360,159.337,159.351
2026-08-25 04:10,159.351,159.370,159.338,159.341
2026-08-25 04:15,159.346,159.363,159.341,159.349
2026-08-25 04:20,159.349,159.359,159.324,159.327
2026-08-25 04:25,159.328,159.346,159.318,159.332
2026-08-25 04:30,159.332,159.339,159.266,159.274
2026-08-25 04:35,159.272,159.308,159.272,159.275
2026-08-25 04:40,159.275,159.281,159.240,159.252
2026-08-25 04:45,159.253,159.263,159.207,159.213
2026-08-25 04:50,159.214,159.273,159.210,159.263
2026-08-25 04:55,159.272,159.309,159.262,159.301
2026-08-25 05:00,159.302,159.310,159.282,159.284
2026-08-25 05:05,159.290,159.300,159.275,159.290
2026-08-25 05:10,159.293,159.339,159.288,159.315
2026-08-25 05:15,159.313,159.333,159.305,159.320
2026-08-25 05:20,159.321,159.337,159.303,159.308
2026-08-25 05:25,159.305,159.333,159.290,159.321
2026-08-25 05:30,159.315,159.337,159.307,159.329
2026-08-25 05:35,159.333,159.349,159.325,159.338
2026-08-25 05:40,159.338,159.347,159.305,159.323
2026-08-25 05:45,159.322,159.329,159.305,159.313
2026-08-25 05:50,159.320,159.322,159.302,159.305
2026-08-25 05:55,159.311,159.332,159.301,159.332
2026-08-25 06:00,159.331,159.338,159.304,159.320
2026-08-25 06:05,159.329,159.331,159.302,159.309
2026-08-25 06:10,159.305,159.308,159.268,159.291
2026-08-25 06:15,159.290,159.332,159.290,159.317
2026-08-25 06:20,159.323,159.366,159.316,159.354
2026-08-25 06:25,159.358,159.365,159.328,159.334
2026-08-25 06:30,159.330,159.345,159.294,159.311
2026-08-25 06:35,159.314,159.371,159.301,159.357
2026-08-25 06:40,159.352,159.359,159.326,159.353
2026-08-25 06:45,159.354,159.381,159.353,159.365
2026-08-25 06:50,159.364,159.369,159.347,159.350
2026-08-25 06:55,159.349,159.411,159.343,159.408
2026-08-25 07:00,159.403,159.425,159.367,159.371
2026-08-25 07:05,159.370,159.382,159.346,159.373
2026-08-25 07:10,159.372,159.384,159.347,159.362
2026-08-25 07:15,159.367,159.376,159.310,159.330
2026-08-25 07:20,159.329,159.372,159.320,159.362
2026-08-25 07:25,159.355,159.423,159.341,159.396
2026-08-25 07:30,159.396,159.438,159.391,159.417
2026-08-25 07:35,159.415,159.429,159.394,159.407
2026-08-25 07:40,159.406,159.454,159.398,159.437
2026-08-25 07:45,159.438,159.456,159.421,159.434
2026-08-25 07:50,159.433,159.442,159.419,159.435
2026-08-25 07:55,159.434,159.445,159.421,159.439
2026-08-25 08:00,159.438,159.454,159.422,159.446
2026-08-25 08:05,159.446,159.489,159.445,159.471
2026-08-25 08:10,159.478,159.491,159.466,159.468
2026-08-25 08:15,159.468,159.475,159.448,159.467
2026-08-25 08:20,159.465,159.491,159.338,159.374
2026-08-25 08:25,159.374,159.426,159.351,159.413
2026-08-25 08:30,159.413,159.437,159.386,159.386
2026-08-25 08:35,159.383,159.402,159.353,159.385
2026-08-25 08:40,159.381,159.397,159.353,159.357
2026-08-25 08:45,159.356,159.369,159.320,159.359
2026-08-25 08:50,159.359,159.377,159.338,159.375
2026-08-25 08:55,159.374,159.389,159.339,159.340
2026-08-25 09:00,159.341,159.359,159.280,159.280
2026-08-25 09:05,159.288,159.307,159.258,159.260
2026-08-25 09:10,159.259,159.277,159.218,159.237
2026-08-25 09:15,159.241,159.289,159.231,159.278
2026-08-25 09:20,159.278,159.322,159.271,159.317
2026-08-25 09:25,159.315,159.349,159.309,159.309
2026-08-25 09:30,159.316,159.343,159.253,159.276
2026-08-25 09:35,159.270,159.287,159.233,159.277
2026-08-25 09:40,159.280,159.303,159.260,159.294
2026-08-25 09:45,159.294,159.310,159.270,159.295
2026-08-25 09:50,159.295,159.304,159.258,159.284
2026-08-25 09:55,159.283,159.293,159.241,159.281
2026-08-25 10:00,159.276,159.302,159.237,159.298
2026-08-25 10:05,159.295,159.313,159.286,159.304
2026-08-25 10:10,159.304,159.328,159.290,159.290
2026-08-25 10:15,159.290,159.309,159.270,159.290
2026-08-25 10:20,159.292,159.310,159.283,159.300
2026-08-25 10:25,159.295,159.310,159.285,159.304
2026-08-25 10:30,159.299,159.303,159.270,159.292
2026-08-25 10:35,159.292,159.299,159.252,159.254
2026-08-25 10:40,159.254,159.273,159.250,159.265
2026-08-25 10:45,159.265,159.281,159.257,159.275
2026-08-25 10:50,159.275,159.302,159.269,159.274
2026-08-25 10:55,159.277,159.286,159.266,159.279
2026-08-25 11:00,159.282,159.286,159.253,159.258
2026-08-25 11:05,159.258,159.332,159.256,159.299
2026-08-25 11:10,159.298,159.305,159.275,159.288
2026-08-25 11:15,159.293,159.314,159.280,159.305
2026-08-25 11:20,159.304,159.319,159.285,159.309
2026-08-25 11:25,159.309,159.322,159.306,159.307
2026-08-25 11:30,159.307,159.311,159.265,159.277
2026-08-25 11:35,159.280,159.296,159.271,159.272
2026-08-25 11:40,159.271,159.299,159.266,159.292
2026-08-25 11:45,159.290,159.301,159.240,159.246
2026-08-25 11:50,159.241,159.267,159.227,159.260
2026-08-25 11:55,159.256,159.267,159.239,159.244
2026-08-25 12:00,159.244,159.262,159.188,159.231
2026-08-25 12:05,159.231,159.243,159.210,159.234
2026-08-25 12:10,159.234,159.279,159.231,159.239
2026-08-25 12:15,159.242,159.255,159.235,159.245
2026-08-25 12:20,159.243,159.260,159.220,159.254
2026-08-25 12:25,159.253,159.260,159.240,159.244
2026-08-25 12:30,159.249,159.279,159.226,159.270
2026-08-25 12:35,159.270,159.295,159.255,159.277
2026-08-25 12:40,159.281,159.295,159.268,159.268
2026-08-25 12:45,159.272,159.288,159.260,159.276
2026-08-25 12:50,159.281,159.287,159.255,159.273
2026-08-25 12:55,159.271,159.295,159.260,159.290
2026-08-25 13:00,159.292,159.301,159.256,159.265
2026-08-25 13:05,159.264,159.276,159.219,159.234
2026-08-25 13:10,159.233,159.234,159.108,159.168
2026-08-25 13:15,159.169,159.227,159.157,159.203
2026-08-25 13:20,159.209,159.239,159.199,159.231
2026-08-25 13:25,159.227,159.233,159.196,159.196
2026-08-25 13:30,159.197,159.251,159.158,159.241
2026-08-25 13:35,159.238,159.257,159.213,159.236
2026-08-25 13:40,159.235,159.264,159.222,159.255
2026-08-25 13:45,159.254,159.274,159.236,159.243
2026-08-25 13:50,159.244,159.261,159.213,159.258
2026-08-25 13:55,159.255,159.259,159.197,159.197
2026-08-25 14:00,159.211,159.288,159.192,159.276
2026-08-25 14:05,159.282,159.287,159.228,159.250
2026-08-25 14:10,159.242,159.263,159.238,159.241
2026-08-25 14:15,159.247,159.279,159.232,159.260
2026-08-25 14:20,159.259,159.289,159.256,159.281
2026-08-25 14:25,159.279,159.288,159.248,159.256
2026-08-25 14:30,159.255,159.326,159.232,159.248
2026-08-25 14:35,159.251,159.259,159.231,159.248
2026-08-25 14:40,159.251,159.280,159.235,159.235
2026-08-25 14:45,159.235,159.241,159.183,159.203
2026-08-25 14:50,159.204,159.266,159.195,159.242
2026-08-25 14:55,159.242,159.271,159.230,159.253
2026-08-25 15:00,159.248,159.269,159.239,159.258
2026-08-25 15:05,159.254,159.277,159.241,159.250
2026-08-25 15:10,159.250,159.275,159.245,159.259
2026-08-25 15:15,159.259,159.286,159.251,159.259
2026-08-25 15:20,159.256,159.269,159.230,159.265
2026-08-25 15:25,159.263,159.290,159.255,159.286
2026-08-25 15:30,159.291,159.292,159.206,159.224
2026-08-25 15:35,159.219,159.236,159.175,159.213
2026-08-25 15:40,159.215,159.225,159.180,159.212
2026-08-25 15:45,159.205,159.223,159.176,159.220
2026-08-25 15:50,159.218,159.241,159.206,159.238
2026-08-25 15:55,159.238,159.259,159.205,159.208
2026-08-25 16:00,159.208,159.229,159.198,159.218
2026-08-25 16:05,159.220,159.242,159.209,159.237
2026-08-25 16:10,159.239,159.249,159.232,159.243
2026-08-25 16:15,159.240,159.273,159.240,159.268
2026-08-25 16:20,159.268,159.274,159.245,159.262
2026-08-25 16:25,159.262,159.273,159.248,159.262
2026-08-25 16:30,159.257,159.264,159.245,159.256
2026-08-25 16:35,159.255,159.275,159.240,159.255
2026-08-25 16:40,159.253,159.267,159.248,159.259
2026-08-25 16:45,159.255,159.273,159.250,159.267
2026-08-25 16:50,159.267,159.293,159.258,159.283
2026-08-25 16:55,159.284,159.293,159.253,159.273
2026-08-25 17:00,159.269,159.292,159.268,159.272
2026-08-25 17:05,159.272,159.311,159.267,159.303
2026-08-25 17:10,159.300,159.313,159.293,159.296
2026-08-25 17:15,159.298,159.314,159.286,159.293
2026-08-25 17:20,159.290,159.308,159.284,159.304
2026-08-25 17:25,159.303,159.310,159.278,159.289
2026-08-25 17:30,159.284,159.292,159.267,159.275
2026-08-25 17:35,159.274,159.281,159.249,159.253
2026-08-25 17:40,159.258,159.269,159.249,159.260
2026-08-25 17:45,159.265,159.270,159.246,159.249
2026-08-25 17:50,159.249,159.256,159.223,159.233
2026-08-25 17:55,159.234,159.240,159.209,159.216
2026-08-25 18:00,159.215,159.240,159.215,159.224
2026-08-25 18:05,159.225,159.230,159.208,159.212
2026-08-25 18:10,159.212,159.217,159.186,159.209
2026-08-25 18:15,159.209,159.224,159.198,159.213
2026-08-25 18:20,159.213,159.241,159.210,159.240
2026-08-25 18:25,159.233,159.238,159.214,159.230
2026-08-25 18:30,159.226,159.231,159.222,159.227
2026-08-25 18:35,159.224,159.243,159.222,159.238
2026-08-25 18:40,159.239,159.255,159.233,159.251
2026-08-25 18:45,159.250,159.255,159.237,159.242
2026-08-25 18:50,159.237,159.251,159.230,159.245
2026-08-25 18:55,159.245,159.250,159.218,159.218
2026-08-25 19:00,159.223,159.237,159.214,159.231
2026-08-25 19:05,159.231,159.237,159.197,159.204
2026-08-25 19:10,159.209,159.213,159.187,159.196
2026-08-25 19:15,159.196,159.204,159.149,159.171
2026-08-25 19:20,159.169,159.183,159.162,159.166
2026-08-25 19:25,159.165,159.201,159.163,159.200
2026-08-25 19:30,159.196,159.212,159.195,159.204
2026-08-25 19:35,159.208,159.219,159.195,159.196
2026-08-25 19:40,159.196,159.204,159.179,159.187
2026-08-25 19:45,159.184,159.192,159.145,159.151
2026-08-25 19:50,159.148,159.167,159.097,159.116
2026-08-25 19:55,159.112,159.142,159.075,159.135
2026-08-25 20:00,159.135,159.167,159.119,159.157
2026-08-25 20:05,159.161,159.172,159.141,159.144
2026-08-25 20:10,159.143,159.166,159.125,159.143
2026-08-25 20:15,159.145,159.166,159.133,159.156
2026-08-25 20:20,159.158,159.180,159.149,159.174
2026-08-25 20:25,159.175,159.197,159.157,159.178
2026-08-25 20:30,159.177,159.217,159.171,159.210
2026-08-25 20:35,159.212,159.216,159.192,159.210
2026-08-25 20:40,159.208,159.238,159.203,159.204
2026-08-25 20:45,159.207,159.218,159.174,159.198
2026-08-25 20:50,159.197,159.211,159.186,159.205
2026-08-25 20:55,159.193,159.215,159.136,159.164
2026-08-25 21:00,159.135,159.221,159.133,159.204
2026-08-25 21:05,159.181,159.213,159.174,159.176
2026-08-25 21:10,159.176,159.208,159.176,159.195
2026-08-25 21:15,159.204,159.207,159.178,159.192
2026-08-25 21:20,159.191,159.202,159.184,159.191
2026-08-25 21:25,159.191,159.203,159.179,159.201
2026-08-25 21:30,159.191,159.213,159.174,159.202
2026-08-25 21:35,159.191,159.203,159.178,159.183
2026-08-25 21:40,159.192,159.201,159.176,159.179
2026-08-25 21:45,159.195,159.204,159.169,159.191
2026-08-25 21:50,159.191,159.201,159.167,159.197
2026-08-25 21:55,159.195,159.201,159.184,159.195
2026-08-25 22:00,159.187,159.221,159.181,159.200
2026-08-25 22:05,159.200,159.220,159.200,159.207
2026-08-25 22:10,159.208,159.236,159.204,159.214
2026-08-25 22:15,159.220,159.228,159.198,159.207
2026-08-25 22:20,159.204,159.211,159.186,159.196
2026-08-25 22:25,159.189,159.212,159.187,159.200
2026-08-25 22:30,159.202,159.213,159.196,159.197
2026-08-25 22:35,159.202,159.212,159.194,159.199
2026-08-25 22:40,159.199,159.211,159.190,159.191
2026-08-25 22:45,159.191,159.204,159.190,159.201
2026-08-25 22:50,159.200,159.206,159.190,159.203
2026-08-25 22:55,159.197,159.206,159.190,159.193
2026-08-25 23:00,159.192,159.207,159.192,159.201
2026-08-25 23:05,159.194,159.226,159.194,159.225
2026-08-25 23:10,159.218,159.236,159.218,159.224
2026-08-25 23:15,159.224,159.233,159.215,159.222
2026-08-25 23:20,159.220,159.229,159.215,159.227
2026-08-25 23:25,159.228,159.248,159.218,159.239
2026-08-25 23:30,159.240,159.262,159.237,159.259
2026-08-25 23:35,159.250,159.260,159.235,159.244
2026-08-25 23:40,159.245,159.262,159.240,159.250
2026-08-25 23:45,159.250,159.261,159.234,159.250
2026-08-25 23:50,159.246,159.251,159.234,159.240
2026-08-25 23:55,159.240,159.250,159.207,159.209
2026-08-26 00:00,159.209,159.247,159.209,159.233
2026-08-26 00:05,159.234,159.259,159.221,159.223
2026-08-26 00:10,159.228,159.235,159.207,159.216
2026-08-26 00:15,159.216,159.241,159.216,159.230
2026-08-26 00:20,159.236,159.245,159.221,159.238
2026-08-26 00:25,159.238,159.253,159.215,159.228
2026-08-26 00:30,159.219,159.227,159.193,159.215
2026-08-26 00:35,159.210,159.227,159.194,159.197
2026-08-26 00:40,159.199,159.207,159.148,159.160
2026-08-26 00:45,159.162,159.169,159.100,159.118
2026-08-26 00:50,159.117,159.149,159.098,159.109
2026-08-26 00:55,159.110,159.174,159.105,159.164
2026-08-26 01:00,159.165,159.168,159.132,159.150
2026-08-26 01:05,159.151,159.178,159.142,159.152
2026-08-26 01:10,159.152,159.185,159.150,159.162
2026-08-26 01:15,159.161,159.171,159.144,159.144
2026-08-26 01:20,159.144,159.162,159.133,159.152
2026-08-26 01:25,159.148,159.168,159.132,159.159
2026-08-26 01:30,159.158,159.166,159.136,159.154
2026-08-26 01:35,159.149,159.163,159.080,159.090
2026-08-26 01:40,159.090,159.120,159.070,159.087
2026-08-26 01:45,159.082,159.099,159.048,159.054
2026-08-26 01:50,159.057,159.062,158.958,159.033
2026-08-26 01:55,159.029,159.062,159.017,159.044
2026-08-26 02:00,159.046,159.053,158.889,158.915
2026-08-26 02:05,158.915,158.948,158.875,158.926
2026-08-26 02:10,158.925,158.955,158.890,158.949
2026-08-26 02:15,158.946,158.984,158.940,158.952
2026-08-26 02:20,158.945,158.970,158.900,158.934
2026-08-26 02:25,158.936,158.980,158.925,158.965
2026-08-26 02:30,158.970,158.993,158.960,158.969
2026-08-26 02:35,158.969,159.021,158.969,159.005
2026-08-26 02:40,159.005,159.036,158.969,158.984
2026-08-26 02:45,158.990,159.008,158.972,159.001
2026-08-26 02:50,159.004,159.037,159.000,159.027
2026-08-26 02:55,159.034,159.046,159.022,159.032
2026-08-26 03:00,159.038,159.039,158.993,158.994
2026-08-26 03:05,158.994,159.025,158.994,158.997
2026-08-26 03:10,158.994,159.022,158.988,159.022
2026-08-26 03:15,159.018,159.026,158.997,159.003
2026-08-26 03:20,159.002,159.009,158.976,158.990
2026-08-26 03:25,158.990,158.999,158.948,158.980
2026-08-26 03:30,158.975,158.989,158.893,158.919
2026-08-26 03:35,158.925,158.946,158.900,158.933
2026-08-26 03:40,158.931,158.968,158.928,158.948
2026-08-26 03:45,158.950,158.982,158.949,158.952
2026-08-26 03:50,158.954,158.974,158.935,158.954
2026-08-26 03:55,158.948,158.972,158.933,158.956
2026-08-26 04:00,158.952,158.983,158.936,158.977
2026-08-26 04:05,158.977,158.987,158.965,158.974
2026-08-26 04:10,158.968,159.005,158.967,158.997
2026-08-26 04:15,158.999,159.027,158.971,158.991
2026-08-26 04:20,158.989,159.012,158.965,158.982
2026-08-26 04:25,158.980,159.002,158.978,158.993
2026-08-26 04:30,158.993,158.999,158.957,158.975
2026-08-26 04:35,158.975,158.989,158.967,158.983
2026-08-26 04:40,158.977,159.006,158.974,158.987
2026-08-26 04:45,158.988,159.012,158.981,159.007
2026-08-26 04:50,159.001,159.041,159.000,159.028
2026-08-26 04:55,159.021,159.040,159.006,159.027
2026-08-26 05:00,159.033,159.050,159.017,159.025
2026-08-26 05:05,159.028,159.045,159.010,159.017
2026-08-26 05:10,159.018,159.036,159.015,159.023
2026-08-26 05:15,159.022,159.022,158.993,159.006
2026-08-26 05:20,159.001,159.026,159.000,159.021
2026-08-26 05:25,159.019,159.024,159.008,159.013
2026-08-26 05:30,159.013,159.019,158.967,158.972
2026-08-26 05:35,158.974,159.002,158.969,158.990
2026-08-26 05:40,158.989,158.990,158.957,158.964
2026-08-26 05:45,158.968,158.988,158.961,158.984
2026-08-26 05:50,158.981,159.008,158.977,159.002
2026-08-26 05:55,159.002,159.013,158.990,159.009
2026-08-26 06:00,159.007,159.053,159.000,159.035
2026-08-26 06:05,159.036,159.051,159.021,159.044
2026-08-26 06:10,159.042,159.092,159.042,159.073
2026-08-26 06:15,159.072,159.082,159.035,159.043
2026-08-26 06:20,159.036,159.060,159.035,159.051
2026-08-26 06:25,159.051,159.072,159.040,159.051
2026-08-26 06:30,159.057,159.091,159.041,159.080
2026-08-26 06:35,159.077,159.123,159.077,159.106
2026-08-26 06:40,159.100,159.110,159.078,159.082
2026-08-26 06:45,159.082,159.089,159.060,159.075
2026-08-26 06:50,159.073,159.093,159.062,159.062
2026-08-26 06:55,159.062,159.082,159.042,159.055
2026-08-26 07:00,159.050,159.062,158.974,158.990
2026-08-26 07:05,158.993,159.015,158.980,158.989
2026-08-26 07:10,158.983,159.001,158.958,158.995
2026-08-26 07:15,158.995,159.018,158.980,159.009
2026-08-26 07:20,159.007,159.028,159.005,159.020
2026-08-26 07:25,159.020,159.047,159.005,159.043
2026-08-26 07:30,159.037,159.046,159.005,159.019
2026-08-26 07:35,159.016,159.027,158.985,158.988
2026-08-26 07:40,158.988,159.012,158.987,159.005
2026-08-26 07:45,159.005,159.023,158.970,158.995
2026-08-26 07:50,158.990,159.008,158.980,158.998
2026-08-26 07:55,158.991,159.016,158.988,159.004
2026-08-26 08:00,159.012,159.015,158.968,158.968
2026-08-26 08:05,158.968,158.977,158.935,158.963
2026-08-26 08:10,158.963,158.984,158.956,158.965
2026-08-26 08:15,158.971,158.980,158.925,158.954
2026-08-26 08:20,158.954,158.995,158.951,158.965
2026-08-26 08:25,158.972,158.977,158.936,158.950
2026-08-26 08:30,158.950,158.988,158.948,158.961
2026-08-26 08:35,158.955,158.981,158.950,158.963
2026-08-26 08:40,158.963,159.007,158.960,158.988
2026-08-26 08:45,158.981,158.992,158.960,158.965
2026-08-26 08:50,158.968,158.987,158.960,158.985
2026-08-26 08:55,158.979,159.033,158.978,159.006
2026-08-26 09:00,159.006,159.045,158.993,159.015
2026-08-26 09:05,159.022,159.057,159.015,159.045
2026-08-26 09:10,159.046,159.053,159.012,159.020
2026-08-26 09:15,159.020,159.026,158.975,158.978
2026-08-26 09:20,158.978,158.999,158.964,158.995
2026-08-26 09:25,158.993,159.004,158.982,159.000
2026-08-26 09:30,158.999,159.002,158.972,158.987
2026-08-26 09:35,158.983,158.987,158.968,158.987
2026-08-26 09:40,158.986,159.006,158.966,158.967
2026-08-26 09:45,158.965,158.987,158.955,158.987
2026-08-26 09:50,158.979,158.987,158.951,158.965
2026-08-26 09:55,158.955,158.998,158.953,158.982
2026-08-26 10:00,158.985,159.001,158.978,158.980
2026-08-26 10:05,158.982,158.999,158.979,158.988
2026-08-26 10:10,158.988,159.011,158.985,159.010
2026-08-26 10:15,159.003,159.033,158.998,159.029
2026-08-26 10:20,159.029,159.033,159.010,159.023
2026-08-26 10:25,159.023,159.044,159.022,159.033
2026-08-26 10:30,159.028,159.034,159.010,159.014
2026-08-26 10:35,159.014,159.033,159.012,159.018
2026-08-26 10:40,159.013,159.065,159.013,159.057
2026-08-26 10:45,159.052,159.089,159.046,159.080
2026-08-26 10:50,159.080,159.102,159.078,159.083
2026-08-26 10:55,159.081,159.121,159.080,159.089
2026-08-26 11:00,159.087,159.101,159.054,159.075
2026-08-26 11:05,159.074,159.114,159.073,159.106
2026-08-26 11:10,159.106,159.114,159.088,159.095
2026-08-26 11:15,159.094,159.115,159.091,159.100
2026-08-26 11:20,159.100,159.161,159.096,159.150
2026-08-26 11:25,159.150,159.158,159.130,159.139
2026-08-26 11:30,159.139,159.157,159.115,159.116
2026-08-26 11:35,159.116,159.143,159.108,159.132
2026-08-26 11:40,159.138,159.143,159.118,159.127
2026-08-26 11:45,159.124,159.132,159.105,159.110
2026-08-26 11:50,159.112,159.122,159.100,159.100
2026-08-26 11:55,159.100,159.111,159.078,159.078
2026-08-26 12:00,159.078,159.087,159.040,159.053
2026-08-26 12:05,159.053,159.062,159.028,159.055
2026-08-26 12:10,159.060,159.077,159.050,159.055
2026-08-26 12:15,159.061,159.062,159.004,159.016
2026-08-26 12:20,159.024,159.032,158.992,158.998
2026-08-26 12:25,158.998,159.004,158.941,158.959
2026-08-26 12:30,158.941,159.118,158.888,159.083
2026-08-26 12:35,159.089,159.148,159.064,159.138
2026-08-26 12:40,159.132,159.174,159.114,159.136
2026-08-26 12:45,159.135,159.188,159.126,159.180
2026-08-26 12:50,159.180,159.255,159.168,159.188
2026-08-26 12:55,159.188,159.246,159.187,159.230
2026-08-26 13:00,159.230,159.294,159.226,159.277
2026-08-26 13:05,159.284,159.305,159.253,159.297
2026-08-26 13:10,159.292,159.324,159.264,159.272
2026-08-26 13:15,159.273,159.322,159.255,159.262
2026-08-26 13:20,159.263,159.307,159.258,159.287
2026-08-26 13:25,159.286,159.306,159.262,159.276
2026-08-26 13:30,159.276,159.324,159.257,159.323
2026-08-26 13:35,159.319,159.356,159.316,159.340
2026-08-26 13:40,159.343,159.370,159.327,159.357
2026-08-26 13:45,159.355,159.368,159.323,159.354
2026-08-26 13:50,159.348,159.367,159.315,159.326
2026-08-26 13:55,159.325,159.395,159.315,159.395
2026-08-26 14:00,159.390,159.422,159.374,159.388
2026-08-26 14:05,159.389,159.417,159.374,159.375
2026-08-26 14:10,159.375,159.398,159.357,159.388
2026-08-26 14:15,159.389,159.437,159.384,159.429
2026-08-26 14:20,159.429,159.444,159.405,159.429
2026-08-26 14:25,159.433,159.443,159.400,159.420
2026-08-26 14:30,159.413,159.443,159.384,159.393
2026-08-26 14:35,159.393,159.411,159.365,159.375
2026-08-26 14:40,159.375,159.384,159.341,159.365
2026-08-26 14:45,159.364,159.422,159.363,159.412
2026-08-26 14:50,159.410,159.426,159.373,159.388
2026-08-26 14:55,159.388,159.423,159.376,159.403
2026-08-26 15:00,159.403,159.413,159.376,159.380
2026-08-26 15:05,159.380,159.392,159.346,159.351
2026-08-26 15:10,159.351,159.373,159.335,159.364
2026-08-26 15:15,159.367,159.385,159.349,159.357
2026-08-26 15:20,159.352,159.382,159.351,159.362
2026-08-26 15:25,159.368,159.383,159.360,159.365
2026-08-26 15:30,159.370,159.377,159.355,159.356
2026-08-26 15:35,159.358,159.367,159.343,159.349
2026-08-26 15:40,159.342,159.355,159.318,159.353
2026-08-26 15:45,159.349,159.357,159.313,159.331
2026-08-26 15:50,159.329,159.393,159.325,159.359
2026-08-26 15:55,159.358,159.392,159.345,159.365
2026-08-26 16:00,159.362,159.372,159.341,159.348
2026-08-26 16:05,159.346,159.357,159.337,159.350
2026-08-26 16:10,159.353,159.364,159.321,159.324
2026-08-26 16:15,159.329,159.329,159.294,159.308
2026-08-26 16:20,159.308,159.337,159.303,159.330
2026-08-26 16:25,159.330,159.351,159.320,159.343
2026-08-26 16:30,159.345,159.370,159.338,159.364
2026-08-26 16:35,159.361,159.378,159.358,159.374
2026-08-26 16:40,159.368,159.388,159.365,159.376
2026-08-26 16:45,159.377,159.397,159.359,159.359
2026-08-26 16:50,159.359,159.417,159.355,159.412
2026-08-26 16:55,159.417,159.428,159.408,159.417
2026-08-26 17:00,159.412,159.418,159.385,159.403
2026-08-26 17:05,159.400,159.427,159.397,159.416
2026-08-26 17:10,159.416,159.426,159.405,159.405
2026-08-26 17:15,159.406,159.415,159.370,159.374
2026-08-26 17:20,159.378,159.392,159.368,159.371
2026-08-26 17:25,159.371,159.387,159.369,159.377
2026-08-26 17:30,159.371,159.378,159.356,159.360
2026-08-26 17:35,159.360,159.389,159.356,159.381
2026-08-26 17:40,159.388,159.391,159.370,159.383
2026-08-26 17:45,159.383,159.417,159.383,159.410
2026-08-26 17:50,159.410,159.416,159.385,159.403
2026-08-26 17:55,159.398,159.415,159.387,159.387
2026-08-26 18:00,159.388,159.402,159.382,159.389
2026-08-26 18:05,159.387,159.403,159.380,159.384
2026-08-26 18:10,159.390,159.391,159.368,159.378
2026-08-26 18:15,159.379,159.390,159.374,159.382
2026-08-26 18:20,159.382,159.403,159.382,159.393
2026-08-26 18:25,159.393,159.404,159.390,159.396
2026-08-26 18:30,159.395,159.411,159.395,159.401
2026-08-26 18:35,159.400,159.417,159.398,159.407
2026-08-26 18:40,159.409,159.416,159.398,159.402
2026-08-26 18:45,159.403,159.405,159.385,159.387
2026-08-26 18:50,159.387,159.401,159.383,159.395
2026-08-26 18:55,159.395,159.411,159.381,159.396
2026-08-26 19:00,159.396,159.412,159.383,159.385
2026-08-26 19:05,159.384,159.392,159.368,159.372
2026-08-26 19:10,159.370,159.377,159.357,159.364
2026-08-26 19:15,159.360,159.392,159.358,159.389
2026-08-26 19:20,159.386,159.393,159.380,159.386
2026-08-26 19:25,159.381,159.388,159.369,159.374
2026-08-26 19:30,159.374,159.382,159.319,159.357
2026-08-26 19:35,159.356,159.368,159.350,159.362
2026-08-26 19:40,159.362,159.367,159.342,159.348
2026-08-26 19:45,159.349,159.360,159.337,159.353
2026-08-26 19:50,159.354,159.375,159.352,159.355
2026-08-26 19:55,159.361,159.367,159.339,159.345
2026-08-26 20:00,159.341,159.357,159.333,159.348
2026-08-26 20:05,159.351,159.363,159.338,159.342
2026-08-26 20:10,159.338,159.357,159.338,159.344
2026-08-26 20:15,159.344,159.354,159.338,159.340
2026-08-26 20:20,159.341,159.348,159.326,159.334
2026-08-26 20:25,159.327,159.335,159.312,159.314
2026-08-26 20:30,159.315,159.325,159.310,159.316
2026-08-26 20:35,159.319,159.325,159.287,159.295
2026-08-26 20:40,159.288,159.297,159.285,159.288
2026-08-26 20:45,159.284,159.323,159.284,159.303
2026-08-26 20:50,159.302,159.321,159.298,159.313
2026-08-26 20:55,159.312,159.321,159.278,159.286
2026-08-26 21:00,159.274,159.276,159.253,159.270
2026-08-26 21:05,159.266,159.272,159.261,159.265
2026-08-26 21:10,159.272,159.272,159.226,159.248
2026-08-26 21:15,159.241,159.268,159.233,159.259
2026-08-26 21:20,159.253,159.262,159.234,159.241
2026-08-26 21:25,159.238,159.274,159.238,159.258
2026-08-26 21:30,159.254,159.275,159.231,159.243
2026-08-26 21:35,159.243,159.270,159.231,159.270
2026-08-26 21:40,159.268,159.274,159.248,159.274
2026-08-26 21:45,159.268,159.275,159.241,159.268
2026-08-26 21:50,159.248,159.271,159.242,159.246
2026-08-26 21:55,159.250,159.318,159.239,159.244
2026-08-26 22:00,159.262,159.333,159.241,159.275
2026-08-26 22:05,159.270,159.288,159.269,159.280
2026-08-26 22:10,159.278,159.298,159.267,159.293
2026-08-26 22:15,159.296,159.297,159.268,159.281
2026-08-26 22:20,159.270,159.287,159.267,159.278
2026-08-26 22:25,159.269,159.281,159.256,159.268
2026-08-26 22:30,159.261,159.281,159.255,159.261
2026-08-26 22:35,159.271,159.276,159.248,159.256
2026-08-26 22:40,159.258,159.268,159.246,159.246
2026-08-26 22:45,159.246,159.260,159.246,159.256
2026-08-26 22:50,159.248,159.260,159.238,159.249
2026-08-26 22:55,159.249,159.269,159.247,159.268
2026-08-26 23:00,159.258,159.270,159.224,159.242
2026-08-26 23:05,159.242,159.252,159.233,159.242
2026-08-26 23:10,159.242,159.249,159.218,159.224
2026-08-26 23:15,159.219,159.229,159.203,159.203
2026-08-26 23:20,159.204,159.226,159.204,159.215
2026-08-26 23:25,159.223,159.254,159.218,159.252
2026-08-26 23:30,159.246,159.254,159.230,159.231
2026-08-26 23:35,159.231,159.241,159.229,159.236
2026-08-26 23:40,159.232,159.253,159.230,159.248
2026-08-26 23:45,159.243,159.262,159.227,159.243
2026-08-26 23:50,159.243,159.274,159.243,159.264
2026-08-26 23:55,159.262,159.274,159.245,159.245
2026-08-27 00:00,159.249,159.255,159.171,159.195
2026-08-27 00:05,159.198,159.213,159.154,159.171
2026-08-27 00:10,159.171,159.191,159.126,159.141
2026-08-27 00:15,159.141,159.157,159.130,159.150
2026-08-27 00:20,159.149,159.176,159.117,159.136
2026-08-27 00:25,159.134,159.152,159.115,159.138
2026-08-27 00:30,159.143,159.158,159.109,159.110
2026-08-27 00:35,159.110,159.164,159.108,159.145
2026-08-27 00:40,159.140,159.149,159.120,159.140
2026-08-27 00:45,159.138,159.170,159.137,159.145
2026-08-27 00:50,159.140,159.191,159.123,159.144
2026-08-27 00:55,159.149,159.195,159.137,159.176
2026-08-27 01:00,159.177,159.208,159.170,159.173
2026-08-27 01:05,159.173,159.204,159.172,159.188
2026-08-27 01:10,159.180,159.189,159.160,159.168
2026-08-27 01:15,159.160,159.193,159.147,159.181
2026-08-27 01:20,159.180,159.204,159.157,159.165
2026-08-27 01:25,159.172,159.198,159.153,159.161
2026-08-27 01:30,159.155,159.227,159.132,159.175
2026-08-27 01:35,159.172,159.280,159.126,159.278
2026-08-27 01:40,159.266,159.282,159.206,159.225
2026-08-27 01:45,159.215,159.249,159.209,159.234
2026-08-27 01:50,159.236,159.259,159.227,159.240
2026-08-27 01:55,159.240,159.257,159.220,159.253
2026-08-27 02:00,159.246,159.305,159.244,159.283
2026-08-27 02:05,159.290,159.304,159.256,159.267
2026-08-27 02:10,159.260,159.303,159.259,159.303
2026-08-27 02:15,159.302,159.350,159.295,159.335
2026-08-27 02:20,159.335,159.378,159.327,159.369
2026-08-27 02:25,159.369,159.379,159.353,159.375
2026-08-27 02:30,159.367,159.400,159.352,159.367
2026-08-27 02:35,159.367,159.375,159.337,159.341
2026-08-27 02:40,159.349,159.349,159.316,159.338
2026-08-27 02:45,159.331,159.339,159.295,159.312
2026-08-27 02:50,159.308,159.342,159.294,159.321
2026-08-27 02:55,159.320,159.338,159.313,159.327
2026-08-27 03:00,159.333,159.348,159.317,159.324
2026-08-27 03:05,159.324,159.343,159.316,159.319
2026-08-27 03:10,159.326,159.326,159.301,159.308
2026-08-27 03:15,159.304,159.329,159.301,159.328
2026-08-27 03:20,159.323,159.337,159.316,159.329
2026-08-27 03:25,159.329,159.353,159.329,159.341
2026-08-27 03:30,159.341,159.366,159.341,159.355
2026-08-27 03:35,159.355,159.374,159.354,159.368
2026-08-27 03:40,159.365,159.373,159.338,159.352
2026-08-27 03:45,159.349,159.358,159.334,159.342
2026-08-27 03:50,159.337,159.352,159.329,159.351
2026-08-27 03:55,159.348,159.358,159.340,159.343
2026-08-27 04:00,159.342,159.351,159.325,159.330
2026-08-27 04:05,159.331,159.352,159.325,159.344
2026-08-27 04:10,159.350,159.354,159.332,159.352
2026-08-27 04:15,159.346,159.361,159.341,159.351
2026-08-27 04:20,159.351,159.372,159.350,159.364
2026-08-27 04:25,159.358,159.365,159.342,159.365
2026-08-27 04:30,159.363,159.383,159.352,159.366
2026-08-27 04:35,159.365,159.384,159.360,159.362
2026-08-27 04:40,159.362,159.374,159.351,159.358
2026-08-27 04:45,159.356,159.370,159.344,159.356
2026-08-27 04:50,159.356,159.373,159.355,159.358
2026-08-27 04:55,159.359,159.382,159.353,159.361
2026-08-27 05:00,159.355,159.373,159.342,159.345
2026-08-27 05:05,159.345,159.386,159.330,159.344
2026-08-27 05:10,159.352,159.352,159.325,159.339
2026-08-27 05:15,159.341,159.352,159.329,159.334
2026-08-27 05:20,159.330,159.337,159.315,159.325
2026-08-27 05:25,159.325,159.332,159.288,159.293
2026-08-27 05:30,159.291,159.312,159.279,159.304
2026-08-27 05:35,159.310,159.322,159.293,159.314
2026-08-27 05:40,159.314,159.329,159.310,159.312
2026-08-27 05:45,159.318,159.344,159.311,159.335
2026-08-27 05:50,159.329,159.378,159.329,159.364
2026-08-27 05:55,159.365,159.383,159.350,159.360
2026-08-27 06:00,159.360,159.390,159.340,159.379
2026-08-27 06:05,159.374,159.381,159.352,159.353
2026-08-27 06:10,159.353,159.366,159.337,159.346
2026-08-27 06:15,159.346,159.372,159.346,159.357
2026-08-27 06:20,159.357,159.366,159.335,159.341
2026-08-27 06:25,159.341,159.358,159.330,159.343
2026-08-27 06:30,159.343,159.382,159.343,159.357
2026-08-27 06:35,159.355,159.362,159.344,159.359
2026-08-27 06:40,159.353,159.362,159.342,159.344
2026-08-27 06:45,159.345,159.372,159.330,159.365
2026-08-27 06:50,159.365,159.381,159.350,159.357
2026-08-27 06:55,159.350,159.362,159.338,159.352
2026-08-27 07:00,159.352,159.359,159.295,159.321
2026-08-27 07:05,159.321,159.339,159.306,159.310
2026-08-27 07:10,159.312,159.322,159.280,159.294
2026-08-27 07:15,159.288,159.309,159.268,159.281
2026-08-27 07:20,159.278,159.308,159.277,159.301
2026-08-27 07:25,159.306,159.343,159.302,159.324
2026-08-27 07:30,159.324,159.345,159.323,159.327
2026-08-27 07:35,159.327,159.358,159.304,159.352
2026-08-27 07:40,159.355,159.358,159.330,159.330
2026-08-27 07:45,159.335,159.350,159.330,159.333
2026-08-27 07:50,159.333,159.373,159.333,159.352
2026-08-27 07:55,159.352,159.363,159.322,159.352
2026-08-27 08:00,159.352,159.368,159.308,159.313
2026-08-27 08:05,159.313,159.339,159.291,159.308
2026-08-27 08:10,159.307,159.323,159.283,159.317
2026-08-27 08:15,159.314,159.324,159.293,159.321
2026-08-27 08:20,159.316,159.341,159.313,159.320
2026-08-27 08:25,159.321,159.336,159.308,159.326
2026-08-27 08:30,159.325,159.346,159.325,159.334
2026-08-27 08:35,159.337,159.349,159.318,159.336
2026-08-27 08:40,159.336,159.348,159.283,159.301
2026-08-27 08:45,159.296,159.306,159.275,159.287
2026-08-27 08:50,159.282,159.306,159.277,159.301
2026-08-27 08:55,159.295,159.325,159.288,159.318
2026-08-27 09:00,159.319,159.353,159.305,159.342
2026-08-27 09:05,159.348,159.355,159.330,159.340
2026-08-27 09:10,159.337,159.361,159.331,159.347
2026-08-27 09:15,159.351,159.384,159.345,159.376
2026-08-27 09:20,159.376,159.390,159.360,159.370
2026-08-27 09:25,159.370,159.413,159.370,159.390
2026-08-27 09:30,159.395,159.435,159.388,159.428
2026-08-27 09:35,159.428,159.476,159.423,159.471
2026-08-27 09:40,159.465,159.490,159.452,159.480
2026-08-27 09:45,159.479,159.486,159.450,159.455
2026-08-27 09:50,159.450,159.459,159.441,159.443
2026-08-27 09:55,159.445,159.482,159.440,159.473
2026-08-27 10:00,159.471,159.490,159.454,159.469
2026-08-27 10:05,159.468,159.487,159.457,159.465
2026-08-27 10:10,159.465,159.471,159.441,159.448
2026-08-27 10:15,159.441,159.451,159.420,159.424
2026-08-27 10:20,159.428,159.434,159.413,159.428
2026-08-27 10:25,159.426,159.459,159.424,159.445
2026-08-27 10:30,159.449,159.472,159.445,159.466
2026-08-27 10:35,159.469,159.497,159.462,159.489
2026-08-27 10:40,159.494,159.526,159.458,159.468
2026-08-27 10:45,159.463,159.497,159.463,159.481
2026-08-27 10:50,159.483,159.495,159.467,159.472
2026-08-27 10:55,159.467,159.485,159.460,159.474
2026-08-27 11:00,159.471,159.498,159.463,159.495
2026-08-27 11:05,159.492,159.498,159.470,159.486
2026-08-27 11:10,159.479,159.497,159.472,159.472
2026-08-27 11:15,159.472,159.486,159.451,159.459
2026-08-27 11:20,159.459,159.472,159.447,159.455
2026-08-27 11:25,159.455,159.472,159.446,159.463
2026-08-27 11:30,159.461,159.472,159.417,159.445
2026-08-27 11:35,159.446,159.474,159.434,159.454
2026-08-27 11:40,159.453,159.471,159.441,159.467
2026-08-27 11:45,159.470,159.515,159.457,159.494
2026-08-27 11:50,159.493,159.509,159.438,159.448
2026-08-27 11:55,159.442,159.454,159.412,159.434
2026-08-27 12:00,159.434,159.443,159.398,159.422
2026-08-27 12:05,159.422,159.435,159.380,159.389
2026-08-27 12:10,159.383,159.426,159.374,159.410
2026-08-27 12:15,159.415,159.422,159.362,159.363
2026-08-27 12:20,159.361,159.388,159.342,159.385
2026-08-27 12:25,159.379,159.429,159.368,159.399
2026-08-27 12:30,159.400,159.441,159.365,159.423
2026-08-27 12:35,159.417,159.445,159.414,159.419
2026-08-27 12:40,159.419,159.445,159.398,159.417
2026-08-27 12:45,159.413,159.435,159.406,159.430
2026-08-27 12:50,159.436,159.447,159.409,159.418
2026-08-27 12:55,159.422,159.431,159.399,159.408
2026-08-27 13:00,159.410,159.426,159.369,159.402
2026-08-27 13:05,159.402,159.430,159.399,159.423
2026-08-27 13:10,159.427,159.454,159.421,159.443
2026-08-27 13:15,159.449,159.467,159.420,159.436
2026-08-27 13:20,159.437,159.439,159.364,159.386
2026-08-27 13:25,159.385,159.393,159.340,159.362
2026-08-27 13:30,159.362,159.391,159.343,159.383
2026-08-27 13:35,159.380,159.391,159.359,159.381
2026-08-27 13:40,159.385,159.397,159.369,159.389
2026-08-27 13:45,159.389,159.421,159.370,159.387
2026-08-27 13:50,159.395,159.412,159.380,159.382
2026-08-27 13:55,159.384,159.389,159.335,159.361
2026-08-27 14:00,159.363,159.375,159.340,159.340
2026-08-27 14:05,159.341,159.360,159.290,159.330
2026-08-27 14:10,159.326,159.362,159.310,159.344
2026-08-27 14:15,159.343,159.355,159.320,159.336
2026-08-27 14:20,159.332,159.373,159.327,159.372
2026-08-27 14:25,159.366,159.373,159.337,159.338
2026-08-27 14:30,159.338,159.342,159.308,159.310
2026-08-27 14:35,159.310,159.328,159.288,159.300
2026-08-27 14:40,159.297,159.346,159.282,159.336
2026-08-27 14:45,159.336,159.343,159.306,159.331
2026-08-27 14:50,159.331,159.344,159.297,159.319
2026-08-27 14:55,159.320,159.336,159.270,159.326
2026-08-27 15:00,159.331,159.331,159.270,159.299
2026-08-27 15:05,159.300,159.325,159.274,159.316
2026-08-27 15:10,159.320,159.330,159.298,159.321
2026-08-27 15:15,159.320,159.328,159.288,159.323
2026-08-27 15:20,159.324,159.328,159.302,159.314
2026-08-27 15:25,159.314,159.329,159.303,159.306
2026-08-27 15:30,159.306,159.315,159.280,159.289
2026-08-27 15:35,159.290,159.305,159.285,159.292
2026-08-27 15:40,159.292,159.298,159.270,159.274
2026-08-27 15:45,159.274,159.305,159.270,159.286
2026-08-27 15:50,159.284,159.293,159.245,159.250
2026-08-27 15:55,159.250,159.266,159.233,159.262
2026-08-27 16:00,159.258,159.276,159.247,159.267
2026-08-27 16:05,159.267,159.293,159.263,159.276
2026-08-27 16:10,159.271,159.282,159.246,159.259
2026-08-27 16:15,159.259,159.278,159.258,159.267
2026-08-27 16:20,159.267,159.272,159.240,159.259
2026-08-27 16:25,159.259,159.279,159.246,159.255
2026-08-27 16:30,159.254,159.261,159.240,159.243
2026-08-27 16:35,159.242,159.262,159.242,159.255
2026-08-27 16:40,159.259,159.275,159.254,159.266
2026-08-27 16:45,159.269,159.306,159.261,159.295
2026-08-27 16:50,159.295,159.306,159.283,159.295
2026-08-27 16:55,159.294,159.304,159.278,159.289
2026-08-27 17:00,159.289,159.295,159.260,159.271
2026-08-27 17:05,159.272,159.301,159.271,159.296
2026-08-27 17:10,159.295,159.325,159.294,159.319
2026-08-27 17:15,159.318,159.331,159.307,159.309
2026-08-27 17:20,159.308,159.318,159.295,159.307
2026-08-27 17:25,159.306,159.314,159.298,159.310
2026-08-27 17:30,159.305,159.327,159.305,159.312
2026-08-27 17:35,159.315,159.342,159.311,159.341
2026-08-27 17:40,159.335,159.369,159.333,159.358
2026-08-27 17:45,159.358,159.388,159.354,159.370
2026-08-27 17:50,159.371,159.393,159.368,159.376
2026-08-27 17:55,159.381,159.408,159.373,159.402
2026-08-27 18:00,159.400,159.455,159.396,159.450
2026-08-27 18:05,159.455,159.460,159.434,159.448
2026-08-27 18:10,159.444,159.454,159.416,159.417
2026-08-27 18:15,159.417,159.427,159.410,159.423
2026-08-27 18:20,159.420,159.436,159.410,159.421
2026-08-27 18:25,159.421,159.434,159.407,159.422
2026-08-27 18:30,159.418,159.438,159.416,159.434
2026-08-27 18:35,159.430,159.436,159.417,159.430
2026-08-27 18:40,159.430,159.437,159.420,159.429
2026-08-27 18:45,159.427,159.440,159.426,159.435
2026-08-27 18:50,159.431,159.436,159.409,159.418
2026-08-27 18:55,159.418,159.435,159.405,159.429
2026-08-27 19:00,159.428,159.434,159.408,159.424
2026-08-27 19:05,159.418,159.423,159.395,159.407
2026-08-27 19:10,159.407,159.438,159.406,159.433
2026-08-27 19:15,159.429,159.448,159.416,159.426
2026-08-27 19:20,159.423,159.433,159.417,159.417
2026-08-27 19:25,159.417,159.437,159.416,159.435
2026-08-27 19:30,159.430,159.441,159.417,159.423
2026-08-27 19:35,159.419,159.426,159.407,159.416
2026-08-27 19:40,159.414,159.424,159.406,159.414
2026-08-27 19:45,159.409,159.417,159.402,159.410
2026-08-27 19:50,159.410,159.425,159.405,159.407
2026-08-27 19:55,159.407,159.424,159.396,159.416
2026-08-27 20:00,159.412,159.422,159.401,159.403
2026-08-27 20:05,159.402,159.411,159.393,159.398
2026-08-27 20:10,159.397,159.411,159.392,159.397
2026-08-27 20:15,159.396,159.404,159.391,159.395
2026-08-27 20:20,159.392,159.397,159.381,159.397
2026-08-27 20:25,159.392,159.411,159.388,159.392
2026-08-27 20:30,159.391,159.396,159.388,159.392
2026-08-27 20:35,159.393,159.395,159.377,159.381
2026-08-27 20:40,159.378,159.391,159.375,159.379
2026-08-27 20:45,159.376,159.388,159.370,159.376
2026-08-27 20:50,159.378,159.394,159.374,159.383
2026-08-27 20:55,159.383,159.414,159.362,159.367
2026-08-27 21:00,159.376,159.376,159.304,159.355
2026-08-27 21:05,159.362,159.410,159.340,159.401
2026-08-27 21:10,159.403,159.408,159.382,159.402
2026-08-27 21:15,159.398,159.417,159.388,159.389
2026-08-27 21:20,159.405,159.412,159.359,159.361
2026-08-27 21:25,159.368,159.382,159.356,159.362
2026-08-27 21:30,159.371,159.386,159.358,159.380
2026-08-27 21:35,159.372,159.385,159.361,159.370
2026-08-27 21:40,159.363,159.386,159.356,159.383
2026-08-27 21:45,159.382,159.399,159.354,159.356
2026-08-27 21:50,159.356,159.375,159.354,159.371
2026-08-27 21:55,159.371,159.377,159.354,159.362
2026-08-27 22:00,159.362,159.384,159.348,159.379
2026-08-27 22:05,159.367,159.387,159.354,159.355
2026-08-27 22:10,159.368,159.370,159.347,159.359
2026-08-27 22:15,159.350,159.363,159.349,159.363
2026-08-27 22:20,159.350,159.382,159.349,159.373
2026-08-27 22:25,159.374,159.395,159.366,159.387
2026-08-27 22:30,159.380,159.393,159.373,159.375
2026-08-27 22:35,159.389,159.389,159.360,159.363
2026-08-27 22:40,159.363,159.378,159.362,159.377
2026-08-27 22:45,159.364,159.378,159.361,159.367
2026-08-27 22:50,159.375,159.377,159.362,159.369
2026-08-27 22:55,159.363,159.374,159.349,159.351
2026-08-27 23:00,159.350,159.372,159.347,159.358
2026-08-27 23:05,159.355,159.367,159.354,159.360
2026-08-27 23:10,159.355,159.365,159.345,159.350
2026-08-27 23:15,159.347,159.361,159.344,159.353
2026-08-27 23:20,159.345,159.361,159.339,159.341
2026-08-27 23:25,159.349,159.366,159.339,159.352
2026-08-27 23:30,159.352,159.374,159.350,159.355
2026-08-27 23:35,159.361,159.362,159.327,159.336
2026-08-27 23:40,159.329,159.347,159.329,159.334
2026-08-27 23:45,159.337,159.340,159.305,159.313
2026-08-27 23:50,159.305,159.327,159.304,159.319
2026-08-27 23:55,159.319,159.327,159.305,159.308
2026-08-28 00:00,159.307,159.333,159.292,159.325
2026-08-28 00:05,159.320,159.349,159.314,159.343
2026-08-28 00:10,159.340,159.360,159.337,159.341
2026-08-28 00:15,159.341,159.385,159.339,159.373
2026-08-28 00:20,159.371,159.390,159.354,159.359
2026-08-28 00:25,159.359,159.384,159.357,159.362
2026-08-28 00:30,159.360,159.373,159.352,159.358
2026-08-28 00:35,159.355,159.363,159.330,159.348
2026-08-28 00:40,159.343,159.350,159.326,159.344
2026-08-28 00:45,159.338,159.349,159.310,159.333
2026-08-28 00:50,159.327,159.373,159.319,159.322
2026-08-28 00:55,159.337,159.369,159.314,159.360
2026-08-28 01:00,159.365,159.384,159.354,159.354
2026-08-28 01:05,159.354,159.367,159.332,159.348
2026-08-28 01:10,159.345,159.365,159.340,159.343
2026-08-28 01:15,159.345,159.358,159.325,159.355
2026-08-28 01:20,159.355,159.364,159.328,159.359
2026-08-28 01:25,159.363,159.374,159.348,159.372
2026-08-28 01:30,159.367,159.382,159.357,159.363
2026-08-28 01:35,159.364,159.375,159.342,159.355
2026-08-28 01:40,159.354,159.399,159.348,159.396
2026-08-28 01:45,159.390,159.435,159.382,159.414
2026-08-28 01:50,159.412,159.438,159.402,159.430
2026-08-28 01:55,159.437,159.445,159.414,159.426
2026-08-28 02:00,159.426,159.452,159.424,159.442
2026-08-28 02:05,159.441,159.449,159.425,159.439
2026-08-28 02:10,159.439,159.457,159.434,159.443
2026-08-28 02:15,159.444,159.456,159.398,159.420
2026-08-28 02:20,159.415,159.431,159.388,159.388
2026-08-28 02:25,159.388,159.416,159.386,159.409
2026-08-28 02:30,159.407,159.447,159.406,159.435
2026-08-28 02:35,159.434,159.442,159.416,159.426
2026-08-28 02:40,159.419,159.449,159.417,159.441
2026-08-28 02:45,159.441,159.467,159.437,159.437
2026-08-28 02:50,159.437,159.448,159.406,159.414
2026-08-28 02:55,159.414,159.445,159.411,159.433
2026-08-28 03:00,159.436,159.454,159.428,159.445
2026-08-28 03:05,159.444,159.455,159.438,159.448
2026-08-28 03:10,159.445,159.464,159.434,159.455
2026-08-28 03:15,159.455,159.463,159.442,159.448
2026-08-28 03:20,159.446,159.455,159.440,159.447
2026-08-28 03:25,159.444,159.451,159.428,159.430
2026-08-28 03:30,159.436,159.452,159.430,159.441
2026-08-28 03:35,159.441,159.460,159.431,159.440
2026-08-28 03:40,159.436,159.447,159.429,159.431
2026-08-28 03:45,159.431,159.448,159.431,159.445
2026-08-28 03:50,159.441,159.457,159.440,159.450
2026-08-28 03:55,159.445,159.461,159.442,159.444
2026-08-28 04:00,159.444,159.479,159.444,159.469
2026-08-28 04:05,159.469,159.475,159.457,159.467
2026-08-28 04:10,159.467,159.479,159.465,159.466
2026-08-28 04:15,159.466,159.476,159.456,159.457
2026-08-28 04:20,159.463,159.490,159.457,159.486
2026-08-28 04:25,159.480,159.489,159.477,159.479
2026-08-28 04:30,159.479,159.499,159.478,159.489
2026-08-28 04:35,159.491,159.498,159.480,159.482
2026-08-28 04:40,159.485,159.488,159.466,159.475
2026-08-28 04:45,159.476,159.491,159.470,159.488
2026-08-28 04:50,159.483,159.502,159.482,159.483
2026-08-28 04:55,159.488,159.515,159.480,159.493
2026-08-28 05:00,159.493,159.538,159.492,159.521
2026-08-28 05:05,159.518,159.545,159.515,159.542
2026-08-28 05:10,159.536,159.554,159.534,159.544
2026-08-28 05:15,159.545,159.549,159.523,159.529
2026-08-28 05:20,159.537,159.560,159.524,159.553
2026-08-28 05:25,159.552,159.556,159.535,159.536
2026-08-28 05:30,159.536,159.551,159.530,159.541
2026-08-28 05:35,159.548,159.549,159.515,159.534
2026-08-28 05:40,159.528,159.552,159.528,159.544
2026-08-28 05:45,159.536,159.546,159.522,159.534
2026-08-28 05:50,159.531,159.537,159.506,159.509
2026-08-28 05:55,159.510,159.525,159.495,159.518
2026-08-28 06:00,159.523,159.542,159.515,159.529
2026-08-28 06:05,159.529,159.535,159.507,159.510
2026-08-28 06:10,159.512,159.530,159.505,159.523
2026-08-28 06:15,159.516,159.529,159.500,159.505
2026-08-28 06:20,159.506,159.514,159.471,159.480
2026-08-28 06:25,159.482,159.492,159.466,159.474
2026-08-28 06:30,159.474,159.507,159.467,159.469
2026-08-28 06:35,159.470,159.485,159.448,159.455
2026-08-28 06:40,159.461,159.476,159.440,159.449
2026-08-28 06:45,159.451,159.452,159.424,159.441
2026-08-28 06:50,159.442,159.452,159.429,159.441
2026-08-28 06:55,159.441,159.447,159.408,159.414
2026-08-28 07:00,159.415,159.446,159.404,159.435
2026-08-28 07:05,159.441,159.457,159.434,159.450
2026-08-28 07:10,159.450,159.472,159.445,159.457
2026-08-28 07:15,159.457,159.505,159.450,159.486
2026-08-28 07:20,159.484,159.501,159.481,159.496
2026-08-28 07:25,159.493,159.499,159.459,159.463
2026-08-28 07:30,159.462,159.469,159.448,159.456
2026-08-28 07:35,159.457,159.469,159.435,159.466
2026-08-28 07:40,159.461,159.488,159.449,159.487
2026-08-28 07:45,159.482,159.502,159.464,159.468
2026-08-28 07:50,159.468,159.496,159.465,159.484
2026-08-28 07:55,159.483,159.507,159.475,159.501
2026-08-28 08:00,159.502,159.530,159.495,159.513
2026-08-28 08:05,159.513,159.554,159.513,159.542
2026-08-28 08:10,159.546,159.572,159.532,159.569
2026-08-28 08:15,159.567,159.576,159.553,159.553
2026-08-28 08:20,159.553,159.561,159.532,159.538
2026-08-28 08:25,159.538,159.570,159.526,159.569
2026-08-28 08:30,159.565,159.575,159.540,159.545
2026-08-28 08:35,159.553,159.554,159.520,159.534
2026-08-28 08:40,159.527,159.552,159.526,159.544
2026-08-28 08:45,159.551,159.576,159.544,159.565
2026-08-28 08:50,159.569,159.587,159.564,159.574
2026-08-28 08:55,159.576,159.588,159.568,159.568
2026-08-28 09:00,159.568,159.595,159.564,159.582
2026-08-28 09:05,159.588,159.636,159.580,159.617
2026-08-28 09:10,159.617,159.631,159.607,159.624
2026-08-28 09:15,159.625,159.651,159.618,159.620
2026-08-28 09:20,159.621,159.637,159.612,159.624
2026-08-28 09:25,159.624,159.644,159.621,159.631
2026-08-28 09:30,159.632,159.653,159.628,159.637
2026-08-28 09:35,159.636,159.666,159.631,159.655
2026-08-28 09:40,159.650,159.668,159.649,159.657
2026-08-28 09:45,159.651,159.662,159.631,159.642
2026-08-28 09:50,159.642,159.681,159.642,159.676
2026-08-28 09:55,159.670,159.692,159.667,159.683
2026-08-28 10:00,159.683,159.694,159.668,159.671
2026-08-28 10:05,159.670,159.677,159.655,159.660
2026-08-28 10:10,159.665,159.682,159.656,159.674
2026-08-28 10:15,159.680,159.681,159.654,159.665
2026-08-28 10:20,159.659,159.676,159.656,159.658
2026-08-28 10:25,159.658,159.674,159.650,159.672
2026-08-28 10:30,159.667,159.674,159.650,159.652
2026-08-28 10:35,159.652,159.664,159.645,159.648
2026-08-28 10:40,159.654,159.665,159.631,159.655
2026-08-28 10:45,159.655,159.679,159.654,159.669
2026-08-28 10:50,159.677,159.686,159.660,159.662
2026-08-28 10:55,159.661,159.670,159.632,159.633
2026-08-28 11:00,159.633,159.660,159.627,159.645
2026-08-28 11:05,159.645,159.663,159.641,159.658
2026-08-28 11:10,159.653,159.671,159.645,159.650
2026-08-28 11:15,159.650,159.660,159.641,159.645
2026-08-28 11:20,159.645,159.673,159.645,159.661
2026-08-28 11:25,159.661,159.675,159.655,159.659
2026-08-28 11:30,159.659,159.681,159.650,159.670
2026-08-28 11:35,159.670,159.682,159.660,159.660
2026-08-28 11:40,159.667,159.681,159.660,159.668
2026-08-28 11:45,159.666,159.686,159.661,159.678
2026-08-28 11:50,159.680,159.685,159.658,159.660
2026-08-28 11:55,159.660,159.674,159.648,159.648
2026-08-28 12:00,159.648,159.658,159.631,159.651
2026-08-28 12:05,159.648,159.673,159.646,159.665
2026-08-28 12:10,159.665,159.679,159.644,159.654
2026-08-28 12:15,159.650,159.658,159.598,159.613
2026-08-28 12:20,159.617,159.628,159.592,159.595
2026-08-28 12:25,159.595,159.616,159.588,159.594
2026-08-28 12:30,159.594,159.623,159.591,159.609
2026-08-28 12:35,159.608,159.641,159.600,159.631
2026-08-28 12:40,159.636,159.642,159.606,159.606
2026-08-28 12:45,159.606,159.624,159.586,159.608
2026-08-28 12:50,159.608,159.625,159.597,159.599
2026-08-28 12:55,159.599,159.605,159.558,159.575
2026-08-28 13:00,159.570,159.605,159.560,159.602
2026-08-28 13:05,159.596,159.608,159.585,159.588
2026-08-28 13:10,159.588,159.642,159.576,159.635
2026-08-28 13:15,159.635,159.653,159.630,159.631
2026-08-28 13:20,159.635,159.657,159.625,159.645
2026-08-28 13:25,159.645,159.656,159.625,159.636
2026-08-28 13:30,159.632,159.643,159.604,159.625
2026-08-28 13:35,159.628,159.659,159.624,159.635
2026-08-28 13:40,159.635,159.661,159.634,159.649
2026-08-28 13:45,159.648,159.654,159.625,159.632
2026-08-28 13:50,159.625,159.633,159.603,159.612
2026-08-28 13:55,159.612,159.693,159.531,159.662
2026-08-28 14:00,159.640,159.733,159.385,159.712
2026-08-28 14:05,159.710,159.740,159.658,159.708
2026-08-28 14:10,159.709,159.883,159.708,159.875
2026-08-28 14:15,159.870,159.925,159.824,159.923
2026-08-28 14:20,159.916,159.944,159.875,159.920
2026-08-28 14:25,159.925,159.945,159.862,159.888
2026-08-28 14:30,159.882,159.910,159.846,159.846
2026-08-28 14:35,159.846,159.904,159.837,159.890
2026-08-28 14:40,159.884,159.910,159.844,159.863
2026-08-28 14:45,159.864,159.935,159.856,159.923
2026-08-28 14:50,159.923,159.937,159.884,159.897
2026-08-28 14:55,159.898,159.898,159.839,159.868
2026-08-28 15:00,159.872,159.922,159.825,159.900
2026-08-28 15:05,159.898,159.939,159.896,159.925
2026-08-28 15:10,159.928,159.978,159.921,159.960
2026-08-28 15:15,159.962,159.978,159.948,159.969
2026-08-28 15:20,159.971,159.984,159.953,159.960
2026-08-28 15:25,159.959,159.988,159.946,159.973
2026-08-28 15:30,159.978,159.990,159.963,159.981
2026-08-28 15:35,159.989,160.032,159.964,160.011
2026-08-28 15:40,160.012,160.059,160.004,160.040
2026-08-28 15:45,160.034,160.060,159.974,160.041
2026-08-28 15:50,160.038,160.047,159.967,159.996
2026-08-28 15:55,159.997,160.005,159.951,159.975
2026-08-28 16:00,159.975,160.002,159.954,159.997
2026-08-28 16:05,159.995,160.061,159.991,160.041
2026-08-28 16:10,160.041,160.091,160.040,160.064
2026-08-28 16:15,160.059,160.130,160.051,160.125
2026-08-28 16:20,160.128,160.154,160.108,160.146
2026-08-28 16:25,160.147,160.148,160.110,160.133
2026-08-28 16:30,160.136,160.157,160.110,160.147
2026-08-28 16:35,160.145,160.155,160.122,160.138
2026-08-28 16:40,160.144,160.198,160.136,160.190
2026-08-28 16:45,160.183,160.193,160.165,160.167
2026-08-28 16:50,160.168,160.196,160.166,160.183
2026-08-28 16:55,160.183,160.202,160.181,160.195
2026-08-28 17:00,160.189,160.201,160.157,160.168
2026-08-28 17:05,160.168,160.193,160.163,160.170
2026-08-28 17:10,160.176,160.177,160.132,160.155
2026-08-28 17:15,160.148,160.179,160.140,160.166
2026-08-28 17:20,160.163,160.174,160.155,160.174
2026-08-28 17:25,160.165,160.184,160.152,160.157
2026-08-28 17:30,160.157,160.186,160.152,160.170
2026-08-28 17:35,160.167,160.187,160.158,160.178
2026-08-28 17:40,160.178,160.202,160.176,160.192
2026-08-28 17:45,160.194,160.202,160.167,160.181
2026-08-28 17:50,160.179,160.187,160.164,160.170
2026-08-28 17:55,160.170,160.187,160.168,160.178
2026-08-28 18:00,160.176,160.191,160.170,160.183
2026-08-28 18:05,160.183,160.190,160.138,160.170
2026-08-28 18:10,160.169,160.176,160.162,160.167
2026-08-28 18:15,160.170,160.181,160.155,160.177
2026-08-28 18:20,160.177,160.181,160.152,160.159
2026-08-28 18:25,160.158,160.166,160.129,160.146
2026-08-28 18:30,160.148,160.167,160.144,160.150
2026-08-28 18:35,160.150,160.172,160.143,160.166
2026-08-28 18:40,160.168,160.180,160.155,160.155
2026-08-28 18:45,160.155,160.169,160.148,160.157
2026-08-28 18:50,160.156,160.169,160.145,160.158
2026-08-28 18:55,160.159,160.168,160.129,160.133
2026-08-28 19:00,160.137,160.148,160.083,160.089
2026-08-28 19:05,160.094,160.098,160.074,160.090
2026-08-28 19:10,160.086,160.126,160.084,160.113
2026-08-28 19:15,160.111,160.124,160.100,160.100
2026-08-28 19:20,160.100,160.106,160.073,160.075
2026-08-28 19:25,160.076,160.081,160.059,160.063
2026-08-28 19:30,160.062,160.087,160.062,160.076
2026-08-28 19:35,160.076,160.103,160.075,160.079
2026-08-28 19:40,160.078,160.088,160.068,160.081
2026-08-28 19:45,160.086,160.102,160.072,160.093
2026-08-28 19:50,160.093,160.106,160.082,160.083
2026-08-28 19:55,160.083,160.090,160.043,160.078
2026-08-28 20:00,160.081,160.088,160.064,160.087
2026-08-28 20:05,160.081,160.093,160.061,160.081
2026-08-28 20:10,160.080,160.097,160.074,160.082
2026-08-28 20:15,160.075,160.095,160.070,160.088
2026-08-28 20:20,160.089,160.100,160.073,160.087
2026-08-28 20:25,160.088,160.095,160.059,160.064
2026-08-28 20:30,160.060,160.100,160.057,160.092
2026-08-28 20:35,160.092,160.116,160.085,160.109
2026-08-28 20:40,160.107,160.140,160.099,160.122
2026-08-28 20:45,160.111,160.131,160.093,160.095
2026-08-28 20:50,160.095,160.114,160.081,160.081
2026-08-28 20:55,160.089,160.122,160.004,160.038
2026-08-30 23:00,160.104,160.130,160.102,160.124
2026-08-30 23:05,160.120,160.196,160.120,160.196
2026-08-30 23:10,160.190,160.201,160.159,160.168
2026-08-30 23:15,160.164,160.196,160.163,160.170
2026-08-30 23:20,160.169,160.179,160.144,160.157
2026-08-30 23:25,160.158,160.168,160.145,160.167
2026-08-30 23:30,160.160,160.168,160.117,160.132
2026-08-30 23:35,160.129,160.135,160.108,160.124
2026-08-30 23:40,160.118,160.142,160.108,160.138
2026-08-30 23:45,160.135,160.156,160.115,160.119
2026-08-30 23:50,160.119,160.133,160.109,160.120
2026-08-30 23:55,160.120,160.135,160.109,160.111
2026-08-31 00:00,160.114,160.117,160.008,160.028
2026-08-31 00:05,160.021,160.029,159.969,159.996
2026-08-31 00:10,159.999,160.046,159.995,160.002
2026-08-31 00:15,159.996,160.009,159.950,159.985
2026-08-31 00:20,159.978,160.041,159.977,160.035
2026-08-31 00:25,160.030,160.060,160.022,160.040
2026-08-31 00:30,160.040,160.047,160.001,160.013
2026-08-31 00:35,160.014,160.023,159.985,160.017
2026-08-31 00:40,160.014,160.053,160.003,160.036
2026-08-31 00:45,160.042,160.052,160.011,160.035
2026-08-31 00:50,160.028,160.042,159.968,159.990
2026-08-31 00:55,159.990,160.010,159.951,159.959
2026-08-31 01:00,159.960,159.981,159.921,159.936
2026-08-31 01:05,159.937,159.975,159.928,159.963
2026-08-31 01:10,159.963,159.976,159.927,159.955
2026-08-31 01:15,159.959,159.965,159.909,159.915
2026-08-31 01:20,159.915,159.929,159.803,159.817
2026-08-31 01:25,159.823,159.858,159.803,159.823
2026-08-31 01:30,159.821,159.865,159.791,159.862
2026-08-31 01:35,159.861,159.863,159.811,159.836
2026-08-31 01:40,159.833,159.850,159.748,159.802
2026-08-31 01:45,159.798,159.824,159.785,159.813
2026-08-31 01:50,159.816,159.820,159.775,159.795
2026-08-31 01:55,159.788,159.835,159.788,159.818
2026-08-31 02:00,159.818,159.844,159.817,159.826
2026-08-31 02:05,159.820,159.835,159.792,159.802
2026-08-31 02:10,159.799,159.815,159.782,159.789
2026-08-31 02:15,159.783,159.815,159.766,159.789
2026-08-31 02:20,159.781,159.801,159.765,159.765
2026-08-31 02:25,159.768,159.773,159.726,159.754
2026-08-31 02:30,159.753,159.796,159.744,159.792
2026-08-31 02:35,159.785,159.815,159.780,159.792
2026-08-31 02:40,159.789,159.815,159.775,159.784
2026-08-31 02:45,159.782,159.798,159.762,159.765
2026-08-31 02:50,159.765,159.779,159.751,159.761
2026-08-31 02:55,159.766,159.800,159.753,159.769
2026-08-31 03:00,159.768,159.781,159.745,159.774
2026-08-31 03:05,159.770,159.788,159.765,159.780
2026-08-31 03:10,159.779,159.792,159.765,159.772
2026-08-31 03:15,159.772,159.775,159.752,159.772
2026-08-31 03:20,159.771,159.790,159.763,159.786
2026-08-31 03:25,159.784,159.799,159.777,159.792
2026-08-31 03:30,159.792,159.835,159.781,159.831
2026-08-31 03:35,159.825,159.840,159.824,159.829
2026-08-31 03:40,159.829,159.843,159.807,159.819
2026-08-31 03:45,159.813,159.823,159.800,159.809
2026-08-31 03:50,159.805,159.812,159.791,159.804
2026-08-31 03:55,159.804,159.821,159.795,159.796
2026-08-31 04:00,159.796,159.803,159.740,159.746
2026-08-31 04:05,159.752,159.783,159.746,159.762
2026-08-31 04:10,159.761,159.773,159.748,159.760
2026-08-31 04:15,159.760,159.795,159.760,159.792
2026-08-31 04:20,159.785,159.813,159.785,159.804
2026-08-31 04:25,159.804,159.823,159.797,159.818
2026-08-31 04:30,159.815,159.831,159.800,159.802
2026-08-31 04:35,159.803,159.811,159.790,159.801
2026-08-31 04:40,159.807,159.815,159.750,159.763
2026-08-31 04:45,159.762,159.777,159.752,159.762
2026-08-31 04:50,159.762,159.788,159.759,159.780
2026-08-31 04:55,159.787,159.797,159.776,159.787
2026-08-31 05:00,159.785,159.808,159.784,159.789
2026-08-31 05:05,159.785,159.799,159.770,159.778
2026-08-31 05:10,159.775,159.791,159.770,159.775
2026-08-31 05:15,159.776,159.813,159.761,159.807
2026-08-31 05:20,159.808,159.831,159.792,159.795
2026-08-31 05:25,159.794,159.805,159.765,159.767
2026-08-31 05:30,159.774,159.817,159.767,159.791
2026-08-31 05:35,159.790,159.813,159.788,159.808
2026-08-31 05:40,159.802,159.826,159.800,159.819
2026-08-31 05:45,159.813,159.843,159.800,159.836
2026-08-31 05:50,159.836,159.874,159.821,159.865
2026-08-31 05:55,159.868,159.875,159.819,159.828
2026-08-31 06:00,159.823,159.859,159.801,159.836
2026-08-31 06:05,159.829,159.846,159.815,159.845
2026-08-31 06:10,159.835,159.845,159.803,159.811
2026-08-31 06:15,159.805,159.823,159.790,159.809
2026-08-31 06:20,159.805,159.836,159.780,159.834
2026-08-31 06:25,159.828,159.874,159.822,159.864
2026-08-31 06:30,159.856,159.909,159.854,159.903
2026-08-31 06:35,159.897,159.915,159.872,159.875
2026-08-31 06:40,159.874,159.880,159.839,159.848
2026-08-31 06:45,159.852,159.881,159.835,159.868
2026-08-31 06:50,159.865,159.882,159.848,159.853
2026-08-31 06:55,159.853,159.875,159.794,159.800
2026-08-31 07:00,159.795,159.819,159.774,159.803
2026-08-31 07:05,159.803,159.811,159.760,159.775
2026-08-31 07:10,159.775,159.781,159.668,159.678
2026-08-31 07:15,159.671,159.678,159.600,159.627
2026-08-31 07:20,159.620,159.639,159.554,159.554
2026-08-31 07:25,159.555,159.611,159.546,159.594
2026-08-31 07:30,159.588,159.611,159.539,159.604
2026-08-31 07:35,159.609,159.638,159.593,159.624
2026-08-31 07:40,159.629,159.643,159.588,159.620
2026-08-31 07:45,159.626,159.631,159.575,159.582
2026-08-31 07:50,159.582,159.609,159.574,159.575
2026-08-31 07:55,159.575,159.588,159.548,159.576
2026-08-31 08:00,159.575,159.577,159.470,159.489
2026-08-31 08:05,159.489,159.556,159.474,159.545
2026-08-31 08:10,159.540,159.591,159.539,159.570
2026-08-31 08:15,159.565,159.607,159.550,159.565
2026-08-31 08:20,159.565,159.599,159.544,159.595
2026-08-31 08:25,159.601,159.624,159.589,159.616
2026-08-31 08:30,159.615,159.646,159.611,159.636
2026-08-31 08:35,159.629,159.647,159.607,159.622
2026-08-31 08:40,159.614,159.667,159.613,159.656
2026-08-31 08:45,159.663,159.671,159.627,159.662
2026-08-31 08:50,159.662,159.693,159.661,159.691
2026-08-31 08:55,159.684,159.750,159.681,159.735
2026-08-31 09:00,159.737,159.751,159.705,159.721
2026-08-31 09:05,159.728,159.756,159.719,159.719
2026-08-31 09:10,159.726,159.740,159.696,159.704
2026-08-31 09:15,159.698,159.720,159.685,159.708
2026-08-31 09:20,159.711,159.716,159.684,159.696
2026-08-31 09:25,159.696,159.728,159.689,159.700
2026-08-31 09:30,159.694,159.742,159.694,159.732
2026-08-31 09:35,159.732,159.758,159.729,159.751
2026-08-31 09:40,159.751,159.767,159.703,159.723
2026-08-31 09:45,159.722,159.744,159.716,159.735
2026-08-31 09:50,159.730,159.745,159.711,159.717
2026-08-31 09:55,159.716,159.736,159.713,159.728
2026-08-31 10:00,159.735,159.741,159.698,159.702
2026-08-31 10:05,159.700,159.742,159.698,159.732
2026-08-31 10:10,159.732,159.741,159.715,159.716
2026-08-31 10:15,159.721,159.777,159.716,159.755
2026-08-31 10:20,159.754,159.760,159.726,159.741
2026-08-31 10:25,159.738,159.747,159.721,159.730
2026-08-31 10:30,159.725,159.747,159.725,159.740
2026-08-31 10:35,159.740,159.753,159.726,159.726
2026-08-31 10:40,159.730,159.744,159.712,159.736
2026-08-31 10:45,159.736,159.747,159.728,159.728
2026-08-31 10:50,159.728,159.743,159.700,159.728
2026-08-31 10:55,159.725,159.730,159.708,159.721
2026-08-31 11:00,159.721,159.733,159.697,159.705
2026-08-31 11:05,159.700,159.714,159.681,159.686
2026-08-31 11:10,159.686,159.702,159.670,159.671
2026-08-31 11:15,159.671,159.678,159.657,159.658
2026-08-31 11:20,159.658,159.664,159.631,159.648
2026-08-31 11:25,159.649,159.649,159.616,159.620
2026-08-31 11:30,159.620,159.672,159.600,159.666
2026-08-31 11:35,159.662,159.682,159.651,159.668
2026-08-31 11:40,159.671,159.673,159.636,159.667
2026-08-31 11:45,159.671,159.706,159.663,159.694
2026-08-31 11:50,159.693,159.697,159.664,159.683
2026-08-31 11:55,159.688,159.710,159.675,159.707
2026-08-31 12:00,159.702,159.708,159.675,159.700
2026-08-31 12:05,159.699,159.763,159.690,159.710
2026-08-31 12:10,159.710,159.727,159.690,159.699
2026-08-31 12:15,159.697,159.717,159.686,159.696
2026-08-31 12:20,159.703,159.732,159.673,159.725
2026-08-31 12:25,159.725,159.776,159.722,159.776
2026-08-31 12:30,159.770,159.811,159.763,159.805
2026-08-31 12:35,159.805,159.853,159.801,159.823
2026-08-31 12:40,159.821,159.842,159.808,159.825
2026-08-31 12:45,159.819,159.851,159.815,159.841
2026-08-31 12:50,159.836,159.852,159.832,159.848
2026-08-31 12:55,159.846,159.885,159.844,159.875
2026-08-31 13:00,159.878,159.896,159.862,159.879
2026-08-31 13:05,159.873,159.882,159.846,159.854
2026-08-31 13:10,159.860,159.869,159.841,159.857
2026-08-31 13:15,159.858,159.867,159.819,159.833
2026-08-31 13:20,159.833,159.868,159.828,159.836
2026-08-31 13:25,159.836,159.842,159.760,159.786
2026-08-31 13:30,159.784,159.831,159.782,159.825
2026-08-31 13:35,159.825,159.843,159.798,159.801
2026-08-31 13:40,159.801,159.841,159.775,159.834
2026-08-31 13:45,159.835,159.847,159.810,159.826
2026-08-31 13:50,159.826,159.872,159.811,159.858
2026-08-31 13:55,159.854,159.870,159.812,159.824
2026-08-31 14:00,159.825,159.856,159.815,159.823
2026-08-31 14:05,159.822,159.834,159.800,159.805
2026-08-31 14:10,159.805,159.828,159.798,159.805
2026-08-31 14:15,159.802,159.822,159.776,159.787
2026-08-31 14:20,159.791,159.795,159.771,159.781
2026-08-31 14:25,159.777,159.786,159.753,159.778
2026-08-31 14:30,159.784,159.807,159.750,159.797
2026-08-31 14:35,159.791,159.797,159.593,159.714
2026-08-31 14:40,159.714,159.753,159.668,159.720
2026-08-31 14:45,159.721,159.727,159.658,159.722
2026-08-31 14:50,159.721,159.745,159.657,159.666
2026-08-31 14:55,159.665,159.761,159.634,159.703
2026-08-31 15:00,159.707,159.756,159.678,159.749
2026-08-31 15:05,159.749,159.766,159.708,159.720
2026-08-31 15:10,159.717,159.744,159.691,159.740
2026-08-31 15:15,159.736,159.766,159.726,159.749
2026-08-31 15:20,159.755,159.800,159.740,159.784
2026-08-31 15:25,159.782,159.796,159.747,159.749
2026-08-31 15:30,159.751,159.773,159.732,159.759
2026-08-31 15:35,159.754,159.762,159.730,159.736
2026-08-31 15:40,159.736,159.747,159.713,159.731
2026-08-31 15:45,159.725,159.731,159.688,159.708
2026-08-31 15:50,159.708,159.733,159.707,159.723
2026-08-31 15:55,159.727,159.756,159.722,159.743
2026-08-31 16:00,159.740,159.742,159.696,159.720
2026-08-31 16:05,159.717,159.721,159.676,159.690
2026-08-31 16:10,159.691,159.704,159.675,159.686
2026-08-31 16:15,159.686,159.706,159.676,159.700
2026-08-31 16:20,159.700,159.704,159.661,159.662
2026-08-31 16:25,159.663,159.695,159.660,159.687
2026-08-31 16:30,159.693,159.721,159.684,159.716
2026-08-31 16:35,159.713,159.732,159.701,159.721
2026-08-31 16:40,159.720,159.721,159.684,159.701
2026-08-31 16:45,159.701,159.711,159.683,159.700
2026-08-31 16:50,159.700,159.707,159.663,159.674
2026-08-31 16:55,159.674,159.704,159.670,159.676
2026-08-31 17:00,159.680,159.698,159.675,159.686
2026-08-31 17:05,159.686,159.706,159.682,159.688
2026-08-31 17:10,159.689,159.698,159.672,159.679
2026-08-31 17:15,159.678,159.694,159.676,159.688
2026-08-31 17:20,159.685,159.694,159.664,159.681
2026-08-31 17:25,159.682,159.699,159.670,159.690
2026-08-31 17:30,159.691,159.705,159.686,159.701
2026-08-31 17:35,159.698,159.721,159.690,159.713
2026-08-31 17:40,159.710,159.715,159.683,159.693
2026-08-31 17:45,159.690,159.697,159.662,159.664
2026-08-31 17:50,159.664,159.709,159.664,159.690
2026-08-31 17:55,159.690,159.700,159.678,159.687
2026-08-31 18:00,159.689,159.711,159.671,159.680
2026-08-31 18:05,159.686,159.695,159.676,159.687
2026-08-31 18:10,159.691,159.698,159.684,159.687
2026-08-31 18:15,159.684,159.697,159.677,159.688
2026-08-31 18:20,159.689,159.695,159.681,159.686
2026-08-31 18:25,159.683,159.723,159.681,159.709
2026-08-31 18:30,159.709,159.752,159.708,159.744
2026-08-31 18:35,159.739,159.775,159.732,159.775
2026-08-31 18:40,159.768,159.794,159.748,159.785
2026-08-31 18:45,159.786,159.802,159.766,159.771
2026-08-31 18:50,159.773,159.780,159.751,159.767
2026-08-31 18:55,159.761,159.815,159.753,159.793
2026-08-31 19:00,159.795,159.814,159.760,159.776
2026-08-31 19:05,159.770,159.784,159.756,159.756
2026-08-31 19:10,159.758,159.777,159.742,159.765
2026-08-31 19:15,159.765,159.776,159.745,159.752
2026-08-31 19:20,159.745,159.755,159.721,159.722
2026-08-31 19:25,159.722,159.740,159.713,159.726
2026-08-31 19:30,159.730,159.736,159.703,159.720
2026-08-31 19:35,159.719,159.781,159.718,159.776
2026-08-31 19:40,159.773,159.795,159.772,159.787
2026-08-31 19:45,159.784,159.799,159.772,159.778
2026-08-31 19:50,159.781,159.786,159.749,159.755
2026-08-31 19:55,159.749,159.781,159.742,159.745
2026-08-31 20:00,159.747,159.753,159.718,159.729
2026-08-31 20:05,159.732,159.753,159.724,159.743
2026-08-31 20:10,159.738,159.746,159.730,159.738
2026-08-31 20:15,159.740,159.754,159.736,159.746
2026-08-31 20:20,159.746,159.756,159.741,159.751
2026-08-31 20:25,159.748,159.754,159.745,159.746
2026-08-31 20:30,159.747,159.774,159.745,159.765
2026-08-31 20:35,159.764,159.773,159.757,159.760
2026-08-31 20:40,159.757,159.767,159.743,159.753
2026-08-31 20:45,159.746,159.760,159.730,159.740
2026-08-31 20:50,159.735,159.745,159.727,159.735
2026-08-31 20:55,159.739,159.748,159.716,159.726
2026-08-31 21:00,159.725,159.738,159.717,159.731
2026-08-31 21:05,159.727,159.740,159.699,159.738
2026-08-31 21:10,159.706,159.764,159.706,159.760
2026-08-31 21:15,159.760,159.764,159.741,159.750
2026-08-31 21:20,159.750,159.755,159.734,159.738
2026-08-31 21:25,159.740,159.755,159.736,159.741
2026-08-31 21:30,159.741,159.754,159.734,159.738
2026-08-31 21:35,159.752,159.763,159.736,159.741
2026-08-31 21:40,159.741,159.765,159.738,159.752
2026-08-31 21:45,159.740,159.759,159.720,159.739
2026-08-31 21:50,159.736,159.753,159.702,159.725
2026-08-31 21:55,159.725,159.743,159.707,159.707
2026-08-31 22:00,159.709,159.784,159.694,159.755
2026-08-31 22:05,159.755,159.770,159.728,159.750
2026-08-31 22:10,159.746,159.760,159.730,159.741
2026-08-31 22:15,159.748,159.758,159.736,159.752
2026-08-31 22:20,159.753,159.766,159.738,159.752
2026-08-31 22:25,159.752,159.768,159.737,159.742
2026-08-31 22:30,159.749,159.766,159.738,159.764
2026-08-31 22:35,159.751,159.766,159.743,159.754
2026-08-31 22:40,159.765,159.782,159.754,159.767
2026-08-31 22:45,159.777,159.781,159.764,159.765
2026-08-31 22:50,159.765,159.781,159.763,159.780
2026-08-31 22:55,159.766,159.781,159.764,159.768
2026-08-31 23:00,159.768,159.829,159.767,159.818
2026-08-31 23:05,159.818,159.829,159.798,159.809
2026-08-31 23:10,159.805,159.829,159.798,159.829
2026-08-31 23:15,159.820,159.830,159.793,159.801
2026-08-31 23:20,159.793,159.804,159.790,159.802
2026-08-31 23:25,159.796,159.803,159.783,159.791
2026-08-31 23:30,159.794,159.809,159.784,159.795
2026-08-31 23:35,159.795,159.803,159.784,159.801
2026-08-31 23:40,159.792,159.801,159.755,159.769
2026-08-31 23:45,159.762,159.777,159.755,159.765
2026-08-31 23:50,159.756,159.764,159.734,159.752
2026-08-31 23:55,159.746,159.769,159.734,159.750
2026-09-01 00:00,159.744,159.837,159.743,159.820
2026-09-01 00:05,159.820,159.830,159.714,159.738
2026-09-01 00:10,159.730,159.743,159.695,159.700
2026-09-01 00:15,159.700,159.742,159.683,159.688
2026-09-01 00:20,159.687,159.696,159.628,159.652
2026-09-01 00:25,159.659,159.680,159.637,159.659
2026-09-01 00:30,159.659,159.709,159.651,159.681
2026-09-01 00:35,159.690,159.736,159.681,159.724
2026-09-01 00:40,159.715,159.756,159.710,159.751
2026-09-01 00:45,159.743,159.781,159.725,159.770
2026-09-01 00:50,159.762,159.789,159.732,159.763
2026-09-01 00:55,159.758,159.813,159.748,159.797
2026-09-01 01:00,159.792,159.813,159.759,159.776
2026-09-01 01:05,159.774,159.799,159.759,159.779
2026-09-01 01:10,159.779,159.809,159.757,159.800
2026-09-01 01:15,159.799,159.837,159.792,159.828
2026-09-01 01:20,159.831,159.850,159.814,159.843
2026-09-01 01:25,159.842,159.844,159.800,159.808
2026-09-01 01:30,159.808,159.837,159.800,159.808
2026-09-01 01:35,159.807,159.814,159.780,159.804
2026-09-01 01:40,159.802,159.809,159.763,159.772
2026-09-01 01:45,159.772,159.805,159.772,159.795
2026-09-01 01:50,159.795,159.821,159.789,159.797
2026-09-01 01:55,159.790,159.799,159.698,159.754
2026-09-01 02:00,159.745,159.825,159.745,159.822
2026-09-01 02:05,159.812,159.845,159.796,159.829
2026-09-01 02:10,159.830,159.840,159.794,159.796
2026-09-01 02:15,159.799,159.824,159.775,159.778
2026-09-01 02:20,159.777,159.792,159.770,159.777
2026-09-01 02:25,159.777,159.787,159.758,159.761
2026-09-01 02:30,159.761,159.791,159.761,159.780
2026-09-01 02:35,159.778,159.812,159.771,159.802
2026-09-01 02:40,159.803,159.812,159.777,159.780
2026-09-01 02:45,159.778,159.813,159.777,159.808
2026-09-01 02:50,159.810,159.812,159.785,159.793
2026-09-01 02:55,159.793,159.800,159.778,159.780
2026-09-01 03:00,159.780,159.813,159.780,159.804
2026-09-01 03:05,159.806,159.810,159.776,159.801
2026-09-01 03:10,159.802,159.809,159.778,159.783
2026-09-01 03:15,159.780,159.786,159.763,159.774
2026-09-01 03:20,159.774,159.799,159.773,159.789
2026-09-01 03:25,159.789,159.802,159.778,159.787
2026-09-01 03:30,159.786,159.805,159.780,159.794
2026-09-01 03:35,159.790,159.812,159.786,159.795
2026-09-01 03:40,159.794,159.800,159.776,159.777
2026-09-01 03:45,159.777,159.791,159.776,159.780
2026-09-01 03:50,159.780,159.811,159.778,159.802
2026-09-01 03:55,159.802,159.808,159.791,159.799
2026-09-01 04:00,159.806,159.819,159.795,159.816
2026-09-01 04:05,159.813,159.836,159.805,159.825
2026-09-01 04:10,159.832,159.844,159.813,159.828
2026-09-01 04:15,159.821,159.837,159.800,159.825
2026-09-01 04:20,159.823,159.834,159.820,159.821
2026-09-01 04:25,159.821,159.862,159.821,159.839
2026-09-01 04:30,159.839,159.850,159.827,159.833
2026-09-01 04:35,159.833,159.863,159.828,159.850
2026-09-01 04:40,159.855,159.867,159.844,159.846
2026-09-01 04:45,159.846,159.867,159.845,159.859
2026-09-01 04:50,159.859,159.866,159.841,159.853
2026-09-01 04:55,159.847,159.882,159.847,159.866
2026-09-01 05:00,159.866,159.875,159.838,159.841
2026-09-01 05:05,159.841,159.863,159.837,159.858
2026-09-01 05:10,159.859,159.873,159.855,159.873
2026-09-01 05:15,159.869,159.893,159.868,159.885
2026-09-01 05:20,159.882,159.905,159.870,159.873
2026-09-01 05:25,159.873,159.890,159.864,159.872
2026-09-01 05:30,159.865,159.897,159.865,159.882
2026-09-01 05:35,159.879,159.891,159.835,159.861
2026-09-01 05:40,159.863,159.870,159.825,159.834
2026-09-01 05:45,159.834,159.846,159.822,159.828
2026-09-01 05:50,159.837,159.869,159.827,159.850
2026-09-01 05:55,159.848,159.886,159.843,159.874
2026-09-01 06:00,159.880,159.893,159.860,159.889
2026-09-01 06:05,159.887,159.905,159.875,159.893
2026-09-01 06:10,159.889,159.925,159.880,159.918
2026-09-01 06:15,159.918,159.930,159.903,159.918
2026-09-01 06:20,159.914,159.933,159.911,159.926
2026-09-01 06:25,159.926,159.956,159.924,159.942
2026-09-01 06:30,159.942,159.976,159.942,159.969
2026-09-01 06:35,159.973,159.982,159.962,159.969
2026-09-01 06:40,159.969,159.975,159.938,159.971
2026-09-01 06:45,159.969,159.979,159.953,159.971
2026-09-01 06:50,159.967,159.982,159.955,159.963
2026-09-01 06:55,159.962,159.969,159.928,159.946
2026-09-01 07:00,159.940,159.963,159.914,159.941
2026-09-01 07:05,159.941,159.977,159.936,159.950
2026-09-01 07:10,159.949,159.966,159.940,159.941
2026-09-01 07:15,159.948,159.970,159.941,159.966
2026-09-01 07:20,159.966,159.991,159.962,159.980
2026-09-01 07:25,159.978,159.986,159.967,159.984
2026-09-01 07:30,159.978,160.018,159.977,160.012
2026-09-01 07:35,160.012,160.023,160.002,160.010
2026-09-01 07:40,160.003,160.022,159.976,160.013
2026-09-01 07:45,160.013,160.020,159.990,159.996
2026-09-01 07:50,159.991,160.006,159.970,159.984
2026-09-01 07:55,159.984,159.992,159.967,159.979
2026-09-01 08:00,159.979,160.023,159.979,160.010
2026-09-01 08:05,160.015,160.024,159.927,160.013
2026-09-01 08:10,160.008,160.023,159.968,159.977
2026-09-01 08:15,159.977,160.000,159.966,159.970
2026-09-01 08:20,159.967,160.000,159.955,159.997
2026-09-01 08:25,159.999,160.012,159.969,159.985
2026-09-01 08:30,159.983,159.991,159.955,159.976
2026-09-01 08:35,159.975,159.983,159.962,159.964
2026-09-01 08:40,159.964,159.973,159.945,159.962
2026-09-01 08:45,159.961,159.962,159.918,159.926
2026-09-01 08:50,159.918,159.947,159.918,159.932
2026-09-01 08:55,159.936,159.952,159.921,159.921
2026-09-01 09:00,159.920,159.945,159.911,159.916
2026-09-01 09:05,159.911,159.922,159.893,159.917
2026-09-01 09:10,159.918,159.922,159.891,159.891
2026-09-01 09:15,159.892,159.922,159.886,159.912
2026-09-01 09:20,159.911,159.950,159.907,159.942
2026-09-01 09:25,159.942,159.974,159.931,159.968
2026-09-01 09:30,159.968,159.979,159.956,159.962
2026-09-01 09:35,159.958,159.976,159.950,159.962
2026-09-01 09:40,159.965,159.973,159.956,159.972
2026-09-01 09:45,159.967,159.991,159.967,159.985
2026-09-01 09:50,159.985,160.021,159.983,160.009
2026-09-01 09:55,160.009,160.061,160.004,160.049
2026-09-01 10:00,160.049,160.065,160.036,160.041
2026-09-01 10:05,160.047,160.057,160.018,160.018
2026-09-01 10:10,160.018,160.039,160.002,160.033
2026-09-01 10:15,160.038,160.039,160.017,160.018
2026-09-01 10:20,160.018,160.025,159.975,159.991
2026-09-01 10:25,159.995,160.012,159.986,160.001
2026-09-01 10:30,160.007,160.037,160.001,160.031
2026-09-01 10:35,160.024,160.054,160.017,160.044
2026-09-01 10:40,160.044,160.072,160.043,160.068
2026-09-01 10:45,160.068,160.100,160.067,160.089
2026-09-01 10:50,160.089,160.113,160.082,160.109
2026-09-01 10:55,160.108,160.113,160.083,160.083
2026-09-01 11:00,160.086,160.135,160.083,160.129
2026-09-01 11:05,160.130,160.139,160.116,160.121
2026-09-01 11:10,160.121,160.130,160.101,160.127
2026-09-01 11:15,160.129,160.148,160.117,160.134
2026-09-01 11:20,160.132,160.145,159.983,160.106
2026-09-01 11:25,160.107,160.120,160.048,160.063
2026-09-01 11:30,160.059,160.083,160.038,160.077
2026-09-01 11:35,160.074,160.087,160.056,160.056
2026-09-01 11:40,160.056,160.079,160.045,160.046
2026-09-01 11:45,160.046,160.075,160.033,160.068
2026-09-01 11:50,160.070,160.090,160.056,160.081
2026-09-01 11:55,160.082,160.127,160.081,160.108
2026-09-01 12:00,160.108,160.137,160.106,160.118
2026-09-01 12:05,160.118,160.176,160.118,160.168
2026-09-01 12:10,160.167,160.169,160.135,160.142
2026-09-01 12:15,160.142,160.148,160.112,160.120
2026-09-01 12:20,160.118,160.164,160.118,160.154
2026-09-01 12:25,160.154,160.167,160.124,160.161
2026-09-01 12:30,160.161,160.193,160.146,160.187
2026-09-01 12:35,160.182,160.209,160.128,160.161
2026-09-01 12:40,160.162,160.191,160.157,160.169
2026-09-01 12:45,160.171,160.175,160.010,160.119
2026-09-01 12:50,160.119,160.134,160.095,160.105
2026-09-01 12:55,160.108,160.128,160.084,160.101
2026-09-01 13:00,160.102,160.161,160.098,160.154
2026-09-01 13:05,160.156,160.163,160.117,160.128
2026-09-01 13:10,160.128,160.146,160.103,160.112
2026-09-01 13:15,160.111,160.117,160.084,160.090
2026-09-01 13:20,160.085,160.121,160.070,160.108
2026-09-01 13:25,160.108,160.116,160.082,160.082
2026-09-01 13:30,160.087,160.087,160.043,160.052
2026-09-01 13:35,160.047,160.075,160.024,160.046
2026-09-01 13:40,160.048,160.062,160.020,160.029
2026-09-01 13:45,160.029,160.081,160.022,160.071
2026-09-01 13:50,160.071,160.094,160.068,160.086
2026-09-01 13:55,160.091,160.095,159.992,159.992
2026-09-01 14:00,160.004,160.078,159.912,160.059
2026-09-01 14:05,160.059,160.068,159.990,160.002
2026-09-01 14:10,160.003,160.015,159.977,159.981
2026-09-01 14:15,159.983,160.005,159.942,159.954
2026-09-01 14:20,159.954,159.963,159.897,159.902
2026-09-01 14:25,159.906,159.958,159.888,159.949
2026-09-01 14:30,159.948,159.954,159.891,159.909
2026-09-01 14:35,159.917,159.975,159.895,159.972
2026-09-01 14:40,159.967,160.021,159.960,160.003
2026-09-01 14:45,160.003,160.047,159.980,160.043
2026-09-01 14:50,160.038,160.062,160.015,160.037
2026-09-01 14:55,160.037,160.090,160.036,160.071
2026-09-01 15:00,160.066,160.094,160.049,160.071
2026-09-01 15:05,160.071,160.083,160.033,160.046
2026-09-01 15:10,160.049,160.072,160.036,160.055
2026-09-01 15:15,160.056,160.074,160.040,160.054
2026-09-01 15:20,160.054,160.086,160.051,160.079
2026-09-01 15:25,160.080,160.108,160.070,160.073
2026-09-01 15:30,160.077,160.094,160.068,160.071
2026-09-01 15:35,160.076,160.083,160.064,160.082
2026-09-01 15:40,160.078,160.083,160.039,160.039
2026-09-01 15:45,160.041,160.058,160.013,160.046
2026-09-01 15:50,160.045,160.048,160.013,160.036
2026-09-01 15:55,160.036,160.066,160.019,160.028
2026-09-01 16:00,160.026,160.039,160.013,160.032
2026-09-01 16:05,160.027,160.042,160.000,160.034
2026-09-01 16:10,160.034,160.078,160.034,160.069
2026-09-01 16:15,160.068,160.120,160.054,160.110
2026-09-01 16:20,160.110,160.145,160.110,160.138
2026-09-01 16:25,160.136,160.163,160.130,160.157
2026-09-01 16:30,160.161,160.177,160.146,160.153
2026-09-01 16:35,160.151,160.163,160.103,160.105
2026-09-01 16:40,160.105,160.133,160.097,160.125
2026-09-01 16:45,160.128,160.143,160.115,160.136
2026-09-01 16:50,160.136,160.155,160.117,160.147
2026-09-01 16:55,160.146,160.173,160.142,160.161
2026-09-01 17:00,160.161,160.176,160.156,160.169
2026-09-01 17:05,160.164,160.173,160.143,160.146
2026-09-01 17:10,160.151,160.172,160.141,160.163
2026-09-01 17:15,160.163,160.197,160.163,160.187
2026-09-01 17:20,160.188,160.192,160.160,160.172
2026-09-01 17:25,160.167,160.209,160.161,160.168
2026-09-01 17:30,160.167,160.198,160.142,160.191
2026-09-01 17:35,160.192,160.204,160.176,160.203
2026-09-01 17:40,160.199,160.216,160.194,160.206
2026-09-01 17:45,160.210,160.242,160.203,160.234
2026-09-01 17:50,160.234,160.240,160.223,160.234
2026-09-01 17:55,160.234,160.248,160.233,160.238
2026-09-01 18:00,160.241,160.248,160.193,160.223
2026-09-01 18:05,160.220,160.237,160.213,160.230
2026-09-01 18:10,160.230,160.247,160.230,160.236
2026-09-01 18:15,160.236,160.247,160.236,160.240
2026-09-01 18:20,160.238,160.247,160.224,160.231
2026-09-01 18:25,160.228,160.244,160.228,160.235
2026-09-01 18:30,160.234,160.263,160.232,160.244
2026-09-01 18:35,160.245,160.260,160.242,160.250
2026-09-01 18:40,160.244,160.272,160.244,160.255
2026-09-01 18:45,160.249,160.258,160.234,160.243
2026-09-01 18:50,160.239,160.243,160.206,160.210
2026-09-01 18:55,160.208,160.231,160.186,160.198
2026-09-01 19:00,160.199,160.220,160.184,160.190
2026-09-01 19:05,160.187,160.205,160.172,160.192
2026-09-01 19:10,160.195,160.199,160.182,160.187
2026-09-01 19:15,160.192,160.199,160.180,160.198
2026-09-01 19:20,160.194,160.208,160.193,160.201
2026-09-01 19:25,160.200,160.230,160.200,160.225
2026-09-01 19:30,160.225,160.229,160.182,160.216
2026-09-01 19:35,160.213,160.233,160.212,160.225
2026-09-01 19:40,160.227,160.242,160.221,160.235
2026-09-01 19:45,160.236,160.249,160.234,160.246
2026-09-01 19:50,160.239,160.247,160.228,160.236
2026-09-01 19:55,160.238,160.241,160.215,160.220
2026-09-01 20:00,160.220,160.244,160.219,160.228
2026-09-01 20:05,160.226,160.233,160.204,160.208
2026-09-01 20:10,160.214,160.240,160.207,160.236
2026-09-01 20:15,160.232,160.241,160.205,160.205
2026-09-01 20:20,160.206,160.215,160.198,160.200
2026-09-01 20:25,160.200,160.211,160.189,160.198
2026-09-01 20:30,160.190,160.217,160.190,160.216
2026-09-01 20:35,160.216,160.223,160.194,160.207
2026-09-01 20:40,160.207,160.217,160.178,160.191
2026-09-01 20:45,160.191,160.203,160.177,160.185
2026-09-01 20:50,160.191,160.201,160.181,160.192
2026-09-01 20:55,160.190,160.203,160.152,160.163
2026-09-01 21:00,160.141,160.185,160.123,160.134
2026-09-01 21:05,160.150,160.157,160.136,160.148
2026-09-01 21:10,160.148,160.155,160.133,160.146
2026-09-01 21:15,160.139,160.164,160.128,160.152
2026-09-01 21:20,160.133,160.157,160.129,160.144
2026-09-01 21:25,160.132,160.161,160.132,160.136
2026-09-01 21:30,160.136,160.184,160.136,160.181
2026-09-01 21:35,160.149,160.188,160.145,160.168
2026-09-01 21:40,160.168,160.179,160.149,160.151
2026-09-01 21:45,160.177,160.177,160.100,160.151
2026-09-01 21:50,160.150,160.173,160.094,160.144
2026-09-01 21:55,160.147,160.171,160.102,160.140
2026-09-01 22:00,160.136,160.178,160.114,160.165
2026-09-01 22:05,160.163,160.178,160.154,160.178
2026-09-01 22:10,160.175,160.178,160.149,160.149
2026-09-01 22:15,160.149,160.169,160.149,160.152
2026-09-01 22:20,160.160,160.169,160.150,160.154
2026-09-01 22:25,160.160,160.182,160.152,160.172
2026-09-01 22:30,160.167,160.181,160.151,160.164
2026-09-01 22:35,160.164,160.182,160.162,160.166
2026-09-01 22:40,160.175,160.198,160.166,160.191
2026-09-01 22:45,160.190,160.208,160.182,160.195
2026-09-01 22:50,160.202,160.207,160.179,160.199
2026-09-01 22:55,160.198,160.205,160.188,160.193
2026-09-01 23:00,160.194,160.220,160.194,160.214
2026-09-01 23:05,160.207,160.234,160.205,160.218
2026-09-01 23:10,160.218,160.228,160.207,160.208
2026-09-01 23:15,160.208,160.220,160.206,160.207
2026-09-01 23:20,160.207,160.216,160.188,160.205
2026-09-01 23:25,160.200,160.211,160.193,160.204
2026-09-01 23:30,160.194,160.208,160.171,160.176
2026-09-01 23:35,160.177,160.185,160.147,160.162
2026-09-01 23:40,160.163,160.176,160.154,160.171
2026-09-01 23:45,160.166,160.195,160.164,160.173
2026-09-01 23:50,160.173,160.197,160.170,160.189
2026-09-01 23:55,160.181,160.212,160.179,160.193
2026-09-02 00:00,160.194,160.216,160.135,160.149
2026-09-02 00:05,160.154,160.210,160.141,160.195
2026-09-02 00:10,160.195,160.233,160.190,160.197
2026-09-02 00:15,160.197,160.219,160.187,160.206
2026-09-02 00:20,160.200,160.210,160.129,160.146
2026-09-02 00:25,160.145,160.202,160.143,160.187
2026-09-02 00:30,160.188,160.241,160.178,160.231
2026-09-02 00:35,160.228,160.250,160.220,160.230
2026-09-02 00:40,160.229,160.245,160.160,160.181
2026-09-02 00:45,160.178,160.222,160.173,160.218
2026-09-02 00:50,160.209,160.258,160.209,160.248
2026-09-02 00:55,160.250,160.293,160.240,160.284
2026-09-02 01:00,160.284,160.323,160.275,160.304
2026-09-02 01:05,160.304,160.321,160.295,160.300
2026-09-02 01:10,160.297,160.310,160.274,160.283
2026-09-02 01:15,160.283,160.300,160.261,160.288
2026-09-02 01:20,160.286,160.304,160.263,160.271
2026-09-02 01:25,160.270,160.303,160.270,160.274
2026-09-02 01:30,160.277,160.324,160.268,160.315
2026-09-02 01:35,160.315,160.348,160.315,160.331
2026-09-02 01:40,160.339,160.348,160.324,160.345
2026-09-02 01:45,160.344,160.386,160.335,160.368
2026-09-02 01:50,160.368,160.394,160.363,160.373
2026-09-02 01:55,160.374,160.388,160.356,160.365
2026-09-02 02:00,160.365,160.394,160.340,160.348
2026-09-02 02:05,160.348,160.370,160.334,160.355
2026-09-02 02:10,160.358,160.362,160.320,160.332
2026-09-02 02:15,160.332,160.343,160.320,160.335
2026-09-02 02:20,160.336,160.352,160.325,160.336
2026-09-02 02:25,160.337,160.346,160.307,160.314
2026-09-02 02:30,160.308,160.317,160.289,160.295
2026-09-02 02:35,160.294,160.307,160.270,160.277
2026-09-02 02:40,160.276,160.282,160.240,160.257
2026-09-02 02:45,160.257,160.282,160.250,160.261
2026-09-02 02:50,160.256,160.279,160.256,160.261
2026-09-02 02:55,160.261,160.270,160.250,160.258
2026-09-02 03:00,160.258,160.265,160.220,160.233
2026-09-02 03:05,160.233,160.252,160.224,160.226
2026-09-02 03:10,160.226,160.271,160.226,160.260
2026-09-02 03:15,160.260,160.273,160.251,160.257
2026-09-02 03:20,160.262,160.265,160.245,160.246
2026-09-02 03:25,160.252,160.262,160.244,160.251
2026-09-02 03:30,160.252,160.258,160.234,160.238
2026-09-02 03:35,160.246,160.256,160.233,160.238
2026-09-02 03:40,160.234,160.241,160.199,160.214
2026-09-02 03:45,160.210,160.220,160.194,160.210
2026-09-02 03:50,160.217,160.229,160.208,160.225
2026-09-02 03:55,160.221,160.238,160.205,160.206
2026-09-02 04:00,160.206,160.213,160.174,160.180
2026-09-02 04:05,160.182,160.188,160.158,160.182
2026-09-02 04:10,160.183,160.190,160.158,160.182
2026-09-02 04:15,160.182,160.217,160.160,160.213
2026-09-02 04:20,160.208,160.215,160.188,160.202
2026-09-02 04:25,160.197,160.203,160.170,160.200
2026-09-02 04:30,160.195,160.209,160.160,160.161
2026-09-02 04:35,160.164,160.189,160.161,160.181
2026-09-02 04:40,160.181,160.188,160.148,160.150
2026-09-02 04:45,160.150,160.164,160.030,160.130
2026-09-02 04:50,160.124,160.130,160.031,160.065
2026-09-02 04:55,160.059,160.113,160.047,160.104
2026-09-02 05:00,160.103,160.127,160.079,160.121
2026-09-02 05:05,160.121,160.133,160.070,160.070
2026-09-02 05:10,160.070,160.090,160.001,160.034
2026-09-02 05:15,160.034,160.063,159.948,160.043
2026-09-02 05:20,160.043,160.068,160.033,160.044
2026-09-02 05:25,160.045,160.065,159.969,159.970
2026-09-02 05:30,159.976,159.998,159.940,159.992
2026-09-02 05:35,159.985,160.003,159.945,159.995
2026-09-02 05:40,159.997,160.001,159.912,159.944
2026-09-02 05:45,159.945,159.952,159.856,159.874
2026-09-02 05:50,159.868,159.910,159.822,159.855
2026-09-02 05:55,159.855,159.861,159.793,159.824
2026-09-02 06:00,159.817,159.819,159.646,159.680
2026-09-02 06:05,159.679,159.688,159.484,159.496
2026-09-02 06:10,159.489,159.574,159.427,159.537
2026-09-02 06:15,159.530,159.707,159.529,159.684
2026-09-02 06:20,159.694,159.697,159.611,159.619
2026-09-02 06:25,159.611,159.635,159.544,159.634
2026-09-02 06:30,159.633,159.661,159.572,159.578
2026-09-02 06:35,159.581,159.655,159.563,159.606
2026-09-02 06:40,159.599,159.614,159.494,159.501
2026-09-02 06:45,159.505,159.600,159.492,159.575
2026-09-02 06:50,159.575,159.583,159.458,159.542
2026-09-02 06:55,159.542,159.645,159.524,159.595
2026-09-02 07:00,159.590,159.707,159.590,159.703
2026-09-02 07:05,159.696,159.734,159.664,159.677
2026-09-02 07:10,159.682,159.721,159.667,159.702
2026-09-02 07:15,159.696,159.768,159.676,159.734
2026-09-02 07:20,159.733,159.737,159.651,159.653
2026-09-02 07:25,159.653,159.681,159.604,159.658
2026-09-02 07:30,159.657,159.672,159.556,159.569
2026-09-02 07:35,159.568,159.634,159.542,159.617
2026-09-02 07:40,159.611,159.657,159.585,159.652
2026-09-02 07:45,159.651,159.686,159.614,159.668
2026-09-02 07:50,159.666,159.675,159.629,159.646
2026-09-02 07:55,159.641,159.705,159.632,159.687
2026-09-02 08:00,159.687,159.704,159.650,159.691
2026-09-02 08:05,159.691,159.724,159.665,159.682
2026-09-02 08:10,159.676,159.725,159.656,159.714
2026-09-02 08:15,159.712,159.755,159.712,159.748
2026-09-02 08:20,159.753,159.764,159.651,159.652
2026-09-02 08:25,159.652,159.670,159.638,159.663
2026-09-02 08:30,159.664,159.698,159.647,159.676
2026-09-02 08:35,159.683,159.724,159.670,159.711
2026-09-02 08:40,159.705,159.737,159.700,159.717
2026-09-02 08:45,159.723,159.757,159.704,159.751
2026-09-02 08:50,159.751,159.787,159.732,159.779
2026-09-02 08:55,159.783,159.855,159.774,159.846
2026-09-02 09:00,159.846,159.882,159.837,159.846
2026-09-02 09:05,159.844,159.852,159.826,159.840
2026-09-02 09:10,159.836,159.849,159.803,159.811
2026-09-02 09:15,159.816,159.819,159.767,159.792
2026-09-02 09:20,159.790,159.814,159.780,159.806
2026-09-02 09:25,159.806,159.863,159.806,159.838
2026-09-02 09:30,159.831,159.857,159.824,159.840
2026-09-02 09:35,159.847,159.847,159.797,159.815
2026-09-02 09:40,159.816,159.861,159.812,159.857
2026-09-02 09:45,159.853,159.862,159.836,159.855
2026-09-02 09:50,159.855,159.869,159.847,159.852
2026-09-02 09:55,159.849,159.862,159.810,159.853
2026-09-02 10:00,159.854,159.882,159.835,159.874
2026-09-02 10:05,159.877,159.889,159.856,159.880
2026-09-02 10:10,159.877,159.884,159.861,159.862
2026-09-02 10:15,159.867,159.871,159.850,159.864
2026-09-02 10:20,159.863,159.884,159.855,159.873
2026-09-02 10:25,159.873,159.892,159.852,159.886
2026-09-02 10:30,159.886,159.908,159.857,159.857
2026-09-02 10:35,159.857,159.874,159.850,159.867
2026-09-02 10:40,159.868,159.905,159.868,159.883
2026-09-02 10:45,159.883,159.909,159.878,159.902
2026-09-02 10:50,159.902,159.922,159.886,159.898
2026-09-02 10:55,159.897,159.911,159.884,159.888
2026-09-02 11:00,159.888,159.902,159.864,159.878
2026-09-02 11:05,159.877,159.905,159.839,159.864
2026-09-02 11:10,159.863,159.893,159.777,159.808
2026-09-02 11:15,159.812,159.830,159.783,159.797
2026-09-02 11:20,159.797,159.817,159.772,159.782
2026-09-02 11:25,159.781,159.783,159.741,159.764
2026-09-02 11:30,159.764,159.771,159.673,159.685
2026-09-02 11:35,159.690,159.695,159.616,159.668
2026-09-02 11:40,159.668,159.713,159.651,159.704
2026-09-02 11:45,159.701,159.741,159.661,159.678
2026-09-02 11:50,159.684,159.695,159.624,159.631
2026-09-02 11:55,159.632,159.666,159.614,159.630
2026-09-02 12:00,159.630,159.638,159.565,159.566
2026-09-02 12:05,159.571,159.618,159.528,159.583
2026-09-02 12:10,159.582,159.631,159.563,159.614
2026-09-02 12:15,159.602,159.644,159.587,159.629
2026-09-02 12:20,159.626,159.655,159.493,159.560
2026-09-02 12:25,159.562,159.640,159.558,159.624
2026-09-02 12:30,159.622,159.698,159.621,159.690
2026-09-02 12:35,159.688,159.695,159.670,159.671
2026-09-02 12:40,159.671,159.697,159.650,159.679
2026-09-02 12:45,159.676,159.711,159.626,159.647
2026-09-02 12:50,159.647,159.690,159.632,159.639
2026-09-02 12:55,159.639,159.648,159.582,159.587
2026-09-02 13:00,159.586,159.614,159.557,159.606
2026-09-02 13:05,159.611,159.616,159.546,159.561
2026-09-02 13:10,159.558,159.589,159.524,159.589
2026-09-02 13:15,159.583,159.602,159.517,159.520
2026-09-02 13:20,159.525,159.526,159.343,159.362
2026-09-02 13:25,159.365,159.370,158.194,158.851
2026-09-02 13:30,158.846,159.048,158.678,159.017
2026-09-02 13:35,159.024,159.036,158.620,158.721
2026-09-02 13:40,158.733,158.860,158.533,158.580
2026-09-02 13:45,158.589,158.809,158.579,158.697
2026-09-02 13:50,158.705,158.755,158.529,158.586
2026-09-02 13:55,158.590,158.634,158.484,158.566
2026-09-02 14:00,158.561,158.793,158.547,158.600
2026-09-02 14:05,158.601,158.726,158.560,158.713
2026-09-02 14:10,158.720,158.737,158.598,158.676
2026-09-02 14:15,158.684,158.821,158.646,158.771
2026-09-02 14:20,158.781,158.784,158.687,158.754
2026-09-02 14:25,158.747,158.757,158.674,158.714
2026-09-02 14:30,158.718,158.808,158.701,158.752
2026-09-02 14:35,158.752,158.785,158.687,158.731
2026-09-02 14:40,158.734,158.787,158.497,158.777
2026-09-02 14:45,158.771,158.816,158.740,158.778
2026-09-02 14:50,158.774,158.857,158.738,158.760
2026-09-02 14:55,158.765,158.774,158.636,158.743
2026-09-02 15:00,158.738,158.810,158.673,158.737
2026-09-02 15:05,158.736,158.752,158.662,158.719
2026-09-02 15:10,158.712,158.746,158.668,158.693
2026-09-02 15:15,158.687,158.707,158.641,158.668
2026-09-02 15:20,158.665,158.716,158.616,158.676
2026-09-02 15:25,158.673,158.688,158.637,158.653
2026-09-02 15:30,158.657,158.699,158.601,158.696
2026-09-02 15:35,158.695,158.731,158.651,158.671
2026-09-02 15:40,158.668,158.800,158.662,158.789
2026-09-02 15:45,158.795,158.806,158.751,158.782
2026-09-02 15:50,158.776,158.825,158.776,158.804
2026-09-02 15:55,158.806,158.817,158.774,158.792
2026-09-02 16:00,158.793,158.838,158.778,158.823
2026-09-02 16:05,158.831,158.855,158.801,158.840
2026-09-02 16:10,158.843,158.843,158.790,158.794
2026-09-02 16:15,158.795,158.832,158.795,158.805
2026-09-02 16:20,158.801,158.868,158.783,158.854
2026-09-02 16:25,158.859,158.875,158.835,158.868
2026-09-02 16:30,158.871,158.883,158.804,158.822
2026-09-02 16:35,158.816,158.833,158.806,158.823
2026-09-02 16:40,158.822,158.847,158.813,158.836
2026-09-02 16:45,158.833,158.844,158.801,158.833
2026-09-02 16:50,158.829,158.837,158.790,158.812
2026-09-02 16:55,158.812,158.850,158.810,158.842
2026-09-02 17:00,158.843,158.884,158.813,158.864
2026-09-02 17:05,158.865,158.897,158.856,158.888
2026-09-02 17:10,158.889,158.899,158.872,158.875
2026-09-02 17:15,158.873,158.964,158.872,158.939
2026-09-02 17:20,158.939,158.947,158.918,158.931
2026-09-02 17:25,158.933,158.956,158.930,158.931
2026-09-02 17:30,158.937,158.956,158.920,158.948
2026-09-02 17:35,158.949,158.955,158.933,158.938
2026-09-02 17:40,158.941,158.953,158.873,158.918
2026-09-02 17:45,158.918,158.932,158.765,158.832
2026-09-02 17:50,158.826,158.899,158.811,158.886
2026-09-02 17:55,158.891,158.910,158.869,158.873
2026-09-02 18:00,158.874,158.884,158.836,158.846
2026-09-02 18:05,158.845,158.905,158.838,158.902
2026-09-02 18:10,158.901,158.946,158.892,158.933
2026-09-02 18:15,158.933,158.975,158.820,158.905
2026-09-02 18:20,158.896,158.951,158.869,158.938
2026-09-02 18:25,158.938,158.951,158.927,158.938
2026-09-02 18:30,158.931,158.943,158.891,158.919
2026-09-02 18:35,158.915,158.929,158.900,158.901
2026-09-02 18:40,158.901,158.971,158.900,158.968
2026-09-02 18:45,158.969,158.972,158.949,158.956
2026-09-02 18:50,158.961,158.961,158.922,158.926
2026-09-02 18:55,158.926,158.964,158.912,158.931
2026-09-02 19:00,158.937,158.957,158.914,158.939
2026-09-02 19:05,158.939,158.972,158.938,158.971
2026-09-02 19:10,158.964,159.013,158.963,158.979
2026-09-02 19:15,158.977,158.980,158.914,158.924
2026-09-02 19:20,158.924,158.937,158.909,158.932
2026-09-02 19:25,158.933,158.933,158.910,158.921
2026-09-02 19:30,158.916,158.945,158.885,158.886
2026-09-02 19:35,158.885,158.911,158.877,158.879
2026-09-02 19:40,158.879,158.899,158.878,158.886
2026-09-02 19:45,158.886,158.901,158.881,158.891
2026-09-02 19:50,158.886,158.897,158.844,158.845
2026-09-02 19:55,158.850,158.852,158.751,158.762
2026-09-02 20:00,158.762,158.784,158.648,158.697
2026-09-02 20:05,158.697,158.725,158.661,158.692
2026-09-02 20:10,158.686,158.693,158.605,158.634
2026-09-02 20:15,158.634,158.674,158.631,158.660
2026-09-02 20:20,158.664,158.720,158.659,158.688
2026-09-02 20:25,158.686,158.716,158.669,158.686
2026-09-02 20:30,158.693,158.718,158.683,158.708
2026-09-02 20:35,158.704,158.719,158.685,158.710
2026-09-02 20:40,158.712,158.718,158.674,158.693
2026-09-02 20:45,158.693,158.722,158.688,158.711
2026-09-02 20:50,158.706,158.728,158.694,158.726
2026-09-02 20:55,158.719,158.729,158.677,158.695
2026-09-02 21:00,158.674,158.686,158.647,158.658
2026-09-02 21:05,158.657,158.672,158.653,158.655
2026-09-02 21:10,158.671,158.681,158.655,158.667
2026-09-02 21:15,158.663,158.700,158.627,158.661
2026-09-02 21:20,158.663,158.669,158.649,158.663
2026-09-02 21:25,158.653,158.669,158.652,158.655
2026-09-02 21:30,158.655,158.710,158.654,158.692
2026-09-02 21:35,158.689,158.704,158.658,158.686
2026-09-02 21:40,158.698,158.704,158.670,158.682
2026-09-02 21:45,158.688,158.703,158.654,158.664
2026-09-02 21:50,158.680,158.692,158.647,158.679
2026-09-02 21:55,158.664,158.722,158.663,158.663
2026-09-02 22:00,158.674,158.734,158.656,158.724
2026-09-02 22:05,158.716,158.745,158.716,158.719
2026-09-02 22:10,158.728,158.734,158.709,158.726
2026-09-02 22:15,158.724,158.796,158.714,158.784
2026-09-02 22:20,158.771,158.787,158.733,158.740
2026-09-02 22:25,158.742,158.771,158.734,158.757
2026-09-02 22:30,158.756,158.785,158.754,158.774
2026-09-02 22:35,158.769,158.777,158.750,158.763
2026-09-02 22:40,158.763,158.778,158.746,158.777
2026-09-02 22:45,158.777,158.840,158.762,158.808
2026-09-02 22:50,158.808,158.814,158.741,158.776
2026-09-02 22:55,158.779,158.791,158.762,158.789
2026-09-02 23:00,158.768,158.823,158.751,158.803
2026-09-02 23:05,158.797,158.846,158.794,158.841
2026-09-02 23:10,158.833,158.867,158.829,158.850
2026-09-02 23:15,158.850,158.859,158.817,158.828
2026-09-02 23:20,158.820,158.838,158.802,158.813
2026-09-02 23:25,158.804,158.828,158.788,158.826
2026-09-02 23:30,158.820,158.850,158.817,158.841
2026-09-02 23:35,158.841,158.879,158.839,158.872
2026-09-02 23:40,158.873,158.886,158.860,158.885
2026-09-02 23:45,158.877,158.913,158.873,158.890
2026-09-02 23:50,158.890,158.916,158.874,158.915
2026-09-02 23:55,158.915,158.935,158.891,158.902
2026-09-03 00:00,158.893,158.928,158.820,158.854
2026-09-03 00:05,158.855,158.920,158.848,158.888
2026-09-03 00:10,158.890,158.956,158.853,158.947
2026-09-03 00:15,158.937,158.968,158.925,158.952
2026-09-03 00:20,158.953,158.964,158.830,158.845
2026-09-03 00:25,158.848,158.874,158.803,158.815
2026-09-03 00:30,158.823,158.827,158.748,158.758
2026-09-03 00:35,158.751,158.783,158.666,158.669
2026-09-03 00:40,158.673,158.749,158.635,158.695
2026-09-03 00:45,158.695,158.728,158.576,158.598
2026-09-03 00:50,158.601,158.639,158.542,158.615
2026-09-03 00:55,158.620,158.719,158.603,158.708
2026-09-03 01:00,158.706,158.726,158.610,158.642
2026-09-03 01:05,158.642,158.672,158.603,158.646
2026-09-03 01:10,158.640,158.662,158.576,158.590
2026-09-03 01:15,158.599,158.623,158.508,158.534
2026-09-03 01:20,158.539,158.624,158.514,158.604
2026-09-03 01:25,158.601,158.610,158.408,158.408
2026-09-03 01:30,158.408,158.423,158.259,158.347
2026-09-03 01:35,158.348,158.354,158.238,158.268
2026-09-03 01:40,158.257,158.393,158.218,158.370
2026-09-03 01:45,158.359,158.446,158.344,158.435
2026-09-03 01:50,158.443,158.471,158.433,158.451
2026-09-03 01:55,158.444,158.529,158.430,158.508
2026-09-03 02:00,158.500,158.529,158.395,158.443
2026-09-03 02:05,158.452,158.455,158.360,158.396
2026-09-03 02:10,158.388,158.433,158.307,158.310
2026-09-03 02:15,158.318,158.349,158.283,158.290
2026-09-03 02:20,158.288,158.298,158.103,158.148
2026-09-03 02:25,158.137,158.163,158.067,158.090
2026-09-03 02:30,158.082,158.104,158.026,158.063
2026-09-03 02:35,158.063,158.119,157.945,157.976
2026-09-03 02:40,157.985,158.117,157.946,158.107
2026-09-03 02:45,158.107,158.157,157.960,157.990
2026-09-03 02:50,158.001,158.042,157.910,158.006
2026-09-03 02:55,158.012,158.083,157.970,158.022
2026-09-03 03:00,158.033,158.033,157.859,157.881
2026-09-03 03:05,157.882,157.896,157.732,157.744
2026-09-03 03:10,157.753,157.790,157.616,157.735
2026-09-03 03:15,157.743,157.832,157.707,157.771
2026-09-03 03:20,157.770,157.820,157.684,157.812
2026-09-03 03:25,157.812,157.839,157.733,157.794
2026-09-03 03:30,157.786,157.850,157.758,157.802
2026-09-03 03:35,157.798,157.917,157.791,157.863
2026-09-03 03:40,157.860,157.892,157.823,157.838
2026-09-03 03:45,157.835,157.856,157.757,157.797
2026-09-03 03:50,157.792,157.807,157.724,157.743
2026-09-03 03:55,157.749,157.808,157.742,157.768
2026-09-03 04:00,157.765,157.848,157.750,157.847
2026-09-03 04:05,157.837,157.872,157.798,157.825
2026-09-03 04:10,157.825,157.831,157.745,157.764
2026-09-03 04:15,157.765,157.810,157.738,157.797
2026-09-03 04:20,157.787,157.797,157.697,157.710
2026-09-03 04:25,157.712,157.747,157.698,157.700
2026-09-03 04:30,157.700,157.721,157.536,157.650
2026-09-03 04:35,157.652,157.694,157.547,157.565
2026-09-03 04:40,157.566,157.644,157.542,157.628
2026-09-03 04:45,157.629,157.681,157.596,157.664
2026-09-03 04:50,157.662,157.700,157.647,157.684
2026-09-03 04:55,157.684,157.759,157.672,157.679
2026-09-03 05:00,157.679,157.731,157.663,157.714
2026-09-03 05:05,157.710,157.757,157.700,157.750
2026-09-03 05:10,157.754,157.786,157.730,157.738
2026-09-03 05:15,157.746,157.749,157.663,157.679
2026-09-03 05:20,157.672,157.745,157.603,157.632
2026-09-03 05:25,157.631,157.653,157.547,157.605
2026-09-03 05:30,157.605,157.682,157.587,157.661
2026-09-03 05:35,157.661,157.666,157.526,157.527
2026-09-03 05:40,157.529,157.639,157.528,157.635
2026-09-03 05:45,157.632,157.637,157.514,157.514
2026-09-03 05:50,157.513,157.557,157.455,157.460
2026-09-03 05:55,157.466,157.479,157.361,157.369
2026-09-03 06:00,157.365,157.436,157.270,157.335
2026-09-03 06:05,157.335,157.370,157.240,157.342
2026-09-03 06:10,157.347,157.411,157.295,157.301
2026-09-03 06:15,157.295,157.322,157.218,157.320
2026-09-03 06:20,157.319,157.366,157.270,157.328
2026-09-03 06:25,157.327,157.334,157.229,157.234
2026-09-03 06:30,157.241,157.264,157.187,157.250
2026-09-03 06:35,157.248,157.333,157.223,157.282
2026-09-03 06:40,157.282,157.289,157.122,157.140
2026-09-03 06:45,157.146,157.189,157.043,157.054
2026-09-03 06:50,157.052,157.119,156.996,157.013
2026-09-03 06:55,157.006,157.130,156.994,157.125
2026-09-03 07:00,157.123,157.130,156.627,156.680
2026-09-03 07:05,156.685,156.731,156.351,156.405
2026-09-03 07:10,156.413,156.773,156.343,156.756
2026-09-03 07:15,156.757,156.767,156.609,156.680
2026-09-03 07:20,156.679,156.730,156.545,156.587
2026-09-03 07:25,156.588,156.794,156.573,156.778
2026-09-03 07:30,156.780,156.832,156.731,156.766
2026-09-03 07:35,156.759,157.361,156.552,157.110
2026-09-03 07:40,157.110,157.223,157.102,157.118
2026-09-03 07:45,157.121,157.255,157.036,157.206
2026-09-03 07:50,157.201,157.242,157.087,157.148
2026-09-03 07:55,157.147,157.149,157.015,157.050
2026-09-03 08:00,157.040,157.145,156.975,156.976
2026-09-03 08:05,156.987,156.990,156.802,156.886
2026-09-03 08:10,156.894,156.984,156.863,156.982
2026-09-03 08:15,156.961,157.086,156.951,157.025
2026-09-03 08:20,157.025,157.050,156.973,157.012
2026-09-03 08:25,157.012,157.024,156.870,156.879
2026-09-03 08:30,156.882,156.989,156.878,156.952
2026-09-03 08:35,156.951,156.989,156.888,156.890
2026-09-03 08:40,156.890,156.905,156.748,156.749
2026-09-03 08:45,156.750,156.764,156.599,156.645
2026-09-03 08:50,156.650,156.670,156.527,156.528
2026-09-03 08:55,156.529,156.716,156.524,156.698
2026-09-03 09:00,156.694,156.855,156.590,156.775
2026-09-03 09:05,156.775,156.827,156.608,156.646
2026-09-03 09:10,156.646,156.673,156.493,156.597
2026-09-03 09:15,156.584,156.608,156.403,156.431
2026-09-03 09:20,156.431,156.588,156.431,156.520
2026-09-03 09:25,156.519,156.595,156.491,156.491
2026-09-03 09:30,156.495,156.583,156.461,156.490
2026-09-03 09:35,156.501,156.536,156.399,156.402
2026-09-03 09:40,156.405,156.438,156.306,156.344
2026-09-03 09:45,156.357,156.363,156.188,156.215
2026-09-03 09:50,156.215,156.375,156.204,156.348
2026-09-03 09:55,156.344,156.435,156.342,156.409
2026-09-03 10:00,156.401,156.420,156.227,156.238
2026-09-03 10:05,156.229,156.353,156.168,156.343
2026-09-03 10:10,156.343,156.417,156.315,156.390
2026-09-03 10:15,156.392,156.414,156.315,156.390
2026-09-03 10:20,156.390,156.473,156.377,156.460
2026-09-03 10:25,156.461,156.461,156.202,156.262
2026-09-03 10:30,156.258,156.415,156.250,156.412
2026-09-03 10:35,156.410,156.477,156.328,156.361
2026-09-03 10:40,156.369,156.467,156.356,156.415
2026-09-03 10:45,156.414,156.441,156.345,156.377
2026-09-03 10:50,156.373,156.404,156.298,156.312
2026-09-03 10:55,156.309,156.343,156.271,156.317
2026-09-03 11:00,156.318,156.365,156.245,156.276
2026-09-03 11:05,156.269,156.330,156.096,156.138
2026-09-03 11:10,156.135,156.155,156.015,156.040
2026-09-03 11:15,156.037,156.092,155.830,155.909
2026-09-03 11:20,155.900,156.012,155.876,156.000
2026-09-03 11:25,155.994,156.100,155.973,156.089
2026-09-03 11:30,156.099,156.246,156.070,156.079
2026-09-03 11:35,156.077,156.156,156.046,156.145
2026-09-03 11:40,156.153,156.219,156.143,156.194
2026-09-03 11:45,156.200,156.244,156.122,156.129
2026-09-03 11:50,156.122,156.208,156.107,156.132
2026-09-03 11:55,156.138,156.143,156.075,156.088
2026-09-03 12:00,156.084,156.160,155.957,156.016
2026-09-03 12:05,156.018,156.051,155.952,155.998
2026-09-03 12:10,155.998,156.063,155.914,155.932
2026-09-03 12:15,155.936,155.963,155.802,155.828
2026-09-03 12:20,155.819,155.847,155.698,155.735
2026-09-03 12:25,155.735,155.863,155.723,155.738
2026-09-03 12:30,155.781,155.781,155.512,155.681
2026-09-03 12:35,155.690,155.828,155.546,155.560
2026-09-03 12:40,155.561,155.706,155.527,155.560
2026-09-03 12:45,155.554,155.608,155.493,155.560
2026-09-03 12:50,155.568,155.619,155.386,155.435
2026-09-03 12:55,155.436,155.575,155.420,155.559
2026-09-03 13:00,155.563,155.666,155.536,155.649
2026-09-03 13:05,155.654,155.720,155.550,155.648
2026-09-03 13:10,155.640,155.742,155.632,155.649
2026-09-03 13:15,155.655,155.669,155.501,155.615
2026-09-03 13:20,155.617,155.695,155.557,155.626
2026-09-03 13:25,155.625,155.669,155.590,155.600
2026-09-03 13:30,155.605,155.686,155.588,155.635
2026-09-03 13:35,155.639,155.691,155.588,155.617
2026-09-03 13:40,155.621,155.729,155.612,155.615
2026-09-03 13:45,155.618,155.701,155.594,155.679
2026-09-03 13:50,155.671,155.703,155.457,155.488
2026-09-03 13:55,155.491,155.546,155.368,155.377
2026-09-03 14:00,155.379,155.525,155.377,155.497
2026-09-03 14:05,155.490,155.551,155.405,155.506
2026-09-03 14:10,155.505,155.515,155.336,155.394
2026-09-03 14:15,155.399,155.468,155.369,155.467
2026-09-03 14:20,155.461,155.574,155.422,155.454
2026-09-03 14:25,155.460,155.553,155.453,155.530
2026-09-03 14:30,155.530,155.634,155.477,155.630
2026-09-03 14:35,155.631,155.773,155.579,155.735
2026-09-03 14:40,155.736,155.783,155.690,155.714
2026-09-03 14:45,155.714,155.723,155.568,155.576
2026-09-03 14:50,155.577,155.589,155.473,155.494
2026-09-03 14:55,155.498,155.576,155.386,155.416
2026-09-03 15:00,155.420,155.473,155.344,155.448
2026-09-03 15:05,155.441,155.589,155.441,155.566
2026-09-03 15:10,155.560,155.659,155.532,155.612
2026-09-03 15:15,155.606,155.671,155.558,155.620
2026-09-03 15:20,155.613,155.751,155.547,155.615
2026-09-03 15:25,155.624,155.667,155.563,155.579
2026-09-03 15:30,155.579,155.589,155.441,155.455
2026-09-03 15:35,155.461,155.564,155.453,155.521
2026-09-03 15:40,155.513,155.546,155.420,155.424
2026-09-03 15:45,155.424,155.491,155.406,155.465
2026-09-03 15:50,155.464,155.517,155.432,155.471
2026-09-03 15:55,155.469,155.474,155.365,155.388
2026-09-03 16:00,155.384,155.441,155.340,155.387
2026-09-03 16:05,155.388,155.441,155.373,155.399
2026-09-03 16:10,155.397,155.426,155.324,155.337
2026-09-03 16:15,155.332,155.399,155.327,155.363
2026-09-03 16:20,155.361,155.399,155.328,155.328
2026-09-03 16:25,155.328,155.415,155.325,155.400
2026-09-03 16:30,155.399,155.399,155.322,155.338
2026-09-03 16:35,155.338,155.385,155.320,155.351
2026-09-03 16:40,155.353,155.369,155.302,155.327
2026-09-03 16:45,155.323,155.336,155.304,155.314
2026-09-03 16:50,155.316,155.367,155.294,155.356
2026-09-03 16:55,155.353,155.362,155.305,155.351
2026-09-03 17:00,155.351,155.459,155.346,155.450
2026-09-03 17:05,155.453,155.476,155.386,155.463
2026-09-03 17:10,155.463,155.491,155.423,155.430
2026-09-03 17:15,155.424,155.436,155.384,155.422
2026-09-03 17:20,155.416,155.451,155.397,155.435
2026-09-03 17:25,155.433,155.481,155.398,155.400
2026-09-03 17:30,155.400,155.422,155.378,155.413
2026-09-03 17:35,155.413,155.454,155.402,155.413
2026-09-03 17:40,155.414,155.433,155.406,155.415
2026-09-03 17:45,155.410,155.420,155.393,155.409
2026-09-03 17:50,155.409,155.450,155.409,155.427
2026-09-03 17:55,155.428,155.470,155.425,155.463
2026-09-03 18:00,155.465,155.469,155.400,155.410
2026-09-03 18:05,155.415,155.440,155.400,155.413
2026-09-03 18:10,155.403,155.432,155.384,155.429
2026-09-03 18:15,155.430,155.436,155.399,155.420
2026-09-03 18:20,155.424,155.468,155.411,155.459
2026-09-03 18:25,155.453,155.487,155.413,155.439
2026-09-03 18:30,155.436,155.541,155.431,155.523
2026-09-03 18:35,155.521,155.552,155.497,155.516
2026-09-03 18:40,155.510,155.546,155.503,155.534
2026-09-03 18:45,155.536,155.576,155.498,155.566
2026-09-03 18:50,155.566,155.581,155.510,155.540
2026-09-03 18:55,155.536,155.547,155.486,155.495
2026-09-03 19:00,155.489,155.592,155.476,155.568
2026-09-03 19:05,155.572,155.615,155.565,155.604
2026-09-03 19:10,155.610,155.712,155.598,155.700
2026-09-03 19:15,155.698,155.737,155.677,155.687
2026-09-03 19:20,155.688,155.725,155.687,155.712
2026-09-03 19:25,155.713,155.783,155.703,155.763
2026-09-03 19:30,155.764,155.821,155.726,155.816
2026-09-03 19:35,155.817,155.851,155.774,155.782
2026-09-03 19:40,155.774,155.791,155.725,155.762
2026-09-03 19:45,155.763,155.773,155.728,155.734
2026-09-03 19:50,155.735,155.744,155.705,155.735
2026-09-03 19:55,155.735,155.749,155.689,155.749
2026-09-03 20:00,155.749,155.784,155.735,155.748
2026-09-03 20:05,155.749,155.771,155.722,155.736
2026-09-03 20:10,155.736,155.781,155.731,155.779
2026-09-03 20:15,155.772,155.796,155.767,155.777
2026-09-03 20:20,155.772,155.780,155.746,155.753
2026-09-03 20:25,155.753,155.766,155.743,155.755
2026-09-03 20:30,155.760,155.774,155.750,155.759
2026-09-03 20:35,155.759,155.783,155.755,155.774
2026-09-03 20:40,155.774,155.803,155.766,155.798
2026-09-03 20:45,155.797,155.803,155.776,155.786
2026-09-03 20:50,155.786,155.794,155.773,155.790
2026-09-03 20:55,155.778,155.815,155.771,155.805
2026-09-03 21:00,155.779,155.808,155.769,155.795
2026-09-03 21:05,155.796,155.804,155.785,155.795
2026-09-03 21:10,155.776,155.832,155.775,155.825
2026-09-03 21:15,155.826,155.832,155.805,155.807
2026-09-03 21:20,155.822,155.828,155.801,155.820
2026-09-03 21:25,155.820,155.890,155.810,155.884
2026-09-03 21:30,155.881,155.888,155.794,155.833
2026-09-03 21:35,155.814,155.882,155.794,155.841
2026-09-03 21:40,155.833,155.853,155.813,155.853
2026-09-03 21:45,155.852,155.859,155.817,155.835
2026-09-03 21:50,155.818,155.847,155.818,155.844
2026-09-03 21:55,155.844,155.855,155.809,155.848
2026-09-03 22:00,155.848,155.869,155.774,155.850
2026-09-03 22:05,155.832,155.871,155.832,155.867
2026-09-03 22:10,155.850,155.860,155.819,155.819
2026-09-03 22:15,155.818,155.856,155.818,155.856
2026-09-03 22:20,155.841,155.875,155.841,155.854
2026-09-03 22:25,155.854,155.881,155.854,155.857
2026-09-03 22:30,155.856,155.911,155.854,155.900
2026-09-03 22:35,155.898,155.966,155.890,155.914
2026-09-03 22:40,155.925,155.952,155.914,155.928
2026-09-03 22:45,155.927,156.005,155.920,155.980
2026-09-03 22:50,155.979,156.123,155.976,156.095
2026-09-03 22:55,156.096,156.123,156.060,156.121
2026-09-03 23:00,156.108,156.167,156.086,156.136
2026-09-03 23:05,156.126,156.136,156.016,156.040
2026-09-03 23:10,156.039,156.113,156.029,156.069
2026-09-03 23:15,156.057,156.088,156.015,156.039
2026-09-03 23:20,156.035,156.045,155.968,155.996
2026-09-03 23:25,156.003,156.033,155.961,155.964
2026-09-03 23:30,155.962,155.975,155.757,155.887
2026-09-03 23:35,155.884,155.890,155.792,155.841
2026-09-03 23:40,155.833,155.893,155.770,155.848
2026-09-03 23:45,155.845,155.853,155.697,155.714
2026-09-03 23:50,155.713,155.760,155.645,155.650
2026-09-03 23:55,155.650,155.697,155.620,155.634
2026-09-04 00:00,155.634,155.678,155.415,155.450
2026-09-04 00:05,155.430,155.498,155.282,155.488
2026-09-04 00:10,155.475,155.627,155.417,155.565
2026-09-04 00:15,155.565,155.780,155.564,155.760
2026-09-04 00:20,155.752,155.786,155.665,155.764
2026-09-04 00:25,155.761,155.853,155.715,155.853
2026-09-04 00:30,155.843,155.947,155.833,155.913
2026-09-04 00:35,155.921,155.956,155.847,155.900
2026-09-04 00:40,155.898,155.917,155.669,155.758
2026-09-04 00:45,155.767,155.770,155.628,155.716
2026-09-04 00:50,155.720,155.735,155.630,155.634
2026-09-04 00:55,155.633,155.773,155.530,155.763
2026-09-04 01:00,155.761,155.808,155.668,155.779
2026-09-04 01:05,155.767,155.866,155.727,155.782
2026-09-04 01:10,155.789,155.907,155.715,155.891
2026-09-04 01:15,155.902,155.965,155.845,155.929
2026-09-04 01:20,155.933,155.967,155.818,155.952
2026-09-04 01:25,155.952,156.040,155.904,155.904
2026-09-04 01:30,155.904,156.036,155.871,155.996
2026-09-04 01:35,155.990,156.051,155.945,156.047
2026-09-04 01:40,156.042,156.077,156.000,156.034
2026-09-04 01:45,156.028,156.048,155.944,155.956
2026-09-04 01:50,155.962,156.021,155.921,155.931
2026-09-04 01:55,155.935,155.954,155.847,155.848
2026-09-04 02:00,155.848,155.865,155.769,155.783
2026-09-04 02:05,155.783,155.880,155.772,155.877
2026-09-04 02:10,155.871,155.936,155.847,155.908
2026-09-04 02:15,155.906,155.952,155.866,155.941
2026-09-04 02:20,155.936,156.018,155.922,155.993
2026-09-04 02:25,155.993,156.051,155.970,155.987
2026-09-04 02:30,155.990,156.042,155.970,156.036
2026-09-04 02:35,156.042,156.058,155.938,155.978
2026-09-04 02:40,155.972,156.003,155.917,155.985
2026-09-04 02:45,155.979,155.993,155.942,155.964
2026-09-04 02:50,155.963,156.032,155.952,156.014
2026-09-04 02:55,156.005,156.095,155.994,156.061
2026-09-04 03:00,156.065,156.116,156.050,156.072
2026-09-04 03:05,156.072,156.114,156.033,156.086
2026-09-04 03:10,156.086,156.113,156.045,156.049
2026-09-04 03:15,156.049,156.092,156.039,156.091
2026-09-04 03:20,156.087,156.092,156.028,156.050
2026-09-04 03:25,156.052,156.106,156.049,156.092
2026-09-04 03:30,156.092,156.151,156.091,156.126
2026-09-04 03:35,156.127,156.305,156.114,156.289
2026-09-04 03:40,156.288,156.395,156.256,156.384
2026-09-04 03:45,156.384,156.441,156.350,156.373
2026-09-04 03:50,156.369,156.383,156.315,156.362
2026-09-04 03:55,156.368,156.393,156.319,156.365
2026-09-04 04:00,156.358,156.368,156.268,156.293
2026-09-04 04:05,156.293,156.353,156.270,156.343
2026-09-04 04:10,156.346,156.369,156.315,156.355
2026-09-04 04:15,156.361,156.396,156.355,156.375
2026-09-04 04:20,156.369,156.439,156.345,156.430
2026-09-04 04:25,156.432,156.448,156.348,156.363
2026-09-04 04:30,156.362,156.375,156.291,156.368
2026-09-04 04:35,156.368,156.387,156.276,156.283
2026-09-04 04:40,156.279,156.287,156.248,156.263
2026-09-04 04:45,156.266,156.309,156.259,156.294
2026-09-04 04:50,156.286,156.333,156.260,156.302
2026-09-04 04:55,156.298,156.360,156.291,156.320
2026-09-04 05:00,156.317,156.406,156.309,156.392
2026-09-04 05:05,156.392,156.418,156.345,156.352
2026-09-04 05:10,156.345,156.356,156.256,156.266
2026-09-04 05:15,156.259,156.316,156.230,156.314
2026-09-04 05:20,156.310,156.351,156.290,156.340
2026-09-04 05:25,156.340,156.366,156.281,156.298
2026-09-04 05:30,156.295,156.328,156.272,156.296
2026-09-04 05:35,156.294,156.331,156.284,156.323
2026-09-04 05:40,156.331,156.348,156.307,156.338
2026-09-04 05:45,156.338,156.384,156.336,156.365
2026-09-04 05:50,156.371,156.417,156.297,156.346
2026-09-04 05:55,156.347,156.356,156.312,156.328
2026-09-04 06:00,156.328,156.442,156.293,156.435
2026-09-04 06:05,156.431,156.447,156.240,156.285
2026-09-04 06:10,156.286,156.361,156.184,156.228
2026-09-04 06:15,156.218,156.338,156.218,156.290
2026-09-04 06:20,156.294,156.299,156.225,156.230
2026-09-04 06:25,156.238,156.266,156.167,156.175
2026-09-04 06:30,156.182,156.243,156.101,156.105
2026-09-04 06:35,156.105,156.212,156.105,156.171
2026-09-04 06:40,156.168,156.185,156.088,156.128
2026-09-04 06:45,156.132,156.158,156.075,156.110
2026-09-04 06:50,156.116,156.176,156.104,156.167
2026-09-04 06:55,156.172,156.287,156.162,156.276
2026-09-04 07:00,156.270,156.393,156.245,156.341
2026-09-04 07:05,156.343,156.374,156.306,156.357
2026-09-04 07:10,156.357,156.387,156.318,156.377
2026-09-04 07:15,156.370,156.412,156.341,156.362
2026-09-04 07:20,156.355,156.363,156.270,156.286
2026-09-04 07:25,156.288,156.350,156.268,156.273
2026-09-04 07:30,156.273,156.326,156.254,156.283
2026-09-04 07:35,156.273,156.345,156.273,156.318
2026-09-04 07:40,156.318,156.338,156.235,156.260
2026-09-04 07:45,156.257,156.271,156.208,156.231
2026-09-04 07:50,156.235,156.326,156.229,156.320
2026-09-04 07:55,156.316,156.346,156.297,156.297
2026-09-04 08:00,156.303,156.383,156.292,156.310
2026-09-04 08:05,156.309,156.403,156.309,156.372
2026-09-04 08:10,156.372,156.402,156.356,156.364
2026-09-04 08:15,156.369,156.392,156.313,156.332
2026-09-04 08:20,156.332,156.366,156.304,156.352
2026-09-04 08:25,156.352,156.386,156.313,156.315
2026-09-04 08:30,156.320,156.379,156.284,156.303
2026-09-04 08:35,156.304,156.347,156.285,156.331
2026-09-04 08:40,156.337,156.387,156.315,156.350
2026-09-04 08:45,156.347,156.368,156.319,156.362
2026-09-04 08:50,156.363,156.437,156.356,156.388
2026-09-04 08:55,156.395,156.436,156.358,156.410
2026-09-04 09:00,156.408,156.440,156.346,156.354
2026-09-04 09:05,156.355,156.408,156.349,156.365
2026-09-04 09:10,156.359,156.379,156.335,156.353
2026-09-04 09:15,156.352,156.369,156.300,156.323
2026-09-04 09:20,156.323,156.360,156.311,156.349
2026-09-04 09:25,156.352,156.393,156.311,156.372
2026-09-04 09:30,156.368,156.530,156.368,156.484
2026-09-04 09:35,156.484,156.551,156.476,156.538
2026-09-04 09:40,156.535,156.581,156.496,156.540
2026-09-04 09:45,156.536,156.541,156.496,156.524
2026-09-04 09:50,156.528,156.540,156.480,156.488
2026-09-04 09:55,156.484,156.500,156.440,156.479
2026-09-04 10:00,156.472,156.483,156.421,156.427
2026-09-04 10:05,156.427,156.456,156.403,156.418
2026-09-04 10:10,156.416,156.436,156.379,156.380
2026-09-04 10:15,156.380,156.390,156.357,156.376
2026-09-04 10:20,156.376,156.406,156.374,156.390
2026-09-04 10:25,156.384,156.390,156.295,156.332
2026-09-04 10:30,156.331,156.349,156.280,156.336
2026-09-04 10:35,156.340,156.395,156.315,156.351
2026-09-04 10:40,156.351,156.386,156.344,156.347
2026-09-04 10:45,156.352,156.359,156.287,156.298
2026-09-04 10:50,156.298,156.318,156.275,156.300
2026-09-04 10:55,156.299,156.333,156.293,156.323
2026-09-04 11:00,156.320,156.339,156.292,156.299
2026-09-04 11:05,156.295,156.367,156.294,156.335
2026-09-04 11:10,156.335,156.353,156.255,156.275
2026-09-04 11:15,156.279,156.326,156.274,156.297
2026-09-04 11:20,156.297,156.305,156.254,156.273
2026-09-04 11:25,156.273,156.304,156.267,156.287
2026-09-04 11:30,156.287,156.302,156.266,156.272
2026-09-04 11:35,156.271,156.309,156.267,156.291
2026-09-04 11:40,156.291,156.313,156.247,156.247
2026-09-04 11:45,156.247,156.262,156.171,156.193
2026-09-04 11:50,156.187,156.220,156.170,156.194
2026-09-04 11:55,156.195,156.269,156.192,156.259
2026-09-04 12:00,156.262,156.274,156.191,156.218
2026-09-04 12:05,156.210,156.261,156.191,156.243
2026-09-04 12:10,156.244,156.249,156.191,156.206
2026-09-04 12:15,156.206,156.228,156.154,156.169
2026-09-04 12:20,156.162,156.188,156.127,156.165
2026-09-04 12:25,156.178,156.183,155.960,156.008
2026-09-04 12:30,156.011,156.752,155.981,156.482
2026-09-04 12:35,156.488,156.537,156.146,156.270
2026-09-04 12:40,156.275,156.424,156.268,156.310
2026-09-04 12:45,156.308,156.455,155.802,155.828
2026-09-04 12:50,155.831,155.863,155.342,155.581
2026-09-04 12:55,155.586,155.935,155.563,155.685
2026-09-04 13:00,155.684,155.982,155.671,155.974
2026-09-04 13:05,155.973,156.133,155.925,156.112
2026-09-04 13:10,156.104,156.145,155.955,156.068
2026-09-04 13:15,156.064,156.077,155.868,155.901
2026-09-04 13:20,155.893,155.919,155.675,155.697
2026-09-04 13:25,155.702,155.762,155.594,155.606
2026-09-04 13:30,155.612,155.770,155.478,155.727
2026-09-04 13:35,155.734,155.839,155.696,155.791
2026-09-04 13:40,155.783,155.792,155.555,155.721
2026-09-04 13:45,155.720,155.730,155.606,155.708
2026-09-04 13:50,155.700,155.820,155.660,155.746
2026-09-04 13:55,155.764,155.902,155.746,155.841
2026-09-04 14:00,155.839,156.034,155.828,156.018
2026-09-04 14:05,156.022,156.073,155.936,156.062
2026-09-04 14:10,156.067,156.150,156.060,156.080
2026-09-04 14:15,156.077,156.148,156.026,156.068
2026-09-04 14:20,156.064,156.101,156.034,156.068
2026-09-04 14:25,156.069,156.069,155.983,156.037
2026-09-04 14:30,156.037,156.055,155.906,155.925
2026-09-04 14:35,155.922,155.939,155.854,155.878
2026-09-04 14:40,155.887,156.002,155.878,155.987
2026-09-04 14:45,155.982,156.094,155.964,156.079
2026-09-04 14:50,156.075,156.196,156.064,156.134
2026-09-04 14:55,156.134,156.173,156.086,156.119
2026-09-04 15:00,156.118,156.171,156.019,156.040
2026-09-04 15:05,156.049,156.097,156.018,156.078
2026-09-04 15:10,156.082,156.089,155.951,155.954
2026-09-04 15:15,155.955,156.001,155.946,155.946
2026-09-04 15:20,155.946,156.048,155.926,156.024
2026-09-04 15:25,156.031,156.062,156.002,156.049
2026-09-04 15:30,156.055,156.092,155.996,156.071
2026-09-04 15:35,156.070,156.101,156.040,156.078
2026-09-04 15:40,156.084,156.099,156.015,156.070
2026-09-04 15:45,156.069,156.089,156.026,156.027
2026-09-04 15:50,156.035,156.092,155.977,156.083
2026-09-04 15:55,156.085,156.124,156.041,156.107
2026-09-04 16:00,156.109,156.122,156.035,156.066
2026-09-04 16:05,156.067,156.121,156.049,156.084
2026-09-04 16:10,156.083,156.136,156.051,156.078
2026-09-04 16:15,156.081,156.087,156.041,156.056
2026-09-04 16:20,156.057,156.072,155.992,156.055
2026-09-04 16:25,156.065,156.103,156.055,156.078
2026-09-04 16:30,156.084,156.093,156.036,156.046
2026-09-04 16:35,156.040,156.073,156.029,156.066
2026-09-04 16:40,156.070,156.081,156.018,156.044
2026-09-04 16:45,156.044,156.081,156.022,156.033
2026-09-04 16:50,156.038,156.074,156.033,156.065
2026-09-04 16:55,156.068,156.103,155.964,155.991
2026-09-04 17:00,156.024,156.187,155.986,156.184
2026-09-04 17:05,156.177,156.193,156.093,156.108
2026-09-04 17:10,156.108,156.126,156.076,156.100
2026-09-04 17:15,156.097,156.108,156.065,156.085
2026-09-04 17:20,156.083,156.143,156.052,156.106
2026-09-04 17:25,156.104,156.137,156.096,156.116
2026-09-04 17:30,156.116,156.124,156.048,156.059
2026-09-04 17:35,156.066,156.120,156.058,156.092
2026-09-04 17:40,156.092,156.123,156.080,156.120
2026-09-04 17:45,156.114,156.133,156.097,156.115
2026-09-04 17:50,156.108,156.121,156.080,156.103
2026-09-04 17:55,156.105,156.153,156.103,156.138
2026-09-04 18:00,156.138,156.163,156.114,156.133
2026-09-04 18:05,156.132,156.162,156.116,156.145
2026-09-04 18:10,156.145,156.157,156.128,156.138
2026-09-04 18:15,156.138,156.163,156.138,156.156
2026-09-04 18:20,156.157,156.181,156.136,156.158
2026-09-04 18:25,156.158,156.186,156.130,156.183
2026-09-04 18:30,156.176,156.188,156.156,156.166
2026-09-04 18:35,156.168,156.245,156.164,156.231
2026-09-04 18:40,156.228,156.246,156.175,156.228
2026-09-04 18:45,156.234,156.282,156.220,156.248
2026-09-04 18:50,156.256,156.283,156.248,156.270
2026-09-04 18:55,156.269,156.271,156.217,156.217
2026-09-04 19:00,156.219,156.245,156.213,156.227
2026-09-04 19:05,156.224,156.233,156.209,156.213
2026-09-04 19:10,156.217,156.238,156.212,156.222
2026-09-04 19:15,156.225,156.229,156.192,156.213
2026-09-04 19:20,156.217,156.236,156.212,156.213
2026-09-04 19:25,156.217,156.233,156.209,156.216
2026-09-04 19:30,156.224,156.238,156.205,156.213
2026-09-04 19:35,156.213,156.250,156.213,156.225
2026-09-04 19:40,156.227,156.234,156.205,156.219
2026-09-04 19:45,156.212,156.236,156.211,156.227
2026-09-04 19:50,156.235,156.242,156.218,156.231
2026-09-04 19:55,156.228,156.258,156.221,156.231
2026-09-04 20:00,156.231,156.273,156.226,156.264
2026-09-04 20:05,156.264,156.274,156.251,156.255
2026-09-04 20:10,156.259,156.269,156.242,156.259
2026-09-04 20:15,156.253,156.271,156.253,156.258
2026-09-04 20:20,156.265,156.271,156.254,156.261
2026-09-04 20:25,156.261,156.274,156.169,156.227
2026-09-04 20:30,156.232,156.261,156.226,156.246
2026-09-04 20:35,156.250,156.267,156.236,156.260
2026-09-04 20:40,156.262,156.276,156.218,156.222
2026-09-04 20:45,156.219,156.252,156.198,156.245
2026-09-04 20:50,156.238,156.263,156.225,156.239
2026-09-04 20:55,156.242,156.252,156.199,156.221
2026-09-06 23:00,156.208,156.224,156.149,156.153
2026-09-06 23:05,156.162,156.194,156.153,156.172
2026-09-06 23:10,156.163,156.187,156.110,156.118
2026-09-06 23:15,156.115,156.131,156.098,156.100
2026-09-06 23:20,156.100,156.146,156.099,156.136
2026-09-06 23:25,156.138,156.149,156.100,156.125
2026-09-06 23:30,156.123,156.155,156.084,156.092
2026-09-06 23:35,156.087,156.146,156.083,156.128
2026-09-06 23:40,156.124,156.158,156.118,156.157
2026-09-06 23:45,156.152,156.218,156.145,156.207
2026-09-06 23:50,156.216,156.244,156.160,156.165
2026-09-06 23:55,156.163,156.222,156.154,156.198
2026-09-07 00:00,156.198,156.259,156.142,156.174
2026-09-07 00:05,156.174,156.241,156.132,156.174
2026-09-07 00:10,156.174,156.182,156.094,156.127
2026-09-07 00:15,156.118,156.155,156.051,156.075
2026-09-07 00:20,156.070,156.087,155.981,156.038
2026-09-07 00:25,156.038,156.047,155.884,155.892
2026-09-07 00:30,155.901,155.914,155.809,155.859
2026-09-07 00:35,155.864,155.887,155.795,155.820
2026-09-07 00:40,155.810,155.901,155.804,155.880
2026-09-07 00:45,155.888,155.931,155.864,155.899
2026-09-07 00:50,155.901,155.940,155.833,155.903
2026-09-07 00:55,155.898,155.967,155.861,155.889
2026-09-07 01:00,155.882,155.982,155.844,155.959
2026-09-07 01:05,155.954,155.967,155.847,155.943
2026-09-07 01:10,155.941,155.966,155.909,155.951
2026-09-07 01:15,155.947,156.075,155.937,156.024
2026-09-07 01:20,156.028,156.040,155.949,156.000
2026-09-07 01:25,155.998,156.039,155.927,156.028
2026-09-07 01:30,156.029,156.125,156.015,156.089
2026-09-07 01:35,156.089,156.099,156.051,156.071
2026-09-07 01:40,156.061,156.109,156.050,156.050
2026-09-07 01:45,156.050,156.097,156.001,156.013
2026-09-07 01:50,156.022,156.033,155.981,156.014
2026-09-07 01:55,156.014,156.047,155.998,156.027
2026-09-07 02:00,156.033,156.048,156.014,156.034
2026-09-07 02:05,156.033,156.148,156.027,156.123
2026-09-07 02:10,156.123,156.185,156.122,156.176
2026-09-07 02:15,156.177,156.205,156.153,156.160
2026-09-07 02:20,156.160,156.191,156.131,156.147
2026-09-07 02:25,156.150,156.172,156.121,156.122
2026-09-07 02:30,156.125,156.147,156.098,156.134
2026-09-07 02:35,156.134,156.157,156.120,156.156
2026-09-07 02:40,156.152,156.241,156.147,156.228
2026-09-07 02:45,156.222,156.245,156.202,156.206
2026-09-07 02:50,156.208,156.232,156.194,156.208
2026-09-07 02:55,156.205,156.231,156.178,156.185
2026-09-07 03:00,156.185,156.215,156.147,156.152
2026-09-07 03:05,156.152,156.185,156.137,156.182
2026-09-07 03:10,156.183,156.184,156.125,156.126
2026-09-07 03:15,156.130,156.144,156.087,156.090
2026-09-07 03:20,156.094,156.111,156.077,156.090
2026-09-07 03:25,156.087,156.100,156.043,156.059
2026-09-07 03:30,156.052,156.122,156.047,156.114
2026-09-07 03:35,156.120,156.131,156.082,156.122
2026-09-07 03:40,156.123,156.144,156.095,156.115
2026-09-07 03:45,156.111,156.136,156.106,156.110
2026-09-07 03:50,156.110,156.133,156.090,156.095
2026-09-07 03:55,156.099,156.102,156.035,156.045
2026-09-07 04:00,156.048,156.101,156.039,156.091
2026-09-07 04:05,156.090,156.134,156.082,156.112
2026-09-07 04:10,156.115,156.154,156.109,156.138
2026-09-07 04:15,156.141,156.157,156.116,156.133
2026-09-07 04:20,156.135,156.171,156.131,156.164
2026-09-07 04:25,156.165,156.173,156.149,156.160
2026-09-07 04:30,156.168,156.174,156.131,156.135
2026-09-07 04:35,156.135,156.144,156.071,156.115
2026-09-07 04:40,156.111,156.124,156.063,156.079
2026-09-07 04:45,156.075,156.111,156.059,156.065
2026-09-07 04:50,156.065,156.100,156.050,156.096
2026-09-07 04:55,156.087,156.095,156.024,156.039
2026-09-07 05:00,156.051,156.069,156.010,156.041
2026-09-07 05:05,156.046,156.085,156.041,156.072
2026-09-07 05:10,156.074,156.077,156.023,156.068
2026-09-07 05:15,156.068,156.098,156.068,156.082
2026-09-07 05:20,156.079,156.099,156.060,156.079
2026-09-07 05:25,156.075,156.100,156.031,156.032
2026-09-07 05:30,156.032,156.051,156.003,156.015
2026-09-07 05:35,156.015,156.018,155.955,155.980
2026-09-07 05:40,155.988,156.015,155.980,155.991
2026-09-07 05:45,155.990,156.016,155.957,155.966
2026-09-07 05:50,155.966,155.978,155.894,155.909
2026-09-07 05:55,155.900,155.910,155.778,155.797
2026-09-07 06:00,155.800,155.908,155.796,155.855
2026-09-07 06:05,155.863,155.877,155.788,155.846
2026-09-07 06:10,155.846,155.865,155.795,155.856
2026-09-07 06:15,155.848,155.873,155.722,155.734
2026-09-07 06:20,155.732,155.768,155.533,155.612
2026-09-07 06:25,155.617,155.734,155.599,155.687
2026-09-07 06:30,155.692,155.734,155.620,155.629
2026-09-07 06:35,155.635,155.707,155.617,155.647
2026-09-07 06:40,155.648,155.722,155.634,155.705
2026-09-07 06:45,155.701,155.784,155.701,155.764
2026-09-07 06:50,155.768,155.782,155.735,155.752
2026-09-07 06:55,155.750,155.873,155.750,155.862
2026-09-07 07:00,155.870,155.905,155.821,155.822
2026-09-07 07:05,155.840,155.877,155.810,155.837
2026-09-07 07:10,155.834,155.883,155.816,155.861
2026-09-07 07:15,155.856,155.890,155.741,155.751
2026-09-07 07:20,155.745,155.767,155.700,155.735
2026-09-07 07:25,155.742,155.743,155.657,155.660
2026-09-07 07:30,155.656,155.732,155.641,155.667
2026-09-07 07:35,155.666,155.772,155.666,155.770
2026-09-07 07:40,155.764,155.807,155.745,155.802
2026-09-07 07:45,155.795,155.818,155.666,155.672
2026-09-07 07:50,155.672,155.684,155.574,155.592
2026-09-07 07:55,155.598,155.611,155.515,155.544
2026-09-07 08:00,155.547,155.573,155.299,155.408
2026-09-07 08:05,155.414,155.462,154.604,154.836
2026-09-07 08:10,154.827,154.851,154.531,154.707
2026-09-07 08:15,154.700,154.815,154.478,154.529
2026-09-07 08:20,154.529,154.576,154.293,154.507
2026-09-07 08:25,154.500,154.543,154.121,154.156
2026-09-07 08:30,154.134,154.232,154.048,154.169
2026-09-07 08:35,154.171,154.408,154.119,154.380
2026-09-07 08:40,154.392,154.490,154.341,154.432
2026-09-07 08:45,154.433,154.467,154.237,154.466
2026-09-07 08:50,154.457,154.570,154.417,154.448
2026-09-07 08:55,154.440,154.544,154.439,154.455
2026-09-07 09:00,154.460,154.518,154.354,154.404
2026-09-07 09:05,154.398,154.484,154.334,154.342
2026-09-07 09:10,154.338,154.485,154.332,154.453
2026-09-07 09:15,154.458,154.495,154.387,154.446
2026-09-07 09:20,154.447,154.472,154.370,154.397
2026-09-07 09:25,154.388,154.406,154.211,154.237
2026-09-07 09:30,154.244,154.334,154.234,154.281
2026-09-07 09:35,154.276,154.392,154.269,154.364
2026-09-07 09:40,154.355,154.438,154.307,154.394
2026-09-07 09:45,154.388,154.445,154.362,154.436
2026-09-07 09:50,154.443,154.543,154.436,154.518
2026-09-07 09:55,154.511,154.569,154.495,154.496
2026-09-07 10:00,154.499,154.557,154.488,154.512
2026-09-07 10:05,154.512,154.532,154.455,154.531
2026-09-07 10:10,154.524,154.605,154.502,154.589
2026-09-07 10:15,154.595,154.639,154.572,154.592
2026-09-07 10:20,154.596,154.653,154.567,154.571
2026-09-07 10:25,154.571,154.704,154.570,154.669
2026-09-07 10:30,154.669,154.717,154.637,154.682
2026-09-07 10:35,154.681,154.751,154.654,154.729
2026-09-07 10:40,154.722,154.746,154.686,154.694
2026-09-07 10:45,154.694,154.707,154.608,154.629
2026-09-07 10:50,154.639,154.645,154.575,154.631
2026-09-07 10:55,154.635,154.699,154.629,154.646
2026-09-07 11:00,154.642,154.728,154.638,154.702
2026-09-07 11:05,154.699,154.715,154.648,154.702
2026-09-07 11:10,154.699,154.772,154.663,154.718
2026-09-07 11:15,154.720,154.763,154.716,154.743
2026-09-07 11:20,154.742,154.753,154.651,154.660
2026-09-07 11:25,154.660,154.714,154.646,154.657
2026-09-07 11:30,154.652,154.661,154.603,154.640
2026-09-07 11:35,154.640,154.697,154.625,154.640
2026-09-07 11:40,154.634,154.687,154.633,154.663
2026-09-07 11:45,154.667,154.683,154.642,154.667
2026-09-07 11:50,154.670,154.701,154.649,154.687
2026-09-07 11:55,154.690,154.733,154.664,154.727
2026-09-07 12:00,154.723,154.773,154.700,154.763
2026-09-07 12:05,154.763,154.773,154.696,154.743
2026-09-07 12:10,154.735,154.772,154.722,154.766
2026-09-07 12:15,154.762,154.807,154.627,154.652
2026-09-07 12:20,154.652,154.685,154.510,154.566
2026-09-07 12:25,154.566,154.601,154.466,154.477
2026-09-07 12:30,154.474,154.508,154.381,154.422
2026-09-07 12:35,154.415,154.458,154.343,154.367
2026-09-07 12:40,154.362,154.371,154.253,154.254
2026-09-07 12:45,154.256,154.399,154.242,154.363
2026-09-07 12:50,154.355,154.472,154.339,154.434
2026-09-07 12:55,154.429,154.496,154.412,154.480
2026-09-07 13:00,154.482,154.531,154.441,154.520
2026-09-07 13:05,154.524,154.543,154.447,154.448
2026-09-07 13:10,154.447,154.454,154.352,154.370
2026-09-07 13:15,154.371,154.482,154.366,154.474
2026-09-07 13:20,154.468,154.479,154.372,154.396
2026-09-07 13:25,154.404,154.497,154.395,154.466
2026-09-07 13:30,154.461,154.530,154.447,154.495
2026-09-07 13:35,154.495,154.505,154.448,154.475
2026-09-07 13:40,154.478,154.484,154.378,154.434
2026-09-07 13:45,154.434,154.512,154.392,154.504
2026-09-07 13:50,154.498,154.540,154.452,154.540
2026-09-07 13:55,154.533,154.583,154.507,154.508
2026-09-07 14:00,154.508,154.595,154.480,154.579
2026-09-07 14:05,154.579,154.636,154.542,154.579
2026-09-07 14:10,154.597,154.597,154.449,154.483
2026-09-07 14:15,154.486,154.507,154.355,154.363
2026-09-07 14:20,154.367,154.445,154.343,154.390
2026-09-07 14:25,154.398,154.412,154.346,154.361
2026-09-07 14:30,154.360,154.412,154.353,154.387
2026-09-07 14:35,154.383,154.396,154.292,154.336
2026-09-07 14:40,154.336,154.405,154.295,154.389
2026-09-07 14:45,154.388,154.451,154.388,154.446
2026-09-07 14:50,154.440,154.467,154.357,154.383
2026-09-07 14:55,154.378,154.378,154.264,154.284
2026-09-07 15:00,154.283,154.406,154.279,154.330
2026-09-07 15:05,154.337,154.415,154.308,154.356
2026-09-07 15:10,154.350,154.364,154.291,154.344
2026-09-07 15:15,154.338,154.382,154.332,154.348
2026-09-07 15:20,154.342,154.350,154.313,154.337
2026-09-07 15:25,154.344,154.347,154.249,154.263
2026-09-07 15:30,154.267,154.358,154.223,154.354
2026-09-07 15:35,154.349,154.363,154.304,154.318
2026-09-07 15:40,154.318,154.356,154.283,154.318
2026-09-07 15:45,154.315,154.374,154.315,154.330
2026-09-07 15:50,154.334,154.423,154.331,154.414
2026-09-07 15:55,154.414,154.440,154.372,154.389
2026-09-07 16:00,154.385,154.430,154.384,154.411
2026-09-07 16:05,154.411,154.415,154.361,154.372
2026-09-07 16:10,154.368,154.391,154.362,154.387
2026-09-07 16:15,154.378,154.412,154.375,154.395
2026-09-07 16:20,154.401,154.411,154.381,154.400
2026-09-07 16:25,154.400,154.411,154.355,154.367
2026-09-07 16:30,154.367,154.374,154.318,154.328
2026-09-07 16:35,154.319,154.333,154.282,154.312
2026-09-07 16:40,154.305,154.313,154.270,154.276
2026-09-07 16:45,154.271,154.336,154.271,154.316
2026-09-07 16:50,154.315,154.329,154.303,154.323
2026-09-07 16:55,154.320,154.340,154.281,154.286
2026-09-07 17:00,154.288,154.331,154.283,154.318
2026-09-07 17:05,154.318,154.334,154.293,154.326
2026-09-07 17:10,154.326,154.337,154.301,154.301
2026-09-07 17:15,154.307,154.335,154.301,154.325
2026-09-07 17:20,154.328,154.335,154.310,154.327
2026-09-07 17:25,154.331,154.333,154.304,154.318
2026-09-07 17:30,154.318,154.345,154.318,154.338
2026-09-07 17:35,154.339,154.346,154.328,154.331
2026-09-07 17:40,154.331,154.358,154.330,154.348
2026-09-07 17:45,154.347,154.380,154.342,154.377
2026-09-07 17:50,154.370,154.388,154.365,154.372
2026-09-07 17:55,154.365,154.387,154.342,154.346
2026-09-07 18:00,154.346,154.359,154.343,154.353
2026-09-07 18:05,154.348,154.363,154.338,154.342
2026-09-07 18:10,154.345,154.356,154.338,154.355
2026-09-07 18:15,154.353,154.353,154.341,154.351
2026-09-07 18:20,154.347,154.352,154.340,154.347
2026-09-07 18:25,154.347,154.357,154.340,154.353
2026-09-07 18:30,154.348,154.357,154.340,154.341
2026-09-07 18:35,154.350,154.360,154.340,154.348
2026-09-07 18:40,154.348,154.357,154.341,154.341
2026-09-07 18:45,154.341,154.357,154.339,154.355
2026-09-07 18:50,154.347,154.356,154.346,154.347
2026-09-07 18:55,154.350,154.360,154.331,154.334
2026-09-07 19:00,154.332,154.360,154.331,154.349
2026-09-07 19:05,154.353,154.368,154.349,154.353
2026-09-07 19:10,154.362,154.363,154.352,154.356
2026-09-07 19:15,154.353,154.378,154.352,154.368
2026-09-07 19:20,154.368,154.372,154.328,154.339
2026-09-07 19:25,154.334,154.341,154.329,154.336
2026-09-07 19:30,154.333,154.368,154.331,154.354
2026-09-07 19:35,154.354,154.376,154.354,154.361
2026-09-07 19:40,154.362,154.371,154.356,154.359
2026-09-07 19:45,154.362,154.369,154.354,154.365
2026-09-07 19:50,154.365,154.374,154.350,154.357
2026-09-07 19:55,154.355,154.362,154.350,154.351
2026-09-07 20:00,154.350,154.370,154.338,154.344
2026-09-07 20:05,154.343,154.370,154.342,154.367
2026-09-07 20:10,154.366,154.377,154.360,154.366
2026-09-07 20:15,154.368,154.386,154.361,154.371
2026-09-07 20:20,154.373,154.375,154.353,154.358
2026-09-07 20:25,154.354,154.363,154.348,154.352
2026-09-07 20:30,154.356,154.362,154.329,154.329
2026-09-07 20:35,154.329,154.341,154.327,154.328
2026-09-07 20:40,154.335,154.376,154.331,154.368
2026-09-07 20:45,154.364,154.377,154.360,154.370
2026-09-07 20:50,154.364,154.376,154.349,154.359
2026-09-07 20:55,154.363,154.369,154.302,154.344
2026-09-07 21:00,154.347,154.347,154.317,154.332
2026-09-07 21:05,154.331,154.332,154.322,154.329
2026-09-07 21:10,154.342,154.342,154.336,154.341
2026-09-07 21:15,154.338,154.341,154.336,154.340
2026-09-07 21:20,154.337,154.340,154.277,154.307
2026-09-07 21:25,154.290,154.345,154.290,154.311
2026-09-07 21:30,154.301,154.330,154.301,154.328
2026-09-07 21:35,154.329,154.352,154.314,154.337
2026-09-07 21:40,154.336,154.379,154.330,154.354
2026-09-07 21:45,154.352,154.361,154.338,154.355
2026-09-07 21:50,154.345,154.361,154.335,154.355
2026-09-07 21:55,154.345,154.361,154.314,154.329
2026-09-07 22:00,154.328,154.364,154.291,154.291
2026-09-07 22:05,154.291,154.340,154.290,154.323
2026-09-07 22:10,154.323,154.374,154.322,154.360
2026-09-07 22:15,154.361,154.363,154.269,154.278
2026-09-07 22:20,154.297,154.325,154.220,154.229
2026-09-07 22:25,154.244,154.252,154.148,154.158
2026-09-07 22:30,154.158,154.231,154.148,154.199
2026-09-07 22:35,154.213,154.233,154.181,154.222
2026-09-07 22:40,154.214,154.252,154.214,154.228
2026-09-07 22:45,154.228,154.263,154.215,154.241
2026-09-07 22:50,154.247,154.255,154.145,154.162
2026-09-07 22:55,154.161,154.210,154.147,154.165
2026-09-07 23:00,154.150,154.167,154.097,154.115
2026-09-07 23:05,154.105,154.121,154.027,154.041
2026-09-07 23:10,154.034,154.085,153.936,153.961
2026-09-07 23:15,153.959,153.994,153.791,153.816
2026-09-07 23:20,153.822,154.005,153.807,153.968
2026-09-07 23:25,153.968,154.045,153.925,153.938
2026-09-07 23:30,153.945,154.037,153.854,153.980
2026-09-07 23:35,153.970,154.040,153.932,154.013
2026-09-07 23:40,154.008,154.017,153.887,153.897
2026-09-07 23:45,153.893,153.911,153.839,153.892
2026-09-07 23:50,153.883,154.006,153.870,153.971
2026-09-07 23:55,153.971,153.983,153.795,153.818
2026-09-08 00:00,153.827,153.893,153.593,153.775
2026-09-08 00:05,153.784,153.830,153.712,153.811
2026-09-08 00:10,153.818,153.876,153.683,153.725
2026-09-08 00:15,153.725,153.761,153.594,153.609
2026-09-08 00:20,153.615,153.695,153.533,153.664
2026-09-08 00:25,153.656,153.663,153.532,153.542
2026-09-08 00:30,153.550,153.641,153.521,153.567
2026-09-08 00:35,153.558,153.727,153.554,153.675
2026-09-08 00:40,153.675,153.774,153.640,153.763
2026-09-08 00:45,153.767,153.807,153.719,153.723
2026-09-08 00:50,153.719,153.758,153.612,153.673
2026-09-08 00:55,153.681,153.828,153.673,153.789
2026-09-08 01:00,153.784,153.810,153.688,153.789
2026-09-08 01:05,153.786,153.796,153.682,153.684
2026-09-08 01:10,153.690,153.792,153.665,153.678
2026-09-08 01:15,153.670,153.693,153.564,153.654
2026-09-08 01:20,153.654,153.701,153.540,153.566
2026-09-08 01:25,153.561,153.571,153.414,153.437
2026-09-08 01:30,153.430,153.476,153.370,153.462
2026-09-08 01:35,153.462,153.510,153.366,153.507
2026-09-08 01:40,153.497,153.582,153.439,153.521
2026-09-08 01:45,153.518,153.619,153.498,153.619
2026-09-08 01:50,153.609,153.614,153.465,153.490
2026-09-08 01:55,153.480,153.501,153.349,153.349
2026-09-08 02:00,153.364,153.365,153.165,153.177
2026-09-08 02:05,153.179,153.284,153.150,153.232
2026-09-08 02:10,153.226,153.301,153.186,153.254
2026-09-08 02:15,153.262,153.262,153.129,153.222
2026-09-08 02:20,153.212,153.227,152.881,152.984
2026-09-08 02:25,152.984,153.104,152.944,153.023
2026-09-08 02:30,153.023,153.232,153.021,153.217
2026-09-08 02:35,153.218,153.333,153.217,153.254
2026-09-08 02:40,153.250,153.291,153.104,153.118
2026-09-08 02:45,153.118,153.221,153.088,153.195
2026-09-08 02:50,153.187,153.311,153.106,153.311
2026-09-08 02:55,153.306,153.369,153.256,153.341
2026-09-08 03:00,153.352,153.362,153.215,153.228
2026-09-08 03:05,153.221,153.311,153.174,153.286
2026-09-08 03:10,153.282,153.356,153.265,153.287
2026-09-08 03:15,153.279,153.344,153.265,153.313
2026-09-08 03:20,153.305,153.340,153.263,153.295
2026-09-08 03:25,153.296,153.308,153.259,153.286
2026-09-08 03:30,153.279,153.327,153.221,153.279
2026-09-08 03:35,153.280,153.325,153.232,153.253
2026-09-08 03:40,153.244,153.271,153.169,153.179
2026-09-08 03:45,153.183,153.205,153.114,153.177
2026-09-08 03:50,153.171,153.308,153.171,153.301
2026-09-08 03:55,153.301,153.356,153.293,153.322
2026-09-08 04:00,153.329,153.451,153.288,153.430
2026-09-08 04:05,153.432,153.467,153.324,153.354
2026-09-08 04:10,153.343,153.364,153.228,153.361
2026-09-08 04:15,153.354,153.443,153.333,153.416
2026-09-08 04:20,153.407,153.450,153.392,153.405
2026-09-08 04:25,153.403,153.516,153.395,153.482
2026-09-08 04:30,153.483,153.525,153.428,153.501
2026-09-08 04:35,153.512,153.562,153.488,153.541
2026-09-08 04:40,153.543,153.583,153.494,153.519
2026-09-08 04:45,153.511,153.556,153.496,153.545
2026-09-08 04:50,153.537,153.584,153.493,153.508
2026-09-08 04:55,153.502,153.520,153.434,153.461
2026-09-08 05:00,153.461,153.495,153.394,153.423
2026-09-08 05:05,153.430,153.469,153.365,153.365
2026-09-08 05:10,153.363,153.373,153.307,153.324
2026-09-08 05:15,153.332,153.381,153.273,153.346
2026-09-08 05:20,153.346,153.529,153.321,153.510
2026-09-08 05:25,153.500,153.535,153.439,153.535
2026-09-08 05:30,153.539,153.592,153.514,153.534
2026-09-08 05:35,153.536,153.545,153.467,153.486
2026-09-08 05:40,153.485,153.489,153.418,153.431
2026-09-08 05:45,153.431,153.504,153.398,153.473
2026-09-08 05:50,153.476,153.550,153.441,153.535
2026-09-08 05:55,153.546,153.546,153.314,153.316
2026-09-08 06:00,153.321,153.396,153.300,153.302
2026-09-08 06:05,153.302,153.443,153.253,153.429
2026-09-08 06:10,153.419,153.519,153.415,153.510
2026-09-08 06:15,153.501,153.641,153.492,153.636
2026-09-08 06:20,153.631,153.792,153.631,153.739
2026-09-08 06:25,153.734,153.780,153.662,153.728
2026-09-08 06:30,153.730,153.860,153.707,153.853
2026-09-08 06:35,153.852,153.921,153.812,153.869
2026-09-08 06:40,153.862,153.870,153.722,153.736
2026-09-08 06:45,153.730,153.823,153.720,153.725
2026-09-08 06:50,153.716,153.778,153.682,153.707
2026-09-08 06:55,153.698,153.777,153.669,153.777
2026-09-08 07:00,153.774,153.874,153.727,153.748
2026-09-08 07:05,153.757,153.875,153.716,153.834
2026-09-08 07:10,153.833,153.960,153.820,153.938
2026-09-08 07:15,153.937,153.961,153.828,153.834
2026-09-08 07:20,153.836,153.938,153.821,153.884
2026-09-08 07:25,153.878,153.892,153.784,153.824
2026-09-08 07:30,153.820,153.935,153.781,153.918
2026-09-08 07:35,153.926,153.931,153.795,153.924
2026-09-08 07:40,153.924,153.970,153.853,153.865
2026-09-08 07:45,153.866,153.928,153.856,153.906
2026-09-08 07:50,153.906,153.919,153.753,153.873
2026-09-08 07:55,153.866,153.888,153.795,153.800
2026-09-08 08:00,153.795,154.075,153.728,153.969
2026-09-08 08:05,153.960,153.977,153.805,153.888
2026-09-08 08:10,153.878,153.946,153.829,153.936
2026-09-08 08:15,153.946,154.045,153.934,153.957
2026-09-08 08:20,153.954,154.008,153.828,153.834
2026-09-08 08:25,153.834,153.896,153.794,153.884
2026-09-08 08:30,153.888,153.954,153.878,153.896
2026-09-08 08:35,153.895,153.984,153.876,153.973
2026-09-08 08:40,153.967,154.174,153.962,154.152
2026-09-08 08:45,154.153,154.288,154.075,154.079
2026-09-08 08:50,154.079,154.156,154.056,154.094
2026-09-08 08:55,154.094,154.238,154.094,154.165
2026-09-08 09:00,154.172,154.188,154.090,154.093
2026-09-08 09:05,154.096,154.109,154.015,154.095
2026-09-08 09:10,154.095,154.126,154.047,154.116
2026-09-08 09:15,154.116,154.139,154.049,154.059
2026-09-08 09:20,154.049,154.096,154.044,154.065
2026-09-08 09:25,154.057,154.082,153.975,154.002
2026-09-08 09:30,154.003,154.115,153.809,154.102
2026-09-08 09:35,154.094,154.103,154.046,154.052
2026-09-08 09:40,154.046,154.056,153.822,153.951
2026-09-08 09:45,153.951,153.980,153.906,153.911
2026-09-08 09:50,153.911,153.921,153.847,153.882
2026-09-08 09:55,153.876,153.956,153.874,153.913
2026-09-08 10:00,153.903,153.995,153.902,153.992
2026-09-08 10:05,153.984,154.009,153.955,153.980
2026-09-08 10:10,153.983,154.050,153.975,154.043
2026-09-08 10:15,154.035,154.089,154.033,154.080
2026-09-08 10:20,154.082,154.108,153.949,154.089
2026-09-08 10:25,154.098,154.112,154.044,154.100
2026-09-08 10:30,154.106,154.161,154.100,154.152
2026-09-08 10:35,154.157,154.227,154.148,154.204
2026-09-08 10:40,154.195,154.204,154.138,154.195
2026-09-08 10:45,154.202,154.203,154.130,154.135
2026-09-08 10:50,154.135,154.175,154.101,154.150
2026-09-08 10:55,154.151,154.259,154.112,154.241
2026-09-08 11:00,154.233,154.309,154.217,154.287
2026-09-08 11:05,154.283,154.385,154.256,154.347
2026-09-08 11:10,154.355,154.423,154.309,154.344
2026-09-08 11:15,154.335,154.359,154.248,154.260
2026-09-08 11:20,154.257,154.327,154.257,154.274
2026-09-08 11:25,154.271,154.299,154.215,154.224
2026-09-08 11:30,154.215,154.260,154.206,154.227
2026-09-08 11:35,154.232,154.290,154.136,154.166
2026-09-08 11:40,154.177,154.268,154.166,154.247
2026-09-08 11:45,154.247,154.298,154.232,154.259
2026-09-08 11:50,154.254,154.387,154.249,154.346
2026-09-08 11:55,154.338,154.352,154.256,154.256
2026-09-08 12:00,154.257,154.290,154.199,154.247
2026-09-08 12:05,154.247,154.316,154.245,154.282
2026-09-08 12:10,154.287,154.305,154.215,154.215
2026-09-08 12:15,154.220,154.257,154.162,154.164
2026-09-08 12:20,154.167,154.186,154.061,154.066
2026-09-08 12:25,154.070,154.086,153.927,153.962
2026-09-08 12:30,153.971,154.065,153.894,154.009
2026-09-08 12:35,154.002,154.078,153.959,153.966
2026-09-08 12:40,153.960,154.025,153.943,153.967
2026-09-08 12:45,153.966,153.994,153.827,153.842
2026-09-08 12:50,153.832,153.921,153.828,153.849
2026-09-08 12:55,153.842,153.855,153.787,153.805
2026-09-08 13:00,153.793,153.821,153.709,153.764
2026-09-08 13:05,153.756,153.851,153.734,153.833
2026-09-08 13:10,153.831,153.862,153.743,153.852
2026-09-08 13:15,153.857,153.929,153.850,153.862
2026-09-08 13:20,153.862,153.904,153.816,153.847
2026-09-08 13:25,153.855,153.873,153.768,153.780
2026-09-08 13:30,153.772,153.842,153.695,153.746
2026-09-08 13:35,153.755,153.846,153.697,153.830
2026-09-08 13:40,153.829,153.895,153.779,153.883
2026-09-08 13:45,153.884,153.900,153.808,153.882
2026-09-08 13:50,153.873,153.906,153.807,153.833
2026-09-08 13:55,153.838,153.923,153.801,153.805
2026-09-08 14:00,153.805,153.908,153.782,153.874
2026-09-08 14:05,153.868,153.970,153.846,153.944
2026-09-08 14:10,153.952,154.127,153.944,154.120
2026-09-08 14:15,154.125,154.129,154.008,154.039
2026-09-08 14:20,154.035,154.101,154.034,154.062
2026-09-08 14:25,154.064,154.094,154.035,154.050
2026-09-08 14:30,154.043,154.051,153.927,153.956
2026-09-08 14:35,153.957,154.011,153.900,154.004
2026-09-08 14:40,153.998,154.031,153.966,154.017
2026-09-08 14:45,154.013,154.029,153.957,153.961
2026-09-08 14:50,153.962,153.992,153.911,153.944
2026-09-08 14:55,153.937,154.055,153.936,154.002
2026-09-08 15:00,153.998,154.141,153.996,154.117
2026-09-08 15:05,154.115,154.182,154.115,154.140
2026-09-08 15:10,154.140,154.206,154.126,154.194
2026-09-08 15:15,154.189,154.239,154.165,154.225
2026-09-08 15:20,154.225,154.264,154.185,154.211
2026-09-08 15:25,154.211,154.218,154.137,154.206
2026-09-08 15:30,154.200,154.208,154.114,154.117
2026-09-08 15:35,154.117,154.175,154.107,154.146
2026-09-08 15:40,154.146,154.206,154.144,154.206
2026-09-08 15:45,154.199,154.243,154.177,154.205
2026-09-08 15:50,154.199,154.232,154.169,154.187
2026-09-08 15:55,154.187,154.247,154.157,154.244
2026-09-08 16:00,154.236,154.269,154.212,154.218
2026-09-08 16:05,154.214,154.276,154.212,154.272
2026-09-08 16:10,154.266,154.342,154.265,154.312
2026-09-08 16:15,154.315,154.374,154.305,154.364
2026-09-08 16:20,154.361,154.383,154.336,154.340
2026-09-08 16:25,154.340,154.343,154.263,154.289
2026-09-08 16:30,154.290,154.292,154.241,154.266
2026-09-08 16:35,154.273,154.289,154.239,154.265
2026-09-08 16:40,154.259,154.328,154.246,154.305
2026-09-08 16:45,154.306,154.347,154.304,154.323
2026-09-08 16:50,154.320,154.340,154.253,154.291
2026-09-08 16:55,154.288,154.325,154.261,154.275
2026-09-08 17:00,154.264,154.276,154.210,154.227
2026-09-08 17:05,154.226,154.286,154.210,154.264
2026-09-08 17:10,154.274,154.274,154.227,154.249
2026-09-08 17:15,154.253,154.259,154.224,154.245
2026-09-08 17:20,154.240,154.284,154.226,154.245
2026-09-08 17:25,154.236,154.283,154.235,154.241
2026-09-08 17:30,154.244,154.312,154.234,154.299
2026-09-08 17:35,154.300,154.325,154.240,154.259
2026-09-08 17:40,154.251,154.286,154.251,154.280
2026-09-08 17:45,154.273,154.283,154.238,154.257
2026-09-08 17:50,154.248,154.281,154.236,154.265
2026-09-08 17:55,154.266,154.284,154.217,154.218
2026-09-08 18:00,154.217,154.258,154.207,154.258
2026-09-08 18:05,154.248,154.327,154.237,154.298
2026-09-08 18:10,154.305,154.348,154.294,154.339
2026-09-08 18:15,154.336,154.393,154.294,154.338
2026-09-08 18:20,154.335,154.360,154.261,154.263
2026-09-08 18:25,154.263,154.295,154.222,154.237
2026-09-08 18:30,154.242,154.269,154.153,154.174
2026-09-08 18:35,154.166,154.188,154.105,154.119
2026-09-08 18:40,154.119,154.136,154.050,154.074
2026-09-08 18:45,154.080,154.319,154.046,154.256
2026-09-08 18:50,154.262,154.268,154.046,154.048
2026-09-08 18:55,154.054,154.091,153.439,153.582
2026-09-08 19:00,153.591,153.830,153.591,153.805
2026-09-08 19:05,153.808,153.865,153.763,153.841
2026-09-08 19:10,153.836,153.906,153.824,153.860
2026-09-08 19:15,153.858,153.916,153.838,153.912
2026-09-08 19:20,153.907,153.940,153.861,153.883
2026-09-08 19:25,153.880,153.951,153.878,153.948
2026-09-08 19:30,153.942,153.973,153.884,153.944
2026-09-08 19:35,153.943,153.956,153.828,153.844
2026-09-08 19:40,153.842,153.903,153.810,153.881
2026-09-08 19:45,153.881,153.938,153.881,153.923
2026-09-08 19:50,153.918,153.987,153.913,153.951
2026-09-08 19:55,153.956,154.007,153.951,153.981
2026-09-08 20:00,153.986,153.986,153.917,153.960
2026-09-08 20:05,153.959,153.994,153.950,153.969
2026-09-08 20:10,153.969,154.012,153.964,153.971
2026-09-08 20:15,153.979,153.996,153.937,153.951
2026-09-08 20:20,153.951,153.997,153.943,153.978
2026-09-08 20:25,153.978,154.013,153.951,153.994
2026-09-08 20:30,153.987,154.019,153.963,153.980
2026-09-08 20:35,153.981,153.989,153.960,153.985
2026-09-08 20:40,153.973,154.012,153.964,153.989
2026-09-08 20:45,153.989,154.019,153.986,154.009
2026-09-08 20:50,154.012,154.018,153.973,153.980
2026-09-08 20:55,153.986,154.009,153.950,153.957
2026-09-08 21:00,153.939,153.964,153.898,153.964
2026-09-08 21:05,153.958,153.964,153.927,153.945
2026-09-08 21:10,153.971,153.980,153.935,153.975
2026-09-08 21:15,153.934,153.968,153.927,153.946
2026-09-08 21:20,153.933,153.961,153.929,153.959
2026-09-08 21:25,153.960,153.960,153.870,153.908
2026-09-08 21:30,153.905,153.941,153.903,153.924
2026-09-08 21:35,153.920,153.927,153.825,153.878
2026-09-08 21:40,153.879,153.889,153.837,153.861
2026-09-08 21:45,153.869,153.889,153.839,153.872
2026-09-08 21:50,153.872,153.888,153.831,153.855
2026-09-08 21:55,153.839,153.873,153.816,153.851
2026-09-08 22:00,153.831,153.974,153.825,153.849
2026-09-08 22:05,153.829,153.853,153.718,153.749
2026-09-08 22:10,153.756,153.787,153.735,153.746
2026-09-08 22:15,153.746,153.765,153.706,153.717
2026-09-08 22:20,153.728,153.738,153.675,153.698
2026-09-08 22:25,153.694,153.711,153.651,153.651
2026-09-08 22:30,153.657,153.695,153.613,153.692
2026-09-08 22:35,153.687,153.717,153.673,153.685
2026-09-08 22:40,153.685,153.746,153.685,153.730
2026-09-08 22:45,153.745,153.750,153.695,153.704
2026-09-08 22:50,153.695,153.749,153.684,153.749
2026-09-08 22:55,153.750,153.773,153.732,153.748
2026-09-08 23:00,153.722,153.737,153.653,153.698
2026-09-08 23:05,153.698,153.712,153.570,153.589
2026-09-08 23:10,153.588,153.603,153.556,153.560
2026-09-08 23:15,153.560,153.569,153.504,153.520
2026-09-08 23:20,153.517,153.607,153.509,153.547
2026-09-08 23:25,153.548,153.567,153.532,153.549
2026-09-08 23:30,153.549,153.627,153.497,153.614
2026-09-08 23:35,153.622,153.642,153.581,153.584
2026-09-08 23:40,153.594,153.619,153.471,153.491
2026-09-08 23:45,153.491,153.555,153.425,153.425
2026-09-08 23:50,153.436,153.506,153.422,153.468
2026-09-08 23:55,153.457,153.512,153.417,153.444
2026-09-09 00:00,153.444,153.462,153.346,153.394
2026-09-09 00:05,153.370,153.417,153.325,153.363
2026-09-09 00:10,153.366,153.374,153.288,153.324
2026-09-09 00:15,153.323,153.342,153.246,153.257
2026-09-09 00:20,153.257,153.407,153.255,153.369
2026-09-09 00:25,153.373,153.382,153.302,153.354
2026-09-09 00:30,153.361,153.535,153.352,153.515
2026-09-09 00:35,153.499,153.602,153.493,153.564
2026-09-09 00:40,153.564,153.639,153.564,153.622
2026-09-09 00:45,153.620,153.689,153.584,153.641
2026-09-09 00:50,153.641,153.740,153.586,153.690
2026-09-09 00:55,153.703,153.704,153.565,153.566
2026-09-09 01:00,153.568,153.668,153.565,153.654
2026-09-09 01:05,153.649,153.752,153.645,153.694
2026-09-09 01:10,153.692,153.754,153.661,153.716
2026-09-09 01:15,153.724,153.726,153.638,153.692
2026-09-09 01:20,153.694,153.827,153.690,153.810
2026-09-09 01:25,153.809,153.831,153.770,153.792
2026-09-09 01:30,153.792,153.810,153.727,153.731
2026-09-09 01:35,153.731,153.749,153.678,153.682
2026-09-09 01:40,153.686,153.710,153.631,153.699
2026-09-09 01:45,153.707,153.708,153.587,153.630
2026-09-09 01:50,153.630,153.667,153.605,153.619
2026-09-09 01:55,153.618,153.621,153.534,153.552
2026-09-09 02:00,153.547,153.640,153.534,153.623
2026-09-09 02:05,153.623,153.668,153.601,153.613
2026-09-09 02:10,153.609,153.629,153.560,153.587
2026-09-09 02:15,153.587,153.640,153.575,153.598
2026-09-09 02:20,153.605,153.668,153.580,153.625
2026-09-09 02:25,153.628,153.705,153.622,153.664
2026-09-09 02:30,153.664,153.681,153.585,153.617
2026-09-09 02:35,153.610,153.639,153.572,153.593
2026-09-09 02:40,153.584,153.619,153.561,153.565
2026-09-09 02:45,153.566,153.574,153.507,153.529
2026-09-09 02:50,153.536,153.547,153.480,153.511
2026-09-09 02:55,153.521,153.533,153.452,153.510
2026-09-09 03:00,153.505,153.537,153.474,153.522
2026-09-09 03:05,153.522,153.580,153.505,153.568
2026-09-09 03:10,153.563,153.583,153.535,153.571
2026-09-09 03:15,153.562,153.598,153.548,153.573
2026-09-09 03:20,153.565,153.587,153.534,153.555
2026-09-09 03:25,153.558,153.578,153.525,153.537
2026-09-09 03:30,153.537,153.560,153.496,153.501
2026-09-09 03:35,153.501,153.505,153.418,153.425
2026-09-09 03:40,153.432,153.434,153.370,153.383
2026-09-09 03:45,153.381,153.432,153.330,153.418
2026-09-09 03:50,153.413,153.455,153.386,153.434
2026-09-09 03:55,153.438,153.475,153.406,153.447
2026-09-09 04:00,153.440,153.469,153.384,153.397
2026-09-09 04:05,153.396,153.423,153.336,153.351
2026-09-09 04:10,153.343,153.371,153.320,153.367
2026-09-09 04:15,153.361,153.390,153.325,153.329
2026-09-09 04:20,153.336,153.396,153.315,153.340
2026-09-09 04:25,153.340,153.365,153.297,153.320
2026-09-09 04:30,153.323,153.359,153.297,153.354
2026-09-09 04:35,153.354,153.397,153.336,153.387
2026-09-09 04:40,153.387,153.441,153.375,153.383
2026-09-09 04:45,153.376,153.451,153.372,153.449
2026-09-09 04:50,153.448,153.482,153.436,153.472
2026-09-09 04:55,153.480,153.487,153.427,153.465
2026-09-09 05:00,153.459,153.484,153.400,153.410
2026-09-09 05:05,153.402,153.416,153.341,153.347
2026-09-09 05:10,153.353,153.457,153.335,153.444
2026-09-09 05:15,153.434,153.457,153.397,153.397
2026-09-09 05:20,153.405,153.415,153.333,153.348
2026-09-09 05:25,153.340,153.372,153.290,153.304
2026-09-09 05:30,153.301,153.355,153.270,153.310
2026-09-09 05:35,153.310,153.353,153.280,153.315
2026-09-09 05:40,153.314,153.376,153.294,153.358
2026-09-09 05:45,153.364,153.411,153.337,153.385
2026-09-09 05:50,153.385,153.410,153.323,153.325
2026-09-09 05:55,153.329,153.331,153.228,153.300
2026-09-09 06:00,153.294,153.325,153.126,153.135
2026-09-09 06:05,153.136,153.249,153.105,153.214
2026-09-09 06:10,153.212,153.220,153.077,153.089
2026-09-09 06:15,153.084,153.096,153.034,153.082
2026-09-09 06:20,153.082,153.126,152.930,153.008
2026-09-09 06:25,153.004,153.147,152.986,153.138
2026-09-09 06:30,153.146,153.253,153.138,153.200
2026-09-09 06:35,153.197,153.287,153.195,153.254
2026-09-09 06:40,153.254,153.379,153.225,153.372
2026-09-09 06:45,153.366,153.393,153.305,153.333
2026-09-09 06:50,153.329,153.365,153.280,153.280
2026-09-09 06:55,153.284,153.345,153.250,153.338
2026-09-09 07:00,153.339,153.353,153.181,153.228
2026-09-09 07:05,153.221,153.248,153.155,153.175
2026-09-09 07:10,153.175,153.182,153.087,153.149
2026-09-09 07:15,153.154,153.269,153.122,153.264
2026-09-09 07:20,153.258,153.361,153.258,153.341
2026-09-09 07:25,153.342,153.354,153.244,153.293
2026-09-09 07:30,153.293,153.372,153.230,153.302
2026-09-09 07:35,153.306,153.322,153.175,153.178
2026-09-09 07:40,153.180,153.220,153.126,153.165
2026-09-09 07:45,153.168,153.193,153.100,153.155
2026-09-09 07:50,153.155,153.253,153.125,153.242
2026-09-09 07:55,153.246,153.247,153.086,153.103
2026-09-09 08:00,153.109,153.307,153.097,153.294
2026-09-09 08:05,153.289,153.384,153.288,153.331
2026-09-09 08:10,153.325,153.365,153.262,153.330
2026-09-09 08:15,153.329,153.449,153.324,153.368
2026-09-09 08:20,153.367,153.459,153.354,153.453
2026-09-09 08:25,153.448,153.560,153.425,153.542
2026-09-09 08:30,153.540,153.666,153.532,153.618
2026-09-09 08:35,153.615,153.651,153.601,153.606
2026-09-09 08:40,153.606,153.652,153.577,153.599
2026-09-09 08:45,153.602,153.615,153.537,153.573
2026-09-09 08:50,153.573,153.602,153.539,153.601
2026-09-09 08:55,153.601,153.682,153.553,153.655
2026-09-09 09:00,153.642,153.661,153.573,153.573
2026-09-09 09:05,153.573,153.618,153.551,153.612
2026-09-09 09:10,153.607,153.640,153.563,153.563
2026-09-09 09:15,153.568,153.593,153.537,153.574
2026-09-09 09:20,153.574,153.582,153.513,153.517
2026-09-09 09:25,153.517,153.526,153.467,153.471
2026-09-09 09:30,153.477,153.507,153.458,153.487
2026-09-09 09:35,153.494,153.521,153.466,153.481
2026-09-09 09:40,153.481,153.490,153.410,153.421
2026-09-09 09:45,153.418,153.526,153.407,153.517
2026-09-09 09:50,153.525,153.593,153.516,153.583
2026-09-09 09:55,153.583,153.664,153.565,153.648
2026-09-09 10:00,153.640,153.664,153.592,153.601
2026-09-09 10:05,153.606,153.646,153.588,153.639
2026-09-09 10:10,153.640,153.683,153.585,153.658
2026-09-09 10:15,153.658,153.728,153.650,153.671
2026-09-09 10:20,153.666,153.675,153.568,153.599
2026-09-09 10:25,153.597,153.616,153.524,153.562
2026-09-09 10:30,153.562,153.602,153.511,153.522
2026-09-09 10:35,153.513,153.544,153.481,153.522
2026-09-09 10:40,153.531,153.618,153.517,153.609
2026-09-09 10:45,153.612,153.628,153.515,153.523
2026-09-09 10:50,153.527,153.558,153.490,153.540
2026-09-09 10:55,153.540,153.579,153.528,153.549
2026-09-09 11:00,153.553,153.583,153.487,153.492
2026-09-09 11:05,153.492,153.511,153.447,153.456
2026-09-09 11:10,153.455,153.474,153.433,153.457
2026-09-09 11:15,153.456,153.501,153.406,153.408
2026-09-09 11:20,153.408,153.441,153.406,153.409
2026-09-09 11:25,153.409,153.416,153.316,153.323
2026-09-09 11:30,153.329,153.392,153.296,153.313
2026-09-09 11:35,153.310,153.364,153.298,153.340
2026-09-09 11:40,153.335,153.390,153.315,153.366
2026-09-09 11:45,153.363,153.371,153.249,153.260
2026-09-09 11:50,153.257,153.323,153.234,153.283
2026-09-09 11:55,153.278,153.292,153.188,153.225
2026-09-09 12:00,153.228,153.288,153.190,153.240
2026-09-09 12:05,153.238,153.326,153.219,153.258
2026-09-09 12:10,153.256,153.315,153.252,153.280
2026-09-09 12:15,153.280,153.348,153.279,153.291
2026-09-09 12:20,153.288,153.391,153.263,153.350
2026-09-09 12:25,153.356,153.451,153.330,153.428
2026-09-09 12:30,153.432,153.486,153.422,153.439
2026-09-09 12:35,153.447,153.449,153.342,153.375
2026-09-09 12:40,153.374,153.409,153.358,153.375
2026-09-09 12:45,153.377,153.381,153.301,153.345
2026-09-09 12:50,153.346,153.382,153.315,153.369
2026-09-09 12:55,153.379,153.384,153.332,153.334
2026-09-09 13:00,153.324,153.353,153.257,153.304
2026-09-09 13:05,153.299,153.317,153.252,153.273
2026-09-09 13:10,153.273,153.305,153.241,153.256
2026-09-09 13:15,153.258,153.331,153.243,153.261
2026-09-09 13:20,153.261,153.360,153.259,153.317
2026-09-09 13:25,153.317,153.345,153.302,153.332
2026-09-09 13:30,153.324,153.376,153.298,153.333
2026-09-09 13:35,153.333,153.411,153.318,153.347
2026-09-09 13:40,153.346,153.447,153.340,153.357
2026-09-09 13:45,153.354,153.391,153.230,153.271
2026-09-09 13:50,153.266,153.346,153.244,153.346
2026-09-09 13:55,153.340,153.345,153.273,153.279
2026-09-09 14:00,153.279,153.305,153.133,153.173
2026-09-09 14:05,153.173,153.186,153.111,153.133
2026-09-09 14:10,153.127,153.182,153.098,153.107
2026-09-09 14:15,153.099,153.223,153.096,153.174
2026-09-09 14:20,153.172,153.309,153.162,153.306
2026-09-09 14:25,153.310,153.327,153.210,153.228
2026-09-09 14:30,153.229,153.278,153.226,153.252
2026-09-09 14:35,153.258,153.262,153.161,153.199
2026-09-09 14:40,153.198,153.316,153.197,153.308
2026-09-09 14:45,153.308,153.337,153.257,153.258
2026-09-09 14:50,153.257,153.347,153.227,153.250
2026-09-09 14:55,153.244,153.274,153.187,153.197
2026-09-09 15:00,153.197,153.508,153.144,153.507
2026-09-09 15:05,153.511,153.665,153.495,153.594
2026-09-09 15:10,153.589,153.801,153.555,153.764
2026-09-09 15:15,153.771,153.793,153.691,153.758
2026-09-09 15:20,153.757,153.772,153.678,153.680
2026-09-09 15:25,153.680,153.687,153.562,153.570
2026-09-09 15:30,153.570,153.596,153.451,153.467
2026-09-09 15:35,153.468,153.469,153.297,153.317
2026-09-09 15:40,153.329,153.448,153.319,153.447
2026-09-09 15:45,153.440,153.532,153.406,153.505
2026-09-09 15:50,153.500,153.533,153.415,153.501
2026-09-09 15:55,153.497,153.543,153.435,153.534
2026-09-09 16:00,153.534,153.545,153.435,153.442
2026-09-09 16:05,153.434,153.573,153.419,153.529
2026-09-09 16:10,153.528,153.549,153.506,153.521
2026-09-09 16:15,153.519,153.685,153.513,153.656
2026-09-09 16:20,153.655,153.664,153.581,153.603
2026-09-09 16:25,153.609,153.641,153.565,153.610
2026-09-09 16:30,153.610,153.633,153.541,153.569
2026-09-09 16:35,153.566,153.586,153.524,153.540
2026-09-09 16:40,153.537,153.548,153.504,153.527
2026-09-09 16:45,153.527,153.534,153.471,153.497
2026-09-09 16:50,153.502,153.554,153.478,153.528
2026-09-09 16:55,153.527,153.579,153.527,153.571
2026-09-09 17:00,153.571,153.591,153.497,153.508
2026-09-09 17:05,153.510,153.530,153.479,153.515
2026-09-09 17:10,153.510,153.519,153.459,153.491
2026-09-09 17:15,153.491,153.530,153.490,153.528
2026-09-09 17:20,153.534,153.536,153.476,153.518
2026-09-09 17:25,153.517,153.540,153.498,153.511
2026-09-09 17:30,153.512,153.547,153.494,153.515
2026-09-09 17:35,153.516,153.597,153.508,153.569
2026-09-09 17:40,153.566,153.571,153.458,153.476
2026-09-09 17:45,153.471,153.511,153.458,153.479
2026-09-09 17:50,153.474,153.501,153.461,153.497
2026-09-09 17:55,153.497,153.514,153.458,153.467
2026-09-09 18:00,153.465,153.502,153.450,153.484
2026-09-09 18:05,153.484,153.512,153.478,153.486
2026-09-09 18:10,153.486,153.503,153.433,153.475
2026-09-09 18:15,153.469,153.492,153.466,153.486
2026-09-09 18:20,153.487,153.512,153.437,153.453
2026-09-09 18:25,153.452,153.489,153.437,153.481
2026-09-09 18:30,153.481,153.535,153.471,153.500
2026-09-09 18:35,153.499,153.527,153.484,153.513
2026-09-09 18:40,153.507,153.594,153.497,153.591
2026-09-09 18:45,153.592,153.638,153.575,153.625
2026-09-09 18:50,153.624,153.661,153.613,153.649
2026-09-09 18:55,153.655,153.671,153.588,153.593
2026-09-09 19:00,153.593,153.669,153.590,153.663
2026-09-09 19:05,153.664,153.704,153.653,153.671
2026-09-09 19:10,153.672,153.727,153.670,153.726
2026-09-09 19:15,153.722,153.727,153.665,153.670
2026-09-09 19:20,153.670,153.684,153.634,153.657
2026-09-09 19:25,153.657,153.668,153.628,153.650
2026-09-09 19:30,153.647,153.656,153.599,153.616
2026-09-09 19:35,153.615,153.648,153.612,153.631
2026-09-09 19:40,153.623,153.638,153.613,153.614
2026-09-09 19:45,153.614,153.622,153.577,153.605
2026-09-09 19:50,153.602,153.638,153.600,153.610
2026-09-09 19:55,153.609,153.640,153.582,153.632
2026-09-09 20:00,153.633,153.667,153.610,153.659
2026-09-09 20:05,153.661,153.689,153.659,153.674
2026-09-09 20:10,153.673,153.678,153.634,153.643
2026-09-09 20:15,153.649,153.660,153.639,153.649
2026-09-09 20:20,153.650,153.661,153.627,153.629
2026-09-09 20:25,153.624,153.636,153.598,153.609
2026-09-09 20:30,153.609,153.614,153.585,153.593
2026-09-09 20:35,153.596,153.601,153.567,153.579
2026-09-09 20:40,153.578,153.589,153.545,153.546
2026-09-09 20:45,153.546,153.571,153.541,153.560
2026-09-09 20:50,153.557,153.563,153.542,153.560
2026-09-09 20:55,153.552,153.562,153.502,153.546
2026-09-09 21:00,153.501,153.579,153.480,153.532
2026-09-09 21:05,153.506,153.545,153.506,153.523
2026-09-09 21:10,153.545,153.551,153.520,153.532
2026-09-09 21:15,153.528,153.583,153.520,153.577
2026-09-09 21:20,153.563,153.594,153.485,153.542
2026-09-09 21:25,153.540,153.574,153.487,153.560
2026-09-09 21:30,153.566,153.566,153.494,153.533
2026-09-09 21:35,153.534,153.563,153.527,153.533
2026-09-09 21:40,153.535,153.550,153.495,153.531
2026-09-09 21:45,153.530,153.546,153.508,153.521
2026-09-09 21:50,153.518,153.528,153.504,153.508
2026-09-09 21:55,153.508,153.563,153.496,153.535
2026-09-09 22:00,153.537,153.595,153.462,153.519
2026-09-09 22:05,153.519,153.537,153.462,153.486
2026-09-09 22:10,153.493,153.514,153.481,153.510
2026-09-09 22:15,153.498,153.504,153.435,153.448
2026-09-09 22:20,153.448,153.451,153.379,153.396
2026-09-09 22:25,153.396,153.417,153.368,153.383
2026-09-09 22:30,153.383,153.395,153.319,153.349
2026-09-09 22:35,153.349,153.395,153.348,153.369
2026-09-09 22:40,153.369,153.385,153.320,153.333
2026-09-09 22:45,153.332,153.370,153.320,153.357
2026-09-09 22:50,153.351,153.360,153.330,153.344
2026-09-09 22:55,153.358,153.358,153.324,153.333
2026-09-09 23:00,153.342,153.348,153.297,153.322
2026-09-09 23:05,153.312,153.361,153.311,153.358
2026-09-09 23:10,153.346,153.362,153.325,153.326
2026-09-09 23:15,153.326,153.338,153.312,153.315
2026-09-09 23:20,153.315,153.398,153.314,153.380
2026-09-09 23:25,153.375,153.387,153.356,153.372
2026-09-09 23:30,153.372,153.387,153.335,153.361
2026-09-09 23:35,153.361,153.375,153.356,153.362
2026-09-09 23:40,153.365,153.466,153.362,153.438
2026-09-09 23:45,153.433,153.503,153.431,153.479
2026-09-09 23:50,153.466,153.561,153.437,153.558
2026-09-09 23:55,153.550,153.620,153.524,153.529
2026-09-10 00:00,153.534,153.606,153.529,153.583
2026-09-10 00:05,153.578,153.632,153.544,153.557
2026-09-10 00:10,153.559,153.585,153.472,153.527
2026-09-10 00:15,153.519,153.587,153.511,153.548
2026-09-10 00:20,153.539,153.641,153.504,153.629
2026-09-10 00:25,153.623,153.647,153.559,153.635
2026-09-10 00:30,153.637,153.690,153.599,153.641
2026-09-10 00:35,153.631,153.646,153.586,153.609
2026-09-10 00:40,153.609,153.694,153.593,153.647
2026-09-10 00:45,153.651,153.668,153.599,153.608
2026-09-10 00:50,153.600,153.678,153.586,153.652
2026-09-10 00:55,153.660,153.715,153.640,153.698
2026-09-10 01:00,153.702,153.724,153.638,153.657
2026-09-10 01:05,153.649,153.662,153.571,153.571
2026-09-10 01:10,153.572,153.633,153.554,153.590
2026-09-10 01:15,153.589,153.621,153.540,153.590
2026-09-10 01:20,153.599,153.645,153.590,153.604
2026-09-10 01:25,153.611,153.699,153.604,153.688
2026-09-10 01:30,153.688,153.744,153.647,153.666
2026-09-10 01:35,153.658,153.671,153.615,153.652
2026-09-10 01:40,153.649,153.715,153.644,153.703
2026-09-10 01:45,153.707,153.723,153.646,153.676
2026-09-10 01:50,153.676,153.701,153.449,153.534
2026-09-10 01:55,153.529,153.545,153.419,153.433
2026-09-10 02:00,153.432,153.456,153.275,153.390
2026-09-10 02:05,153.388,153.409,153.323,153.365
2026-09-10 02:10,153.364,153.451,153.363,153.434
2026-09-10 02:15,153.434,153.491,153.421,153.465
2026-09-10 02:20,153.456,153.549,153.447,153.529
2026-09-10 02:25,153.532,153.559,153.502,153.536
2026-09-10 02:30,153.530,153.597,153.528,153.555
2026-09-10 02:35,153.548,153.575,153.452,153.478
2026-09-10 02:40,153.478,153.537,153.469,153.536
2026-09-10 02:45,153.529,153.549,153.472,153.494
2026-09-10 02:50,153.489,153.501,153.440,153.453
2026-09-10 02:55,153.446,153.488,153.402,153.407
2026-09-10 03:00,153.409,153.428,153.373,153.427
2026-09-10 03:05,153.428,153.487,153.419,153.470
2026-09-10 03:10,153.466,153.479,153.442,153.459
2026-09-10 03:15,153.459,153.488,153.435,153.441
2026-09-10 03:20,153.441,153.475,153.430,153.433
2026-09-10 03:25,153.433,153.444,153.409,153.431
2026-09-10 03:30,153.432,153.443,153.404,153.410
2026-09-10 03:35,153.407,153.442,153.407,153.434
2026-09-10 03:40,153.432,153.458,153.432,153.451
2026-09-10 03:45,153.451,153.452,153.362,153.378
2026-09-10 03:50,153.375,153.417,153.370,153.407
2026-09-10 03:55,153.407,153.416,153.371,153.383
2026-09-10 04:00,153.380,153.415,153.372,153.391
2026-09-10 04:05,153.385,153.392,153.340,153.340
2026-09-10 04:10,153.343,153.349,153.291,153.322
2026-09-10 04:15,153.330,153.373,153.310,153.360
2026-09-10 04:20,153.367,153.417,153.359,153.407
2026-09-10 04:25,153.412,153.436,153.406,153.427
2026-09-10 04:30,153.427,153.432,153.394,153.421
2026-09-10 04:35,153.421,153.430,153.385,153.399
2026-09-10 04:40,153.406,153.434,153.394,153.414
2026-09-10 04:45,153.414,153.431,153.405,153.426
2026-09-10 04:50,153.426,153.467,153.411,153.462
2026-09-10 04:55,153.458,153.475,153.442,153.465
2026-09-10 05:00,153.465,153.484,153.447,153.458
2026-09-10 05:05,153.451,153.493,153.450,153.490
2026-09-10 05:10,153.489,153.490,153.437,153.445
2026-09-10 05:15,153.448,153.487,153.443,153.473
2026-09-10 05:20,153.470,153.499,153.431,153.450
2026-09-10 05:25,153.444,153.477,153.439,153.443
2026-09-10 05:30,153.447,153.473,153.406,153.416
2026-09-10 05:35,153.416,153.582,153.391,153.571
2026-09-10 05:40,153.571,153.669,153.544,153.656
2026-09-10 05:45,153.665,153.679,153.562,153.621
2026-09-10 05:50,153.621,153.642,153.551,153.565
2026-09-10 05:55,153.563,153.606,153.542,153.604
2026-09-10 06:00,153.592,153.618,153.504,153.530
2026-09-10 06:05,153.522,153.547,153.463,153.477
2026-09-10 06:10,153.483,153.571,153.461,153.560
2026-09-10 06:15,153.560,153.571,153.497,153.513
2026-09-10 06:20,153.508,153.538,153.496,153.524
2026-09-10 06:25,153.515,153.537,153.474,153.531
2026-09-10 06:30,153.520,153.565,153.500,153.523
2026-09-10 06:35,153.531,153.595,153.530,153.547
2026-09-10 06:40,153.543,153.612,153.531,153.609
2026-09-10 06:45,153.603,153.609,153.537,153.552
2026-09-10 06:50,153.546,153.598,153.482,153.486
2026-09-10 06:55,153.486,153.527,153.405,153.415
2026-09-10 07:00,153.416,153.531,153.409,153.503
2026-09-10 07:05,153.503,153.565,153.503,153.513
2026-09-10 07:10,153.514,153.559,153.476,153.545
2026-09-10 07:15,153.549,153.556,153.451,153.505
2026-09-10 07:20,153.505,153.514,153.440,153.447
2026-09-10 07:25,153.452,153.458,153.395,153.410
2026-09-10 07:30,153.409,153.427,153.346,153.362
2026-09-10 07:35,153.361,153.417,153.315,153.406
2026-09-10 07:40,153.403,153.440,153.385,153.409
2026-09-10 07:45,153.409,153.444,153.402,153.426
2026-09-10 07:50,153.429,153.433,153.360,153.360
2026-09-10 07:55,153.366,153.417,153.348,153.389
2026-09-10 08:00,153.394,153.514,153.387,153.507
2026-09-10 08:05,153.504,153.558,153.488,153.548
2026-09-10 08:10,153.548,153.606,153.541,153.572
2026-09-10 08:15,153.579,153.608,153.541,153.562
2026-09-10 08:20,153.566,153.628,153.538,153.612
2026-09-10 08:25,153.606,153.629,153.561,153.573
2026-09-10 08:30,153.569,153.607,153.565,153.590
2026-09-10 08:35,153.590,153.651,153.583,153.630
2026-09-10 08:40,153.627,153.663,153.620,153.645
2026-09-10 08:45,153.639,153.691,153.599,153.687
2026-09-10 08:50,153.685,153.692,153.624,153.628
2026-09-10 08:55,153.627,153.647,153.593,153.621
2026-09-10 09:00,153.627,153.633,153.573,153.581
2026-09-10 09:05,153.575,153.639,153.548,153.633
2026-09-10 09:10,153.632,153.638,153.592,153.615
2026-09-10 09:15,153.610,153.662,153.607,153.647
2026-09-10 09:20,153.647,153.699,153.634,153.692
2026-09-10 09:25,153.691,153.747,153.675,153.711
2026-09-10 09:30,153.707,153.776,153.701,153.753
2026-09-10 09:35,153.756,153.767,153.713,153.731
2026-09-10 09:40,153.731,153.744,153.664,153.664
2026-09-10 09:45,153.660,153.691,153.655,153.672
2026-09-10 09:50,153.669,153.701,153.654,153.690
2026-09-10 09:55,153.682,153.711,153.677,153.694
2026-09-10 10:00,153.694,153.712,153.659,153.682
2026-09-10 10:05,153.679,153.721,153.654,153.685
2026-09-10 10:10,153.692,153.728,153.668,153.716
2026-09-10 10:15,153.717,153.745,153.705,153.744
2026-09-10 10:20,153.737,153.815,153.737,153.788
2026-09-10 10:25,153.788,153.880,153.787,153.869
2026-09-10 10:30,153.869,153.921,153.833,153.909
2026-09-10 10:35,153.904,154.083,153.904,154.039
2026-09-10 10:40,154.028,154.139,154.022,154.128
2026-09-10 10:45,154.125,154.135,154.067,154.107
2026-09-10 10:50,154.100,154.174,154.065,154.158
2026-09-10 10:55,154.153,154.162,154.044,154.069
2026-09-10 11:00,154.074,154.098,154.044,154.056
2026-09-10 11:05,154.049,154.129,154.031,154.128
2026-09-10 11:10,154.121,154.201,154.100,154.154
2026-09-10 11:15,154.148,154.164,154.085,154.085
2026-09-10 11:20,154.090,154.165,154.075,154.148
2026-09-10 11:25,154.142,154.151,154.069,154.109
2026-09-10 11:30,154.104,154.119,154.073,154.109
2026-09-10 11:35,154.112,154.134,154.084,154.090
2026-09-10 11:40,154.091,154.110,154.045,154.068
2026-09-10 11:45,154.074,154.124,154.052,154.083
2026-09-10 11:50,154.079,154.150,154.077,154.107
2026-09-10 11:55,154.109,154.179,154.109,154.152
2026-09-10 12:00,154.152,154.224,154.130,154.190
2026-09-10 12:05,154.192,154.199,154.151,154.178
2026-09-10 12:10,154.184,154.323,154.151,154.305
2026-09-10 12:15,154.294,154.320,154.260,154.283
2026-09-10 12:20,154.290,154.378,154.282,154.299
2026-09-10 12:25,154.290,154.374,154.280,154.358
2026-09-10 12:30,154.353,154.670,154.206,154.632
2026-09-10 12:35,154.630,154.642,154.471,154.485
2026-09-10 12:40,154.480,154.531,154.401,154.416
2026-09-10 12:45,154.424,154.448,154.326,154.363
2026-09-10 12:50,154.364,154.387,154.283,154.289
2026-09-10 12:55,154.289,154.396,154.264,154.345
2026-09-10 13:00,154.345,154.364,154.208,154.247
2026-09-10 13:05,154.248,154.277,154.187,154.260
2026-09-10 13:10,154.260,154.294,154.202,154.238
2026-09-10 13:15,154.238,154.348,154.203,154.321
2026-09-10 13:20,154.331,154.331,154.212,154.286
2026-09-10 13:25,154.282,154.306,154.200,154.216
2026-09-10 13:30,154.219,154.256,154.136,154.174
2026-09-10 13:35,154.168,154.205,154.133,154.168
2026-09-10 13:40,154.173,154.212,154.118,154.152
2026-09-10 13:45,154.151,154.153,153.968,153.992
2026-09-10 13:50,153.992,154.117,153.990,154.095
2026-09-10 13:55,154.095,154.137,154.035,154.042
2026-09-10 14:00,154.047,154.068,153.950,153.959
2026-09-10 14:05,153.958,153.962,153.841,153.875
2026-09-10 14:10,153.880,153.950,153.843,153.898
2026-09-10 14:15,153.893,153.982,153.889,153.981
2026-09-10 14:20,153.977,154.011,153.856,153.898
2026-09-10 14:25,153.896,154.023,153.862,153.965
2026-09-10 14:30,153.978,154.023,153.878,153.892
2026-09-10 14:35,153.894,154.017,153.880,153.992
2026-09-10 14:40,153.985,154.058,153.962,154.031
2026-09-10 14:45,154.032,154.083,154.009,154.013
2026-09-10 14:50,154.013,154.024,153.960,153.998
2026-09-10 14:55,153.998,154.021,153.880,153.885
2026-09-10 15:00,153.887,153.962,153.846,153.890
2026-09-10 15:05,153.883,153.962,153.873,153.940
2026-09-10 15:10,153.942,153.970,153.897,153.930
2026-09-10 15:15,153.934,153.947,153.873,153.919
2026-09-10 15:20,153.920,153.967,153.888,153.959
2026-09-10 15:25,153.956,154.029,153.953,154.028
2026-09-10 15:30,154.023,154.042,154.006,154.020
2026-09-10 15:35,154.025,154.067,154.012,154.046
2026-09-10 15:40,154.039,154.052,154.025,154.047
2026-09-10 15:45,154.047,154.105,154.034,154.086
2026-09-10 15:50,154.083,154.119,154.018,154.051
2026-09-10 15:55,154.053,154.080,154.040,154.060
2026-09-10 16:00,154.060,154.156,154.044,154.148
2026-09-10 16:05,154.154,154.204,154.132,154.197
2026-09-10 16:10,154.190,154.214,154.169,154.191
2026-09-10 16:15,154.191,154.249,154.191,154.222
2026-09-10 16:20,154.220,154.265,154.212,154.223
2026-09-10 16:25,154.222,154.290,154.206,154.272
2026-09-10 16:30,154.277,154.324,154.248,154.319
2026-09-10 16:35,154.314,154.374,154.306,154.362
2026-09-10 16:40,154.361,154.393,154.332,154.342
2026-09-10 16:45,154.334,154.379,154.333,154.362
2026-09-10 16:50,154.357,154.361,154.273,154.294
2026-09-10 16:55,154.294,154.334,154.268,154.269
2026-09-10 17:00,154.275,154.348,154.239,154.300
2026-09-10 17:05,154.299,154.335,154.280,154.307
2026-09-10 17:10,154.305,154.311,154.268,154.268
2026-09-10 17:15,154.270,154.310,154.259,154.276
2026-09-10 17:20,154.276,154.280,154.202,154.233
2026-09-10 17:25,154.227,154.276,154.222,154.258
2026-09-10 17:30,154.255,154.284,154.239,154.278
2026-09-10 17:35,154.275,154.319,154.233,154.310
2026-09-10 17:40,154.313,154.342,154.292,154.312
2026-09-10 17:45,154.314,154.318,154.275,154.287
2026-09-10 17:50,154.287,154.295,154.228,154.238
2026-09-10 17:55,154.238,154.284,154.238,154.252
2026-09-10 18:00,154.252,154.314,154.236,154.288
2026-09-10 18:05,154.288,154.358,154.274,154.340
2026-09-10 18:10,154.346,154.388,154.343,154.381
2026-09-10 18:15,154.383,154.399,154.359,154.388
2026-09-10 18:20,154.384,154.388,154.297,154.309
2026-09-10 18:25,154.309,154.361,154.299,154.350
2026-09-10 18:30,154.349,154.383,154.341,154.344
2026-09-10 18:35,154.349,154.355,154.325,154.347
2026-09-10 18:40,154.343,154.364,154.321,154.323
2026-09-10 18:45,154.325,154.377,154.323,154.365
2026-09-10 18:50,154.358,154.372,154.294,154.309
2026-09-10 18:55,154.307,154.344,154.295,154.317
2026-09-10 19:00,154.312,154.360,154.312,154.353
2026-09-10 19:05,154.347,154.361,154.308,154.322
2026-09-10 19:10,154.323,154.395,154.316,154.379
2026-09-10 19:15,154.385,154.395,154.342,154.345
2026-09-10 19:20,154.351,154.353,154.307,154.308
2026-09-10 19:25,154.308,154.344,154.305,154.334
2026-09-10 19:30,154.333,154.355,154.306,154.347
2026-09-10 19:35,154.345,154.356,154.331,154.344
2026-09-10 19:40,154.345,154.350,154.308,154.333
2026-09-10 19:45,154.338,154.342,154.303,154.312
2026-09-10 19:50,154.310,154.333,154.306,154.323
2026-09-10 19:55,154.328,154.345,154.322,154.340
2026-09-10 20:00,154.334,154.364,154.332,154.357
2026-09-10 20:05,154.349,154.383,154.342,154.375
2026-09-10 20:10,154.370,154.396,154.365,154.387
2026-09-10 20:15,154.391,154.416,154.386,154.399
2026-09-10 20:20,154.402,154.416,154.385,154.407
2026-09-10 20:25,154.402,154.434,154.402,154.423
2026-09-10 20:30,154.427,154.432,154.414,154.427
2026-09-10 20:35,154.429,154.441,154.422,154.425
2026-09-10 20:40,154.427,154.449,154.422,154.433
2026-09-10 20:45,154.433,154.457,154.422,154.452
2026-09-10 20:50,154.441,154.486,154.436,154.476
2026-09-10 20:55,154.463,154.504,154.396,154.411
2026-09-10 21:00,154.404,154.405,154.305,154.380
2026-09-10 21:05,154.381,154.381,154.344,154.345
2026-09-10 21:10,154.348,154.351,154.344,154.345
2026-09-10 21:15,154.344,154.378,154.344,154.378
2026-09-10 21:20,154.378,154.378,154.345,154.358
2026-09-10 21:25,154.347,154.368,154.347,154.361
2026-09-10 21:30,154.351,154.361,154.347,154.359
2026-09-10 21:35,154.349,154.375,154.347,154.365
2026-09-10 21:40,154.372,154.388,154.349,154.375
2026-09-10 21:45,154.380,154.381,154.349,154.362
2026-09-10 21:50,154.359,154.377,154.349,154.364
2026-09-10 21:55,154.366,154.370,154.345,154.366
2026-09-10 22:00,154.356,154.483,154.347,154.450
2026-09-10 22:05,154.435,154.470,154.420,154.450
2026-09-10 22:10,154.450,154.536,154.450,154.516
2026-09-10 22:15,154.516,154.527,154.474,154.475
2026-09-10 22:20,154.475,154.488,154.426,154.428
2026-09-10 22:25,154.428,154.455,154.426,154.436
2026-09-10 22:30,154.428,154.454,154.379,154.389
2026-09-10 22:35,154.398,154.430,154.386,154.417
2026-09-10 22:40,154.405,154.420,154.377,154.406
2026-09-10 22:45,154.406,154.417,154.375,154.380
2026-09-10 22:50,154.380,154.407,154.378,154.393
2026-09-10 22:55,154.381,154.396,154.354,154.383
2026-09-10 23:00,154.367,154.462,154.357,154.462
2026-09-10 23:05,154.466,154.466,154.409,154.430
2026-09-10 23:10,154.430,154.444,154.419,154.427
2026-09-10 23:15,154.421,154.442,154.411,154.442
2026-09-10 23:20,154.432,154.504,154.422,154.494
2026-09-10 23:25,154.494,154.552,154.494,154.534
2026-09-10 23:30,154.538,154.596,154.524,154.582
2026-09-10 23:35,154.582,154.610,154.554,154.569
2026-09-10 23:40,154.576,154.617,154.556,154.557
2026-09-10 23:45,154.557,154.571,154.476,154.489
2026-09-10 23:50,154.488,154.550,154.462,154.504
2026-09-10 23:55,154.504,154.523,154.452,154.456
2026-09-11 00:00,154.465,154.482,154.355,154.418
2026-09-11 00:05,154.410,154.422,154.311,154.356
2026-09-11 00:10,154.356,154.448,154.343,154.439
2026-09-11 00:15,154.436,154.467,154.372,154.372
2026-09-11 00:20,154.382,154.495,154.357,154.482
2026-09-11 00:25,154.482,154.535,154.480,154.502
2026-09-11 00:30,154.500,154.564,154.488,154.536
2026-09-11 00:35,154.526,154.536,154.459,154.466
2026-09-11 00:40,154.476,154.516,154.468,154.506
2026-09-11 00:45,154.514,154.560,154.486,154.540
2026-09-11 00:50,154.532,154.595,154.472,154.585
2026-09-11 00:55,154.591,154.607,154.492,154.496
2026-09-11 01:00,154.496,154.531,154.400,154.409
2026-09-11 01:05,154.409,154.449,154.360,154.376
2026-09-11 01:10,154.368,154.390,154.281,154.339
2026-09-11 01:15,154.347,154.374,154.256,154.262
2026-09-11 01:20,154.274,154.366,154.255,154.360
2026-09-11 01:25,154.358,154.363,154.280,154.318
2026-09-11 01:30,154.319,154.339,154.268,154.303
2026-09-11 01:35,154.303,154.316,154.204,154.262
2026-09-11 01:40,154.257,154.336,154.257,154.304
2026-09-11 01:45,154.301,154.397,154.283,154.385
2026-09-11 01:50,154.377,154.394,154.329,154.382
2026-09-11 01:55,154.382,154.409,154.331,154.350
2026-09-11 02:00,154.346,154.407,154.313,154.384
2026-09-11 02:05,154.383,154.473,154.374,154.457
2026-09-11 02:10,154.457,154.484,154.423,154.436
2026-09-11 02:15,154.434,154.490,154.434,154.457
2026-09-11 02:20,154.450,154.497,154.432,154.438
2026-09-11 02:25,154.437,154.483,154.437,154.474
2026-09-11 02:30,154.474,154.508,154.446,154.489
2026-09-11 02:35,154.492,154.522,154.473,154.483
2026-09-11 02:40,154.482,154.506,154.457,154.497
2026-09-11 02:45,154.500,154.509,154.458,154.462
2026-09-11 02:50,154.469,154.471,154.399,154.412
2026-09-11 02:55,154.410,154.424,154.360,154.386
2026-09-11 03:00,154.379,154.411,154.376,154.377
2026-09-11 03:05,154.386,154.460,154.380,154.404
2026-09-11 03:10,154.409,154.412,154.319,154.335
2026-09-11 03:15,154.337,154.391,154.324,154.370
2026-09-11 03:20,154.374,154.432,154.364,154.421
2026-09-11 03:25,154.425,154.484,154.421,154.484
2026-09-11 03:30,154.475,154.492,154.457,154.479
2026-09-11 03:35,154.479,154.508,154.433,154.476
2026-09-11 03:40,154.476,154.483,154.423,154.456
2026-09-11 03:45,154.450,154.498,154.445,154.485
2026-09-11 03:50,154.482,154.496,154.385,154.390
2026-09-11 03:55,154.390,154.408,154.354,154.393
2026-09-11 04:00,154.393,154.413,154.340,154.363
2026-09-11 04:05,154.358,154.381,154.326,154.339
2026-09-11 04:10,154.331,154.340,154.284,154.336
2026-09-11 04:15,154.326,154.341,154.296,154.297
2026-09-11 04:20,154.299,154.351,154.282,154.340
2026-09-11 04:25,154.346,154.364,154.320,154.333
2026-09-11 04:30,154.333,154.391,154.330,154.367
2026-09-11 04:35,154.368,154.412,154.322,154.329
2026-09-11 04:40,154.324,154.344,154.285,154.302
2026-09-11 04:45,154.299,154.355,154.284,154.339
2026-09-11 04:50,154.337,154.350,154.258,154.339
2026-09-11 04:55,154.340,154.348,154.304,154.340
2026-09-11 05:00,154.345,154.353,154.302,154.327
2026-09-11 05:05,154.335,154.336,154.239,154.248
2026-09-11 05:10,154.248,154.268,154.176,154.179
2026-09-11 05:15,154.181,154.207,154.159,154.182
2026-09-11 05:20,154.174,154.189,154.139,154.156
2026-09-11 05:25,154.155,154.228,154.149,154.169
2026-09-11 05:30,154.169,154.193,154.141,154.157
2026-09-11 05:35,154.153,154.160,154.078,154.095
2026-09-11 05:40,154.090,154.143,154.077,154.079
2026-09-11 05:45,154.079,154.098,154.004,154.009
2026-09-11 05:50,154.009,154.083,154.007,154.056
2026-09-11 05:55,154.063,154.071,154.010,154.052
2026-09-11 06:00,154.052,154.079,154.013,154.062
2026-09-11 06:05,154.059,154.130,154.022,154.103
2026-09-11 06:10,154.102,154.108,153.966,154.024
2026-09-11 06:15,154.017,154.041,153.956,154.021
2026-09-11 06:20,154.027,154.086,154.013,154.070
2026-09-11 06:25,154.066,154.116,154.046,154.088
2026-09-11 06:30,154.087,154.193,154.075,154.180
2026-09-11 06:35,154.192,154.196,154.121,154.175
2026-09-11 06:40,154.169,154.180,154.100,154.117
2026-09-11 06:45,154.124,154.209,154.115,154.201
2026-09-11 06:50,154.200,154.220,154.155,154.158
2026-09-11 06:55,154.156,154.198,154.153,154.168
2026-09-11 07:00,154.169,154.182,154.070,154.114
2026-09-11 07:05,154.119,154.209,154.112,154.177
2026-09-11 07:10,154.178,154.187,154.134,154.169
2026-09-11 07:15,154.175,154.209,154.154,154.177
2026-09-11 07:20,154.177,154.231,154.157,154.170
2026-09-11 07:25,154.168,154.218,154.133,154.210
2026-09-11 07:30,154.213,154.232,154.170,154.199
2026-09-11 07:35,154.199,154.216,154.160,154.172
2026-09-11 07:40,154.167,154.276,154.156,154.259
2026-09-11 07:45,154.259,154.284,154.222,154.229
2026-09-11 07:50,154.235,154.273,154.220,154.249
2026-09-11 07:55,154.243,154.260,154.204,154.217
2026-09-11 08:00,154.220,154.270,154.202,154.257
2026-09-11 08:05,154.261,154.296,154.208,154.285
2026-09-11 08:10,154.287,154.326,154.274,154.313
2026-09-11 08:15,154.313,154.338,154.246,154.294
2026-09-11 08:20,154.295,154.374,154.221,154.282
2026-09-11 08:25,154.289,154.326,154.270,154.312
2026-09-11 08:30,154.309,154.335,154.214,154.220
2026-09-11 08:35,154.218,154.225,154.105,154.141
2026-09-11 08:40,154.140,154.169,154.075,154.085
2026-09-11 08:45,154.085,154.137,154.079,154.132
2026-09-11 08:50,154.124,154.132,154.040,154.042
2026-09-11 08:55,154.040,154.116,154.040,154.100
2026-09-11 09:00,154.096,154.135,154.030,154.100
2026-09-11 09:05,154.093,154.159,154.092,154.140
2026-09-11 09:10,154.145,154.195,154.129,154.135
2026-09-11 09:15,154.135,154.150,154.082,154.088
2026-09-11 09:20,154.088,154.144,154.073,154.112
2026-09-11 09:25,154.114,154.159,154.091,154.145
2026-09-11 09:30,154.145,154.191,154.131,154.183
2026-09-11 09:35,154.175,154.209,154.158,154.206
2026-09-11 09:40,154.199,154.230,154.133,154.150
2026-09-11 09:45,154.150,154.196,154.080,154.099
2026-09-11 09:50,154.092,154.119,154.049,154.061
2026-09-11 09:55,154.061,154.108,154.041,154.098
2026-09-11 10:00,154.097,154.166,154.029,154.038
2026-09-11 10:05,154.038,154.114,154.035,154.104
2026-09-11 10:10,154.104,154.131,154.077,154.089
2026-09-11 10:15,154.086,154.147,154.085,154.128
2026-09-11 10:20,154.127,154.151,154.120,154.128
2026-09-11 10:25,154.135,154.142,154.093,154.118
2026-09-11 10:30,154.122,154.127,154.054,154.056
2026-09-11 10:35,154.056,154.087,154.028,154.066
2026-09-11 10:40,154.066,154.122,154.042,154.074
2026-09-11 10:45,154.071,154.112,154.066,154.091
2026-09-11 10:50,154.098,154.110,153.999,154.010
2026-09-11 10:55,154.007,154.026,153.949,153.966
2026-09-11 11:00,153.965,153.983,153.898,153.925
2026-09-11 11:05,153.925,153.969,153.902,153.929
2026-09-11 11:10,153.926,153.991,153.911,153.957
2026-09-11 11:15,153.966,154.037,153.957,154.023
2026-09-11 11:20,154.023,154.090,154.022,154.081
2026-09-11 11:25,154.078,154.088,154.006,154.041
2026-09-11 11:30,154.034,154.066,154.015,154.065
2026-09-11 11:35,154.058,154.080,154.002,154.031
2026-09-11 11:40,154.031,154.051,153.888,153.898
2026-09-11 11:45,153.897,153.979,153.873,153.951
2026-09-11 11:50,153.954,153.971,153.912,153.962
2026-09-11 11:55,153.962,154.034,153.959,154.023
2026-09-11 12:00,154.023,154.048,153.974,154.026
2026-09-11 12:05,154.020,154.077,154.015,154.036
2026-09-11 12:10,154.037,154.056,153.954,153.993
2026-09-11 12:15,153.993,154.021,153.963,154.008
2026-09-11 12:20,154.012,154.043,153.971,154.035
2026-09-11 12:25,154.030,154.043,153.857,153.921
2026-09-11 12:30,153.917,154.492,153.851,154.123
2026-09-11 12:35,154.129,154.135,153.922,154.000
2026-09-11 12:40,154.013,154.043,153.611,153.675
2026-09-11 12:45,153.677,153.735,153.518,153.722
2026-09-11 12:50,153.722,153.756,153.431,153.607
2026-09-11 12:55,153.606,153.634,153.442,153.453
2026-09-11 13:00,153.461,153.487,153.234,153.369
2026-09-11 13:05,153.369,153.498,153.318,153.474
2026-09-11 13:10,153.482,153.564,153.460,153.529
2026-09-11 13:15,153.529,153.641,153.519,153.624
2026-09-11 13:20,153.617,153.625,153.475,153.503
2026-09-11 13:25,153.502,153.567,153.422,153.496
2026-09-11 13:30,153.508,153.508,153.385,153.452
2026-09-11 13:35,153.441,153.451,153.365,153.369
2026-09-11 13:40,153.374,153.530,153.300,153.465
2026-09-11 13:45,153.460,153.472,153.372,153.440
2026-09-11 13:50,153.443,153.530,153.427,153.519
2026-09-11 13:55,153.520,153.544,153.395,153.431
2026-09-11 14:00,153.418,153.530,153.397,153.436
2026-09-11 14:05,153.429,153.473,153.394,153.430
2026-09-11 14:10,153.434,153.507,153.413,153.495
2026-09-11 14:15,153.500,153.540,153.435,153.442
2026-09-11 14:20,153.440,153.541,153.429,153.507
2026-09-11 14:25,153.508,153.594,153.498,153.584
2026-09-11 14:30,153.582,153.637,153.573,153.585
2026-09-11 14:35,153.591,153.628,153.543,153.606
2026-09-11 14:40,153.613,153.657,153.567,153.618
2026-09-11 14:45,153.629,153.634,153.503,153.524
2026-09-11 14:50,153.528,153.569,153.480,153.539
2026-09-11 14:55,153.534,153.537,153.458,153.481
2026-09-11 15:00,153.480,153.544,153.414,153.535
2026-09-11 15:05,153.541,153.621,153.520,153.607
2026-09-11 15:10,153.599,153.618,153.560,153.572
2026-09-11 15:15,153.568,153.588,153.535,153.565
2026-09-11 15:20,153.556,153.605,153.516,153.594
2026-09-11 15:25,153.588,153.600,153.561,153.577
2026-09-11 15:30,153.577,153.623,153.568,153.609
2026-09-11 15:35,153.607,153.666,153.590,153.645
2026-09-11 15:40,153.641,153.679,153.638,153.669
2026-09-11 15:45,153.670,153.704,153.651,153.663
2026-09-11 15:50,153.673,153.688,153.645,153.681
2026-09-11 15:55,153.677,153.738,153.674,153.704
2026-09-11 16:00,153.705,153.737,153.668,153.672
2026-09-11 16:05,153.673,153.714,153.667,153.671
2026-09-11 16:10,153.674,153.713,153.646,153.703
2026-09-11 16:15,153.708,153.712,153.676,153.693
2026-09-11 16:20,153.691,153.698,153.662,153.678
2026-09-11 16:25,153.678,153.707,153.636,153.704
2026-09-11 16:30,153.697,153.718,153.631,153.653
2026-09-11 16:35,153.654,153.689,153.648,153.676
2026-09-11 16:40,153.676,153.697,153.645,153.670
2026-09-11 16:45,153.670,153.697,153.642,153.688
2026-09-11 16:50,153.691,153.723,153.687,153.711
2026-09-11 16:55,153.704,153.723,153.690,153.704
2026-09-11 17:00,153.704,153.757,153.704,153.740
2026-09-11 17:05,153.742,153.749,153.672,153.732
2026-09-11 17:10,153.727,153.734,153.670,153.702
2026-09-11 17:15,153.700,153.725,153.677,153.694
2026-09-11 17:20,153.699,153.704,153.668,153.678
2026-09-11 17:25,153.674,153.708,153.654,153.708
2026-09-11 17:30,153.700,153.708,153.672,153.692
2026-09-11 17:35,153.694,153.720,153.687,153.691
2026-09-11 17:40,153.691,153.725,153.679,153.717
2026-09-11 17:45,153.719,153.736,153.700,153.705
2026-09-11 17:50,153.705,153.720,153.689,153.692
2026-09-11 17:55,153.692,153.712,153.679,153.693
2026-09-11 18:00,153.693,153.701,153.669,153.680
2026-09-11 18:05,153.680,153.698,153.677,153.685
2026-09-11 18:10,153.691,153.708,153.679,153.691
2026-09-11 18:15,153.697,153.724,153.691,153.707
2026-09-11 18:20,153.707,153.752,153.700,153.712
2026-09-11 18:25,153.712,153.725,153.695,153.717
2026-09-11 18:30,153.712,153.734,153.705,153.711
2026-09-11 18:35,153.714,153.733,153.700,153.720
2026-09-11 18:40,153.720,153.735,153.704,153.723
2026-09-11 18:45,153.729,153.761,153.723,153.747
2026-09-11 18:50,153.747,153.759,153.724,153.736
2026-09-11 18:55,153.739,153.750,153.713,153.723
2026-09-11 19:00,153.718,153.767,153.718,153.746
2026-09-11 19:05,153.750,153.775,153.736,153.750
2026-09-11 19:10,153.742,153.749,153.712,153.723
2026-09-11 19:15,153.715,153.757,153.706,153.750
2026-09-11 19:20,153.742,153.751,153.714,153.717
2026-09-11 19:25,153.718,153.733,153.693,153.712
2026-09-11 19:30,153.706,153.713,153.684,153.687
2026-09-11 19:35,153.689,153.723,153.675,153.702
2026-09-11 19:40,153.706,153.716,153.695,153.703
2026-09-11 19:45,153.702,153.730,153.702,153.715
2026-09-11 19:50,153.716,153.727,153.705,153.710
2026-09-11 19:55,153.706,153.723,153.680,153.682
2026-09-11 20:00,153.690,153.693,153.658,153.666
2026-09-11 20:05,153.666,153.684,153.656,153.656
2026-09-11 20:10,153.665,153.691,153.656,153.674
2026-09-11 20:15,153.666,153.682,153.656,153.661
2026-09-11 20:20,153.660,153.688,153.648,153.675
2026-09-11 20:25,153.684,153.691,153.655,153.664
2026-09-11 20:30,153.674,153.734,153.663,153.725
2026-09-11 20:35,153.728,153.738,153.713,153.722
2026-09-11 20:40,153.728,153.760,153.720,153.739
2026-09-11 20:45,153.736,153.737,153.688,153.702
2026-09-11 20:50,153.688,153.700,153.479,153.480
2026-09-11 20:55,153.498,153.585,153.438,153.554
2026-09-13 23:00,153.675,153.705,153.628,153.631
2026-09-13 23:05,153.629,153.677,153.628,153.653
2026-09-13 23:10,153.654,153.684,153.612,153.674
2026-09-13 23:15,153.671,153.727,153.671,153.713
2026-09-13 23:20,153.712,153.736,153.641,153.656
2026-09-13 23:25,153.658,153.680,153.603,153.604
2026-09-13 23:30,153.608,153.636,153.553,153.585
2026-09-13 23:35,153.575,153.633,153.573,153.605
2026-09-13 23:40,153.604,153.606,153.477,153.481
2026-09-13 23:45,153.485,153.538,153.435,153.511
2026-09-13 23:50,153.511,153.522,153.453,153.481
2026-09-13 23:55,153.471,153.489,153.392,153.411
2026-09-14 00:00,153.418,153.494,153.368,153.459
2026-09-14 00:05,153.454,153.571,153.433,153.559
2026-09-14 00:10,153.567,153.604,153.483,153.508
2026-09-14 00:15,153.508,153.563,153.473,153.493
2026-09-14 00:20,153.493,153.611,153.456,153.572
2026-09-14 00:25,153.564,153.683,153.541,153.657
2026-09-14 00:30,153.660,153.695,153.597,153.673
2026-09-14 00:35,153.673,153.716,153.657,153.671
2026-09-14 00:40,153.680,153.728,153.654,153.698
2026-09-14 00:45,153.696,153.718,153.649,153.682
2026-09-14 00:50,153.685,153.730,153.607,153.628
2026-09-14 00:55,153.636,153.759,153.614,153.645
2026-09-14 01:00,153.651,153.767,153.624,153.754
2026-09-14 01:05,153.754,153.873,153.718,153.842
2026-09-14 01:10,153.849,153.863,153.767,153.827
2026-09-14 01:15,153.826,153.870,153.807,153.844
2026-09-14 01:20,153.844,153.861,153.723,153.734
2026-09-14 01:25,153.734,153.752,153.682,153.688
2026-09-14 01:30,153.695,153.743,153.679,153.693
2026-09-14 01:35,153.693,153.706,153.643,153.684
2026-09-14 01:40,153.684,153.706,153.659,153.674
2026-09-14 01:45,153.674,153.713,153.664,153.708
2026-09-14 01:50,153.713,153.741,153.704,153.732
2026-09-14 01:55,153.729,153.753,153.712,153.732
2026-09-14 02:00,153.735,153.782,153.732,153.765
2026-09-14 02:05,153.766,153.809,153.759,153.767
2026-09-14 02:10,153.768,153.840,153.762,153.829
2026-09-14 02:15,153.837,153.892,153.823,153.889
2026-09-14 02:20,153.881,153.890,153.813,153.851
2026-09-14 02:25,153.848,153.923,153.848,153.884
2026-09-14 02:30,153.877,153.948,153.876,153.938
2026-09-14 02:35,153.938,154.029,153.938,154.019
2026-09-14 02:40,154.020,154.050,153.969,154.047
2026-09-14 02:45,154.043,154.054,153.981,154.031
2026-09-14 02:50,154.025,154.061,154.001,154.013
2026-09-14 02:54,154.034,154.034,154.034,154.034
